mtllib surface_texture.mtl
o surface_texture
v 13.0 0.0 31.0
v 13.0 0.0 57.0
v -13.0 0.0 57.0
v -13.0 0.0 31.0
v 13.0 0.0 31.928571428571
v 13.0 0.0 32.857142857143
v 13.0 0.0 33.785714285714
v 13.0 0.0 34.714285714286
v 13.0 0.0 35.642857142857
v 13.0 0.0 36.571428571428
v 13.0 0.0 37.5
v 13.0 0.0 38.428571428571
v 13.0 0.0 39.357142857143
v 13.0 0.0 40.285714285714
v 13.0 0.0 41.214285714286
v 13.0 0.0 42.142857142857
v 13.0 0.0 43.071428571428
v 13.0 0.0 44.0
v 13.0 0.0 44.928571428571
v 13.0 0.0 45.857142857143
v 13.0 0.0 46.785714285714
v 13.0 0.0 47.714285714285
v 13.0 0.0 48.642857142857
v 13.0 0.0 49.571428571428
v 13.0 0.0 50.5
v 13.0 0.0 51.428571428571
v 13.0 0.0 52.357142857143
v 13.0 0.0 53.285714285714
v 13.0 0.0 54.214285714285
v 13.0 0.0 55.142857142857
v 13.0 0.0 56.071428571428
v 12.071428571429 0.0 57.0
v 11.142857142857 0.0 57.0
v 10.214285714286 0.0 57.0
v 9.2857142857143 0.0 57.0
v 8.3571428571429 0.0 57.0
v 7.4285714285714 0.0 57.0
v 6.5 0.0 57.0
v 5.5714285714286 0.0 57.0
v 4.6428571428571 0.0 57.0
v 3.7142857142857 0.0 57.0
v 2.7857142857143 0.0 57.0
v 1.8571428571429 0.0 57.0
v 0.92857142857143 0.0 57.0
v -6.6613381477509e-15 0.0 57.0
v -0.92857142857143 0.0 57.0
v -1.8571428571429 0.0 57.0
v -2.7857142857143 0.0 57.0
v -3.7142857142857 0.0 57.0
v -4.6428571428572 0.0 57.0
v -5.5714285714286 0.0 57.0
v -6.5 0.0 57.0
v -7.4285714285714 0.0 57.0
v -8.3571428571429 0.0 57.0
v -9.2857142857143 0.0 57.0
v -10.214285714286 0.0 57.0
v -11.142857142857 0.0 57.0
v -12.071428571429 0.0 57.0
v -13.0 0.0 56.071428571428
v -13.0 0.0 55.142857142857
v -13.0 0.0 54.214285714285
v -13.0 0.0 53.285714285714
v -13.0 0.0 52.357142857143
v -13.0 0.0 51.428571428571
v -13.0 0.0 50.5
v -13.0 0.0 49.571428571428
v -13.0 0.0 48.642857142857
v -13.0 0.0 47.714285714286
v -13.0 0.0 46.785714285714
v -13.0 0.0 45.857142857143
v -13.0 0.0 44.928571428571
v -13.0 0.0 44.0
v -13.0 0.0 43.071428571428
v -13.0 0.0 42.142857142857
v -13.0 0.0 41.214285714286
v -13.0 0.0 40.285714285714
v -13.0 0.0 39.357142857143
v -13.0 0.0 38.428571428571
v -13.0 0.0 37.5
v -13.0 0.0 36.571428571429
v -13.0 0.0 35.642857142857
v -13.0 0.0 34.714285714286
v -13.0 0.0 33.785714285714
v -13.0 0.0 32.857142857143
v -13.0 0.0 31.928571428571
v -12.071428571429 0.0 31.0
v -11.142857142857 0.0 31.0
v -10.214285714286 0.0 31.0
v -9.2857142857143 0.0 31.0
v -8.3571428571429 0.0 31.0
v -7.4285714285714 0.0 31.0
v -6.5 0.0 31.0
v -5.5714285714286 0.0 31.0
v -4.6428571428571 0.0 31.0
v -3.7142857142857 0.0 31.0
v -2.7857142857143 0.0 31.0
v -1.8571428571429 0.0 31.0
v -0.92857142857143 0.0 31.0
v 3.9968028886506e-15 0.0 31.0
v 0.92857142857143 0.0 31.0
v 1.8571428571429 0.0 31.0
v 2.7857142857143 0.0 31.0
v 3.7142857142857 0.0 31.0
v 4.6428571428571 0.0 31.0
v 5.5714285714286 0.0 31.0
v 6.5 0.0 31.0
v 7.4285714285714 0.0 31.0
v 8.3571428571429 0.0 31.0
v 9.2857142857143 0.0 31.0
v 10.214285714286 0.0 31.0
v 11.142857142857 0.0 31.0
v 12.071428571429 0.0 31.0
v 12.113222819724 0.0 44.340804050719
v -0.4642857142857 0.0 56.195833553629
v -12.195833553629 0.0 43.535714285714
v 0.46428571428606 0.0 31.923247936092
v -12.06430862681 0.0 47.292220937954
v 12.115061321082 0.0 40.831976031579
v -3.25 0.0 31.804166446371
v 3.25 0.0 56.195833553629
v 12.36871220572 0.0 48.149790620278
v -4.1785714285714 0.0 56.195833553629
v -12.179554101736 0.0 39.815064771905
v 4.1834969962197 0.0 31.92111235062
v 6.9642857142858 0.0 56.195833553629
v -12.195833553629 0.0 50.964285714285
v 12.143671918368 0.0 37.1056013951
v -6.964285714285 0.0 31.889280636293
v -12.149637267562 0.0 37.095269107209
v 12.26278908121 0.0 50.985440326407
v 6.9702100933441 0.0 31.937348378398
v -6.9642857142858 0.0 56.195833553629
v -9.75 0.0 56.195833553629
v 12.174379243696 0.0 53.762165712115
v 9.7450744323525 0.0 31.921112350621
v -9.7489908184486 0.0 31.840157330845
v -12.175707998969 0.0 53.769862112564
v 9.7499999999999 0.0 56.195833553629
v -12.196973689219 0.0 34.285956893924
v 12.19697368922 0.0 34.285956893925
v -2.3214285714286 0.0 56.195833553629
v -5.1071428571422 0.0 31.923247936092
v -12.222188168358 0.0 41.734930393823
v -1.4542137685947 0.0 31.819823809349
v 12.195833553629 0.0 38.892857142857
v 12.157584622794 0.0 42.571940474932
v 12.272334247172 0.0 46.290312446887
v -12.195833553629 0.0 45.392857142857
v 2.3214285714288 0.0 31.886457066956
v -12.265102676995 0.0 49.12747932711
v 1.3928571428573 0.0 56.195833553629
v 5.1071428571428 0.0 56.195833553629
v 11.571230232162 0.0 56.216567717329
v -11.589003775519 0.0 56.217152089016
v 11.581232785654 0.0 31.852738124746
v -11.581232785653 0.0 31.856691121819
v -10.680254050845 0.0 56.195332638709
v -10.224053293328 0.0 55.386106217452
v -9.2873422155546 0.0 55.39074029229
v -9.7518992514803 0.0 54.586419376757
v -8.8215815971349 0.0 54.587413540108
v -9.286056331912 0.0 53.783139480364
v -8.3572253691268 0.0 53.783287238693
v -8.8214993311254 0.0 52.979127483148
v -7.8928637925031 0.0 52.979163982359
v -8.3571557586998 0.0 52.174993976642
v -7.4285746871051 0.0 52.17499946662
v -7.8928598362054 0.0 51.370833342021
v -6.9642860757943 0.0 51.370834669586
v -7.428571937714 0.0 50.566668139164
v -6.5000000740347 0.0 50.56666838688
v -6.9642858114815 0.0 49.762501927323
v -6.0357142961142 0.0 49.762501976738
v -6.5000000179322 0.0 48.958335526078
v -5.571428574801 0.0 48.958335534367
v -6.0357142892646 0.0 48.154169087895
v -5.1071428571423 0.0 48.154169089916
v -5.5714285720197 0.0 47.350002643208
v -4.6428571429551 0.0 47.350002643489
v -5.1071428572571 0.0 46.545836197108
v -4.17857142858 0.0 46.545836197169
v -4.642857142877 0.0 45.741669750791
v -3.7142857142899 0.0 45.7416697508
v -4.1785714285748 0.0 44.937503304429
v -3.2499999999995 0.0 44.937503304431
v -2.7857142857144 0.0 45.741669750802
v -2.3214285714279 0.0 44.937503304431
v -1.8571428571422 0.0 45.741669750803
v -1.3928571428564 0.0 44.937503304432
v -0.9285714285707 0.0 45.741669750803
v -0.46428571428491 0.0 44.937503304432
v 7.9036777123065e-13 0.0 45.741669750803
v 0.46428571428651 0.0 44.937503304432
v -0.9285714285708 0.0 44.13333685806
v 0.92857142857222 0.0 45.741669750803
v 1.392857142858 0.0 44.937503304432
v 1.8571428571437 0.0 45.741669750803
v 2.3214285714294 0.0 44.937503304432
v 2.785714285715 0.0 45.741669750803
v 0.46428571428656 0.0 46.545836197174
v 3.2500000000008 0.0 44.937503304432
v 2.7857142857151 0.0 44.133336858061
v -3.7142857142856 0.0 44.13333685806
v 3.7142857142866 0.0 44.133336858061
v 3.2500000000009 0.0 43.329170411689
v 3.7142857142865 0.0 45.741669750803
v 3.2500000000008 0.0 46.545836197174
v 4.1785714285723 0.0 43.329170411689
v 3.7142857142867 0.0 42.525003965318
v -4.6428571434187 0.0 48.958335535967
v 4.1785714285722 0.0 46.545836197174
v 3.7142857142864 0.0 47.350002643546
v 4.6428571428579 0.0 47.350002643546
v 4.1785714285721 0.0 48.154169089917
v -4.642857142857 0.0 44.13333685806
v -4.1785714285707 0.0 43.329170411689
v 4.6428571428581 0.0 42.525003965318
v 4.1785714285724 0.0 41.720837518947
v 3.250000000001 0.0 41.720837518947
v 3.7142857142867 0.0 40.916671072576
v 2.7857142857153 0.0 40.916671072576
v 3.250000000001 0.0 40.112504626204
v 2.3214285714296 0.0 40.112504626204
v 4.1785714285725 0.0 40.112504626204
v 5.1071428571435 0.0 48.154169089917
v -5.107142857142 0.0 43.329170411689
v -4.642857142856 0.0 42.525003965318
v 2.7857142857154 0.0 39.308338179833
v 1.8571428571439 0.0 39.308338179833
v 5.1071428571437 0.0 43.329170411689
v 4.6428571428578 0.0 48.958335536288
v 3.7142857142863 0.0 48.958335536288
v -5.5714285714274 0.0 42.525003965317
v -5.1071428571416 0.0 41.720837518946
v 5.5714285714293 0.0 47.350002643546
v 5.5714285714292 0.0 48.958335536288
v 5.5714285714295 0.0 42.525003965318
v 2.3214285714297 0.0 38.504171733462
v 1.3928571428583 0.0 38.504171733462
v -6.0357142857132 0.0 43.329170411689
v -6.035714285713 0.0 41.720837518946
v -5.5714285714272 0.0 40.916671072575
v 6.0357142857151 0.0 43.329170411689
v -4.6428571428558 0.0 40.916671072575
v -5.1071428571414 0.0 40.112504626204
v -6.0357142857128 0.0 40.112504626204
v -5.5714285714269 0.0 39.308338179832
v 4.178571428572 0.0 49.762501982659
v 3.2500000000006 0.0 49.762501982659
v -4.6428571428556 0.0 39.308338179833
v -5.1071428571411 0.0 38.504171733461
v -6.0357142857125 0.0 38.504171733461
v -6.0357143583046 0.0 51.370834834074
v -4.1785714285697 0.0 38.504171733461
v -6.5000000006896 0.0 47.350002643152
v 6.5000000000009 0.0 42.525003965318
v 0.92857142857252 0.0 39.308338179833
v -4.6428571428552 0.0 37.70000528709
v -3.7142857142838 0.0 37.70000528709
v 1.857142857144 0.0 37.70000528709
v 2.7857142857155 0.0 37.700005287091
v 3.7142857142863 0.0 50.566668429031
v 2.7857142857148 0.0 50.56666842903
v 6.9642857142865 0.0 43.32917041169
v -4.1785714285694 0.0 36.895838840719
v -3.249999999998 0.0 36.895838840719
v 7.4285714285723 0.0 42.525003965318
v 2.3214285714298 0.0 36.895838840719
v 3.2500000000012 0.0 36.895838840719
v 1.3928571428584 0.0 36.895838840719
v 3.2500000000005 0.0 51.370834875402
v 2.3214285714291 0.0 51.370834875402
v 4.178571428572 0.0 51.370834875402
v 1.8571428571434 0.0 50.56666842903
v 1.3928571428577 0.0 51.370834875402
v 0.928571428572 0.0 50.56666842903
v 0.46428571428628 0.0 51.370834875402
v 5.6322151194203e-13 0.0 50.566668429031
v -0.46428571428514 0.0 51.370834875402
v 6.9642857142867 0.0 41.720837518947
v -7.8928572439132 0.0 49.762501925125
v 7.8928571428579 0.0 43.32917041169
v 7.8928571428581 0.0 41.720837518947
v 7.4285714285725 0.0 40.916671072576
v -3.2499999999983 0.0 38.504171733461
v 2.7857142857156 0.0 36.091672394348
v 3.714285714287 0.0 36.091672394348
v 4.1785714285727 0.0 36.895838840719
v 4.6428571428584 0.0 36.091672394348
v 5.1071428571441 0.0 36.895838840719
v 5.5714285714298 0.0 36.091672394348
v 6.0357142857155 0.0 36.89583884072
v 6.5000000000012 0.0 36.091672394348
v 6.9642857142869 0.0 36.89583884072
v 7.4285714285727 0.0 36.091672394348
v 7.8928571428583 0.0 36.89583884072
v -3.7142857142836 0.0 36.091672394348
v -4.642857142855 0.0 36.091672394348
v -2.7857142857122 0.0 36.091672394348
v 8.3571428571441 0.0 36.091672394348
v 8.357142857144 0.0 40.916671072576
v 1.8571428571438 0.0 40.916671072576
v -0.92857142857083 0.0 50.566668429031
v -1.3928571428566 0.0 51.370834875402
v -2.321428571428 0.0 46.545836197174
v -3.7142857142845 0.0 42.525003965318
v -6.9642873656489 0.0 52.979166827988
v 7.4285714285721 0.0 44.133336858061
v 8.3571428571436 0.0 44.133336858061
v 7.8928571428577 0.0 44.937503304432
v 1.8571428571434 0.0 52.175001321773
v 5.2850735097482e-13 0.0 52.175001321773
v 3.7142857142861 0.0 52.175001321773
v 4.6428571428576 0.0 52.175001321773
v -2.3214285714266 0.0 36.895838840719
v -1.8571428571407 0.0 36.091672394348
v 7.8928571428584 0.0 35.287505947977
v 5.1071428571442 0.0 35.287505947977
v 3.2500000000014 0.0 35.287505947977
v 2.3214285714299 0.0 35.287505947977
v -2.3214285714263 0.0 35.287505947977
v -1.392857142855 0.0 35.287505947977
v -4.1785714285692 0.0 35.287505947976
v -5.1071428571406 0.0 35.287505947976
v 8.8088834310688 0.0 44.944746244596
v 8.3550520004167 0.0 45.742876907497
v 8.8214285714298 0.0 36.89583884072
v 8.8214285714299 0.0 35.287505947977
v -8.8214311705795 0.0 51.370833395649
v 8.8214285714296 0.0 41.720837518947
v -0.46428571428512 0.0 49.762501982659
v -1.3928571428565 0.0 49.762501982659
v 6.5000000000012 0.0 37.700005287091
v 0.9285714285722 0.0 44.13333685806
v 1.3928571428578 0.0 49.762501982659
v 4.1785714285717 0.0 52.979167768144
v 5.1071428571432 0.0 52.979167768144
v 5.571428571429 0.0 52.175001321773
v 6.0357142857146 0.0 52.979167768145
v 6.5000000000004 0.0 52.175001321773
v 6.9642857142861 0.0 52.979167768145
v 7.4285714285718 0.0 52.175001321773
v 7.8928571428575 0.0 52.979167768145
v 8.3571428571433 0.0 52.175001321773
v 7.8928571428576 0.0 51.370834875402
v 8.821428571429 0.0 51.370834875402
v 8.3571428571433 0.0 50.566668429031
v 8.8214285714289 0.0 52.979167768145
v 9.2857142857148 0.0 50.566668429031
v 8.8214285714291 0.0 49.76250198266
v 9.285714285715 0.0 44.133336858061
v 8.3571428571441 0.0 34.483339501606
v 8.3571428571439 0.0 37.700005287091
v 0.46428571428688 0.0 38.504171733462
v 1.0844658504539e-12 0.0 39.308338179833
v 9.2857142857154 0.0 37.700005287091
v -9.7500688009829 0.0 52.979128598285
v 9.2857142857154 0.0 40.916671072576
v 9.2857142857155 0.0 34.483339501606
v 9.2707298125066 0.0 45.750321040444
v 8.8185826831066 0.0 46.547479271564
v 9.7500000000013 0.0 35.287505947977
v -5.5714285714503 0.0 45.74166975079
v -0.92857142857074 0.0 48.958335536288
v 2.785714285715 0.0 47.350002643546
v -1.8571428571422 0.0 48.958335536288
v -2.3214285714279 0.0 49.762501982659
v -5.5714285714265 0.0 36.091672394347
v -6.035714285712 0.0 35.287505947976
v -6.4999999999979 0.0 36.091672394347
v -6.9642857142834 0.0 35.287505947976
v -7.4285714285693 0.0 36.091672394347
v -7.8928571428548 0.0 35.287505947976
v -8.3571428571407 0.0 36.091672394347
v -8.8214285714263 0.0 35.287505947975
v -8.3571428571403 0.0 34.483339501604
v -9.2857142857122 0.0 36.091672394346
v -8.8214285714266 0.0 36.895838840718
v -9.2857142857118 0.0 34.483339501604
v 5.5714285714292 0.0 44.133336858061
v 7.4285714285727 0.0 34.483339501606
v 8.3571428571431 0.0 53.783334214516
v 9.2857142857145 0.0 53.783334214516
v 9.7500000000004 0.0 52.979167768145
v 9.7500000000006 0.0 49.76250198266
v 2.7857142857157 0.0 34.483339501605
v 1.8571428571443 0.0 34.483339501605
v -4.6428571428547 0.0 34.483339501605
v -6.4974427233527 0.0 34.482809729619
v -1.8571428571405 0.0 34.483339501605
v -0.92857142856932 0.0 34.483339501606
v 9.7470282730787 0.0 46.547551924513
v 9.750000000001 0.0 41.720837518947
v -9.7499999999981 0.0 36.895838840718
v -9.2857142857126 0.0 37.700005287089
v -10.214285714284 0.0 36.091672394346
v -8.3571428571411 0.0 37.700005287089
v -8.821428571427 0.0 38.50417173346
v -9.7499999999984 0.0 38.50417173346
v -9.2857142857128 0.0 39.308338179831
v -8.3571428571414 0.0 39.308338179832
v -8.8214285714272 0.0 40.112504626203
v -9.7499999999986 0.0 40.112504626203
v -9.285714285713 0.0 40.916671072574
v -8.3571428571415 0.0 40.916671072574
v -8.8214285714273 0.0 41.720837518945
v -9.7499999999987 0.0 41.720837518945
v -9.285714285713 0.0 42.525003965317
v 6.5000000000011 0.0 40.916671072576
v -8.3571428571417 0.0 42.525003965317
v -8.8214285714274 0.0 43.329170411688
v -9.7386969040465 0.0 43.332985006673
v -9.2495880847984 0.0 44.114202792982
v -8.3511218236559 0.0 44.130147847213
v -8.8144040323607 0.0 44.933782791776
v -9.7803897710801 0.0 44.933027364782
v -9.256274276534 0.0 45.759549193141
v -8.351065432434 0.0 45.744029572416
v -8.8155089991129 0.0 46.549209407832
v -9.7107725219017 0.0 46.568623823729
v -9.2781897773113 0.0 47.35436278308
v 6.0357142857149 0.0 51.370834875402
v 6.9642857142869 0.0 40.112504626205
v 7.8928571428577 0.0 49.76250198266
v 4.6428571428583 0.0 37.700005287091
v 8.8214285714298 0.0 40.112504626205
v 9.7500000000012 0.0 40.112504626205
v 9.2847446831741 0.0 47.350562443834
v 8.3565069419995 0.0 47.350369789325
v 7.4282229524507 0.0 45.741870943586
v -0.46428571428449 0.0 38.504171733462
v -0.92857142857032 0.0 39.308338179833
v -0.46428571428471 0.0 40.112504626204
v -1.3928571428561 0.0 40.112504626204
v -0.9285714285705 0.0 40.916671072575
v -1.8571428571419 0.0 40.916671072575
v -1.3928571428563 0.0 41.720837518946
v -0.46428571428489 0.0 41.720837518947
v 5.5714285714287 0.0 53.783334214516
v -0.92857142856955 0.0 36.091672394348
v 10.154901705458 0.0 45.743273636307
v 7.8928571428584 0.0 33.674480325958
v 6.9649206845578 0.0 33.679542145382
v -8.8214285714258 0.0 33.640261631782
v -9.7499999999973 0.0 33.633776394539
v 10.213628826043 0.0 47.35038189815
v -10.206493716535 0.0 47.354527271226
v -9.7474472489739 0.0 48.155649884452
v 10.214285714286 0.0 53.783334214516
v 10.214285714286 0.0 50.566668429031
v 10.678571428572 0.0 49.76250198266
v 10.214285714287 0.0 34.483339501606
v 10.678571428573 0.0 35.287505947977
v 10.678571428572 0.0 52.979167768145
v -8.8197490281898 0.0 48.155142578927
v -2.7857142857137 0.0 48.958335536288
v 6.0357142857155 0.0 40.112504626204
v 10.214285714287 0.0 36.091672394349
v -1.3928571428564 0.0 48.154169089917
v -0.46428571428495 0.0 48.154169089917
v -10.214285714283 0.0 34.475773391488
v 3.7142857142872 0.0 34.483339501606
v 3.2500000000015 0.0 33.67374858597
v 4.178571428573 0.0 33.678268977024
v -9.2850089033364 0.0 48.958744583545
v -10.213742692051 0.0 48.958650509919
v -9.7497919325645 0.0 49.762622652806
v -6.9642857142837 0.0 36.895838840718
v -3.7142857142833 0.0 34.483339501605
v -4.1458903015203 0.0 33.650137633441
v 2.3214285714294 0.0 43.329170411689
v -7.8928963991388 0.0 54.587478311453
v -3.7142857143031 0.0 47.350002643535
v -3.2499999999993 0.0 49.762501982659
v -2.7857142857137 0.0 50.56666842903
v -3.7142857142851 0.0 50.56666842903
v -3.2499999999995 0.0 51.370834875401
v -4.1785714285709 0.0 51.370834875401
v -3.7142857142853 0.0 52.175001321773
v -4.6428571428568 0.0 52.175001321773
v -4.1785714285711 0.0 52.979167768144
v -3.2499999999997 0.0 52.979167768144
v -3.7142857142854 0.0 53.783334214515
v -4.6428571428568 0.0 53.783334214515
v -2.785714285714 0.0 53.783334214515
v 4.6428571428579 0.0 45.741669750803
v -7.888162297668 0.0 33.669893330474
v 1.3928571428585 0.0 35.287505947977
v -5.0993736807051 0.0 33.675674611458
v 2.785714285715 0.0 48.958335536288
v -3.2305469481828 0.0 33.674725450351
v -2.3214285714283 0.0 52.979167768144
v -1.8571428571426 0.0 53.783334214515
v 3.2500000000003 0.0 52.979167768144
v 3.7142857142859 0.0 53.783334214516
v 2.7857142857144 0.0 53.783334214515
v -3.2499999999997 0.0 54.587500660886
v -2.3214285714275 0.0 40.112504626204
v -2.7857142857132 0.0 40.916671072575
v -1.3928571428558 0.0 38.504171733461
v 1.218789552465e-12 0.0 37.70000528709
v 0.92857142857293 0.0 34.483339501605
v 1.3928571428586 0.0 33.679173055234
v 0.46428571428734 0.0 33.679173055234
v 8.8214285714287 0.0 54.587500660887
v 7.8928571428573 0.0 54.587500660887
v -10.656503816549 0.0 49.74990612185
v -10.210573101043 0.0 50.564589230586
v -10.647178187731 0.0 46.431253087817
v 9.7500000000012 0.0 33.679173055235
v -1.3928571428547 0.0 33.679173055234
v -8.3562183287215 0.0 32.852345387378
v -10.708530139234 0.0 33.635897606736
v 10.708530139239 0.0 33.644724735206
v -10.678571428571 0.0 54.587500660886
v -0.92857142857064 0.0 47.350002643545
v -4.6428571428565 0.0 50.56666842903
v -0.92857142857073 0.0 42.525003965318
v 6.8156591481738e-13 0.0 42.525003965318
v -1.8571428571421 0.0 42.525003965318
v 0.46428571428652 0.0 41.720837518947
v 0.92857142857215 0.0 42.525003965318
v 5.5714285714297 0.0 40.916671072576
v 10.214285714286 0.0 48.958335536289
v -7.8923366567294 0.0 46.546084923063
v -7.4274717767647 0.0 45.742104508719
v -1.3928571428568 0.0 52.979167768144
v -0.92857142857119 0.0 53.783334214515
v -1.392857142857 0.0 54.587500660886
v -0.46428571428558 0.0 54.587500660887
v 2.4681183023271e-13 0.0 53.783334214516
v 0.46428571428586 0.0 54.587500660887
v 0.92857142857173 0.0 53.783334214516
v 1.3928571428573 0.0 54.587500660887
v 9.2857142857156 0.0 39.308338179834
v 10.214285714287 0.0 39.308338179834
v 8.3571428571442 0.0 39.308338179833
v 10.657261717853 0.0 40.124807793426
v 10.214285714286 0.0 52.175001321774
v 11.133158452503 0.0 52.180709770719
v 9.2857142857152 0.0 42.525003965319
v 10.214285714287 0.0 42.525003965319
v 10.678571428572 0.0 41.720837518947
v 6.5000000000012 0.0 39.308338179833
v 5.5714285714297 0.0 39.308338179833
v 8.8211609851484 0.0 48.154323580928
v 7.8927065592869 0.0 48.154256029382
v 7.4284403454528 0.0 47.35007832442
v 6.5001058283797 0.0 34.48340101663
v 6.0384926193572 0.0 33.676897470349
v 6.9642734942612 0.0 48.154176145152
v 0.4642857142873 0.0 35.287505947977
v -3.2499999999987 0.0 40.112504626204
v 3.25 0.0 54.587500660887
v 4.1785714285715 0.0 54.587500660887
v 8.357142857143 0.0 55.391667107258
v -10.652699659428 0.0 36.880901767839
v -11.11267341219 0.0 36.074245809321
v 11.116985373716 0.0 36.07673532147
v 10.648387697907 0.0 36.878412255695
v 11.137716483924 0.0 48.963219805962
v 11.553705519478 0.0 49.805314377826
v 11.597251455855 0.0 35.233963581316
v -7.4229400211151 0.0 32.831204240008
v 10.21845790479 0.0 32.838776390978
v 9.2786929281506 0.0 32.830796859065
v 11.1738245167 0.0 32.747825848255
v 8.7939576093471 0.0 31.975993639036
v 7.4290680537951 0.0 32.803339187488
v -4.6034342985594 0.0 32.810415975839
v -5.5612409127113 0.0 32.82944185302
v 0.92857142857249 0.0 32.844873708561
v -0.032681127048458 0.0 32.810816136717
v 1.8571428571438 0.0 32.828295277724
v 3.7151066422282 0.0 32.838038550473
v 4.6527305837593 0.0 32.831717371114
v 5.1181502342207 0.0 31.945685760915
v -10.215541680942 0.0 32.851022527509
v -11.158408845168 0.0 32.813568906218
v 11.274791479307 0.0 39.32595225186
v 10.678571428573 0.0 38.504171733463
v -11.274277705957 0.0 50.542913261491
v -10.678571428572 0.0 51.3708348754
v -11.198733158263 0.0 34.407520487194
v -11.031121215327 0.0 48.876016526472
v -11.085364682868 0.0 47.321285718175
v 11.166227674837 0.0 53.779806130783
v 10.682466517235 0.0 54.586912646932
v 11.607142857143 0.0 54.587500660888
v 11.157216484752 0.0 42.532826716921
v 10.680964652221 0.0 43.315055083929
v 11.607142857144 0.0 41.720837518948
v 3.2509577492654 0.0 31.914677960221
v -6.034016342594 0.0 31.914071703114
v -0.51263980013261 0.0 31.87578032671
v -1.1114346116076 0.0 32.762112552703
v -2.0432668257874 0.0 32.461631937306
v 10.67928874944 0.0 31.893408785767
v 1.3928571428576 0.0 31.913812331555
v -4.1393198274727 0.0 31.873104072734
v -3.5181989519917 0.0 32.700794078103
v -7.8900986784598 0.0 31.949168382662
v -10.677367668562 0.0 31.944220985282
v -9.2842438003069 0.0 32.709437951133
v -12.188523596146 0.0 32.561378212059
v 12.190725834938 0.0 32.551421632768
v 11.602749254192 0.0 52.949002458442
v -8.8204014614656 0.0 31.89185150867
v 12.07142857143 0.0 36.091672394349
v 5.5825277123603 0.0 32.847109526028
v 12.127718453402 0.0 52.024298310924
v 11.602914020608 0.0 43.404946245046
v 11.092696662159 0.0 44.167092256662
v 11.456096828018 0.0 45.060746803389
v 10.60574913802 0.0 44.965486616619
v 2.7860107319163 0.0 32.803398416096
v -6.4900633313366 0.0 32.802270396156
v -6.9581600260318 0.0 33.659455835372
v 8.3502453381368 0.0 32.793947204958
v -9.7493816643183 0.0 51.370488095701
v -10.21419412517 0.0 52.174936996845
v -11.126174770748 0.0 52.184613359811
v -10.675787235199 0.0 52.980752525352
v -11.591938175702 0.0 52.961849001979
v -12.100077555989 0.0 52.070670200936
v -11.14285714286 0.0 53.783334214513
v -11.623925999487 0.0 54.601018143529
v -11.152825921224 0.0 55.402524585148
v -6.9641479475124 0.0 46.545894316511
v -9.2849582161793 0.0 50.566283964405
v -8.3552804630845 0.0 47.351068782246
v -7.8927034769663 0.0 48.154257578554
v -8.3567197754007 0.0 48.958580697516
v -1.3928571428565 0.0 43.329170411689
v -2.3214285714278 0.0 43.329170411689
v -8.3574462257809 0.0 55.391494393061
v -3.7142857143788 0.0 48.958335536234
v -5.1071428692409 0.0 51.370834868513
v 7.4285714285726 0.0 39.308338179833
v -1.3928571428565 0.0 46.545836197174
v 1.3928571428579 0.0 41.720837518947
v 0.92857142857233 0.0 40.916671072575
v 2.3214285714295 0.0 41.720837518947
v 10.649574761198 0.0 48.138862979487
v 9.7448515425941 0.0 48.151800329163
v 11.107071828908 0.0 47.328259118946
v -10.214285714284 0.0 39.308338179831
v -10.67857142857 0.0 38.50417173346
v -10.65726171785 0.0 40.124807793423
v 9.7449693782237 0.0 36.892934409882
v 0.4642857142861 0.0 52.979167768144
v 1.3928571428575 0.0 52.979167768144
v 11.072073089626 0.0 50.558821919314
v 0.46428571428643 0.0 43.329170411689
v -1.8571428571422 0.0 47.350002643545
v -2.3214285714281 0.0 51.370834875401
v -8.8211794642814 0.0 49.762548453667
v -11.296492819073 0.0 39.349392502974
v -11.546168867813 0.0 38.495296379514
v -11.274985832678 0.0 37.626307523643
v -1.3928571428553 0.0 36.895838840719
v -3.2500000000032 0.0 46.545836197172
v -6.4999999999984 0.0 39.308338179832
v -6.964285714284 0.0 38.504171733461
v -6.9642857142843 0.0 40.112504626203
v -7.4285714285698 0.0 39.308338179832
v -6.499999999998 0.0 37.70000528709
v -6.4999999999986 0.0 40.916671072575
v -6.9642857142844 0.0 41.720837518946
v 8.0151626076959e-13 0.0 47.350002643546
v 0.46428571428647 0.0 48.154169089917
v 0.92857142857221 0.0 47.350002643546
v 1.3928571428579 0.0 48.154169089917
v 1.3928571428579 0.0 46.545836197174
v 10.208416655546 0.0 37.696616784447
v 11.261323327239 0.0 37.628434714132
v -9.2856218084793 0.0 52.174918091045
v -10.210734095831 0.0 40.918721600444
v -10.73532879125 0.0 41.770232444002
v -11.133244468795 0.0 40.875448766618
v 4.6428571428573 0.0 53.783334214516
v 5.1071428571428 0.0 54.587500660887
v 6.0357142857143 0.0 54.587500660887
v 6.5000000000003 0.0 53.783334214516
v 6.9642857142859 0.0 54.587500660887
v 5.1071428571434 0.0 49.762501982659
v 6.0357142857148 0.0 49.762501982659
v -4.1785714285712 0.0 54.587500660886
v -5.1071428571425 0.0 54.587500660886
v -5.5714285714283 0.0 53.783334214515
v -6.035714285714 0.0 54.587500660887
v -5.5714285714284 0.0 55.391667107258
v -6.500000275227 0.0 53.783334057822
v -6.9642923028705 0.0 54.587496909865
v -5.1071428571426 0.0 52.979167768144
v 5.1071428571434 0.0 51.370834875402
v 12.093277240829 0.0 47.278976546425
v 9.2848758487526 0.0 36.091188322542
v 4.6428571428582 0.0 40.916671072576
v 7.4285714285719 0.0 50.566668429031
v 0.46428571428667 0.0 40.112504626204
v 1.3928571428581 0.0 40.112504626204
v -10.678571428569 0.0 35.287505947975
v -11.605845464833 0.0 35.220912160222
v -12.071428571426 0.0 36.091672394346
v 2.32147797913 0.0 33.658549056373
v -12.195833553629 0.0 46.321428571428
v -11.391667107258 0.0 45.857142857143
v -11.391667107257 0.0 44.928571428571
v -10.635447210234 0.0 45.411903884957
v -10.638582749704 0.0 44.470655806106
v -11.391667107257 0.0 44.0
v -1.8571428571417 0.0 39.308338179833
v -5.1071428571408 0.0 36.895838840719
v 11.197084591385 0.0 34.401328965849
v 5.1071428571438 0.0 41.720837518947
v 1.8571428571437 0.0 44.13333685806
v 1.392857142858 0.0 43.329170411689
v 6.0357142857142 0.0 56.195833553629
v 0.92857142857196 0.0 52.175001321773
v 7.8918484396187 0.0 46.546418572261
v 6.9640376705397 0.0 46.545979405298
v 6.4999005800225 0.0 45.741727150954
v 6.9642110649364 0.0 44.937546403254
v 6.0356852741602 0.0 44.937520054261
v -2.7857142857173 0.0 47.350002643543
v -1.3928571428572 0.0 56.195833553629
v 2.3214285714292 0.0 49.762501982659
v 9.7490218235445 0.0 38.503606983022
v -12.076470770443 0.0 40.802053527741
v -12.201783701877 0.0 50.065433008058
v -2.7857142857124 0.0 37.70000528709
v 3.7142857142869 0.0 37.700005287091
v 4.1785714285726 0.0 38.504171733462
v 5.107142857144 0.0 38.504171733462
v -3.25 0.0 56.195833553629
v -5.5714285855431 0.0 52.175001313737
v -12.195833553629 0.0 44.464285714286
v -11.452538072759 0.0 43.081059541165
v -12.215166272708 0.0 42.626446575222
v 12.195833553629 0.0 39.821428571428
v -4.1785714285701 0.0 41.720837518946
v -3.2499999999988 0.0 41.720837518946
v -8.8217504545083 0.0 56.195650298768
v 0.46428571428634 0.0 49.762501982659
v -5.10714285715 0.0 44.937503304427
v -6.0357142857185 0.0 44.937503304428
v 4.1785714285722 0.0 44.937503304432
v -6.5000008930184 0.0 52.175000813358
v -6.0357147580014 0.0 52.979167499261
v 12.18729751456 0.0 37.989701084218
v 2.3214285714287 0.0 56.195833553629
v -0.46428571428494 0.0 46.545836197174
v -6.4999999999988 0.0 42.525003965317
v -6.9642857142846 0.0 43.329170411688
v -6.4999999999998 0.0 44.133336858059
v 9.2857142857147 0.0 52.175001321773
v 9.284811611767 0.0 48.957966491331
v -10.170199393591 0.0 42.583311587122
v 5.107142857144 0.0 40.112504626204
v -8.3569763114788 0.0 50.566611536672
v -7.8928571428559 0.0 41.720837518946
v 4.1785714285714 0.0 56.195833553629
v 10.672585991075 0.0 56.199289247579
v 6.0357142857153 0.0 41.720837518947
v -1.8571428571422 0.0 44.13333685806
v 0.46428571428578 0.0 56.195833553629
v -3.2499999999977 0.0 35.287505947976
v -7.8929613514768 0.0 56.195774225452
v 1.8571428571442 0.0 36.091672394348
v -9.7499999999977 0.0 35.286244929623
v 6.9642857142862 0.0 49.76250198266
v 7.8928571428583 0.0 40.112504626205
v 4.6428571428579 0.0 44.133336858061
v 7.4285714285717 0.0 53.783334214516
v -5.5714285714301 0.0 44.133336858058
v 0.92857142857276 0.0 36.091672394348
v -10.231995201064 0.0 37.685232814368
v 4.1785714285728 0.0 35.287505947977
v 0.92857142857263 0.0 37.70000528709
v -5.1071428571429 0.0 56.195833553629
v -7.8928571428552 0.0 36.895838840718
v -7.4285714285696 0.0 37.700005287089
v -2.3191127319243 0.0 33.730395632714
v 4.6428571428586 0.0 34.483188821904
v 7.4285714285726 0.0 37.700005287091
v 2.3214285714287 0.0 54.587500660887
v 5.1071428571435 0.0 46.545836197174
v 6.4999827231833 0.0 44.133346832836
v -7.4263417935552 0.0 34.47841838217
v -5.5714285817007 0.0 50.566668423182
v -12.248638730653 0.0 48.24728756422
v 8.3571428571437 0.0 42.525003965318
v 4.6428571428582 0.0 39.308338179833
v 9.2121200989719e-13 0.0 40.916671072575
v 3.7142857142867 0.0 39.308338179833
v 5.5714285714298 0.0 37.700005287091
v 0.46428571428704 0.0 36.895838840719
v -5.10714285821 0.0 49.762501982051
v 9.750398870609 0.0 43.311398737368
v 3.2500000000012 0.0 38.504171733462
v -7.4285942507525 0.0 53.783321221363
v -0.46428571428532 0.0 52.979167768144
v -10.214206698501 0.0 53.783379142693
v -5.5673851739858 0.0 34.484008925501
v -2.7820861371592 0.0 34.491135330371
v -7.8928571428555 0.0 38.504171733461
v -6.964260106999 0.0 48.154183835918
v -7.4284710721155 0.0 48.958393581752
v 2.7857142857152 0.0 42.525003965318
v 10.210734095833 0.0 40.918721600446
v 8.8214950498641 0.0 43.32620846597
v -0.46428571428504 0.0 43.329170411689
v 6.0357122490441 0.0 48.15417026579
v -7.8894867013451 0.0 44.936817480436
v -7.891853637275 0.0 43.32863890988
v -2.7857142857139 0.0 52.175001321773
v 3.2500000000007 0.0 48.154169089917
v 2.3214285714292 0.0 48.154169089917
v 2.3214285714293 0.0 46.545836197174
v 11.142857142858 0.0 40.916671072576
v 9.7500000000005 0.0 51.370834875402
v 6.9642857142861 0.0 51.370834875402
v 6.9642857142868 0.0 38.504171733462
v -2.3214285714286 0.0 48.154169089916
v 6.3802213701245e-13 0.0 48.958335536288
v 2.7857142857147 0.0 52.175001321773
v -4.1785714286996 0.0 48.154169089843
v 4.6428571428577 0.0 50.566668429031
v 5.5714285714291 0.0 50.566668429031
v 6.5000000000004 0.0 50.566668429031
v -2.3214285714284 0.0 54.587500660886
v -6.0357142857143 0.0 56.195833553629
v 6.0357142857154 0.0 38.504171733462
v -3.7142857142856 0.0 55.391667107258
v 8.3569227165102 0.0 48.958314267208
v -5.5714285714266 0.0 37.70000528709
v -10.620521659305 0.0 48.120533135549
v 6.96430335235 0.0 35.287516200481
v 8.8191087586678 0.0 33.657512741405
v -6.0357142857123 0.0 36.895838840718
v 9.7506491814439 0.0 54.587402658561
v 7.3159996579382e-13 0.0 44.13333685806
v 10.649561975029 0.0 46.556199976828
v -1.8571428571422 0.0 50.56666842903
v -1.8571428571425 0.0 52.175001321773
v 1.8571428571436 0.0 42.525003965318
v 6.0357348634558 0.0 35.287517909232
v 7.4285076045338 0.0 48.958347657225
v 6.4999869865449 0.0 48.958338928296
v 10.648490530717 0.0 51.380101290802
v -7.8928571428557 0.0 40.112504626203
v 8.8212655420204 0.0 38.504077608389
v 7.8928299712901 0.0 38.50415604595
v 2.3214285714289 0.0 52.979167768144
v -1.8571428571428 0.0 55.391667107258
v -2.7857142857142 0.0 55.391667107258
v 5.1111013430564 0.0 33.666753611338
v 0.9285714285722 0.0 48.958335536288
v -7.4285714285701 0.0 40.916671072574
v -4.1785714288581 0.0 49.762501982495
v -7.4286469989255 0.0 55.391624083453
v -0.92857142857097 0.0 52.175001321773
v -3.7142857142845 0.0 40.916671072575
v -7.4284041776401 0.0 42.524915381682
v 5.5725724423753 0.0 34.480877462905
v -6.0356913248214 0.0 46.545845883595
v -3.2499999999992 0.0 43.329170411689
v -0.92857142857134 0.0 55.391667107258
v -2.7857142857137 0.0 44.13333685806
v -4.1785714285701 0.0 40.112504626204
v -2.3214285714275 0.0 41.720837518946
v -3.7142857142842 0.0 39.308338179833
v 6.0356563750942 0.0 46.545869631887
v 1.8571428571436 0.0 47.350002643546
v -7.4281214419969 0.0 47.350248679907
v -4.6428571428571 0.0 55.391667107258
v -2.7857142857129 0.0 39.308338179833
v 2.7857142857144 0.0 55.391667107258
v 5.1071380218844 0.0 44.93750609607
v 1.8571428571436 0.0 48.958335536288
v -3.2500000000286 0.0 48.1541690899
v -2.321428571427 0.0 38.504171733461
v -7.4268389318076 0.0 44.132602468618
v -1.8571428571412 0.0 37.70000528709
v -0.92857142856993 0.0 37.70000528709
v 1.857142857143 0.0 53.783334214516
v -2.7857142857133 0.0 42.525003965318
v 3.7142857142858 0.0 55.391667107258
v -0.46428571428414 0.0 36.895838840719
v 6.4999247843036 0.0 47.350046069349
v 5.5713967085271 0.0 45.741688146858
v 4.6428571428572 0.0 55.391667107258
v 7.3737312552187e-14 0.0 55.391667107258
v 7.4285714285716 0.0 55.391667107258
v 1.6756596110667e-12 0.0 36.091672394348
v -0.46428571428383 0.0 35.287505947977
v 0.92857142857163 0.0 55.391667107258
v -6.9632519492725 0.0 44.937339061844
v 1.8348485995884e-12 0.0 34.483339501606
v -0.46428571428375 0.0 33.679173055235
v -6.5000136931564 0.0 55.391659311453
v 7.8928571428572 0.0 56.195833553629
v 5.5714285714286 0.0 55.391667107258
v -6.49961764259 0.0 45.741726137648
v 1.857142857143 0.0 55.391667107258
v 8.8214285714286 0.0 56.195833553629
v 9.2858224826216 0.0 55.391650773537
v 10.214063552539 0.0 55.392125997916
v 11.13648628693 0.0 55.39567722965
v 6.5000000000001 0.0 55.391667107258
v 12.144724714438 0.0 55.487548755222
v 6.0410210721633 0.0 31.93534292406
v -12.158783812022 0.0 55.490541499483
v 7.8868613491666 0.0 31.860378686103
v 6.5043733725963 0.0 32.813263271951
v -6.0289443080205 0.0 33.655610225188
v 12.177107445485 0.0 49.06559329448
v -10.612639787857 0.0 43.442546587965
v 12.257397302364 0.0 45.386808379686
v -11.505701341559 0.0 42.221728731434
v -11.691977095713 0.0 33.495203595442
v 11.656671442787 0.0 33.492114441239
v -12.212624148366 0.0 37.989739867478
v 9.6747291578382 0.0 44.980960945417
v 10.181708794427 0.0 44.145555083009
v -2.3297338421886 0.0 31.706503892226
v 11.507325042064 0.0 51.306783746326
v -11.484173634584 0.0 51.427208609866
v 11.009297700813 0.0 45.796977904792
v 11.502469794358 0.0 38.443738712486
v -12.232031634913 0.0 38.953379010192
v -11.476504548767 0.0 40.18815355534
v 11.477161042946 0.0 40.204167144174
v -2.723982596025 0.0 33.018429283779
v -11.525374966123 0.0 49.501926934174
v 12.354156753374 0.0 50.035714285714
v 11.473003137691 0.0 46.545863454717
v 12.368008739523 0.0 43.520644935108
v -11.476675737483 0.0 46.638475019081
v -11.452284948657 0.0 36.753679320472
v 11.448359377732 0.0 36.756171216149
v -12.376692529329 0.0 35.178571428571
v 12.376692529331 0.0 35.178571428571
v 12.377975088999 0.0 54.678571428571
v 12.378724606616 0.0 41.685061205521
v -11.438960400076 0.0 48.057068903055
v 11.477993509788 0.0 48.082331334823
v -12.363284177138 0.0 52.880528503113
v 12.388192172308 0.0 52.840649906611
v -12.401343244952 0.0 54.653672495694
v -10.014280427195 0.0 45.857142857142
v -10.00706333024 0.0 44.030740335837
v 12.320238535829 0.0 56.320238535828
v -12.320238535829 0.0 31.679761464171
v 12.320238535829 0.0 31.679761464171
v -12.320238535829 0.0 56.320238535829
v -2.7730364431985 0.0 32.338305127557
v -12.431893450222 0.0 33.375464712449
v 12.408874193389 0.0 33.394470022158
v -1.8730185142882 0.0 33.151378856992
v -11.521024061388 0.0 41.502607132314
v 11.708314191561 0.0 45.822320015971
v -10.895281477403 0.0 42.619775778338
v 11.78188641397 0.0 50.462544252105
v -11.712429515648 0.0 48.707028916665
vt 0.27229739502911576 0.027990922606167867 
vt 0.27463135527543403 0.9348659053956183 
vt 0.7846212156874012 0.9388112660677757 
vt 0.7890727803342519 0.023992093844968143 
vt 0.27264119908021944 0.06127014649766316 
vt 0.2729658023455819 0.0943988899352689 
vt 0.27327080511103635 0.12738622455364967 
vt 0.27355585698981544 0.16024156374191612 
vt 0.27382066095737656 0.19297462621716055 
vt 0.2740649771683516 0.22559539526854433 
vt 0.27428862651247565 0.25811407388741714 
vt 0.27449149386619776 0.29054103605831816 
vt 0.2746735309965903 0.3228867745440991 
vt 0.2748347590741973 0.3551618455557951 
vt 0.27497527075173134 0.38737681075843555 
vt 0.27509523176612866 0.4195421771200314 
vt 0.27519488202262904 0.4516683351704842 
vt 0.27527453612142966 0.4837654962905804 
vt 0.2753345832903154 0.5158436297045901 
vt 0.2753754866907069 0.5479123998971034 
vt 0.27539778206999194 0.5799811052134998 
vt 0.27540207573997394 0.61205861843568 
vt 0.275389041869876 0.6441533301407693 
vt 0.27535941909257694 0.6762730956546064 
vt 0.27531400643451853 0.7084251863970121 
vt 0.27525365859278844 0.7406162463798786 
vt 0.27517928059689994 0.7728522545648022 
vt 0.27509182190728426 0.8051384937063456 
vt 0.2749922700169266 0.837479526208875 
vt 0.2748816436362789 0.8698791774023859 
vt 0.274760985553885 0.9023405265059067 
vt 0.292897378787231 0.9344583266460276 
vt 0.3111221056280185 0.9340873902391444 
vt 0.329309181332007 0.9337544739636959 
vt 0.3474624817756178 0.933460836316193 
vt 0.36558609345381327 0.9332076060398823 
vt 0.38368429129404963 0.9329957726529762 
vt 0.40176151424545453 0.9328261780873219 
vt 0.41982233891825604 0.9326995095431899 
vt 0.4378714515801273 0.9326162936492883 
vt 0.45591361884265147 0.9325768919997799 
vt 0.4739536573918278 0.932581498122247 
vt 0.49199640313131654 0.9326301359124742 
vt 0.5100466801160457 0.9327226595536836 
vt 0.5281092696566057 0.9328587549196455 
vt 0.5461888799717518 0.9330379424429116 
vt 0.5642901167571951 0.9332595814113965 
vt 0.582417455023897 0.9335228756387562 
vt 0.6005752125383491 0.933826880436584 
vt 0.6187675251709664 0.934170510799599 
vt 0.636998324427164 0.9345525506989346 
vt 0.6552713173992367 0.9349716633636962 
vt 0.6735899693363397 0.9354264024174639 
vt 0.6919574889855634 0.93591522372479 
vt 0.710376816809947 0.9364364977933555 
vt 0.728850616140545 0.936988522570687 
vt 0.7473812672701808 0.9375695364705188 
vt 0.7659708644480921 0.9381777314632683 
vt 0.7844654345496014 0.906116125163731 
vt 0.7843229288370548 0.8734707108195775 
vt 0.7841952248468669 0.8408728913962569 
vt 0.784083828720662 0.8083198908411665 
vt 0.783990216383542 0.7758082883302085 
vt 0.7839158236830629 0.7433340242420731 
vt 0.7838620368648893 0.7108924124382845 
vt 0.7838301835126019 0.6784781587044203 
vt 0.7838215240670416 0.6460853850975701 
vt 0.7838372440261985 0.6137076598414178 
vt 0.7838784469106455 0.5813380323229316 
vt 0.783946148062572 0.5489690726684506 
vt 0.784041269329223 0.5165929153174089 
vt 0.7841646346646004 0.48420130596946076 
vt 0.7843169666671248 0.4517856512506504 
vt 0.7844988840559788 0.419337070433044 
vt 0.7847109000753375 0.38684644854006234 
vt 0.7849534218037981 0.35430449018368093 
vt 0.7852267503361097 0.32170177350069107 
vt 0.7855310817957668 0.28902880358600136 
vt 0.7858665091300256 0.2562760648599345 
vt 0.7862330246333695 0.22343407184769482 
vt 0.7866305231411237 0.19049341789840812 
vt 0.7870588058317206 0.1574448214201586 
vt 0.7875175845738117 0.12427916925975524 
vt 0.7880064867528809 0.09098755691080129 
vt 0.7885250605111533 0.057561325285845566 
vt 0.7700728465349231 0.0246420525330725 
vt 0.7511494789294597 0.02526489831652312 
vt 0.7323001935163556 0.025858864811204252 
vt 0.7135221651964743 0.02642222973441488 
vt 0.6948122313079479 0.02695332622291613 
vt 0.6761668982654163 0.027450553993492166 
vt 0.6575823513124477 0.027912390222466388 
vt 0.6390544673490588 0.028337400026304582 
vt 0.620578830751646 0.028724246433066147 
vt 0.6021507520602043 0.02907169974363122 
vt 0.5837652893687715 0.029378646191850488 
vt 0.5654172722200898 0.029644095823571637 
vt 0.5471013277747063 0.029867189525441984 
vt 0.5288119089985217 0.030047205145119937 
vt 0.5105433245908244 0.03018356265472666 
vt 0.4922897703571209 0.030275828318891418 
vt 0.4740453617170825 0.03032371783745247 
vt 0.4558041670274527 0.030327098440844358 
vt 0.4375602413924651 0.030285989923512058 
vt 0.4193076606298257 0.030200564607541502 
vt 0.40104055505861974 0.030071146235354673 
vt 0.38275314277639394 0.029898207797019793 
vt 0.36443976209644297 0.0296823683047589 
vt 0.34609490282297284 0.02942438853486351 
vt 0.3277132360518086 0.029125165765570782 
vt 0.3092896421980906 0.028785727548671147 
vt 0.2908192369698689 0.028407224562674527 
vt 0.29271883243350644 0.49548500170719223 
vt 0.5370973426741974 0.9048364070759363 
vt 0.7680135835555009 0.4679579793100975 
vt 0.5195764878445066 0.06306023953955231 
vt 0.7650215598939637 0.5987464365203439 
vt 0.29234155297512654 0.37418667544698136 
vt 0.5927520096451213 0.05798498863352186 
vt 0.46493390031321047 0.9044809194255872 
vt 0.28779251369510167 0.6269795504124067 
vt 0.6095744741620474 0.905849315642806 
vt 0.7684858597316586 0.3379351616780788 
vt 0.44662074570400734 0.06316140479103172 
vt 0.3927750072051974 0.9048019824473909 
vt 0.7677183941423937 0.7267455395626953 
vt 0.2911189316155235 0.24450577696681586 
vt 0.6665242272409275 0.059583011231884475 
vt 0.7687663652697803 0.24226813433608352 
vt 0.28975813924664784 0.7250309060456157 
vt 0.39191937772908025 0.0634389768817134 
vt 0.6643081437677002 0.9070070617927888 
vt 0.7194750899665456 0.9084667834392937 
vt 0.29126175571258084 0.8214193220005954 
vt 0.33723762790340023 0.06220303809091454 
vt 0.722475643721715 0.0563838350649255 
vt 0.7675768427761765 0.8248150689969751 
vt 0.3384724993529692 0.9054750272786861 
vt 0.7709113806315101 0.14257596388009763 
vt 0.28935897509160596 0.14536952041474316 
vt 0.5732782036694523 0.9052634491046921 
vt 0.6295167420759078 0.061587751659935464 
vt 0.7688740974881946 0.4051169317311122 
vt 0.5573171171022738 0.05902702923566905 
vt 0.2904467072159484 0.30684680695008915 
vt 0.2917088818517003 0.4343969306607752 
vt 0.2896768026388641 0.5627720241160852 
vt 0.7677857124661706 0.5326551411829863 
vt 0.48313576267888114 0.061922411442150715 
vt 0.7690375237859246 0.6627220145685597 
vt 0.5009953798789247 0.9045743307011185 
vt 0.4288735432150208 0.9045572997715366 
vt 0.3028178277944874 0.9068288049433132 
vt 0.7561731210507909 0.9103243729206154 
vt 0.3008484831614743 0.05913850852934188 
vt 0.7596069073216786 0.055884730845479624 
vt 0.7380078242789433 0.90899656359978 
vt 0.7287866229282256 0.880337721005366 
vt 0.7101574338061841 0.8799848036784811 
vt 0.7192753717452207 0.8520751529043404 
vt 0.7008047715676031 0.851634676743095 
vt 0.7099163551185221 0.8237609692534144 
vt 0.6915067248339977 0.8233286230243393 
vt 0.7006102531518805 0.7954918857242335 
vt 0.6822357050755548 0.7950930549189046 
vt 0.6913360603959602 0.767287338850605 
vt 0.6729933207829123 0.7669248666090596 
vt 0.6820905355613817 0.7391485282140491 
vt 0.6637780108609339 0.7388231959252967 
vt 0.672872715251203 0.7110735432536717 
vt 0.6545894500231875 0.710785071635416 
vt 0.6636820685251276 0.6830591594086446 
vt 0.645426995160672 0.6828069390072742 
vt 0.6545179285378873 0.6551013962907328 
vt 0.6362898156629031 0.6548845363903961 
vt 0.6453794194970699 0.62719559937582 
vt 0.6271768526581736 0.6270129501276028 
vt 0.6362654391164286 0.5993364764667142 
vt 0.6180868208539954 0.5991866365845384 
vt 0.627174659002847 0.5715181254084992 
vt 0.6090182128352485 0.5713994505330102 
vt 0.6181055299631597 0.5437340653890378 
vt 0.5999693068550529 0.5436446783093709 
vt 0.6090562901509273 0.5159772732676746 
vt 0.5909381764995931 0.5159150766777489 
vt 0.5818757647886331 0.543565655601417 
vt 0.5728605154743405 0.5158606421749434 
vt 0.5638197729411313 0.543497279057641 
vt 0.5548180180943925 0.5158141637587867 
vt 0.5457959762346002 0.5434397936745015 
vt 0.5368051853405518 0.5157758076002061 
vt 0.5277988261209396 0.5433934057311176 
vt 0.5188163402120511 0.5157457107467417 
vt 0.545826984365813 0.4881435028574278 
vt 0.5098226134963808 0.5433582811653324 
vt 0.5008456617286008 0.5157239800502755 
vt 0.4918615033870177 0.5433345442610857 
vt 0.4828872205097839 0.5157106913262799 
vt 0.4739095710280277 0.5433222766573922 
vt 0.5188048184816257 0.5710052857105473 
vt 0.46493501554801364 0.5157058887507074 
vt 0.47391254805151045 0.48808805388996435 
vt 0.6000249753272952 0.4882402249270481 
vt 0.45595711580933845 0.4880877045013978 
vt 0.4649345531264548 0.46045765565424956 
vt 0.45596083894492434 0.5433215166865868 
vt 0.46493530017355666 0.5709374263411279 
vt 0.4469728773612777 0.4604586711782521 
vt 0.4559502227657548 0.43281026433741243 
vt 0.6181117736746716 0.654686913874075 
vt 0.4469871139417652 0.5709436850571821 
vt 0.4559615276147161 0.5985646431531724 
vt 0.43801104120501105 0.5985807873665219 
vt 0.44698548156727275 0.6262120429651363 
vt 0.6181705460200692 0.4882824307472111 
vt 0.6091392325078453 0.46053197948204727 
vt 0.4379792409888371 0.4328095035249041 
vt 0.4469564831236374 0.4051364507296754 
vt 0.4649339060454375 0.4051381889869359 
vt 0.4559400609752182 0.3774333529379382 
vt 0.4739270116506291 0.37743290193320445 
vt 0.4649330695422041 0.34969058111305595 
vt 0.48293266405503976 0.34968475236721186 
vt 0.44693367303301557 0.3496860593936908 
vt 0.42902994452646726 0.6262408082925581 
vt 0.6273151082794836 0.4605510857929488 
vt 0.6182839838156403 0.43278114239267573 
vt 0.4739386399995523 0.32189843382919237 
vt 0.49195400868982064 0.3218840403650648 
vt 0.42900529495799217 0.4604620091750756 
vt 0.4380045166988159 0.6538873015113356 
vt 0.45595935267196347 0.6538660893086952 
vt 0.636492962474351 0.43277411756347595 
vt 0.6274622128543974 0.40497849414238785 
vt 0.4200519602691271 0.5986141902878612 
vt 0.42004128813026753 0.6539312716268493 
vt 0.41999927059717146 0.43280793385130867 
vt 0.48295992074059557 0.2940471950124588 
vt 0.500994193265315 0.29402107408656253 
vt 0.6455419081839231 0.460572193359837 
vt 0.6457070298944232 0.4049424037109901 
vt 0.636676835285187 0.3771148475281124 
vt 0.41102574321086127 0.46046765554635727 
vt 0.6184474074410931 0.37717676128860134 
vt 0.627662581127739 0.3492750379992977 
vt 0.6459306841212691 0.34918109939999686 
vt 0.6369171193348181 0.32129688216480135 
vt 0.44697847924221756 0.681561298828209 
vt 0.4649353736771328 0.6815504341049414 
vt 0.6186618243611393 0.3214140049672519 
vt 0.6279169915564891 0.29338517533639374 
vt 0.6462137457061015 0.29323335072256573 
vt 0.6455193909924651 0.7385218797926092 
vt 0.6096719764101562 0.29352256222809003 
vt 0.6544952617735732 0.5995009169645625 
vt 0.40200425590709565 0.43280556171474094 
vt 0.5099788542848713 0.32185615461431516 
vt 0.6189276928617894 0.2654367505904912 
vt 0.6006903202797556 0.26559136309976106 
vt 0.4920000588570385 0.26612719007325025 
vt 0.4739532400598009 0.2661483439828808 
vt 0.45595451817275645 0.7092699579948498 
vt 0.4739161332711996 0.7092720932384842 
vt 0.3930282390910915 0.4604755876059181 
vt 0.6099464912691768 0.23744225225600768 
vt 0.5917140283274939 0.23761095617183392 
vt 0.3839882394769595 0.4328023964728802 
vt 0.48299331049249294 0.23816482957191043 
vt 0.46493081962228217 0.23817783684534866 
vt 0.501062182228059 0.23812883992254585 
vt 0.46493518611056095 0.7370199195370908 
vt 0.48290407341702607 0.73703754614834 
vt 0.4469665331210194 0.7370327496313471 
vt 0.49188078014031184 0.7093022542586196 
vt 0.500878716087492 0.7370855856524422 
vt 0.5098540503939528 0.7093603466441025 
vt 0.5188646034980706 0.737163876922347 
vt 0.5278414856388667 0.7094461687145218 
vt 0.5368671582172483 0.7372721429348208 
vt 0.3929640914713475 0.40510752893526714 
vt 0.6819925572902681 0.6833315337728723 
vt 0.3750069161139823 0.4604857742446967 
vt 0.37492651115792375 0.4050901137685923 
vt 0.3839021267959243 0.37736402457064855 
vt 0.5914737494331541 0.29364504550162196 
vt 0.4739708034794627 0.2101244081442608 
vt 0.4558895228387444 0.21012613361070265 
vt 0.446868534819355 0.23816783048697632 
vt 0.4378053714606504 0.2101017616877212 
vt 0.42880028512954704 0.23813486196681788 
vt 0.4197122104316736 0.21005139707544662 
vt 0.41071994038485765 0.23807906516949517 
vt 0.4016039594939677 0.20997523702189214 
vt 0.3926214477652539 0.23800065549167582 
vt 0.383474632972679 0.20987356997794926 
vt 0.3744988676114288 0.23789992835281581 
vt 0.6009705485156804 0.20939225225962366 
vt 0.61924494143135 0.20918900386729056 
vt 0.5827401804929169 0.20957184064068257 
vt 0.3653183747830293 0.2097467735966071 
vt 0.3658399538238786 0.37732925210808266 
vt 0.49191724934821773 0.37742529183530016 
vt 0.5458485422209156 0.709559413249363 
vt 0.5548917016707845 0.7374099931431436 
vt 0.5728346509954173 0.5712009488815586 
vt 0.6001237767366695 0.4327874561097925 
vt 0.6639178580156226 0.7947194190233104 
vt 0.3840467937474339 0.4881402844990853 
vt 0.3660174152215613 0.48816665892849875 
vt 0.3750572379710937 0.5158084745991418 
vt 0.49190147439347987 0.7648526961007259 
vt 0.5278891730947589 0.7650212752965867 
vt 0.4559472581302593 0.7648145959459173 
vt 0.43796915259206004 0.764844671723245 
vt 0.5735230520147868 0.2377585459228736 
vt 0.5645485132378052 0.2097271640379108 
vt 0.37429386240581547 0.18164443702849264 
vt 0.42871715502779895 0.1819421191493652 
vt 0.46492940687723106 0.18199648158906634 
vt 0.4830327858630093 0.1819799329902344 
vt 0.5737657827711321 0.18146452066948882 
vt 0.5555704687074541 0.1816243130026517 
vt 0.6102693574501193 0.18106329223513562 
vt 0.6285882322199552 0.18082319865373697 
vt 0.35726130617919166 0.5161022656720604 
vt 0.3660976612798126 0.5435300090352829 
vt 0.3563464081247657 0.2377772571260992 
vt 0.35610110136046147 0.18148895018091493 
vt 0.7004603702548947 0.7394968521672587 
vt 0.3568591432240806 0.40506891063290396 
vt 0.5368217882891855 0.681761143154209 
vt 0.554836098643937 0.6818764503292996 
vt 0.40173720889594844 0.2660346644795335 
vt 0.509839190766282 0.4881050343650367 
vt 0.5008555120823185 0.6816051751071961 
vt 0.44695012363286046 0.7926615675450367 
vt 0.4289602878315876 0.7927109715102225 
vt 0.4199831543906812 0.7649073494813042 
vt 0.410960058789464 0.7927950341893238 
vt 0.4019839042835377 0.7650023605079839 
vt 0.3929442074898327 0.7929134022323759 
vt 0.38396613344417657 0.7651293126467963 
vt 0.3749076103763632 0.7930655920978965 
vt 0.3659246966408479 0.7652876934770445 
vt 0.37498472098894436 0.737385409414431 
vt 0.3569357902939396 0.7375470971846865 
vt 0.36599723138097157 0.7096754308890052 
vt 0.35684528132485316 0.7932509940199611 
vt 0.34793809003085446 0.7098374298002974 
vt 0.35700082771321556 0.6819926150816091 
vt 0.3479559007109816 0.4881981508105282 
vt 0.36507632670014906 0.15330456402811588 
vt 0.36552654575662646 0.26586071540525225 
vt 0.5190410166072723 0.2939783419797968 
vt 0.5280193040279402 0.32181486915281043 
vt 0.34737492198454045 0.265745417732154 
vt 0.7190421083828428 0.7959170019858247 
vt 0.34774508489041844 0.37728772909054475 
vt 0.34684432651368785 0.1531179153693526 
vt 0.34829552403213865 0.54385186674228 
vt 0.35709912125448595 0.5712450916279681 
vt 0.3378730614280304 0.18130619164512907 
vt 0.636289312358185 0.5438335004552952 
vt 0.5458083192596135 0.6541017843531562 
vt 0.4739092818128968 0.598565831982741 
vt 0.5638326979562224 0.6542161339739891 
vt 0.5728783535860245 0.6820161126548046 
vt 0.637568436870531 0.2089627757425475 
vt 0.6469584970782858 0.18055781902963997 
vt 0.6559458404061165 0.20871431854040945 
vt 0.6653848053045851 0.18026802409047493 
vt 0.6743816627645877 0.20844444786623173 
vt 0.6838715077409977 0.17995475362610747 
vt 0.6928801000357435 0.20815403840456892 
vt 0.7024226346712548 0.179619009773213 
vt 0.6934152040519467 0.1513388641193376 
vt 0.7114450170657716 0.2078440176592985 
vt 0.7019038912692175 0.23630413170052156 
vt 0.7120209455416682 0.15095622250848983 
vt 0.42003168006375063 0.4881032750971862 
vt 0.38327595461418934 0.15346079247881872 
vt 0.36583006365913046 0.8210654138736587 
vt 0.3477452455465499 0.8212789891397327 
vt 0.3387524020251402 0.7934688770249382 
vt 0.33892871032624516 0.6821518390548589 
vt 0.47399129288272823 0.15376959215686203 
vt 0.49211983941690507 0.15373521024933723 
vt 0.6196129984928248 0.1526158064159172 
vt 0.6563475081954745 0.1520123730655606 
vt 0.5647877857279788 0.15327955825311035 
vt 0.5465858283642766 0.15344054473494662 
vt 0.33903284537488343 0.5713380018679457 
vt 0.3387564087011841 0.4050439994999212 
vt 0.720484786157221 0.23602280327622904 
vt 0.7109453007292108 0.26441399190827974 
vt 0.7300799341742785 0.2075153593698531 
vt 0.69241652792086 0.2646496757720044 
vt 0.7014594779800074 0.29269654495403874 
vt 0.7200065971341059 0.2924924483035869 
vt 0.7105224862641308 0.3207180623781506 
vt 0.6920251718869512 0.32087839358309733 
vt 0.7010897294792835 0.34884904711088527 
vt 0.7196076287638106 0.34872283502622026 
vt 0.710176523667155 0.3768089674240309 
vt 0.6917060193198575 0.3768936788370123 
vt 0.7007942401969672 0.40481486383832377 
vt 0.7192874133545473 0.4047663993883035 
vt 0.7099065827524016 0.43273942253627296 
vt 0.4019372976610449 0.37739191510494363 
vt 0.6914583219204248 0.4327490293362257 
vt 0.7005718320279939 0.4606467675705793 
vt 0.7188189038628167 0.46080722415459185 
vt 0.708994621188471 0.48789502817550257 
vt 0.691161565634913 0.48838617298153786 
vt 0.7002814419461972 0.5162664912830687 
vt 0.719482840647949 0.5163476949134185 
vt 0.7090015188110914 0.544939623313621 
vt 0.6910500584430682 0.5442692972022007 
vt 0.7002201325961445 0.5722278798327661 
vt 0.7180009046683952 0.5730706276290807 
vt 0.7093830175380998 0.6002253814096172 
vt 0.41100790072781274 0.7371493668952385 
vt 0.39287508945471583 0.34961081643423286 
vt 0.3750404171890378 0.6818570935485879 
vt 0.4378633081506001 0.2661310382453992 
vt 0.3567255027280254 0.34951033501399387 
vt 0.33860020670789376 0.3494455115842472 
vt 0.34803416552829847 0.5989357922008078 
vt 0.3660779926034018 0.5988288010308892 
vt 0.38408539162719213 0.5434396923939194 
vt 0.5371064781383087 0.2939191422180264 
vt 0.5460813956540231 0.321760324949515 
vt 0.5369942952636186 0.3496054968334801 
vt 0.5550560224955674 0.34955878732894596 
vt 0.5459690170738998 0.37735987026604323 
vt 0.5640333225262907 0.37732411654886866 
vt 0.5549464205701018 0.4050875321674494 
vt 0.5369069505797898 0.40510548488169584 
vt 0.41993803886916936 0.8206362529476294 
vt 0.546390004209883 0.20985769717800595 
vt 0.33107165762179036 0.5436825242749275 
vt 0.3740575164589478 0.12486706346160859 
vt 0.3922553629500911 0.12519944778995173 
vt 0.7030298990114567 0.12120519320738654 
vt 0.7216958687727227 0.12054148751221072 
vt 0.3299414732990077 0.5990459406677715 
vt 0.7278506603026907 0.6004478701572353 
vt 0.7187052177852454 0.628136066344652 
vt 0.3296281375412092 0.821526536850858 
vt 0.3298444232638587 0.7100251512168334 
vt 0.32081914722132815 0.6823341508034135 
vt 0.3285744919891721 0.1529015134419347 
vt 0.3196043688703558 0.18109681423759383 
vt 0.32062435042055043 0.7937183949438625 
vt 0.7002862451793519 0.6278738275627015 
vt 0.5818880116898234 0.6543521124282858 
vt 0.4109107845003265 0.3496460968351681 
vt 0.32890248777560116 0.20941973294084038 
vt 0.5548039797524539 0.6264606164543217 
vt 0.53679528968117 0.6263695753602467 
vt 0.7306993953737055 0.1502816967897399 
vt 0.45586602064001014 0.15377179478141267 
vt 0.46492780011251433 0.12526507889073601 
vt 0.4467775627836475 0.12540943251772774 
vt 0.709528281718511 0.6558735595913501 
vt 0.727997841147297 0.6561560944194564 
vt 0.7187897123718496 0.6839370955068005 
vt 0.6649435917697138 0.23681547424138727 
vt 0.601295970931487 0.1528665009714486 
vt 0.6100014346519288 0.12331322031810288 
vt 0.4828964269571041 0.4604589680135155 
vt 0.6824230506589062 0.851190446507786 
vt 0.5999548970533811 0.599051925165196 
vt 0.5909537207485004 0.6821796232883728 
vt 0.5819427143827947 0.7098664295001682 
vt 0.6000400154700414 0.7100590865166272 
vt 0.5910273375182747 0.7377723370584827 
vt 0.6091482770491312 0.7379955162229381 
vt 0.6001335622774889 0.7657384377734475 
vt 0.6182796634308458 0.7659932701118104 
vt 0.6092625050133327 0.7937686651015335 
vt 0.5911302102490568 0.7935122522807022 
vt 0.6002565084041999 0.8215779977691131 
vt 0.6184150564592001 0.8218662717054726 
vt 0.5821354030541472 0.82132301933304 
vt 0.43800931463538084 0.543332259046932 
vt 0.6843296727604045 0.1226668469443084 
vt 0.5011425148293656 0.18193424863263175 
vt 0.6288509932749781 0.12392049036634334 
vt 0.47391152938088094 0.6538677337699137 
vt 0.5919394422948085 0.12443708676286303 
vt 0.5730337670827887 0.7932877169435661 
vt 0.5640472556527442 0.8211022556768137 
vt 0.46493486748304963 0.7926470425755502 
vt 0.45593783226524776 0.8205318932447203 
vt 0.47393155910087115 0.8205351477006186 
vt 0.5912588948924552 0.8494269204594536 
vt 0.5731481710342595 0.34950217313123966 
vt 0.5821308353360337 0.37728157758371617 
vt 0.5551965581538266 0.2938436771730435 
vt 0.5281282344669045 0.26602558355018135 
vt 0.5102577591048196 0.15366874843190037 
vt 0.5012349788728888 0.12538128676058602 
vt 0.5194040645941549 0.12529123312259016 
vt 0.3567323044061784 0.849132012511891 
vt 0.37481160952002074 0.8489255707741586 
vt 0.7368499937685085 0.683813902292961 
vt 0.7280004727438681 0.711990804750707 
vt 0.736673461219588 0.5684875594889274 
vt 0.33754544362705874 0.12462545550163762 
vt 0.5558031028660153 0.1250076241099275 
vt 0.6940109947938657 0.09334500224428266 
vt 0.7410349591400351 0.120144348088003 
vt 0.31863114023202543 0.12314535679868233 
vt 0.7377329490697143 0.852612682297102 
vt 0.5457902301264999 0.5987430906241498 
vt 0.618177248861176 0.7102769458048146 
vt 0.5458843880015426 0.4328019225864217 
vt 0.5278667115596132 0.43280519652848126 
vt 0.5639293622729242 0.43279786452748914 
vt 0.5188919591972923 0.405119568920459 
vt 0.5098704790897656 0.4328076748232679 
vt 0.41995132929958273 0.37741281680977634 
vt 0.3299046993734327 0.6544830383467584 
vt 0.6819478126991576 0.5719552249822601 
vt 0.6727959391744618 0.5440759785841361 
vt 0.554968505303773 0.7930958719659138 
vt 0.5459873824317292 0.8209165070039997 
vt 0.5550640144881093 0.8489620900400144 
vt 0.5370070051808021 0.8487851316372779 
vt 0.5279509276467599 0.8207664476587564 
vt 0.5189705500115724 0.8486460437741996 
vt 0.5099328926564033 0.820652620360032 
vt 0.5009496853204058 0.8485453260288804 
vt 0.34758014544474214 0.3216239514685336 
vt 0.32942155684611735 0.32153294905930796 
vt 0.3657004301573297 0.3217024728558978 
vt 0.3208529218703353 0.349799365933226 
vt 0.32975105097841284 0.7656961162285925 
vt 0.31179871918552654 0.7661398111434812 
vt 0.34787007942254383 0.4327937384719234 
vt 0.32975683176696535 0.4327882785050867 
vt 0.32061294698068055 0.40501547315393993 
vt 0.40184834012912 0.3218209566276016 
vt 0.4198875604040288 0.32186047297923404 
vt 0.3570428420283628 0.6265585607829933 
vt 0.37507530958281043 0.6264490731373524 
vt 0.38408744302032827 0.5987347400197037 
vt 0.4014468004773561 0.15358818653288875 
vt 0.41039896973724926 0.1252254829575863 
vt 0.39307927551861976 0.6263583148727554 
vt 0.5192646982145217 0.18185957079587134 
vt 0.5912763925347558 0.3494358513891005 
vt 0.46493443336365176 0.8484602690181096 
vt 0.44692977632026426 0.8484761905790984 
vt 0.3657161935525897 0.8770329593700426 
vt 0.7386218527228612 0.23520755467696042 
vt 0.7481853665958569 0.20656429707539192 
vt 0.3111385737686954 0.20870278092803274 
vt 0.32051960450131545 0.23686456389894806 
vt 0.3118768084267348 0.6548243634055584 
vt 0.30371147609412874 0.6840064976990142 
vt 0.3014721832399548 0.17898018731084364 
vt 0.6753384247283427 0.09301846635960376 
vt 0.3281106711962183 0.09471600310036032 
vt 0.34664918532708694 0.09469245215403754 
vt 0.30919246364879927 0.091182892288868 
vt 0.3560238840482751 0.06442324802727628 
vt 0.38302951935800983 0.09412382905468208 
vt 0.6192678973782856 0.0933816030301522 
vt 0.6382559617404611 0.09371685309220967 
vt 0.5103835986900036 0.09584206968107856 
vt 0.5292327319274464 0.09451358879265037 
vt 0.4921955174198159 0.09533374047543752 
vt 0.45582256315014213 0.09572246809048046 
vt 0.43746559825822906 0.09546259279049363 
vt 0.42828887221910106 0.06397606356053687 
vt 0.7314282737564325 0.09236135089197262 
vt 0.7505296623054046 0.09050409827590078 
vt 0.30863202173768034 0.3220259335891984 
vt 0.3202062633438466 0.2935408683555957 
vt 0.7492291018961441 0.7116590418766564 
vt 0.7373844454888332 0.7402576621591752 
vt 0.7506081419024982 0.14739849423818374 
vt 0.7443072139411879 0.6535459412474289 
vt 0.7453992012113658 0.5995082355152936 
vt 0.3110172250747503 0.82169184837307 
vt 0.3204048661287237 0.8496333518295256 
vt 0.3023002843081455 0.8499647333993354 
vt 0.3113199841976032 0.4330521148920029 
vt 0.3206961376578742 0.4600426703079723 
vt 0.302423645705965 0.40498343650663293 
vt 0.4649070584233687 0.06295033733551492 
vt 0.6479559719713803 0.0608832443040348 
vt 0.5387790532171955 0.061214162991908405 
vt 0.5504178918307054 0.09260175115385627 
vt 0.5687997971653207 0.08173019836630446 
vt 0.3187482505306092 0.06091571665860729 
vt 0.5013500549753206 0.06283066640805934 
vt 0.6103333727750394 0.06015283737416788 
vt 0.5978346514586252 0.0898308070469751 
vt 0.6850296972232363 0.061282869623767056 
vt 0.7412063703967652 0.05958439043152386 
vt 0.7127132799599456 0.08778402370574534 
vt 0.7716004641006704 0.08085530431379295 
vt 0.2889618672051471 0.08382877355524365 
vt 0.3025454239985962 0.7929491833843744 
vt 0.7037358975520771 0.05874998989808611 
vt 0.2923132802018682 0.20899880423360284 
vt 0.4192543490001137 0.09593389740193348 
vt 0.2923335859426878 0.7610091854867578 
vt 0.3026606956629635 0.4631636592116727 
vt 0.31269817407922706 0.4894375598294254 
vt 0.3056308365351705 0.5202741378385609 
vt 0.32225114175947234 0.5169268751837734 
vt 0.47400994565167814 0.09449282716218332 
vt 0.656737463848816 0.09238523883064353 
vt 0.6657741180981367 0.12267496077653406 
vt 0.36492207379432545 0.0936064808973579 
vt 0.7188783690955785 0.7398546763312162 
vt 0.7281962460350486 0.768081534766104 
vt 0.7463909054475344 0.7688423566023767 
vt 0.7374786336416179 0.7964209959042204 
vt 0.7557848219767295 0.7962245134854676 
vt 0.7658801200196976 0.7653344735510204 
vt 0.7468980798430883 0.8247181604175201 
vt 0.7566275519606447 0.853621652047058 
vt 0.747320645620637 0.8814514666617623 
vt 0.6636376340627763 0.5717942167329307 
vt 0.7095969985648135 0.7117007451942983 
vt 0.6910881948188855 0.5999077915279696 
vt 0.6819438701023046 0.6276131199004666 
vt 0.6911321507917734 0.6555981278386911 
vt 0.5548673366966255 0.4604873003161316 
vt 0.5729205855090452 0.46050003041823395 
vt 0.6917203720620111 0.8795281919927588 
vt 0.5999793971855013 0.6545092276275668 
vt 0.6273108428399004 0.7382456611682962 
vt 0.3837879238500365 0.32176822322039167 
vt 0.5547973734223878 0.5711218316717013 
vt 0.5008955020369978 0.4051297351136126 
vt 0.5099169375201197 0.37741054589178813 
vt 0.4829115259742419 0.4051359485781415 
vt 0.32142933112746913 0.6262907159926205 
vt 0.3390698607110965 0.6265968024818966 
vt 0.31250022781181797 0.5984096541305444 
vt 0.7290898837284723 0.3205481500212707 
vt 0.7386254805772094 0.292276823004305 
vt 0.7377667009048938 0.3490226224571783 
vt 0.3382566223943916 0.23753249660654951 
vt 0.5189119275163658 0.7928129195083639 
vt 0.5009104413605162 0.7927228360067975 
vt 0.3130956426406034 0.7099493715201504 
vt 0.5188451690569977 0.4604685544424604 
vt 0.5638117460837446 0.5988297529301921 
vt 0.5729434210035854 0.7375769267801988 
vt 0.7003571235575139 0.6836246647189772 
vt 0.750810492922462 0.3217775199641303 
vt 0.7560919948822832 0.29175371679963735 
vt 0.7509040522674488 0.2612685392955123 
vt 0.5553681151586853 0.23788452015466943 
vt 0.5909065309199117 0.5712935992667543 
vt 0.6552264962024836 0.3211682798085288 
vt 0.6645668999447559 0.2930675981569967 
vt 0.6642550797017166 0.34907855524176645 
vt 0.6735944546182705 0.32102862943885624 
vt 0.6555550728471587 0.26507570949661097 
vt 0.6549601526179412 0.3770468729368911 
vt 0.6640078339715793 0.4049030116251855 
vt 0.5277948892432671 0.5986731474553391 
vt 0.5188097487857173 0.6262981120729094 
vt 0.5098201185465021 0.5986201750784359 
vt 0.5008417458945196 0.6262464832230377 
vt 0.5008382305688515 0.5709682749230199 
vt 0.32929957241812985 0.265494597021676 
vt 0.30860863262140004 0.2629429024707862 
vt 0.7097345797213829 0.7676713742862014 
vt 0.7286453236244611 0.37679106079758684 
vt 0.7389794212776194 0.4064334740604256 
vt 0.74714606305987 0.3751860901888623 
vt 0.43794173550580845 0.8205656491148399 
vt 0.428920236215611 0.8485310014529703 
vt 0.4109007041908651 0.8486244555450739 
vt 0.40192156681641433 0.8207434003278161 
vt 0.3928661411109883 0.8487561584618644 
vt 0.4290161311068258 0.6815976045125265 
vt 0.41104269288307566 0.6816591918797796 
vt 0.609405951763288 0.8497131113579347 
vt 0.627591881439069 0.8500338248942069 
vt 0.6366153082720236 0.8221868105084561 
vt 0.6458207479806414 0.8503879223596094 
vt 0.636793420964871 0.8782732093331033 
vt 0.6548612845084214 0.8225384754083107 
vt 0.6640964942598793 0.8507740338688891 
vt 0.6274351059339252 0.7940560335084055 
vt 0.4289925972626798 0.7370759624803038 
vt 0.29319858064008886 0.5968638634656439 
vt 0.3471458519991746 0.20957851339896116 
vt 0.43795021874964035 0.3774266480293246 
vt 0.384026802970563 0.7095397856346046 
vt 0.518957159903702 0.34964213913814346 
vt 0.5009386432656959 0.3496685875948955 
vt 0.739732594249569 0.17888437920030598 
vt 0.7584995741103459 0.17612434118389864 
vt 0.7675720715267571 0.20680621509450947 
vt 0.4830778969591634 0.12470877909480105 
vt 0.7677125653390463 0.564983978081798 
vt 0.7516019622782382 0.5486766649508118 
vt 0.7516804340753678 0.5163854765739071 
vt 0.7365020310482484 0.5330824576025359 
vt 0.7366495018280427 0.5003838333974793 
vt 0.7517852556472345 0.48408060410820575 
vt 0.564171041352637 0.3216927103077566 
vt 0.6282256533291418 0.23725300423412332 
vt 0.30917031421141206 0.14974679867842755 
vt 0.4289731019784423 0.40513074296476725 
vt 0.49187121891206387 0.48809383650095783 
vt 0.5008646074628831 0.4604626049440411 
vt 0.4108314739145758 0.9046587978912838 
vt 0.5098884450788403 0.7649207781278446 
vt 0.37509815906216093 0.571131791078551 
vt 0.39308949720892933 0.5710535264202572 
vt 0.40207599725946963 0.5433899799237127 
vt 0.3930695906302484 0.5157727813465371 
vt 0.4110560869721481 0.5157429339107361 
vt 0.5818648833530163 0.5989328215837946 
vt 0.5551755736280175 0.9050296360965695 
vt 0.48289249109921206 0.6815650717969187 
vt 0.3384200042163449 0.2936412988733085 
vt 0.7661479407271199 0.3725157264100549 
vt 0.7677918679475788 0.6953926868568543 
vt 0.5824971341867632 0.26572798744044634 
vt 0.45590971938038544 0.2661496237939629 
vt 0.4469043621845496 0.2940493294876413 
vt 0.42887069662489685 0.2940253577543751 
vt 0.5914097296085837 0.9055370032030696 
vt 0.6364689213271103 0.7662766457763781 
vt 0.7678858040478926 0.5003160028073153 
vt 0.75313763215693 0.4520898106690603 
vt 0.7685557524959223 0.4362456477919405 
vt 0.2906040859275885 0.33912596429541686 
vt 0.6092687755217988 0.4050111593863408 
vt 0.5911218173159557 0.405040286476117 
vt 0.7010390961011013 0.9079429584038918 
vt 0.5188300846585129 0.6816706093579794 
vt 0.6272199056056343 0.5160470116241855 
vt 0.6454338050854358 0.5161240468117902 
vt 0.4469830117798009 0.5157095844990032 
vt 0.6547055091421258 0.7665875443110881 
vt 0.6456522372688409 0.7943733250613669 
vt 0.29044341804290624 0.27537980371015935 
vt 0.48296202923826037 0.904506410271402 
vt 0.5367892905653233 0.5710565323336867 
vt 0.6547554463116291 0.4327664059003976 
vt 0.6638241891293737 0.46059522934887176 
vt 0.654611121380744 0.48838092576557623 
vt 0.34785460399890367 0.7654768744914374 
vt 0.34801016690996034 0.6543168800887549 
vt 0.7275341940004074 0.43475778773680096 
vt 0.42892829171609703 0.3496712108057095 
vt 0.6912091382764384 0.7113816410820912 
vt 0.6823689175950645 0.4048604510594913 
vt 0.44690605107480985 0.9044979175354578 
vt 0.3204292476931434 0.9058963292704574 
vt 0.41097764932563285 0.405121089561884 
vt 0.5638585173103606 0.4881706374954321 
vt 0.5190388661982752 0.9046844577814143 
vt 0.5919969382267056 0.18127730436176592 
vt 0.6826467639110507 0.9074600724712703 
vt 0.49205537446629943 0.21009657381883928 
vt 0.7210423484349654 0.17921721859923323 
vt 0.3930526044678002 0.6817458050500296 
vt 0.3748152604652028 0.3495655053220482 
vt 0.43799884466671807 0.4880927858694514 
vt 0.3838872312718231 0.8208866472687015 
vt 0.636364369750836 0.48832938553350935 
vt 0.5101493823740055 0.2100427124131231 
vt 0.7299042049564075 0.26364023918241364 
vt 0.4468262409624118 0.1819838554314558 
vt 0.5100563496572985 0.26608622513623525 
vt 0.6277765617517417 0.9061992722540364 
vt 0.6833913899869336 0.2365686362576329 
vt 0.6739544044428507 0.26487048600935614 
vt 0.5739897155902979 0.1266257335976423 
vt 0.4377379028944361 0.15373653486966266 
vt 0.38364540371986805 0.26595725009157434 
vt 0.4829393531643153 0.8484833325694519 
vt 0.4290331992738438 0.570964371797918 
vt 0.4020499632497724 0.4881194715279762 
vt 0.6748327324671828 0.1515238925219401 
vt 0.63635896444484 0.7105192272099021 
vt 0.7687039018935864 0.6320527562247517 
vt 0.365945398435518 0.4327984503749619 
vt 0.43791159925112855 0.32188661944242647 
vt 0.5279321866656521 0.3773887135883187 
vt 0.4559265684406455 0.32189929153049057 
vt 0.4198078401927969 0.2660926678729164 
vt 0.5191435765187896 0.23806998159854753 
vt 0.6272234306177231 0.68257574460058 
vt 0.33886133739274743 0.4599003443011698 
vt 0.46493204094592544 0.29405662115638287 
vt 0.6731571680251303 0.8229196122857785 
vt 0.5369295654636398 0.7929374143853711 
vt 0.7283714947764525 0.8242322783137277 
vt 0.6378985304493525 0.1523616611322718 
vt 0.5829498827243283 0.15336346693515157 
vt 0.6829808040235426 0.2928884675519061 
vt 0.663634262198211 0.6273953813213394 
vt 0.672798248616188 0.6553387208225012 
vt 0.47391833252366994 0.43281021289601207 
vt 0.32968167691671335 0.37731071641685565 
vt 0.35695462128041755 0.4603961817286354 
vt 0.5368441142441497 0.46047679591050383 
vt 0.41106306888570954 0.6262895923475504 
vt 0.6819635167771131 0.51627484258491 
vt 0.6821463936964398 0.46060167685052644 
vt 0.5820262062271984 0.765513061664921 
vt 0.4649354159238432 0.6262033811131205 
vt 0.4828855639482555 0.6262148708927664 
vt 0.48288369280181254 0.5709456299029859 
vt 0.3114355255739526 0.3771850733254649 
vt 0.33885526837353086 0.7377370835332937 
vt 0.3930070401759893 0.7372526559458719 
vt 0.39276089751074733 0.2939278271594975 
vt 0.5728412895679489 0.6265709062689551 
vt 0.5278095511027161 0.6540094780590153 
vt 0.47392288645637376 0.7648172652656534 
vt 0.6090227509289244 0.6268475699772941 
vt 0.4379903290802769 0.7092958348169027 
vt 0.42001798212615177 0.7093496019051542 
vt 0.402031951165892 0.7094310302908272 
vt 0.5731464164163913 0.8491762783578594 
vt 0.6460198966601736 0.9065856368940663 
vt 0.4108248977655122 0.29398480425303974 
vt 0.6004050549754558 0.8776017903636631 
vt 0.36604928907592377 0.6541966832600736 
vt 0.6372143398166363 0.2652646735104963 
vt 0.7361005836170641 0.6271586213909924 
vt 0.39245658350947377 0.1817724471816331 
vt 0.35586089005490773 0.12408056930276878 
vt 0.646556465270344 0.237043846714741 
vt 0.3386109194958927 0.8493714386162623 
vt 0.5278224729346757 0.48812160922835923 
vt 0.32143336570107917 0.5717364480153944 
vt 0.5638805569769497 0.7096996700773499 
vt 0.5639529520261167 0.765317955612783 
vt 0.49188970983271413 0.4328093488363801 
vt 0.41059565531975933 0.18187185801227645 
vt 0.3840682881813126 0.6540870672503574 
vt 0.40206424459922685 0.6539979295247693 
vt 0.32132532504670036 0.7382679979699461 
vt 0.6826400961238784 0.34896774912688844 
vt 0.356557802044468 0.2937622753247675 
vt 0.3746732706371046 0.29385410130690703 
vt 0.4829198589332034 0.7926674820587725 
vt 0.5641606361535286 0.8770770155364027 
vt 0.5822669828412528 0.8773205521292833 
vt 0.42854331641541127 0.12495264006674367 
vt 0.5098309130719462 0.6539395486141795 
vt 0.6733018313514145 0.3769730677957076 
vt 0.6090671670709804 0.6823663909210045 
vt 0.6733590422146907 0.8790803149166027 
vt 0.5459089501950866 0.7651538278904586 
vt 0.6002670930897691 0.3772324020990844 
vt 0.6730725698542176 0.43275496620318166 
vt 0.4195783359441737 0.15359316102554965 
vt 0.6453801165467826 0.571649535654243 
vt 0.5910094310117476 0.46051494105331625 
vt 0.5460815090836587 0.8768720599513576 
vt 0.581922702374459 0.4882029164670315 
vt 0.6094461286700271 0.3493600524212064 
vt 0.5730161690747582 0.4050657738602098 
vt 0.6004558093063843 0.32151925083174515 
vt 0.4110687838638308 0.5710005437183066 
vt 0.491860188748507 0.5985843619870163 
vt 0.6727716259571604 0.5996878062397967 
vt 0.6185791675222766 0.8779197201661415 
vt 0.5822939930410078 0.3216122594609233 
vt 0.4739419031206582 0.8764506698652468 
vt 0.42902527161215814 0.5157218544306286 
vt 0.4918668024748748 0.6538922458360356 
vt 0.5909125159725421 0.6267000459276199 
vt 0.5733170946261547 0.2937522065573632 
vt 0.6728810242443649 0.4884113582083155 
vt 0.5643427963948155 0.2658461578842777 
vt 0.5462217468682959 0.26594546998567903 
vt 0.4919281667120144 0.8205754315202073 
vt 0.5820073262928495 0.43279303668979296 
vt 0.45592652085361707 0.8764467719829828 
vt 0.5372435653542147 0.23798844987659196 
vt 0.40207993884069504 0.5986662001887262 
vt 0.4200496450640898 0.5433550857679296 
vt 0.43790888527403304 0.8764836466255759 
vt 0.5280249308327207 0.8767064264886887 
vt 0.3837924566540095 0.8768363346431373 
vt 0.5282589227628114 0.2099629983075444 
vt 0.5374053720456422 0.18175614396079254 
vt 0.5099860935066268 0.8765807115911453 
vt 0.6636821186627946 0.5162023369148769 
vt 0.5284111008553118 0.15357041882844558 
vt 0.5375914795119614 0.12516654222264378 
vt 0.6550519487961451 0.878660746519655 
vt 0.37469940454529244 0.904986266391326 
vt 0.4198839668279966 0.8765611145473566 
vt 0.6545177318011519 0.5439445357174442 
vt 0.4919600816540239 0.8764953618123896 
vt 0.3566000542398432 0.9052109100302741 
vt 0.34761125534722326 0.8772673918982619 
vt 0.3294838056441076 0.8775562726809799 
vt 0.31143470613216173 0.8779868423216721 
vt 0.401846788322257 0.8766788402267514 
vt 0.29165125686277016 0.881570634049186 
vt 0.4101744191284874 0.06350844465597272 
vt 0.7674750559833183 0.8851537303408521 
vt 0.37387397540737505 0.060518886202892364 
vt 0.40117942120097494 0.09462392904977612 
vt 0.6472916511752586 0.12288880932477497 
vt 0.29152876220177776 0.6585802358821919 
vt 0.7362534169660127 0.4646454964912563 
vt 0.2899424749208857 0.5315932105084928 
vt 0.7543529306723662 0.42214055752882573 
vt 0.7610272439948754 0.11460505347317396 
vt 0.29983876533682347 0.11744545093218528 
vt 0.7697216274097914 0.27379117753085314 
vt 0.3404104171875263 0.5173984406734047 
vt 0.33049310788587083 0.4886542297645876 
vt 0.5745986376357398 0.054767718063541304 
vt 0.30453872358264794 0.7359524621293475 
vt 0.7534866352206772 0.7425788514277231 
vt 0.31439340080444994 0.5456129965211534 
vt 0.304013546196725 0.2913181570929314 
vt 0.7697998284204332 0.3076830603474301 
vt 0.7542114270140864 0.35111677210807113 
vt 0.30478676130702814 0.352478365513184 
vt 0.5820972522018776 0.10132632582507595 
vt 0.7542096266068784 0.6754981877099635 
vt 0.2880188305745629 0.692172057554467 
vt 0.305339884880504 0.5714823988559055 
vt 0.28766075678730585 0.4671792848305585 
vt 0.7532591198435742 0.5758617823251644 
vt 0.7547881972954821 0.23044833769086215 
vt 0.3047541814988943 0.2324293233857806 
vt 0.7741558823884802 0.17427317201267367 
vt 0.286044630187399 0.1768109838988008 
vt 0.2871658067309958 0.8534249990952935 
vt 0.2872668936556529 0.4037159066320747 
vt 0.7524636384722936 0.6251874361501667 
vt 0.3052415014676084 0.6244824916261957 
vt 0.7712404338273958 0.7937852101864045 
vt 0.2871544338900928 0.7894425782176969 
vt 0.7722206905552188 0.8559272851441302 
vt 0.7240776446262651 0.5484433714357855 
vt 0.7240866732889751 0.485051280435 
vt 0.2880983694988777 0.9107562512828137 
vt 0.7747674421036485 0.04903397347162297 
vt 0.2860983463337944 0.05266053755521005 
vt 0.7708465383807714 0.9144197621469216 
vt 0.5832091957784947 0.0771561844663271 
vt 0.776138335269926 0.10991177659087203 
vt 0.2848930460731972 0.11372269361053011 
vt 0.5653230002887453 0.1062407806486021 
vt 0.7548031852466883 0.3970495464759929 
vt 0.3007190885956122 0.5465596535848025 
vt 0.7420344847734316 0.4360215005208873 
vt 0.299213141584482 0.7067947521869419 
vt 0.7579425328757048 0.6478888501746061 
vn 0.0 0.0 1.0
usemtl surface_texture
s off
f 1/1/1 956/956/1 5/5/1
f 112/112/1 956/956/1 1/1/1
f 31/31/1 954/954/1 2/2/1
f 2/2/1 954/954/1 32/32/1
f 58/58/1 957/957/1 3/3/1
f 3/3/1 957/957/1 59/59/1
f 85/85/1 955/955/1 4/4/1
f 4/4/1 955/955/1 86/86/1
f 5/5/1 606/606/1 6/6/1
f 5/5/1 956/956/1 606/606/1
f 6/6/1 960/960/1 7/7/1
f 606/606/1 960/960/1 6/6/1
f 7/7/1 140/140/1 8/8/1
f 7/7/1 960/960/1 140/140/1
f 8/8/1 944/944/1 9/9/1
f 140/140/1 944/944/1 8/8/1
f 9/9/1 609/609/1 10/10/1
f 9/9/1 944/944/1 609/609/1
f 10/10/1 127/127/1 11/11/1
f 10/10/1 609/609/1 127/127/1
f 11/11/1 751/751/1 12/12/1
f 127/127/1 751/751/1 11/11/1
f 12/12/1 145/145/1 13/13/1
f 12/12/1 751/751/1 145/145/1
f 13/13/1 741/741/1 14/14/1
f 145/145/1 741/741/1 13/13/1
f 14/14/1 118/118/1 15/15/1
f 14/14/1 741/741/1 118/118/1
f 15/15/1 946/946/1 16/16/1
f 118/118/1 946/946/1 15/15/1
f 16/16/1 146/146/1 17/17/1
f 16/16/1 946/946/1 146/146/1
f 17/17/1 939/939/1 18/18/1
f 146/146/1 939/939/1 17/17/1
f 18/18/1 113/113/1 19/19/1
f 18/18/1 939/939/1 113/113/1
f 19/19/1 920/920/1 20/20/1
f 113/113/1 920/920/1 19/19/1
f 20/20/1 147/147/1 21/21/1
f 20/20/1 920/920/1 147/147/1
f 21/21/1 697/697/1 22/22/1
f 147/147/1 697/697/1 21/21/1
f 22/22/1 121/121/1 23/23/1
f 22/22/1 697/697/1 121/121/1
f 23/23/1 918/918/1 24/24/1
f 121/121/1 918/918/1 23/23/1
f 24/24/1 937/937/1 25/25/1
f 918/918/1 937/937/1 24/24/1
f 25/25/1 130/130/1 26/26/1
f 25/25/1 937/937/1 130/130/1
f 26/26/1 611/611/1 27/27/1
f 130/130/1 611/611/1 26/26/1
f 27/27/1 950/950/1 28/28/1
f 611/611/1 950/950/1 27/27/1
f 28/28/1 134/134/1 29/29/1
f 28/28/1 950/950/1 134/134/1
f 29/29/1 945/945/1 30/30/1
f 134/134/1 945/945/1 29/29/1
f 30/30/1 912/912/1 31/31/1
f 30/30/1 945/945/1 912/912/1
f 912/912/1 954/954/1 31/31/1
f 32/32/1 153/153/1 33/33/1
f 32/32/1 954/954/1 153/153/1
f 33/33/1 764/764/1 34/34/1
f 153/153/1 764/764/1 33/33/1
f 34/34/1 138/138/1 35/35/1
f 34/34/1 764/764/1 138/138/1
f 35/35/1 907/907/1 36/36/1
f 138/138/1 907/907/1 35/35/1
f 36/36/1 903/903/1 37/37/1
f 36/36/1 907/907/1 903/903/1
f 37/37/1 125/125/1 38/38/1
f 37/37/1 903/903/1 125/125/1
f 38/38/1 719/719/1 39/39/1
f 125/125/1 719/719/1 38/38/1
f 39/39/1 152/152/1 40/40/1
f 39/39/1 719/719/1 152/152/1
f 40/40/1 763/763/1 41/41/1
f 152/152/1 763/763/1 40/40/1
f 41/41/1 120/120/1 42/42/1
f 41/41/1 763/763/1 120/120/1
f 42/42/1 752/752/1 43/43/1
f 120/120/1 752/752/1 42/42/1
f 43/43/1 151/151/1 44/44/1
f 43/43/1 752/752/1 151/151/1
f 44/44/1 767/767/1 45/45/1
f 151/151/1 767/767/1 44/44/1
f 45/45/1 114/114/1 46/46/1
f 45/45/1 767/767/1 114/114/1
f 46/46/1 727/727/1 47/47/1
f 114/114/1 727/727/1 46/46/1
f 47/47/1 141/141/1 48/48/1
f 47/47/1 727/727/1 141/141/1
f 48/48/1 736/736/1 49/49/1
f 141/141/1 736/736/1 48/48/1
f 49/49/1 122/122/1 50/50/1
f 49/49/1 736/736/1 122/122/1
f 50/50/1 781/781/1 51/51/1
f 122/122/1 781/781/1 50/50/1
f 51/51/1 833/833/1 52/52/1
f 781/781/1 833/833/1 51/51/1
f 52/52/1 132/132/1 53/53/1
f 52/52/1 833/833/1 132/132/1
f 53/53/1 769/769/1 54/54/1
f 132/132/1 769/769/1 53/53/1
f 54/54/1 744/744/1 55/55/1
f 54/54/1 769/769/1 744/744/1
f 55/55/1 133/133/1 56/56/1
f 55/55/1 744/744/1 133/133/1
f 56/56/1 157/157/1 57/57/1
f 133/133/1 157/157/1 56/56/1
f 57/57/1 154/154/1 58/58/1
f 57/57/1 157/157/1 154/154/1
f 154/154/1 957/957/1 58/58/1
f 59/59/1 914/914/1 60/60/1
f 59/59/1 957/957/1 914/914/1
f 60/60/1 951/951/1 61/61/1
f 914/914/1 951/951/1 60/60/1
f 61/61/1 137/137/1 62/62/1
f 61/61/1 951/951/1 137/137/1
f 62/62/1 949/949/1 63/63/1
f 137/137/1 949/949/1 62/62/1
f 63/63/1 625/625/1 64/64/1
f 63/63/1 949/949/1 625/625/1
f 64/64/1 126/126/1 65/65/1
f 64/64/1 625/625/1 126/126/1
f 65/65/1 731/731/1 66/66/1
f 126/126/1 731/731/1 65/65/1
f 66/66/1 150/150/1 67/67/1
f 66/66/1 731/731/1 150/150/1
f 67/67/1 792/792/1 68/68/1
f 150/150/1 792/792/1 67/67/1
f 68/68/1 117/117/1 69/69/1
f 68/68/1 792/792/1 117/117/1
f 69/69/1 707/707/1 70/70/1
f 117/117/1 707/707/1 69/69/1
f 70/70/1 148/148/1 71/71/1
f 70/70/1 707/707/1 148/148/1
f 71/71/1 738/738/1 72/72/1
f 148/148/1 738/738/1 71/71/1
f 72/72/1 115/115/1 73/73/1
f 72/72/1 738/738/1 115/115/1
f 73/73/1 740/740/1 74/74/1
f 115/115/1 740/740/1 73/73/1
f 74/74/1 143/143/1 75/75/1
f 74/74/1 740/740/1 143/143/1
f 75/75/1 730/730/1 76/76/1
f 143/143/1 730/730/1 75/75/1
f 76/76/1 123/123/1 77/77/1
f 76/76/1 730/730/1 123/123/1
f 77/77/1 932/932/1 78/78/1
f 123/123/1 932/932/1 77/77/1
f 78/78/1 924/924/1 79/79/1
f 78/78/1 932/932/1 924/924/1
f 79/79/1 129/129/1 80/80/1
f 79/79/1 924/924/1 129/129/1
f 80/80/1 705/705/1 81/81/1
f 129/129/1 705/705/1 80/80/1
f 81/81/1 943/943/1 82/82/1
f 705/705/1 943/943/1 81/81/1
f 82/82/1 139/139/1 83/83/1
f 82/82/1 943/943/1 139/139/1
f 83/83/1 959/959/1 84/84/1
f 139/139/1 959/959/1 83/83/1
f 84/84/1 605/605/1 85/85/1
f 84/84/1 959/959/1 605/605/1
f 605/605/1 955/955/1 85/85/1
f 86/86/1 156/156/1 87/87/1
f 86/86/1 955/955/1 156/156/1
f 87/87/1 603/603/1 88/88/1
f 156/156/1 603/603/1 87/87/1
f 88/88/1 136/136/1 89/89/1
f 88/88/1 603/603/1 136/136/1
f 89/89/1 608/608/1 90/90/1
f 136/136/1 608/608/1 89/89/1
f 90/90/1 602/602/1 91/91/1
f 90/90/1 608/608/1 602/602/1
f 91/91/1 128/128/1 92/92/1
f 91/91/1 602/602/1 128/128/1
f 92/92/1 594/594/1 93/93/1
f 128/128/1 594/594/1 92/92/1
f 93/93/1 142/142/1 94/94/1
f 93/93/1 594/594/1 142/142/1
f 94/94/1 600/600/1 95/95/1
f 142/142/1 600/600/1 94/94/1
f 95/95/1 119/119/1 96/96/1
f 95/95/1 600/600/1 119/119/1
f 96/96/1 927/927/1 97/97/1
f 119/119/1 927/927/1 96/96/1
f 97/97/1 144/144/1 98/98/1
f 97/97/1 927/927/1 144/144/1
f 98/98/1 595/595/1 99/99/1
f 144/144/1 595/595/1 98/98/1
f 99/99/1 116/116/1 100/100/1
f 99/99/1 595/595/1 116/116/1
f 100/100/1 599/599/1 101/101/1
f 116/116/1 599/599/1 100/100/1
f 101/101/1 149/149/1 102/102/1
f 101/101/1 599/599/1 149/149/1
f 102/102/1 593/593/1 103/103/1
f 149/149/1 593/593/1 102/102/1
f 103/103/1 124/124/1 104/104/1
f 103/103/1 593/593/1 124/124/1
f 104/104/1 577/577/1 105/105/1
f 124/124/1 577/577/1 104/104/1
f 105/105/1 913/913/1 106/106/1
f 577/577/1 913/913/1 105/105/1
f 106/106/1 131/131/1 107/107/1
f 106/106/1 913/913/1 131/131/1
f 107/107/1 915/915/1 108/108/1
f 131/131/1 915/915/1 107/107/1
f 108/108/1 568/568/1 109/109/1
f 108/108/1 915/915/1 568/568/1
f 109/109/1 135/135/1 110/110/1
f 109/109/1 568/568/1 135/135/1
f 110/110/1 598/598/1 111/111/1
f 135/135/1 598/598/1 110/110/1
f 111/111/1 155/155/1 112/112/1
f 111/111/1 598/598/1 155/155/1
f 155/155/1 956/956/1 112/112/1
f 612/612/1 613/613/1 113/113/1
f 113/113/1 939/939/1 612/612/1
f 613/613/1 614/614/1 113/113/1
f 614/614/1 920/920/1 113/113/1
f 114/114/1 869/869/1 727/727/1
f 767/767/1 894/894/1 114/114/1
f 114/114/1 894/894/1 869/869/1
f 115/115/1 738/738/1 712/712/1
f 712/712/1 739/739/1 115/115/1
f 739/739/1 740/740/1 115/115/1
f 116/116/1 573/573/1 572/572/1
f 572/572/1 599/599/1 116/116/1
f 116/116/1 595/595/1 573/573/1
f 586/586/1 940/940/1 117/117/1
f 117/117/1 947/947/1 586/586/1
f 117/117/1 940/940/1 707/707/1
f 792/792/1 947/947/1 117/117/1
f 118/118/1 821/821/1 592/592/1
f 592/592/1 946/946/1 118/118/1
f 741/741/1 934/934/1 118/118/1
f 118/118/1 934/934/1 821/821/1
f 600/600/1 601/601/1 119/119/1
f 601/601/1 958/958/1 119/119/1
f 119/119/1 958/958/1 927/927/1
f 120/120/1 879/879/1 752/752/1
f 763/763/1 889/889/1 120/120/1
f 120/120/1 889/889/1 879/879/1
f 697/697/1 948/948/1 121/121/1
f 121/121/1 948/948/1 918/918/1
f 736/736/1 835/835/1 122/122/1
f 122/122/1 877/877/1 781/781/1
f 835/835/1 877/877/1 122/122/1
f 658/658/1 932/932/1 123/123/1
f 123/123/1 933/933/1 658/658/1
f 730/730/1 933/933/1 123/123/1
f 575/575/1 576/576/1 124/124/1
f 124/124/1 593/593/1 575/575/1
f 576/576/1 577/577/1 124/124/1
f 125/125/1 911/911/1 719/719/1
f 125/125/1 903/903/1 895/895/1
f 895/895/1 911/911/1 125/125/1
f 582/582/1 731/731/1 126/126/1
f 126/126/1 929/929/1 582/582/1
f 625/625/1 929/929/1 126/126/1
f 609/609/1 942/942/1 127/127/1
f 676/676/1 751/751/1 127/127/1
f 127/127/1 942/942/1 676/676/1
f 128/128/1 602/602/1 564/564/1
f 564/564/1 617/617/1 128/128/1
f 128/128/1 617/617/1 594/594/1
f 129/129/1 924/924/1 660/660/1
f 660/660/1 941/941/1 129/129/1
f 129/129/1 941/941/1 705/705/1
f 130/130/1 928/928/1 611/611/1
f 130/130/1 965/965/1 928/928/1
f 937/937/1 965/965/1 130/130/1
f 569/569/1 915/915/1 131/131/1
f 131/131/1 916/916/1 569/569/1
f 913/913/1 916/916/1 131/131/1
f 132/132/1 862/862/1 769/769/1
f 833/833/1 902/902/1 132/132/1
f 132/132/1 902/902/1 862/862/1
f 133/133/1 158/158/1 157/157/1
f 133/133/1 159/159/1 158/158/1
f 133/133/1 744/744/1 159/159/1
f 587/587/1 589/589/1 134/134/1
f 134/134/1 607/607/1 587/587/1
f 589/589/1 945/945/1 134/134/1
f 134/134/1 950/950/1 607/607/1
f 135/135/1 566/566/1 565/565/1
f 565/565/1 598/598/1 135/135/1
f 135/135/1 568/568/1 566/566/1
f 136/136/1 603/603/1 578/578/1
f 578/578/1 604/604/1 136/136/1
f 604/604/1 608/608/1 136/136/1
f 137/137/1 626/626/1 624/624/1
f 624/624/1 949/949/1 137/137/1
f 137/137/1 627/627/1 626/626/1
f 137/137/1 951/951/1 627/627/1
f 764/764/1 909/909/1 138/138/1
f 138/138/1 908/908/1 907/907/1
f 138/138/1 909/909/1 908/908/1
f 139/139/1 704/704/1 584/584/1
f 584/584/1 922/922/1 139/139/1
f 139/139/1 943/943/1 704/704/1
f 922/922/1 959/959/1 139/139/1
f 140/140/1 715/715/1 563/563/1
f 563/563/1 944/944/1 140/140/1
f 140/140/1 923/923/1 715/715/1
f 140/140/1 960/960/1 923/923/1
f 727/727/1 856/856/1 141/141/1
f 141/141/1 857/857/1 736/736/1
f 856/856/1 857/857/1 141/141/1
f 142/142/1 571/571/1 570/570/1
f 570/570/1 600/600/1 142/142/1
f 142/142/1 594/594/1 571/571/1
f 143/143/1 962/962/1 730/730/1
f 740/740/1 921/921/1 143/143/1
f 921/921/1 962/962/1 143/143/1
f 144/144/1 596/596/1 595/595/1
f 144/144/1 597/597/1 596/596/1
f 144/144/1 927/927/1 597/597/1
f 580/580/1 741/741/1 145/145/1
f 145/145/1 931/931/1 580/580/1
f 751/751/1 931/931/1 145/145/1
f 146/146/1 592/592/1 590/590/1
f 590/590/1 612/612/1 146/146/1
f 146/146/1 946/946/1 592/592/1
f 612/612/1 939/939/1 146/146/1
f 147/147/1 938/938/1 697/697/1
f 920/920/1 963/963/1 147/147/1
f 147/147/1 963/963/1 938/938/1
f 707/707/1 708/708/1 148/148/1
f 708/708/1 709/709/1 148/148/1
f 709/709/1 738/738/1 148/148/1
f 149/149/1 599/599/1 574/574/1
f 574/574/1 616/616/1 149/149/1
f 149/149/1 616/616/1 593/593/1
f 731/731/1 936/936/1 150/150/1
f 150/150/1 966/966/1 792/792/1
f 936/936/1 966/966/1 150/150/1
f 752/752/1 906/906/1 151/151/1
f 151/151/1 898/898/1 767/767/1
f 151/151/1 906/906/1 898/898/1
f 719/719/1 904/904/1 152/152/1
f 152/152/1 893/893/1 763/763/1
f 152/152/1 904/904/1 893/893/1
f 153/153/1 910/910/1 764/764/1
f 153/153/1 912/912/1 910/910/1
f 153/153/1 954/954/1 912/912/1
f 157/157/1 628/628/1 154/154/1
f 628/628/1 914/914/1 154/154/1
f 914/914/1 957/957/1 154/154/1
f 155/155/1 598/598/1 567/567/1
f 567/567/1 606/606/1 155/155/1
f 606/606/1 956/956/1 155/155/1
f 579/579/1 603/603/1 156/156/1
f 156/156/1 605/605/1 579/579/1
f 156/156/1 955/955/1 605/605/1
f 158/158/1 628/628/1 157/157/1
f 159/159/1 160/160/1 158/158/1
f 160/160/1 515/515/1 158/158/1
f 515/515/1 628/628/1 158/158/1
f 159/159/1 161/161/1 160/160/1
f 159/159/1 636/636/1 161/161/1
f 159/159/1 744/744/1 636/636/1
f 161/161/1 162/162/1 160/160/1
f 162/162/1 804/804/1 160/160/1
f 160/160/1 804/804/1 515/515/1
f 161/161/1 163/163/1 162/162/1
f 161/161/1 472/472/1 163/163/1
f 161/161/1 636/636/1 472/472/1
f 163/163/1 164/164/1 162/162/1
f 164/164/1 357/357/1 162/162/1
f 357/357/1 804/804/1 162/162/1
f 163/163/1 165/165/1 164/164/1
f 163/163/1 802/802/1 165/165/1
f 472/472/1 802/802/1 163/163/1
f 165/165/1 166/166/1 164/164/1
f 166/166/1 677/677/1 164/164/1
f 164/164/1 677/677/1 357/357/1
f 165/165/1 167/167/1 166/166/1
f 165/165/1 307/307/1 167/167/1
f 165/165/1 802/802/1 307/307/1
f 167/167/1 168/168/1 166/166/1
f 168/168/1 329/329/1 166/166/1
f 329/329/1 677/677/1 166/166/1
f 167/167/1 169/169/1 168/168/1
f 167/167/1 749/749/1 169/169/1
f 307/307/1 749/749/1 167/167/1
f 169/169/1 170/170/1 168/168/1
f 170/170/1 761/761/1 168/168/1
f 168/168/1 761/761/1 329/329/1
f 169/169/1 171/171/1 170/170/1
f 169/169/1 253/253/1 171/171/1
f 169/169/1 749/749/1 253/253/1
f 171/171/1 172/172/1 170/170/1
f 172/172/1 281/281/1 170/170/1
f 281/281/1 761/761/1 170/170/1
f 171/171/1 173/173/1 172/172/1
f 171/171/1 791/791/1 173/173/1
f 253/253/1 791/791/1 171/171/1
f 173/173/1 174/174/1 172/172/1
f 174/174/1 809/809/1 172/172/1
f 172/172/1 809/809/1 281/281/1
f 173/173/1 175/175/1 174/174/1
f 173/173/1 799/799/1 175/175/1
f 791/791/1 799/799/1 173/173/1
f 175/175/1 176/176/1 174/174/1
f 176/176/1 808/808/1 174/174/1
f 808/808/1 809/809/1 174/174/1
f 175/175/1 177/177/1 176/176/1
f 175/175/1 210/210/1 177/177/1
f 175/175/1 799/799/1 210/210/1
f 177/177/1 178/178/1 176/176/1
f 178/178/1 255/255/1 176/176/1
f 255/255/1 808/808/1 176/176/1
f 177/177/1 179/179/1 178/178/1
f 177/177/1 828/828/1 179/179/1
f 210/210/1 828/828/1 177/177/1
f 179/179/1 180/180/1 178/178/1
f 180/180/1 867/867/1 178/178/1
f 178/178/1 867/867/1 255/255/1
f 179/179/1 181/181/1 180/180/1
f 179/179/1 473/473/1 181/181/1
f 179/179/1 828/828/1 473/473/1
f 181/181/1 182/182/1 180/180/1
f 182/182/1 363/363/1 180/180/1
f 363/363/1 867/867/1 180/180/1
f 181/181/1 183/183/1 182/182/1
f 181/181/1 662/662/1 183/183/1
f 473/473/1 662/662/1 181/181/1
f 183/183/1 184/184/1 182/182/1
f 184/184/1 746/746/1 182/182/1
f 182/182/1 746/746/1 363/363/1
f 183/183/1 185/185/1 184/184/1
f 183/183/1 186/186/1 185/185/1
f 183/183/1 662/662/1 186/186/1
f 185/185/1 203/203/1 184/184/1
f 203/203/1 215/215/1 184/184/1
f 215/215/1 746/746/1 184/184/1
f 186/186/1 187/187/1 185/185/1
f 187/187/1 870/870/1 185/185/1
f 185/185/1 870/870/1 203/203/1
f 186/186/1 188/188/1 187/187/1
f 186/186/1 305/305/1 188/188/1
f 186/186/1 662/662/1 305/305/1
f 188/188/1 189/189/1 187/187/1
f 189/189/1 766/766/1 187/187/1
f 766/766/1 870/870/1 187/187/1
f 188/188/1 190/190/1 189/189/1
f 188/188/1 640/640/1 190/190/1
f 305/305/1 640/640/1 188/188/1
f 190/190/1 191/191/1 189/189/1
f 191/191/1 194/194/1 189/189/1
f 194/194/1 766/766/1 189/189/1
f 190/190/1 192/192/1 191/191/1
f 190/190/1 753/753/1 192/192/1
f 640/640/1 753/753/1 190/190/1
f 192/192/1 193/193/1 191/191/1
f 193/193/1 843/843/1 191/191/1
f 191/191/1 843/843/1 194/194/1
f 192/192/1 195/195/1 193/193/1
f 192/192/1 200/200/1 195/195/1
f 192/192/1 753/753/1 200/200/1
f 195/195/1 196/196/1 193/193/1
f 196/196/1 334/334/1 193/193/1
f 334/334/1 843/843/1 193/193/1
f 634/634/1 766/766/1 194/194/1
f 194/194/1 813/813/1 634/634/1
f 194/194/1 843/843/1 813/813/1
f 195/195/1 197/197/1 196/196/1
f 195/195/1 674/674/1 197/197/1
f 200/200/1 674/674/1 195/195/1
f 197/197/1 198/198/1 196/196/1
f 198/198/1 717/717/1 196/196/1
f 196/196/1 717/717/1 334/334/1
f 197/197/1 199/199/1 198/198/1
f 197/197/1 820/820/1 199/199/1
f 674/674/1 820/820/1 197/197/1
f 199/199/1 201/201/1 198/198/1
f 201/201/1 202/202/1 198/198/1
f 202/202/1 717/717/1 198/198/1
f 199/199/1 206/206/1 201/201/1
f 199/199/1 207/207/1 206/206/1
f 199/199/1 820/820/1 207/207/1
f 670/670/1 672/672/1 200/200/1
f 200/200/1 753/753/1 670/670/1
f 672/672/1 674/674/1 200/200/1
f 201/201/1 204/204/1 202/202/1
f 201/201/1 748/748/1 204/204/1
f 206/206/1 748/748/1 201/201/1
f 204/204/1 205/205/1 202/202/1
f 205/205/1 471/471/1 202/202/1
f 471/471/1 717/717/1 202/202/1
f 203/203/1 216/216/1 215/215/1
f 203/203/1 868/868/1 216/216/1
f 203/203/1 870/870/1 868/868/1
f 204/204/1 208/208/1 205/205/1
f 204/204/1 774/774/1 208/208/1
f 748/748/1 774/774/1 204/204/1
f 208/208/1 209/209/1 205/205/1
f 209/209/1 810/810/1 205/205/1
f 205/205/1 810/810/1 471/471/1
f 207/207/1 211/211/1 206/206/1
f 211/211/1 486/486/1 206/206/1
f 486/486/1 748/748/1 206/206/1
f 207/207/1 212/212/1 211/211/1
f 207/207/1 365/365/1 212/212/1
f 207/207/1 820/820/1 365/365/1
f 208/208/1 217/217/1 209/209/1
f 208/208/1 230/230/1 217/217/1
f 208/208/1 774/774/1 230/230/1
f 217/217/1 218/218/1 209/209/1
f 218/218/1 219/219/1 209/209/1
f 219/219/1 810/810/1 209/209/1
f 637/637/1 828/828/1 210/210/1
f 210/210/1 861/861/1 637/637/1
f 799/799/1 861/861/1 210/210/1
f 212/212/1 213/213/1 211/211/1
f 213/213/1 788/788/1 211/211/1
f 211/211/1 788/788/1 486/486/1
f 212/212/1 214/214/1 213/213/1
f 212/212/1 818/818/1 214/214/1
f 365/365/1 818/818/1 212/212/1
f 214/214/1 225/225/1 213/213/1
f 225/225/1 235/235/1 213/213/1
f 235/235/1 788/788/1 213/213/1
f 214/214/1 231/231/1 225/225/1
f 214/214/1 232/232/1 231/231/1
f 214/214/1 818/818/1 232/232/1
f 216/216/1 226/226/1 215/215/1
f 226/226/1 776/776/1 215/215/1
f 215/215/1 776/776/1 746/746/1
f 216/216/1 227/227/1 226/226/1
f 216/216/1 306/306/1 227/227/1
f 216/216/1 868/868/1 306/306/1
f 217/217/1 716/716/1 218/218/1
f 230/230/1 237/237/1 217/217/1
f 237/237/1 716/716/1 217/217/1
f 218/218/1 220/220/1 219/219/1
f 218/218/1 699/699/1 220/220/1
f 218/218/1 716/716/1 699/699/1
f 220/220/1 221/221/1 219/219/1
f 221/221/1 643/643/1 219/219/1
f 643/643/1 810/810/1 219/219/1
f 220/220/1 222/222/1 221/221/1
f 220/220/1 224/224/1 222/222/1
f 220/220/1 699/699/1 224/224/1
f 222/222/1 223/223/1 221/221/1
f 223/223/1 302/302/1 221/221/1
f 302/302/1 643/643/1 221/221/1
f 222/222/1 228/228/1 223/223/1
f 224/224/1 796/796/1 222/222/1
f 222/222/1 796/796/1 228/228/1
f 228/228/1 229/229/1 223/223/1
f 229/229/1 702/702/1 223/223/1
f 223/223/1 702/702/1 302/302/1
f 699/699/1 760/760/1 224/224/1
f 760/760/1 794/794/1 224/224/1
f 794/794/1 796/796/1 224/224/1
f 231/231/1 236/236/1 225/225/1
f 225/225/1 814/814/1 235/235/1
f 236/236/1 814/814/1 225/225/1
f 227/227/1 233/233/1 226/226/1
f 233/233/1 240/240/1 226/226/1
f 240/240/1 776/776/1 226/226/1
f 227/227/1 234/234/1 233/233/1
f 227/227/1 742/742/1 234/234/1
f 306/306/1 742/742/1 227/227/1
f 228/228/1 238/238/1 229/229/1
f 228/228/1 801/801/1 238/238/1
f 796/796/1 801/801/1 228/228/1
f 238/238/1 239/239/1 229/229/1
f 239/239/1 257/257/1 229/229/1
f 257/257/1 702/702/1 229/229/1
f 230/230/1 243/243/1 237/237/1
f 230/230/1 380/380/1 243/243/1
f 230/230/1 774/774/1 380/380/1
f 232/232/1 248/248/1 231/231/1
f 231/231/1 686/686/1 236/236/1
f 248/248/1 686/686/1 231/231/1
f 232/232/1 249/249/1 248/248/1
f 232/232/1 490/490/1 249/249/1
f 232/232/1 818/818/1 490/490/1
f 234/234/1 241/241/1 233/233/1
f 233/233/1 754/754/1 240/240/1
f 241/241/1 754/754/1 233/233/1
f 234/234/1 242/242/1 241/241/1
f 234/234/1 244/244/1 242/242/1
f 234/234/1 742/742/1 244/244/1
f 235/235/1 874/874/1 788/788/1
f 814/814/1 891/891/1 235/235/1
f 235/235/1 891/891/1 874/874/1
f 686/686/1 687/687/1 236/236/1
f 687/687/1 850/850/1 236/236/1
f 236/236/1 850/850/1 814/814/1
f 243/243/1 256/256/1 237/237/1
f 256/256/1 765/765/1 237/237/1
f 237/237/1 765/765/1 716/716/1
f 238/238/1 260/260/1 239/239/1
f 238/238/1 261/261/1 260/260/1
f 238/238/1 801/801/1 261/261/1
f 239/239/1 354/354/1 257/257/1
f 260/260/1 780/780/1 239/239/1
f 239/239/1 780/780/1 354/354/1
f 754/754/1 755/755/1 240/240/1
f 755/755/1 756/756/1 240/240/1
f 756/756/1 776/776/1 240/240/1
f 242/242/1 668/668/1 241/241/1
f 668/668/1 669/669/1 241/241/1
f 669/669/1 754/754/1 241/241/1
f 244/244/1 245/245/1 242/242/1
f 245/245/1 246/246/1 242/242/1
f 246/246/1 668/668/1 242/242/1
f 243/243/1 264/264/1 256/256/1
f 243/243/1 789/789/1 264/264/1
f 380/380/1 789/789/1 243/243/1
f 244/244/1 871/871/1 245/245/1
f 742/742/1 864/864/1 244/244/1
f 864/864/1 871/871/1 244/244/1
f 245/245/1 247/247/1 246/246/1
f 245/245/1 250/250/1 247/247/1
f 245/245/1 871/871/1 250/250/1
f 247/247/1 663/663/1 246/246/1
f 663/663/1 665/665/1 246/246/1
f 665/665/1 668/668/1 246/246/1
f 250/250/1 251/251/1 247/247/1
f 251/251/1 252/252/1 247/247/1
f 252/252/1 663/663/1 247/247/1
f 249/249/1 262/262/1 248/248/1
f 262/262/1 829/829/1 248/248/1
f 248/248/1 829/829/1 686/686/1
f 249/249/1 263/263/1 262/262/1
f 249/249/1 728/728/1 263/263/1
f 490/490/1 728/728/1 249/249/1
f 250/250/1 254/254/1 251/251/1
f 250/250/1 873/873/1 254/254/1
f 871/871/1 873/873/1 250/250/1
f 251/251/1 837/837/1 252/252/1
f 254/254/1 258/258/1 251/251/1
f 258/258/1 837/837/1 251/251/1
f 252/252/1 664/664/1 663/663/1
f 252/252/1 667/667/1 664/664/1
f 252/252/1 837/837/1 667/667/1
f 253/253/1 737/737/1 638/638/1
f 638/638/1 791/791/1 253/253/1
f 253/253/1 749/749/1 737/737/1
f 254/254/1 259/259/1 258/258/1
f 254/254/1 285/285/1 259/259/1
f 254/254/1 873/873/1 285/285/1
f 255/255/1 867/867/1 629/629/1
f 629/629/1 876/876/1 255/255/1
f 255/255/1 876/876/1 808/808/1
f 264/264/1 267/267/1 256/256/1
f 267/267/1 280/280/1 256/256/1
f 280/280/1 765/765/1 256/256/1
f 354/354/1 355/355/1 257/257/1
f 355/355/1 701/701/1 257/257/1
f 701/701/1 702/702/1 257/257/1
f 259/259/1 265/265/1 258/258/1
f 265/265/1 714/714/1 258/258/1
f 714/714/1 837/837/1 258/258/1
f 259/259/1 266/266/1 265/265/1
f 259/259/1 732/732/1 266/266/1
f 285/285/1 732/732/1 259/259/1
f 261/261/1 268/268/1 260/260/1
f 268/268/1 270/270/1 260/260/1
f 270/270/1 780/780/1 260/260/1
f 261/261/1 269/269/1 268/268/1
f 261/261/1 733/733/1 269/269/1
f 261/261/1 801/801/1 733/733/1
f 263/263/1 271/271/1 262/262/1
f 271/271/1 273/273/1 262/262/1
f 273/273/1 829/829/1 262/262/1
f 263/263/1 272/272/1 271/271/1
f 263/263/1 274/274/1 272/272/1
f 263/263/1 728/728/1 274/274/1
f 264/264/1 282/282/1 267/267/1
f 264/264/1 308/308/1 282/282/1
f 264/264/1 789/789/1 308/308/1
f 266/266/1 297/297/1 265/265/1
f 297/297/1 298/298/1 265/265/1
f 298/298/1 714/714/1 265/265/1
f 266/266/1 299/299/1 297/297/1
f 266/266/1 315/315/1 299/299/1
f 266/266/1 732/732/1 315/315/1
f 267/267/1 283/283/1 280/280/1
f 282/282/1 793/793/1 267/267/1
f 267/267/1 793/793/1 283/283/1
f 269/269/1 286/286/1 268/268/1
f 268/268/1 770/770/1 270/270/1
f 286/286/1 770/770/1 268/268/1
f 269/269/1 287/287/1 286/286/1
f 269/269/1 288/288/1 287/287/1
f 269/269/1 733/733/1 288/288/1
f 770/770/1 777/777/1 270/270/1
f 777/777/1 798/798/1 270/270/1
f 270/270/1 798/798/1 780/780/1
f 272/272/1 827/827/1 271/271/1
f 271/271/1 313/313/1 273/273/1
f 271/271/1 827/827/1 313/313/1
f 274/274/1 275/275/1 272/272/1
f 275/275/1 311/311/1 272/272/1
f 311/311/1 827/827/1 272/272/1
f 313/313/1 314/314/1 273/273/1
f 314/314/1 696/696/1 273/273/1
f 696/696/1 829/829/1 273/273/1
f 274/274/1 276/276/1 275/275/1
f 274/274/1 335/335/1 276/276/1
f 274/274/1 728/728/1 335/335/1
f 276/276/1 277/277/1 275/275/1
f 277/277/1 720/720/1 275/275/1
f 275/275/1 720/720/1 311/311/1
f 276/276/1 278/278/1 277/277/1
f 276/276/1 745/745/1 278/278/1
f 335/335/1 745/745/1 276/276/1
f 278/278/1 279/279/1 277/277/1
f 279/279/1 312/312/1 277/277/1
f 312/312/1 720/720/1 277/277/1
f 278/278/1 303/303/1 279/279/1
f 278/278/1 331/331/1 303/303/1
f 278/278/1 745/745/1 331/331/1
f 303/303/1 304/304/1 279/279/1
f 304/304/1 863/863/1 279/279/1
f 279/279/1 863/863/1 312/312/1
f 283/283/1 284/284/1 280/280/1
f 284/284/1 409/409/1 280/280/1
f 409/409/1 765/765/1 280/280/1
f 633/633/1 657/657/1 281/281/1
f 281/281/1 809/809/1 633/633/1
f 657/657/1 761/761/1 281/281/1
f 308/308/1 309/309/1 282/282/1
f 309/309/1 812/812/1 282/282/1
f 282/282/1 812/812/1 793/793/1
f 283/283/1 301/301/1 284/284/1
f 283/283/1 330/330/1 301/301/1
f 283/283/1 793/793/1 330/330/1
f 301/301/1 773/773/1 284/284/1
f 284/284/1 423/423/1 409/409/1
f 284/284/1 773/773/1 423/423/1
f 285/285/1 883/883/1 732/732/1
f 873/873/1 878/878/1 285/285/1
f 878/878/1 883/883/1 285/285/1
f 287/287/1 319/319/1 286/286/1
f 319/319/1 320/320/1 286/286/1
f 320/320/1 770/770/1 286/286/1
f 288/288/1 289/289/1 287/287/1
f 289/289/1 779/779/1 287/287/1
f 287/287/1 779/779/1 319/319/1
f 288/288/1 290/290/1 289/289/1
f 288/288/1 425/425/1 290/290/1
f 288/288/1 733/733/1 425/425/1
f 290/290/1 291/291/1 289/289/1
f 291/291/1 318/318/1 289/289/1
f 318/318/1 779/779/1 289/289/1
f 290/290/1 292/292/1 291/291/1
f 290/290/1 797/797/1 292/292/1
f 425/425/1 797/797/1 290/290/1
f 292/292/1 293/293/1 291/291/1
f 293/293/1 848/848/1 291/291/1
f 291/291/1 848/848/1 318/318/1
f 292/292/1 294/294/1 293/293/1
f 292/292/1 333/333/1 294/294/1
f 292/292/1 797/797/1 333/333/1
f 294/294/1 295/295/1 293/293/1
f 295/295/1 839/839/1 293/293/1
f 839/839/1 848/848/1 293/293/1
f 294/294/1 296/296/1 295/295/1
f 294/294/1 786/786/1 296/296/1
f 333/333/1 786/786/1 294/294/1
f 296/296/1 300/300/1 295/295/1
f 300/300/1 317/317/1 295/295/1
f 317/317/1 839/839/1 295/295/1
f 296/296/1 327/327/1 300/300/1
f 296/296/1 353/353/1 327/327/1
f 296/296/1 786/786/1 353/353/1
f 297/297/1 323/323/1 298/298/1
f 299/299/1 768/768/1 297/297/1
f 297/297/1 768/768/1 323/323/1
f 323/323/1 324/324/1 298/298/1
f 324/324/1 368/368/1 298/298/1
f 368/368/1 714/714/1 298/298/1
f 315/315/1 316/316/1 299/299/1
f 316/316/1 321/321/1 299/299/1
f 321/321/1 768/768/1 299/299/1
f 300/300/1 328/328/1 317/317/1
f 327/327/1 698/698/1 300/300/1
f 300/300/1 698/698/1 328/328/1
f 330/330/1 358/358/1 301/301/1
f 358/358/1 426/426/1 301/301/1
f 426/426/1 773/773/1 301/301/1
f 302/302/1 642/642/1 641/641/1
f 641/641/1 643/643/1 302/302/1
f 302/302/1 702/702/1 642/642/1
f 303/303/1 845/845/1 304/304/1
f 331/331/1 332/332/1 303/303/1
f 332/332/1 845/845/1 303/303/1
f 304/304/1 845/845/1 656/656/1
f 656/656/1 846/846/1 304/304/1
f 846/846/1 863/863/1 304/304/1
f 305/305/1 655/655/1 640/640/1
f 305/305/1 726/726/1 655/655/1
f 662/662/1 726/726/1 305/305/1
f 306/306/1 743/743/1 742/742/1
f 306/306/1 888/888/1 743/743/1
f 868/868/1 888/888/1 306/306/1
f 693/693/1 750/750/1 307/307/1
f 307/307/1 802/802/1 693/693/1
f 307/307/1 750/750/1 749/749/1
f 308/308/1 310/310/1 309/309/1
f 308/308/1 724/724/1 310/310/1
f 308/308/1 789/789/1 724/724/1
f 310/310/1 325/325/1 309/309/1
f 325/325/1 351/351/1 309/309/1
f 351/351/1 812/812/1 309/309/1
f 310/310/1 326/326/1 325/325/1
f 310/310/1 430/430/1 326/326/1
f 310/310/1 724/724/1 430/430/1
f 311/311/1 720/720/1 652/652/1
f 652/652/1 855/855/1 311/311/1
f 311/311/1 855/855/1 827/827/1
f 651/651/1 720/720/1 312/312/1
f 312/312/1 803/803/1 651/651/1
f 312/312/1 863/863/1 803/803/1
f 313/313/1 336/336/1 314/314/1
f 313/313/1 494/494/1 336/336/1
f 313/313/1 827/827/1 494/494/1
f 336/336/1 337/337/1 314/314/1
f 337/337/1 338/338/1 314/314/1
f 338/338/1 696/696/1 314/314/1
f 315/315/1 661/661/1 316/316/1
f 315/315/1 885/885/1 661/661/1
f 732/732/1 885/885/1 315/315/1
f 316/316/1 322/322/1 321/321/1
f 316/316/1 440/440/1 322/322/1
f 316/316/1 661/661/1 440/440/1
f 328/328/1 352/352/1 317/317/1
f 352/352/1 381/381/1 317/317/1
f 381/381/1 839/839/1 317/317/1
f 318/318/1 785/785/1 779/779/1
f 318/318/1 866/866/1 785/785/1
f 848/848/1 866/866/1 318/318/1
f 319/319/1 386/386/1 320/320/1
f 319/319/1 462/462/1 386/386/1
f 319/319/1 779/779/1 462/462/1
f 386/386/1 387/387/1 320/320/1
f 387/387/1 488/488/1 320/320/1
f 488/488/1 770/770/1 320/320/1
f 322/322/1 390/390/1 321/321/1
f 390/390/1 806/806/1 321/321/1
f 321/321/1 806/806/1 768/768/1
f 322/322/1 391/391/1 390/390/1
f 322/322/1 897/897/1 391/391/1
f 440/440/1 897/897/1 322/322/1
f 323/323/1 388/388/1 324/324/1
f 323/323/1 469/469/1 388/388/1
f 323/323/1 768/768/1 469/469/1
f 324/324/1 369/369/1 368/368/1
f 324/324/1 805/805/1 369/369/1
f 388/388/1 805/805/1 324/324/1
f 326/326/1 360/360/1 325/325/1
f 325/325/1 925/925/1 351/351/1
f 360/360/1 925/925/1 325/325/1
f 326/326/1 361/361/1 360/360/1
f 326/326/1 721/721/1 361/361/1
f 430/430/1 721/721/1 326/326/1
f 353/353/1 356/356/1 327/327/1
f 356/356/1 650/650/1 327/327/1
f 650/650/1 698/698/1 327/327/1
f 328/328/1 359/359/1 352/352/1
f 328/328/1 362/362/1 359/359/1
f 328/328/1 698/698/1 362/362/1
f 329/329/1 630/630/1 620/620/1
f 620/620/1 677/677/1 329/329/1
f 329/329/1 761/761/1 630/630/1
f 330/330/1 393/393/1 358/358/1
f 330/330/1 541/541/1 393/393/1
f 330/330/1 793/793/1 541/541/1
f 331/331/1 364/364/1 332/332/1
f 331/331/1 826/826/1 364/364/1
f 745/745/1 826/826/1 331/331/1
f 364/364/1 366/366/1 332/332/1
f 366/366/1 367/367/1 332/332/1
f 367/367/1 845/845/1 332/332/1
f 333/333/1 824/824/1 786/786/1
f 797/797/1 834/834/1 333/333/1
f 333/333/1 834/834/1 824/824/1
f 334/334/1 718/718/1 654/654/1
f 654/654/1 843/843/1 334/334/1
f 717/717/1 718/718/1 334/334/1
f 728/728/1 881/881/1 335/335/1
f 335/335/1 859/859/1 745/745/1
f 335/335/1 881/881/1 859/859/1
f 336/336/1 681/681/1 337/337/1
f 494/494/1 495/495/1 336/336/1
f 495/495/1 681/681/1 336/336/1
f 337/337/1 339/339/1 338/338/1
f 337/337/1 439/439/1 339/339/1
f 337/337/1 681/681/1 439/439/1
f 339/339/1 340/340/1 338/338/1
f 340/340/1 422/422/1 338/338/1
f 422/422/1 696/696/1 338/338/1
f 339/339/1 341/341/1 340/340/1
f 339/339/1 684/684/1 341/341/1
f 439/439/1 684/684/1 339/339/1
f 341/341/1 342/342/1 340/340/1
f 342/342/1 823/823/1 340/340/1
f 340/340/1 823/823/1 422/422/1
f 341/341/1 343/343/1 342/342/1
f 341/341/1 775/775/1 343/343/1
f 684/684/1 775/775/1 341/341/1
f 343/343/1 344/344/1 342/342/1
f 344/344/1 345/345/1 342/342/1
f 345/345/1 823/823/1 342/342/1
f 343/343/1 348/348/1 344/344/1
f 343/343/1 382/382/1 348/348/1
f 343/343/1 775/775/1 382/382/1
f 344/344/1 346/346/1 345/345/1
f 344/344/1 757/757/1 346/346/1
f 348/348/1 757/757/1 344/344/1
f 346/346/1 347/347/1 345/345/1
f 347/347/1 700/700/1 345/345/1
f 700/700/1 823/823/1 345/345/1
f 346/346/1 349/349/1 347/347/1
f 346/346/1 822/822/1 349/349/1
f 757/757/1 822/822/1 346/346/1
f 349/349/1 350/350/1 347/347/1
f 350/350/1 424/424/1 347/347/1
f 424/424/1 700/700/1 347/347/1
f 382/382/1 383/383/1 348/348/1
f 383/383/1 384/384/1 348/348/1
f 384/384/1 757/757/1 348/348/1
f 349/349/1 385/385/1 350/350/1
f 349/349/1 450/450/1 385/385/1
f 349/349/1 822/822/1 450/450/1
f 385/385/1 758/758/1 350/350/1
f 350/350/1 836/836/1 424/424/1
f 758/758/1 836/836/1 350/350/1
f 800/800/1 812/812/1 351/351/1
f 351/351/1 926/926/1 800/800/1
f 925/925/1 926/926/1 351/351/1
f 359/359/1 840/840/1 352/352/1
f 352/352/1 442/442/1 381/381/1
f 352/352/1 840/840/1 442/442/1
f 353/353/1 853/853/1 356/356/1
f 786/786/1 854/854/1 353/353/1
f 353/353/1 854/854/1 853/853/1
f 354/354/1 431/431/1 355/355/1
f 354/354/1 501/501/1 431/431/1
f 354/354/1 780/780/1 501/501/1
f 431/431/1 432/432/1 355/355/1
f 432/432/1 433/433/1 355/355/1
f 433/433/1 701/701/1 355/355/1
f 356/356/1 675/675/1 650/650/1
f 356/356/1 729/729/1 675/675/1
f 356/356/1 853/853/1 729/729/1
f 621/621/1 623/623/1 357/357/1
f 357/357/1 677/677/1 621/621/1
f 623/623/1 804/804/1 357/357/1
f 393/393/1 811/811/1 358/358/1
f 358/358/1 427/427/1 426/426/1
f 358/358/1 811/811/1 427/427/1
f 362/362/1 452/452/1 359/359/1
f 452/452/1 510/510/1 359/359/1
f 510/510/1 840/840/1 359/359/1
f 361/361/1 392/392/1 360/360/1
f 392/392/1 441/441/1 360/360/1
f 441/441/1 925/925/1 360/360/1
f 361/361/1 428/428/1 392/392/1
f 361/361/1 429/429/1 428/428/1
f 361/361/1 721/721/1 429/429/1
f 362/362/1 453/453/1 452/452/1
f 362/362/1 458/458/1 453/453/1
f 362/362/1 698/698/1 458/458/1
f 746/746/1 747/747/1 363/363/1
f 747/747/1 905/905/1 363/363/1
f 363/363/1 905/905/1 867/867/1
f 364/364/1 459/459/1 366/366/1
f 364/364/1 460/460/1 459/459/1
f 364/364/1 826/826/1 460/460/1
f 365/365/1 819/819/1 818/818/1
f 365/365/1 875/875/1 819/819/1
f 820/820/1 875/875/1 365/365/1
f 366/366/1 456/456/1 367/367/1
f 366/366/1 825/825/1 456/456/1
f 459/459/1 825/825/1 366/366/1
f 456/456/1 474/474/1 367/367/1
f 474/474/1 475/475/1 367/367/1
f 475/475/1 845/845/1 367/367/1
f 369/369/1 370/370/1 368/368/1
f 370/370/1 841/841/1 368/368/1
f 368/368/1 841/841/1 714/714/1
f 369/369/1 371/371/1 370/370/1
f 369/369/1 389/389/1 371/371/1
f 369/369/1 805/805/1 389/389/1
f 371/371/1 372/372/1 370/370/1
f 372/372/1 468/468/1 370/370/1
f 468/468/1 841/841/1 370/370/1
f 371/371/1 373/373/1 372/372/1
f 371/371/1 790/790/1 373/373/1
f 389/389/1 790/790/1 371/371/1
f 373/373/1 374/374/1 372/372/1
f 374/374/1 782/782/1 372/372/1
f 372/372/1 782/782/1 468/468/1
f 373/373/1 375/375/1 374/374/1
f 373/373/1 376/376/1 375/375/1
f 373/373/1 790/790/1 376/376/1
f 375/375/1 377/377/1 374/374/1
f 377/377/1 378/378/1 374/374/1
f 378/378/1 782/782/1 374/374/1
f 376/376/1 379/379/1 375/375/1
f 375/375/1 771/771/1 377/377/1
f 379/379/1 771/771/1 375/375/1
f 376/376/1 444/444/1 379/379/1
f 376/376/1 487/487/1 444/444/1
f 376/376/1 790/790/1 487/487/1
f 377/377/1 394/394/1 378/378/1
f 377/377/1 396/396/1 394/394/1
f 377/377/1 771/771/1 396/396/1
f 394/394/1 395/395/1 378/378/1
f 395/395/1 397/397/1 378/378/1
f 397/397/1 782/782/1 378/378/1
f 444/444/1 445/445/1 379/379/1
f 445/445/1 461/461/1 379/379/1
f 461/461/1 771/771/1 379/379/1
f 725/725/1 789/789/1 380/380/1
f 380/380/1 880/880/1 725/725/1
f 774/774/1 880/880/1 380/380/1
f 442/442/1 443/443/1 381/381/1
f 443/443/1 549/549/1 381/381/1
f 549/549/1 839/839/1 381/381/1
f 382/382/1 505/505/1 383/383/1
f 382/382/1 506/506/1 505/505/1
f 382/382/1 775/775/1 506/506/1
f 383/383/1 449/449/1 384/384/1
f 383/383/1 842/842/1 449/449/1
f 505/505/1 842/842/1 383/383/1
f 449/449/1 454/454/1 384/384/1
f 454/454/1 539/539/1 384/384/1
f 539/539/1 757/757/1 384/384/1
f 450/450/1 451/451/1 385/385/1
f 451/451/1 524/524/1 385/385/1
f 524/524/1 758/758/1 385/385/1
f 386/386/1 706/706/1 387/387/1
f 462/462/1 463/463/1 386/386/1
f 463/463/1 706/706/1 386/386/1
f 387/387/1 502/502/1 488/488/1
f 387/387/1 503/503/1 502/502/1
f 387/387/1 706/706/1 503/503/1
f 469/469/1 470/470/1 388/388/1
f 470/470/1 489/489/1 388/388/1
f 489/489/1 805/805/1 388/388/1
f 618/618/1 790/790/1 389/389/1
f 389/389/1 917/917/1 618/618/1
f 805/805/1 917/917/1 389/389/1
f 391/391/1 511/511/1 390/390/1
f 511/511/1 784/784/1 390/390/1
f 784/784/1 806/806/1 390/390/1
f 391/391/1 901/901/1 511/511/1
f 897/897/1 900/900/1 391/391/1
f 900/900/1 901/901/1 391/391/1
f 428/428/1 446/446/1 392/392/1
f 392/392/1 844/844/1 441/441/1
f 446/446/1 844/844/1 392/392/1
f 541/541/1 542/542/1 393/393/1
f 542/542/1 543/543/1 393/393/1
f 543/543/1 811/811/1 393/393/1
f 394/394/1 778/778/1 395/395/1
f 396/396/1 557/557/1 394/394/1
f 557/557/1 778/778/1 394/394/1
f 395/395/1 398/398/1 397/397/1
f 395/395/1 399/399/1 398/398/1
f 395/395/1 778/778/1 399/399/1
f 396/396/1 558/558/1 557/557/1
f 396/396/1 703/703/1 558/558/1
f 396/396/1 771/771/1 703/703/1
f 398/398/1 807/807/1 397/397/1
f 397/397/1 783/783/1 782/782/1
f 397/397/1 807/807/1 783/783/1
f 399/399/1 400/400/1 398/398/1
f 400/400/1 401/401/1 398/398/1
f 401/401/1 807/807/1 398/398/1
f 399/399/1 647/647/1 400/400/1
f 399/399/1 648/648/1 647/647/1
f 399/399/1 778/778/1 648/648/1
f 400/400/1 402/402/1 401/401/1
f 400/400/1 403/403/1 402/402/1
f 400/400/1 647/647/1 403/403/1
f 402/402/1 852/852/1 401/401/1
f 666/666/1 807/807/1 401/401/1
f 401/401/1 852/852/1 666/666/1
f 403/403/1 404/404/1 402/402/1
f 404/404/1 405/405/1 402/402/1
f 405/405/1 852/852/1 402/402/1
f 403/403/1 678/678/1 404/404/1
f 647/647/1 649/649/1 403/403/1
f 649/649/1 678/678/1 403/403/1
f 404/404/1 406/406/1 405/405/1
f 404/404/1 407/407/1 406/406/1
f 404/404/1 678/678/1 407/407/1
f 406/406/1 762/762/1 405/405/1
f 762/762/1 860/860/1 405/405/1
f 405/405/1 860/860/1 852/852/1
f 407/407/1 408/408/1 406/406/1
f 408/408/1 410/410/1 406/406/1
f 410/410/1 762/762/1 406/406/1
f 407/407/1 759/759/1 408/408/1
f 678/678/1 679/679/1 407/407/1
f 679/679/1 759/759/1 407/407/1
f 408/408/1 411/411/1 410/410/1
f 408/408/1 412/412/1 411/411/1
f 408/408/1 759/759/1 412/412/1
f 423/423/1 457/457/1 409/409/1
f 457/457/1 523/523/1 409/409/1
f 523/523/1 765/765/1 409/409/1
f 411/411/1 816/816/1 410/410/1
f 410/410/1 865/865/1 762/762/1
f 816/816/1 865/865/1 410/410/1
f 412/412/1 413/413/1 411/411/1
f 413/413/1 414/414/1 411/411/1
f 414/414/1 816/816/1 411/411/1
f 412/412/1 953/953/1 413/413/1
f 759/759/1 919/919/1 412/412/1
f 919/919/1 953/953/1 412/412/1
f 413/413/1 415/415/1 414/414/1
f 413/413/1 416/416/1 415/415/1
f 413/413/1 953/953/1 416/416/1
f 415/415/1 815/815/1 414/414/1
f 815/815/1 884/884/1 414/414/1
f 414/414/1 884/884/1 816/816/1
f 416/416/1 417/417/1 415/415/1
f 417/417/1 418/418/1 415/415/1
f 418/418/1 815/815/1 415/415/1
f 416/416/1 952/952/1 417/417/1
f 416/416/1 711/711/1 710/710/1
f 710/710/1 952/952/1 416/416/1
f 416/416/1 953/953/1 711/711/1
f 417/417/1 419/419/1 418/418/1
f 417/417/1 420/420/1 419/419/1
f 417/417/1 952/952/1 420/420/1
f 419/419/1 525/525/1 418/418/1
f 525/525/1 526/526/1 418/418/1
f 526/526/1 815/815/1 418/418/1
f 420/420/1 421/421/1 419/419/1
f 421/421/1 631/631/1 419/419/1
f 419/419/1 631/631/1 525/525/1
f 420/420/1 447/447/1 421/421/1
f 420/420/1 509/509/1 447/447/1
f 420/420/1 952/952/1 509/509/1
f 447/447/1 448/448/1 421/421/1
f 448/448/1 455/455/1 421/421/1
f 455/455/1 631/631/1 421/421/1
f 422/422/1 830/830/1 696/696/1
f 823/823/1 831/831/1 422/422/1
f 422/422/1 831/831/1 830/830/1
f 423/423/1 544/544/1 457/457/1
f 423/423/1 639/639/1 544/544/1
f 423/423/1 773/773/1 639/639/1
f 424/424/1 772/772/1 700/700/1
f 424/424/1 849/849/1 772/772/1
f 836/836/1 849/849/1 424/424/1
f 733/733/1 734/734/1 425/425/1
f 734/734/1 735/735/1 425/425/1
f 735/735/1 797/797/1 425/425/1
f 427/427/1 535/535/1 426/426/1
f 535/535/1 537/537/1 426/426/1
f 537/537/1 773/773/1 426/426/1
f 427/427/1 536/536/1 535/535/1
f 427/427/1 538/538/1 536/536/1
f 427/427/1 811/811/1 538/538/1
f 429/429/1 546/546/1 428/428/1
f 428/428/1 645/645/1 446/446/1
f 546/546/1 645/645/1 428/428/1
f 429/429/1 547/547/1 546/546/1
f 429/429/1 548/548/1 547/547/1
f 429/429/1 721/721/1 548/548/1
f 430/430/1 722/722/1 721/721/1
f 430/430/1 723/723/1 722/722/1
f 430/430/1 724/724/1 723/723/1
f 431/431/1 500/500/1 432/432/1
f 431/431/1 886/886/1 500/500/1
f 501/501/1 886/886/1 431/431/1
f 432/432/1 434/434/1 433/433/1
f 432/432/1 713/713/1 434/434/1
f 500/500/1 713/713/1 432/432/1
f 434/434/1 435/435/1 433/433/1
f 435/435/1 795/795/1 433/433/1
f 433/433/1 795/795/1 701/701/1
f 434/434/1 436/436/1 435/435/1
f 434/434/1 498/498/1 436/436/1
f 434/434/1 713/713/1 498/498/1
f 436/436/1 437/437/1 435/435/1
f 437/437/1 438/438/1 435/435/1
f 438/438/1 795/795/1 435/435/1
f 436/436/1 872/872/1 437/437/1
f 498/498/1 499/499/1 436/436/1
f 499/499/1 872/872/1 436/436/1
f 437/437/1 518/518/1 438/438/1
f 437/437/1 520/520/1 518/518/1
f 437/437/1 872/872/1 520/520/1
f 518/518/1 519/519/1 438/438/1
f 519/519/1 521/521/1 438/438/1
f 521/521/1 795/795/1 438/438/1
f 681/681/1 682/682/1 439/439/1
f 682/682/1 683/683/1 439/439/1
f 683/683/1 684/684/1 439/439/1
f 661/661/1 890/890/1 440/440/1
f 890/890/1 896/896/1 440/440/1
f 896/896/1 897/897/1 440/440/1
f 615/615/1 925/925/1 441/441/1
f 441/441/1 930/930/1 615/615/1
f 844/844/1 930/930/1 441/441/1
f 442/442/1 569/569/1 443/443/1
f 442/442/1 619/619/1 569/569/1
f 442/442/1 840/840/1 619/619/1
f 443/443/1 550/550/1 549/549/1
f 443/443/1 916/916/1 550/550/1
f 569/569/1 916/916/1 443/443/1
f 444/444/1 604/604/1 445/445/1
f 487/487/1 512/512/1 444/444/1
f 512/512/1 604/604/1 444/444/1
f 445/445/1 513/513/1 461/461/1
f 445/445/1 578/578/1 513/513/1
f 445/445/1 604/604/1 578/578/1
f 446/446/1 645/645/1 644/644/1
f 644/644/1 646/646/1 446/446/1
f 646/646/1 844/844/1 446/446/1
f 447/447/1 838/838/1 448/448/1
f 509/509/1 586/586/1 447/447/1
f 586/586/1 838/838/1 447/447/1
f 448/448/1 465/465/1 455/455/1
f 448/448/1 466/466/1 465/465/1
f 448/448/1 838/838/1 466/466/1
f 449/449/1 587/587/1 454/454/1
f 449/449/1 588/588/1 587/587/1
f 449/449/1 842/842/1 588/588/1
f 450/450/1 653/653/1 451/451/1
f 450/450/1 851/851/1 653/653/1
f 822/822/1 851/851/1 450/450/1
f 451/451/1 561/561/1 524/524/1
f 451/451/1 562/562/1 561/561/1
f 451/451/1 653/653/1 562/562/1
f 453/453/1 715/715/1 452/452/1
f 452/452/1 514/514/1 510/510/1
f 452/452/1 715/715/1 514/514/1
f 458/458/1 559/559/1 453/453/1
f 559/559/1 563/563/1 453/453/1
f 563/563/1 715/715/1 453/453/1
f 454/454/1 540/540/1 539/539/1
f 454/454/1 607/607/1 540/540/1
f 587/587/1 607/607/1 454/454/1
f 465/465/1 633/633/1 455/455/1
f 455/455/1 632/632/1 631/631/1
f 455/455/1 633/633/1 632/632/1
f 456/456/1 637/637/1 474/474/1
f 456/456/1 882/882/1 637/637/1
f 825/825/1 882/882/1 456/456/1
f 457/457/1 760/760/1 523/523/1
f 544/544/1 545/545/1 457/457/1
f 545/545/1 760/760/1 457/457/1
f 458/458/1 560/560/1 559/559/1
f 458/458/1 650/650/1 560/560/1
f 458/458/1 698/698/1 650/650/1
f 460/460/1 516/516/1 459/459/1
f 516/516/1 655/655/1 459/459/1
f 655/655/1 825/825/1 459/459/1
f 460/460/1 670/670/1 516/516/1
f 460/460/1 671/671/1 670/670/1
f 460/460/1 826/826/1 671/671/1
f 513/513/1 584/584/1 461/461/1
f 584/584/1 703/703/1 461/461/1
f 703/703/1 771/771/1 461/461/1
f 462/462/1 464/464/1 463/463/1
f 462/462/1 785/785/1 464/464/1
f 779/779/1 785/785/1 462/462/1
f 464/464/1 575/575/1 463/463/1
f 575/575/1 616/616/1 463/463/1
f 616/616/1 706/706/1 463/463/1
f 464/464/1 576/576/1 575/575/1
f 464/464/1 858/858/1 576/576/1
f 785/785/1 858/858/1 464/464/1
f 466/466/1 467/467/1 465/465/1
f 467/467/1 657/657/1 465/465/1
f 465/465/1 657/657/1 633/633/1
f 466/466/1 507/507/1 467/467/1
f 466/466/1 585/585/1 507/507/1
f 466/466/1 838/838/1 585/585/1
f 507/507/1 508/508/1 467/467/1
f 508/508/1 630/630/1 467/467/1
f 630/630/1 657/657/1 467/467/1
f 468/468/1 783/783/1 667/667/1
f 667/667/1 841/841/1 468/468/1
f 782/782/1 783/783/1 468/468/1
f 469/469/1 491/491/1 470/470/1
f 469/469/1 806/806/1 491/491/1
f 768/768/1 806/806/1 469/469/1
f 470/470/1 570/570/1 489/489/1
f 491/491/1 601/601/1 470/470/1
f 470/470/1 601/601/1 570/570/1
f 471/471/1 718/718/1 717/717/1
f 471/471/1 847/847/1 718/718/1
f 810/810/1 847/847/1 471/471/1
f 636/636/1 862/862/1 472/472/1
f 694/694/1 802/802/1 472/472/1
f 472/472/1 862/862/1 694/694/1
f 473/473/1 726/726/1 662/662/1
f 473/473/1 882/882/1 726/726/1
f 828/828/1 882/882/1 473/473/1
f 474/474/1 476/476/1 475/475/1
f 474/474/1 861/861/1 476/476/1
f 637/637/1 861/861/1 474/474/1
f 476/476/1 477/477/1 475/475/1
f 477/477/1 656/656/1 475/475/1
f 656/656/1 845/845/1 475/475/1
f 476/476/1 478/478/1 477/477/1
f 476/476/1 517/517/1 478/478/1
f 476/476/1 861/861/1 517/517/1
f 478/478/1 479/479/1 477/477/1
f 479/479/1 817/817/1 477/477/1
f 477/477/1 817/817/1 656/656/1
f 478/478/1 480/480/1 479/479/1
f 478/478/1 638/638/1 480/480/1
f 517/517/1 638/638/1 478/478/1
f 480/480/1 481/481/1 479/479/1
f 481/481/1 482/482/1 479/479/1
f 482/482/1 817/817/1 479/479/1
f 480/480/1 695/695/1 481/481/1
f 638/638/1 737/737/1 480/480/1
f 480/480/1 737/737/1 695/695/1
f 481/481/1 483/483/1 482/482/1
f 481/481/1 484/484/1 483/483/1
f 481/481/1 695/695/1 484/484/1
f 483/483/1 485/485/1 482/482/1
f 485/485/1 492/492/1 482/482/1
f 492/492/1 817/817/1 482/482/1
f 484/484/1 688/688/1 483/483/1
f 483/483/1 497/497/1 485/485/1
f 483/483/1 688/688/1 497/497/1
f 484/484/1 689/689/1 688/688/1
f 484/484/1 690/690/1 689/689/1
f 484/484/1 695/695/1 690/690/1
f 485/485/1 493/493/1 492/492/1
f 485/485/1 832/832/1 493/493/1
f 497/497/1 832/832/1 485/485/1
f 486/486/1 880/880/1 748/748/1
f 788/788/1 892/892/1 486/486/1
f 486/486/1 892/892/1 880/880/1
f 487/487/1 564/564/1 512/512/1
f 487/487/1 618/618/1 564/564/1
f 487/487/1 790/790/1 618/618/1
f 502/502/1 552/552/1 488/488/1
f 552/552/1 777/777/1 488/488/1
f 488/488/1 777/777/1 770/770/1
f 570/570/1 571/571/1 489/489/1
f 571/571/1 917/917/1 489/489/1
f 489/489/1 917/917/1 805/805/1
f 490/490/1 881/881/1 728/728/1
f 818/818/1 819/819/1 490/490/1
f 819/819/1 881/881/1 490/490/1
f 491/491/1 935/935/1 601/601/1
f 491/491/1 806/806/1 784/784/1
f 784/784/1 935/935/1 491/491/1
f 493/493/1 527/527/1 492/492/1
f 527/527/1 846/846/1 492/492/1
f 492/492/1 846/846/1 817/817/1
f 493/493/1 528/528/1 527/527/1
f 493/493/1 529/529/1 528/528/1
f 493/493/1 832/832/1 529/529/1
f 494/494/1 496/496/1 495/495/1
f 494/494/1 855/855/1 496/496/1
f 827/827/1 855/855/1 494/494/1
f 496/496/1 554/554/1 495/495/1
f 554/554/1 555/555/1 495/495/1
f 555/555/1 681/681/1 495/495/1
f 496/496/1 787/787/1 554/554/1
f 496/496/1 887/887/1 787/787/1
f 855/855/1 887/887/1 496/496/1
f 688/688/1 835/835/1 497/497/1
f 497/497/1 857/857/1 832/832/1
f 835/835/1 857/857/1 497/497/1
f 498/498/1 553/553/1 499/499/1
f 498/498/1 878/878/1 553/553/1
f 713/713/1 878/878/1 498/498/1
f 553/553/1 864/864/1 499/499/1
f 499/499/1 864/864/1 743/743/1
f 743/743/1 872/872/1 499/499/1
f 500/500/1 883/883/1 713/713/1
f 500/500/1 885/885/1 883/883/1
f 500/500/1 886/886/1 885/885/1
f 780/780/1 798/798/1 501/501/1
f 798/798/1 890/890/1 501/501/1
f 501/501/1 890/890/1 886/886/1
f 503/503/1 504/504/1 502/502/1
f 504/504/1 900/900/1 502/502/1
f 502/502/1 900/900/1 552/552/1
f 503/503/1 572/572/1 504/504/1
f 503/503/1 574/574/1 572/572/1
f 503/503/1 706/706/1 574/574/1
f 572/572/1 573/573/1 504/504/1
f 573/573/1 901/901/1 504/504/1
f 504/504/1 901/901/1 900/900/1
f 506/506/1 556/556/1 505/505/1
f 556/556/1 908/908/1 505/505/1
f 505/505/1 908/908/1 842/842/1
f 506/506/1 895/895/1 556/556/1
f 506/506/1 775/775/1 685/685/1
f 685/685/1 895/895/1 506/506/1
f 507/507/1 582/582/1 508/508/1
f 507/507/1 936/936/1 582/582/1
f 585/585/1 936/936/1 507/507/1
f 582/582/1 583/583/1 508/508/1
f 583/583/1 620/620/1 508/508/1
f 620/620/1 630/630/1 508/508/1
f 509/509/1 940/940/1 586/586/1
f 509/509/1 710/710/1 708/708/1
f 708/708/1 940/940/1 509/509/1
f 509/509/1 952/952/1 710/710/1
f 514/514/1 565/565/1 510/510/1
f 565/565/1 566/566/1 510/510/1
f 566/566/1 840/840/1 510/510/1
f 511/511/1 901/901/1 596/596/1
f 596/596/1 961/961/1 511/511/1
f 511/511/1 961/961/1 784/784/1
f 564/564/1 602/602/1 512/512/1
f 602/602/1 608/608/1 512/512/1
f 512/512/1 608/608/1 604/604/1
f 578/578/1 579/579/1 513/513/1
f 579/579/1 922/922/1 513/513/1
f 513/513/1 922/922/1 584/584/1
f 514/514/1 567/567/1 565/565/1
f 514/514/1 923/923/1 567/567/1
f 715/715/1 923/923/1 514/514/1
f 626/626/1 627/627/1 515/515/1
f 515/515/1 804/804/1 626/626/1
f 627/627/1 628/628/1 515/515/1
f 640/640/1 655/655/1 516/516/1
f 516/516/1 753/753/1 640/640/1
f 670/670/1 753/753/1 516/516/1
f 517/517/1 791/791/1 638/638/1
f 517/517/1 799/799/1 791/791/1
f 517/517/1 861/861/1 799/799/1
f 518/518/1 813/813/1 519/519/1
f 520/520/1 634/634/1 518/518/1
f 634/634/1 813/813/1 518/518/1
f 519/519/1 522/522/1 521/521/1
f 519/519/1 654/654/1 522/522/1
f 519/519/1 813/813/1 654/654/1
f 520/520/1 635/635/1 634/634/1
f 520/520/1 888/888/1 635/635/1
f 872/872/1 888/888/1 520/520/1
f 522/522/1 641/641/1 521/521/1
f 641/641/1 642/642/1 521/521/1
f 642/642/1 795/795/1 521/521/1
f 522/522/1 847/847/1 641/641/1
f 654/654/1 718/718/1 522/522/1
f 718/718/1 847/847/1 522/522/1
f 699/699/1 716/716/1 523/523/1
f 523/523/1 760/760/1 699/699/1
f 716/716/1 765/765/1 523/523/1
f 561/561/1 644/644/1 524/524/1
f 644/644/1 645/645/1 524/524/1
f 645/645/1 758/758/1 524/524/1
f 525/525/1 629/629/1 526/526/1
f 525/525/1 876/876/1 629/629/1
f 631/631/1 876/876/1 525/525/1
f 629/629/1 905/905/1 526/526/1
f 526/526/1 899/899/1 815/815/1
f 526/526/1 905/905/1 899/899/1
f 528/528/1 803/803/1 527/527/1
f 803/803/1 863/863/1 527/527/1
f 527/527/1 863/863/1 846/846/1
f 529/529/1 530/530/1 528/528/1
f 530/530/1 531/531/1 528/528/1
f 531/531/1 803/803/1 528/528/1
f 529/529/1 869/869/1 530/530/1
f 832/832/1 856/856/1 529/529/1
f 856/856/1 869/869/1 529/529/1
f 530/530/1 532/532/1 531/531/1
f 530/530/1 894/894/1 532/532/1
f 869/869/1 894/894/1 530/530/1
f 532/532/1 533/533/1 531/531/1
f 533/533/1 651/651/1 531/531/1
f 651/651/1 803/803/1 531/531/1
f 532/532/1 534/534/1 533/533/1
f 532/532/1 898/898/1 534/534/1
f 894/894/1 898/898/1 532/532/1
f 534/534/1 887/887/1 533/533/1
f 533/533/1 652/652/1 651/651/1
f 533/533/1 887/887/1 652/652/1
f 787/787/1 887/887/1 534/534/1
f 534/534/1 906/906/1 787/787/1
f 898/898/1 906/906/1 534/534/1
f 536/536/1 729/729/1 535/535/1
f 535/535/1 853/853/1 537/537/1
f 729/729/1 853/853/1 535/535/1
f 538/538/1 580/580/1 536/536/1
f 580/580/1 581/581/1 536/536/1
f 581/581/1 729/729/1 536/536/1
f 639/639/1 773/773/1 537/537/1
f 537/537/1 854/854/1 639/639/1
f 853/853/1 854/854/1 537/537/1
f 538/538/1 934/934/1 580/580/1
f 811/811/1 821/821/1 538/538/1
f 821/821/1 934/934/1 538/538/1
f 540/540/1 851/851/1 539/539/1
f 539/539/1 822/822/1 757/757/1
f 539/539/1 851/851/1 822/822/1
f 607/607/1 611/611/1 540/540/1
f 611/611/1 928/928/1 540/540/1
f 540/540/1 928/928/1 851/851/1
f 541/541/1 800/800/1 542/542/1
f 793/793/1 812/812/1 541/541/1
f 541/541/1 812/812/1 800/800/1
f 542/542/1 590/590/1 543/543/1
f 542/542/1 591/591/1 590/590/1
f 542/542/1 800/800/1 591/591/1
f 590/590/1 592/592/1 543/543/1
f 592/592/1 821/821/1 543/543/1
f 543/543/1 821/821/1 811/811/1
f 544/544/1 834/834/1 545/545/1
f 639/639/1 824/824/1 544/544/1
f 824/824/1 834/834/1 544/544/1
f 735/735/1 794/794/1 545/545/1
f 545/545/1 834/834/1 735/735/1
f 545/545/1 794/794/1 760/760/1
f 547/547/1 836/836/1 546/546/1
f 546/546/1 758/758/1 645/645/1
f 546/546/1 836/836/1 758/758/1
f 548/548/1 551/551/1 547/547/1
f 551/551/1 849/849/1 547/547/1
f 547/547/1 849/849/1 836/836/1
f 548/548/1 891/891/1 551/551/1
f 721/721/1 722/722/1 548/548/1
f 722/722/1 891/891/1 548/548/1
f 550/550/1 866/866/1 549/549/1
f 549/549/1 848/848/1 839/839/1
f 549/549/1 866/866/1 848/848/1
f 610/610/1 858/858/1 550/550/1
f 550/550/1 916/916/1 610/610/1
f 858/858/1 866/866/1 550/550/1
f 814/814/1 850/850/1 551/551/1
f 551/551/1 891/891/1 814/814/1
f 551/551/1 850/850/1 849/849/1
f 552/552/1 896/896/1 777/777/1
f 552/552/1 897/897/1 896/896/1
f 552/552/1 900/900/1 897/897/1
f 553/553/1 871/871/1 864/864/1
f 553/553/1 873/873/1 871/871/1
f 553/553/1 878/878/1 873/873/1
f 554/554/1 889/889/1 555/555/1
f 787/787/1 879/879/1 554/554/1
f 879/879/1 889/889/1 554/554/1
f 555/555/1 682/682/1 681/681/1
f 555/555/1 893/893/1 682/682/1
f 889/889/1 893/893/1 555/555/1
f 895/895/1 903/903/1 556/556/1
f 903/903/1 907/907/1 556/556/1
f 907/907/1 908/908/1 556/556/1
f 558/558/1 941/941/1 557/557/1
f 660/660/1 778/778/1 557/557/1
f 557/557/1 941/941/1 660/660/1
f 703/703/1 704/704/1 558/558/1
f 704/704/1 705/705/1 558/558/1
f 705/705/1 941/941/1 558/558/1
f 560/560/1 942/942/1 559/559/1
f 559/559/1 609/609/1 563/563/1
f 559/559/1 942/942/1 609/609/1
f 650/650/1 675/675/1 560/560/1
f 675/675/1 676/676/1 560/560/1
f 676/676/1 942/942/1 560/560/1
f 562/562/1 918/918/1 561/561/1
f 561/561/1 948/948/1 644/644/1
f 918/918/1 948/948/1 561/561/1
f 653/653/1 965/965/1 562/562/1
f 562/562/1 937/937/1 918/918/1
f 562/562/1 965/965/1 937/937/1
f 609/609/1 944/944/1 563/563/1
f 564/564/1 618/618/1 617/617/1
f 567/567/1 598/598/1 565/565/1
f 568/568/1 619/619/1 566/566/1
f 619/619/1 840/840/1 566/566/1
f 567/567/1 923/923/1 606/606/1
f 568/568/1 915/915/1 619/619/1
f 619/619/1 915/915/1 569/569/1
f 570/570/1 601/601/1 600/600/1
f 594/594/1 617/617/1 571/571/1
f 617/617/1 917/917/1 571/571/1
f 574/574/1 599/599/1 572/572/1
f 595/595/1 596/596/1 573/573/1
f 596/596/1 901/901/1 573/573/1
f 574/574/1 706/706/1 616/616/1
f 593/593/1 616/616/1 575/575/1
f 576/576/1 610/610/1 577/577/1
f 576/576/1 858/858/1 610/610/1
f 610/610/1 913/913/1 577/577/1
f 578/578/1 603/603/1 579/579/1
f 605/605/1 922/922/1 579/579/1
f 580/580/1 931/931/1 581/581/1
f 580/580/1 934/934/1 741/741/1
f 581/581/1 676/676/1 675/675/1
f 675/675/1 729/729/1 581/581/1
f 581/581/1 931/931/1 676/676/1
f 582/582/1 929/929/1 583/583/1
f 582/582/1 936/936/1 731/731/1
f 583/583/1 621/621/1 620/620/1
f 583/583/1 622/622/1 621/621/1
f 583/583/1 929/929/1 622/622/1
f 584/584/1 704/704/1 703/703/1
f 838/838/1 947/947/1 585/585/1
f 585/585/1 966/966/1 936/936/1
f 947/947/1 966/966/1 585/585/1
f 586/586/1 947/947/1 838/838/1
f 588/588/1 589/589/1 587/587/1
f 588/588/1 910/910/1 589/589/1
f 842/842/1 909/909/1 588/588/1
f 909/909/1 910/910/1 588/588/1
f 910/910/1 912/912/1 589/589/1
f 912/912/1 945/945/1 589/589/1
f 591/591/1 612/612/1 590/590/1
f 591/591/1 613/613/1 612/612/1
f 591/591/1 926/926/1 613/613/1
f 800/800/1 926/926/1 591/591/1
f 597/597/1 961/961/1 596/596/1
f 927/927/1 958/958/1 597/597/1
f 597/597/1 958/958/1 935/935/1
f 935/935/1 961/961/1 597/597/1
f 935/935/1 958/958/1 601/601/1
f 605/605/1 959/959/1 922/922/1
f 923/923/1 960/960/1 606/606/1
f 607/607/1 950/950/1 611/611/1
f 610/610/1 916/916/1 913/913/1
f 613/613/1 615/615/1 614/614/1
f 613/613/1 926/926/1 615/615/1
f 615/615/1 930/930/1 614/614/1
f 614/614/1 963/963/1 920/920/1
f 930/930/1 963/963/1 614/614/1
f 615/615/1 926/926/1 925/925/1
f 618/618/1 917/917/1 617/617/1
f 621/621/1 677/677/1 620/620/1
f 622/622/1 623/623/1 621/621/1
f 622/622/1 624/624/1 623/623/1
f 622/622/1 625/625/1 624/624/1
f 622/622/1 929/929/1 625/625/1
f 624/624/1 626/626/1 623/623/1
f 626/626/1 804/804/1 623/623/1
f 625/625/1 949/949/1 624/624/1
f 627/627/1 914/914/1 628/628/1
f 627/627/1 951/951/1 914/914/1
f 867/867/1 905/905/1 629/629/1
f 630/630/1 761/761/1 657/657/1
f 632/632/1 876/876/1 631/631/1
f 633/633/1 809/809/1 632/632/1
f 632/632/1 809/809/1 808/808/1
f 808/808/1 876/876/1 632/632/1
f 635/635/1 766/766/1 634/634/1
f 635/635/1 870/870/1 766/766/1
f 868/868/1 870/870/1 635/635/1
f 635/635/1 888/888/1 868/868/1
f 744/744/1 769/769/1 636/636/1
f 769/769/1 862/862/1 636/636/1
f 637/637/1 882/882/1 828/828/1
f 639/639/1 854/854/1 824/824/1
f 641/641/1 847/847/1 643/643/1
f 642/642/1 702/702/1 701/701/1
f 701/701/1 795/795/1 642/642/1
f 643/643/1 847/847/1 810/810/1
f 644/644/1 948/948/1 646/646/1
f 697/697/1 938/938/1 646/646/1
f 646/646/1 948/948/1 697/697/1
f 646/646/1 938/938/1 844/844/1
f 648/648/1 658/658/1 647/647/1
f 647/647/1 658/658/1 649/649/1
f 648/648/1 659/659/1 658/658/1
f 648/648/1 660/660/1 659/659/1
f 648/648/1 778/778/1 660/660/1
f 658/658/1 933/933/1 649/649/1
f 649/649/1 680/680/1 678/678/1
f 649/649/1 933/933/1 680/680/1
f 652/652/1 720/720/1 651/651/1
f 652/652/1 887/887/1 855/855/1
f 851/851/1 928/928/1 653/653/1
f 928/928/1 965/965/1 653/653/1
f 813/813/1 843/843/1 654/654/1
f 726/726/1 825/825/1 655/655/1
f 817/817/1 846/846/1 656/656/1
f 659/659/1 932/932/1 658/658/1
f 660/660/1 924/924/1 659/659/1
f 924/924/1 932/932/1 659/659/1
f 885/885/1 886/886/1 661/661/1
f 886/886/1 890/890/1 661/661/1
f 664/664/1 666/666/1 663/663/1
f 663/663/1 666/666/1 665/665/1
f 664/664/1 807/807/1 666/666/1
f 667/667/1 783/783/1 664/664/1
f 783/783/1 807/807/1 664/664/1
f 666/666/1 852/852/1 665/665/1
f 665/665/1 860/860/1 668/668/1
f 852/852/1 860/860/1 665/665/1
f 837/837/1 841/841/1 667/667/1
f 668/668/1 860/860/1 669/669/1
f 669/669/1 865/865/1 754/754/1
f 669/669/1 860/860/1 762/762/1
f 762/762/1 865/865/1 669/669/1
f 671/671/1 672/672/1 670/670/1
f 671/671/1 673/673/1 672/672/1
f 671/671/1 859/859/1 673/673/1
f 826/826/1 859/859/1 671/671/1
f 673/673/1 875/875/1 672/672/1
f 672/672/1 875/875/1 674/674/1
f 819/819/1 875/875/1 673/673/1
f 673/673/1 881/881/1 819/819/1
f 859/859/1 881/881/1 673/673/1
f 674/674/1 875/875/1 820/820/1
f 676/676/1 931/931/1 751/751/1
f 678/678/1 680/680/1 679/679/1
f 680/680/1 962/962/1 679/679/1
f 679/679/1 964/964/1 759/759/1
f 679/679/1 962/962/1 921/921/1
f 921/921/1 964/964/1 679/679/1
f 680/680/1 933/933/1 730/730/1
f 730/730/1 962/962/1 680/680/1
f 682/682/1 904/904/1 683/683/1
f 893/893/1 904/904/1 682/682/1
f 683/683/1 685/685/1 684/684/1
f 683/683/1 911/911/1 685/685/1
f 904/904/1 911/911/1 683/683/1
f 685/685/1 775/775/1 684/684/1
f 685/685/1 911/911/1 895/895/1
f 686/686/1 830/830/1 687/687/1
f 829/829/1 830/830/1 686/686/1
f 687/687/1 831/831/1 772/772/1
f 772/772/1 850/850/1 687/687/1
f 830/830/1 831/831/1 687/687/1
f 689/689/1 877/877/1 688/688/1
f 688/688/1 877/877/1 835/835/1
f 690/690/1 691/691/1 689/689/1
f 691/691/1 692/692/1 689/689/1
f 692/692/1 877/877/1 689/689/1
f 690/690/1 693/693/1 691/691/1
f 690/690/1 750/750/1 693/693/1
f 695/695/1 750/750/1 690/690/1
f 691/691/1 902/902/1 692/692/1
f 693/693/1 694/694/1 691/691/1
f 694/694/1 902/902/1 691/691/1
f 692/692/1 833/833/1 781/781/1
f 781/781/1 877/877/1 692/692/1
f 692/692/1 902/902/1 833/833/1
f 693/693/1 802/802/1 694/694/1
f 862/862/1 902/902/1 694/694/1
f 737/737/1 750/750/1 695/695/1
f 696/696/1 830/830/1 829/829/1
f 772/772/1 831/831/1 700/700/1
f 700/700/1 831/831/1 823/823/1
f 704/704/1 943/943/1 705/705/1
f 707/707/1 940/940/1 708/708/1
f 708/708/1 710/710/1 709/709/1
f 710/710/1 711/711/1 709/709/1
f 711/711/1 712/712/1 709/709/1
f 712/712/1 738/738/1 709/709/1
f 711/711/1 919/919/1 712/712/1
f 711/711/1 953/953/1 919/919/1
f 712/712/1 919/919/1 739/739/1
f 713/713/1 883/883/1 878/878/1
f 714/714/1 841/841/1 837/837/1
f 719/719/1 911/911/1 904/904/1
f 723/723/1 874/874/1 722/722/1
f 874/874/1 891/891/1 722/722/1
f 724/724/1 725/725/1 723/723/1
f 725/725/1 892/892/1 723/723/1
f 723/723/1 892/892/1 874/874/1
f 724/724/1 789/789/1 725/725/1
f 880/880/1 892/892/1 725/725/1
f 726/726/1 882/882/1 825/825/1
f 727/727/1 869/869/1 856/856/1
f 883/883/1 885/885/1 732/732/1
f 733/733/1 801/801/1 734/734/1
f 734/734/1 794/794/1 735/735/1
f 734/734/1 796/796/1 794/794/1
f 734/734/1 801/801/1 796/796/1
f 735/735/1 834/834/1 797/797/1
f 736/736/1 857/857/1 835/835/1
f 749/749/1 750/750/1 737/737/1
f 739/739/1 921/921/1 740/740/1
f 919/919/1 964/964/1 739/739/1
f 739/739/1 964/964/1 921/921/1
f 743/743/1 864/864/1 742/742/1
f 743/743/1 888/888/1 872/872/1
f 745/745/1 859/859/1 826/826/1
f 746/746/1 776/776/1 747/747/1
f 747/747/1 776/776/1 756/756/1
f 756/756/1 899/899/1 747/747/1
f 899/899/1 905/905/1 747/747/1
f 748/748/1 880/880/1 774/774/1
f 879/879/1 906/906/1 752/752/1
f 754/754/1 865/865/1 755/755/1
f 755/755/1 884/884/1 756/756/1
f 755/755/1 865/865/1 816/816/1
f 816/816/1 884/884/1 755/755/1
f 884/884/1 899/899/1 756/756/1
f 759/759/1 964/964/1 919/919/1
f 763/763/1 893/893/1 889/889/1
f 764/764/1 910/910/1 909/909/1
f 767/767/1 898/898/1 894/894/1
f 849/849/1 850/850/1 772/772/1
f 777/777/1 896/896/1 798/798/1
f 784/784/1 961/961/1 935/935/1
f 785/785/1 866/866/1 858/858/1
f 824/824/1 854/854/1 786/786/1
f 787/787/1 906/906/1 879/879/1
f 874/874/1 892/892/1 788/788/1
f 792/792/1 966/966/1 947/947/1
f 798/798/1 896/896/1 890/890/1
f 815/815/1 899/899/1 884/884/1
f 832/832/1 857/857/1 856/856/1
f 908/908/1 909/909/1 842/842/1
f 844/844/1 938/938/1 930/930/1
f 938/938/1 963/963/1 930/930/1
