solid Created by Gmsh
facet normal 0.997452 0.0713392 0
  outer loop
    vertex 78.19589390859369 11.24287222358951 100
    vertex 79 9.674709713264091e-15 100
    vertex 79 9.674709713264091e-15 96
  endloop
endfacet
facet normal -0.997452 0.0713392 0
  outer loop
    vertex -79 0 100
    vertex -78.19589390859369 11.24287222358956 100
    vertex -79 0 96
  endloop
endfacet
facet normal 0.997452 0.0713392 -0
  outer loop
    vertex 78.19589390859369 11.24287222358951 96
    vertex 78.19589390859369 11.24287222358951 100
    vertex 79 9.674709713264091e-15 96
  endloop
endfacet
facet normal -0.997452 0.0713392 0
  outer loop
    vertex -79 0 96
    vertex -78.19589390859369 11.24287222358956 100
    vertex -78.19589390859369 11.24287222358956 96
  endloop
endfacet
facet normal 0.977147 0.212565 0
  outer loop
    vertex 75.7999449155453 22.25687199047292 100
    vertex 78.19589390859369 11.24287222358951 100
    vertex 78.19589390859369 11.24287222358951 96
  endloop
endfacet
facet normal 0.93695 0.349464 0
  outer loop
    vertex 71.86092763300698 32.81778602714897 100
    vertex 75.7999449155453 22.25687199047292 100
    vertex 71.86092763300698 32.81778602714897 96
  endloop
endfacet
facet normal 0.977147 0.212565 -0
  outer loop
    vertex 75.7999449155453 22.25687199047292 96
    vertex 75.7999449155453 22.25687199047292 100
    vertex 78.19589390859369 11.24287222358951 96
  endloop
endfacet
facet normal 0.93695 0.349464 0
  outer loop
    vertex 71.86092763300698 32.81778602714897 96
    vertex 75.7999449155453 22.25687199047292 100
    vertex 75.7999449155453 22.25687199047292 96
  endloop
endfacet
facet normal 0.877679 0.479249 -0
  outer loop
    vertex 71.86092763300698 32.81778602714897 96
    vertex 66.45902909366336 42.71062457899215 100
    vertex 71.86092763300698 32.81778602714897 100
  endloop
endfacet
facet normal 0.800541 0.599278 0
  outer loop
    vertex 59.70421637398645 51.73399798167747 100
    vertex 66.45902909366336 42.71062457899215 100
    vertex 59.70421637398645 51.73399798167747 96
  endloop
endfacet
facet normal 0.877679 0.479249 0
  outer loop
    vertex 71.86092763300698 32.81778602714897 96
    vertex 66.45902909366336 42.71062457899215 96
    vertex 66.45902909366336 42.71062457899215 100
  endloop
endfacet
facet normal 0.800541 0.599278 0
  outer loop
    vertex 59.70421637398645 51.73399798167747 96
    vertex 66.45902909366336 42.71062457899215 100
    vertex 66.45902909366336 42.71062457899215 96
  endloop
endfacet
facet normal 0.707107 0.707107 0
  outer loop
    vertex 51.73399798167758 59.70421637398635 100
    vertex 59.70421637398645 51.73399798167747 100
    vertex 51.73399798167758 59.70421637398635 96
  endloop
endfacet
facet normal 0.707107 0.707107 0
  outer loop
    vertex 51.73399798167758 59.70421637398635 96
    vertex 59.70421637398645 51.73399798167747 100
    vertex 59.70421637398645 51.73399798167747 96
  endloop
endfacet
facet normal 0.599278 0.800541 0
  outer loop
    vertex 42.71062457899227 66.45902909366328 100
    vertex 51.73399798167758 59.70421637398635 100
    vertex 51.73399798167758 59.70421637398635 96
  endloop
endfacet
facet normal 0.479249 0.877679 0
  outer loop
    vertex 32.81778602714908 71.86092763300692 100
    vertex 42.71062457899227 66.45902909366328 100
    vertex 32.81778602714908 71.86092763300692 96
  endloop
endfacet
facet normal 0.599278 0.800541 0
  outer loop
    vertex 42.71062457899227 66.45902909366328 100
    vertex 51.73399798167758 59.70421637398635 96
    vertex 42.71062457899227 66.45902909366328 96
  endloop
endfacet
facet normal 0.479249 0.877679 0
  outer loop
    vertex 32.81778602714908 71.86092763300692 96
    vertex 42.71062457899227 66.45902909366328 100
    vertex 42.71062457899227 66.45902909366328 96
  endloop
endfacet
facet normal 0.349464 0.93695 0
  outer loop
    vertex 32.81778602714908 71.86092763300692 100
    vertex 22.25687199047299 75.79994491554528 96
    vertex 22.25687199047299 75.79994491554528 100
  endloop
endfacet
facet normal 0.349464 0.93695 -0
  outer loop
    vertex 32.81778602714908 71.86092763300692 96
    vertex 22.25687199047299 75.79994491554528 96
    vertex 32.81778602714908 71.86092763300692 100
  endloop
endfacet
facet normal 0.212565 0.977147 0
  outer loop
    vertex 11.24287222358958 78.19589390859369 100
    vertex 22.25687199047299 75.79994491554528 100
    vertex 11.24287222358958 78.19589390859369 96
  endloop
endfacet
facet normal 0.212565 0.977147 0
  outer loop
    vertex 11.24287222358958 78.19589390859369 96
    vertex 22.25687199047299 75.79994491554528 100
    vertex 22.25687199047299 75.79994491554528 96
  endloop
endfacet
facet normal 0.0713392 0.997452 0
  outer loop
    vertex 11.24287222358958 78.19589390859369 100
    vertex 3.992024267575334e-14 79 96
    vertex 3.992024267575334e-14 79 100
  endloop
endfacet
facet normal 0.0713392 0.997452 -0
  outer loop
    vertex 11.24287222358958 78.19589390859369 96
    vertex 3.992024267575334e-14 79 96
    vertex 11.24287222358958 78.19589390859369 100
  endloop
endfacet
facet normal -0.0713392 0.997452 0
  outer loop
    vertex -11.24287222358948 78.19589390859369 100
    vertex 3.992024267575334e-14 79 100
    vertex 3.992024267575334e-14 79 96
  endloop
endfacet
facet normal -0.212565 0.977147 0
  outer loop
    vertex -22.25687199047291 75.7999449155453 100
    vertex -11.24287222358948 78.19589390859369 100
    vertex -22.25687199047291 75.7999449155453 96
  endloop
endfacet
facet normal -0.0713392 0.997452 0
  outer loop
    vertex -11.24287222358948 78.19589390859369 96
    vertex -11.24287222358948 78.19589390859369 100
    vertex 3.992024267575334e-14 79 96
  endloop
endfacet
facet normal -0.212565 0.977147 0
  outer loop
    vertex -22.25687199047291 75.7999449155453 96
    vertex -11.24287222358948 78.19589390859369 100
    vertex -11.24287222358948 78.19589390859369 96
  endloop
endfacet
facet normal -0.349464 0.93695 0
  outer loop
    vertex -32.817786027149 71.86092763300697 100
    vertex -22.25687199047291 75.7999449155453 100
    vertex -22.25687199047291 75.7999449155453 96
  endloop
endfacet
facet normal -0.479249 0.877679 0
  outer loop
    vertex -42.71062457899218 66.45902909366333 100
    vertex -32.817786027149 71.86092763300697 100
    vertex -32.817786027149 71.86092763300697 96
  endloop
endfacet
facet normal -0.349464 0.93695 0
  outer loop
    vertex -32.817786027149 71.86092763300697 100
    vertex -22.25687199047291 75.7999449155453 96
    vertex -32.817786027149 71.86092763300697 96
  endloop
endfacet
facet normal -0.599278 0.800541 0
  outer loop
    vertex -51.73399798167749 59.70421637398643 100
    vertex -42.71062457899218 66.45902909366333 100
    vertex -51.73399798167749 59.70421637398643 96
  endloop
endfacet
facet normal -0.479249 0.877679 0
  outer loop
    vertex -42.71062457899218 66.45902909366333 100
    vertex -32.817786027149 71.86092763300697 96
    vertex -42.71062457899218 66.45902909366333 96
  endloop
endfacet
facet normal -0.599278 0.800541 0
  outer loop
    vertex -51.73399798167749 59.70421637398643 96
    vertex -42.71062457899218 66.45902909366333 100
    vertex -42.71062457899218 66.45902909366333 96
  endloop
endfacet
facet normal -0.707107 0.707107 0
  outer loop
    vertex -59.70421637398638 51.73399798167756 100
    vertex -51.73399798167749 59.70421637398643 100
    vertex -51.73399798167749 59.70421637398643 96
  endloop
endfacet
facet normal -0.800541 0.599278 0
  outer loop
    vertex -66.4590290936633 42.71062457899222 100
    vertex -59.70421637398638 51.73399798167756 100
    vertex -59.70421637398638 51.73399798167756 96
  endloop
endfacet
facet normal -0.707107 0.707107 0
  outer loop
    vertex -59.70421637398638 51.73399798167756 100
    vertex -51.73399798167749 59.70421637398643 96
    vertex -59.70421637398638 51.73399798167756 96
  endloop
endfacet
facet normal -0.877679 0.479249 0
  outer loop
    vertex -71.86092763300694 32.81778602714905 100
    vertex -66.4590290936633 42.71062457899222 100
    vertex -71.86092763300694 32.81778602714905 96
  endloop
endfacet
facet normal -0.800541 0.599278 0
  outer loop
    vertex -66.4590290936633 42.71062457899222 96
    vertex -66.4590290936633 42.71062457899222 100
    vertex -59.70421637398638 51.73399798167756 96
  endloop
endfacet
facet normal -0.877679 0.479249 0
  outer loop
    vertex -71.86092763300694 32.81778602714905 96
    vertex -66.4590290936633 42.71062457899222 100
    vertex -66.4590290936633 42.71062457899222 96
  endloop
endfacet
facet normal -0.93695 0.349464 0
  outer loop
    vertex -75.7999449155453 22.25687199047294 96
    vertex -75.7999449155453 22.25687199047294 100
    vertex -71.86092763300694 32.81778602714905 100
  endloop
endfacet
facet normal -0.93695 0.349464 0
  outer loop
    vertex -75.7999449155453 22.25687199047294 96
    vertex -71.86092763300694 32.81778602714905 100
    vertex -71.86092763300694 32.81778602714905 96
  endloop
endfacet
facet normal -0.977147 0.212565 0
  outer loop
    vertex -78.19589390859369 11.24287222358956 100
    vertex -75.7999449155453 22.25687199047294 100
    vertex -75.7999449155453 22.25687199047294 96
  endloop
endfacet
facet normal -0.977147 0.212565 0
  outer loop
    vertex -78.19589390859369 11.24287222358956 100
    vertex -75.7999449155453 22.25687199047294 96
    vertex -78.19589390859369 11.24287222358956 96
  endloop
endfacet
facet normal 0.843514 0.53531 -0.043891
  outer loop
    vertex 72.00251249937027 52.3128874540302 88
    vertex 75.14518536967931 47.68858475313077 91.99744930991811
    vertex 77.99129452390385 42.87607699505272 88
  endloop
endfacet
facet normal 0.587219 0.808237 -0.043891
  outer loop
    vertex 47.68858475313053 75.14518536967947 88
    vertex 52.31288745402998 72.00251249937044 91.99744930991811
    vertex 56.73073508763327 68.57567860704536 88
  endloop
endfacet
facet normal -0.481289 0.875462 -0.043891
  outer loop
    vertex -47.68858475313079 75.1451853696793 88
    vertex -42.87607699505275 77.99129452390382 91.99744930991811
    vertex -37.89435694929155 80.52960766947571 88
  endloop
endfacet
facet normal 0.683887 0.728266 -0.043891
  outer loop
    vertex 56.73073508763327 68.57567860704536 88
    vertex 60.92469242765317 64.87820784050575 91.99744930991811
    vertex 64.87820784050555 60.9246924276534 88
  endloop
endfacet
facet normal -0.903955 0.425369 -0.043891
  outer loop
    vertex -82.75010724405442 32.76308518893629 88
    vertex -80.52960766947579 37.89435694929139 91.99744930991811
    vertex -77.99129452390389 42.87607699505263 88
  endloop
endfacet
facet normal 0.981341 0.187201 0.043891
  outer loop
    vertex 88.29820841698853 11.1546577872231 96
    vertex 87.42356531485331 16.67693699812952 92.00255069008189
    vertex 86.20390134044817 22.13339995767212 96
  endloop
endfacet
facet normal 0.903955 0.425369 -0.043891
  outer loop
    vertex 77.99129452390385 42.87607699505272 88
    vertex 80.52960766947572 37.89435694929153 91.99744930991811
    vertex 82.75010724405438 32.76308518893639 88
  endloop
endfacet
facet normal 0.769771 0.63681 -0.043891
  outer loop
    vertex 64.87820784050555 60.9246924276534 88
    vertex 68.57567860704518 56.73073508763348 91.99744930991811
    vertex 72.00251249937027 52.3128874540302 88
  endloop
endfacet
facet normal -0.769771 0.63681 -0.043891
  outer loop
    vertex -72.00251249937037 52.31288745403006 88
    vertex -68.57567860704529 56.73073508763335 91.99744930991811
    vertex -64.87820784050568 60.92469242765326 88
  endloop
endfacet
facet normal -0.997065 0.06273 0.043891
  outer loop
    vertex -88.29820841698853 11.1546577872231 96
    vertex -88.82437883011619 5.58835623810887 92.00255069008189
    vertex -89.00000000000001 1.089935651241144e-14 96
  endloop
endfacet
facet normal -1.27024e-15 0.999036 -0.043891
  outer loop
    vertex -5.588356238109032 88.82437883011617 88
    vertex -1.32884290593785e-13 89.00000000000001 91.99744930991811
    vertex 5.588356238108747 88.82437883011619 88
  endloop
endfacet
facet normal 0.24845 0.96765 0.043891
  outer loop
    vertex 27.50251249937014 84.64402995026873 96
    vertex 22.13339995767187 86.20390134044824 92.00255069008189
    vertex 16.67693699812931 87.42356531485333 96
  endloop
endfacet
facet normal -0.587219 0.808237 -0.043891
  outer loop
    vertex -56.73073508763346 68.57567860704521 88
    vertex -52.31288745403015 72.00251249937031 91.99744930991811
    vertex -47.68858475313079 75.1451853696793 88
  endloop
endfacet
facet normal -0.24845 0.96765 -0.043891
  outer loop
    vertex -27.50251249937043 84.64402995026865 88
    vertex -22.1333999576722 86.20390134044816 91.99744930991811
    vertex -16.67693699812963 87.42356531485328 88
  endloop
endfacet
facet normal -0.981341 0.187201 0.043891
  outer loop
    vertex -86.20390134044818 22.13339995767208 96
    vertex -87.42356531485331 16.67693699812949 92.00255069008189
    vertex -88.29820841698853 11.1546577872231 96
  endloop
endfacet
facet normal -0.843514 0.53531 -0.043891
  outer loop
    vertex -77.99129452390389 42.87607699505263 88
    vertex -75.14518536967937 47.68858475313067 91.99744930991811
    vertex -72.00251249937037 52.31288745403006 88
  endloop
endfacet
facet normal -0.683887 0.728266 -0.043891
  outer loop
    vertex -64.87820784050568 60.92469242765326 88
    vertex -60.92469242765333 64.8782078405056 91.99744930991811
    vertex -56.73073508763346 68.57567860704521 88
  endloop
endfacet
facet normal 0.36777 0.92888 -0.043891
  outer loop
    vertex 27.50251249937014 84.64402995026873 88
    vertex 32.76308518893615 82.75010724405446 91.99744930991811
    vertex 37.89435694929128 80.52960766947585 88
  endloop
endfacet
facet normal -0.36777 0.92888 -0.043891
  outer loop
    vertex -37.89435694929155 80.52960766947571 88
    vertex -32.76308518893642 82.75010724405436 91.99744930991811
    vertex -27.50251249937043 84.64402995026865 88
  endloop
endfacet
facet normal 0.125212 0.991159 -0.043891
  outer loop
    vertex 5.588356238108747 88.82437883011619 88
    vertex 11.15465778722292 88.29820841698856 91.99744930991811
    vertex 16.67693699812931 87.42356531485333 88
  endloop
endfacet
facet normal -0.95014 0.308719 -0.043891
  outer loop
    vertex -86.20390134044818 22.13339995767208 88
    vertex -84.64402995026869 27.5025124993703 91.99744930991808
    vertex -82.75010724405442 32.76308518893629 88
  endloop
endfacet
facet normal 0.997066 0.0627301 -0.043863
  outer loop
    vertex 88.29820841698853 11.1546577872231 88
    vertex 88.82437002324914 5.588496217491903 92
    vertex 89.00000000000001 0 88
  endloop
endfacet
facet normal 0.997066 0.0627301 0.043863
  outer loop
    vertex 89.00000000000001 0 96
    vertex 88.82437002324914 5.588496217491903 92
    vertex 88.29820841698853 11.1546577872231 96
  endloop
endfacet
facet normal 0.48129 0.875463 0.043863
  outer loop
    vertex 47.68858475313053 75.14518536967947 96
    vertex 42.8759540875951 77.99136209272434 92
    vertex 37.89435694929128 80.52960766947585 96
  endloop
endfacet
facet normal 0.48129 0.875463 -0.043863
  outer loop
    vertex 37.89435694929128 80.52960766947585 88
    vertex 42.8759540875951 77.99136209272434 92
    vertex 47.68858475313053 75.14518536967947 88
  endloop
endfacet
facet normal 0.950141 0.30872 -0.043863
  outer loop
    vertex 82.75010724405438 32.76308518893639 88
    vertex 84.64398660862859 27.50264589086487 92
    vertex 86.20390134044817 22.13339995767212 88
  endloop
endfacet
facet normal -0.125213 0.99116 -0.043863
  outer loop
    vertex -16.67693699812963 87.42356531485328 88
    vertex -11.15479693740111 88.29819083812164 92
    vertex -5.588356238109032 88.82437883011617 88
  endloop
endfacet
facet normal 0.950141 0.30872 0.043863
  outer loop
    vertex 86.20390134044817 22.13339995767212 96
    vertex 84.64398660862859 27.50264589086487 92
    vertex 82.75010724405438 32.76308518893639 96
  endloop
endfacet
facet normal -0.125213 0.99116 0.043863
  outer loop
    vertex -5.588356238109032 88.82437883011617 96
    vertex -11.15479693740111 88.29819083812164 92
    vertex -16.67693699812963 87.42356531485328 96
  endloop
endfacet
facet normal 0.843516 0.535312 0.0438351
  outer loop
    vertex 77.99129452390385 42.87607699505272 96
    vertex 75.14518536967931 47.68858475313077 91.99744930991811
    vertex 72.00251249937027 52.3128874540302 96
  endloop
endfacet
facet normal 0.58722 0.808239 0.0438351
  outer loop
    vertex 56.73073508763327 68.57567860704536 96
    vertex 52.31288745402998 72.00251249937044 91.99744930991811
    vertex 47.68858475313053 75.14518536967947 96
  endloop
endfacet
facet normal 0.683889 0.728268 0.0438351
  outer loop
    vertex 64.87820784050555 60.9246924276534 96
    vertex 60.92469242765317 64.87820784050575 91.99744930991811
    vertex 56.73073508763327 68.57567860704536 96
  endloop
endfacet
facet normal 0.981343 0.187201 -0.0438351
  outer loop
    vertex 86.20390134044817 22.13339995767212 88
    vertex 87.42356531485331 16.67693699812952 92.00255069008189
    vertex 88.29820841698853 11.1546577872231 88
  endloop
endfacet
facet normal 0.769773 0.636811 0.0438351
  outer loop
    vertex 72.00251249937027 52.3128874540302 96
    vertex 68.57567860704518 56.73073508763348 91.99744930991811
    vertex 64.87820784050555 60.9246924276534 96
  endloop
endfacet
facet normal -0.903957 0.42537 0.0438351
  outer loop
    vertex -77.99129452390389 42.87607699505263 96
    vertex -80.52960766947579 37.89435694929139 91.99744930991811
    vertex -82.75010724405442 32.76308518893629 96
  endloop
endfacet
facet normal -0.997067 0.0627302 -0.0438351
  outer loop
    vertex -89.00000000000001 1.089935651241144e-14 88
    vertex -88.82437883011619 5.58835623810887 92.00255069008189
    vertex -88.29820841698853 11.1546577872231 88
  endloop
endfacet
facet normal -0.481291 0.875464 0.0438351
  outer loop
    vertex -37.89435694929155 80.52960766947571 96
    vertex -42.87607699505275 77.99129452390382 91.99744930991811
    vertex -47.68858475313079 75.1451853696793 96
  endloop
endfacet
facet normal 0.903957 0.42537 0.0438351
  outer loop
    vertex 82.75010724405438 32.76308518893639 96
    vertex 80.52960766947572 37.89435694929153 91.99744930991811
    vertex 77.99129452390385 42.87607699505272 96
  endloop
endfacet
facet normal -0.769773 0.636811 0.0438351
  outer loop
    vertex -64.87820784050568 60.92469242765326 96
    vertex -68.57567860704529 56.73073508763335 91.99744930991811
    vertex -72.00251249937037 52.31288745403006 96
  endloop
endfacet
facet normal -0.683889 0.728268 0.0438351
  outer loop
    vertex -56.73073508763346 68.57567860704521 96
    vertex -60.92469242765333 64.8782078405056 91.99744930991811
    vertex -64.87820784050568 60.92469242765326 96
  endloop
endfacet
facet normal 0.248451 0.967652 -0.0438351
  outer loop
    vertex 16.67693699812931 87.42356531485333 88
    vertex 22.13339995767187 86.20390134044824 92.00255069008189
    vertex 27.50251249937014 84.64402995026873 88
  endloop
endfacet
facet normal -1.27025e-15 0.999039 0.0438351
  outer loop
    vertex 5.588356238108747 88.82437883011619 96
    vertex -1.32884290593785e-13 89.00000000000001 91.99744930991811
    vertex -5.588356238109032 88.82437883011617 96
  endloop
endfacet
facet normal -0.981343 0.187201 -0.0438351
  outer loop
    vertex -88.29820841698853 11.1546577872231 88
    vertex -87.42356531485331 16.67693699812949 92.00255069008189
    vertex -86.20390134044818 22.13339995767208 88
  endloop
endfacet
facet normal -0.248451 0.967652 0.0438351
  outer loop
    vertex -16.67693699812963 87.42356531485328 96
    vertex -22.1333999576722 86.20390134044816 91.99744930991811
    vertex -27.50251249937043 84.64402995026865 96
  endloop
endfacet
facet normal 0.367771 0.928883 0.0438351
  outer loop
    vertex 37.89435694929128 80.52960766947585 96
    vertex 32.76308518893615 82.75010724405446 91.99744930991811
    vertex 27.50251249937014 84.64402995026873 96
  endloop
endfacet
facet normal -0.843516 0.535312 0.0438351
  outer loop
    vertex -72.00251249937037 52.31288745403006 96
    vertex -75.14518536967937 47.68858475313067 91.99744930991811
    vertex -77.99129452390389 42.87607699505263 96
  endloop
endfacet
facet normal -0.58722 0.808239 0.0438351
  outer loop
    vertex -47.68858475313079 75.1451853696793 96
    vertex -52.31288745403015 72.00251249937031 91.99744930991811
    vertex -56.73073508763346 68.57567860704521 96
  endloop
endfacet
facet normal -0.367771 0.928883 0.0438351
  outer loop
    vertex -27.50251249937043 84.64402995026865 96
    vertex -32.76308518893642 82.75010724405436 91.99744930991811
    vertex -37.89435694929155 80.52960766947571 96
  endloop
endfacet
facet normal 0.125213 0.991161 0.0438351
  outer loop
    vertex 16.67693699812931 87.42356531485333 96
    vertex 11.15465778722292 88.29820841698856 91.99744930991811
    vertex 5.588356238108747 88.82437883011619 96
  endloop
endfacet
facet normal -0.950142 0.30872 0.0438351
  outer loop
    vertex -82.75010724405442 32.76308518893629 96
    vertex -84.64402995026869 27.5025124993703 91.99744930991808
    vertex -86.20390134044818 22.13339995767208 96
  endloop
endfacet
facet normal 0.999507 0.0314115 -0
  outer loop
    vertex 89.00000000000001 0 88
    vertex 88.82437002324914 5.588496217491903 92
    vertex 89.00000000000001 0 96
  endloop
endfacet
facet normal 0.960293 0.278992 -0
  outer loop
    vertex 86.20390134044817 22.13339995767212 88
    vertex 84.64398660862859 27.50264589086487 92
    vertex 86.20390134044817 22.13339995767212 96
  endloop
endfacet
facet normal 0.509041 0.860742 -0
  outer loop
    vertex 47.68858475313053 75.14518536967947 88
    vertex 42.8759540875951 77.99136209272434 92
    vertex 47.68858475313053 75.14518536967947 96
  endloop
endfacet
facet normal -0.0941091 0.995562 0
  outer loop
    vertex -5.588356238109032 88.82437883011617 88
    vertex -11.15479693740111 88.29819083812164 92
    vertex -5.588356238109032 88.82437883011617 96
  endloop
endfacet
facet normal 0.661312 0.750111 0
  outer loop
    vertex 56.73073508763327 68.57567860704536 96
    vertex 60.92469242765317 64.87820784050575 91.99744930991811
    vertex 56.73073508763327 68.57567860704536 88
  endloop
endfacet
facet normal 0.612907 0.790155 -0
  outer loop
    vertex 56.73073508763327 68.57567860704536 88
    vertex 52.31288745402998 72.00251249937044 91.99744930991811
    vertex 56.73073508763327 68.57567860704536 96
  endloop
endfacet
facet normal 0.827081 0.562083 0
  outer loop
    vertex 72.00251249937027 52.3128874540302 96
    vertex 75.14518536967931 47.68858475313077 91.99744930991811
    vertex 72.00251249937027 52.3128874540302 88
  endloop
endfacet
facet normal 0.860742 0.509041 -0
  outer loop
    vertex 77.99129452390385 42.87607699505272 88
    vertex 75.14518536967931 47.68858475313077 91.99744930991811
    vertex 77.99129452390385 42.87607699505272 96
  endloop
endfacet
facet normal 0.562083 0.827081 0
  outer loop
    vertex 47.68858475313053 75.14518536967947 96
    vertex 52.31288745402998 72.00251249937044 91.99744930991811
    vertex 47.68858475313053 75.14518536967947 88
  endloop
endfacet
facet normal -0.45399 0.891007 0
  outer loop
    vertex -37.89435694929155 80.52960766947571 88
    vertex -42.87607699505275 77.99129452390382 91.99744930991811
    vertex -37.89435694929155 80.52960766947571 96
  endloop
endfacet
facet normal -0.891007 0.45399 0
  outer loop
    vertex -77.99129452390389 42.87607699505263 88
    vertex -80.52960766947579 37.89435694929139 91.99744930991811
    vertex -77.99129452390389 42.87607699505263 96
  endloop
endfacet
facet normal 0.975917 0.218143 0
  outer loop
    vertex 86.20390134044817 22.13339995767212 96
    vertex 87.42356531485331 16.67693699812952 92.00255069008189
    vertex 86.20390134044817 22.13339995767212 88
  endloop
endfacet
facet normal 0.790155 0.612907 -0
  outer loop
    vertex 72.00251249937027 52.3128874540302 88
    vertex 68.57567860704518 56.73073508763348 91.99744930991811
    vertex 72.00251249937027 52.3128874540302 96
  endloop
endfacet
facet normal -0.612907 0.790155 0
  outer loop
    vertex -56.73073508763346 68.57567860704521 96
    vertex -52.31288745403015 72.00251249937031 91.99744930991811
    vertex -56.73073508763346 68.57567860704521 88
  endloop
endfacet
facet normal 0.987688 0.156434 -0
  outer loop
    vertex 88.29820841698853 11.1546577872231 88
    vertex 87.42356531485331 16.67693699812952 92.00255069008189
    vertex 88.29820841698853 11.1546577872231 96
  endloop
endfacet
facet normal 0.917755 0.397148 -0
  outer loop
    vertex 82.75010724405438 32.76308518893639 88
    vertex 80.52960766947572 37.89435694929153 91.99744930991811
    vertex 82.75010724405438 32.76308518893639 96
  endloop
endfacet
facet normal 0.278991 0.960294 -0
  outer loop
    vertex 27.50251249937014 84.64402995026873 88
    vertex 22.13339995767187 86.20390134044824 92.00255069008189
    vertex 27.50251249937014 84.64402995026873 96
  endloop
endfacet
facet normal 0.0314108 0.999507 -0
  outer loop
    vertex 5.588356238108747 88.82437883011619 88
    vertex -1.32884290593785e-13 89.00000000000001 91.99744930991811
    vertex 5.588356238108747 88.82437883011619 96
  endloop
endfacet
facet normal -0.995562 0.0941083 0
  outer loop
    vertex -88.29820841698853 11.1546577872231 88
    vertex -88.82437883011619 5.58835623810887 92.00255069008189
    vertex -88.29820841698853 11.1546577872231 96
  endloop
endfacet
facet normal -0.987688 0.156434 0
  outer loop
    vertex -88.29820841698853 11.1546577872231 96
    vertex -87.42356531485331 16.67693699812949 92.00255069008189
    vertex -88.29820841698853 11.1546577872231 88
  endloop
endfacet
facet normal -0.999507 0.0314108 0
  outer loop
    vertex -89.00000000000001 1.089935651241144e-14 96
    vertex -88.82437883011619 5.58835623810887 92.00255069008189
    vertex -89.00000000000001 1.089935651241144e-14 88
  endloop
endfacet
facet normal 0.750111 0.661312 0
  outer loop
    vertex 64.87820784050555 60.9246924276534 96
    vertex 68.57567860704518 56.73073508763348 91.99744930991811
    vertex 64.87820784050555 60.9246924276534 88
  endloop
endfacet
facet normal -0.661312 0.750111 0
  outer loop
    vertex -56.73073508763346 68.57567860704521 88
    vertex -60.92469242765333 64.8782078405056 91.99744930991811
    vertex -56.73073508763346 68.57567860704521 96
  endloop
endfacet
facet normal 0.707107 0.707107 -0
  outer loop
    vertex 64.87820784050555 60.9246924276534 88
    vertex 60.92469242765317 64.87820784050575 91.99744930991811
    vertex 64.87820784050555 60.9246924276534 96
  endloop
endfacet
facet normal -0.509041 0.860742 0
  outer loop
    vertex -47.68858475313079 75.1451853696793 96
    vertex -42.87607699505275 77.99129452390382 91.99744930991811
    vertex -47.68858475313079 75.1451853696793 88
  endloop
endfacet
facet normal -0.790155 0.612907 0
  outer loop
    vertex -72.00251249937037 52.31288745403006 96
    vertex -68.57567860704529 56.73073508763335 91.99744930991811
    vertex -72.00251249937037 52.31288745403006 88
  endloop
endfacet
facet normal -0.860742 0.509041 0
  outer loop
    vertex -77.99129452390389 42.87607699505263 96
    vertex -75.14518536967937 47.68858475313067 91.99744930991811
    vertex -77.99129452390389 42.87607699505263 88
  endloop
endfacet
facet normal -0.917755 0.397148 0
  outer loop
    vertex -82.75010724405442 32.76308518893629 96
    vertex -80.52960766947579 37.89435694929139 91.99744930991811
    vertex -82.75010724405442 32.76308518893629 88
  endloop
endfacet
facet normal 0.891007 0.45399 0
  outer loop
    vertex 77.99129452390385 42.87607699505272 96
    vertex 80.52960766947572 37.89435694929153 91.99744930991811
    vertex 77.99129452390385 42.87607699505272 88
  endloop
endfacet
facet normal -0.750111 0.661312 0
  outer loop
    vertex -64.87820784050568 60.92469242765326 88
    vertex -68.57567860704529 56.73073508763335 91.99744930991811
    vertex -64.87820784050568 60.92469242765326 96
  endloop
endfacet
facet normal -0.338738 0.940881 0
  outer loop
    vertex -27.50251249937043 84.64402995026865 88
    vertex -32.76308518893642 82.75010724405436 91.99744930991811
    vertex -27.50251249937043 84.64402995026865 96
  endloop
endfacet
facet normal 0.397148 0.917755 -0
  outer loop
    vertex 37.89435694929128 80.52960766947585 88
    vertex 32.76308518893615 82.75010724405446 91.99744930991811
    vertex 37.89435694929128 80.52960766947585 96
  endloop
endfacet
facet normal 0.0941083 0.995562 0
  outer loop
    vertex 5.588356238108747 88.82437883011619 96
    vertex 11.15465778722292 88.29820841698856 91.99744930991811
    vertex 5.588356238108747 88.82437883011619 88
  endloop
endfacet
facet normal -0.0314108 0.999507 0
  outer loop
    vertex -5.588356238109032 88.82437883011617 96
    vertex -1.32884290593785e-13 89.00000000000001 91.99744930991811
    vertex -5.588356238109032 88.82437883011617 88
  endloop
endfacet
facet normal -0.218143 0.975917 0
  outer loop
    vertex -16.67693699812963 87.42356531485328 88
    vertex -22.1333999576722 86.20390134044816 91.99744930991811
    vertex -16.67693699812963 87.42356531485328 96
  endloop
endfacet
facet normal -0.278991 0.960294 0
  outer loop
    vertex -27.50251249937043 84.64402995026865 96
    vertex -22.1333999576722 86.20390134044816 91.99744930991811
    vertex -27.50251249937043 84.64402995026865 88
  endloop
endfacet
facet normal 0.338738 0.940881 0
  outer loop
    vertex 27.50251249937014 84.64402995026873 96
    vertex 32.76308518893615 82.75010724405446 91.99744930991811
    vertex 27.50251249937014 84.64402995026873 88
  endloop
endfacet
facet normal 0.218143 0.975917 0
  outer loop
    vertex 16.67693699812931 87.42356531485333 96
    vertex 22.13339995767187 86.20390134044824 92.00255069008189
    vertex 16.67693699812931 87.42356531485333 88
  endloop
endfacet
facet normal -0.397148 0.917755 0
  outer loop
    vertex -37.89435694929155 80.52960766947571 96
    vertex -32.76308518893642 82.75010724405436 91.99744930991811
    vertex -37.89435694929155 80.52960766947571 88
  endloop
endfacet
facet normal -0.707107 0.707107 0
  outer loop
    vertex -64.87820784050568 60.92469242765326 96
    vertex -60.92469242765333 64.8782078405056 91.99744930991811
    vertex -64.87820784050568 60.92469242765326 88
  endloop
endfacet
facet normal 0.156434 0.987688 -0
  outer loop
    vertex 16.67693699812931 87.42356531485333 88
    vertex 11.15465778722292 88.29820841698856 91.99744930991811
    vertex 16.67693699812931 87.42356531485333 96
  endloop
endfacet
facet normal -0.827081 0.562083 0
  outer loop
    vertex -72.00251249937037 52.31288745403006 88
    vertex -75.14518536967937 47.68858475313067 91.99744930991811
    vertex -72.00251249937037 52.31288745403006 96
  endloop
endfacet
facet normal -0.975917 0.218143 0
  outer loop
    vertex -86.20390134044818 22.13339995767208 88
    vertex -87.42356531485331 16.67693699812949 92.00255069008189
    vertex -86.20390134044818 22.13339995767208 96
  endloop
endfacet
facet normal -0.960294 0.278991 0
  outer loop
    vertex -86.20390134044818 22.13339995767208 96
    vertex -84.64402995026869 27.5025124993703 91.99744930991808
    vertex -86.20390134044818 22.13339995767208 88
  endloop
endfacet
facet normal -0.562083 0.827081 0
  outer loop
    vertex -47.68858475313079 75.1451853696793 88
    vertex -52.31288745403015 72.00251249937031 91.99744930991811
    vertex -47.68858475313079 75.1451853696793 96
  endloop
endfacet
facet normal -0.940881 0.338738 0
  outer loop
    vertex -82.75010724405442 32.76308518893629 88
    vertex -84.64402995026869 27.5025124993703 91.99744930991808
    vertex -82.75010724405442 32.76308518893629 96
  endloop
endfacet
facet normal -0.156435 0.987688 0
  outer loop
    vertex -16.67693699812963 87.42356531485328 96
    vertex -11.15479693740111 88.29819083812164 92
    vertex -16.67693699812963 87.42356531485328 88
  endloop
endfacet
facet normal 0.45399 0.891007 0
  outer loop
    vertex 37.89435694929128 80.52960766947585 96
    vertex 42.8759540875951 77.99136209272434 92
    vertex 37.89435694929128 80.52960766947585 88
  endloop
endfacet
facet normal 0.940881 0.338739 0
  outer loop
    vertex 82.75010724405438 32.76308518893639 96
    vertex 84.64398660862859 27.50264589086487 92
    vertex 82.75010724405438 32.76308518893639 88
  endloop
endfacet
facet normal 0.995562 0.0941091 0
  outer loop
    vertex 88.29820841698853 11.1546577872231 96
    vertex 88.82437002324914 5.588496217491903 92
    vertex 88.29820841698853 11.1546577872231 88
  endloop
endfacet
facet normal 0.976787 0.213187 -0.0209322
  outer loop
    vertex 78.25114685812721 10.85163653039514 9.34165061365826
    vertex 75.78292034064056 22.31477054876722 10.91128170063942
    vertex 77.11647072783681 17.14788449000888 20.51770667916705
  endloop
endfacet
facet normal 0.997158 0.0753342 -0
  outer loop
    vertex 79 9.674709713264091e-15 66.90909090909092
    vertex 78.1033109660524 11.86898547223468 68.79266474000305
    vertex 79 9.674709713264091e-15 77.45454545454547
  endloop
endfacet
facet normal 0.997911 0.0618982 -0.0184888
  outer loop
    vertex 78.1033109660524 11.86898547223468 68.79266474000305
    vertex 78.45846247111851 9.234157604681068 79.14048631625343
    vertex 79 9.674709713264091e-15 77.45454545454547
  endloop
endfacet
facet normal 0.997445 0.0714362 -0
  outer loop
    vertex 79 9.674709713264091e-15 -17.45454545454547
    vertex 78.19370586386086 11.2580799107136 -8.601118964521177
    vertex 79 9.674709713264091e-15 -6.909090909090907
  endloop
endfacet
facet normal 0.980288 0.195887 0.0257476
  outer loop
    vertex 78.47212051469812 9.117362662891949 30
    vertex 77.11647072783681 17.14788449000888 20.51770667916705
    vertex 75.95418649598386 21.72467614794989 29.94928732893186
  endloop
endfacet
facet normal 0.998062 0.060705 0.013702
  outer loop
    vertex 79 9.674709713264091e-15 -17.45454545454547
    vertex 78.46471259881463 9.180897384538209 -19.13872568157949
    vertex 78.19370586386086 11.2580799107136 -8.601118964521177
  endloop
endfacet
facet normal 0.980335 0.19569 -0.0254629
  outer loop
    vertex 75.95418649598386 21.72467614794989 29.94928732893186
    vertex 77.12330254713652 17.11713189243 39.55049881929095
    vertex 78.47212051469812 9.117362662891949 30
  endloop
endfacet
facet normal 0.987489 0.157256 0.0116643
  outer loop
    vertex 77.11647072783681 17.14788449000888 20.51770667916705
    vertex 78.60787040788668 7.861469960312448 19.45454545454547
    vertex 78.25114685812721 10.85163653039514 9.34165061365826
  endloop
endfacet
facet normal 0.979624 0.200304 0.014689
  outer loop
    vertex 77.12330254713652 17.11713189243 39.55049881929095
    vertex 76.27826361630162 20.55788169247983 48.98765625175564
    vertex 78.2747386027517 10.68013561107228 50.5373002834835
  endloop
endfacet
facet normal 0.977988 0.207186 0.0247759
  outer loop
    vertex 78.25114685812721 10.85163653039514 9.34165061365826
    vertex 77.15909745189104 16.95504881767027 1.40920722895342
    vertex 75.78292034064056 22.31477054876722 10.91128170063942
  endloop
endfacet
facet normal 0.988177 0.152669 -0.0141161
  outer loop
    vertex 78.2747386027517 10.68013561107228 50.5373002834835
    vertex 78.6734460059421 7.175576182447935 40.54545454545455
    vertex 77.12330254713652 17.11713189243 39.55049881929095
  endloop
endfacet
facet normal 0.941514 0.336116 -0.0240384
  outer loop
    vertex 76.27826361630162 20.55788169247983 48.98765625175564
    vertex 72.06951185275196 32.35715471585915 49.12615020391488
    vertex 73.98705812898098 27.69323436182185 59.01770098910075
  endloop
endfacet
facet normal 0.912916 0.407448 0.0238643
  outer loop
    vertex 69.43212716364533 37.68527189143504 39.75623436964697
    vertex 74.44696519950088 26.43197632762833 40.04981118270483
    vertex 71.92970250369569 32.66677054331868 29.89637390794999
  endloop
endfacet
facet normal -0.984594 0.174852 0.00123115
  outer loop
    vertex -78.48719643467292 8.986656543179159 30.50670510538959
    vertex -78.50928643404615 8.791583680822063 40.54545454545455
    vertex -76.74357872950304 18.7462829325861 38.84590956735648
  endloop
endfacet
facet normal 0.959597 0.280702 0.0195138
  outer loop
    vertex 73.98705812898098 27.69323436182185 59.01770098910075
    vertex 77.25786686269359 16.49915173050762 59.19945343827725
    vertex 76.27826361630162 20.55788169247983 48.98765625175564
  endloop
endfacet
facet normal -0.957499 0.288162 0.0126043
  outer loop
    vertex -74.78638162077439 25.45578763409018 67.36721682006583
    vertex -77.05183913607017 17.43599970604398 78.61936859322553
    vertex -73.90391214412035 27.91436493624992 78.1964112200382
  endloop
endfacet
facet normal -0.98535 0.170417 0.00657968
  outer loop
    vertex -76.74357872950304 18.7462829325861 38.84590956735648
    vertex -77.02428604181735 17.55731641647728 27.60294737202588
    vertex -78.48719643467292 8.986656543179159 30.50670510538959
  endloop
endfacet
facet normal -0.926326 0.37659 -0.0100119
  outer loop
    vertex -71.33967376491115 33.93598307278054 67.44528915573505
    vertex -74.78638162077439 25.45578763409018 67.36721682006583
    vertex -73.90391214412035 27.91436493624992 78.1964112200382
  endloop
endfacet
facet normal -0.908368 0.417812 0.0173592
  outer loop
    vertex -73.90391214412035 27.91436493624992 78.1964112200382
    vertex -69.33226299397177 37.86868505948859 77.83392383696122
    vertex -71.33967376491115 33.93598307278054 67.44528915573505
  endloop
endfacet
facet normal 0.941619 0.335548 0.0275965
  outer loop
    vertex 74.44696519950088 26.43197632762833 40.04981118270483
    vertex 72.06951185275196 32.35715471585915 49.12615020391488
    vertex 76.27826361630162 20.55788169247983 48.98765625175564
  endloop
endfacet
facet normal -0.841439 0.540034 0.0185294
  outer loop
    vertex -63.24275803302446 47.34293565439643 78.24059135975021
    vertex -66.10133089455859 43.26215498525327 67.36292433116816
    vertex -69.33226299397177 37.86868505948859 77.83392383696122
  endloop
endfacet
facet normal -0.984576 0.174956 -3.71948e-05
  outer loop
    vertex -76.7478568895491 18.72876031298629 0.7607788181389452
    vertex -78.50191125750112 8.85719644805393 -1.636363636363626
    vertex -78.50124808177343 8.863072244084652 8.447283771812252
  endloop
endfacet
facet normal -0.965429 0.260522 -0.00869202
  outer loop
    vertex -74.78638162077439 25.45578763409018 67.36721682006583
    vertex -77.45428544984567 15.55100207233687 66.8211047594767
    vertex -77.05183913607017 17.43599970604398 78.61936859322553
  endloop
endfacet
facet normal -0.837109 0.546475 0.0247459
  outer loop
    vertex -69.33664017581323 37.86066995088442 -18.24059135975014
    vertex -62.56430873266465 48.2359541504449 -18.26703212735251
    vertex -66.45902909366336 42.71062457899215 -28
  endloop
endfacet
facet normal 0.913351 0.40634 -0.0260226
  outer loop
    vertex 69.43212716364533 37.68527189143504 39.75623436964697
    vertex 72.06951185275196 32.35715471585915 49.12615020391488
    vertex 74.44696519950088 26.43197632762833 40.04981118270483
  endloop
endfacet
facet normal 0.980543 0.195627 -0.0163091
  outer loop
    vertex 76.27826361630162 20.55788169247983 48.98765625175564
    vertex 77.25786686269359 16.49915173050762 59.19945343827725
    vertex 78.2747386027517 10.68013561107228 50.5373002834835
  endloop
endfacet
facet normal 0.938363 0.345028 -0.0207741
  outer loop
    vertex 71.92970250369569 32.66677054331868 29.89637390794999
    vertex 74.44696519950088 26.43197632762833 40.04981118270483
    vertex 75.95418649598386 21.72467614794989 29.94928732893186
  endloop
endfacet
facet normal 0.484174 0.874644 0.0239617
  outer loop
    vertex 32.81778008543621 71.86093034649598 -8.486138366271874
    vertex 43.48439410157592 65.95534451141036 -8.453334053461859
    vertex 37.85851092525478 69.33781904936414 -18.24200465247075
  endloop
endfacet
facet normal 0.959312 0.28165 -0.0198534
  outer loop
    vertex 77.19460241172159 16.79265787468519 -18.24059135975021
    vertex 74.02085707546917 27.6027664883969 -18.23799823600089
    vertex 75.83000267600939 22.15424776778508 -8.115709574318956
  endloop
endfacet
facet normal -0.986088 0.165776 -0.0121647
  outer loop
    vertex -78.50124808177343 8.863072244084652 8.447283771812252
    vertex -77.27300193442245 16.42812137898746 11.97755741533591
    vertex -76.7478568895491 18.72876031298629 0.7607788181389452
  endloop
endfacet
facet normal 0.987216 0.159264 -0.00625896
  outer loop
    vertex 78.47212051469812 9.117362662891949 30
    vertex 78.60787040788668 7.861469960312448 19.45454545454547
    vertex 77.11647072783681 17.14788449000888 20.51770667916705
  endloop
endfacet
facet normal -0.750401 0.660674 -0.0202067
  outer loop
    vertex -59.70421637398638 51.73399798167755 68.54694394796859
    vertex -55.33735725173437 56.38064288737688 58.30405574104121
    vertex -62.96988974687092 47.70527209090123 58.09934940262315
  endloop
endfacet
facet normal -0.837136 0.546362 -0.0263129
  outer loop
    vertex -65.8127725217859 43.69987383272019 -9.105701334000258
    vertex -62.56430873266465 48.2359541504449 -18.26703212735251
    vertex -69.33664017581323 37.86066995088442 -18.24059135975014
  endloop
endfacet
facet normal 0.959714 0.280049 -0.0228294
  outer loop
    vertex 73.98705812898098 27.69323436182185 59.01770098910075
    vertex 75.78796337390001 22.29763681730399 68.53709666449213
    vertex 77.25786686269359 16.49915173050762 59.19945343827725
  endloop
endfacet
facet normal 0.879519 0.475371 -0.0216523
  outer loop
    vertex 69.40935411043054 37.72719923308459 58.96812447226559
    vertex 72.06951185275196 32.35715471585915 49.12615020391488
    vertex 66.58620959536373 42.51207701021312 49.34241593351885
  endloop
endfacet
facet normal 0.96122 0.275368 0.0151014
  outer loop
    vertex 75.95418649598386 21.72467614794989 29.94928732893186
    vertex 74.44696519950088 26.43197632762833 40.04981118270483
    vertex 77.12330254713652 17.11713189243 39.55049881929095
  endloop
endfacet
facet normal -0.959476 0.281178 -0.0185506
  outer loop
    vertex -75.276101222406 23.96890871012041 -8.696482643399861
    vertex -74.0106874272403 27.63002255785065 -18.65355836827285
    vertex -77.1946024117216 16.79265787468513 -18.24059135975021
  endloop
endfacet
facet normal 0.976885 0.212813 -0.0201488
  outer loop
    vertex 75.83000267600939 22.15424776778508 -8.115709574318956
    vertex 77.15909745189104 16.95504881767027 1.40920722895342
    vertex 78.19370586386086 11.2580799107136 -8.601118964521177
  endloop
endfacet
facet normal -0.707299 0.706658 0.0190292
  outer loop
    vertex -51.79242088291715 59.65354255269982 68.52569611565471
    vertex -55.33735725173437 56.38064288737688 58.30405574104121
    vertex -59.70421637398638 51.73399798167755 68.54694394796859
  endloop
endfacet
facet normal -0.87182 0.489537 -0.0168551
  outer loop
    vertex -69.33226299397177 37.86868505948859 77.83392383696122
    vertex -66.10133089455859 43.26215498525327 67.36292433116816
    vertex -71.33967376491115 33.93598307278054 67.44528915573505
  endloop
endfacet
facet normal 0.977259 0.211109 0.0199199
  outer loop
    vertex 75.83000267600939 22.15424776778508 -8.115709574318956
    vertex 78.19370586386086 11.2580799107136 -8.601118964521177
    vertex 77.19460241172159 16.79265787468519 -18.24059135975021
  endloop
endfacet
facet normal -0.909099 0.416124 -0.0195001
  outer loop
    vertex -74.0106874272403 27.63002255785065 -18.65355836827285
    vertex -71.36574869775907 33.88111439737924 -8.565316065141786
    vertex -69.33664017581323 37.86066995088442 -18.24059135975014
  endloop
endfacet
facet normal 0.909466 0.415298 -0.0199669
  outer loop
    vertex 72.01605296089804 32.47596212482593 -8.195094508550568
    vertex 74.02085707546917 27.6027664883969 -18.23799823600089
    vertex 69.33664017581319 37.86066995088451 -18.24059135975013
  endloop
endfacet
facet normal 0.655792 0.754653 0.0208627
  outer loop
    vertex 47.41084708657716 63.19186323042863 -18.26366148456459
    vertex 55.95368443184282 55.76903440531986 -18.29569710079305
    vertex 51.73399798167749 59.70421637398643 -28
  endloop
endfacet
facet normal 0.293152 0.955856 0.0200203
  outer loop
    vertex 28.65365106194813 73.62043385378898 1.210824277387459
    vertex 22.25687199047471 75.79994491554477 -9.182067934009794
    vertex 17.76024513792297 76.97774803565562 0.4274814936138256
  endloop
endfacet
facet normal 0.937795 0.346668 0.0189899
  outer loop
    vertex 75.83000267600939 22.15424776778508 -8.115709574318956
    vertex 74.02085707546917 27.6027664883969 -18.23799823600089
    vertex 72.01605296089804 32.47596212482593 -8.195094508550568
  endloop
endfacet
facet normal -0.952591 0.303772 0.0171084
  outer loop
    vertex -74.68488291356002 25.752053591662 29.08121999696399
    vertex -76.74357872950304 18.7462829325861 38.84590956735648
    vertex -73.42522354311249 29.15024095344597 38.88152103100823
  endloop
endfacet
facet normal -0.877507 0.479155 0.0197955
  outer loop
    vertex -66.4590290936633 42.71062457899222 88
    vertex -69.33226299397177 37.86868505948859 77.83392383696122
    vertex -71.86092763300694 32.81778602714905 88
  endloop
endfacet
facet normal 0.350519 0.936355 -0.0193785
  outer loop
    vertex 32.81778008543621 71.86093034649598 -8.486138366271874
    vertex 22.25687199047471 75.79994491554477 -9.182067934009794
    vertex 28.65365106194813 73.62043385378898 1.210824277387459
  endloop
endfacet
facet normal -0.472961 0.880812 -0.0218786
  outer loop
    vertex -37.99624287535381 69.26243951347024 58.69943823901167
    vertex -32.04574319360874 72.20851987936935 48.67070597620631
    vertex -42.46263468305108 66.61775030555856 48.77910549047746
  endloop
endfacet
facet normal 0.909584 0.415067 0.0193771
  outer loop
    vertex 73.98705812898098 27.69323436182185 59.01770098910075
    vertex 72.06951185275196 32.35715471585915 49.12615020391488
    vertex 69.40935411043054 37.72719923308459 58.96812447226559
  endloop
endfacet
facet normal -0.930177 0.366734 0.0166308
  outer loop
    vertex -75.276101222406 23.96890871012041 -8.696482643399861
    vertex -71.36574869775907 33.88111439737924 -8.565316065141786
    vertex -74.0106874272403 27.63002255785065 -18.65355836827285
  endloop
endfacet
facet normal 0.484274 0.87455 -0.025306
  outer loop
    vertex 38.62149526519413 68.91574641169161 0.7952911394028348
    vertex 43.48439410157592 65.95534451141036 -8.453334053461859
    vertex 32.81778008543621 71.86093034649598 -8.486138366271874
  endloop
endfacet
facet normal 0.879899 0.474641 0.022232
  outer loop
    vertex 66.58620959536373 42.51207701021312 49.34241593351885
    vertex 72.06951185275196 32.35715471585915 49.12615020391488
    vertex 69.43212716364533 37.68527189143504 39.75623436964697
  endloop
endfacet
facet normal 0.658125 0.752604 -0.0214379
  outer loop
    vertex 56.16252733578281 55.55871239740397 58.89071833709145
    vertex 47.54751357541683 63.08909535565994 58.78067554740852
    vertex 51.82237964529113 59.62751854554503 68.49241526244535
  endloop
endfacet
facet normal -0.908843 0.416705 -0.0190265
  outer loop
    vertex -71.86092763300694 32.81778602714905 88
    vertex -69.33226299397177 37.86868505948859 77.83392383696122
    vertex -73.90391214412035 27.91436493624992 78.1964112200382
  endloop
endfacet
facet normal -0.600629 0.799294 0.0193221
  outer loop
    vertex -42.90092374190751 66.33634555875864 68.47224968681286
    vertex -47.10134930111888 63.42288935403359 58.42211766290279
    vertex -51.79242088291715 59.65354255269982 68.52569611565471
  endloop
endfacet
facet normal -0.984923 0.172945 -0.00403508
  outer loop
    vertex -78.5561610980636 8.362389224084213 51.44325166428693
    vertex -78.48573589957144 8.999403330372671 61.55588577266579
    vertex -76.79914873963115 18.51730954723203 57.81846895329276
  endloop
endfacet
facet normal 0.959271 0.281722 0.0207685
  outer loop
    vertex 77.1946024117216 16.79265787468512 78.24059135975021
    vertex 75.78796337390001 22.29763681730399 68.53709666449213
    vertex 74.01539684814128 27.61740446552061 78.24772509154829
  endloop
endfacet
facet normal -0.283031 0.958881 -0.0209836
  outer loop
    vertex -16.7926578746852 77.19460241172159 -18.24059135975021
    vertex -27.89101170616194 73.91272871438814 -18.51433467078996
    vertex -21.23859528714532 76.091537441616 -8.67925249474537
  endloop
endfacet
facet normal 0.657811 0.752874 0.0215728
  outer loop
    vertex 56.16252733578281 55.55871239740397 58.89071833709145
    vertex 52.13606168334171 59.35344195706588 49.23514652110307
    vertex 47.54751357541683 63.08909535565994 58.78067554740852
  endloop
endfacet
facet normal -0.339661 0.940303 0.0214363
  outer loop
    vertex -21.23859528714532 76.091537441616 -8.67925249474537
    vertex -27.89101170616194 73.91272871438814 -18.51433467078996
    vertex -32.26589084158209 72.11041733480059 -8.776518457617357
  endloop
endfacet
facet normal -0.921288 0.388539 -0.0163074
  outer loop
    vertex -73.42522354311249 29.15024095344597 38.88152103100823
    vertex -70.60690156857774 35.4353700542999 29.40903857306327
    vertex -74.68488291356002 25.752053591662 29.08121999696399
  endloop
endfacet
facet normal 0.655702 0.754729 -0.0209571
  outer loop
    vertex 52.3899542198551 59.12945709916072 -8.777929880697044
    vertex 55.95368443184282 55.76903440531986 -18.29569710079305
    vertex 47.41084708657716 63.19186323042863 -18.26366148456459
  endloop
endfacet
facet normal -0.202629 0.97905 -0.0200488
  outer loop
    vertex -16.43344364672799 77.27187023690973 58.89082381163333
    vertex -10.42404880353909 78.30925364566716 48.81398367488046
    vertex -21.4523454855888 76.0315518266393 49.04698127108225
  endloop
endfacet
facet normal -0.840657 0.541192 -0.0201664
  outer loop
    vertex -63.24275803302446 47.34293565439643 78.24059135975021
    vertex -69.33226299397177 37.86868505948859 77.83392383696122
    vertex -66.4590290936633 42.71062457899222 88
  endloop
endfacet
facet normal 0.0824614 0.996416 -0.0188458
  outer loop
    vertex 5.659366198070924 78.79702769924847 58.95540449678519
    vertex 12.02342316916988 78.07968554813134 48.87451204782533
    vertex 1.028340084142754 78.99330678400131 49.06960215890356
  endloop
endfacet
facet normal 0.142842 0.989548 0.0197612
  outer loop
    vertex 16.7949570631178 77.19410221803237 58.72976403677121
    vertex 12.02342316916988 78.07968554813134 48.87451204782533
    vertex 5.659366198070924 78.79702769924847 58.95540449678519
  endloop
endfacet
facet normal -0.417072 0.908665 0.0194653
  outer loop
    vertex -27.76253547184514 73.96108182128314 58.63275284787731
    vertex -32.04574319360874 72.20851987936935 48.67070597620631
    vertex -37.99624287535381 69.26243951347024 58.69943823901167
  endloop
endfacet
facet normal -0.900875 0.433674 -0.0187397
  outer loop
    vertex -73.40004285155872 29.21358775277942 19.69951404400631
    vertex -70.60690156857774 35.4353700542999 29.40903857306327
    vertex -68.62329477181908 39.13877124617006 19.75506169303307
  endloop
endfacet
facet normal -0.796763 0.604046 -0.0172254
  outer loop
    vertex -59.70421637398638 51.73399798167755 68.54694394796859
    vertex -66.10133089455859 43.26215498525327 67.36292433116816
    vertex -63.24275803302446 47.34293565439643 78.24059135975021
  endloop
endfacet
facet normal 0.707762 0.70615 -0.0206058
  outer loop
    vertex 55.9482572328047 55.77447904384151 78.16524117012204
    vertex 59.74266562902319 51.68959182987163 68.50751606273722
    vertex 51.82237964529113 59.62751854554503 68.49241526244535
  endloop
endfacet
facet normal -0.139706 0.990018 0.0186053
  outer loop
    vertex -5.634963832113771 78.79877652991047 58.72646433029735
    vertex -10.42404880353909 78.30925364566716 48.81398367488046
    vertex -16.43344364672799 77.27187023690973 58.89082381163333
  endloop
endfacet
facet normal 0.88032 0.473989 0.0192676
  outer loop
    vertex 69.33664017581319 37.86066995088451 -18.24059135975013
    vertex 66.78467901215244 42.19960484700971 -8.382856205196859
    vertex 72.01605296089804 32.47596212482593 -8.195094508550568
  endloop
endfacet
facet normal 0.878933 0.476529 -0.019905
  outer loop
    vertex 71.92970250369569 32.66677054331868 29.89637390794999
    vertex 66.66025695249218 42.3958741274162 30.13305947100464
    vertex 69.43212716364533 37.68527189143504 39.75623436964697
  endloop
endfacet
facet normal 0.936613 0.349757 -0.0206389
  outer loop
    vertex 74.01539684814128 27.61740446552061 78.24772509154829
    vertex 75.78796337390001 22.29763681730399 68.53709666449213
    vertex 71.86082433691737 32.81801221309274 68.60323243185648
  endloop
endfacet
facet normal -0.280904 0.959476 0.0223259
  outer loop
    vertex -27.76253547184514 73.96108182128314 58.63275284787731
    vertex -16.43344364672799 77.27187023690973 58.89082381163333
    vertex -21.4523454855888 76.0315518266393 49.04698127108225
  endloop
endfacet
facet normal -0.921682 0.387584 0.0167797
  outer loop
    vertex -74.68488291356002 25.752053591662 29.08121999696399
    vertex -70.60690156857774 35.4353700542999 29.40903857306327
    vertex -73.40004285155872 29.21358775277942 19.69951404400631
  endloop
endfacet
facet normal 0.707722 0.706189 0.0206499
  outer loop
    vertex 51.82237964529113 59.62751854554503 68.49241526244535
    vertex 59.74266562902319 51.68959182987163 68.50751606273722
    vertex 56.16252733578281 55.55871239740397 58.89071833709145
  endloop
endfacet
facet normal 0.936693 0.349526 0.0209052
  outer loop
    vertex 71.86082433691737 32.81801221309274 68.60323243185648
    vertex 75.78796337390001 22.29763681730399 68.53709666449213
    vertex 73.98705812898098 27.69323436182185 59.01770098910075
  endloop
endfacet
facet normal 0.959266 0.281748 -0.0206656
  outer loop
    vertex 77.1946024117216 16.79265787468512 78.24059135975021
    vertex 74.01539684814128 27.61740446552061 78.24772509154829
    vertex 75.7999449155453 22.25687199047292 88
  endloop
endfacet
facet normal 0.9593 0.281636 0.0205983
  outer loop
    vertex 75.7999449155453 22.25687199047294 -28
    vertex 74.02085707546917 27.6027664883969 -18.23799823600089
    vertex 77.19460241172159 16.79265787468519 -18.24059135975021
  endloop
endfacet
facet normal -0.953395 0.301069 0.0198983
  outer loop
    vertex -73.49766102392556 28.96711625295369 57.89402181353256
    vertex -75.29597844437112 23.90639308019508 48.30136519051249
    vertex -76.79914873963115 18.51730954723203 57.81846895329276
  endloop
endfacet
facet normal 0.958687 0.283791 0.0195554
  outer loop
    vertex 77.11647072783681 17.14788449000888 20.51770667916705
    vertex 75.78292034064056 22.31477054876722 10.91128170063942
    vertex 74.03332837009391 27.56929978156585 20.42907087101331
  endloop
endfacet
facet normal 0.843844 0.536217 -0.0199416
  outer loop
    vertex 63.54313087565416 46.93900849527486 20.39152081115029
    vertex 66.66025695249218 42.3958741274162 30.13305947100464
    vertex 69.48021907983131 37.59653117800423 20.41060377893035
  endloop
endfacet
facet normal -0.649621 0.760044 -0.0180678
  outer loop
    vertex -51.79242088291715 59.65354255269982 68.52569611565471
    vertex -47.10134930111888 63.42288935403359 58.42211766290279
    vertex -55.33735725173437 56.38064288737688 58.30405574104121
  endloop
endfacet
facet normal -0.468034 0.883467 0.0207316
  outer loop
    vertex -36.93348139376447 69.8349336087352 0.2429923713815043
    vertex -41.92133909439766 66.95969928645533 10.16458995807172
    vertex -31.89268435614497 72.27625256306047 10.00764587205829
  endloop
endfacet
facet normal -0.86475 0.501982 0.0148869
  outer loop
    vertex -68.62329477181908 39.13877124617006 19.75506169303307
    vertex -70.60690156857774 35.4353700542999 29.40903857306327
    vertex -65.79280220107151 43.72993458182484 29.35980456264643
  endloop
endfacet
facet normal 0.937205 0.348208 -0.0199566
  outer loop
    vertex 74.03332837009391 27.56929978156585 20.42907087101331
    vertex 75.78292034064056 22.31477054876722 10.91128170063942
    vertex 71.9638208456137 32.5915401492537 10.86992513550824
  endloop
endfacet
facet normal -0.212933 0.976844 -0.0208762
  outer loop
    vertex -22.35957337027795 75.76971346586416 68.35033743123049
    vertex -16.79265787468512 77.1946024117216 78.24266395943941
    vertex -11.24102080796657 78.19616007960278 68.48225741023811
  endloop
endfacet
facet normal 0.655199 0.755165 -0.0209888
  outer loop
    vertex 51.73399798167758 59.70421637398635 88
    vertex 55.9482572328047 55.77447904384151 78.16524117012204
    vertex 47.34293565439646 63.24275803302443 78.2405913597502
  endloop
endfacet
facet normal 0.417227 0.908541 -0.0218088
  outer loop
    vertex 32.83150169663359 71.85466231459129 68.48271391843269
    vertex 38.09790392205476 69.20657278572523 58.91720827771908
    vertex 27.6137825834265 74.01674818198413 58.73296749167104
  endloop
endfacet
facet normal 0.959335 0.281569 -0.0198814
  outer loop
    vertex 75.78292034064056 22.31477054876722 10.91128170063942
    vertex 77.15909745189104 16.95504881767027 1.40920722895342
    vertex 74.07953144914342 27.4449088225006 1.372970932134621
  endloop
endfacet
facet normal 0.756631 0.653522 -0.0204713
  outer loop
    vertex 63.31915054818462 47.24071521321763 78.16727640906409
    vertex 55.9482572328047 55.77447904384151 78.16524117012204
    vertex 59.70421637398645 51.73399798167747 88
  endloop
endfacet
facet normal 0.879337 0.475772 0.0201906
  outer loop
    vertex 69.48021907983131 37.59653117800423 20.41060377893035
    vertex 66.66025695249218 42.3958741274162 30.13305947100464
    vertex 71.92970250369569 32.66677054331868 29.89637390794999
  endloop
endfacet
facet normal 0.281724 0.959284 0.0201392
  outer loop
    vertex 27.6137825834265 74.01674818198413 58.73296749167104
    vertex 22.98179102456377 75.5833135110077 48.9093786157396
    vertex 16.7949570631178 77.19410221803237 58.72976403677121
  endloop
endfacet
facet normal 0.960796 0.276855 -0.0149067
  outer loop
    vertex 74.44696519950088 26.43197632762833 40.04981118270483
    vertex 76.27826361630162 20.55788169247983 48.98765625175564
    vertex 77.12330254713652 17.11713189243 39.55049881929095
  endloop
endfacet
facet normal -0.530238 0.84759 -0.0209372
  outer loop
    vertex -46.57122563746777 63.81317217177082 0.5444196512358417
    vertex -41.92133909439766 66.95969928645533 10.16458995807172
    vertex -36.93348139376447 69.8349336087352 0.2429923713815043
  endloop
endfacet
facet normal 0.655407 0.754979 0.0211762
  outer loop
    vertex 55.9482572328047 55.77447904384151 78.16524117012204
    vertex 51.82237964529113 59.62751854554503 68.49241526244535
    vertex 47.34293565439646 63.24275803302443 78.2405913597502
  endloop
endfacet
facet normal 0.803537 0.594908 0.0203274
  outer loop
    vertex 60.02743452850825 51.35861275312696 30.0206209151858
    vertex 66.66025695249218 42.3958741274162 30.13305947100464
    vertex 63.54313087565416 46.93900849527486 20.39152081115029
  endloop
endfacet
facet normal 0.222131 0.974813 -0.0199515
  outer loop
    vertex 16.7949570631178 77.19410221803237 58.72976403677121
    vertex 22.98179102456377 75.5833135110077 48.9093786157396
    vertex 12.02342316916988 78.07968554813134 48.87451204782533
  endloop
endfacet
facet normal -0.9472 0.320481 0.0101668
  outer loop
    vertex -75.2702866047791 23.98716228390538 10.20516516350528
    vertex -76.05391965727817 21.37291053563543 19.60440365940863
    vertex -73.40004285155872 29.21358775277942 19.69951404400631
  endloop
endfacet
facet normal 0.84223 0.538779 -0.0191106
  outer loop
    vertex 69.33664017581319 37.86066995088451 -18.24059135975013
    vertex 63.41363717336036 47.11380498798 -18.40484281217492
    vertex 66.78467901215244 42.19960484700971 -8.382856205196859
  endloop
endfacet
facet normal -0.95335 0.301329 -0.0180019
  outer loop
    vertex -73.49766102392556 28.96711625295369 57.89402181353256
    vertex -76.79914873963115 18.51730954723203 57.81846895329276
    vertex -74.78638162077439 25.45578763409018 67.36721682006583
  endloop
endfacet
facet normal 0.976939 0.21252 0.0206201
  outer loop
    vertex 78.19589390859369 11.24287222358951 88
    vertex 77.1946024117216 16.79265787468512 78.24059135975021
    vertex 75.7999449155453 22.25687199047292 88
  endloop
endfacet
facet normal 0.976939 0.21252 -0.0206201
  outer loop
    vertex 75.7999449155453 22.25687199047294 -28
    vertex 77.19460241172159 16.79265787468519 -18.24059135975021
    vertex 78.19589390859369 11.24287222358956 -28
  endloop
endfacet
facet normal -0.976939 0.21252 -0.0206201
  outer loop
    vertex -78.19589390859369 11.24287222358951 -28
    vertex -77.1946024117216 16.79265787468513 -18.24059135975021
    vertex -75.7999449155453 22.25687199047292 -28
  endloop
endfacet
facet normal 0.909402 0.415397 0.020835
  outer loop
    vertex 74.01539684814128 27.61740446552061 78.24772509154829
    vertex 71.86082433691737 32.81801221309274 68.60323243185648
    vertex 69.33664017581323 37.86066995088441 78.24059135975014
  endloop
endfacet
facet normal 0.91033 0.413395 0.0201098
  outer loop
    vertex 69.48021907983131 37.59653117800423 20.41060377893035
    vertex 74.03332837009391 27.56929978156585 20.42907087101331
    vertex 71.9638208456137 32.5915401492537 10.86992513550824
  endloop
endfacet
facet normal 0.95878 0.283487 -0.019412
  outer loop
    vertex 75.95418649598386 21.72467614794989 29.94928732893186
    vertex 77.11647072783681 17.14788449000888 20.51770667916705
    vertex 74.03332837009391 27.56929978156585 20.42907087101331
  endloop
endfacet
facet normal 0.800374 0.599152 0.020456
  outer loop
    vertex 66.45902909366336 42.71062457899215 88
    vertex 63.31915054818462 47.24071521321763 78.16727640906409
    vertex 59.70421637398645 51.73399798167747 88
  endloop
endfacet
facet normal 0.416595 0.908832 0.0217695
  outer loop
    vertex 27.6137825834265 74.01674818198413 58.73296749167104
    vertex 38.09790392205476 69.20657278572523 58.91720827771908
    vertex 33.46156840958444 71.56342249760489 49.24738368124058
  endloop
endfacet
facet normal 0.292329 0.956103 0.0202781
  outer loop
    vertex 23.16727525895509 75.52666652961594 10.19107415701555
    vertex 17.67775934910304 76.99673255661698 20.01498239605638
    vertex 28.41967895082783 73.71107005282092 20.07692556788925
  endloop
endfacet
facet normal -0.900936 0.433486 0.0201377
  outer loop
    vertex -71.20552406101018 34.21656533313801 10.18507799457157
    vertex -73.40004285155872 29.21358775277942 19.69951404400631
    vertex -68.62329477181908 39.13877124617006 19.75506169303307
  endloop
endfacet
facet normal -0.281846 0.959242 0.02044
  outer loop
    vertex -22.35957337027795 75.76971346586416 68.35033743123049
    vertex -27.61648883195848 74.01573849252814 78.17649044065591
    vertex -16.79265787468512 77.1946024117216 78.24266395943941
  endloop
endfacet
facet normal 0.224424 0.974278 -0.0203862
  outer loop
    vertex 12.19963440433286 78.05234730871723 10.15724148269358
    vertex 17.67775934910304 76.99673255661698 20.01498239605638
    vertex 23.16727525895509 75.52666652961594 10.19107415701555
  endloop
endfacet
facet normal 0.909646 0.4149 -0.0200461
  outer loop
    vertex 71.86082433691737 32.81801221309274 68.60323243185648
    vertex 73.98705812898098 27.69323436182185 59.01770098910075
    vertex 69.40935411043054 37.72719923308459 58.96812447226559
  endloop
endfacet
facet normal -0.832579 0.553525 0.0205629
  outer loop
    vertex -65.79280220107151 43.72993458182484 29.35980456264643
    vertex -68.70801009309886 38.98986213166987 38.92102242317274
    vertex -62.52314393591104 48.28929977095703 39.01449357441753
  endloop
endfacet
facet normal -0.791647 0.610643 -0.0202731
  outer loop
    vertex -59.00413608121332 52.53105676939747 29.36564558484186
    vertex -65.79280220107151 43.72993458182484 29.35980456264643
    vertex -62.52314393591104 48.28929977095703 39.01449357441753
  endloop
endfacet
facet normal -0.929144 0.369166 -0.02019
  outer loop
    vertex -71.20552406101018 34.21656533313801 10.18507799457157
    vertex -75.2702866047791 23.98716228390538 10.20516516350528
    vertex -73.40004285155872 29.21358775277942 19.69951404400631
  endloop
endfacet
facet normal 0.540935 0.840818 -0.020349
  outer loop
    vertex 37.85851092525478 69.33781904936414 -18.24200465247075
    vertex 43.48439410157592 65.95534451141036 -8.453334053461859
    vertex 47.41084708657716 63.19186323042863 -18.26366148456459
  endloop
endfacet
facet normal 0.937152 0.348349 0.0199978
  outer loop
    vertex 71.9638208456137 32.5915401492537 10.86992513550824
    vertex 75.78292034064056 22.31477054876722 10.91128170063942
    vertex 74.07953144914342 27.4449088225006 1.372970932134621
  endloop
endfacet
facet normal -0.901523 0.432279 -0.0197981
  outer loop
    vertex -68.70801009309886 38.98986213166987 38.92102242317274
    vertex -73.42522354311249 29.15024095344597 38.88152103100823
    vertex -71.28286171779816 34.0551556349588 48.42290104788069
  endloop
endfacet
facet normal 0.90945 0.415301 0.0206365
  outer loop
    vertex 69.33664017581319 37.86066995088451 -18.24059135975013
    vertex 74.02085707546917 27.6027664883969 -18.23799823600089
    vertex 71.86092763300694 32.81778602714905 -28
  endloop
endfacet
facet normal 0.909417 0.415375 -0.0205897
  outer loop
    vertex 71.86092763300698 32.81778602714897 88
    vertex 74.01539684814128 27.61740446552061 78.24772509154829
    vertex 69.33664017581323 37.86066995088441 78.24059135975014
  endloop
endfacet
facet normal -0.952503 0.303871 -0.0200055
  outer loop
    vertex -73.42522354311249 29.15024095344597 38.88152103100823
    vertex -76.74357872950304 18.7462829325861 38.84590956735648
    vertex -75.29597844437112 23.90639308019508 48.30136519051249
  endloop
endfacet
facet normal 0.805462 0.592326 0.0195134
  outer loop
    vertex 66.78467901215244 42.19960484700971 -8.382856205196859
    vertex 63.41363717336036 47.11380498798 -18.40484281217492
    vertex 60.23865112708992 51.11071228606337 -8.67521407288703
  endloop
endfacet
facet normal -0.800383 0.599159 -0.0198587
  outer loop
    vertex -66.45902909366336 42.71062457899215 -28
    vertex -62.56430873266465 48.2359541504449 -18.26703212735251
    vertex -59.70421637398645 51.73399798167747 -28
  endloop
endfacet
facet normal 0.706959 0.706959 0.0204525
  outer loop
    vertex 59.70421637398645 51.73399798167747 88
    vertex 55.9482572328047 55.77447904384151 78.16524117012204
    vertex 51.73399798167758 59.70421637398635 88
  endloop
endfacet
facet normal -0.929672 0.367856 -0.0197832
  outer loop
    vertex -71.28286171779816 34.0551556349588 48.42290104788069
    vertex -75.29597844437112 23.90639308019508 48.30136519051249
    vertex -73.49766102392556 28.96711625295369 57.89402181353256
  endloop
endfacet
facet normal 0.879755 0.475 -0.0201671
  outer loop
    vertex 69.48021907983131 37.59653117800423 20.41060377893035
    vertex 71.9638208456137 32.5915401492537 10.86992513550824
    vertex 66.71284278276104 42.31307844913447 10.77836113131401
  endloop
endfacet
facet normal 0.938257 0.345199 0.0226148
  outer loop
    vertex 71.92970250369569 32.66677054331868 29.89637390794999
    vertex 75.95418649598386 21.72467614794989 29.94928732893186
    vertex 74.03332837009391 27.56929978156585 20.42907087101331
  endloop
endfacet
facet normal -0.338769 0.940661 -0.0198301
  outer loop
    vertex -21.4523454855888 76.0315518266393 49.04698127108225
    vertex -32.04574319360874 72.20851987936935 48.67070597620631
    vertex -27.76253547184514 73.96108182128314 58.63275284787731
  endloop
endfacet
facet normal -0.929833 0.367445 0.0198873
  outer loop
    vertex -73.42522354311249 29.15024095344597 38.88152103100823
    vertex -75.29597844437112 23.90639308019508 48.30136519051249
    vertex -71.28286171779816 34.0551556349588 48.42290104788069
  endloop
endfacet
facet normal -0.74623 0.665377 0.0203524
  outer loop
    vertex -59.00413608121332 52.53105676939747 29.36564558484186
    vertex -62.52314393591104 48.28929977095703 39.01449357441753
    vertex -55.09579617657208 56.61672229712372 39.0949379061942
  endloop
endfacet
facet normal -0.936754 0.349391 0.020458
  outer loop
    vertex -71.86092763300694 32.81778602714905 88
    vertex -73.90391214412035 27.91436493624992 78.1964112200382
    vertex -75.7999449155453 22.25687199047294 88
  endloop
endfacet
facet normal 0.843804 0.536273 0.0201652
  outer loop
    vertex 63.54313087565416 46.93900849527486 20.39152081115029
    vertex 69.48021907983131 37.59653117800423 20.41060377893035
    vertex 66.71284278276104 42.31307844913447 10.77836113131401
  endloop
endfacet
facet normal 0.142786 0.989533 -0.0208847
  outer loop
    vertex 16.79265787468511 77.1946024117216 -18.24059135975021
    vertex 5.550874333826682 78.80474474376568 -18.80922261614974
    vertex 11.875450827198 78.102328183293 -8.850052664008743
  endloop
endfacet
facet normal -0.755709 0.654586 -0.0205155
  outer loop
    vertex -59.70421637398638 51.73399798167756 88
    vertex -55.88305144640852 55.83981161356169 78.24728204118213
    vertex -63.24275803302446 47.34293565439643 78.24059135975021
  endloop
endfacet
facet normal -0.755723 0.654566 0.0206404
  outer loop
    vertex -55.88305144640852 55.83981161356169 78.24728204118213
    vertex -59.70421637398638 51.73399798167755 68.54694394796859
    vertex -63.24275803302446 47.34293565439643 78.24059135975021
  endloop
endfacet
facet normal 0.761204 0.648195 0.0202905
  outer loop
    vertex 56.39076650471478 55.32704088427953 0.9854908258841135
    vertex 63.63582230063939 46.81326863317115 1.164007042158801
    vertex 60.23865112708992 51.11071228606337 -8.67521407288703
  endloop
endfacet
facet normal 0.936751 0.34939 -0.0206146
  outer loop
    vertex 71.86092763300694 32.81778602714905 -28
    vertex 74.02085707546917 27.6027664883969 -18.23799823600089
    vertex 75.7999449155453 22.25687199047294 -28
  endloop
endfacet
facet normal 0.93675 0.34939 0.0206351
  outer loop
    vertex 75.7999449155453 22.25687199047292 88
    vertex 74.01539684814128 27.61740446552061 78.24772509154829
    vertex 71.86092763300698 32.81778602714897 88
  endloop
endfacet
facet normal -0.869979 0.492678 0.0201178
  outer loop
    vertex -68.70801009309886 38.98986213166987 38.92102242317274
    vertex -71.28286171779816 34.0551556349588 48.42290104788069
    vertex -65.85497469896109 43.63624992364944 48.50985643035128
  endloop
endfacet
facet normal 0.486646 0.873359 -0.0204634
  outer loop
    vertex 33.46156840958444 71.56342249760489 49.24738368124058
    vertex 38.09790392205476 69.20657278572523 58.91720827771908
    vertex 43.29240524837434 66.08152274131196 49.07488362513466
  endloop
endfacet
facet normal -0.697717 0.716082 -0.0204288
  outer loop
    vertex -50.98965591349938 60.34115502559541 29.40645924221049
    vertex -59.00413608121332 52.53105676939747 29.36564558484186
    vertex -55.09579617657208 56.61672229712372 39.0949379061942
  endloop
endfacet
facet normal -0.349391 0.936753 0.0204856
  outer loop
    vertex -22.25687199047291 75.7999449155453 88
    vertex -27.61648883195848 74.01573849252814 78.17649044065591
    vertex -32.817786027149 71.86092763300697 88
  endloop
endfacet
facet normal 0.843076 0.537411 -0.0203056
  outer loop
    vertex 66.58620959536373 42.51207701021312 49.34241593351885
    vertex 69.43212716364533 37.68527189143504 39.75623436964697
    vertex 63.4627114830298 47.0476806146883 39.69664606201984
  endloop
endfacet
facet normal -0.864826 0.50185 -0.0148876
  outer loop
    vertex -65.79280220107151 43.72993458182484 29.35980456264643
    vertex -70.60690156857774 35.4353700542999 29.40903857306327
    vertex -68.70801009309886 38.98986213166987 38.92102242317274
  endloop
endfacet
facet normal 0.877492 0.479147 -0.0206201
  outer loop
    vertex 66.4590290936633 42.71062457899222 -28
    vertex 69.33664017581319 37.86066995088451 -18.24059135975013
    vertex 71.86092763300694 32.81778602714905 -28
  endloop
endfacet
facet normal -0.877492 0.479147 -0.0206201
  outer loop
    vertex -71.86092763300698 32.81778602714897 -28
    vertex -69.33664017581323 37.86066995088442 -18.24059135975014
    vertex -66.45902909366336 42.71062457899215 -28
  endloop
endfacet
facet normal 0.877492 0.479147 0.0206201
  outer loop
    vertex 71.86092763300698 32.81778602714897 88
    vertex 69.33664017581323 37.86066995088441 78.24059135975014
    vertex 66.45902909366336 42.71062457899215 88
  endloop
endfacet
facet normal 0.842958 0.537594 0.0203492
  outer loop
    vertex 69.43212716364533 37.68527189143504 39.75623436964697
    vertex 66.66025695249218 42.3958741274162 30.13305947100464
    vertex 63.4627114830298 47.0476806146883 39.69664606201984
  endloop
endfacet
facet normal -0.831957 0.554485 -0.0198737
  outer loop
    vertex -62.53781306749659 48.27030077319648 19.77694341342003
    vertex -68.62329477181908 39.13877124617006 19.75506169303307
    vertex -65.79280220107151 43.72993458182484 29.35980456264643
  endloop
endfacet
facet normal -0.947109 0.320711 -0.0113765
  outer loop
    vertex -76.05391965727817 21.37291053563543 19.60440365940863
    vertex -74.68488291356002 25.752053591662 29.08121999696399
    vertex -73.40004285155872 29.21358775277942 19.69951404400631
  endloop
endfacet
facet normal -0.540619 0.841014 0.0206347
  outer loop
    vertex -37.86066995088447 69.3366401758132 78.2405913597502
    vertex -42.90092374190751 66.33634555875864 68.47224968681286
    vertex -47.35978714704029 63.23013965971479 78.25268667534263
  endloop
endfacet
facet normal -0.800371 0.59915 0.0206201
  outer loop
    vertex -59.70421637398638 51.73399798167756 88
    vertex -63.24275803302446 47.34293565439643 78.24059135975021
    vertex -66.4590290936633 42.71062457899222 88
  endloop
endfacet
facet normal -0.481739 0.876075 -0.020515
  outer loop
    vertex -37.86066995088447 69.3366401758132 78.2405913597502
    vertex -33.02138543701969 71.76759786853523 68.41512961269822
    vertex -42.90092374190751 66.33634555875864 68.47224968681286
  endloop
endfacet
facet normal 0.877884 0.478439 0.0204089
  outer loop
    vertex 71.86082433691737 32.81801221309274 68.60323243185648
    vertex 69.40935411043054 37.72719923308459 58.96812447226559
    vertex 66.53459808751326 42.59280757748985 68.56213937955783
  endloop
endfacet
facet normal -0.86868 0.494963 -0.020186
  outer loop
    vertex -65.73860229724967 43.81137030502516 10.188498595702
    vertex -71.20552406101018 34.21656533313801 10.18507799457157
    vertex -68.62329477181908 39.13877124617006 19.75506169303307
  endloop
endfacet
facet normal 0.0823276 0.996394 0.0205043
  outer loop
    vertex 12.10745953939547 78.06669855643892 29.71201733514616
    vertex 6.579784661554184 78.72551323305282 19.8916945869057
    vertex 0.8859666183212924 78.9950318890449 29.65603721737438
  endloop
endfacet
facet normal 0.910355 0.413332 -0.0202697
  outer loop
    vertex 69.48021907983131 37.59653117800423 20.41060377893035
    vertex 71.92970250369569 32.66677054331868 29.89637390794999
    vertex 74.03332837009391 27.56929978156585 20.42907087101331
  endloop
endfacet
facet normal 0.911112 0.411668 -0.0201176
  outer loop
    vertex 71.9638208456137 32.5915401492537 10.86992513550824
    vertex 74.07953144914342 27.4449088225006 1.372970932134621
    vertex 69.54599975324437 37.47471038342704 1.293249397422514
  endloop
endfacet
facet normal 0.959298 0.281695 0.0199048
  outer loop
    vertex 74.07953144914342 27.4449088225006 1.372970932134621
    vertex 77.15909745189104 16.95504881767027 1.40920722895342
    vertex 75.83000267600939 22.15424776778508 -8.115709574318956
  endloop
endfacet
facet normal 0.760275 0.649281 -0.0204243
  outer loop
    vertex 60.02743452850825 51.35861275312696 30.0206209151858
    vertex 63.54313087565416 46.93900849527486 20.39152081115029
    vertex 56.29280518600481 55.42670912376549 20.32589421573762
  endloop
endfacet
facet normal 0.804535 0.593556 -0.0203476
  outer loop
    vertex 63.54313087565416 46.93900849527486 20.39152081115029
    vertex 66.71284278276104 42.31307844913447 10.77836113131401
    vertex 60.10484775311826 51.267994661138 10.72341825114013
  endloop
endfacet
facet normal -0.000249943 0.999801 0.0199678
  outer loop
    vertex -5.634963832113771 78.79877652991047 58.72646433029735
    vertex 5.659366198070924 78.79702769924847 58.95540449678519
    vertex 1.028340084142754 78.99330678400131 49.06960215890356
  endloop
endfacet
facet normal 0.153665 0.987912 0.0203961
  outer loop
    vertex 6.579784661554184 78.72551323305282 19.8916945869057
    vertex 17.67775934910304 76.99673255661698 20.01498239605638
    vertex 12.19963440433286 78.05234730871723 10.15724148269358
  endloop
endfacet
facet normal -0.281614 0.959307 -0.0205892
  outer loop
    vertex -16.79265787468512 77.1946024117216 78.24266395943941
    vertex -27.61648883195848 74.01573849252814 78.17649044065591
    vertex -22.25687199047291 75.7999449155453 88
  endloop
endfacet
facet normal -0.901605 0.432164 0.0184952
  outer loop
    vertex -68.70801009309886 38.98986213166987 38.92102242317274
    vertex -70.60690156857774 35.4353700542999 29.40903857306327
    vertex -73.42522354311249 29.15024095344597 38.88152103100823
  endloop
endfacet
facet normal -0.952623 0.303498 -0.0199429
  outer loop
    vertex -73.43566461135691 29.1239276727625 0.7429869865726175
    vertex -76.7478568895491 18.72876031298629 0.7607788181389452
    vertex -75.2702866047791 23.98716228390538 10.20516516350528
  endloop
endfacet
facet normal 0.803779 0.594575 -0.0204661
  outer loop
    vertex 63.4627114830298 47.0476806146883 39.69664606201984
    vertex 66.66025695249218 42.3958741274162 30.13305947100464
    vertex 60.02743452850825 51.35861275312696 30.0206209151858
  endloop
endfacet
facet normal -0.0591505 0.998034 -0.0207096
  outer loop
    vertex 1.028340084142754 78.99330678400131 49.06960215890356
    vertex -10.42404880353909 78.30925364566716 48.81398367488046
    vertex -5.634963832113771 78.79877652991047 58.72646433029735
  endloop
endfacet
facet normal 0.877957 0.478308 -0.0203187
  outer loop
    vertex 71.86082433691737 32.81801221309274 68.60323243185648
    vertex 66.53459808751326 42.59280757748985 68.56213937955783
    vertex 69.33664017581323 37.86066995088441 78.24059135975014
  endloop
endfacet
facet normal -0.870744 0.491278 -0.0212339
  outer loop
    vertex -65.8127725217859 43.69987383272019 -9.105701334000258
    vertex -71.36574869775907 33.88111439737924 -8.565316065141786
    vertex -68.65814549962167 39.07760300418617 0.6319877020865619
  endloop
endfacet
facet normal -0.0587788 0.998059 -0.0205828
  outer loop
    vertex -4.684724061239804 78.86097488916835 19.88154610110647
    vertex 0.9887770188625569 78.99381190958547 10.12085494950821
    vertex -10.26497392291911 78.33026433226043 10.08307528173341
  endloop
endfacet
facet normal -0.351461 0.935968 -0.0209579
  outer loop
    vertex -33.02138543701969 71.76759786853523 68.41512961269822
    vertex -27.61648883195848 74.01573849252814 78.17649044065591
    vertex -22.35957337027795 75.76971346586416 68.35033743123049
  endloop
endfacet
facet normal -0.902515 0.430192 0.0200553
  outer loop
    vertex -71.28286171779816 34.0551556349588 48.42290104788069
    vertex -73.49766102392556 28.96711625295369 57.89402181353256
    vertex -68.77305884967527 38.87500966506764 57.97999684524415
  endloop
endfacet
facet normal -0.706956 0.706956 0.0206337
  outer loop
    vertex -51.73399798167749 59.70421637398643 88
    vertex -55.88305144640852 55.83981161356169 78.24728204118213
    vertex -59.70421637398638 51.73399798167756 88
  endloop
endfacet
facet normal 0.0120406 0.999716 -0.0205733
  outer loop
    vertex 0.8859666183212924 78.9950318890449 29.65603721737438
    vertex 6.579784661554184 78.72551323305282 19.8916945869057
    vertex -4.684724061239804 78.86097488916835 19.88154610110647
  endloop
endfacet
facet normal -0.64511 0.763822 0.020219
  outer loop
    vertex -50.98965591349938 60.34115502559541 29.40645924221049
    vertex -55.09579617657208 56.61672229712372 39.0949379061942
    vertex -46.58539152444075 63.80283141455843 39.1562613511661
  endloop
endfacet
facet normal 0.841592 0.539741 -0.0200777
  outer loop
    vertex 69.33664017581323 37.86066995088441 78.24059135975014
    vertex 63.31915054818462 47.24071521321763 78.16727640906409
    vertex 66.45902909366336 42.71062457899215 88
  endloop
endfacet
facet normal 0.599781 0.799886 0.0210963
  outer loop
    vertex 51.82237964529113 59.62751854554503 68.49241526244535
    vertex 47.54751357541683 63.08909535565994 58.78067554740852
    vertex 42.71858149503327 66.45391482111646 68.49001788506483
  endloop
endfacet
facet normal 0.75662 0.653523 0.0208495
  outer loop
    vertex 63.31915054818462 47.24071521321763 78.16727640906409
    vertex 59.74266562902319 51.68959182987163 68.50751606273722
    vertex 55.9482572328047 55.77447904384151 78.16524117012204
  endloop
endfacet
facet normal -0.415276 0.909465 0.0204806
  outer loop
    vertex -37.86066995088447 69.3366401758132 78.2405913597502
    vertex -27.61648883195848 74.01573849252814 78.17649044065591
    vertex -33.02138543701969 71.76759786853523 68.41512961269822
  endloop
endfacet
facet normal 0.599789 0.799882 -0.0210339
  outer loop
    vertex 51.82237964529113 59.62751854554503 68.49241526244535
    vertex 42.71858149503327 66.45391482111646 68.49001788506483
    vertex 47.34293565439646 63.24275803302443 78.2405913597502
  endloop
endfacet
facet normal 0.349533 0.936696 0.020662
  outer loop
    vertex 32.83150169663359 71.85466231459129 68.48271391843269
    vertex 27.6137825834265 74.01674818198413 58.73296749167104
    vertex 22.26558981774116 75.79738458593476 68.48308570275664
  endloop
endfacet
facet normal -0.540656 0.840989 -0.0207098
  outer loop
    vertex -37.86066995088447 69.3366401758132 78.2405913597502
    vertex -47.35978714704029 63.23013965971479 78.25268667534263
    vertex -42.71062457899218 66.45902909366333 88
  endloop
endfacet
facet normal 0.349532 0.936697 -0.0206444
  outer loop
    vertex 32.83150169663359 71.85466231459129 68.48271391843269
    vertex 22.26558981774116 75.79738458593476 68.48308570275664
    vertex 27.60771871356469 74.0190101759858 78.24114151412257
  endloop
endfacet
facet normal 0.0120036 0.999716 0.0205827
  outer loop
    vertex -4.684724061239804 78.86097488916835 19.88154610110647
    vertex 6.579784661554184 78.72551323305282 19.8916945869057
    vertex 0.9887770188625569 78.99381190958547 10.12085494950821
  endloop
endfacet
facet normal -0.415488 0.909367 -0.0205183
  outer loop
    vertex -32.817786027149 71.86092763300697 88
    vertex -27.61648883195848 74.01573849252814 78.17649044065591
    vertex -37.86066995088447 69.3366401758132 78.2405913597502
  endloop
endfacet
facet normal -0.600772 0.799169 -0.0200785
  outer loop
    vertex -47.35978714704029 63.23013965971479 78.25268667534263
    vertex -42.90092374190751 66.33634555875864 68.47224968681286
    vertex -51.79242088291715 59.65354255269982 68.52569611565471
  endloop
endfacet
facet normal -0.65496 0.755381 -0.0206744
  outer loop
    vertex -51.73399798167749 59.70421637398643 88
    vertex -47.35978714704029 63.23013965971479 78.25268667534263
    vertex -55.88305144640852 55.83981161356169 78.24728204118213
  endloop
endfacet
facet normal -0.832386 0.553811 -0.02069
  outer loop
    vertex -68.70801009309886 38.98986213166987 38.92102242317274
    vertex -65.85497469896109 43.63624992364944 48.50985643035128
    vertex -62.52314393591104 48.28929977095703 39.01449357441753
  endloop
endfacet
facet normal 0.281732 0.959271 -0.0206516
  outer loop
    vertex 22.26558981774116 75.79738458593476 68.48308570275664
    vertex 27.6137825834265 74.01674818198413 58.73296749167104
    vertex 16.7949570631178 77.19410221803237 58.72976403677121
  endloop
endfacet
facet normal -0.530788 0.847257 0.0205039
  outer loop
    vertex -41.90331535350182 66.97098000167668 29.44842819504622
    vertex -46.58539152444075 63.80283141455843 39.1562613511661
    vertex -37.06948019225815 69.76283851934194 39.21819781998126
  endloop
endfacet
facet normal -0.481554 0.876173 0.0206586
  outer loop
    vertex -33.02138543701969 71.76759786853523 68.41512961269822
    vertex -37.99624287535381 69.26243951347024 58.69943823901167
    vertex -42.90092374190751 66.33634555875864 68.47224968681286
  endloop
endfacet
facet normal -0.589239 0.807697 -0.0205975
  outer loop
    vertex -41.90331535350182 66.97098000167668 29.44842819504622
    vertex -50.98965591349938 60.34115502559541 29.40645924221049
    vertex -46.58539152444075 63.80283141455843 39.1562613511661
  endloop
endfacet
facet normal -0.654974 0.755367 0.0207278
  outer loop
    vertex -55.88305144640852 55.83981161356169 78.24728204118213
    vertex -47.35978714704029 63.23013965971479 78.25268667534263
    vertex -51.79242088291715 59.65354255269982 68.52569611565471
  endloop
endfacet
facet normal -0.130368 0.991253 0.020556
  outer loop
    vertex -10.26497392291911 78.33026433226043 10.08307528173341
    vertex -15.84896451579064 77.39386489753053 19.82401352866603
    vertex -4.684724061239804 78.86097488916835 19.88154610110647
  endloop
endfacet
facet normal -0.468528 0.883209 -0.0205744
  outer loop
    vertex -31.96383511517693 72.24481465634597 29.49570927157265
    vertex -41.90331535350182 66.97098000167668 29.44842819504622
    vertex -37.06948019225815 69.76283851934194 39.21819781998126
  endloop
endfacet
facet normal -0.926364 0.376389 0.0134908
  outer loop
    vertex -73.49766102392556 28.96711625295369 57.89402181353256
    vertex -74.78638162077439 25.45578763409018 67.36721682006583
    vertex -71.33967376491115 33.93598307278054 67.44528915573505
  endloop
endfacet
facet normal -0.791657 0.610624 0.0204137
  outer loop
    vertex -59.00413608121332 52.53105676939747 29.36564558484186
    vertex -62.53781306749659 48.27030077319648 19.77694341342003
    vertex -65.79280220107151 43.72993458182484 29.35980456264643
  endloop
endfacet
facet normal -0.64494 0.763965 -0.0202431
  outer loop
    vertex -55.09579617657208 56.61672229712372 39.0949379061942
    vertex -51.05034981851294 60.28981492265054 48.82898259671351
    vertex -46.58539152444075 63.80283141455843 39.1562613511661
  endloop
endfacet
facet normal 0.415327 0.909438 0.0206218
  outer loop
    vertex 32.83150169663359 71.85466231459129 68.48271391843269
    vertex 27.60771871356469 74.0190101759858 78.24114151412257
    vertex 37.86081127913296 69.33656300456404 78.24173558182002
  endloop
endfacet
facet normal 0.0837319 0.996276 -0.0205557
  outer loop
    vertex 0.9887770188625569 78.99381190958547 10.12085494950821
    vertex 6.579784661554184 78.72551323305282 19.8916945869057
    vertex 12.19963440433286 78.05234730871723 10.15724148269358
  endloop
endfacet
facet normal -0.404807 0.914166 0.0207909
  outer loop
    vertex -31.96383511517693 72.24481465634597 29.49570927157265
    vertex -37.06948019225815 69.76283851934194 39.21819781998126
    vertex -26.72624746662147 74.3418300578679 39.26877747424503
  endloop
endfacet
facet normal 0.84251 0.538291 0.0204795
  outer loop
    vertex 69.40935411043054 37.72719923308459 58.96812447226559
    vertex 66.58620959536373 42.51207701021312 49.34241593351885
    vertex 63.41057463591715 47.11792678315527 58.92355811722111
  endloop
endfacet
facet normal 0.415304 0.909449 -0.0206237
  outer loop
    vertex 27.60555627656633 74.01981668892007 -18.24500005273768
    vertex 32.81778008543621 71.86093034649598 -8.486138366271874
    vertex 37.85851092525478 69.33781904936414 -18.24200465247075
  endloop
endfacet
facet normal -0.200157 0.979548 -0.0205758
  outer loop
    vertex -21.2971183406481 76.07517828033288 10.04412292899814
    vertex -15.84896451579064 77.39386489753053 19.82401352866603
    vertex -10.26497392291911 78.33026433226043 10.08307528173341
  endloop
endfacet
facet normal -0.279949 0.95974 -0.0229751
  outer loop
    vertex -22.35957337027795 75.76971346586416 68.35033743123049
    vertex -16.43344364672799 77.27187023690973 58.89082381163333
    vertex -27.76253547184514 73.96108182128314 58.63275284787731
  endloop
endfacet
facet normal 0.479295 0.877412 -0.020608
  outer loop
    vertex 42.71858149503327 66.45391482111646 68.49001788506483
    vertex 32.83150169663359 71.85466231459129 68.48271391843269
    vertex 37.86081127913296 69.33656300456404 78.24173558182002
  endloop
endfacet
facet normal 0.224303 0.974302 0.0205842
  outer loop
    vertex 12.19963440433286 78.05234730871723 10.15724148269358
    vertex 23.16727525895509 75.52666652961594 10.19107415701555
    vertex 17.76024513792297 76.97774803565562 0.4274814936138256
  endloop
endfacet
facet normal 0.071355 0.997237 -0.020639
  outer loop
    vertex 11.24712033293328 78.19528300490074 68.48428414630806
    vertex 1.004119476368664e-13 79 68.48214020371397
    vertex 5.636279913477201 78.7986824048279 78.24111509050627
  endloop
endfacet
facet normal 0.212605 0.97692 0.0206492
  outer loop
    vertex 22.26558981774116 75.79738458593476 68.48308570275664
    vertex 16.7949570631178 77.19410221803237 58.72976403677121
    vertex 11.24712033293328 78.19528300490074 68.48428414630806
  endloop
endfacet
facet normal 0.879594 0.475293 0.0202825
  outer loop
    vertex 71.9638208456137 32.5915401492537 10.86992513550824
    vertex 69.54599975324437 37.47471038342704 1.293249397422514
    vertex 66.71284278276104 42.31307844913447 10.77836113131401
  endloop
endfacet
facet normal -0.869821 0.492955 -0.0201829
  outer loop
    vertex -71.28286171779816 34.0551556349588 48.42290104788069
    vertex -68.77305884967527 38.87500966506764 57.97999684524415
    vertex -65.85497469896109 43.63624992364944 48.50985643035128
  endloop
endfacet
facet normal 0.154108 0.987842 -0.0204732
  outer loop
    vertex 12.10745953939547 78.06669855643892 29.71201733514616
    vertex 17.67775934910304 76.99673255661698 20.01498239605638
    vertex 6.579784661554184 78.72551323305282 19.8916945869057
  endloop
endfacet
facet normal -0.26996 0.962651 0.020588
  outer loop
    vertex -26.6910380622029 74.35447859518642 19.77263818060503
    vertex -15.84896451579064 77.39386489753053 19.82401352866603
    vertex -21.2971183406481 76.07517828033288 10.04412292899814
  endloop
endfacet
facet normal 0.0835994 0.996287 0.0205701
  outer loop
    vertex 0.9887770188625569 78.99381190958547 10.12085494950821
    vertex 12.19963440433286 78.05234730871723 10.15724148269358
    vertex 6.625443672833442 78.72168377352018 0.3929615929851167
  endloop
endfacet
facet normal 0.281672 0.959289 0.0206235
  outer loop
    vertex 27.60771871356469 74.0190101759858 78.24114151412257
    vertex 22.26558981774116 75.79738458593476 68.48308570275664
    vertex 16.79269098682085 77.19459520860995 78.24062879324353
  endloop
endfacet
facet normal -0.404058 0.914501 0.0206071
  outer loop
    vertex -26.6910380622029 74.35447859518642 19.77263818060503
    vertex -31.89268435614497 72.27625256306047 10.00764587205829
    vertex -36.99144099518491 69.80424982119465 19.73508672635897
  endloop
endfacet
facet normal 0.415329 0.909438 -0.0206223
  outer loop
    vertex 37.86081127913296 69.33656300456404 78.24173558182002
    vertex 27.60771871356469 74.0190101759858 78.24114151412257
    vertex 32.81778602714908 71.86092763300692 88
  endloop
endfacet
facet normal -0.071312 0.997241 0.020621
  outer loop
    vertex 1.004119476368664e-13 79 68.48214020371397
    vertex -5.634963832113771 78.79877652991047 58.72646433029735
    vertex -11.24102080796657 78.19616007960278 68.48225741023811
  endloop
endfacet
facet normal 0.714625 0.699207 -0.0205258
  outer loop
    vertex 56.39076650471478 55.32704088427953 0.9854908258841135
    vertex 60.23865112708992 51.11071228606337 -8.67521407288703
    vertex 52.3899542198551 59.12945709916072 -8.777929880697044
  endloop
endfacet
facet normal -0.707332 0.706585 -0.02044
  outer loop
    vertex -55.88305144640852 55.83981161356169 78.24728204118213
    vertex -51.79242088291715 59.65354255269982 68.52569611565471
    vertex -59.70421637398638 51.73399798167755 68.54694394796859
  endloop
endfacet
facet normal 0.154763 0.987736 -0.0206419
  outer loop
    vertex 12.19963440433286 78.05234730871723 10.15724148269358
    vertex 17.76024513792297 76.97774803565562 0.4274814936138256
    vertex 6.625443672833442 78.72168377352018 0.3929615929851167
  endloop
endfacet
facet normal -0.901434 0.432439 -0.0203274
  outer loop
    vertex -71.20552406101018 34.21656533313801 10.18507799457157
    vertex -68.65814549962167 39.07760300418617 0.6319877020865619
    vertex -73.43566461135691 29.1239276727625 0.7429869865726175
  endloop
endfacet
facet normal 0.34939 0.93675 -0.0206294
  outer loop
    vertex 22.25687199047291 75.7999449155453 -28
    vertex 27.60555627656633 74.01981668892007 -18.24500005273768
    vertex 32.817786027149 71.86092763300697 -28
  endloop
endfacet
facet normal 0.281667 0.959291 0.0206165
  outer loop
    vertex 16.79265787468511 77.1946024117216 -18.24059135975021
    vertex 27.60555627656633 74.01981668892007 -18.24500005273768
    vertex 22.25687199047291 75.7999449155453 -28
  endloop
endfacet
facet normal 0.34939 0.93675 0.0206213
  outer loop
    vertex 32.81778602714908 71.86092763300692 88
    vertex 27.60771871356469 74.0190101759858 78.24114151412257
    vertex 22.25687199047299 75.79994491554528 88
  endloop
endfacet
facet normal 0.281674 0.959289 -0.0206208
  outer loop
    vertex 22.25687199047299 75.79994491554528 88
    vertex 27.60771871356469 74.0190101759858 78.24114151412257
    vertex 16.79269098682085 77.19459520860995 78.24062879324353
  endloop
endfacet
facet normal -0.142279 0.989612 0.0206213
  outer loop
    vertex -11.24102080796657 78.19616007960278 68.48225741023811
    vertex -16.79265787468512 77.1946024117216 78.24266395943941
    vertex -5.635203411885874 78.79875939700237 78.24161473934367
  endloop
endfacet
facet normal -0.338236 0.940836 -0.0206081
  outer loop
    vertex -21.36704496108483 76.05556777535081 29.5477379344224
    vertex -31.96383511517693 72.24481465634597 29.49570927157265
    vertex -26.72624746662147 74.3418300578679 39.26877747424503
  endloop
endfacet
facet normal -0.929115 0.369234 0.020301
  outer loop
    vertex -71.20552406101018 34.21656533313801 10.18507799457157
    vertex -73.43566461135691 29.1239276727625 0.7429869865726175
    vertex -75.2702866047791 23.98716228390538 10.20516516350528
  endloop
endfacet
facet normal 0.540994 0.840765 0.0209653
  outer loop
    vertex 42.71062457899218 66.45902909366333 -28
    vertex 37.85851092525478 69.33781904936414 -18.24200465247075
    vertex 47.41084708657716 63.19186323042863 -18.26366148456459
  endloop
endfacet
facet normal 0.760118 0.649463 0.0204813
  outer loop
    vertex 63.54313087565416 46.93900849527486 20.39152081115029
    vertex 60.10484775311826 51.267994661138 10.72341825114013
    vertex 56.29280518600481 55.42670912376549 20.32589421573762
  endloop
endfacet
facet normal -0.338416 0.940771 0.020602
  outer loop
    vertex -21.36704496108483 76.05556777535081 29.5477379344224
    vertex -26.6910380622029 74.35447859518642 19.77263818060503
    vertex -31.96383511517693 72.24481465634597 29.49570927157265
  endloop
endfacet
facet normal 7.74331e-06 0.999787 0.0206201
  outer loop
    vertex 5.636279913477201 78.7986824048279 78.24111509050627
    vertex 1.004119476368664e-13 79 68.48214020371397
    vertex -5.635203411885874 78.79875939700237 78.24161473934367
  endloop
endfacet
facet normal 0.415295 0.909453 0.0206255
  outer loop
    vertex 27.60555627656633 74.01981668892007 -18.24500005273768
    vertex 37.85851092525478 69.33781904936414 -18.24200465247075
    vertex 32.817786027149 71.86092763300697 -28
  endloop
endfacet
facet normal 0.937872 0.346396 -0.0201235
  outer loop
    vertex 74.07953144914342 27.4449088225006 1.372970932134621
    vertex 75.83000267600939 22.15424776778508 -8.115709574318956
    vertex 72.01605296089804 32.47596212482593 -8.195094508550568
  endloop
endfacet
facet normal -0.59915 0.800371 0.0206454
  outer loop
    vertex -42.71062457899218 66.45902909366333 88
    vertex -47.35978714704029 63.23013965971479 78.25268667534263
    vertex -51.73399798167749 59.70421637398643 88
  endloop
endfacet
facet normal -0.403197 0.914882 -0.0205933
  outer loop
    vertex -26.63291453298226 74.37531756892781 0.2799631715167976
    vertex -36.93348139376447 69.8349336087352 0.2429923713815043
    vertex -31.89268435614497 72.27625256306047 10.00764587205829
  endloop
endfacet
facet normal -0.0713124 0.997241 -0.0206133
  outer loop
    vertex 1.004119476368664e-13 79 68.48214020371397
    vertex -11.24102080796657 78.19616007960278 68.48225741023811
    vertex -5.635203411885874 78.79875939700237 78.24161473934367
  endloop
endfacet
facet normal -0.0589166 0.998049 0.0206429
  outer loop
    vertex -10.26497392291911 78.33026433226043 10.08307528173341
    vertex 0.9887770188625569 78.99381190958547 10.12085494950821
    vertex -4.62285895867889 78.86462562548662 0.3506827743545102
  endloop
endfacet
facet normal 0.540528 0.841073 0.0206369
  outer loop
    vertex 42.71858149503327 66.45391482111646 68.49001788506483
    vertex 37.86081127913296 69.33656300456404 78.24173558182002
    vertex 47.34293565439646 63.24275803302443 78.2405913597502
  endloop
endfacet
facet normal 0.212601 0.976921 -0.0206428
  outer loop
    vertex 22.26558981774116 75.79738458593476 68.48308570275664
    vertex 11.24712033293328 78.19528300490074 68.48428414630806
    vertex 16.79269098682085 77.19459520860995 78.24062879324353
  endloop
endfacet
facet normal 0.142289 0.98961 0.0206244
  outer loop
    vertex 11.24712033293328 78.19528300490074 68.48428414630806
    vertex 5.636279913477201 78.7986824048279 78.24111509050627
    vertex 16.79269098682085 77.19459520860995 78.24062879324353
  endloop
endfacet
facet normal 0.142287 0.989611 -0.0206191
  outer loop
    vertex 16.79269098682085 77.19459520860995 78.24062879324353
    vertex 5.636279913477201 78.7986824048279 78.24111509050627
    vertex 11.24287222358958 78.19589390859369 88
  endloop
endfacet
facet normal 0.071324 0.99724 0.0206212
  outer loop
    vertex 11.24287222358958 78.19589390859369 88
    vertex 5.636279913477201 78.7986824048279 78.24111509050627
    vertex 3.992024267575334e-14 79 88
  endloop
endfacet
facet normal 5.91514e-06 0.999787 -0.0206214
  outer loop
    vertex 3.992024267575334e-14 79 88
    vertex 5.636279913477201 78.7986824048279 78.24111509050627
    vertex -5.635203411885874 78.79875939700237 78.24161473934367
  endloop
endfacet
facet normal 0.540525 0.841075 -0.0206207
  outer loop
    vertex 47.34293565439646 63.24275803302443 78.2405913597502
    vertex 37.86081127913296 69.33656300456404 78.24173558182002
    vertex 42.71062457899227 66.45902909366328 88
  endloop
endfacet
facet normal 0.0127814 0.999707 -0.0205598
  outer loop
    vertex 0.9887770188625569 78.99381190958547 10.12085494950821
    vertex 6.625443672833442 78.72168377352018 0.3929615929851167
    vertex -4.62285895867889 78.86462562548662 0.3506827743545102
  endloop
endfacet
facet normal 0.479147 0.877492 -0.0206231
  outer loop
    vertex 32.817786027149 71.86092763300697 -28
    vertex 37.85851092525478 69.33781904936414 -18.24200465247075
    vertex 42.71062457899218 66.45902909366333 -28
  endloop
endfacet
facet normal -0.337368 0.941148 -0.020589
  outer loop
    vertex -26.6910380622029 74.35447859518642 19.77263818060503
    vertex -21.2971183406481 76.07517828033288 10.04412292899814
    vertex -31.89268435614497 72.27625256306047 10.00764587205829
  endloop
endfacet
facet normal -0.270546 0.962491 -0.0204031
  outer loop
    vertex -26.72624746662147 74.3418300578679 39.26877747424503
    vertex -21.4523454855888 76.0315518266393 49.04698127108225
    vertex -15.93609858820346 77.37597018317159 39.32243534386132
  endloop
endfacet
facet normal -0.417278 0.908545 -0.0206007
  outer loop
    vertex -33.02138543701969 71.76759786853523 68.41512961269822
    vertex -27.76253547184514 73.96108182128314 58.63275284787731
    vertex -37.99624287535381 69.26243951347024 58.69943823901167
  endloop
endfacet
facet normal -0.142283 0.989611 -0.0206256
  outer loop
    vertex -5.635203411885874 78.79875939700237 78.24161473934367
    vertex -16.79265787468512 77.1946024117216 78.24266395943941
    vertex -11.24287222358948 78.19589390859369 88
  endloop
endfacet
facet normal -0.479147 0.877492 0.0206201
  outer loop
    vertex -32.817786027149 71.86092763300697 88
    vertex -37.86066995088447 69.3366401758132 78.2405913597502
    vertex -42.71062457899218 66.45902909366333 88
  endloop
endfacet
facet normal -0.071324 0.99724 0.0206223
  outer loop
    vertex 3.992024267575334e-14 79 88
    vertex -5.635203411885874 78.79875939700237 78.24161473934367
    vertex -11.24287222358948 78.19589390859369 88
  endloop
endfacet
facet normal 0.59915 0.800371 0.0206201
  outer loop
    vertex 51.73399798167758 59.70421637398635 88
    vertex 47.34293565439646 63.24275803302443 78.2405913597502
    vertex 42.71062457899227 66.45902909366328 88
  endloop
endfacet
facet normal 0.59915 0.80037 -0.0206643
  outer loop
    vertex 42.71062457899218 66.45902909366333 -28
    vertex 47.41084708657716 63.19186323042863 -18.26366148456459
    vertex 51.73399798167749 59.70421637398643 -28
  endloop
endfacet
facet normal 0.21252 0.976939 -0.0206201
  outer loop
    vertex 11.24287222358948 78.19589390859369 -28
    vertex 16.79265787468511 77.1946024117216 -18.24059135975021
    vertex 22.25687199047291 75.7999449155453 -28
  endloop
endfacet
facet normal 0.21252 0.976939 0.0206202
  outer loop
    vertex 22.25687199047299 75.79994491554528 88
    vertex 16.79269098682085 77.19459520860995 78.24062879324353
    vertex 11.24287222358958 78.19589390859369 88
  endloop
endfacet
facet normal -0.59915 0.800371 -0.0206201
  outer loop
    vertex -51.73399798167758 59.70421637398635 -28
    vertex -47.34293565439646 63.24275803302443 -18.24059135975021
    vertex -42.71062457899227 66.45902909366328 -28
  endloop
endfacet
facet normal -0.21252 0.976939 -0.0206201
  outer loop
    vertex -22.25687199047299 75.79994491554528 -28
    vertex -16.7926578746852 77.19460241172159 -18.24059135975021
    vertex -11.24287222358958 78.19589390859369 -28
  endloop
endfacet
facet normal -0.270735 0.962438 0.0204139
  outer loop
    vertex -21.36704496108483 76.05556777535081 29.5477379344224
    vertex -26.72624746662147 74.3418300578679 39.26877747424503
    vertex -15.93609858820346 77.37597018317159 39.32243534386132
  endloop
endfacet
facet normal -0.468681 0.883128 0.0205941
  outer loop
    vertex -31.96383511517693 72.24481465634597 29.49570927157265
    vertex -36.99144099518491 69.80424982119465 19.73508672635897
    vertex -41.90331535350182 66.97098000167668 29.44842819504622
  endloop
endfacet
facet normal -0.403932 0.914556 -0.0206156
  outer loop
    vertex -31.96383511517693 72.24481465634597 29.49570927157265
    vertex -26.6910380622029 74.35447859518642 19.77263818060503
    vertex -36.99144099518491 69.80424982119465 19.73508672635897
  endloop
endfacet
facet normal 0.360643 0.932482 -0.0203553
  outer loop
    vertex 28.41967895082783 73.71107005282092 20.07692556788925
    vertex 33.61545228836442 71.49126777060745 10.44262316744033
    vertex 23.16727525895509 75.52666652961594 10.19107415701555
  endloop
endfacet
facet normal 0.479147 0.877492 0.0206225
  outer loop
    vertex 42.71062457899227 66.45902909366328 88
    vertex 37.86081127913296 69.33656300456404 78.24173558182002
    vertex 32.81778602714908 71.86092763300692 88
  endloop
endfacet
facet normal -0.21252 0.976939 0.0206245
  outer loop
    vertex -11.24287222358948 78.19589390859369 88
    vertex -16.79265787468512 77.1946024117216 78.24266395943941
    vertex -22.25687199047291 75.7999449155453 88
  endloop
endfacet
facet normal -0.130159 0.991279 -0.0205997
  outer loop
    vertex -4.684724061239804 78.86097488916835 19.88154610110647
    vertex -15.84896451579064 77.39386489753053 19.82401352866603
    vertex -10.33755822832353 78.32071813942987 29.60127959800448
  endloop
endfacet
facet normal -0.269779 0.962702 -0.0205972
  outer loop
    vertex -21.36704496108483 76.05556777535081 29.5477379344224
    vertex -15.84896451579064 77.39386489753053 19.82401352866603
    vertex -26.6910380622029 74.35447859518642 19.77263818060503
  endloop
endfacet
facet normal -0.201227 0.979328 0.0205936
  outer loop
    vertex -10.33755822832353 78.32071813942987 29.60127959800448
    vertex -15.84896451579064 77.39386489753053 19.82401352866603
    vertex -21.36704496108483 76.05556777535081 29.5477379344224
  endloop
endfacet
facet normal -0.403312 0.914796 0.0220753
  outer loop
    vertex -26.63291453298226 74.37531756892781 0.2799631715167976
    vertex -32.26589084158209 72.11041733480059 -8.776518457617357
    vertex -36.93348139376447 69.8349336087352 0.2429923713815043
  endloop
endfacet
facet normal -0.337493 0.941103 0.0205907
  outer loop
    vertex -21.2971183406481 76.07517828033288 10.04412292899814
    vertex -26.63291453298226 74.37531756892781 0.2799631715167976
    vertex -31.89268435614497 72.27625256306047 10.00764587205829
  endloop
endfacet
facet normal -0.200297 0.979518 0.0206187
  outer loop
    vertex -21.2971183406481 76.07517828033288 10.04412292899814
    vertex -10.26497392291911 78.33026433226043 10.08307528173341
    vertex -15.79155065987966 77.40560010591258 0.3235413346504572
  endloop
endfacet
facet normal -0.0600595 0.997983 0.0205418
  outer loop
    vertex 0.8859666183212924 78.9950318890449 29.65603721737438
    vertex -4.684724061239804 78.86097488916835 19.88154610110647
    vertex -10.33755822832353 78.32071813942987 29.60127959800448
  endloop
endfacet
facet normal 0.0126269 0.999709 0.0205469
  outer loop
    vertex 6.625443672833442 78.72168377352018 0.3929615929851167
    vertex 1.04304819374512 78.99311394334018 -9.38285768249213
    vertex -4.62285895867889 78.86462562548662 0.3506827743545102
  endloop
endfacet
facet normal -0.129458 0.991371 -0.0206184
  outer loop
    vertex -10.26497392291911 78.33026433226043 10.08307528173341
    vertex -4.62285895867889 78.86462562548662 0.3506827743545102
    vertex -15.79155065987966 77.40560010591258 0.3235413346504572
  endloop
endfacet
facet normal -0.791689 0.610581 -0.0204702
  outer loop
    vertex -58.98330074268762 52.55445017786474 -9.124521674518149
    vertex -65.8127725217859 43.69987383272019 -9.105701334000258
    vertex -62.53780116331868 48.27031619595232 0.5602792393457747
  endloop
endfacet
facet normal -0.201035 0.979367 -0.020599
  outer loop
    vertex -10.33755822832353 78.32071813942987 29.60127959800448
    vertex -21.36704496108483 76.05556777535081 29.5477379344224
    vertex -15.93609858820346 77.37597018317159 39.32243534386132
  endloop
endfacet
facet normal 0.0109985 0.999726 -0.0206415
  outer loop
    vertex -4.7564982154436 78.85667837746199 39.36994386049593
    vertex 1.028340084142754 78.99330678400131 49.06960215890356
    vertex 6.475680041445024 78.73414486740064 39.42021120907356
  endloop
endfacet
facet normal -0.131359 0.991119 0.0206703
  outer loop
    vertex -10.33755822832353 78.32071813942987 29.60127959800448
    vertex -15.93609858820346 77.37597018317159 39.32243534386132
    vertex -4.7564982154436 78.85667837746199 39.36994386049593
  endloop
endfacet
facet normal 0.706955 0.706955 -0.020726
  outer loop
    vertex 51.73399798167749 59.70421637398643 -28
    vertex 55.95368443184282 55.76903440531986 -18.29569710079305
    vertex 59.70421637398638 51.73399798167756 -28
  endloop
endfacet
facet normal -0.868685 0.494952 0.0202143
  outer loop
    vertex -65.73860229724967 43.81137030502516 10.188498595702
    vertex -68.65814549962167 39.07760300418617 0.6319877020865619
    vertex -71.20552406101018 34.21656533313801 10.18507799457157
  endloop
endfacet
facet normal -0.0598596 0.997995 -0.0205561
  outer loop
    vertex 0.8859666183212924 78.9950318890449 29.65603721737438
    vertex -10.33755822832353 78.32071813942987 29.60127959800448
    vertex -4.7564982154436 78.85667837746199 39.36994386049593
  endloop
endfacet
facet normal -0.351236 0.93605 0.0210697
  outer loop
    vertex -33.02138543701969 71.76759786853523 68.41512961269822
    vertex -22.35957337027795 75.76971346586416 68.35033743123049
    vertex -27.76253547184514 73.96108182128314 58.63275284787731
  endloop
endfacet
facet normal -0.269059 0.962903 -0.0206014
  outer loop
    vertex -21.2971183406481 76.07517828033288 10.04412292899814
    vertex -15.79155065987966 77.40560010591258 0.3235413346504572
    vertex -26.63291453298226 74.37531756892781 0.2799631715167976
  endloop
endfacet
facet normal -0.468541 0.883188 -0.0211498
  outer loop
    vertex -31.89268435614497 72.27625256306047 10.00764587205829
    vertex -41.92133909439766 66.95969928645533 10.16458995807172
    vertex -36.99144099518491 69.80424982119465 19.73508672635897
  endloop
endfacet
facet normal 0.0108144 0.999731 0.0205207
  outer loop
    vertex 0.8859666183212924 78.9950318890449 29.65603721737438
    vertex -4.7564982154436 78.85667837746199 39.36994386049593
    vertex 6.475680041445024 78.73414486740064 39.42021120907356
  endloop
endfacet
facet normal 0.358774 0.933201 0.0204156
  outer loop
    vertex 33.51081260858287 71.54037628019888 29.83050524924334
    vertex 28.41967895082783 73.71107005282092 20.07692556788925
    vertex 23.06138613209105 75.55906609842791 29.76884981323091
  endloop
endfacet
facet normal 0.842599 0.538154 -0.020448
  outer loop
    vertex 69.40935411043054 37.72719923308459 58.96812447226559
    vertex 63.41057463591715 47.11792678315527 58.92355811722111
    vertex 66.53459808751326 42.59280757748985 68.56213937955783
  endloop
endfacet
facet normal 0.0825312 0.996375 -0.0206248
  outer loop
    vertex 12.10745953939547 78.06669855643892 29.71201733514616
    vertex 0.8859666183212924 78.9950318890449 29.65603721737438
    vertex 6.475680041445024 78.73414486740064 39.42021120907356
  endloop
endfacet
facet normal -0.832153 0.554188 0.0199042
  outer loop
    vertex -65.8127725217859 43.69987383272019 -9.105701334000258
    vertex -68.65814549962167 39.07760300418617 0.6319877020865619
    vertex -62.53780116331868 48.27031619595232 0.5602792393457747
  endloop
endfacet
facet normal -0.869778 0.493022 0.0203752
  outer loop
    vertex -69.33664017581323 37.86066995088442 -18.24059135975014
    vertex -71.36574869775907 33.88111439737924 -8.565316065141786
    vertex -65.8127725217859 43.69987383272019 -9.105701334000258
  endloop
endfacet
facet normal 0.152764 0.988046 0.0206905
  outer loop
    vertex 12.10745953939547 78.06669855643892 29.71201733514616
    vertex 6.475680041445024 78.73414486740064 39.42021120907356
    vertex 17.61736637074877 77.01057331405092 39.46443562069022
  endloop
endfacet
facet normal 0.292543 0.956032 -0.0205545
  outer loop
    vertex 28.41967895082783 73.71107005282092 20.07692556788925
    vertex 17.67775934910304 76.99673255661698 20.01498239605638
    vertex 23.06138613209105 75.55906609842791 29.76884981323091
  endloop
endfacet
facet normal 0.223207 0.974554 -0.0205691
  outer loop
    vertex 23.06138613209105 75.55906609842791 29.76884981323091
    vertex 12.10745953939547 78.06669855643892 29.71201733514616
    vertex 17.61736637074877 77.01057331405092 39.46443562069022
  endloop
endfacet
facet normal 0.223004 0.974601 0.0205641
  outer loop
    vertex 23.06138613209105 75.55906609842791 29.76884981323091
    vertex 17.67775934910304 76.99673255661698 20.01498239605638
    vertex 12.10745953939547 78.06669855643892 29.71201733514616
  endloop
endfacet
facet normal -0.832 0.554418 0.0199141
  outer loop
    vertex -62.53781306749659 48.27030077319648 19.77694341342003
    vertex -65.73860229724967 43.81137030502516 10.188498595702
    vertex -68.62329477181908 39.13877124617006 19.75506169303307
  endloop
endfacet
facet normal 0.291687 0.956292 0.0206163
  outer loop
    vertex 23.06138613209105 75.55906609842791 29.76884981323091
    vertex 17.61736637074877 77.01057331405092 39.46443562069022
    vertex 28.37381747475407 73.72873579486726 39.50679331346384
  endloop
endfacet
facet normal 0.761623 0.647696 -0.0205074
  outer loop
    vertex 60.10484775311826 51.267994661138 10.72341825114013
    vertex 63.63582230063939 46.81326863317115 1.164007042158801
    vertex 56.39076650471478 55.32704088427953 0.9854908258841135
  endloop
endfacet
facet normal 0.802698 0.596038 0.0203371
  outer loop
    vertex 66.58620959536373 42.51207701021312 49.34241593351885
    vertex 63.4627114830298 47.0476806146883 39.69664606201984
    vertex 59.96149696362293 51.43557992169853 49.28807367602217
  endloop
endfacet
facet normal -0.645089 0.763818 -0.0210595
  outer loop
    vertex -50.98965591349938 60.34115502559541 29.40645924221049
    vertex -46.52834207561966 63.84444677255901 19.81137681747614
    vertex -55.16110422527093 56.55309523490997 19.79402980031965
  endloop
endfacet
facet normal 0.358984 0.93312 -0.0204522
  outer loop
    vertex 33.51081260858287 71.54037628019888 29.83050524924334
    vertex 23.06138613209105 75.55906609842791 29.76884981323091
    vertex 28.37381747475407 73.72873579486726 39.50679331346384
  endloop
endfacet
facet normal 0.549648 0.835143 -0.0205438
  outer loop
    vertex 47.99940780282738 62.74597079158052 0.8881542683282504
    vertex 38.62149526519413 68.91574641169161 0.7952911394028348
    vertex 43.36183591775416 66.03598402266573 10.55521621120377
  endloop
endfacet
facet normal 0.759165 0.650581 0.0203252
  outer loop
    vertex 63.4627114830298 47.0476806146883 39.69664606201984
    vertex 60.02743452850825 51.35861275312696 30.0206209151858
    vertex 56.22403079872943 55.49647160625192 39.63430753783868
  endloop
endfacet
facet normal 0.606603 0.79474 0.0205294
  outer loop
    vertex 47.99940780282738 62.74597079158052 0.8881542683282504
    vertex 43.36183591775416 66.03598402266573 10.55521621120377
    vertex 52.27592486325215 59.23029359788465 10.62552105510613
  endloop
endfacet
facet normal 0.424171 0.905355 -0.0202966
  outer loop
    vertex 28.37381747475407 73.72873579486726 39.50679331346384
    vertex 33.46156840958444 71.56342249760489 49.24738368124058
    vertex 38.48055660932215 68.99454154523207 39.54928992968662
  endloop
endfacet
facet normal 0.711849 0.702037 0.0203683
  outer loop
    vertex 60.02743452850825 51.35861275312696 30.0206209151858
    vertex 56.29280518600481 55.42670912376549 20.32589421573762
    vertex 52.20047497946356 59.29679933957986 29.95708445297061
  endloop
endfacet
facet normal -0.986618 0.162526 0.0130293
  outer loop
    vertex -76.79914873963115 18.51730954723203 57.81846895329276
    vertex -77.35474209175399 16.03882401917995 46.663562317051
    vertex -78.5561610980636 8.362389224084213 51.44325166428693
  endloop
endfacet
facet normal -0.472582 0.88098 0.0232248
  outer loop
    vertex -42.46263468305108 66.61775030555856 48.77910549047746
    vertex -32.04574319360874 72.20851987936935 48.67070597620631
    vertex -37.06948019225815 69.76283851934194 39.21819781998126
  endloop
endfacet
facet normal 0.424031 0.905419 0.0203446
  outer loop
    vertex 33.51081260858287 71.54037628019888 29.83050524924334
    vertex 28.37381747475407 73.72873579486726 39.50679331346384
    vertex 38.48055660932215 68.99454154523207 39.54928992968662
  endloop
endfacet
facet normal 0.712011 0.701871 -0.0204062
  outer loop
    vertex 60.02743452850825 51.35861275312696 30.0206209151858
    vertex 52.20047497946356 59.29679933957986 29.95708445297061
    vertex 56.22403079872943 55.49647160625192 39.63430753783868
  endloop
endfacet
facet normal 0.660112 0.750889 0.0204219
  outer loop
    vertex 52.20047497946356 59.29679933957986 29.95708445297061
    vertex 47.84452721046843 62.86414889272538 39.59038163863737
    vertex 56.22403079872943 55.49647160625192 39.63430753783868
  endloop
endfacet
facet normal 0.487451 0.872907 -0.020602
  outer loop
    vertex 43.31210678292306 66.06861135232577 29.89369773319576
    vertex 33.51081260858287 71.54037628019888 29.83050524924334
    vertex 38.48055660932215 68.99454154523207 39.54928992968662
  endloop
endfacet
facet normal -0.792576 0.609427 0.0205324
  outer loop
    vertex -65.85497469896109 43.63624992364944 48.50985643035128
    vertex -59.07085713327923 52.45601812508946 48.60377899581552
    vertex -62.52314393591104 48.28929977095703 39.01449357441753
  endloop
endfacet
facet normal 0.662092 0.749143 0.0204487
  outer loop
    vertex 56.39076650471478 55.32704088427953 0.9854908258841135
    vertex 52.3899542198551 59.12945709916072 -8.777929880697044
    vertex 47.99940780282738 62.74597079158052 0.8881542683282504
  endloop
endfacet
facet normal 0.802817 0.595878 -0.0203602
  outer loop
    vertex 66.58620959536373 42.51207701021312 49.34241593351885
    vertex 59.96149696362293 51.43557992169853 49.28807367602217
    vertex 63.41057463591715 47.11792678315527 58.92355811722111
  endloop
endfacet
facet normal 0.605993 0.795207 -0.020461
  outer loop
    vertex 52.20047497946356 59.29679933957986 29.95708445297061
    vertex 43.31210678292306 66.06861135232577 29.89369773319576
    vertex 47.84452721046843 62.86414889272538 39.59038163863737
  endloop
endfacet
facet normal 0.910991 0.411934 0.0201346
  outer loop
    vertex 74.07953144914342 27.4449088225006 1.372970932134621
    vertex 72.01605296089804 32.47596212482593 -8.195094508550568
    vertex 69.54599975324437 37.47471038342704 1.293249397422514
  endloop
endfacet
facet normal 0.547559 0.836516 0.0205034
  outer loop
    vertex 43.31210678292306 66.06861135232577 29.89369773319576
    vertex 38.48055660932215 68.99454154523207 39.54928992968662
    vertex 47.84452721046843 62.86414889272538 39.59038163863737
  endloop
endfacet
facet normal -0.698252 0.715564 0.0203108
  outer loop
    vertex -50.9759609113991 60.35272495222987 -8.584228231580298
    vertex -55.4574139401882 56.26255627916865 -18.54960600944152
    vertex -58.98330074268762 52.55445017786474 -9.124521674518149
  endloop
endfacet
facet normal -0.698879 0.714941 0.0206728
  outer loop
    vertex -55.09579617657208 56.61672229712372 39.0949379061942
    vertex -59.07085713327923 52.45601812508946 48.60377899581552
    vertex -51.05034981851294 60.28981492265054 48.82898259671351
  endloop
endfacet
facet normal 0.71278 0.701091 0.0203778
  outer loop
    vertex 60.10484775311826 51.267994661138 10.72341825114013
    vertex 56.39076650471478 55.32704088427953 0.9854908258841135
    vertex 52.27592486325215 59.23029359788465 10.62552105510613
  endloop
endfacet
facet normal -0.697821 0.715974 0.0206786
  outer loop
    vertex -50.98965591349938 60.34115502559541 29.40645924221049
    vertex -55.16110422527093 56.55309523490997 19.79402980031965
    vertex -59.00413608121332 52.53105676939747 29.36564558484186
  endloop
endfacet
facet normal 0.759313 0.650407 -0.0203727
  outer loop
    vertex 63.4627114830298 47.0476806146883 39.69664606201984
    vertex 56.22403079872943 55.49647160625192 39.63430753783868
    vertex 59.96149696362293 51.43557992169853 49.28807367602217
  endloop
endfacet
facet normal 0.662358 0.748907 -0.0205056
  outer loop
    vertex 56.39076650471478 55.32704088427953 0.9854908258841135
    vertex 47.99940780282738 62.74597079158052 0.8881542683282504
    vertex 52.27592486325215 59.23029359788465 10.62552105510613
  endloop
endfacet
facet normal 0.606807 0.794582 -0.0206079
  outer loop
    vertex 43.36183591775416 66.03598402266573 10.55521621120377
    vertex 47.92235008701312 62.80484346081721 20.25750124628105
    vertex 52.27592486325215 59.23029359788465 10.62552105510613
  endloop
endfacet
facet normal 0.605808 0.795348 0.0204535
  outer loop
    vertex 52.20047497946356 59.29679933957986 29.95708445297061
    vertex 47.92235008701312 62.80484346081721 20.25750124628105
    vertex 43.31210678292306 66.06861135232577 29.89369773319576
  endloop
endfacet
facet normal -0.697699 0.716099 0.0204533
  outer loop
    vertex -58.98815611910126 52.54900034889853 10.18986600015856
    vertex -50.98886757043726 60.34182118468426 10.22212589346027
    vertex -55.1204391582418 56.59273086715788 0.5478221681250375
  endloop
endfacet
facet normal 0.424747 0.905079 0.02053
  outer loop
    vertex 38.57001425426036 68.94457194316426 20.21005504482525
    vertex 33.61545228836442 71.49126777060745 10.44262316744033
    vertex 28.41967895082783 73.71107005282092 20.07692556788925
  endloop
endfacet
facet normal 0.661197 0.749935 -0.0204005
  outer loop
    vertex 56.29280518600481 55.42670912376549 20.32589421573762
    vertex 47.92235008701312 62.80484346081721 20.25750124628105
    vertex 52.20047497946356 59.29679933957986 29.95708445297061
  endloop
endfacet
facet normal -0.645137 0.763775 0.0211105
  outer loop
    vertex -55.16110422527093 56.55309523490997 19.79402980031965
    vertex -46.52834207561966 63.84444677255901 19.81137681747614
    vertex -50.98886757043726 60.34182118468426 10.22212589346027
  endloop
endfacet
facet normal 0.804414 0.593717 0.0204529
  outer loop
    vertex 66.71284278276104 42.31307844913447 10.77836113131401
    vertex 63.63582230063939 46.81326863317115 1.164007042158801
    vertex 60.10484775311826 51.267994661138 10.72341825114013
  endloop
endfacet
facet normal 0.841442 0.539962 0.0203975
  outer loop
    vertex 66.53459808751326 42.59280757748985 68.56213937955783
    vertex 63.31915054818462 47.24071521321763 78.16727640906409
    vertex 69.33664017581323 37.86066995088441 78.24059135975014
  endloop
endfacet
facet normal 0.425188 0.904871 -0.0205557
  outer loop
    vertex 33.51081260858287 71.54037628019888 29.83050524924334
    vertex 38.57001425426036 68.94457194316426 20.21005504482525
    vertex 28.41967895082783 73.71107005282092 20.07692556788925
  endloop
endfacet
facet normal -0.529956 0.847772 -0.0207043
  outer loop
    vertex -36.99144099518491 69.80424982119465 19.73508672635897
    vertex -46.52834207561966 63.84444677255901 19.81137681747614
    vertex -41.90331535350182 66.97098000167668 29.44842819504622
  endloop
endfacet
facet normal -0.746363 0.665228 0.0203386
  outer loop
    vertex -55.1204391582418 56.59273086715788 0.5478221681250375
    vertex -58.98330074268762 52.55445017786474 -9.124521674518149
    vertex -62.53780116331868 48.27031619595232 0.5602792393457747
  endloop
endfacet
facet normal 0.71103 0.702866 0.0203872
  outer loop
    vertex 56.22403079872943 55.49647160625192 39.63430753783868
    vertex 52.13606168334171 59.35344195706588 49.23514652110307
    vertex 59.96149696362293 51.43557992169853 49.28807367602217
  endloop
endfacet
facet normal -0.0713239 0.997238 -0.0207183
  outer loop
    vertex -11.24287222358958 78.19589390859369 -28
    vertex -5.719904002881827 78.7926563722649 -18.28904233054644
    vertex -3.992024267575334e-14 79 -28
  endloop
endfacet
facet normal 0.806073 0.591479 -0.0199729
  outer loop
    vertex 63.63582230063939 46.81326863317115 1.164007042158801
    vertex 66.78467901215244 42.19960484700971 -8.382856205196859
    vertex 60.23865112708992 51.11071228606337 -8.67521407288703
  endloop
endfacet
facet normal 0.880622 0.473391 -0.0201486
  outer loop
    vertex 72.01605296089804 32.47596212482593 -8.195094508550568
    vertex 66.78467901215244 42.19960484700971 -8.382856205196859
    vertex 69.54599975324437 37.47471038342704 1.293249397422514
  endloop
endfacet
facet normal -0.79237 0.609703 -0.0203181
  outer loop
    vertex -62.96988974687092 47.70527209090123 58.09934940262315
    vertex -59.07085713327923 52.45601812508946 48.60377899581552
    vertex -65.85497469896109 43.63624992364944 48.50985643035128
  endloop
endfacet
facet normal -0.791187 0.611246 0.0200534
  outer loop
    vertex -58.98815611910126 52.54900034889853 10.18986600015856
    vertex -62.53780116331868 48.27031619595232 0.5602792393457747
    vertex -65.73860229724967 43.81137030502516 10.188498595702
  endloop
endfacet
facet normal -0.902379 0.430476 -0.0200658
  outer loop
    vertex -73.49766102392556 28.96711625295369 57.89402181353256
    vertex -71.33967376491115 33.93598307278054 67.44528915573505
    vertex -68.77305884967527 38.87500966506764 57.97999684524415
  endloop
endfacet
facet normal 0.71303 0.700835 -0.0204603
  outer loop
    vertex 60.10484775311826 51.267994661138 10.72341825114013
    vertex 52.27592486325215 59.23029359788465 10.62552105510613
    vertex 56.29280518600481 55.42670912376549 20.32589421573762
  endloop
endfacet
facet normal -0.645108 0.763817 -0.0204985
  outer loop
    vertex -50.98886757043726 60.34182118468426 10.22212589346027
    vertex -46.57122563746777 63.81317217177082 0.5444196512358417
    vertex -55.1204391582418 56.59273086715788 0.5478221681250375
  endloop
endfacet
facet normal -0.746597 0.664966 -0.020339
  outer loop
    vertex -59.00413608121332 52.53105676939747 29.36564558484186
    vertex -55.16110422527093 56.55309523490997 19.79402980031965
    vertex -62.53781306749659 48.27030077319648 19.77694341342003
  endloop
endfacet
facet normal 0.844696 0.534869 0.020124
  outer loop
    vertex 69.54599975324437 37.47471038342704 1.293249397422514
    vertex 66.78467901215244 42.19960484700971 -8.382856205196859
    vertex 63.63582230063939 46.81326863317115 1.164007042158801
  endloop
endfacet
facet normal -0.746392 0.665193 -0.0204288
  outer loop
    vertex -58.98815611910126 52.54900034889853 10.18986600015856
    vertex -55.1204391582418 56.59273086715788 0.5478221681250375
    vertex -62.53780116331868 48.27031619595232 0.5602792393457747
  endloop
endfacet
facet normal -0.698283 0.715522 -0.0207329
  outer loop
    vertex -59.07085713327923 52.45601812508946 48.60377899581552
    vertex -55.33735725173437 56.38064288737688 58.30405574104121
    vertex -51.05034981851294 60.28981492265054 48.82898259671351
  endloop
endfacet
facet normal 0.758478 0.65138 0.020381
  outer loop
    vertex 59.96149696362293 51.43557992169853 49.28807367602217
    vertex 56.16252733578281 55.55871239740397 58.89071833709145
    vertex 63.41057463591715 47.11792678315527 58.92355811722111
  endloop
endfacet
facet normal 0.543535 0.839138 0.0204267
  outer loop
    vertex 43.29240524837434 66.08152274131196 49.07488362513466
    vertex 38.09790392205476 69.20657278572523 58.91720827771908
    vertex 47.54751357541683 63.08909535565994 58.78067554740852
  endloop
endfacet
facet normal 0.54861 0.835828 0.0204832
  outer loop
    vertex 43.36183591775416 66.03598402266573 10.55521621120377
    vertex 38.57001425426036 68.94457194316426 20.21005504482525
    vertex 47.92235008701312 62.80484346081721 20.25750124628105
  endloop
endfacet
facet normal 0.661009 0.750101 0.0203988
  outer loop
    vertex 52.27592486325215 59.23029359788465 10.62552105510613
    vertex 47.92235008701312 62.80484346081721 20.25750124628105
    vertex 56.29280518600481 55.42670912376549 20.32589421573762
  endloop
endfacet
facet normal 0.711166 0.702728 -0.0203843
  outer loop
    vertex 59.96149696362293 51.43557992169853 49.28807367602217
    vertex 52.13606168334171 59.35344195706588 49.23514652110307
    vertex 56.16252733578281 55.55871239740397 58.89071833709145
  endloop
endfacet
facet normal -0.479146 0.87749 -0.0207501
  outer loop
    vertex -42.71062457899227 66.45902909366328 -28
    vertex -37.96004163814014 69.28228661664298 -18.30567074829416
    vertex -32.81778602714908 71.86092763300692 -28
  endloop
endfacet
facet normal 0.488498 0.872328 -0.0203471
  outer loop
    vertex 43.36183591775416 66.03598402266573 10.55521621120377
    vertex 33.61545228836442 71.49126777060745 10.44262316744033
    vertex 38.57001425426036 68.94457194316426 20.21005504482525
  endloop
endfacet
facet normal 0.548755 0.835732 -0.0205207
  outer loop
    vertex 47.92235008701312 62.80484346081721 20.25750124628105
    vertex 38.57001425426036 68.94457194316426 20.21005504482525
    vertex 43.31210678292306 66.06861135232577 29.89369773319576
  endloop
endfacet
facet normal -0.959017 0.282556 0.0211537
  outer loop
    vertex -77.1946024117216 16.79265787468513 -18.24059135975021
    vertex -74.0106874272403 27.63002255785065 -18.65355836827285
    vertex -75.7999449155453 22.25687199047292 -28
  endloop
endfacet
facet normal -0.952603 0.30356 0.0199531
  outer loop
    vertex -73.43566461135691 29.1239276727625 0.7429869865726175
    vertex -75.276101222406 23.96890871012041 -8.696482643399861
    vertex -76.7478568895491 18.72876031298629 0.7607788181389452
  endloop
endfacet
facet normal 0.660232 0.750782 -0.0204914
  outer loop
    vertex 47.84452721046843 62.86414889272538 39.59038163863737
    vertex 52.13606168334171 59.35344195706588 49.23514652110307
    vertex 56.22403079872943 55.49647160625192 39.63430753783868
  endloop
endfacet
facet normal -0.746639 0.664919 0.0203063
  outer loop
    vertex -62.53781306749659 48.27030077319648 19.77694341342003
    vertex -55.16110422527093 56.55309523490997 19.79402980031965
    vertex -58.98815611910126 52.54900034889853 10.18986600015856
  endloop
endfacet
facet normal -0.746029 0.665594 -0.0206307
  outer loop
    vertex -62.52314393591104 48.28929977095703 39.01449357441753
    vertex -59.07085713327923 52.45601812508946 48.60377899581552
    vertex -55.09579617657208 56.61672229712372 39.0949379061942
  endloop
endfacet
facet normal 0.358638 0.933257 -0.0202777
  outer loop
    vertex 33.46156840958444 71.56342249760489 49.24738368124058
    vertex 22.98179102456377 75.5833135110077 48.9093786157396
    vertex 27.6137825834265 74.01674818198413 58.73296749167104
  endloop
endfacet
facet normal -0.832294 0.553969 -0.0201375
  outer loop
    vertex -62.53780116331868 48.27031619595232 0.5602792393457747
    vertex -68.65814549962167 39.07760300418617 0.6319877020865619
    vertex -65.73860229724967 43.81137030502516 10.188498595702
  endloop
endfacet
facet normal -0.998594 0.053001 0
  outer loop
    vertex -79 0 56.36363636363637
    vertex -78.5561610980636 8.362389224084213 51.44325166428693
    vertex -79 0 45.81818181818183
  endloop
endfacet
facet normal 0.487247 0.873019 0.020674
  outer loop
    vertex 43.31210678292306 66.06861135232577 29.89369773319576
    vertex 38.57001425426036 68.94457194316426 20.21005504482525
    vertex 33.51081260858287 71.54037628019888 29.83050524924334
  endloop
endfacet
facet normal -0.791183 0.611248 -0.0201394
  outer loop
    vertex -62.53781306749659 48.27030077319648 19.77694341342003
    vertex -58.98815611910126 52.54900034889853 10.18986600015856
    vertex -65.73860229724967 43.81137030502516 10.188498595702
  endloop
endfacet
facet normal 0.998328 0.0578015 -0
  outer loop
    vertex 79 9.674709713264091e-15 24.72727272727273
    vertex 78.47212051469812 9.117362662891949 30
    vertex 79 9.674709713264091e-15 35.27272727272728
  endloop
endfacet
facet normal -0.998376 0.0569701 0
  outer loop
    vertex -79 0 35.27272727272728
    vertex -78.48719643467292 8.986656543179159 30.50670510538959
    vertex -79 0 24.72727272727273
  endloop
endfacet
facet normal -0.471649 0.88152 -0.0216843
  outer loop
    vertex -32.26589084158209 72.11041733480059 -8.776518457617357
    vertex -42.06497978480155 66.86955567150298 -8.693079810433076
    vertex -36.93348139376447 69.8349336087352 0.2429923713815043
  endloop
endfacet
facet normal -0.835659 0.548938 0.0184898
  outer loop
    vertex -68.77305884967527 38.87500966506764 57.97999684524415
    vertex -62.96988974687092 47.70527209090123 58.09934940262315
    vertex -65.85497469896109 43.63624992364944 48.50985643035128
  endloop
endfacet
facet normal 0.48814 0.872528 0.0203614
  outer loop
    vertex 38.62149526519413 68.91574641169161 0.7952911394028348
    vertex 33.61545228836442 71.49126777060745 10.44262316744033
    vertex 43.36183591775416 66.03598402266573 10.55521621120377
  endloop
endfacet
facet normal 0.605585 0.795523 -0.0202234
  outer loop
    vertex 52.13606168334171 59.35344195706588 49.23514652110307
    vertex 43.29240524837434 66.08152274131196 49.07488362513466
    vertex 47.54751357541683 63.08909535565994 58.78067554740852
  endloop
endfacet
facet normal -0.589317 0.807637 0.0206865
  outer loop
    vertex -50.98886757043726 60.34182118468426 10.22212589346027
    vertex -41.92133909439766 66.95969928645533 10.16458995807172
    vertex -46.57122563746777 63.81317217177082 0.5444196512358417
  endloop
endfacet
facet normal 0.844946 0.534468 -0.0202517
  outer loop
    vertex 69.54599975324437 37.47471038342704 1.293249397422514
    vertex 63.63582230063939 46.81326863317115 1.164007042158801
    vertex 66.71284278276104 42.31307844913447 10.77836113131401
  endloop
endfacet
facet normal 0.997702 0.0677515 -0
  outer loop
    vertex 79 9.674709713264091e-15 45.81818181818183
    vertex 78.2747386027517 10.68013561107228 50.5373002834835
    vertex 79 9.674709713264091e-15 56.36363636363637
  endloop
endfacet
facet normal 0.997627 0.0688446 -0
  outer loop
    vertex 79 9.674709713264091e-15 3.63636363636364
    vertex 78.25114685812721 10.85163653039514 9.34165061365826
    vertex 79 9.674709713264091e-15 14.18181818181819
  endloop
endfacet
facet normal -0.99842 0.0561841 0
  outer loop
    vertex -79 0 14.18181818181819
    vertex -78.50124808177343 8.863072244084652 8.447283771812252
    vertex -79 0 3.63636363636364
  endloop
endfacet
facet normal -0.750866 0.66009 0.0219329
  outer loop
    vertex -62.96988974687092 47.70527209090123 58.09934940262315
    vertex -55.33735725173437 56.38064288737688 58.30405574104121
    vertex -59.07085713327923 52.45601812508946 48.60377899581552
  endloop
endfacet
facet normal -0.589361 0.807601 0.0208379
  outer loop
    vertex -41.90331535350182 66.97098000167668 29.44842819504622
    vertex -46.52834207561966 63.84444677255901 19.81137681747614
    vertex -50.98965591349938 60.34115502559541 29.40645924221049
  endloop
endfacet
facet normal 0.608675 0.793163 0.0201873
  outer loop
    vertex 47.41084708657716 63.19186323042863 -18.26366148456459
    vertex 43.48439410157592 65.95534451141036 -8.453334053461859
    vertex 52.3899542198551 59.12945709916072 -8.777929880697044
  endloop
endfacet
facet normal -0.142726 0.989553 0.020363
  outer loop
    vertex -16.7926578746852 77.19460241172159 -18.24059135975021
    vertex -5.719904002881827 78.7926563722649 -18.28904233054644
    vertex -11.24287222358958 78.19589390859369 -28
  endloop
endfacet
facet normal -0.589488 0.807511 -0.0207504
  outer loop
    vertex -46.52834207561966 63.84444677255901 19.81137681747614
    vertex -41.92133909439766 66.95969928645533 10.16458995807172
    vertex -50.98886757043726 60.34182118468426 10.22212589346027
  endloop
endfacet
facet normal 0.801053 0.598218 0.0212166
  outer loop
    vertex 63.41057463591715 47.11792678315527 58.92355811722111
    vertex 59.74266562902319 51.68959182987163 68.50751606273722
    vertex 66.53459808751326 42.59280757748985 68.56213937955783
  endloop
endfacet
facet normal -0.697612 0.71618 -0.0206011
  outer loop
    vertex -58.98815611910126 52.54900034889853 10.18986600015856
    vertex -55.16110422527093 56.55309523490997 19.79402980031965
    vertex -50.98886757043726 60.34182118468426 10.22212589346027
  endloop
endfacet
facet normal 0.801175 0.598054 -0.0211932
  outer loop
    vertex 66.53459808751326 42.59280757748985 68.56213937955783
    vertex 59.74266562902319 51.68959182987163 68.50751606273722
    vertex 63.31915054818462 47.24071521321763 78.16727640906409
  endloop
endfacet
facet normal -0.799124 0.600895 0.0180747
  outer loop
    vertex -62.96988974687092 47.70527209090123 58.09934940262315
    vertex -66.10133089455859 43.26215498525327 67.36292433116816
    vertex -59.70421637398638 51.73399798167755 68.54694394796859
  endloop
endfacet
facet normal -0.199491 0.97969 0.0202624
  outer loop
    vertex -16.7926578746852 77.19460241172159 -18.24059135975021
    vertex -21.23859528714532 76.091537441616 -8.67925249474537
    vertex -10.20437860758814 78.33818135004793 -8.668618182057514
  endloop
endfacet
facet normal 0.975959 0.217141 0.0187924
  outer loop
    vertex 75.78796337390001 22.29763681730399 68.53709666449213
    vertex 78.1033109660524 11.86898547223468 68.79266474000305
    vertex 77.25786686269359 16.49915173050762 59.19945343827725
  endloop
endfacet
facet normal -0.998597 0.0529582 0
  outer loop
    vertex -79 0 77.45454545454547
    vertex -78.55687832324679 8.355648874061048 72.18045065679189
    vertex -79 0 66.90909090909092
  endloop
endfacet
facet normal -0.530595 0.847376 -0.0205533
  outer loop
    vertex -46.58539152444075 63.80283141455843 39.1562613511661
    vertex -42.46263468305108 66.61775030555856 48.77910549047746
    vertex -37.06948019225815 69.76283851934194 39.21819781998126
  endloop
endfacet
facet normal 0.758557 0.651289 -0.0203627
  outer loop
    vertex 56.16252733578281 55.55871239740397 58.89071833709145
    vertex 59.74266562902319 51.68959182987163 68.50751606273722
    vertex 63.41057463591715 47.11792678315527 58.92355811722111
  endloop
endfacet
facet normal -0.529715 0.847919 0.0208446
  outer loop
    vertex -36.99144099518491 69.80424982119465 19.73508672635897
    vertex -41.92133909439766 66.95969928645533 10.16458995807172
    vertex -46.52834207561966 63.84444677255901 19.81137681747614
  endloop
endfacet
facet normal -0.909689 0.41476 0.0209776
  outer loop
    vertex -71.86092763300698 32.81778602714897 -28
    vertex -74.0106874272403 27.63002255785065 -18.65355836827285
    vertex -69.33664017581323 37.86066995088442 -18.24059135975014
  endloop
endfacet
facet normal -0.541033 0.840757 0.0202747
  outer loop
    vertex -47.34293565439646 63.24275803302443 -18.24059135975021
    vertex -37.96004163814014 69.28228661664298 -18.30567074829416
    vertex -42.71062457899227 66.45902909366328 -28
  endloop
endfacet
facet normal 0.0810222 0.996534 0.018832
  outer loop
    vertex 11.875450827198 78.102328183293 -8.850052664008743
    vertex 5.550874333826682 78.80474474376568 -18.80922261614974
    vertex 1.04304819374512 78.99311394334018 -9.38285768249213
  endloop
endfacet
facet normal 0.976154 0.216263 -0.0188154
  outer loop
    vertex 77.1946024117216 16.79265787468512 78.24059135975021
    vertex 78.1033109660524 11.86898547223468 68.79266474000305
    vertex 75.78796337390001 22.29763681730399 68.53709666449213
  endloop
endfacet
facet normal 0.142034 0.989643 -0.0207935
  outer loop
    vertex 16.7949570631178 77.19410221803237 58.72976403677121
    vertex 5.659366198070924 78.79702769924847 58.95540449678519
    vertex 11.24712033293328 78.19528300490074 68.48428414630806
  endloop
endfacet
facet normal 0.000579604 0.99978 -0.0209565
  outer loop
    vertex 1.004119476368664e-13 79 68.48214020371397
    vertex 5.659366198070924 78.79702769924847 58.95540449678519
    vertex -5.634963832113771 78.79877652991047 58.72646433029735
  endloop
endfacet
facet normal -0.47139 0.881698 0.0200024
  outer loop
    vertex -37.96004163814014 69.28228661664298 -18.30567074829416
    vertex -42.06497978480155 66.86955567150298 -8.693079810433076
    vertex -32.26589084158209 72.11041733480059 -8.776518457617357
  endloop
endfacet
facet normal 0.800366 0.599147 -0.0209191
  outer loop
    vertex 59.70421637398638 51.73399798167756 -28
    vertex 63.41363717336036 47.11380498798 -18.40484281217492
    vertex 66.4590290936633 42.71062457899222 -28
  endloop
endfacet
facet normal 0.997147 0.0714826 0.0242647
  outer loop
    vertex 79 9.674709713264091e-15 66.90909090909092
    vertex 78.55001394283777 8.419935247969139 60.59635760640628
    vertex 78.1033109660524 11.86898547223468 68.79266474000305
  endloop
endfacet
facet normal -0.201796 0.979204 0.0209063
  outer loop
    vertex -21.4523454855888 76.0315518266393 49.04698127108225
    vertex -10.42404880353909 78.30925364566716 48.81398367488046
    vertex -15.93609858820346 77.37597018317159 39.32243534386132
  endloop
endfacet
facet normal -0.0600942 0.997955 0.0217829
  outer loop
    vertex -4.7564982154436 78.85667837746199 39.36994386049593
    vertex -10.42404880353909 78.30925364566716 48.81398367488046
    vertex 1.028340084142754 78.99330678400131 49.06960215890356
  endloop
endfacet
facet normal -0.1429 0.989538 -0.0198652
  outer loop
    vertex -16.7926578746852 77.19460241172159 -18.24059135975021
    vertex -10.20437860758814 78.33818135004793 -8.668618182057514
    vertex -5.719904002881827 78.7926563722649 -18.28904233054644
  endloop
endfacet
facet normal -0.340042 0.940177 0.0209356
  outer loop
    vertex -26.72624746662147 74.3418300578679 39.26877747424503
    vertex -32.04574319360874 72.20851987936935 48.67070597620631
    vertex -21.4523454855888 76.0315518266393 49.04698127108225
  endloop
endfacet
facet normal -0.140271 0.989922 -0.0194577
  outer loop
    vertex -5.634963832113771 78.79877652991047 58.72646433029735
    vertex -16.43344364672799 77.27187023690973 58.89082381163333
    vertex -11.24102080796657 78.19616007960278 68.48225741023811
  endloop
endfacet
facet normal 0.083147 0.996333 0.0201793
  outer loop
    vertex 1.028340084142754 78.99330678400131 49.06960215890356
    vertex 12.02342316916988 78.07968554813134 48.87451204782533
    vertex 6.475680041445024 78.73414486740064 39.42021120907356
  endloop
endfacet
facet normal -0.539363 0.841867 -0.0186254
  outer loop
    vertex -37.99624287535381 69.26243951347024 58.69943823901167
    vertex -47.10134930111888 63.42288935403359 58.42211766290279
    vertex -42.90092374190751 66.33634555875864 68.47224968681286
  endloop
endfacet
facet normal 0.479268 0.877418 0.0209645
  outer loop
    vertex 42.71858149503327 66.45391482111646 68.49001788506483
    vertex 38.09790392205476 69.20657278572523 58.91720827771908
    vertex 32.83150169663359 71.85466231459129 68.48271391843269
  endloop
endfacet
facet normal 0.487195 0.873043 0.0208787
  outer loop
    vertex 33.46156840958444 71.56342249760489 49.24738368124058
    vertex 43.29240524837434 66.08152274131196 49.07488362513466
    vertex 38.48055660932215 68.99454154523207 39.54928992968662
  endloop
endfacet
facet normal 0.714362 0.699476 0.0205152
  outer loop
    vertex 60.23865112708992 51.11071228606337 -8.67521407288703
    vertex 55.95368443184282 55.76903440531986 -18.29569710079305
    vertex 52.3899542198551 59.12945709916072 -8.777929880697044
  endloop
endfacet
facet normal 0.357478 0.933689 0.0208378
  outer loop
    vertex 28.37381747475407 73.72873579486726 39.50679331346384
    vertex 22.98179102456377 75.5833135110077 48.9093786157396
    vertex 33.46156840958444 71.56342249760489 49.24738368124058
  endloop
endfacet
facet normal -0.976928 0.212518 0.0211596
  outer loop
    vertex -75.7999449155453 22.25687199047294 88
    vertex -77.05183913607017 17.43599970604398 78.61936859322553
    vertex -78.19589390859369 11.24287222358956 88
  endloop
endfacet
facet normal -0.213409 0.976728 0.0214078
  outer loop
    vertex -11.24102080796657 78.19616007960278 68.48225741023811
    vertex -16.43344364672799 77.27187023690973 58.89082381163333
    vertex -22.35957337027795 75.76971346586416 68.35033743123049
  endloop
endfacet
facet normal 0.605116 0.795875 0.0204473
  outer loop
    vertex 47.84452721046843 62.86414889272538 39.59038163863737
    vertex 43.29240524837434 66.08152274131196 49.07488362513466
    vertex 52.13606168334171 59.35344195706588 49.23514652110307
  endloop
endfacet
facet normal 0.295896 0.954968 -0.0219366
  outer loop
    vertex 23.16727525895509 75.52666652961594 10.19107415701555
    vertex 28.65365106194813 73.62043385378898 1.210824277387459
    vertex 17.76024513792297 76.97774803565562 0.4274814936138256
  endloop
endfacet
facet normal -0.541233 0.840632 -0.0201308
  outer loop
    vertex -47.34293565439646 63.24275803302443 -18.24059135975021
    vertex -42.06497978480155 66.86955567150298 -8.693079810433076
    vertex -37.96004163814014 69.28228661664298 -18.30567074829416
  endloop
endfacet
facet normal -0.998478 0.055046 0.00348603
  outer loop
    vertex -79 0 56.36363636363637
    vertex -78.48573589957144 8.999403330372671 61.55588577266579
    vertex -78.5561610980636 8.362389224084213 51.44325166428693
  endloop
endfacet
facet normal 0.998305 0.0582056 -0
  outer loop
    vertex 79 9.674709713264091e-15 -28
    vertex 78.46471259881463 9.180897384538209 -19.13872568157949
    vertex 79 9.674709713264091e-15 -17.45454545454547
  endloop
endfacet
facet normal 0.998285 0.0585445 -0
  outer loop
    vertex 79 9.674709713264091e-15 77.45454545454547
    vertex 78.45846247111851 9.234157604681068 79.14048631625343
    vertex 79 9.674709713264091e-15 88
  endloop
endfacet
facet normal -0.961328 0.27536 -0.005118
  outer loop
    vertex -74.68488291356002 25.752053591662 29.08121999696399
    vertex -77.02428604181735 17.55731641647728 27.60294737202588
    vertex -76.74357872950304 18.7462829325861 38.84590956735648
  endloop
endfacet
facet normal -0.998371 0.0570512 0
  outer loop
    vertex -79 0 66.90909090909092
    vertex -78.48573589957144 8.999403330372671 61.55588577266579
    vertex -79 0 56.36363636363637
  endloop
endfacet
facet normal -0.593035 0.804962 0.0186055
  outer loop
    vertex -51.05034981851294 60.28981492265054 48.82898259671351
    vertex -42.46263468305108 66.61775030555856 48.77910549047746
    vertex -46.58539152444075 63.80283141455843 39.1562613511661
  endloop
endfacet
facet normal 0.60772 0.793874 -0.0209842
  outer loop
    vertex 52.3899542198551 59.12945709916072 -8.777929880697044
    vertex 43.48439410157592 65.95534451141036 -8.453334053461859
    vertex 47.99940780282738 62.74597079158052 0.8881542683282504
  endloop
endfacet
facet normal 0.841907 0.539262 0.0197465
  outer loop
    vertex 66.4590290936633 42.71062457899222 -28
    vertex 63.41363717336036 47.11380498798 -18.40484281217492
    vertex 69.33664017581319 37.86066995088451 -18.24059135975013
  endloop
endfacet
facet normal 0.997359 0.0713325 -0.0136575
  outer loop
    vertex 78.19589390859369 11.24287222358956 -28
    vertex 78.46471259881463 9.180897384538209 -19.13872568157949
    vertex 79 9.674709713264091e-15 -28
  endloop
endfacet
facet normal 0.997363 0.0713328 0.0133855
  outer loop
    vertex 79 9.674709713264091e-15 88
    vertex 78.45846247111851 9.234157604681068 79.14048631625343
    vertex 78.19589390859369 11.24287222358951 88
  endloop
endfacet
facet normal -0.967616 0.252381 0.00473866
  outer loop
    vertex -77.1946024117216 16.79265787468513 -18.24059135975021
    vertex -77.41792320446172 15.73102560890637 -7.299403938866078
    vertex -75.276101222406 23.96890871012041 -8.696482643399861
  endloop
endfacet
facet normal -0.593175 0.804857 -0.0186831
  outer loop
    vertex -51.05034981851294 60.28981492265054 48.82898259671351
    vertex -47.10134930111888 63.42288935403359 58.42211766290279
    vertex -42.46263468305108 66.61775030555856 48.77910549047746
  endloop
endfacet
facet normal 0.987867 0.155003 0.00968184
  outer loop
    vertex 77.12330254713652 17.11713189243 39.55049881929095
    vertex 78.6734460059421 7.175576182447935 40.54545454545455
    vertex 78.47212051469812 9.117362662891949 30
  endloop
endfacet
facet normal -0.998477 0.0550649 -0.00334939
  outer loop
    vertex -78.55687832324679 8.355648874061048 72.18045065679189
    vertex -78.48573589957144 8.999403330372671 61.55588577266579
    vertex -79 0 66.90909090909092
  endloop
endfacet
facet normal -0.70695 0.70695 -0.0210771
  outer loop
    vertex -59.70421637398645 51.73399798167747 -28
    vertex -55.4574139401882 56.26255627916865 -18.54960600944152
    vertex -51.73399798167758 59.70421637398635 -28
  endloop
endfacet
facet normal -0.590041 0.807136 0.0195745
  outer loop
    vertex -50.9759609113991 60.35272495222987 -8.584228231580298
    vertex -42.06497978480155 66.86955567150298 -8.693079810433076
    vertex -47.34293565439646 63.24275803302443 -18.24059135975021
  endloop
endfacet
facet normal -8.95183e-05 0.999773 0.0212939
  outer loop
    vertex -5.719904002881827 78.7926563722649 -18.28904233054644
    vertex 5.550874333826682 78.80474474376568 -18.80922261614974
    vertex -3.992024267575334e-14 79 -28
  endloop
endfacet
facet normal -0.131182 0.99113 -0.021274
  outer loop
    vertex -15.93609858820346 77.37597018317159 39.32243534386132
    vertex -10.42404880353909 78.30925364566716 48.81398367488046
    vertex -4.7564982154436 78.85667837746199 39.36994386049593
  endloop
endfacet
facet normal -0.901247 0.432808 0.0207818
  outer loop
    vertex -68.65814549962167 39.07760300418617 0.6319877020865619
    vertex -71.36574869775907 33.88111439737924 -8.565316065141786
    vertex -73.43566461135691 29.1239276727625 0.7429869865726175
  endloop
endfacet
facet normal -0.417375 0.908508 0.020266
  outer loop
    vertex -37.96004163814014 69.28228661664298 -18.30567074829416
    vertex -27.89101170616194 73.91272871438814 -18.51433467078996
    vertex -32.81778602714908 71.86092763300692 -28
  endloop
endfacet
facet normal -0.54017 0.841343 0.0189027
  outer loop
    vertex -42.46263468305108 66.61775030555856 48.77910549047746
    vertex -47.10134930111888 63.42288935403359 58.42211766290279
    vertex -37.99624287535381 69.26243951347024 58.69943823901167
  endloop
endfacet
facet normal 0.0713463 0.997228 0.0211369
  outer loop
    vertex 11.24712033293328 78.19528300490074 68.48428414630806
    vertex 5.659366198070924 78.79702769924847 58.95540449678519
    vertex 1.004119476368664e-13 79 68.48214020371397
  endloop
endfacet
facet normal 0.348147 0.937196 0.0213837
  outer loop
    vertex 27.60555627656633 74.01981668892007 -18.24500005273768
    vertex 22.25687199047471 75.79994491554477 -9.182067934009794
    vertex 32.81778008543621 71.86093034649598 -8.486138366271874
  endloop
endfacet
facet normal 0.543112 0.839403 -0.0207832
  outer loop
    vertex 47.54751357541683 63.08909535565994 58.78067554740852
    vertex 38.09790392205476 69.20657278572523 58.91720827771908
    vertex 42.71858149503327 66.45391482111646 68.49001788506483
  endloop
endfacet
facet normal -0.998515 0.0544435 -0.00215073
  outer loop
    vertex -78.5561610980636 8.362389224084213 51.44325166428693
    vertex -78.50928643404615 8.791583680822063 40.54545454545455
    vertex -79 0 45.81818181818183
  endloop
endfacet
facet normal 0.547682 0.836426 -0.0208741
  outer loop
    vertex 38.48055660932215 68.99454154523207 39.54928992968662
    vertex 43.29240524837434 66.08152274131196 49.07488362513466
    vertex 47.84452721046843 62.86414889272538 39.59038163863737
  endloop
endfacet
facet normal -0.835419 0.549286 -0.0189477
  outer loop
    vertex -68.77305884967527 38.87500966506764 57.97999684524415
    vertex -66.10133089455859 43.26215498525327 67.36292433116816
    vertex -62.96988974687092 47.70527209090123 58.09934940262315
  endloop
endfacet
facet normal -0.998408 0.0563879 -0.00110124
  outer loop
    vertex -79 0 35.27272727272728
    vertex -78.50928643404615 8.791583680822063 40.54545454545455
    vertex -78.48719643467292 8.986656543179159 30.50670510538959
  endloop
endfacet
facet normal 0.757172 0.652874 -0.0211175
  outer loop
    vertex 63.41363717336036 47.11380498798 -18.40484281217492
    vertex 55.95368443184282 55.76903440531986 -18.29569710079305
    vertex 60.23865112708992 51.11071228606337 -8.67521407288703
  endloop
endfacet
facet normal -0.404628 0.914229 -0.0214937
  outer loop
    vertex -37.06948019225815 69.76283851934194 39.21819781998126
    vertex -32.04574319360874 72.20851987936935 48.67070597620631
    vertex -26.72624746662147 74.3418300578679 39.26877747424503
  endloop
endfacet
facet normal -0.998421 0.0561663 3.29352e-05
  outer loop
    vertex -78.50124808177343 8.863072244084652 8.447283771812252
    vertex -78.50191125750112 8.85719644805393 -1.636363636363626
    vertex -79 0 3.63636363636364
  endloop
endfacet
facet normal 0.152925 0.988007 -0.0213426
  outer loop
    vertex 6.475680041445024 78.73414486740064 39.42021120907356
    vertex 12.02342316916988 78.07968554813134 48.87451204782533
    vertex 17.61736637074877 77.01057331405092 39.46443562069022
  endloop
endfacet
facet normal 0.291834 0.956233 -0.0212527
  outer loop
    vertex 17.61736637074877 77.01057331405092 39.46443562069022
    vertex 22.98179102456377 75.5833135110077 48.9093786157396
    vertex 28.37381747475407 73.72873579486726 39.50679331346384
  endloop
endfacet
facet normal 0.222 0.974816 0.0212188
  outer loop
    vertex 12.02342316916988 78.07968554813134 48.87451204782533
    vertex 22.98179102456377 75.5833135110077 48.9093786157396
    vertex 17.61736637074877 77.01057331405092 39.46443562069022
  endloop
endfacet
facet normal -0.696809 0.716948 -0.0210456
  outer loop
    vertex -55.1204391582418 56.59273086715788 0.5478221681250375
    vertex -50.9759609113991 60.35272495222987 -8.584228231580298
    vertex -58.98330074268762 52.55445017786474 -9.124521674518149
  endloop
endfacet
facet normal -0.0020394 0.999778 -0.0209541
  outer loop
    vertex 1.04304819374512 78.99311394334018 -9.38285768249213
    vertex 5.550874333826682 78.80474474376568 -18.80922261614974
    vertex -5.719904002881827 78.7926563722649 -18.28904233054644
  endloop
endfacet
facet normal 0.14068 0.98982 0.021554
  outer loop
    vertex 11.24287222358948 78.19589390859369 -28
    vertex 5.550874333826682 78.80474474376568 -18.80922261614974
    vertex 16.79265787468511 77.1946024117216 -18.24059135975021
  endloop
endfacet
facet normal -0.651627 0.758321 -0.0182058
  outer loop
    vertex -47.34293565439646 63.24275803302443 -18.24059135975021
    vertex -55.4574139401882 56.26255627916865 -18.54960600944152
    vertex -50.9759609113991 60.35272495222987 -8.584228231580298
  endloop
endfacet
facet normal -0.997664 0.0666321 -0.015087
  outer loop
    vertex -78.48719643467292 8.986656543179159 30.50670510538959
    vertex -78.14796708489118 11.57131109679304 19.4895496840625
    vertex -79 0 24.72727272727273
  endloop
endfacet
facet normal -0.0594749 0.997999 -0.0214463
  outer loop
    vertex 1.04304819374512 78.99311394334018 -9.38285768249213
    vertex -10.20437860758814 78.33818135004793 -8.668618182057514
    vertex -4.62285895867889 78.86462562548662 0.3506827743545102
  endloop
endfacet
facet normal -0.418064 0.908203 -0.0197287
  outer loop
    vertex -32.26589084158209 72.11041733480059 -8.776518457617357
    vertex -27.89101170616194 73.91272871438814 -18.51433467078996
    vertex -37.96004163814014 69.28228661664298 -18.30567074829416
  endloop
endfacet
facet normal 0.997455 0.0684189 -0.0200799
  outer loop
    vertex 78.19370586386086 11.2580799107136 -8.601118964521177
    vertex 78.57540508501154 8.179591415611299 -0.1299452265769361
    vertex 79 9.674709713264091e-15 -6.909090909090907
  endloop
endfacet
facet normal -0.997678 0.0662772 0.015664
  outer loop
    vertex -79 0 14.18181818181819
    vertex -78.14796708489118 11.57131109679304 19.4895496840625
    vertex -78.50124808177343 8.863072244084652 8.447283771812252
  endloop
endfacet
facet normal -0.284001 0.958571 0.0220261
  outer loop
    vertex -22.25687199047299 75.79994491554528 -28
    vertex -27.89101170616194 73.91272871438814 -18.51433467078996
    vertex -16.7926578746852 77.19460241172159 -18.24059135975021
  endloop
endfacet
facet normal 0.757433 0.652562 0.021399
  outer loop
    vertex 59.70421637398638 51.73399798167756 -28
    vertex 55.95368443184282 55.76903440531986 -18.29569710079305
    vertex 63.41363717336036 47.11380498798 -18.40484281217492
  endloop
endfacet
facet normal -0.339285 0.940374 -0.0241452
  outer loop
    vertex -26.63291453298226 74.37531756892781 0.2799631715167976
    vertex -21.23859528714532 76.091537441616 -8.67925249474537
    vertex -32.26589084158209 72.11041733480059 -8.776518457617357
  endloop
endfacet
facet normal -0.998423 0.0561468 0
  outer loop
    vertex -79 0 3.63636363636364
    vertex -78.50191125750112 8.85719644805393 -1.636363636363626
    vertex -79 0 -6.909090909090907
  endloop
endfacet
facet normal -0.98746 0.157643 0.00849632
  outer loop
    vertex -77.05183913607017 17.43599970604398 78.61936859322553
    vertex -77.45428544984567 15.55100207233687 66.8211047594767
    vertex -78.55687832324679 8.355648874061048 72.18045065679189
  endloop
endfacet
facet normal 0.427417 0.903844 0.0195424
  outer loop
    vertex 32.81778008543621 71.86093034649598 -8.486138366271874
    vertex 28.65365106194813 73.62043385378898 1.210824277387459
    vertex 38.62149526519413 68.91574641169161 0.7952911394028348
  endloop
endfacet
facet normal -0.0568103 0.998171 0.0206726
  outer loop
    vertex -5.719904002881827 78.7926563722649 -18.28904233054644
    vertex -10.20437860758814 78.33818135004793 -8.668618182057514
    vertex 1.04304819374512 78.99311394334018 -9.38285768249213
  endloop
endfacet
facet normal -0.998446 0.0557295 0
  outer loop
    vertex -79 0 45.81818181818183
    vertex -78.50928643404615 8.791583680822063 40.54545454545455
    vertex -79 0 35.27272727272728
  endloop
endfacet
facet normal 0.986198 0.165413 -0.0072433
  outer loop
    vertex 78.19370586386086 11.2580799107136 -8.601118964521177
    vertex 78.46471259881463 9.180897384538209 -19.13872568157949
    vertex 77.19460241172159 16.79265787468519 -18.24059135975021
  endloop
endfacet
facet normal 0.549347 0.835318 0.0214674
  outer loop
    vertex 47.99940780282738 62.74597079158052 0.8881542683282504
    vertex 43.48439410157592 65.95534451141036 -8.453334053461859
    vertex 38.62149526519413 68.91574641169161 0.7952911394028348
  endloop
endfacet
facet normal -0.936733 0.349383 -0.0215304
  outer loop
    vertex -75.7999449155453 22.25687199047292 -28
    vertex -74.0106874272403 27.63002255785065 -18.65355836827285
    vertex -71.86092763300698 32.81778602714897 -28
  endloop
endfacet
facet normal -0.871647 0.489758 0.0192013
  outer loop
    vertex -71.33967376491115 33.93598307278054 67.44528915573505
    vertex -66.10133089455859 43.26215498525327 67.36292433116816
    vertex -68.77305884967527 38.87500966506764 57.97999684524415
  endloop
endfacet
facet normal 0.426048 0.904471 -0.0203858
  outer loop
    vertex 38.62149526519413 68.91574641169161 0.7952911394028348
    vertex 28.65365106194813 73.62043385378898 1.210824277387459
    vertex 33.61545228836442 71.49126777060745 10.44262316744033
  endloop
endfacet
facet normal -0.649915 0.759759 0.0194025
  outer loop
    vertex -55.33735725173437 56.38064288737688 58.30405574104121
    vertex -47.10134930111888 63.42288935403359 58.42211766290279
    vertex -51.05034981851294 60.28981492265054 48.82898259671351
  endloop
endfacet
facet normal 0.154632 0.987735 0.0216446
  outer loop
    vertex 17.76024513792297 76.97774803565562 0.4274814936138256
    vertex 11.875450827198 78.102328183293 -8.850052664008743
    vertex 6.625443672833442 78.72168377352018 0.3929615929851167
  endloop
endfacet
facet normal -0.957748 0.286935 -0.0196446
  outer loop
    vertex -73.90391214412035 27.91436493624992 78.1964112200382
    vertex -77.05183913607017 17.43599970604398 78.61936859322553
    vertex -75.7999449155453 22.25687199047294 88
  endloop
endfacet
facet normal -0.929973 0.367127 -0.0191737
  outer loop
    vertex -73.43566461135691 29.1239276727625 0.7429869865726175
    vertex -71.36574869775907 33.88111439737924 -8.565316065141786
    vertex -75.276101222406 23.96890871012041 -8.696482643399861
  endloop
endfacet
facet normal -0.9973 0.0734344 0
  outer loop
    vertex -79 0 24.72727272727273
    vertex -78.14796708489118 11.57131109679304 19.4895496840625
    vertex -79 0 14.18181818181819
  endloop
endfacet
facet normal -0.529244 0.848172 0.0224557
  outer loop
    vertex -36.93348139376447 69.8349336087352 0.2429923713815043
    vertex -42.06497978480155 66.86955567150298 -8.693079810433076
    vertex -46.57122563746777 63.81317217177082 0.5444196512358417
  endloop
endfacet
facet normal -0.748248 0.663162 0.0184642
  outer loop
    vertex -62.56430873266465 48.2359541504449 -18.26703212735251
    vertex -55.4574139401882 56.26255627916865 -18.54960600944152
    vertex -59.70421637398645 51.73399798167747 -28
  endloop
endfacet
facet normal -0.791627 0.610622 0.021641
  outer loop
    vertex -58.98330074268762 52.55445017786474 -9.124521674518149
    vertex -62.56430873266465 48.2359541504449 -18.26703212735251
    vertex -65.8127725217859 43.69987383272019 -9.105701334000258
  endloop
endfacet
facet normal 0.0829022 0.996363 -0.0196761
  outer loop
    vertex 6.625443672833442 78.72168377352018 0.3929615929851167
    vertex 11.875450827198 78.102328183293 -8.850052664008743
    vertex 1.04304819374512 78.99311394334018 -9.38285768249213
  endloop
endfacet
facet normal -0.966959 0.25479 -0.0084499
  outer loop
    vertex -75.29597844437112 23.90639308019508 48.30136519051249
    vertex -77.35474209175399 16.03882401917995 46.663562317051
    vertex -76.79914873963115 18.51730954723203 57.81846895329276
  endloop
endfacet
facet normal -0.998628 0.0523649 0
  outer loop
    vertex -79 0 -6.909090909090907
    vertex -78.56675151319808 8.262297299382654 -12.14594409985125
    vertex -79 0 -17.45454545454547
  endloop
endfacet
facet normal -0.998519 0.0543151 0.00308597
  outer loop
    vertex -78.50191125750112 8.85719644805393 -1.636363636363626
    vertex -78.56675151319808 8.262297299382654 -12.14594409985125
    vertex -79 0 -6.909090909090907
  endloop
endfacet
facet normal -0.645081 0.763805 0.0217233
  outer loop
    vertex -46.57122563746777 63.81317217177082 0.5444196512358417
    vertex -50.9759609113991 60.35272495222987 -8.584228231580298
    vertex -55.1204391582418 56.59273086715788 0.5478221681250375
  endloop
endfacet
facet normal -0.65243 0.757614 0.0188546
  outer loop
    vertex -51.73399798167758 59.70421637398635 -28
    vertex -55.4574139401882 56.26255627916865 -18.54960600944152
    vertex -47.34293565439646 63.24275803302443 -18.24059135975021
  endloop
endfacet
facet normal 0.359749 0.932795 0.0217804
  outer loop
    vertex 33.61545228836442 71.49126777060745 10.44262316744033
    vertex 28.65365106194813 73.62043385378898 1.210824277387459
    vertex 23.16727525895509 75.52666652961594 10.19107415701555
  endloop
endfacet
facet normal 0.281641 0.959263 -0.0222005
  outer loop
    vertex 16.79265787468511 77.1946024117216 -18.24059135975021
    vertex 22.25687199047471 75.79994491554477 -9.182067934009794
    vertex 27.60555627656633 74.01981668892007 -18.24500005273768
  endloop
endfacet
facet normal 0.998515 0.0541052 0.00641015
  outer loop
    vertex 79 9.674709713264091e-15 24.72727272727273
    vertex 78.60787040788668 7.861469960312448 19.45454545454547
    vertex 78.47212051469812 9.117362662891949 30
  endloop
endfacet
facet normal 0.997976 0.0612441 -0.0170942
  outer loop
    vertex 78.25114685812721 10.85163653039514 9.34165061365826
    vertex 78.60787040788668 7.861469960312448 19.45454545454547
    vertex 79 9.674709713264091e-15 14.18181818181819
  endloop
endfacet
facet normal 0.0713221 0.997213 -0.0218903
  outer loop
    vertex -3.992024267575334e-14 79 -28
    vertex 5.550874333826682 78.80474474376568 -18.80922261614974
    vertex 11.24287222358948 78.19589390859369 -28
  endloop
endfacet
facet normal -0.590346 0.806876 -0.0210145
  outer loop
    vertex -46.57122563746777 63.81317217177082 0.5444196512358417
    vertex -42.06497978480155 66.86955567150298 -8.693079810433076
    vertex -50.9759609113991 60.35272495222987 -8.584228231580298
  endloop
endfacet
facet normal -0.129556 0.991321 0.0223125
  outer loop
    vertex -4.62285895867889 78.86462562548662 0.3506827743545102
    vertex -10.20437860758814 78.33818135004793 -8.668618182057514
    vertex -15.79155065987966 77.40560010591258 0.3235413346504572
  endloop
endfacet
facet normal -0.199443 0.979655 -0.0223211
  outer loop
    vertex -10.20437860758814 78.33818135004793 -8.668618182057514
    vertex -21.23859528714532 76.091537441616 -8.67925249474537
    vertex -15.79155065987966 77.40560010591258 0.3235413346504572
  endloop
endfacet
facet normal 0.986109 0.165887 0.00839462
  outer loop
    vertex 77.1946024117216 16.79265787468512 78.24059135975021
    vertex 78.45846247111851 9.234157604681068 79.14048631625343
    vertex 78.1033109660524 11.86898547223468 68.79266474000305
  endloop
endfacet
facet normal -0.269209 0.962822 0.0223472
  outer loop
    vertex -15.79155065987966 77.40560010591258 0.3235413346504572
    vertex -21.23859528714532 76.091537441616 -8.67925249474537
    vertex -26.63291453298226 74.37531756892781 0.2799631715167976
  endloop
endfacet
facet normal -0.349386 0.93674 -0.0211539
  outer loop
    vertex -32.81778602714908 71.86092763300692 -28
    vertex -27.89101170616194 73.91272871438814 -18.51433467078996
    vertex -22.25687199047299 75.79994491554528 -28
  endloop
endfacet
facet normal -0.966176 0.257772 0.00763661
  outer loop
    vertex -76.7478568895491 18.72876031298629 0.7607788181389452
    vertex -77.27300193442245 16.42812137898746 11.97755741533591
    vertex -75.2702866047791 23.98716228390538 10.20516516350528
  endloop
endfacet
facet normal 0.215913 0.976235 -0.0186202
  outer loop
    vertex 22.25687199047471 75.79994491554477 -9.182067934009794
    vertex 11.875450827198 78.102328183293 -8.850052664008743
    vertex 17.76024513792297 76.97774803565562 0.4274814936138256
  endloop
endfacet
facet normal 0.998655 0.0518393 -0
  outer loop
    vertex 79 9.674709713264091e-15 -6.909090909090907
    vertex 78.57540508501154 8.179591415611299 -0.1299452265769361
    vertex 79 9.674709713264091e-15 3.63636363636364
  endloop
endfacet
facet normal 0.998583 0.0523677 -0.00942145
  outer loop
    vertex 78.47212051469812 9.117362662891949 30
    vertex 78.6734460059421 7.175576182447935 40.54545454545455
    vertex 79 9.674709713264091e-15 35.27272727272728
  endloop
endfacet
facet normal -0.748897 0.662398 -0.0195524
  outer loop
    vertex -58.98330074268762 52.55445017786474 -9.124521674518149
    vertex -55.4574139401882 56.26255627916865 -18.54960600944152
    vertex -62.56430873266465 48.2359541504449 -18.26703212735251
  endloop
endfacet
facet normal 0.998055 0.0593808 0.0189983
  outer loop
    vertex 79 9.674709713264091e-15 45.81818181818183
    vertex 78.6734460059421 7.175576182447935 40.54545454545455
    vertex 78.2747386027517 10.68013561107228 50.5373002834835
  endloop
endfacet
facet normal -0.997197 0.0713209 0.0226377
  outer loop
    vertex -78.19589390859369 11.24287222358956 88
    vertex -78.61506464826708 7.789198312328875 80.41635985326903
    vertex -79 0 88
  endloop
endfacet
facet normal -0.997192 0.0713205 -0.0228572
  outer loop
    vertex -79 0 -28
    vertex -78.61822570582844 7.757228040183924 -20.45104834541128
    vertex -78.19589390859369 11.24287222358951 -28
  endloop
endfacet
facet normal 0.217067 0.975965 0.019323
  outer loop
    vertex 16.79265787468511 77.1946024117216 -18.24059135975021
    vertex 11.875450827198 78.102328183293 -8.850052664008743
    vertex 22.25687199047471 75.79994491554477 -9.182067934009794
  endloop
endfacet
facet normal -0.998781 0.0493589 0
  outer loop
    vertex -79 0 88
    vertex -78.61506464826708 7.789198312328875 80.41635985326903
    vertex -79 0 77.45454545454547
  endloop
endfacet
facet normal 0.987492 0.157162 0.0126189
  outer loop
    vertex 77.15909745189104 16.95504881767027 1.40920722895342
    vertex 78.57540508501154 8.179591415611299 -0.1299452265769361
    vertex 78.19370586386086 11.2580799107136 -8.601118964521177
  endloop
endfacet
facet normal -0.985133 0.171506 0.00990243
  outer loop
    vertex -78.48719643467292 8.986656543179159 30.50670510538959
    vertex -77.02428604181735 17.55731641647728 27.60294737202588
    vertex -78.14796708489118 11.57131109679304 19.4895496840625
  endloop
endfacet
facet normal -0.998791 0.0491558 0
  outer loop
    vertex -79 0 -17.45454545454547
    vertex -78.61822570582844 7.757228040183924 -20.45104834541128
    vertex -79 0 -28
  endloop
endfacet
facet normal 0.987174 0.159405 0.00880234
  outer loop
    vertex 77.25786686269359 16.49915173050762 59.19945343827725
    vertex 78.55001394283777 8.419935247969139 60.59635760640628
    vertex 78.2747386027517 10.68013561107228 50.5373002834835
  endloop
endfacet
facet normal 0.998758 0.049818 -0
  outer loop
    vertex 79 9.674709713264091e-15 14.18181818181819
    vertex 78.60787040788668 7.861469960312448 19.45454545454547
    vertex 79 9.674709713264091e-15 24.72727272727273
  endloop
endfacet
facet normal -0.986386 0.164216 -0.00871781
  outer loop
    vertex -78.14796708489118 11.57131109679304 19.4895496840625
    vertex -77.27300193442245 16.42812137898746 11.97755741533591
    vertex -78.50124808177343 8.863072244084652 8.447283771812252
  endloop
endfacet
facet normal 0.998575 0.0533668 -0
  outer loop
    vertex 79 9.674709713264091e-15 56.36363636363637
    vertex 78.55001394283777 8.419935247969139 60.59635760640628
    vertex 79 9.674709713264091e-15 66.90909090909092
  endloop
endfacet
facet normal -0.977712 0.209103 -0.0188644
  outer loop
    vertex -78.14796708489118 11.57131109679304 19.4895496840625
    vertex -77.02428604181735 17.55731641647728 27.60294737202588
    vertex -76.05391965727817 21.37291053563543 19.60440365940863
  endloop
endfacet
facet normal 0.998087 0.0602643 -0.0137726
  outer loop
    vertex 78.2747386027517 10.68013561107228 50.5373002834835
    vertex 78.55001394283777 8.419935247969139 60.59635760640628
    vertex 79 9.674709713264091e-15 56.36363636363637
  endloop
endfacet
facet normal -0.987861 0.15526 -0.00509828
  outer loop
    vertex -78.56675151319808 8.262297299382654 -12.14594409985125
    vertex -77.41792320446172 15.73102560890637 -7.299403938866078
    vertex -77.1946024117216 16.79265787468513 -18.24059135975021
  endloop
endfacet
facet normal -0.977765 0.208647 0.0210128
  outer loop
    vertex -76.05391965727817 21.37291053563543 19.60440365940863
    vertex -77.27300193442245 16.42812137898746 11.97755741533591
    vertex -78.14796708489118 11.57131109679304 19.4895496840625
  endloop
endfacet
facet normal 0.986832 0.161326 -0.0117279
  outer loop
    vertex 78.25114685812721 10.85163653039514 9.34165061365826
    vertex 78.57540508501154 8.179591415611299 -0.1299452265769361
    vertex 77.15909745189104 16.95504881767027 1.40920722895342
  endloop
endfacet
facet normal -0.987474 0.156875 -0.016862
  outer loop
    vertex -77.05183913607017 17.43599970604398 78.61936859322553
    vertex -78.61506464826708 7.789198312328875 80.41635985326903
    vertex -78.19589390859369 11.24287222358956 88
  endloop
endfacet
facet normal 0.998062 0.0597765 0.0173048
  outer loop
    vertex 79 9.674709713264091e-15 3.63636363636364
    vertex 78.57540508501154 8.179591415611299 -0.1299452265769361
    vertex 78.25114685812721 10.85163653039514 9.34165061365826
  endloop
endfacet
facet normal 0.998966 0.045462 -0
  outer loop
    vertex 79 9.674709713264091e-15 35.27272727272728
    vertex 78.6734460059421 7.175576182447935 40.54545454545455
    vertex 79 9.674709713264091e-15 45.81818181818183
  endloop
endfacet
facet normal -0.965684 0.259276 0.0151553
  outer loop
    vertex -76.79914873963115 18.51730954723203 57.81846895329276
    vertex -77.45428544984567 15.55100207233687 66.8211047594767
    vertex -74.78638162077439 25.45578763409018 67.36721682006583
  endloop
endfacet
facet normal -0.987791 0.155771 0.00188604
  outer loop
    vertex -78.5561610980636 8.362389224084213 51.44325166428693
    vertex -77.35474209175399 16.03882401917995 46.663562317051
    vertex -78.50928643404615 8.791583680822063 40.54545454545455
  endloop
endfacet
facet normal -0.988259 0.152059 0.0149228
  outer loop
    vertex -78.19589390859369 11.24287222358951 -28
    vertex -78.61822570582844 7.757228040183924 -20.45104834541128
    vertex -77.1946024117216 16.79265787468513 -18.24059135975021
  endloop
endfacet
facet normal -0.986995 0.160699 0.00407947
  outer loop
    vertex -78.55687832324679 8.355648874061048 72.18045065679189
    vertex -78.61506464826708 7.789198312328875 80.41635985326903
    vertex -77.05183913607017 17.43599970604398 78.61936859322553
  endloop
endfacet
facet normal 0.987698 0.155929 -0.0117859
  outer loop
    vertex 78.1033109660524 11.86898547223468 68.79266474000305
    vertex 78.55001394283777 8.419935247969139 60.59635760640628
    vertex 77.25786686269359 16.49915173050762 59.19945343827725
  endloop
endfacet
facet normal 0.986486 0.163645 0.00815291
  outer loop
    vertex 77.19460241172159 16.79265787468519 -18.24059135975021
    vertex 78.46471259881463 9.180897384538209 -19.13872568157949
    vertex 78.19589390859369 11.24287222358956 -28
  endloop
endfacet
facet normal 0.986429 0.163995 -0.00794782
  outer loop
    vertex 78.19589390859369 11.24287222358951 88
    vertex 78.45846247111851 9.234157604681068 79.14048631625343
    vertex 77.1946024117216 16.79265787468512 78.24059135975021
  endloop
endfacet
facet normal -0.985609 0.168257 -0.0162849
  outer loop
    vertex -78.48573589957144 8.999403330372671 61.55588577266579
    vertex -77.45428544984567 15.55100207233687 66.8211047594767
    vertex -76.79914873963115 18.51730954723203 57.81846895329276
  endloop
endfacet
facet normal -0.968258 0.249648 -0.0123549
  outer loop
    vertex -75.276101222406 23.96890871012041 -8.696482643399861
    vertex -77.41792320446172 15.73102560890637 -7.299403938866078
    vertex -76.7478568895491 18.72876031298629 0.7607788181389452
  endloop
endfacet
facet normal -0.98499 0.171718 -0.0175333
  outer loop
    vertex -78.50928643404615 8.791583680822063 40.54545454545455
    vertex -77.35474209175399 16.03882401917995 46.663562317051
    vertex -76.74357872950304 18.7462829325861 38.84590956735648
  endloop
endfacet
facet normal -0.988117 0.15368 -0.00260278
  outer loop
    vertex -78.50191125750112 8.85719644805393 -1.636363636363626
    vertex -77.41792320446172 15.73102560890637 -7.299403938866078
    vertex -78.56675151319808 8.262297299382654 -12.14594409985125
  endloop
endfacet
facet normal -0.967936 0.250947 0.0112389
  outer loop
    vertex -76.74357872950304 18.7462829325861 38.84590956735648
    vertex -77.35474209175399 16.03882401917995 46.663562317051
    vertex -75.29597844437112 23.90639308019508 48.30136519051249
  endloop
endfacet
facet normal -0.967179 0.253898 -0.0100177
  outer loop
    vertex -75.2702866047791 23.98716228390538 10.20516516350528
    vertex -77.27300193442245 16.42812137898746 11.97755741533591
    vertex -76.05391965727817 21.37291053563543 19.60440365940863
  endloop
endfacet
facet normal -0.962126 0.272289 0.0131684
  outer loop
    vertex -76.05391965727817 21.37291053563543 19.60440365940863
    vertex -77.02428604181735 17.55731641647728 27.60294737202588
    vertex -74.68488291356002 25.752053591662 29.08121999696399
  endloop
endfacet
facet normal -0.988158 0.153418 0.00267901
  outer loop
    vertex -78.55687832324679 8.355648874061048 72.18045065679189
    vertex -77.45428544984567 15.55100207233687 66.8211047594767
    vertex -78.48573589957144 8.999403330372671 61.55588577266579
  endloop
endfacet
facet normal -0.985173 0.17057 0.0184621
  outer loop
    vertex -76.7478568895491 18.72876031298629 0.7607788181389452
    vertex -77.41792320446172 15.73102560890637 -7.299403938866078
    vertex -78.50191125750112 8.85719644805393 -1.636363636363626
  endloop
endfacet
facet normal -0.998707 0.0507119 -0.00356795
  outer loop
    vertex -79 0 77.45454545454547
    vertex -78.61506464826708 7.789198312328875 80.41635985326903
    vertex -78.55687832324679 8.355648874061048 72.18045065679189
  endloop
endfacet
facet normal -0.98768 0.156449 -0.0033928
  outer loop
    vertex -77.1946024117216 16.79265787468513 -18.24059135975021
    vertex -78.61822570582844 7.757228040183924 -20.45104834541128
    vertex -78.56675151319808 8.262297299382654 -12.14594409985125
  endloop
endfacet
facet normal -0.998726 0.0503607 0.00312735
  outer loop
    vertex -78.56675151319808 8.262297299382654 -12.14594409985125
    vertex -78.61822570582844 7.757228040183924 -20.45104834541128
    vertex -79 0 -17.45454545454547
  endloop
endfacet
facet normal 0.976896 -0.212674 0.0210816
  outer loop
    vertex 78.26439291547742 -10.75568694095217 50.63980348769314
    vertex 75.78916863528579 -22.2935398170011 48.9431027005413
    vertex 77.11840242326035 -17.13919507106655 39.34582296135894
  endloop
endfacet
facet normal 0.997126 -0.0757586 0
  outer loop
    vertex 79 9.674709713264091e-15 -6.909090909090907
    vertex 78.09317971030815 -11.93546323916744 -8.864946113233728
    vertex 79 9.674709713264091e-15 -17.45454545454547
  endloop
endfacet
facet normal 0.997889 -0.0620565 0.0191201
  outer loop
    vertex 78.09317971030815 -11.93546323916744 -8.864946113233728
    vertex 78.45775125073317 -9.240198519408498 -19.14437105301992
    vertex 79 9.674709713264091e-15 -17.45454545454547
  endloop
endfacet
facet normal 0.997472 -0.0710634 0
  outer loop
    vertex 79 9.674709713264091e-15 77.45454545454547
    vertex 78.20209817842596 -11.19963573031853 68.60099079944982
    vertex 79 9.674709713264091e-15 66.90909090909092
  endloop
endfacet
facet normal 0.97929 -0.200224 -0.0300115
  outer loop
    vertex 78.47212051469828 -9.117362662890502 30
    vertex 77.11840242326035 -17.13919507106655 39.34582296135894
    vertex 75.74936899142759 -22.42839934994353 29.96096787718301
  endloop
endfacet
facet normal 0.987519 -0.157088 -0.0114143
  outer loop
    vertex 77.11840242326035 -17.13919507106655 39.34582296135894
    vertex 78.60746291030743 -7.865543516162228 40.54545454545455
    vertex 78.26439291547742 -10.75568694095217 50.63980348769314
  endloop
endfacet
facet normal 0.998074 -0.0606011 -0.0132889
  outer loop
    vertex 79 9.674709713264091e-15 77.45454545454547
    vertex 78.46529352629838 -9.175931115251302 79.13980725606596
    vertex 78.20209817842596 -11.19963573031853 68.60099079944982
  endloop
endfacet
facet normal 0.979293 -0.200397 0.0287533
  outer loop
    vertex 75.74936899142759 -22.42839934994353 29.96096787718301
    vertex 77.09473659095332 -17.24533531049842 20.26336980381609
    vertex 78.47212051469828 -9.117362662890502 30
  endloop
endfacet
facet normal 0.979896 -0.199024 -0.0138769
  outer loop
    vertex 77.09473659095332 -17.24533531049842 20.26336980381609
    vertex 76.32433925647649 -20.38615307168767 10.90881863248569
    vertex 78.27439865730504 -10.68262677609219 9.440474822334124
  endloop
endfacet
facet normal 0.978196 -0.20616 -0.0251167
  outer loop
    vertex 78.26439291547742 -10.75568694095217 50.63980348769314
    vertex 77.15269837628728 -16.98414358328496 58.46730177962447
    vertex 75.78916863528579 -22.2935398170011 48.9431027005413
  endloop
endfacet
facet normal 0.941859 -0.33509 0.0248371
  outer loop
    vertex 76.32433925647649 -20.38615307168767 10.90881863248569
    vertex 72.06075951124687 -32.37664186820869 10.82004286911999
    vertex 73.98664660180827 -27.6943337998792 0.9590701899799257
  endloop
endfacet
facet normal 0.988056 -0.153395 0.0146804
  outer loop
    vertex 78.27439865730504 -10.68262677609219 9.440474822334124
    vertex 78.67819953164272 -7.123265996648962 19.45454545454547
    vertex 77.09473659095332 -17.24533531049842 20.26336980381609
  endloop
endfacet
facet normal 0.910933 -0.412012 -0.0211229
  outer loop
    vertex 69.43462157553002 -37.68067577237623 20.18518497793086
    vertex 74.17608778830534 -27.1828622558703 19.89781652242661
    vertex 71.93628863340822 -32.6522645103059 29.9889456469522
  endloop
endfacet
facet normal -0.984605 -0.174778 -0.00246506
  outer loop
    vertex -78.46682005040779 -9.16286806501777 29.49531450287918
    vertex -78.51217573875044 -8.76574359467385 19.45454545454547
    vertex -76.74561725653948 -18.73793563637012 20.89678484267566
  endloop
endfacet
facet normal -0.994554 -0.0950183 0.0428223
  outer loop
    vertex -79 0 -6.909090909090907
    vertex -78.5339543007769 -8.568431705013754 -15.09758966171367
    vertex -77.61620126002519 -14.72159305113627 -7.435867877947359
  endloop
endfacet
facet normal -0.985689 -0.16828 -0.0099179
  outer loop
    vertex -76.74561725653948 -18.73793563637012 20.89678484267566
    vertex -77.16028139160726 -16.94966004284416 31.76592796476234
    vertex -78.46682005040779 -9.16286806501777 29.49531450287918
  endloop
endfacet
facet normal 0.959812 -0.279938 -0.0198911
  outer loop
    vertex 73.98664660180827 -27.6943337998792 0.9590701899799257
    vertex 77.28729833299472 -16.360730924585 0.7229857757798186
    vertex 76.32433925647649 -20.38615307168767 10.90881863248569
  endloop
endfacet
facet normal -0.969986 -0.243003 0.00873037
  outer loop
    vertex -75.3944120500057 -23.59412281976077 -7.543939752511562
    vertex -77.61620126002519 -14.72159305113627 -7.435867877947359
    vertex -77.1946024117216 -16.79265787468513 -18.2405913597502
  endloop
endfacet
facet normal -0.959254 -0.28198 -0.0178598
  outer loop
    vertex -77.1946024117216 -16.79265787468513 -18.2405913597502
    vertex -74.01582828898466 -27.61624816472246 -18.08447670557459
    vertex -75.3944120500057 -23.59412281976077 -7.543939752511562
  endloop
endfacet
facet normal -0.994641 -0.0917918 -0.0475753
  outer loop
    vertex -77.61620126002519 -14.72159305113627 -7.435867877947359
    vertex -78.57542018639424 -8.179446346274855 -0.004219104994788836
    vertex -79 0 -6.909090909090907
  endloop
endfacet
facet normal 0.941904 -0.334715 -0.0279803
  outer loop
    vertex 74.17608778830534 -27.1828622558703 19.89781652242661
    vertex 72.06075951124687 -32.37664186820869 10.82004286911999
    vertex 76.32433925647649 -20.38615307168767 10.90881863248569
  endloop
endfacet
facet normal -0.791252 -0.611196 -0.0189673
  outer loop
    vertex -62.76152906952738 -47.97906281759649 1.64438366046096
    vertex -65.73148526661461 -43.82204747207536 -8.413297055989403
    vertex -59.06859819008082 -52.45856181653078 -8.066376574750251
  endloop
endfacet
facet normal -0.909561 -0.415167 -0.0183338
  outer loop
    vertex -69.33664017581317 -37.86066995088451 -18.2405913597502
    vertex -71.51648996190386 -33.5617589456945 -7.444079658282561
    vertex -74.01582828898466 -27.61624816472246 -18.08447670557459
  endloop
endfacet
facet normal -0.791985 -0.610273 0.0180792
  outer loop
    vertex -59.06859819008082 -52.45856181653078 -8.066376574750251
    vertex -65.73148526661461 -43.82204747207536 -8.413297055989403
    vertex -63.24275803302446 -47.34293565439643 -18.24059135975024
  endloop
endfacet
facet normal 0.911351 -0.410999 0.0227845
  outer loop
    vertex 69.43462157553002 -37.68067577237623 20.18518497793086
    vertex 72.06075951124687 -32.37664186820869 10.82004286911999
    vertex 74.17608778830534 -27.1828622558703 19.89781652242661
  endloop
endfacet
facet normal -0.984554 -0.175083 0.000147755
  outer loop
    vertex -76.74795749255063 -18.72834805105996 59.1119155190322
    vertex -78.50007438736205 -8.873461623212538 61.63636363636365
    vertex -78.49742218650584 -8.89689328212159 51.54361843936898
  endloop
endfacet
facet normal 0.936811 -0.349341 0.0185888
  outer loop
    vertex 71.93628863340822 -32.6522645103059 29.9889456469522
    vertex 74.17608778830534 -27.1828622558703 19.89781652242661
    vertex 75.74936899142759 -22.42839934994353 29.96096787718301
  endloop
endfacet
facet normal 0.485662 -0.873833 -0.0234117
  outer loop
    vertex 32.97231680852371 -71.79015478656071 68.40033712835437
    vertex 43.56636727972772 -65.90122640776778 68.36574753949641
    vertex 37.87471402463292 -69.32896968477374 78.23491236851784
  endloop
endfacet
facet normal 0.959318 -0.28165 0.0195428
  outer loop
    vertex 77.1946024117216 -16.79265787468517 78.2405913597502
    vertex 74.02108324520339 -27.60215997357222 78.23630854426357
    vertex 75.8403572873804 -22.11877497788899 67.95801222657271
  endloop
endfacet
facet normal -0.958598 -0.28401 0.0206954
  outer loop
    vertex -75.28484000086416 -23.94144661553023 68.59419046592492
    vertex -73.85745940113863 -28.03704140613197 78.50424621714376
    vertex -77.1946024117216 -16.79265787468513 78.24059135975021
  endloop
endfacet
facet normal 0.421216 -0.906613 -0.0251042
  outer loop
    vertex 38.70970309868174 -68.8662390871747 59.07190039533023
    vertex 32.97231680852371 -71.79015478656071 68.40033712835437
    vertex 27.54755494092569 -74.04142230384747 58.68222493707872
  endloop
endfacet
facet normal 0.35977 -0.932777 -0.0221966
  outer loop
    vertex 22.86928251739467 -75.61743130482274 49.08454198575369
    vertex 33.73243740627754 -71.43614397930202 49.44615792971278
    vertex 27.54755494092569 -74.04142230384747 58.68222493707872
  endloop
endfacet
facet normal 0.959982 -0.279086 0.0233599
  outer loop
    vertex 73.98664660180827 -27.6943337998792 0.9590701899799257
    vertex 75.79597493056509 -22.27038805959943 -8.594657478218835
    vertex 77.28729833299472 -16.360730924585 0.7229857757798186
  endloop
endfacet
facet normal -0.833881 -0.551642 0.0182354
  outer loop
    vertex -68.71802704253946 -38.97220495918618 1.72938222315706
    vertex -65.73148526661461 -43.82204747207536 -8.413297055989403
    vertex -62.76152906952738 -47.97906281759649 1.64438366046096
  endloop
endfacet
facet normal 0.980735 -0.194706 0.0157703
  outer loop
    vertex 76.32433925647649 -20.38615307168767 10.90881863248569
    vertex 77.28729833299472 -16.360730924585 0.7229857757798186
    vertex 78.27439865730504 -10.68262677609219 9.440474822334124
  endloop
endfacet
facet normal -0.931884 -0.362386 0.0164018
  outer loop
    vertex -74.01582828898466 -27.61624816472246 -18.08447670557459
    vertex -71.51648996190386 -33.5617589456945 -7.444079658282561
    vertex -75.3944120500057 -23.59412281976077 -7.543939752511562
  endloop
endfacet
facet normal 0.54472 -0.838299 0.0231331
  outer loop
    vertex 42.91242464720769 -66.32890629957441 -8.508293793429687
    vertex 47.93696923288117 -62.7936858351682 1.287300766519195
    vertex 37.90965318039805 -69.30987083916645 1.268619732299058
  endloop
endfacet
facet normal 0.41977 -0.907281 0.025174
  outer loop
    vertex 27.54755494092569 -74.04142230384747 58.68222493707872
    vertex 33.73243740627754 -71.43614397930202 49.44615792971278
    vertex 38.70970309868174 -68.8662390871747 59.07190039533023
  endloop
endfacet
facet normal 0.909475 -0.415294 0.0196524
  outer loop
    vertex 72.03348846362677 -32.43727084328381 68.04286989382858
    vertex 74.02108324520339 -27.60215997357222 78.23630854426357
    vertex 69.33664017581317 -37.86066995088452 78.2405913597502
  endloop
endfacet
facet normal 0.977447 -0.210248 -0.0198294
  outer loop
    vertex 75.8403572873804 -22.11877497788899 67.95801222657271
    vertex 78.20209817842596 -11.19963573031853 68.60099079944982
    vertex 77.1946024117216 -16.79265787468517 78.2405913597502
  endloop
endfacet
facet normal 0.976955 -0.212494 0.0201268
  outer loop
    vertex 75.8403572873804 -22.11877497788899 67.95801222657271
    vertex 77.15269837628728 -16.98414358328496 58.46730177962447
    vertex 78.20209817842596 -11.19963573031853 68.60099079944982
  endloop
endfacet
facet normal 0.358462 -0.933267 0.0227604
  outer loop
    vertex 28.54075596371202 -73.66427389868061 39.84967103114354
    vertex 33.73243740627754 -71.43614397930202 49.44615792971278
    vertex 22.86928251739467 -75.61743130482274 49.08454198575369
  endloop
endfacet
facet normal 0.937973 -0.346206 -0.0186753
  outer loop
    vertex 75.8403572873804 -22.11877497788899 67.95801222657271
    vertex 74.02108324520339 -27.60215997357222 78.23630854426357
    vertex 72.03348846362677 -32.43727084328381 68.04286989382858
  endloop
endfacet
facet normal -0.901486 -0.432294 -0.021113
  outer loop
    vertex -71.164707344894 -34.30137648135407 49.7755860864396
    vertex -73.53038369824078 -28.88395182777948 39.86240841003206
    vertex -68.6079360384325 -39.16568794935632 40.20428046946672
  endloop
endfacet
facet normal 0.987207 -0.159322 0.00624267
  outer loop
    vertex 78.47212051469828 -9.117362662890502 30
    vertex 78.60746291030743 -7.865543516162228 40.54545454545455
    vertex 77.11840242326035 -17.13919507106655 39.34582296135894
  endloop
endfacet
facet normal 0.485765 -0.873735 0.024902
  outer loop
    vertex 38.70970309868174 -68.8662390871747 59.07190039533023
    vertex 43.56636727972772 -65.90122640776778 68.36574753949641
    vertex 32.97231680852371 -71.79015478656071 68.40033712835437
  endloop
endfacet
facet normal 0.959503 -0.281174 -0.0171651
  outer loop
    vertex 75.74936899142759 -22.42839934994353 29.96096787718301
    vertex 74.17608778830534 -27.1828622558703 19.89781652242661
    vertex 77.09473659095332 -17.24533531049842 20.26336980381609
  endloop
endfacet
facet normal -0.95336 -0.301232 0.0191013
  outer loop
    vertex -73.53038369824078 -28.88395182777948 39.86240841003206
    vertex -76.80979788115062 -18.47308716638318 40.3662118776024
    vertex -75.25914752076751 -24.02208805344265 30.25128502850741
  endloop
endfacet
facet normal 0.879528 -0.475358 0.0215623
  outer loop
    vertex 69.41613690263478 -37.7147177838396 1.012174637606279
    vertex 72.06075951124687 -32.37664186820869 10.82004286911999
    vertex 66.59577511038268 -42.49709092923109 10.62366006025941
  endloop
endfacet
facet normal -0.755539 -0.65482 -0.0192715
  outer loop
    vertex -63.24275803302446 -47.34293565439643 -18.24059135975024
    vertex -55.85023128399668 -55.87263789659549 -18.23672002160002
    vertex -59.06859819008082 -52.45856181653078 -8.066376574750251
  endloop
endfacet
facet normal -0.928956 -0.369669 0.0196664
  outer loop
    vertex -71.164707344894 -34.30137648135407 49.7755860864396
    vertex -75.26527826052613 -24.00287250238129 49.66300764787459
    vertex -73.53038369824078 -28.88395182777948 39.86240841003206
  endloop
endfacet
facet normal -0.792137 -0.609983 -0.0209862
  outer loop
    vertex -65.9373247239331 -43.51171346029252 68.55914561855764
    vertex -58.90625499186805 -52.64079333400116 68.51208936674007
    vertex -63.19912055126738 -47.4011725756481 78.25462034630898
  endloop
endfacet
facet normal -0.986053 -0.165975 0.0123262
  outer loop
    vertex -78.49742218650584 -8.89689328212159 51.54361843936898
    vertex -77.2730713883571 -16.42779468491948 48.08211371165788
    vertex -76.74795749255063 -18.72834805105996 59.1119155190322
  endloop
endfacet
facet normal -0.755288 -0.655102 0.0195163
  outer loop
    vertex -63.19912055126738 -47.4011725756481 78.25462034630898
    vertex -58.90625499186805 -52.64079333400116 68.51208936674007
    vertex -55.86143571373729 -55.86143571373722 78.2405913597502
  endloop
endfacet
facet normal 0.76032 -0.649257 0.0194508
  outer loop
    vertex 63.50817631676083 -46.98629098917278 78.37874163503488
    vertex 56.32714046619976 -55.39181570323365 78.50933964311095
    vertex 60.28833142542572 -51.05210175828245 68.52599608569251
  endloop
endfacet
facet normal -0.654666 -0.755668 -0.0194334
  outer loop
    vertex -47.34293565439635 -63.24275803302451 -18.24059135975023
    vertex -51.13416721273968 -60.21874245996489 -8.111665809692582
    vertex -55.85023128399668 -55.87263789659549 -18.23672002160002
  endloop
endfacet
facet normal -0.958282 -0.284931 -0.0225886
  outer loop
    vertex -77.1946024117216 -16.79265787468513 78.24059135975021
    vertex -73.85745940113863 -28.03704140613197 78.50424621714376
    vertex -75.79994491554531 -22.25687199047289 88
  endloop
endfacet
facet normal 0.217155 -0.975885 0.0221887
  outer loop
    vertex 22.86928251739467 -75.61743130482274 49.08454198575369
    vertex 11.18877074800278 -78.20365342583834 49.6534500516893
    vertex 17.80977236509115 -76.96630436953326 39.27555719536174
  endloop
endfacet
facet normal -0.0687207 -0.997423 0.0206111
  outer loop
    vertex 0.369534609904698 -78.99913571788038 49.42866058249207
    vertex -11.28404235599251 -78.18996347427314 49.73165650183012
    vertex -4.540515266519583 -78.86940928594878 39.33553520429997
  endloop
endfacet
facet normal 0.880642 -0.473406 -0.0188779
  outer loop
    vertex 69.33664017581317 -37.86066995088452 78.2405913597502
    vertex 66.81636158931676 -42.14942258164015 68.22140179523609
    vertex 72.03348846362677 -32.43727084328381 68.04286989382858
  endloop
endfacet
facet normal -0.131441 -0.991112 -0.0204852
  outer loop
    vertex -4.540515266519583 -78.86940928594878 39.33553520429997
    vertex -11.28404235599251 -78.18996347427314 49.73165650183012
    vertex -16.14407896383213 -77.33284369793699 39.44637110960988
  endloop
endfacet
facet normal -0.699035 -0.714841 0.0187575
  outer loop
    vertex -55.85023128399668 -55.87263789659549 -18.23672002160002
    vertex -51.13416721273968 -60.21874245996489 -8.111665809692582
    vertex -59.06859819008082 -52.45856181653078 -8.066376574750251
  endloop
endfacet
facet normal 0.1521 -0.988147 -0.0207776
  outer loop
    vertex 17.80977236509115 -76.96630436953326 39.27555719536174
    vertex 11.18877074800278 -78.20365342583834 49.6534500516893
    vertex 6.188905939260635 -78.75720565938703 39.37852637640535
  endloop
endfacet
facet normal 0.544771 -0.838242 -0.023987
  outer loop
    vertex 37.90965318039805 -69.30987083916645 1.268619732299058
    vertex 47.93696923288117 -62.7936858351682 1.287300766519195
    vertex 43.33672935285565 -66.05246315617109 10.69104461126317
  endloop
endfacet
facet normal -0.469415 -0.882763 0.0194953
  outer loop
    vertex -37.85429086677847 -69.34012303834866 -18.40446716875536
    vertex -32.00609176014487 -72.22610393923506 -8.268934819627802
    vertex -41.94591054088437 -66.9443096080326 -8.439657459947057
  endloop
endfacet
facet normal 0.909616 -0.414998 -0.0194028
  outer loop
    vertex 73.98664660180827 -27.6943337998792 0.9590701899799257
    vertex 72.06075951124687 -32.37664186820869 10.82004286911999
    vertex 69.41613690263478 -37.7147177838396 1.012174637606279
  endloop
endfacet
facet normal 0.706714 -0.707201 0.0205185
  outer loop
    vertex 55.86143571373731 -55.86143571373719 -18.24059135975021
    vertex 59.66912138525807 -51.77447202156037 -8.524450615068901
    vertex 51.73405970149128 -59.70416289340749 -8.527701224905954
  endloop
endfacet
facet normal -0.415036 -0.909596 -0.0195219
  outer loop
    vertex -27.6076701883287 -74.0190282749812 -18.24059135975021
    vertex -32.00609176014487 -72.22610393923506 -8.268934819627802
    vertex -37.85429086677847 -69.34012303834866 -18.40446716875536
  endloop
endfacet
facet normal 0.879872 -0.474696 -0.0221184
  outer loop
    vertex 66.59577511038268 -42.49709092923109 10.62366006025941
    vertex 72.06075951124687 -32.37664186820869 10.82004286911999
    vertex 69.43462157553002 -37.68067577237623 20.18518497793086
  endloop
endfacet
facet normal -0.590063 -0.807106 0.0201043
  outer loop
    vertex -41.94591054088437 -66.9443096080326 -8.439657459947057
    vertex -51.13416721273968 -60.21874245996489 -8.111665809692582
    vertex -47.34293565439635 -63.24275803302451 -18.24059135975023
  endloop
endfacet
facet normal 0.282724 -0.959003 -0.0195105
  outer loop
    vertex 23.1043759400809 -75.54593180588489 11.08829237021337
    vertex 16.87943432879754 -77.17567425516808 0.9904364496919698
    vertex 27.61685426309612 -74.0156021431354 1.257471202982899
  endloop
endfacet
facet normal -0.929192 -0.369052 0.0200413
  outer loop
    vertex -71.18006246395723 -34.26950112895062 30.67154962591906
    vertex -75.25914752076751 -24.02208805344265 30.25128502850741
    vertex -73.44087660909392 -29.11078224451967 20.84715747246017
  endloop
endfacet
facet normal 0.706723 -0.707193 -0.0205175
  outer loop
    vertex 51.73405970149128 -59.70416289340749 -8.527701224905954
    vertex 59.66912138525807 -51.77447202156037 -8.524450615068901
    vertex 56.19870099035089 -55.52212178039608 1.110588184025474
  endloop
endfacet
facet normal 0.224807 -0.974225 0.0186497
  outer loop
    vertex 12.39655948595859 -78.0213131965304 10.85341544115657
    vertex 16.87943432879754 -77.17567425516808 0.9904364496919698
    vertex 23.1043759400809 -75.54593180588489 11.08829237021337
  endloop
endfacet
facet normal 0.715089 -0.698747 -0.0200091
  outer loop
    vertex 60.28833142542572 -51.05210175828245 68.52599608569251
    vertex 56.32714046619976 -55.39181570323365 78.50933964311095
    vertex 52.45445701588564 -59.07224339034879 68.63257372094094
  endloop
endfacet
facet normal -0.902027 -0.431121 0.0219535
  outer loop
    vertex -68.6079360384325 -39.16568794935632 40.20428046946672
    vertex -73.53038369824078 -28.88395182777948 39.86240841003206
    vertex -71.18006246395723 -34.26950112895062 30.67154962591906
  endloop
endfacet
facet normal -0.901355 -0.432631 -0.0197494
  outer loop
    vertex -73.44087660909392 -29.11078224451967 20.84715747246017
    vertex -68.68176759955217 -39.03607049129185 21.06701212030242
    vertex -71.18006246395723 -34.26950112895062 30.67154962591906
  endloop
endfacet
facet normal 0.842756 -0.537985 0.0182953
  outer loop
    vertex 69.33664017581317 -37.86066995088452 78.2405913597502
    vertex 63.50817631676083 -46.98629098917278 78.37874163503488
    vertex 66.81636158931676 -42.14942258164015 68.22140179523609
  endloop
endfacet
facet normal 0.959288 -0.281659 -0.0208552
  outer loop
    vertex 77.1946024117216 -16.7926578746851 -18.24059135975023
    vertex 75.79597493056509 -22.27038805959943 -8.594657478218835
    vertex 74.01954916009579 -27.60627360105239 -18.24215284047042
  endloop
endfacet
facet normal -0.959355 -0.281457 0.0204899
  outer loop
    vertex -75.7999449155453 -22.25687199047295 -28
    vertex -74.01582828898466 -27.61624816472246 -18.08447670557459
    vertex -77.1946024117216 -16.79265787468513 -18.2405913597502
  endloop
endfacet
facet normal 0.879141 -0.476147 0.0198845
  outer loop
    vertex 71.93628863340822 -32.6522645103059 29.9889456469522
    vertex 66.68140351331756 -42.36260645302789 29.7997402130741
    vertex 69.43462157553002 -37.68067577237623 20.18518497793086
  endloop
endfacet
facet normal 0.936725 -0.349438 -0.0209854
  outer loop
    vertex 71.86080351911933 -32.81805779729397 -8.614566436130971
    vertex 75.79597493056509 -22.27038805959943 -8.594657478218835
    vertex 73.98664660180827 -27.6943337998792 0.9590701899799257
  endloop
endfacet
facet normal 0.936702 -0.349508 0.0208297
  outer loop
    vertex 74.01954916009579 -27.60627360105239 -18.24215284047042
    vertex 75.79597493056509 -22.27038805959943 -8.594657478218835
    vertex 71.86080351911933 -32.81805779729397 -8.614566436130971
  endloop
endfacet
facet normal -0.869238 -0.493987 -0.0200351
  outer loop
    vertex -65.77039672737354 -43.76362547051939 11.31803727672063
    vertex -68.68176759955217 -39.03607049129185 21.06701212030242
    vertex -71.2500765993713 -34.12369535357687 11.37505872878158
  endloop
endfacet
facet normal -0.936757 -0.349392 -0.0202955
  outer loop
    vertex -71.86092763300692 -32.81778602714909 -28
    vertex -74.01582828898466 -27.61624816472246 -18.08447670557459
    vertex -75.7999449155453 -22.25687199047295 -28
  endloop
endfacet
facet normal -0.953887 -0.299521 -0.0196832
  outer loop
    vertex -75.26527826052613 -24.00287250238129 49.66300764787459
    vertex -76.80979788115062 -18.47308716638318 40.3662118776024
    vertex -73.53038369824078 -28.88395182777948 39.86240841003206
  endloop
endfacet
facet normal 0.755471 -0.654861 0.0205149
  outer loop
    vertex 59.70421637398645 -51.73399798167746 -28
    vertex 63.22537225884162 -47.36615144521348 -18.24129504116543
    vertex 55.86143571373731 -55.86143571373719 -18.24059135975021
  endloop
endfacet
facet normal 0.00277292 -0.999825 -0.0184872
  outer loop
    vertex 5.640346239518379 -78.79839144486613 1.27738029776485
    vertex 0.9529122430327615 -78.99425269130077 11.16689723153614
    vertex -5.200320612378905 -78.82865383557217 1.288025459968722
  endloop
endfacet
facet normal 0.959291 -0.281666 0.0206163
  outer loop
    vertex 77.1946024117216 -16.7926578746851 -18.24059135975023
    vertex 74.01954916009579 -27.60627360105239 -18.24215284047042
    vertex 75.79994491554531 -22.25687199047289 -28
  endloop
endfacet
facet normal 0.805968 -0.591647 -0.01924
  outer loop
    vertex 66.81636158931676 -42.14942258164015 68.22140179523609
    vertex 63.50817631676083 -46.98629098917278 78.37874163503488
    vertex 60.28833142542572 -51.05210175828245 68.52599608569251
  endloop
endfacet
facet normal 0.959302 -0.28163 -0.0205941
  outer loop
    vertex 75.7999449155453 -22.25687199047295 88
    vertex 74.02108324520339 -27.60215997357222 78.23630854426357
    vertex 77.1946024117216 -16.79265787468517 78.2405913597502
  endloop
endfacet
facet normal -0.0591176 -0.998049 0.0200923
  outer loop
    vertex -5.200320612378905 -78.82865383557217 1.288025459968722
    vertex 0.9529122430327615 -78.99425269130077 11.16689723153614
    vertex -10.28108382458965 -78.32815148713622 11.20045896976394
  endloop
endfacet
facet normal -0.909301 -0.415639 0.0204233
  outer loop
    vertex -69.33664017581317 -37.86066995088451 -18.2405913597502
    vertex -74.01582828898466 -27.61624816472246 -18.08447670557459
    vertex -71.86092763300692 -32.81778602714909 -28
  endloop
endfacet
facet normal -0.540738 -0.840957 -0.0198417
  outer loop
    vertex -47.34293565439635 -63.24275803302451 -18.24059135975023
    vertex -37.85429086677847 -69.34012303834866 -18.40446716875536
    vertex -41.94591054088437 -66.9443096080326 -8.439657459947057
  endloop
endfacet
facet normal 0.958731 -0.283641 -0.0195477
  outer loop
    vertex 77.11840242326035 -17.13919507106655 39.34582296135894
    vertex 75.78916863528579 -22.2935398170011 48.9431027005413
    vertex 74.03957974899376 -27.55250679325556 39.44189225434579
  endloop
endfacet
facet normal 0.755468 -0.654861 -0.0206039
  outer loop
    vertex 63.22537225884162 -47.36615144521348 -18.24129504116543
    vertex 59.66912138525807 -51.77447202156037 -8.524450615068901
    vertex 55.86143571373731 -55.86143571373719 -18.24059135975021
  endloop
endfacet
facet normal -0.870924 -0.491043 -0.0191749
  outer loop
    vertex -69.33664017581322 -37.86066995088446 78.24059135975021
    vertex -71.36224845797324 -33.88848617189171 68.52153933664376
    vertex -65.9373247239331 -43.51171346029252 68.55914561855764
  endloop
endfacet
facet normal -0.832041 -0.554341 0.0203406
  outer loop
    vertex -62.50182432785299 -48.3168909977681 20.93048957653953
    vertex -68.68176759955217 -39.03607049129185 21.06701212030242
    vertex -65.77039672737354 -43.76362547051939 11.31803727672063
  endloop
endfacet
facet normal 0.844156 -0.535723 0.0200221
  outer loop
    vertex 63.57118256724797 -46.90101008508908 39.49818839964875
    vertex 66.68140351331756 -42.36260645302789 29.7997402130741
    vertex 69.50038674667812 -37.55923644141571 39.46987391173174
  endloop
endfacet
facet normal 0.415725 -0.909262 -0.0203882
  outer loop
    vertex 37.90965318039805 -69.30987083916645 1.268619732299058
    vertex 33.57108531006636 -71.51211247826654 11.01765656417378
    vertex 27.61685426309612 -74.0156021431354 1.257471202982899
  endloop
endfacet
facet normal 0.600354 -0.799499 -0.0194064
  outer loop
    vertex 51.73405970149128 -59.70416289340749 -8.527701224905954
    vertex 47.93696923288117 -62.7936858351682 1.287300766519195
    vertex 42.91242464720769 -66.32890629957441 -8.508293793429687
  endloop
endfacet
facet normal 0.937326 -0.347881 0.0199509
  outer loop
    vertex 74.03957974899376 -27.55250679325556 39.44189225434579
    vertex 75.78916863528579 -22.2935398170011 48.9431027005413
    vertex 71.97632540417104 -32.56391532529346 48.99381392590443
  endloop
endfacet
facet normal 0.540613 -0.841041 0.0196681
  outer loop
    vertex 37.87471402463292 -69.32896968477374 78.23491236851784
    vertex 43.56636727972772 -65.90122640776778 68.36574753949641
    vertex 47.34293565439636 -63.2427580330245 78.24059135975023
  endloop
endfacet
facet normal -0.901693 -0.431912 0.0200282
  outer loop
    vertex -71.2500765993713 -34.12369535357687 11.37505872878158
    vertex -68.68176759955217 -39.03607049129185 21.06701212030242
    vertex -73.44087660909392 -29.11078224451967 20.84715747246017
  endloop
endfacet
facet normal -0.83203 -0.554342 0.0207827
  outer loop
    vertex -62.46100778248009 -48.36964447664425 59.38405759266869
    vertex -68.6910743424525 -39.01969125556563 59.35850084045433
    vertex -65.68987694759107 -43.88439434024746 49.75327865096547
  endloop
endfacet
facet normal -0.832315 -0.553923 -0.0205034
  outer loop
    vertex -65.71839259622753 -43.84167965039784 30.60085539560093
    vertex -68.68176759955217 -39.03607049129185 21.06701212030242
    vertex -62.50182432785299 -48.3168909977681 20.93048957653953
  endloop
endfacet
facet normal -0.529387 -0.848138 -0.0202551
  outer loop
    vertex -36.85177487372819 -69.87808446613327 39.4160443379652
    vertex -42.3706610344904 -66.67628576563273 49.58929596996721
    vertex -46.39673116517054 -63.94015434128145 40.24507918587936
  endloop
endfacet
facet normal -0.930179 -0.366686 -0.0175656
  outer loop
    vertex -75.28484000086416 -23.94144661553023 68.59419046592492
    vertex -71.36224845797324 -33.88848617189171 68.52153933664376
    vertex -73.85745940113863 -28.03704140613197 78.50424621714376
  endloop
endfacet
facet normal -0.928617 -0.370481 -0.0203794
  outer loop
    vertex -71.18006246395723 -34.26950112895062 30.67154962591906
    vertex -73.53038369824078 -28.88395182777948 39.86240841003206
    vertex -75.25914752076751 -24.02208805344265 30.25128502850741
  endloop
endfacet
facet normal -0.870073 -0.492499 0.0204306
  outer loop
    vertex -65.73148526661461 -43.82204747207536 -8.413297055989403
    vertex -71.51648996190386 -33.5617589456945 -7.444079658282561
    vertex -69.33664017581317 -37.86066995088451 -18.2405913597502
  endloop
endfacet
facet normal 0.959197 -0.282297 0.0157869
  outer loop
    vertex 74.17608778830534 -27.1828622558703 19.89781652242661
    vertex 76.32433925647649 -20.38615307168767 10.90881863248569
    vertex 77.09473659095332 -17.24533531049842 20.26336980381609
  endloop
endfacet
facet normal 0.803905 -0.59441 -0.0203485
  outer loop
    vertex 60.06221444350602 -51.31793444929654 29.89479378185071
    vertex 66.68140351331756 -42.36260645302789 29.7997402130741
    vertex 63.57118256724797 -46.90101008508908 39.49818839964875
  endloop
endfacet
facet normal 0.909436 -0.415318 -0.0209095
  outer loop
    vertex 74.01954916009579 -27.60627360105239 -18.24215284047042
    vertex 71.86080351911933 -32.81805779729397 -8.614566436130971
    vertex 69.33664017581323 -37.86066995088443 -18.24059135975021
  endloop
endfacet
facet normal 0.800371 -0.59915 -0.0206211
  outer loop
    vertex 66.45902909366335 -42.71062457899215 -28
    vertex 63.22537225884162 -47.36615144521348 -18.24129504116543
    vertex 59.70421637398645 -51.73399798167746 -28
  endloop
endfacet
facet normal -0.929581 -0.36807 0.0200964
  outer loop
    vertex -71.2500765993713 -34.12369535357687 11.37505872878158
    vertex -75.30092046458977 -23.89082202825024 11.41626094414684
    vertex -73.46216024354648 -29.05703034295659 1.849826217606633
  endloop
endfacet
facet normal -0.928787 -0.370042 -0.0205856
  outer loop
    vertex -71.164707344894 -34.30137648135407 49.7755860864396
    vertex -73.43129493082026 -29.13494336330329 59.16961568453466
    vertex -75.26527826052613 -24.00287250238129 49.66300764787459
  endloop
endfacet
facet normal 0.879463 -0.47554 -0.0201646
  outer loop
    vertex 69.50038674667812 -37.55923644141571 39.46987391173174
    vertex 66.68140351331756 -42.36260645302789 29.7997402130741
    vertex 71.93628863340822 -32.6522645103059 29.9889456469522
  endloop
endfacet
facet normal 0.976939 -0.21252 0.0206201
  outer loop
    vertex 75.7999449155453 -22.25687199047295 88
    vertex 77.1946024117216 -16.79265787468517 78.2405913597502
    vertex 78.19589390859369 -11.24287222358954 88
  endloop
endfacet
facet normal -0.976939 -0.21252 -0.0206201
  outer loop
    vertex -75.7999449155453 -22.25687199047295 -28
    vertex -77.1946024117216 -16.79265787468513 -18.2405913597502
    vertex -78.19589390859369 -11.24287222358954 -28
  endloop
endfacet
facet normal -0.976939 -0.21252 0.0206201
  outer loop
    vertex -78.19589390859369 -11.24287222358951 88
    vertex -77.1946024117216 -16.79265787468513 78.24059135975021
    vertex -75.79994491554531 -22.25687199047289 88
  endloop
endfacet
facet normal 0.976939 -0.21252 -0.0206201
  outer loop
    vertex 78.19589390859369 -11.24287222358951 -28
    vertex 77.1946024117216 -16.7926578746851 -18.24059135975023
    vertex 75.79994491554531 -22.25687199047289 -28
  endloop
endfacet
facet normal 0.910482 -0.413063 -0.0200456
  outer loop
    vertex 69.50038674667812 -37.55923644141571 39.46987391173174
    vertex 74.03957974899376 -27.55250679325556 39.44189225434579
    vertex 71.97632540417104 -32.56391532529346 48.99381392590443
  endloop
endfacet
facet normal -0.952597 -0.303588 0.0198449
  outer loop
    vertex -73.44087660909392 -29.11078224451967 20.84715747246017
    vertex -76.74561725653948 -18.73793563637012 20.89678484267566
    vertex -75.30092046458977 -23.89082202825024 11.41626094414684
  endloop
endfacet
facet normal 0.958825 -0.283306 0.0197977
  outer loop
    vertex 75.74936899142759 -22.42839934994353 29.96096787718301
    vertex 77.11840242326035 -17.13919507106655 39.34582296135894
    vertex 74.03957974899376 -27.55250679325556 39.44189225434579
  endloop
endfacet
facet normal -0.790545 -0.612067 0.0202978
  outer loop
    vertex -58.90445054789277 -52.64281247854122 30.59325233542603
    vertex -65.71839259622753 -43.84167965039784 30.60085539560093
    vertex -62.50182432785299 -48.3168909977681 20.93048957653953
  endloop
endfacet
facet normal 0.657459 -0.753144 0.0228578
  outer loop
    vertex 52.45445701588564 -59.07224339034879 68.63257372094094
    vertex 56.32714046619976 -55.39181570323365 78.50933964311095
    vertex 47.34293565439636 -63.2427580330245 78.24059135975023
  endloop
endfacet
facet normal 0.909444 -0.415315 0.0206272
  outer loop
    vertex 71.86092763300698 -32.81778602714897 -28
    vertex 74.01954916009579 -27.60627360105239 -18.24215284047042
    vertex 69.33664017581323 -37.86066995088443 -18.24059135975021
  endloop
endfacet
facet normal 0.959332 -0.281596 0.0196373
  outer loop
    vertex 75.78916863528579 -22.2935398170011 48.9431027005413
    vertex 77.15269837628728 -16.98414358328496 58.46730177962447
    vertex 74.09090969281182 -27.41417700554958 58.47808825702356
  endloop
endfacet
facet normal 0.479147 -0.877493 0.020608
  outer loop
    vertex 32.817786027149 -71.86092763300697 88
    vertex 37.87471402463292 -69.32896968477374 78.23491236851784
    vertex 42.71062457899217 -66.45902909366333 88
  endloop
endfacet
facet normal 0.90945 -0.4153 -0.0206371
  outer loop
    vertex 69.33664017581317 -37.86066995088452 78.2405913597502
    vertex 74.02108324520339 -27.60215997357222 78.23630854426357
    vertex 71.86092763300692 -32.81778602714909 88
  endloop
endfacet
facet normal -0.868322 -0.495594 0.0200901
  outer loop
    vertex -71.18006246395723 -34.26950112895062 30.67154962591906
    vertex -68.68176759955217 -39.03607049129185 21.06701212030242
    vertex -65.71839259622753 -43.84167965039784 30.60085539560093
  endloop
endfacet
facet normal -0.86845 -0.495369 -0.0201053
  outer loop
    vertex -68.6079360384325 -39.16568794935632 40.20428046946672
    vertex -71.18006246395723 -34.26950112895062 30.67154962591906
    vertex -65.71839259622753 -43.84167965039784 30.60085539560093
  endloop
endfacet
facet normal 0.937261 -0.348054 -0.0199838
  outer loop
    vertex 71.97632540417104 -32.56391532529346 48.99381392590443
    vertex 75.78916863528579 -22.2935398170011 48.9431027005413
    vertex 74.09090969281182 -27.41417700554958 58.47808825702356
  endloop
endfacet
facet normal 0.359659 -0.932872 0.0198711
  outer loop
    vertex 33.57108531006636 -71.51211247826654 11.01765656417378
    vertex 23.1043759400809 -75.54593180588489 11.08829237021337
    vertex 27.61685426309612 -74.0156021431354 1.257471202982899
  endloop
endfacet
facet normal -0.953117 -0.301932 -0.0201442
  outer loop
    vertex -75.30092046458977 -23.89082202825024 11.41626094414684
    vertex -76.78572801122307 -18.57288275380189 1.961320809050051
    vertex -73.46216024354648 -29.05703034295659 1.849826217606633
  endloop
endfacet
facet normal 0.909683 -0.41482 0.020011
  outer loop
    vertex 71.86080351911933 -32.81805779729397 -8.614566436130971
    vertex 73.98664660180827 -27.6943337998792 0.9590701899799257
    vertex 69.41613690263478 -37.7147177838396 1.012174637606279
  endloop
endfacet
facet normal -0.83196 -0.554412 -0.0216744
  outer loop
    vertex -62.46100778248009 -48.36964447664425 59.38405759266869
    vertex -65.9373247239331 -43.51171346029252 68.55914561855764
    vertex -68.6910743424525 -39.01969125556563 59.35850084045433
  endloop
endfacet
facet normal -0.840842 -0.540893 0.0204852
  outer loop
    vertex -65.9373247239331 -43.51171346029252 68.55914561855764
    vertex -63.19912055126738 -47.4011725756481 78.25462034630898
    vertex -69.33664017581322 -37.86066995088446 78.24059135975021
  endloop
endfacet
facet normal -0.929633 -0.367928 -0.0202963
  outer loop
    vertex -71.2500765993713 -34.12369535357687 11.37505872878158
    vertex -73.44087660909392 -29.11078224451967 20.84715747246017
    vertex -75.30092046458977 -23.89082202825024 11.41626094414684
  endloop
endfacet
facet normal 0.936753 -0.349425 -0.0199179
  outer loop
    vertex 71.93628863340822 -32.6522645103059 29.9889456469522
    vertex 75.74936899142759 -22.42839934994353 29.96096787718301
    vertex 74.03957974899376 -27.55250679325556 39.44189225434579
  endloop
endfacet
facet normal 0.879986 -0.474572 0.0201436
  outer loop
    vertex 69.50038674667812 -37.55923644141571 39.46987391173174
    vertex 71.97632540417104 -32.56391532529346 48.99381392590443
    vertex 66.73687884114629 -42.27515822019073 49.09106339530179
  endloop
endfacet
facet normal -0.869132 -0.494165 0.0202454
  outer loop
    vertex -65.77039672737354 -43.76362547051939 11.31803727672063
    vertex -71.2500765993713 -34.12369535357687 11.37505872878158
    vertex -68.71802704253946 -38.97220495918618 1.72938222315706
  endloop
endfacet
facet normal -0.841075 -0.540526 0.0206201
  outer loop
    vertex -66.45902909366332 -42.7106245789922 -28
    vertex -63.24275803302446 -47.34293565439643 -18.24059135975024
    vertex -69.33664017581317 -37.86066995088451 -18.2405913597502
  endloop
endfacet
facet normal 0.844098 -0.535809 -0.0201804
  outer loop
    vertex 63.57118256724797 -46.90101008508908 39.49818839964875
    vertex 69.50038674667812 -37.55923644141571 39.46987391173174
    vertex 66.73687884114629 -42.27515822019073 49.09106339530179
  endloop
endfacet
facet normal -0.745834 -0.665819 -0.0204122
  outer loop
    vertex -58.90445054789277 -52.64281247854122 30.59325233542603
    vertex -62.50182432785299 -48.3168909977681 20.93048957653953
    vertex -55.05450273185755 -56.6568771549217 20.85491941453348
  endloop
endfacet
facet normal 0.480445 -0.876761 -0.0214829
  outer loop
    vertex 42.91242464720769 -66.32890629957441 -8.508293793429687
    vertex 37.90965318039805 -69.30987083916645 1.268619732299058
    vertex 32.81776177000675 -71.8609387108677 -8.492520703411813
  endloop
endfacet
facet normal -0.831418 -0.555279 0.0202077
  outer loop
    vertex -62.46260521532226 -48.3675815987816 40.19030974469158
    vertex -68.6079360384325 -39.16568794935632 40.20428046946672
    vertex -65.71839259622753 -43.84167965039784 30.60085539560093
  endloop
endfacet
facet normal 0.415684 -0.909271 0.0207961
  outer loop
    vertex 32.81776177000675 -71.8609387108677 -8.492520703411813
    vertex 37.90965318039805 -69.30987083916645 1.268619732299058
    vertex 27.61685426309612 -74.0156021431354 1.257471202982899
  endloop
endfacet
facet normal 0.843191 -0.537236 -0.0201586
  outer loop
    vertex 69.43462157553002 -37.68067577237623 20.18518497793086
    vertex 66.68140351331756 -42.36260645302789 29.7997402130741
    vertex 63.49968893877478 -46.99776063472433 20.24455019424289
  endloop
endfacet
facet normal -0.841096 -0.54054 -0.019342
  outer loop
    vertex -63.24275803302446 -47.34293565439643 -18.24059135975024
    vertex -65.73148526661461 -43.82204747207536 -8.413297055989403
    vertex -69.33664017581317 -37.86066995088451 -18.2405913597502
  endloop
endfacet
facet normal -0.870959 -0.490906 0.0210033
  outer loop
    vertex -65.9373247239331 -43.51171346029252 68.55914561855764
    vertex -71.36224845797324 -33.88848617189171 68.52153933664376
    vertex -68.6910743424525 -39.01969125556563 59.35850084045433
  endloop
endfacet
facet normal 0.936751 -0.34939 0.0206111
  outer loop
    vertex 71.86092763300692 -32.81778602714909 88
    vertex 74.02108324520339 -27.60215997357222 78.23630854426357
    vertex 75.7999449155453 -22.25687199047295 88
  endloop
endfacet
facet normal 0.877492 -0.479147 -0.0206201
  outer loop
    vertex 71.86092763300698 -32.81778602714897 -28
    vertex 69.33664017581323 -37.86066995088443 -18.24059135975021
    vertex 66.45902909366335 -42.71062457899215 -28
  endloop
endfacet
facet normal -0.877492 -0.479147 0.0206201
  outer loop
    vertex -71.86092763300698 -32.81778602714897 88
    vertex -69.33664017581322 -37.86066995088446 78.24059135975021
    vertex -66.45902909366335 -42.71062457899215 88
  endloop
endfacet
facet normal 0.93675 -0.34939 -0.0206234
  outer loop
    vertex 75.79994491554531 -22.25687199047289 -28
    vertex 74.01954916009579 -27.60627360105239 -18.24215284047042
    vertex 71.86092763300698 -32.81778602714897 -28
  endloop
endfacet
facet normal -0.901975 -0.431327 -0.0199624
  outer loop
    vertex -71.2500765993713 -34.12369535357687 11.37505872878158
    vertex -73.46216024354648 -29.05703034295659 1.849826217606633
    vertex -68.71802704253946 -38.97220495918618 1.72938222315706
  endloop
endfacet
facet normal -0.952624 -0.303498 0.0199359
  outer loop
    vertex -73.43129493082026 -29.13494336330329 59.16961568453466
    vertex -76.74795749255063 -18.72834805105996 59.1119155190322
    vertex -75.26527826052613 -24.00287250238129 49.66300764787459
  endloop
endfacet
facet normal -0.479314 -0.877396 0.0208258
  outer loop
    vertex -32.80740988812278 -71.86566535163162 68.48974181781043
    vertex -42.74901807273112 -66.43433941733227 68.50273567240002
    vertex -37.86697812828744 -69.33319527781623 58.73533570275308
  endloop
endfacet
facet normal 0.349963 -0.936521 -0.0213367
  outer loop
    vertex 32.97231680852371 -71.79015478656071 68.40033712835437
    vertex 27.60767018833334 -74.01902827497948 78.24059135974839
    vertex 22.19691338511988 -75.81752459803397 68.43427282230329
  endloop
endfacet
facet normal 0.480497 -0.876732 0.0215239
  outer loop
    vertex 42.91242464720769 -66.32890629957441 -8.508293793429687
    vertex 32.81776177000675 -71.8609387108677 -8.492520703411813
    vertex 37.86495277777007 -69.3343014036865 -18.24789230003968
  endloop
endfacet
facet normal -0.908084 -0.418389 0.0182635
  outer loop
    vertex -73.85745940113863 -28.03704140613197 78.50424621714376
    vertex -71.36224845797324 -33.88848617189171 68.52153933664376
    vertex -69.33664017581322 -37.86066995088446 78.24059135975021
  endloop
endfacet
facet normal -0.645644 -0.763359 -0.0206558
  outer loop
    vertex -46.56048536599826 -63.82100909953291 1.326456105692486
    vertex -50.9312684273725 -60.39044540636316 11.16464792961659
    vertex -55.16231215583407 -56.55191701102908 1.558188848580357
  endloop
endfacet
facet normal -0.952649 -0.303414 -0.0200118
  outer loop
    vertex -73.44087660909392 -29.11078224451967 20.84715747246017
    vertex -75.25914752076751 -24.02208805344265 30.25128502850741
    vertex -76.74561725653948 -18.73793563637012 20.89678484267566
  endloop
endfacet
facet normal 0.54062 -0.841015 -0.0205557
  outer loop
    vertex 42.71062457899217 -66.45902909366333 88
    vertex 37.87471402463292 -69.32896968477374 78.23491236851784
    vertex 47.34293565439636 -63.2427580330245 78.24059135975023
  endloop
endfacet
facet normal 0.281668 -0.959292 0.0205222
  outer loop
    vertex 22.19691338511988 -75.81752459803397 68.43427282230329
    vertex 27.60767018833334 -74.01902827497948 78.24059135974839
    vertex 16.79191348742254 -77.19476433949986 78.24019067099505
  endloop
endfacet
facet normal -0.588383 -0.808324 0.0204623
  outer loop
    vertex -41.84739969301114 -67.00593360989286 11.03447624076196
    vertex -50.9312684273725 -60.39044540636316 11.16464792961659
    vertex -46.56048536599826 -63.82100909953291 1.326456105692486
  endloop
endfacet
facet normal 0.80411 -0.594128 0.0204524
  outer loop
    vertex 63.49968893877478 -46.99776063472433 20.24455019424289
    vertex 66.68140351331756 -42.36260645302789 29.7997402130741
    vertex 60.06221444350602 -51.31793444929654 29.89479378185071
  endloop
endfacet
facet normal 0.877492 -0.479147 0.0206201
  outer loop
    vertex 66.45902909366332 -42.7106245789922 88
    vertex 69.33664017581317 -37.86066995088452 78.2405913597502
    vertex 71.86092763300692 -32.81778602714909 88
  endloop
endfacet
facet normal -0.877492 -0.479147 -0.0206201
  outer loop
    vertex -66.45902909366332 -42.7106245789922 -28
    vertex -69.33664017581317 -37.86066995088451 -18.2405913597502
    vertex -71.86092763300692 -32.81778602714909 -28
  endloop
endfacet
facet normal -0.696243 -0.717514 0.0205014
  outer loop
    vertex -50.85674679751494 -60.45321583814589 30.54847291020685
    vertex -58.90445054789277 -52.64281247854122 30.59325233542603
    vertex -55.05450273185755 -56.6568771549217 20.85491941453348
  endloop
endfacet
facet normal -0.791177 -0.611243 -0.020508
  outer loop
    vertex -62.50182432785299 -48.3168909977681 20.93048957653953
    vertex -65.77039672737354 -43.76362547051939 11.31803727672063
    vertex -58.9346381270361 -52.60901471074423 11.23941301852142
  endloop
endfacet
facet normal 0.843307 -0.537054 0.0201489
  outer loop
    vertex 66.59577511038268 -42.49709092923109 10.62366006025941
    vertex 69.43462157553002 -37.68067577237623 20.18518497793086
    vertex 63.49968893877478 -46.99776063472433 20.24455019424289
  endloop
endfacet
facet normal 0.761738 -0.647569 -0.0202294
  outer loop
    vertex 56.44421257328264 -55.27251457082519 58.8764113900944
    vertex 63.66770689113972 -46.76989522357217 58.69759697880532
    vertex 60.28833142542572 -51.05210175828245 68.52599608569251
  endloop
endfacet
facet normal 0.415409 -0.9094 -0.0206726
  outer loop
    vertex 27.60767018833334 -74.01902827497948 78.24059135974839
    vertex 37.87471402463292 -69.32896968477374 78.23491236851784
    vertex 32.817786027149 -71.86092763300697 88
  endloop
endfacet
facet normal -0.998524 -0.0543107 0
  outer loop
    vertex -79 0 -17.45454545454547
    vertex -78.5339543007769 -8.568431705013754 -15.09758966171367
    vertex -79 0 -6.909090909090907
  endloop
endfacet
facet normal -0.968009 -0.250849 -0.0057431
  outer loop
    vertex -77.1946024117216 -16.79265787468513 78.24059135975021
    vertex -77.46971615493685 -15.47394839313861 67.0124243490871
    vertex -75.28484000086416 -23.94144661553023 68.59419046592492
  endloop
endfacet
facet normal -0.969996 -0.242731 -0.0137565
  outer loop
    vertex -76.78572801122307 -18.57288275380189 1.961320809050051
    vertex -77.61620126002519 -14.72159305113627 -7.435867877947359
    vertex -75.3944120500057 -23.59412281976077 -7.543939752511562
  endloop
endfacet
facet normal -0.868134 -0.495923 -0.0200853
  outer loop
    vertex -65.68987694759107 -43.88439434024746 49.75327865096547
    vertex -68.6910743424525 -39.01969125556563 59.35850084045433
    vertex -71.164707344894 -34.30137648135407 49.7755860864396
  endloop
endfacet
facet normal 0.540682 -0.840972 0.0207074
  outer loop
    vertex 47.36123536802166 -63.22905490686109 -18.25372627821024
    vertex 37.86495277777007 -69.3343014036865 -18.24789230003968
    vertex 42.71062457899226 -66.45902909366328 -28
  endloop
endfacet
facet normal 0.877922 -0.478369 -0.0203792
  outer loop
    vertex 71.86080351911933 -32.81805779729397 -8.614566436130971
    vertex 69.41613690263478 -37.7147177838396 1.012174637606279
    vertex 66.54195280108662 -42.58131652988151 -8.570090311740785
  endloop
endfacet
facet normal 0.910521 -0.412969 0.0202
  outer loop
    vertex 69.50038674667812 -37.55923644141571 39.46987391173174
    vertex 71.93628863340822 -32.6522645103059 29.9889456469522
    vertex 74.03957974899376 -27.55250679325556 39.44189225434579
  endloop
endfacet
facet normal -0.868092 -0.495993 0.0201801
  outer loop
    vertex -65.68987694759107 -43.88439434024746 49.75327865096547
    vertex -71.164707344894 -34.30137648135407 49.7755860864396
    vertex -68.6079360384325 -39.16568794935632 40.20428046946672
  endloop
endfacet
facet normal 0.211841 -0.97709 -0.0204657
  outer loop
    vertex 11.19941618216037 -78.20212962048261 68.44649189891987
    vertex 22.19691338511988 -75.81752459803397 68.43427282230329
    vertex 16.79191348742254 -77.19476433949986 78.24019067099505
  endloop
endfacet
facet normal -0.986674 -0.162167 -0.0132596
  outer loop
    vertex -76.78572801122307 -18.57288275380189 1.961320809050051
    vertex -77.34247351619557 -16.09788154996138 13.1202066622093
    vertex -78.55932267125627 -8.332635923490209 8.698241426039615
  endloop
endfacet
facet normal -0.479356 -0.877373 -0.0208697
  outer loop
    vertex -37.87416079676412 -69.32927191266944 78.2366023833663
    vertex -42.74901807273112 -66.43433941733227 68.50273567240002
    vertex -32.80740988812278 -71.86566535163162 68.48974181781043
  endloop
endfacet
facet normal -0.79056 -0.612043 -0.020455
  outer loop
    vertex -58.90445054789277 -52.64281247854122 30.59325233542603
    vertex -62.46260521532226 -48.3675815987816 40.19030974469158
    vertex -65.71839259622753 -43.84167965039784 30.60085539560093
  endloop
endfacet
facet normal -0.415471 -0.909372 -0.0206321
  outer loop
    vertex -32.81778602714908 -71.86092763300692 88
    vertex -37.87416079676412 -69.32927191266944 78.2366023833663
    vertex -27.6169635149098 -74.0155613787813 78.23718080897828
  endloop
endfacet
facet normal 0.911312 -0.411225 0.0201021
  outer loop
    vertex 71.97632540417104 -32.56391532529346 48.99381392590443
    vertex 74.09090969281182 -27.41417700554958 58.47808825702356
    vertex 69.56616731296305 -37.43725905277831 58.56331579982442
  endloop
endfacet
facet normal 0.142272 -0.989614 0.0205489
  outer loop
    vertex 16.79191348742254 -77.19476433949986 78.24019067099505
    vertex 5.634499968469997 -78.7988096998001 78.24003557327114
    vertex 11.19941618216037 -78.20212962048261 68.44649189891987
  endloop
endfacet
facet normal -0.415473 -0.909371 0.0206656
  outer loop
    vertex -37.87416079676412 -69.32927191266944 78.2366023833663
    vertex -32.80740988812278 -71.86566535163162 68.48974181781043
    vertex -27.6169635149098 -74.0155613787813 78.23718080897828
  endloop
endfacet
facet normal 0.760773 -0.648698 0.0203805
  outer loop
    vertex 60.06221444350602 -51.31793444929654 29.89479378185071
    vertex 63.57118256724797 -46.90101008508908 39.49818839964875
    vertex 56.34376768338942 -55.37490264768185 39.56808297694107
  endloop
endfacet
facet normal 0.804949 -0.592997 0.0203163
  outer loop
    vertex 63.57118256724797 -46.90101008508908 39.49818839964875
    vertex 66.73687884114629 -42.27515822019073 49.09106339530179
    vertex 60.14614248556123 -51.21954259954463 49.1508247734771
  endloop
endfacet
facet normal 0.878002 -0.478227 0.0202883
  outer loop
    vertex 71.86080351911933 -32.81805779729397 -8.614566436130971
    vertex 66.54195280108662 -42.58131652988151 -8.570090311740785
    vertex 69.33664017581323 -37.86066995088443 -18.24059135975021
  endloop
endfacet
facet normal 0.654849 -0.755478 -0.020621
  outer loop
    vertex 55.86143571373731 -55.86143571373719 -18.24059135975021
    vertex 51.73405970149128 -59.70416289340749 -8.527701224905954
    vertex 47.36123536802166 -63.22905490686109 -18.25372627821024
  endloop
endfacet
facet normal 0.540664 -0.840984 -0.0206882
  outer loop
    vertex 42.91242464720769 -66.32890629957441 -8.508293793429687
    vertex 37.86495277777007 -69.3343014036865 -18.24789230003968
    vertex 47.36123536802166 -63.22905490686109 -18.25372627821024
  endloop
endfacet
facet normal -0.706956 -0.706956 0.0206201
  outer loop
    vertex -59.70421637398645 -51.73399798167746 88
    vertex -55.86143571373729 -55.86143571373722 78.2405913597502
    vertex -51.73399798167758 -59.70421637398635 88
  endloop
endfacet
facet normal 0.706956 -0.706956 -0.0206201
  outer loop
    vertex 59.70421637398645 -51.73399798167746 -28
    vertex 55.86143571373731 -55.86143571373719 -18.24059135975021
    vertex 51.73399798167758 -59.70421637398635 -28
  endloop
endfacet
facet normal 0.840973 -0.54068 0.0207268
  outer loop
    vertex 69.33664017581323 -37.86066995088443 -18.24059135975021
    vertex 63.22537225884162 -47.36615144521348 -18.24129504116543
    vertex 66.45902909366335 -42.71062457899215 -28
  endloop
endfacet
facet normal -0.745648 -0.666024 0.0205129
  outer loop
    vertex -62.50182432785299 -48.3168909977681 20.93048957653953
    vertex -58.9346381270361 -52.60901471074423 11.23941301852142
    vertex -55.05450273185755 -56.6568771549217 20.85491941453348
  endloop
endfacet
facet normal -0.800371 -0.59915 -0.0206201
  outer loop
    vertex -59.70421637398637 -51.73399798167756 -28
    vertex -63.24275803302446 -47.34293565439643 -18.24059135975024
    vertex -66.45902909366332 -42.7106245789922 -28
  endloop
endfacet
facet normal 0.609516 -0.792528 -0.0197437
  outer loop
    vertex 47.34293565439636 -63.2427580330245 78.24059135975023
    vertex 43.56636727972772 -65.90122640776778 68.36574753949641
    vertex 52.45445701588564 -59.07224339034879 68.63257372094094
  endloop
endfacet
facet normal 0.0708316 -0.997277 -0.0205118
  outer loop
    vertex 11.19941618216037 -78.20212962048261 68.44649189891987
    vertex 5.634499968469997 -78.7988096998001 78.24003557327114
    vertex -0.03100319218164679 -78.9999939164686 68.45735883439768
  endloop
endfacet
facet normal -0.755527 -0.654791 0.0206739
  outer loop
    vertex -59.70421637398637 -51.73399798167756 -28
    vertex -55.85023128399668 -55.87263789659549 -18.23672002160002
    vertex -63.24275803302446 -47.34293565439643 -18.24059135975024
  endloop
endfacet
facet normal -1.06218e-05 -0.999788 0.0205672
  outer loop
    vertex -0.03100319218164679 -78.9999939164686 68.45735883439768
    vertex 5.634499968469997 -78.7988096998001 78.24003557327114
    vertex -5.636281836097521 -78.79868226730747 78.24040947322962
  endloop
endfacet
facet normal 0.654814 -0.755511 0.0205505
  outer loop
    vertex 55.86143571373731 -55.86143571373719 -18.24059135975021
    vertex 47.36123536802166 -63.22905490686109 -18.25372627821024
    vertex 51.73399798167758 -59.70421637398635 -28
  endloop
endfacet
facet normal 0.0712485 -0.997246 -0.0206051
  outer loop
    vertex 11.23543767030047 -78.19696247525727 -8.483839458251808
    vertex 5.640346239518379 -78.79839144486613 1.27738029776485
    vertex -0.003600400755626841 -78.99999991795642 -8.480862836617021
  endloop
endfacet
facet normal -0.654814 -0.755511 -0.0205505
  outer loop
    vertex -55.86143571373729 -55.86143571373722 78.2405913597502
    vertex -47.36123536801164 -63.22905490686859 78.25372627820597
    vertex -51.73399798167758 -59.70421637398635 88
  endloop
endfacet
facet normal 0.00280973 -0.999815 0.0190314
  outer loop
    vertex -0.003600400755626841 -78.99999991795642 -8.480862836617021
    vertex 5.640346239518379 -78.79839144486613 1.27738029776485
    vertex -5.200320612378905 -78.82865383557217 1.288025459968722
  endloop
endfacet
facet normal -0.83403 -0.551388 -0.0191391
  outer loop
    vertex -65.77039672737354 -43.76362547051939 11.31803727672063
    vertex -68.71802704253946 -38.97220495918618 1.72938222315706
    vertex -62.76152906952738 -47.97906281759649 1.64438366046096
  endloop
endfacet
facet normal 0.415429 -0.909395 0.020498
  outer loop
    vertex 32.97231680852371 -71.79015478656071 68.40033712835437
    vertex 37.87471402463292 -69.32896968477374 78.23491236851784
    vertex 27.60767018833334 -74.01902827497948 78.24059135974839
  endloop
endfacet
facet normal 0.84275 -0.53792 -0.0203582
  outer loop
    vertex 69.41613690263478 -37.7147177838396 1.012174637606279
    vertex 66.59577511038268 -42.49709092923109 10.62366006025941
    vertex 63.44453148220345 -47.0721937560137 1.061268659748904
  endloop
endfacet
facet normal -0.644006 -0.764743 -0.0206161
  outer loop
    vertex -50.85674679751494 -60.45321583814589 30.54847291020685
    vertex -55.05450273185755 -56.6568771549217 20.85491941453348
    vertex -46.44814659113253 -63.90281432181735 20.79349825526748
  endloop
endfacet
facet normal -0.587687 -0.80883 0.0204267
  outer loop
    vertex -41.79582425215508 -67.03811658364937 30.4956600445212
    vertex -50.85674679751494 -60.45321583814589 30.54847291020685
    vertex -46.44814659113253 -63.90281432181735 20.79349825526748
  endloop
endfacet
facet normal -0.0716848 -0.997216 -0.0205521
  outer loop
    vertex -11.26599473480104 -78.19256590389803 68.4670147133052
    vertex -0.03100319218164679 -78.9999939164686 68.45735883439768
    vertex -5.636281836097521 -78.79868226730747 78.24040947322962
  endloop
endfacet
facet normal -0.142315 -0.989607 0.0206043
  outer loop
    vertex -5.636281836097521 -78.79868226730747 78.24040947322962
    vertex -16.79641369020739 -77.19378528837288 78.23877671008603
    vertex -11.26599473480104 -78.19256590389803 68.4670147133052
  endloop
endfacet
facet normal 0.0712593 -0.997245 0.02061
  outer loop
    vertex 11.23543767030047 -78.19696247525727 -8.483839458251808
    vertex -0.003600400755626841 -78.99999991795642 -8.480862836617021
    vertex 5.628707050263624 -78.7992237077391 -18.23976589054817
  endloop
endfacet
facet normal 0.760008 -0.649604 -0.0200692
  outer loop
    vertex 59.70421637398637 -51.73399798167756 88
    vertex 56.32714046619976 -55.39181570323365 78.50933964311095
    vertex 63.50817631676083 -46.98629098917278 78.37874163503488
  endloop
endfacet
facet normal -0.479147 -0.877493 0.0206115
  outer loop
    vertex -42.71062457899226 -66.45902909366328 88
    vertex -37.87416079676412 -69.32927191266944 78.2366023833663
    vertex -32.81778602714908 -71.86092763300692 88
  endloop
endfacet
facet normal -0.745087 -0.666645 0.0207281
  outer loop
    vertex -58.90445054789277 -52.64281247854122 30.59325233542603
    vertex -54.99182435152489 -56.71771552602445 40.18074076599417
    vertex -62.46260521532226 -48.3675815987816 40.19030974469158
  endloop
endfacet
facet normal -0.529018 -0.848363 -0.0204811
  outer loop
    vertex -41.79582425215508 -67.03811658364937 30.4956600445212
    vertex -46.44814659113253 -63.90281432181735 20.79349825526748
    vertex -36.92903861238675 -69.83728307404898 20.73498015502484
  endloop
endfacet
facet normal 0.071324 -0.99724 -0.0206183
  outer loop
    vertex 11.2428722235896 -78.19589390859367 -28
    vertex 5.628707050263624 -78.7992237077391 -18.23976589054817
    vertex 8.467768044910506e-14 -79 -28
  endloop
endfacet
facet normal 0.142367 -0.989609 -0.0201398
  outer loop
    vertex 5.640346239518379 -78.79839144486613 1.27738029776485
    vertex 16.87943432879754 -77.17567425516808 0.9904364496919698
    vertex 12.39655948595859 -78.0213131965304 10.85341544115657
  endloop
endfacet
facet normal -0.530337 -0.847537 -0.0205826
  outer loop
    vertex -41.84739969301114 -67.00593360989286 11.03447624076196
    vertex -46.56048536599826 -63.82100909953291 1.326456105692486
    vertex -37.02160816678716 -69.78825494841433 1.260316874519958
  endloop
endfacet
facet normal 0.280993 -0.959489 -0.0205762
  outer loop
    vertex 16.74924647609883 -77.20403320088201 58.69417774140009
    vertex 27.54755494092569 -74.04142230384747 58.68222493707872
    vertex 22.19691338511988 -75.81752459803397 68.43427282230329
  endloop
endfacet
facet normal -0.540755 -0.840926 -0.0206569
  outer loop
    vertex -47.36123536801164 -63.22905490686859 78.25372627820597
    vertex -37.87416079676412 -69.32927191266944 78.2366023833663
    vertex -42.71062457899226 -66.45902909366328 88
  endloop
endfacet
facet normal -0.540702 -0.84096 0.0206829
  outer loop
    vertex -47.36123536801164 -63.22905490686859 78.25372627820597
    vertex -42.74901807273112 -66.43433941733227 68.50273567240002
    vertex -37.87416079676412 -69.32927191266944 78.2366023833663
  endloop
endfacet
facet normal 0.281035 -0.959477 0.0205662
  outer loop
    vertex 16.74924647609883 -77.20403320088201 58.69417774140009
    vertex 22.86928251739467 -75.61743130482274 49.08454198575369
    vertex 27.54755494092569 -74.04142230384747 58.68222493707872
  endloop
endfacet
facet normal -9.04752e-05 -0.999787 0.0206187
  outer loop
    vertex 8.467768044910506e-14 -79 -28
    vertex 5.628707050263624 -78.7992237077391 -18.23976589054817
    vertex -5.643252404722373 -78.79818336926679 -18.23878210865618
  endloop
endfacet
facet normal -0.466944 -0.884045 0.0207028
  outer loop
    vertex -31.82002031563033 -72.30827274325443 30.45146094394633
    vertex -41.79582425215508 -67.03811658364937 30.4956600445212
    vertex -36.92903861238675 -69.83728307404898 20.73498015502484
  endloop
endfacet
facet normal -0.281759 -0.959263 0.0206391
  outer loop
    vertex -22.27054921411586 -75.79592757992769 68.47704787915042
    vertex -16.79641369020739 -77.19378528837288 78.23877671008603
    vertex -27.6169635149098 -74.0155613787813 78.23718080897828
  endloop
endfacet
facet normal -0.212771 -0.976886 -0.0205712
  outer loop
    vertex -11.26599473480104 -78.19256590389803 68.4670147133052
    vertex -16.79641369020739 -77.19378528837288 78.23877671008603
    vertex -22.27054921411586 -75.79592757992769 68.47704787915042
  endloop
endfacet
facet normal -0.415484 -0.909368 -0.0205832
  outer loop
    vertex -32.80740988812278 -71.86566535163162 68.48974181781043
    vertex -37.86697812828744 -69.33319527781623 58.73533570275308
    vertex -27.62489797108567 -74.01260036025695 58.72952266548064
  endloop
endfacet
facet normal 0.349456 -0.936726 -0.0205991
  outer loop
    vertex 32.81776177000675 -71.8609387108677 -8.492520703411813
    vertex 27.61685426309612 -74.0156021431354 1.257471202982899
    vertex 22.26890700954839 -75.79641007725951 -8.487730438919101
  endloop
endfacet
facet normal -0.349429 -0.936738 -0.0205383
  outer loop
    vertex -32.80740988812278 -71.86566535163162 68.48974181781043
    vertex -22.27054921411586 -75.79592757992769 68.47704787915042
    vertex -27.6169635149098 -74.0155613787813 78.23718080897828
  endloop
endfacet
facet normal 0.35008 -0.936473 0.0215217
  outer loop
    vertex 27.54755494092569 -74.04142230384747 58.68222493707872
    vertex 32.97231680852371 -71.79015478656071 68.40033712835437
    vertex 22.19691338511988 -75.81752459803397 68.43427282230329
  endloop
endfacet
facet normal -0.415464 -0.909376 0.0206121
  outer loop
    vertex -37.86697812828744 -69.33319527781623 58.73533570275308
    vertex -32.83399284549316 -71.85352401811691 48.98862053059543
    vertex -27.62489797108567 -74.01260036025695 58.72952266548064
  endloop
endfacet
facet normal -0.349386 -0.936754 0.0205379
  outer loop
    vertex -32.80740988812278 -71.86566535163162 68.48974181781043
    vertex -27.62489797108567 -74.01260036025695 58.72952266548064
    vertex -22.27054921411586 -75.79592757992769 68.47704787915042
  endloop
endfacet
facet normal -0.587843 -0.808717 -0.0204357
  outer loop
    vertex -41.79582425215508 -67.03811658364937 30.4956600445212
    vertex -46.39673116517054 -63.94015434128145 40.24507918587936
    vertex -50.85674679751494 -60.45321583814589 30.54847291020685
  endloop
endfacet
facet normal -9.40747e-05 -0.999787 -0.0206236
  outer loop
    vertex 5.628707050263624 -78.7992237077391 -18.23976589054817
    vertex -0.003600400755626841 -78.99999991795642 -8.480862836617021
    vertex -5.643252404722373 -78.79818336926679 -18.23878210865618
  endloop
endfacet
facet normal 0.212558 -0.976929 0.0207025
  outer loop
    vertex 22.26890700954839 -75.79641007725951 -8.487730438919101
    vertex 11.23543767030047 -78.19696247525727 -8.483839458251808
    vertex 16.79961925342859 -77.1930877277223 -18.24092133681086
  endloop
endfacet
facet normal 0.14173 -0.98969 -0.0206342
  outer loop
    vertex 5.593000762147748 -78.80176611266155 58.6985652182214
    vertex 16.74924647609883 -77.20403320088201 58.69417774140009
    vertex 11.19941618216037 -78.20212962048261 68.44649189891987
  endloop
endfacet
facet normal 0.415308 -0.909446 -0.0206761
  outer loop
    vertex 37.86495277777007 -69.3343014036865 -18.24789230003968
    vertex 32.81776177000675 -71.8609387108677 -8.492520703411813
    vertex 27.60125526040094 -74.02142060275654 -18.24352948662283
  endloop
endfacet
facet normal 0.211884 -0.977078 0.0205801
  outer loop
    vertex 16.74924647609883 -77.20403320088201 58.69417774140009
    vertex 22.19691338511988 -75.81752459803397 68.43427282230329
    vertex 11.19941618216037 -78.20212962048261 68.44649189891987
  endloop
endfacet
facet normal 0.142287 -0.98961 0.0206716
  outer loop
    vertex 16.79961925342859 -77.1930877277223 -18.24092133681086
    vertex 5.628707050263624 -78.7992237077391 -18.23976589054817
    vertex 11.2428722235896 -78.19589390859367 -28
  endloop
endfacet
facet normal 0.59915 -0.800371 -0.0206476
  outer loop
    vertex 51.73399798167758 -59.70421637398635 -28
    vertex 47.36123536802166 -63.22905490686109 -18.25372627821024
    vertex 42.71062457899226 -66.45902909366328 -28
  endloop
endfacet
facet normal -0.403318 -0.914829 -0.0205809
  outer loop
    vertex -31.82002031563033 -72.30827274325443 30.45146094394633
    vertex -36.92903861238675 -69.83728307404898 20.73498015502484
    vertex -26.63245480390308 -74.37548219082724 20.68050562194318
  endloop
endfacet
facet normal -0.336407 -0.941492 0.0205842
  outer loop
    vertex -21.22256207484514 -76.09601079543752 30.39971129625221
    vertex -31.82002031563033 -72.30827274325443 30.45146094394633
    vertex -26.63245480390308 -74.37548219082724 20.68050562194318
  endloop
endfacet
facet normal 0.479147 -0.877492 -0.0206355
  outer loop
    vertex 42.71062457899226 -66.45902909366328 -28
    vertex 37.86495277777007 -69.3343014036865 -18.24789230003968
    vertex 32.81778602714908 -71.86092763300692 -28
  endloop
endfacet
facet normal 0.281669 -0.95929 -0.0206225
  outer loop
    vertex 16.79191348742254 -77.19476433949986 78.24019067099505
    vertex 27.60767018833334 -74.01902827497948 78.24059135974839
    vertex 22.25687199047292 -75.7999449155453 88
  endloop
endfacet
facet normal 0.34939 -0.936751 0.0206201
  outer loop
    vertex 22.25687199047292 -75.7999449155453 88
    vertex 27.60767018833334 -74.01902827497948 78.24059135974839
    vertex 32.817786027149 -71.86092763300697 88
  endloop
endfacet
facet normal -0.07138 -0.997239 -0.0204802
  outer loop
    vertex -0.003600400755626841 -78.99999991795642 -8.480862836617021
    vertex -5.200320612378905 -78.82865383557217 1.288025459968722
    vertex -11.2498803740298 -78.19488596813744 -8.487305426646969
  endloop
endfacet
facet normal -0.591012 -0.80638 -0.0213701
  outer loop
    vertex -46.56048536599826 -63.82100909953291 1.326456105692486
    vertex -51.13416721273968 -60.21874245996489 -8.111665809692582
    vertex -41.94591054088437 -66.9443096080326 -8.439657459947057
  endloop
endfacet
facet normal -0.59915 -0.800371 0.0206476
  outer loop
    vertex -51.73399798167758 -59.70421637398635 88
    vertex -47.36123536801164 -63.22905490686859 78.25372627820597
    vertex -42.71062457899226 -66.45902909366328 88
  endloop
endfacet
facet normal -0.142364 -0.9896 0.0206078
  outer loop
    vertex -5.643252404722373 -78.79818336926679 -18.23878210865618
    vertex -16.79654391201588 -77.19375695360165 -18.24287624122285
    vertex -11.2428722235895 -78.19589390859369 -28
  endloop
endfacet
facet normal -0.0714032 -0.997234 0.0206428
  outer loop
    vertex -0.003600400755626841 -78.99999991795642 -8.480862836617021
    vertex -11.2498803740298 -78.19488596813744 -8.487305426646969
    vertex -5.643252404722373 -78.79818336926679 -18.23878210865618
  endloop
endfacet
facet normal 0.600404 -0.799452 0.0197942
  outer loop
    vertex 51.73405970149128 -59.70416289340749 -8.527701224905954
    vertex 42.91242464720769 -66.32890629957441 -8.508293793429687
    vertex 47.36123536802166 -63.22905490686109 -18.25372627821024
  endloop
endfacet
facet normal 0.879815 -0.474884 -0.0202497
  outer loop
    vertex 71.97632540417104 -32.56391532529346 48.99381392590443
    vertex 69.56616731296305 -37.43725905277831 58.56331579982442
    vertex 66.73687884114629 -42.27515822019073 49.09106339530179
  endloop
endfacet
facet normal -0.142349 -0.989602 -0.0206198
  outer loop
    vertex -11.2498803740298 -78.19488596813744 -8.487305426646969
    vertex -16.79654391201588 -77.19375695360165 -18.24287624122285
    vertex -5.643252404722373 -78.79818336926679 -18.23878210865618
  endloop
endfacet
facet normal -0.282012 -0.95919 -0.0205754
  outer loop
    vertex -27.62489797108567 -74.01260036025695 58.72952266548064
    vertex -16.82754365545374 -77.18700521800154 58.72344933356634
    vertex -22.27054921411586 -75.79592757992769 68.47704787915042
  endloop
endfacet
facet normal -0.199378 -0.979709 0.0204838
  outer loop
    vertex -10.22315651599016 -78.33573303958781 30.33939694312342
    vertex -21.22256207484514 -76.09601079543752 30.39971129625221
    vertex -15.79240644911567 -77.40542551104495 20.62654173721099
  endloop
endfacet
facet normal -0.281753 -0.959265 -0.0206368
  outer loop
    vertex -27.6169635149098 -74.0155613787813 78.23718080897828
    vertex -16.79641369020739 -77.19378528837288 78.23877671008603
    vertex -22.25687199047302 -75.79994491554527 88
  endloop
endfacet
facet normal -0.21252 -0.976939 0.0206163
  outer loop
    vertex -22.25687199047302 -75.79994491554527 88
    vertex -16.79641369020739 -77.19378528837288 78.23877671008603
    vertex -11.2428722235896 -78.19589390859367 88
  endloop
endfacet
facet normal -0.142309 -0.989607 -0.0206303
  outer loop
    vertex -11.2428722235896 -78.19589390859367 88
    vertex -16.79641369020739 -77.19378528837288 78.23877671008603
    vertex -5.636281836097521 -78.79868226730747 78.24040947322962
  endloop
endfacet
facet normal -1.1988e-05 -0.999787 -0.0206164
  outer loop
    vertex -5.636281836097521 -78.79868226730747 78.24040947322962
    vertex 5.634499968469997 -78.7988096998001 78.24003557327114
    vertex -8.467768044910506e-14 -79 88
  endloop
endfacet
facet normal 0.142272 -0.989613 -0.0206211
  outer loop
    vertex 11.2428722235895 -78.19589390859369 88
    vertex 5.634499968469997 -78.7988096998001 78.24003557327114
    vertex 16.79191348742254 -77.19476433949986 78.24019067099505
  endloop
endfacet
facet normal 0.071324 -0.99724 0.0206189
  outer loop
    vertex -8.467768044910506e-14 -79 88
    vertex 5.634499968469997 -78.7988096998001 78.24003557327114
    vertex 11.2428722235895 -78.19589390859369 88
  endloop
endfacet
facet normal -0.269234 -0.962855 -0.0205875
  outer loop
    vertex -21.22256207484514 -76.09601079543752 30.39971129625221
    vertex -26.63245480390308 -74.37548219082724 20.68050562194318
    vertex -15.79240644911567 -77.40542551104495 20.62654173721099
  endloop
endfacet
facet normal -0.199595 -0.979634 -0.0218869
  outer loop
    vertex -10.22315651599016 -78.33573303958781 30.33939694312342
    vertex -16.14407896383213 -77.33284369793699 39.44637110960988
    vertex -21.22256207484514 -76.09601079543752 30.39971129625221
  endloop
endfacet
facet normal -0.000476467 -0.999788 -0.020583
  outer loop
    vertex -5.663327504857413 -78.7967430898811 58.71514712377081
    vertex 5.593000762147748 -78.80176611266155 58.6985652182214
    vertex -0.03100319218164679 -78.9999939164686 68.45735883439768
  endloop
endfacet
facet normal 0.842848 -0.537769 0.0203088
  outer loop
    vertex 69.41613690263478 -37.7147177838396 1.012174637606279
    vertex 63.44453148220345 -47.0721937560137 1.061268659748904
    vertex 66.54195280108662 -42.58131652988151 -8.570090311740785
  endloop
endfacet
facet normal 0.281679 -0.959288 0.0205726
  outer loop
    vertex 27.60125526040094 -74.02142060275654 -18.24352948662283
    vertex 16.79961925342859 -77.1930877277223 -18.24092133681086
    vertex 22.25687199047302 -75.79994491554527 -28
  endloop
endfacet
facet normal 0.715351 -0.698464 0.0205101
  outer loop
    vertex 56.44421257328264 -55.27251457082519 58.8764113900944
    vertex 60.28833142542572 -51.05210175828245 68.52599608569251
    vertex 52.45445701588564 -59.07224339034879 68.63257372094094
  endloop
endfacet
facet normal 0.142282 -0.98961 -0.0206782
  outer loop
    vertex 11.23543767030047 -78.19696247525727 -8.483839458251808
    vertex 5.628707050263624 -78.7992237077391 -18.23976589054817
    vertex 16.79961925342859 -77.1930877277223 -18.24092133681086
  endloop
endfacet
facet normal -0.071324 -0.99724 -0.0206163
  outer loop
    vertex 8.467768044910506e-14 -79 -28
    vertex -5.643252404722373 -78.79818336926679 -18.23878210865618
    vertex -11.2428722235895 -78.19589390859369 -28
  endloop
endfacet
facet normal -0.071324 -0.99724 0.0206197
  outer loop
    vertex -11.2428722235896 -78.19589390859367 88
    vertex -5.636281836097521 -78.79868226730747 78.24040947322962
    vertex -8.467768044910506e-14 -79 88
  endloop
endfacet
facet normal -0.34939 -0.936751 -0.0206201
  outer loop
    vertex -22.25687199047292 -75.7999449155453 -28
    vertex -27.6076701883287 -74.0190282749812 -18.24059135975021
    vertex -32.817786027149 -71.86092763300697 -28
  endloop
endfacet
facet normal 0.34939 -0.93675 -0.0206263
  outer loop
    vertex 32.81778602714908 -71.86092763300692 -28
    vertex 27.60125526040094 -74.02142060275654 -18.24352948662283
    vertex 22.25687199047302 -75.79994491554527 -28
  endloop
endfacet
facet normal 0.21252 -0.976939 0.0206193
  outer loop
    vertex 11.2428722235895 -78.19589390859369 88
    vertex 16.79191348742254 -77.19476433949986 78.24019067099505
    vertex 22.25687199047292 -75.7999449155453 88
  endloop
endfacet
facet normal -0.34939 -0.936751 0.0206129
  outer loop
    vertex -32.81778602714908 -71.86092763300692 88
    vertex -27.6169635149098 -74.0155613787813 78.23718080897828
    vertex -22.25687199047302 -75.79994491554527 88
  endloop
endfacet
facet normal -0.59915 -0.800371 -0.0206201
  outer loop
    vertex -42.71062457899217 -66.45902909366333 -28
    vertex -47.34293565439635 -63.24275803302451 -18.24059135975023
    vertex -51.73399798167748 -59.70421637398644 -28
  endloop
endfacet
facet normal 0.59915 -0.800371 0.0206201
  outer loop
    vertex 42.71062457899217 -66.45902909366333 88
    vertex 47.34293565439636 -63.2427580330245 78.24059135975023
    vertex 51.73399798167748 -59.70421637398644 88
  endloop
endfacet
facet normal 0.28167 -0.959291 -0.0205794
  outer loop
    vertex 22.26890700954839 -75.79641007725951 -8.487730438919101
    vertex 16.79961925342859 -77.1930877277223 -18.24092133681086
    vertex 27.60125526040094 -74.02142060275654 -18.24352948662283
  endloop
endfacet
facet normal 0.21252 -0.976939 -0.0206208
  outer loop
    vertex 22.25687199047302 -75.79994491554527 -28
    vertex 16.79961925342859 -77.1930877277223 -18.24092133681086
    vertex 11.2428722235896 -78.19589390859367 -28
  endloop
endfacet
facet normal 0.93805 -0.345915 0.0201153
  outer loop
    vertex 74.09090969281182 -27.41417700554958 58.47808825702356
    vertex 75.8403572873804 -22.11877497788899 67.95801222657271
    vertex 72.03348846362677 -32.43727084328381 68.04286989382858
  endloop
endfacet
facet normal -0.142696 -0.989551 -0.0206744
  outer loop
    vertex -16.82754365545374 -77.18700521800154 58.72344933356634
    vertex -5.663327504857413 -78.7967430898811 58.71514712377081
    vertex -11.26599473480104 -78.19256590389803 68.4670147133052
  endloop
endfacet
facet normal -0.74511 -0.666619 -0.0207463
  outer loop
    vertex -62.46260521532226 -48.3675815987816 40.19030974469158
    vertex -54.99182435152489 -56.71771552602445 40.18074076599417
    vertex -58.90786407311258 -52.63899267979672 49.76933952107513
  endloop
endfacet
facet normal -0.528837 -0.848476 0.0204813
  outer loop
    vertex -46.44814659113253 -63.90281432181735 20.79349825526748
    vertex -41.84739969301114 -67.00593360989286 11.03447624076196
    vertex -36.92903861238675 -69.83728307404898 20.73498015502484
  endloop
endfacet
facet normal 0.415322 -0.909439 0.0206738
  outer loop
    vertex 32.81778602714908 -71.86092763300692 -28
    vertex 37.86495277777007 -69.3343014036865 -18.24789230003968
    vertex 27.60125526040094 -74.02142060275654 -18.24352948662283
  endloop
endfacet
facet normal -0.21252 -0.976939 -0.0206249
  outer loop
    vertex -11.2428722235895 -78.19589390859369 -28
    vertex -16.79654391201588 -77.19375695360165 -18.24287624122285
    vertex -22.25687199047292 -75.7999449155453 -28
  endloop
endfacet
facet normal 0.0708711 -0.997273 0.0205858
  outer loop
    vertex 5.593000762147748 -78.80176611266155 58.6985652182214
    vertex 11.19941618216037 -78.20212962048261 68.44649189891987
    vertex -0.03100319218164679 -78.9999939164686 68.45735883439768
  endloop
endfacet
facet normal -0.831445 -0.555236 -0.0202942
  outer loop
    vertex -62.46260521532226 -48.3675815987816 40.19030974469158
    vertex -65.68987694759107 -43.88439434024746 49.75327865096547
    vertex -68.6079360384325 -39.16568794935632 40.20428046946672
  endloop
endfacet
facet normal -0.0716495 -0.997217 0.0206183
  outer loop
    vertex -5.663327504857413 -78.7967430898811 58.71514712377081
    vertex -0.03100319218164679 -78.9999939164686 68.45735883439768
    vertex -11.26599473480104 -78.19256590389803 68.4670147133052
  endloop
endfacet
facet normal 0.349473 -0.93672 0.0205868
  outer loop
    vertex 32.81776177000675 -71.8609387108677 -8.492520703411813
    vertex 22.26890700954839 -75.79641007725951 -8.487730438919101
    vertex 27.60125526040094 -74.02142060275654 -18.24352948662283
  endloop
endfacet
facet normal -0.33774 -0.941014 -0.0206114
  outer loop
    vertex -26.63245480390308 -74.37548219082724 20.68050562194318
    vertex -31.90981155942231 -72.26869257321705 10.97014343509561
    vertex -21.31146295290185 -76.07116107176945 10.90658695119269
  endloop
endfacet
facet normal -0.212735 -0.976893 0.0206095
  outer loop
    vertex -16.82754365545374 -77.18700521800154 58.72344933356634
    vertex -11.26599473480104 -78.19256590389803 68.4670147133052
    vertex -22.27054921411586 -75.79592757992769 68.47704787915042
  endloop
endfacet
facet normal 0.760606 -0.648892 -0.0204251
  outer loop
    vertex 63.57118256724797 -46.90101008508908 39.49818839964875
    vertex 60.14614248556123 -51.21954259954463 49.1508247734771
    vertex 56.34376768338942 -55.37490264768185 39.56808297694107
  endloop
endfacet
facet normal -0.281693 -0.959283 0.020608
  outer loop
    vertex -22.25687199047292 -75.7999449155453 -28
    vertex -16.79654391201588 -77.19375695360165 -18.24287624122285
    vertex -27.6076701883287 -74.0190282749812 -18.24059135975021
  endloop
endfacet
facet normal -0.654641 -0.75566 0.0205582
  outer loop
    vertex -47.34293565439635 -63.24275803302451 -18.24059135975023
    vertex -55.85023128399668 -55.87263789659549 -18.23672002160002
    vertex -51.73399798167748 -59.70421637398644 -28
  endloop
endfacet
facet normal -0.269044 -0.962908 0.0205858
  outer loop
    vertex -26.63245480390308 -74.37548219082724 20.68050562194318
    vertex -21.31146295290185 -76.07116107176945 10.90658695119269
    vertex -15.79240644911567 -77.40542551104495 20.62654173721099
  endloop
endfacet
facet normal -0.530132 -0.847665 0.0205997
  outer loop
    vertex -46.56048536599826 -63.82100909953291 1.326456105692486
    vertex -41.94591054088437 -66.9443096080326 -8.439657459947057
    vertex -37.02160816678716 -69.78825494841433 1.260316874519958
  endloop
endfacet
facet normal -0.129666 -0.991344 -0.020603
  outer loop
    vertex -10.22315651599016 -78.33573303958781 30.33939694312342
    vertex -15.79240644911567 -77.40542551104495 20.62654173721099
    vertex -4.632307062919656 -78.86407123192933 20.57495883702545
  endloop
endfacet
facet normal -0.403135 -0.914909 0.0205933
  outer loop
    vertex -36.92903861238675 -69.83728307404898 20.73498015502484
    vertex -31.90981155942231 -72.26869257321705 10.97014343509561
    vertex -26.63245480390308 -74.37548219082724 20.68050562194318
  endloop
endfacet
facet normal -0.337521 -0.941092 0.0206111
  outer loop
    vertex -31.90981155942231 -72.26869257321705 10.97014343509561
    vertex -26.72944943092821 -74.34067885834411 1.196305220580129
    vertex -21.31146295290185 -76.07116107176945 10.90658695119269
  endloop
endfacet
facet normal -0.0581493 -0.998093 0.0207106
  outer loop
    vertex 1.041905239479306 -78.99312902697262 30.286895112317
    vertex -10.22315651599016 -78.33573303958781 30.33939694312342
    vertex -4.632307062919656 -78.86407123192933 20.57495883702545
  endloop
endfacet
facet normal 0.083974 -0.996232 -0.0216881
  outer loop
    vertex 12.21501701014368 -78.04994144419264 30.22314133173766
    vertex 6.188905939260635 -78.75720565938703 39.37852637640535
    vertex 1.041905239479306 -78.99312902697262 30.286895112317
  endloop
endfacet
facet normal -0.697048 -0.716733 -0.0204455
  outer loop
    vertex -58.9346381270361 -52.60901471074423 11.23941301852142
    vertex -50.9312684273725 -60.39044540636316 11.16464792961659
    vertex -55.05450273185755 -56.6568771549217 20.85491941453348
  endloop
endfacet
facet normal -0.404536 -0.91429 -0.0205906
  outer loop
    vertex -37.02160816678716 -69.78825494841433 1.260316874519958
    vertex -26.72944943092821 -74.34067885834411 1.196305220580129
    vertex -31.90981155942231 -72.26869257321705 10.97014343509561
  endloop
endfacet
facet normal -0.467802 -0.883594 0.0205572
  outer loop
    vertex -41.84739969301114 -67.00593360989286 11.03447624076196
    vertex -37.02160816678716 -69.78825494841433 1.260316874519958
    vertex -31.90981155942231 -72.26869257321705 10.97014343509561
  endloop
endfacet
facet normal 0.0126077 -0.999707 -0.0206508
  outer loop
    vertex 1.041905239479306 -78.99312902697262 30.286895112317
    vertex -4.632307062919656 -78.86407123192933 20.57495883702545
    vertex 6.63316127500701 -78.7210338569035 20.52829320241963
  endloop
endfacet
facet normal -0.791002 -0.611472 0.0204266
  outer loop
    vertex -65.77039672737354 -43.76362547051939 11.31803727672063
    vertex -62.76152906952738 -47.97906281759649 1.64438366046096
    vertex -58.9346381270361 -52.60901471074423 11.23941301852142
  endloop
endfacet
facet normal -0.696852 -0.716924 0.0204528
  outer loop
    vertex -55.16231215583407 -56.55191701102908 1.558188848580357
    vertex -50.9312684273725 -60.39044540636316 11.16464792961659
    vertex -58.9346381270361 -52.60901471074423 11.23941301852142
  endloop
endfacet
facet normal 0.0852588 -0.996144 0.0206824
  outer loop
    vertex 12.39655948595859 -78.0213131965304 10.85341544115657
    vertex 0.9529122430327615 -78.99425269130077 11.16689723153614
    vertex 5.640346239518379 -78.79839144486613 1.27738029776485
  endloop
endfacet
facet normal 0.360285 -0.932619 -0.0204013
  outer loop
    vertex 33.62340364863344 -71.4875284723221 30.10158725284835
    vertex 28.54075596371202 -73.66427389868061 39.84967103114354
    vertex 23.18791131420934 -75.52033347969514 30.16631606245652
  endloop
endfacet
facet normal 0.084215 -0.996237 0.0204739
  outer loop
    vertex 12.21501701014368 -78.04994144419264 30.22314133173766
    vertex 1.041905239479306 -78.99312902697262 30.286895112317
    vertex 6.63316127500701 -78.7210338569035 20.52829320241963
  endloop
endfacet
facet normal 0.802968 -0.595677 -0.0202568
  outer loop
    vertex 66.59577511038268 -42.49709092923109 10.62366006025941
    vertex 63.49968893877478 -46.99776063472433 20.24455019424289
    vertex 59.996933867311 -51.39424020764885 10.68148928502873
  endloop
endfacet
facet normal 0.15457 -0.987766 0.02064
  outer loop
    vertex 6.63316127500701 -78.7210338569035 20.52829320241963
    vertex 12.39655948595859 -78.0213131965304 10.85341544115657
    vertex 17.71815686884364 -76.98744649078218 20.47828250495901
  endloop
endfacet
facet normal 0.803094 -0.595507 0.020263
  outer loop
    vertex 66.59577511038268 -42.49709092923109 10.62366006025941
    vertex 59.996933867311 -51.39424020764885 10.68148928502873
    vertex 63.44453148220345 -47.0721937560137 1.061268659748904
  endloop
endfacet
facet normal -0.46801 -0.883484 -0.0205774
  outer loop
    vertex -41.84739969301114 -67.00593360989286 11.03447624076196
    vertex -31.90981155942231 -72.26869257321705 10.97014343509561
    vertex -36.92903861238675 -69.83728307404898 20.73498015502484
  endloop
endfacet
facet normal 0.154389 -0.987797 -0.0205136
  outer loop
    vertex 12.21501701014368 -78.04994144419264 30.22314133173766
    vertex 6.63316127500701 -78.7210338569035 20.52829320241963
    vertex 17.71815686884364 -76.98744649078218 20.47828250495901
  endloop
endfacet
facet normal 0.224694 -0.97421 0.0206703
  outer loop
    vertex 23.18791131420934 -75.52033347969514 30.16631606245652
    vertex 12.21501701014368 -78.04994144419264 30.22314133173766
    vertex 17.71815686884364 -76.98744649078218 20.47828250495901
  endloop
endfacet
facet normal 0.292785 -0.955958 -0.0205373
  outer loop
    vertex 23.18791131420934 -75.52033347969514 30.16631606245652
    vertex 17.71815686884364 -76.98744649078218 20.47828250495901
    vertex 28.44760818332852 -73.70029571614907 20.43199248417989
  endloop
endfacet
facet normal 0.360505 -0.932533 0.020433
  outer loop
    vertex 33.62340364863344 -71.4875284723221 30.10158725284835
    vertex 23.18791131420934 -75.52033347969514 30.16631606245652
    vertex 28.44760818332852 -73.70029571614907 20.43199248417989
  endloop
endfacet
facet normal -0.000414435 -0.999768 0.02152
  outer loop
    vertex -5.663327504857413 -78.7967430898811 58.71514712377081
    vertex 0.369534609904698 -78.99913571788038 49.42866058249207
    vertex 5.593000762147748 -78.80176611266155 58.6985652182214
  endloop
endfacet
facet normal -0.588765 -0.808041 -0.0206286
  outer loop
    vertex -46.44814659113253 -63.90281432181735 20.79349825526748
    vertex -50.9312684273725 -60.39044540636316 11.16464792961659
    vertex -41.84739969301114 -67.00593360989286 11.03447624076196
  endloop
endfacet
facet normal 0.550666 -0.834473 0.0205274
  outer loop
    vertex 48.07141200987846 -62.69082347023775 58.97681965322185
    vertex 38.70970309868174 -68.8662390871747 59.07190039533023
    vertex 43.44228204741277 -65.98308973148376 49.32118050322915
  endloop
endfacet
facet normal 0.607509 -0.794048 -0.0205081
  outer loop
    vertex 48.07141200987846 -62.69082347023775 58.97681965322185
    vertex 43.44228204741277 -65.98308973148376 49.32118050322915
    vertex 52.33855803736057 -59.17495536601476 49.25183562882383
  endloop
endfacet
facet normal 0.759688 -0.649968 -0.0203691
  outer loop
    vertex 63.49968893877478 -46.99776063472433 20.24455019424289
    vertex 60.06221444350602 -51.31793444929654 29.89479378185071
    vertex 56.27054186500141 -55.44931125107979 20.31044267590359
  endloop
endfacet
facet normal -0.643279 -0.765353 0.0206563
  outer loop
    vertex -46.39673116517054 -63.94015434128145 40.24507918587936
    vertex -54.99182435152489 -56.71771552602445 40.18074076599417
    vertex -50.85674679751494 -60.45321583814589 30.54847291020685
  endloop
endfacet
facet normal 0.548977 -0.835591 0.0202974
  outer loop
    vertex 38.60961623769189 -68.92240226499769 20.39590387914784
    vertex 43.33672935285565 -66.05246315617109 10.69104461126317
    vertex 47.9214493142825 -62.80553077252554 20.35729761603375
  endloop
endfacet
facet normal 0.959319 -0.281633 -0.0197171
  outer loop
    vertex 74.09090969281182 -27.41417700554958 58.47808825702356
    vertex 77.15269837628728 -16.98414358328496 58.46730177962447
    vertex 75.8403572873804 -22.11877497788899 67.95801222657271
  endloop
endfacet
facet normal -0.28199 -0.959195 0.0206337
  outer loop
    vertex -27.62489797108567 -74.01260036025695 58.72952266548064
    vertex -22.33024779333422 -75.77836124836887 49.00419398628015
    vertex -16.82754365545374 -77.18700521800154 58.72344933356634
  endloop
endfacet
facet normal -0.706957 -0.706957 -0.0206118
  outer loop
    vertex -51.73399798167748 -59.70421637398644 -28
    vertex -55.85023128399668 -55.87263789659549 -18.23672002160002
    vertex -59.70421637398637 -51.73399798167756 -28
  endloop
endfacet
facet normal 0.425338 -0.9048 -0.0206165
  outer loop
    vertex 33.62340364863344 -71.4875284723221 30.10158725284835
    vertex 28.44760818332852 -73.70029571614907 20.43199248417989
    vertex 38.60961623769189 -68.92240226499769 20.39590387914784
  endloop
endfacet
facet normal 0.762157 -0.647069 0.0204512
  outer loop
    vertex 60.14614248556123 -51.21954259954463 49.1508247734771
    vertex 63.66770689113972 -46.76989522357217 58.69759697880532
    vertex 56.44421257328264 -55.27251457082519 58.8764113900944
  endloop
endfacet
facet normal 0.712679 -0.701196 0.0203104
  outer loop
    vertex 60.06221444350602 -51.31793444929654 29.89479378185071
    vertex 52.2717697034041 -59.23396063133281 29.96349445764764
    vertex 56.27054186500141 -55.44931125107979 20.31044267590359
  endloop
endfacet
facet normal 0.712503 -0.701376 -0.0202676
  outer loop
    vertex 60.06221444350602 -51.31793444929654 29.89479378185071
    vertex 56.34376768338942 -55.37490264768185 39.56808297694107
    vertex 52.2717697034041 -59.23396063133281 29.96349445764764
  endloop
endfacet
facet normal 0.759845 -0.649784 0.0204132
  outer loop
    vertex 63.49968893877478 -46.99776063472433 20.24455019424289
    vertex 56.27054186500141 -55.44931125107979 20.31044267590359
    vertex 59.996933867311 -51.39424020764885 10.68148928502873
  endloop
endfacet
facet normal 0.660883 -0.750213 -0.0203636
  outer loop
    vertex 52.2717697034041 -59.23396063133281 29.96349445764764
    vertex 47.9214493142825 -62.80553077252554 20.35729761603375
    vertex 56.27054186500141 -55.44931125107979 20.31044267590359
  endloop
endfacet
facet normal 0.488724 -0.872196 0.0205642
  outer loop
    vertex 43.39949280173669 -66.01124165285792 30.0327676210687
    vertex 33.62340364863344 -71.4875284723221 30.10158725284835
    vertex 38.60961623769189 -68.92240226499769 20.39590387914784
  endloop
endfacet
facet normal 0.911184 -0.411509 -0.0201111
  outer loop
    vertex 74.09090969281182 -27.41417700554958 58.47808825702356
    vertex 72.03348846362677 -32.43727084328381 68.04286989382858
    vertex 69.56616731296305 -37.43725905277831 58.56331579982442
  endloop
endfacet
facet normal 0.66288 -0.748447 -0.0204145
  outer loop
    vertex 56.44421257328264 -55.27251457082519 58.8764113900944
    vertex 52.45445701588564 -59.07224339034879 68.63257372094094
    vertex 48.07141200987846 -62.69082347023775 58.97681965322185
  endloop
endfacet
facet normal -0.696357 -0.717396 -0.0207282
  outer loop
    vertex -50.85674679751494 -60.45321583814589 30.54847291020685
    vertex -54.99182435152489 -56.71771552602445 40.18074076599417
    vertex -58.90445054789277 -52.64281247854122 30.59325233542603
  endloop
endfacet
facet normal 0.71343 -0.700431 -0.020334
  outer loop
    vertex 60.14614248556123 -51.21954259954463 49.1508247734771
    vertex 56.44421257328264 -55.27251457082519 58.8764113900944
    vertex 52.33855803736057 -59.17495536601476 49.25183562882383
  endloop
endfacet
facet normal 0.606293 -0.794976 -0.0205303
  outer loop
    vertex 43.33672935285565 -66.05246315617109 10.69104461126317
    vertex 52.22541000471125 -59.27483909585757 10.74453229857808
    vertex 47.9214493142825 -62.80553077252554 20.35729761603375
  endloop
endfacet
facet normal 0.548859 -0.835667 -0.0203599
  outer loop
    vertex 43.39949280173669 -66.01124165285792 30.0327676210687
    vertex 38.60961623769189 -68.92240226499769 20.39590387914784
    vertex 47.9214493142825 -62.80553077252554 20.35729761603375
  endloop
endfacet
facet normal 0.607005 -0.794434 0.0204772
  outer loop
    vertex 52.2717697034041 -59.23396063133281 29.96349445764764
    vertex 43.39949280173669 -66.01124165285792 30.0327676210687
    vertex 47.9214493142825 -62.80553077252554 20.35729761603375
  endloop
endfacet
facet normal 0.663154 -0.748203 0.0204826
  outer loop
    vertex 56.44421257328264 -55.27251457082519 58.8764113900944
    vertex 48.07141200987846 -62.69082347023775 58.97681965322185
    vertex 52.33855803736057 -59.17495536601476 49.25183562882383
  endloop
endfacet
facet normal -0.790358 -0.612312 -0.0201861
  outer loop
    vertex -58.90786407311258 -52.63899267979672 49.76933952107513
    vertex -62.46100778248009 -48.36964447664425 59.38405759266869
    vertex -65.68987694759107 -43.88439434024746 49.75327865096547
  endloop
endfacet
facet normal -0.643831 -0.764886 0.0207514
  outer loop
    vertex -55.05450273185755 -56.6568771549217 20.85491941453348
    vertex -50.9312684273725 -60.39044540636316 11.16464792961659
    vertex -46.44814659113253 -63.90281432181735 20.79349825526748
  endloop
endfacet
facet normal -0.696421 -0.717334 0.0207116
  outer loop
    vertex -54.99182435152489 -56.71771552602445 40.18074076599417
    vertex -50.86482540924752 -60.44641872010919 49.80831959020119
    vertex -58.90786407311258 -52.63899267979672 49.76933952107513
  endloop
endfacet
facet normal 0.60771 -0.793892 0.0206075
  outer loop
    vertex 43.44228204741277 -65.98308973148376 49.32118050322915
    vertex 48.00054702686305 -62.74509929167304 39.64089581903293
    vertex 52.33855803736057 -59.17495536601476 49.25183562882383
  endloop
endfacet
facet normal 0.804817 -0.593172 -0.0204058
  outer loop
    vertex 66.73687884114629 -42.27515822019073 49.09106339530179
    vertex 63.66770689113972 -46.76989522357217 58.69759697880532
    vertex 60.14614248556123 -51.21954259954463 49.1508247734771
  endloop
endfacet
facet normal -0.404594 -0.914302 -0.0188639
  outer loop
    vertex -32.83399284549316 -71.85352401811691 48.98862053059543
    vertex -36.85177487372819 -69.87808446613327 39.4160443379652
    vertex -26.93659885189086 -74.26587131578214 39.42334106918818
  endloop
endfacet
facet normal -0.952992 -0.302322 0.0202117
  outer loop
    vertex -76.78572801122307 -18.57288275380189 1.961320809050051
    vertex -75.3944120500057 -23.59412281976077 -7.543939752511562
    vertex -73.46216024354648 -29.05703034295659 1.849826217606633
  endloop
endfacet
facet normal 0.662015 -0.749214 0.0203587
  outer loop
    vertex 56.34376768338942 -55.37490264768185 39.56808297694107
    vertex 48.00054702686305 -62.74509929167304 39.64089581903293
    vertex 52.2717697034041 -59.23396063133281 29.96349445764764
  endloop
endfacet
facet normal 0.840971 -0.540676 -0.0208974
  outer loop
    vertex 66.54195280108662 -42.58131652988151 -8.570090311740785
    vertex 63.22537225884162 -47.36615144521348 -18.24129504116543
    vertex 69.33664017581323 -37.86066995088443 -18.24059135975021
  endloop
endfacet
facet normal -0.696318 -0.717435 -0.0207124
  outer loop
    vertex -58.90786407311258 -52.63899267979672 49.76933952107513
    vertex -50.86482540924752 -60.44641872010919 49.80831959020119
    vertex -55.04478939655048 -56.66631415831988 59.39703535803135
  endloop
endfacet
facet normal -0.349923 -0.936555 -0.020461
  outer loop
    vertex -32.83399284549316 -71.85352401811691 48.98862053059543
    vertex -22.33024779333422 -75.77836124836887 49.00419398628015
    vertex -27.62489797108567 -74.01260036025695 58.72952266548064
  endloop
endfacet
facet normal 0.606804 -0.794588 -0.020472
  outer loop
    vertex 52.2717697034041 -59.23396063133281 29.96349445764764
    vertex 48.00054702686305 -62.74509929167304 39.64089581903293
    vertex 43.39949280173669 -66.01124165285792 30.0327676210687
  endloop
endfacet
facet normal 0.758904 -0.650881 -0.020451
  outer loop
    vertex 59.996933867311 -51.39424020764885 10.68148928502873
    vertex 56.19870099035089 -55.52212178039608 1.110588184025474
    vertex 63.44453148220345 -47.0721937560137 1.061268659748904
  endloop
endfacet
facet normal -0.748043 -0.663302 0.021501
  outer loop
    vertex -62.76152906952738 -47.97906281759649 1.64438366046096
    vertex -59.06859819008082 -52.45856181653078 -8.066376574750251
    vertex -55.16231215583407 -56.55191701102908 1.558188848580357
  endloop
endfacet
facet normal -0.90165 -0.432002 0.0200386
  outer loop
    vertex -71.164707344894 -34.30137648135407 49.7755860864396
    vertex -68.6910743424525 -39.01969125556563 59.35850084045433
    vertex -73.43129493082026 -29.13494336330329 59.16961568453466
  endloop
endfacet
facet normal -0.952559 -0.303699 -0.0199853
  outer loop
    vertex -73.43129493082026 -29.13494336330329 59.16961568453466
    vertex -75.28484000086416 -23.94144661553023 68.59419046592492
    vertex -76.74795749255063 -18.72834805105996 59.1119155190322
  endloop
endfacet
facet normal -0.748257 -0.66306 -0.0215149
  outer loop
    vertex -62.76152906952738 -47.97906281759649 1.64438366046096
    vertex -55.16231215583407 -56.55191701102908 1.558188848580357
    vertex -58.9346381270361 -52.60901471074423 11.23941301852142
  endloop
endfacet
facet normal 0.713688 -0.700166 0.0204259
  outer loop
    vertex 60.14614248556123 -51.21954259954463 49.1508247734771
    vertex 52.33855803736057 -59.17495536601476 49.25183562882383
    vertex 56.34376768338942 -55.37490264768185 39.56808297694107
  endloop
endfacet
facet normal 0.426128 -0.90443 -0.0205423
  outer loop
    vertex 38.6744327791137 -68.88605264648146 39.68797869075073
    vertex 33.73243740627754 -71.43614397930202 49.44615792971278
    vertex 28.54075596371202 -73.66427389868061 39.84967103114354
  endloop
endfacet
facet normal 0.426664 -0.904176 0.0205603
  outer loop
    vertex 33.62340364863344 -71.4875284723221 30.10158725284835
    vertex 38.6744327791137 -68.88605264648146 39.68797869075073
    vertex 28.54075596371202 -73.66427389868061 39.84967103114354
  endloop
endfacet
facet normal -0.200949 -0.979383 0.0207037
  outer loop
    vertex -21.31146295290185 -76.07116107176945 10.90658695119269
    vertex -15.823046129134 -77.39916802650592 1.355841561324922
    vertex -10.28108382458965 -78.32815148713622 11.20045896976394
  endloop
endfacet
facet normal -0.74542 -0.666283 0.0203866
  outer loop
    vertex -58.90786407311258 -52.63899267979672 49.76933952107513
    vertex -55.04478939655048 -56.66631415831988 59.39703535803135
    vertex -62.46100778248009 -48.36964447664425 59.38405759266869
  endloop
endfacet
facet normal -0.476129 -0.879183 0.0184077
  outer loop
    vertex -32.83399284549316 -71.85352401811691 48.98862053059543
    vertex -42.3706610344904 -66.67628576563273 49.58929596996721
    vertex -36.85177487372819 -69.87808446613327 39.4160443379652
  endloop
endfacet
facet normal -0.349977 -0.936536 0.0204174
  outer loop
    vertex -32.83399284549316 -71.85352401811691 48.98862053059543
    vertex -26.93659885189086 -74.26587131578214 39.42334106918818
    vertex -22.33024779333422 -75.77836124836887 49.00419398628015
  endloop
endfacet
facet normal 0.88092 -0.472838 0.0201143
  outer loop
    vertex 72.03348846362677 -32.43727084328381 68.04286989382858
    vertex 66.81636158931676 -42.14942258164015 68.22140179523609
    vertex 69.56616731296305 -37.43725905277831 58.56331579982442
  endloop
endfacet
facet normal 0.4884 -0.872384 0.0202845
  outer loop
    vertex 43.33672935285565 -66.05246315617109 10.69104461126317
    vertex 33.57108531006636 -71.51211247826654 11.01765656417378
    vertex 37.90965318039805 -69.30987083916645 1.268619732299058
  endloop
endfacet
facet normal 0.806596 -0.590767 0.0199427
  outer loop
    vertex 63.66770689113972 -46.76989522357217 58.69759697880532
    vertex 66.81636158931676 -42.14942258164015 68.22140179523609
    vertex 60.28833142542572 -51.05210175828245 68.52599608569251
  endloop
endfacet
facet normal 0.845017 -0.534361 -0.0201247
  outer loop
    vertex 69.56616731296305 -37.43725905277831 58.56331579982442
    vertex 66.81636158931676 -42.14942258164015 68.22140179523609
    vertex 63.66770689113972 -46.76989522357217 58.69759697880532
  endloop
endfacet
facet normal -0.790393 -0.612264 0.0202953
  outer loop
    vertex -62.46260521532226 -48.3675815987816 40.19030974469158
    vertex -58.90786407311258 -52.63899267979672 49.76933952107513
    vertex -65.68987694759107 -43.88439434024746 49.75327865096547
  endloop
endfacet
facet normal 0.661816 -0.749391 -0.0203447
  outer loop
    vertex 52.33855803736057 -59.17495536601476 49.25183562882383
    vertex 48.00054702686305 -62.74509929167304 39.64089581903293
    vertex 56.34376768338942 -55.37490264768185 39.56808297694107
  endloop
endfacet
facet normal -0.998311 -0.0580909 0
  outer loop
    vertex -79 0 24.72727272727273
    vertex -78.46682005040779 -9.16286806501777 29.49531450287918
    vertex -79 0 35.27272727272728
  endloop
endfacet
facet normal 0.998328 -0.0578015 0
  outer loop
    vertex 79 9.674709713264091e-15 35.27272727272728
    vertex 78.47212051469828 -9.117362662890502 30
    vertex 79 9.674709713264091e-15 24.72727272727273
  endloop
endfacet
facet normal 0.549764 -0.83507 -0.0204517
  outer loop
    vertex 43.44228204741277 -65.98308973148376 49.32118050322915
    vertex 38.6744327791137 -68.88605264648146 39.68797869075073
    vertex 48.00054702686305 -62.74509929167304 39.64089581903293
  endloop
endfacet
facet normal 0.660801 -0.750309 0.0194624
  outer loop
    vertex 56.19870099035089 -55.52212178039608 1.110588184025474
    vertex 47.93696923288117 -62.7936858351682 1.287300766519195
    vertex 51.73405970149128 -59.70416289340749 -8.527701224905954
  endloop
endfacet
facet normal -0.985459 -0.169911 -0.00116809
  outer loop
    vertex -78.55932267125627 -8.332635923490209 8.698241426039615
    vertex -78.57542018639424 -8.179446346274855 -0.004219104994788836
    vertex -76.78572801122307 -18.57288275380189 1.961320809050051
  endloop
endfacet
facet normal 0.845277 -0.533945 0.0202318
  outer loop
    vertex 69.56616731296305 -37.43725905277831 58.56331579982442
    vertex 63.66770689113972 -46.76989522357217 58.69759697880532
    vertex 66.73687884114629 -42.27515822019073 49.09106339530179
  endloop
endfacet
facet normal 0.661011 -0.750098 0.0204521
  outer loop
    vertex 47.9214493142825 -62.80553077252554 20.35729761603375
    vertex 52.22541000471125 -59.27483909585757 10.74453229857808
    vertex 56.27054186500141 -55.44931125107979 20.31044267590359
  endloop
endfacet
facet normal -0.998604 -0.0528119 0
  outer loop
    vertex -79 0 3.63636363636364
    vertex -78.55932267125627 -8.332635923490209 8.698241426039615
    vertex -79 0 14.18181818181819
  endloop
endfacet
facet normal 0.997669 -0.068233 0
  outer loop
    vertex 79 9.674709713264091e-15 56.36363636363637
    vertex 78.26439291547742 -10.75568694095217 50.63980348769314
    vertex 79 9.674709713264091e-15 45.81818181818183
  endloop
endfacet
facet normal -0.270233 -0.962585 0.0201336
  outer loop
    vertex -21.8442873075234 -75.91987297161641 -8.736215172174113
    vertex -15.823046129134 -77.39916802650592 1.355841561324922
    vertex -26.72944943092821 -74.34067885834411 1.196305220580129
  endloop
endfacet
facet normal 0.549908 -0.834974 0.0205023
  outer loop
    vertex 48.00054702686305 -62.74509929167304 39.64089581903293
    vertex 38.6744327791137 -68.88605264648146 39.68797869075073
    vertex 43.39949280173669 -66.01124165285792 30.0327676210687
  endloop
endfacet
facet normal 0.711791 -0.702101 -0.0202157
  outer loop
    vertex 56.27054186500141 -55.44931125107979 20.31044267590359
    vertex 52.22541000471125 -59.27483909585757 10.74453229857808
    vertex 59.996933867311 -51.39424020764885 10.68148928502873
  endloop
endfacet
facet normal -0.643095 -0.765504 -0.0208029
  outer loop
    vertex -46.39673116517054 -63.94015434128145 40.24507918587936
    vertex -50.86482540924752 -60.44641872010919 49.80831959020119
    vertex -54.99182435152489 -56.71771552602445 40.18074076599417
  endloop
endfacet
facet normal 0.489763 -0.87162 0.0202595
  outer loop
    vertex 43.44228204741277 -65.98308973148376 49.32118050322915
    vertex 33.73243740627754 -71.43614397930202 49.44615792971278
    vertex 38.6744327791137 -68.88605264648146 39.68797869075073
  endloop
endfacet
facet normal -0.209505 -0.977636 -0.0183049
  outer loop
    vertex -11.2498803740298 -78.19488596813744 -8.487305426646969
    vertex -15.823046129134 -77.39916802650592 1.355841561324922
    vertex -21.8442873075234 -75.91987297161641 -8.736215172174113
  endloop
endfacet
facet normal 0.800681 -0.598699 -0.0216624
  outer loop
    vertex 63.44453148220345 -47.0721937560137 1.061268659748904
    vertex 59.66912138525807 -51.77447202156037 -8.524450615068901
    vertex 66.54195280108662 -42.58131652988151 -8.570090311740785
  endloop
endfacet
facet normal 0.488502 -0.872318 -0.0206673
  outer loop
    vertex 43.39949280173669 -66.01124165285792 30.0327676210687
    vertex 38.6744327791137 -68.88605264648146 39.68797869075073
    vertex 33.62340364863344 -71.4875284723221 30.10158725284835
  endloop
endfacet
facet normal 0.711953 -0.701937 0.0202019
  outer loop
    vertex 59.996933867311 -51.39424020764885 10.68148928502873
    vertex 52.22541000471125 -59.27483909585757 10.74453229857808
    vertex 56.19870099035089 -55.52212178039608 1.110588184025474
  endloop
endfacet
facet normal -0.998408 -0.0563992 0
  outer loop
    vertex -79 0 45.81818181818183
    vertex -78.49742218650584 -8.89689328212159 51.54361843936898
    vertex -79 0 56.36363636363637
  endloop
endfacet
facet normal 0.997701 -0.0677673 0
  outer loop
    vertex 79 9.674709713264091e-15 14.18181818181819
    vertex 78.27439865730504 -10.68262677609219 9.440474822334124
    vertex 79 9.674709713264091e-15 3.63636363636364
  endloop
endfacet
facet normal 0.759024 -0.650747 0.0202763
  outer loop
    vertex 56.19870099035089 -55.52212178039608 1.110588184025474
    vertex 59.66912138525807 -51.77447202156037 -8.524450615068901
    vertex 63.44453148220345 -47.0721937560137 1.061268659748904
  endloop
endfacet
facet normal -0.415558 -0.909329 0.020768
  outer loop
    vertex -27.6076701883287 -74.0190282749812 -18.24059135975021
    vertex -37.85429086677847 -69.34012303834866 -18.40446716875536
    vertex -32.817786027149 -71.86092763300697 -28
  endloop
endfacet
facet normal -0.54023 -0.84126 0.0208213
  outer loop
    vertex -42.71062457899217 -66.45902909366333 -28
    vertex -37.85429086677847 -69.34012303834866 -18.40446716875536
    vertex -47.34293565439635 -63.24275803302451 -18.24059135975023
  endloop
endfacet
facet normal 0.489366 -0.871843 -0.0202742
  outer loop
    vertex 38.70970309868174 -68.8662390871747 59.07190039533023
    vertex 33.73243740627754 -71.43614397930202 49.44615792971278
    vertex 43.44228204741277 -65.98308973148376 49.32118050322915
  endloop
endfacet
facet normal 0.800368 -0.599148 0.0207861
  outer loop
    vertex 59.70421637398637 -51.73399798167756 88
    vertex 63.50817631676083 -46.98629098917278 78.37874163503488
    vertex 66.45902909366332 -42.7106245789922 88
  endloop
endfacet
facet normal 0.800786 -0.598563 0.0215232
  outer loop
    vertex 66.54195280108662 -42.58131652988151 -8.570090311740785
    vertex 59.66912138525807 -51.77447202156037 -8.524450615068901
    vertex 63.22537225884162 -47.36615144521348 -18.24129504116543
  endloop
endfacet
facet normal -0.644985 -0.763907 0.0209954
  outer loop
    vertex -55.16231215583407 -56.55191701102908 1.558188848580357
    vertex -51.13416721273968 -60.21874245996489 -8.111665809692582
    vertex -46.56048536599826 -63.82100909953291 1.326456105692486
  endloop
endfacet
facet normal 0.997106 -0.0715413 -0.0257264
  outer loop
    vertex 79 9.674709713264091e-15 -6.909090909090907
    vertex 78.56407431354464 -8.287715442498968 -0.7578373906475804
    vertex 78.09317971030815 -11.93546323916744 -8.864946113233728
  endloop
endfacet
facet normal -0.468861 -0.883025 -0.0208724
  outer loop
    vertex -41.94591054088437 -66.9443096080326 -8.439657459947057
    vertex -32.00609176014487 -72.22610393923506 -8.268934819627802
    vertex -37.02160816678716 -69.78825494841433 1.260316874519958
  endloop
endfacet
facet normal 0.658235 -0.752451 -0.0233388
  outer loop
    vertex 47.34293565439636 -63.2427580330245 78.24059135975023
    vertex 56.32714046619976 -55.39181570323365 78.50933964311095
    vertex 51.73399798167748 -59.70421637398644 88
  endloop
endfacet
facet normal 0.143399 -0.989437 0.0212322
  outer loop
    vertex 11.23543767030047 -78.19696247525727 -8.483839458251808
    vertex 16.87943432879754 -77.17567425516808 0.9904364496919698
    vertex 5.640346239518379 -78.79839144486613 1.27738029776485
  endloop
endfacet
facet normal -0.699129 -0.71471 -0.0202152
  outer loop
    vertex -59.06859819008082 -52.45856181653078 -8.066376574750251
    vertex -51.13416721273968 -60.21874245996489 -8.111665809692582
    vertex -55.16231215583407 -56.55191701102908 1.558188848580357
  endloop
endfacet
facet normal -0.840807 -0.540932 -0.0209008
  outer loop
    vertex -69.33664017581322 -37.86066995088446 78.24059135975021
    vertex -63.19912055126738 -47.4011725756481 78.25462034630898
    vertex -66.45902909366335 -42.71062457899215 88
  endloop
endfacet
facet normal 0.281799 -0.959251 0.0206459
  outer loop
    vertex 27.61685426309612 -74.0156021431354 1.257471202982899
    vertex 16.87943432879754 -77.17567425516808 0.9904364496919698
    vertex 22.26890700954839 -75.79641007725951 -8.487730438919101
  endloop
endfacet
facet normal -0.199882 -0.979595 -0.0209754
  outer loop
    vertex -21.31146295290185 -76.07116107176945 10.90658695119269
    vertex -10.28108382458965 -78.32815148713622 11.20045896976394
    vertex -15.79240644911567 -77.40542551104495 20.62654173721099
  endloop
endfacet
facet normal -0.936742 -0.349387 0.0210522
  outer loop
    vertex -75.79994491554531 -22.25687199047289 88
    vertex -73.85745940113863 -28.03704140613197 78.50424621714376
    vertex -71.86092763300698 -32.81778602714897 88
  endloop
endfacet
facet normal -0.654847 -0.755476 0.0207521
  outer loop
    vertex -55.86143571373729 -55.86143571373722 78.2405913597502
    vertex -51.33463796072195 -60.04793872766663 68.67807903120703
    vertex -47.36123536801164 -63.22905490686859 78.25372627820597
  endloop
endfacet
facet normal 0.487349 -0.87296 -0.0207722
  outer loop
    vertex 38.60961623769189 -68.92240226499769 20.39590387914784
    vertex 33.57108531006636 -71.51211247826654 11.01765656417378
    vertex 43.33672935285565 -66.05246315617109 10.69104461126317
  endloop
endfacet
facet normal 0.084097 -0.996216 -0.0219526
  outer loop
    vertex 6.63316127500701 -78.7210338569035 20.52829320241963
    vertex 0.9529122430327615 -78.99425269130077 11.16689723153614
    vertex 12.39655948595859 -78.0213131965304 10.85341544115657
  endloop
endfacet
facet normal 0.225608 -0.97401 -0.0201145
  outer loop
    vertex 12.39655948595859 -78.0213131965304 10.85341544115657
    vertex 23.1043759400809 -75.54593180588489 11.08829237021337
    vertex 17.71815686884364 -76.98744649078218 20.47828250495901
  endloop
endfacet
facet normal 0.842486 -0.538379 -0.0191371
  outer loop
    vertex 66.45902909366332 -42.7106245789922 88
    vertex 63.50817631676083 -46.98629098917278 78.37874163503488
    vertex 69.33664017581317 -37.86066995088452 78.2405913597502
  endloop
endfacet
facet normal -0.755308 -0.655054 -0.020369
  outer loop
    vertex -59.70421637398645 -51.73399798167746 88
    vertex -63.19912055126738 -47.4011725756481 78.25462034630898
    vertex -55.86143571373729 -55.86143571373722 78.2405913597502
  endloop
endfacet
facet normal -0.479144 -0.877486 -0.0209721
  outer loop
    vertex -32.817786027149 -71.86092763300697 -28
    vertex -37.85429086677847 -69.34012303834866 -18.40446716875536
    vertex -42.71062457899217 -66.45902909366333 -28
  endloop
endfacet
facet normal 0.975911 -0.2174 -0.0183133
  outer loop
    vertex 75.79597493056509 -22.27038805959943 -8.594657478218835
    vertex 78.09317971030815 -11.93546323916744 -8.864946113233728
    vertex 77.28729833299472 -16.360730924585 0.7229857757798186
  endloop
endfacet
facet normal 0.608734 -0.793099 0.0208977
  outer loop
    vertex 52.45445701588564 -59.07224339034879 68.63257372094094
    vertex 43.56636727972772 -65.90122640776778 68.36574753949641
    vertex 48.07141200987846 -62.69082347023775 58.97681965322185
  endloop
endfacet
facet normal 0.998306 -0.058174 0
  outer loop
    vertex 79 9.674709713264091e-15 88
    vertex 78.46529352629838 -9.175931115251302 79.13980725606596
    vertex 79 9.674709713264091e-15 77.45454545454547
  endloop
endfacet
facet normal 0.998283 -0.0585829 0
  outer loop
    vertex 79 9.674709713264091e-15 -17.45454545454547
    vertex 78.45775125073317 -9.240198519408498 -19.14437105301992
    vertex 79 9.674709713264091e-15 -28
  endloop
endfacet
facet normal -0.281698 -0.959272 -0.0210316
  outer loop
    vertex -16.79654391201588 -77.19375695360165 -18.24287624122285
    vertex -21.8442873075234 -75.91987297161641 -8.736215172174113
    vertex -27.6076701883287 -74.0190282749812 -18.24059135975021
  endloop
endfacet
facet normal -0.133459 -0.990884 -0.0183744
  outer loop
    vertex -10.28108382458965 -78.32815148713622 11.20045896976394
    vertex -15.823046129134 -77.39916802650592 1.355841561324922
    vertex -5.200320612378905 -78.82865383557217 1.288025459968722
  endloop
endfacet
facet normal -0.791993 -0.610099 0.0229532
  outer loop
    vertex -62.46100778248009 -48.36964447664425 59.38405759266869
    vertex -58.90625499186805 -52.64079333400116 68.51208936674007
    vertex -65.9373247239331 -43.51171346029252 68.55914561855764
  endloop
endfacet
facet normal 0.997359 -0.0713325 0.0136846
  outer loop
    vertex 78.19589390859369 -11.24287222358954 88
    vertex 78.46529352629838 -9.175931115251302 79.13980725606596
    vertex 79 9.674709713264091e-15 88
  endloop
endfacet
facet normal 0.997363 -0.0713328 -0.0133599
  outer loop
    vertex 79 9.674709713264091e-15 -28
    vertex 78.45775125073317 -9.240198519408498 -19.14437105301992
    vertex 78.19589390859369 -11.24287222358951 -28
  endloop
endfacet
facet normal -0.404315 -0.914376 0.0211204
  outer loop
    vertex -37.02160816678716 -69.78825494841433 1.260316874519958
    vertex -32.00609176014487 -72.22610393923506 -8.268934819627802
    vertex -26.72944943092821 -74.34067885834411 1.196305220580129
  endloop
endfacet
facet normal 0.60613 -0.795089 0.0209835
  outer loop
    vertex 43.33672935285565 -66.05246315617109 10.69104461126317
    vertex 47.93696923288117 -62.7936858351682 1.287300766519195
    vertex 52.22541000471125 -59.27483909585757 10.74453229857808
  endloop
endfacet
facet normal 0.295055 -0.955253 -0.0208299
  outer loop
    vertex 22.86928251739467 -75.61743130482274 49.08454198575369
    vertex 17.80977236509115 -76.96630436953326 39.27555719536174
    vertex 28.54075596371202 -73.66427389868061 39.84967103114354
  endloop
endfacet
facet normal 0.660316 -0.750719 -0.0200967
  outer loop
    vertex 52.22541000471125 -59.27483909585757 10.74453229857808
    vertex 47.93696923288117 -62.7936858351682 1.287300766519195
    vertex 56.19870099035089 -55.52212178039608 1.110588184025474
  endloop
endfacet
facet normal 0.987811 -0.155334 -0.0100692
  outer loop
    vertex 77.09473659095332 -17.24533531049842 20.26336980381609
    vertex 78.67819953164272 -7.123265996648962 19.45454545454547
    vertex 78.47212051469828 -9.117362662890502 30
  endloop
endfacet
facet normal 0.214987 -0.976315 -0.0242773
  outer loop
    vertex 16.74924647609883 -77.20403320088201 58.69417774140009
    vertex 11.18877074800278 -78.20365342583834 49.6534500516893
    vertex 22.86928251739467 -75.61743130482274 49.08454198575369
  endloop
endfacet
facet normal 0.152477 -0.988015 0.0240355
  outer loop
    vertex 12.21501701014368 -78.04994144419264 30.22314133173766
    vertex 17.80977236509115 -76.96630436953326 39.27555719536174
    vertex 6.188905939260635 -78.75720565938703 39.37852637640535
  endloop
endfacet
facet normal 0.97611 -0.216479 0.0185984
  outer loop
    vertex 77.1946024117216 -16.7926578746851 -18.24059135975023
    vertex 78.09317971030815 -11.93546323916744 -8.864946113233728
    vertex 75.79597493056509 -22.27038805959943 -8.594657478218835
  endloop
endfacet
facet normal 0.292996 -0.955877 0.0212534
  outer loop
    vertex 28.54075596371202 -73.66427389868061 39.84967103114354
    vertex 17.80977236509115 -76.96630436953326 39.27555719536174
    vertex 23.18791131420934 -75.52033347969514 30.16631606245652
  endloop
endfacet
facet normal -0.211885 -0.977055 -0.0216461
  outer loop
    vertex -22.33024779333422 -75.77836124836887 49.00419398628015
    vertex -11.28404235599251 -78.18996347427314 49.73165650183012
    vertex -16.82754365545374 -77.18700521800154 58.72344933356634
  endloop
endfacet
facet normal -0.998376 -0.0569194 0.00225859
  outer loop
    vertex -79 0 24.72727272727273
    vertex -78.51217573875044 -8.76574359467385 19.45454545454547
    vertex -78.46682005040779 -9.16286806501777 29.49531450287918
  endloop
endfacet
facet normal 0.706952 -0.706952 0.0209122
  outer loop
    vertex 51.73399798167748 -59.70421637398644 88
    vertex 56.32714046619976 -55.39181570323365 78.50933964311095
    vertex 59.70421637398637 -51.73399798167756 88
  endloop
endfacet
facet normal 0.072938 -0.99717 0.0182294
  outer loop
    vertex 6.188905939260635 -78.75720565938703 39.37852637640535
    vertex 11.18877074800278 -78.20365342583834 49.6534500516893
    vertex 0.369534609904698 -78.99913571788038 49.42866058249207
  endloop
endfacet
facet normal -0.998412 -0.0563282 -0.000131592
  outer loop
    vertex -78.49742218650584 -8.89689328212159 51.54361843936898
    vertex -78.50007438736205 -8.873461623212538 61.63636363636365
    vertex -79 0 56.36363636363637
  endloop
endfacet
facet normal -0.871773 -0.489384 -0.0226915
  outer loop
    vertex -68.71802704253946 -38.97220495918618 1.72938222315706
    vertex -71.51648996190386 -33.5617589456945 -7.444079658282561
    vertex -65.73148526661461 -43.82204747207536 -8.413297055989403
  endloop
endfacet
facet normal 0.425454 -0.90473 0.0212538
  outer loop
    vertex 28.44760818332852 -73.70029571614907 20.43199248417989
    vertex 33.57108531006636 -71.51211247826654 11.01765656417378
    vertex 38.60961623769189 -68.92240226499769 20.39590387914784
  endloop
endfacet
facet normal 0.0737316 -0.997071 -0.0203177
  outer loop
    vertex 0.369534609904698 -78.99913571788038 49.42866058249207
    vertex 11.18877074800278 -78.20365342583834 49.6534500516893
    vertex 5.593000762147748 -78.80176611266155 58.6985652182214
  endloop
endfacet
facet normal -0.998525 -0.0542504 0.00219231
  outer loop
    vertex -78.55932267125627 -8.332635923490209 8.698241426039615
    vertex -78.51217573875044 -8.76574359467385 19.45454545454547
    vertex -79 0 14.18181818181819
  endloop
endfacet
facet normal -0.131013 -0.991091 0.0239636
  outer loop
    vertex -10.22315651599016 -78.33573303958781 30.33939694312342
    vertex -4.540515266519583 -78.86940928594878 39.33553520429997
    vertex -16.14407896383213 -77.33284369793699 39.44637110960988
  endloop
endfacet
facet normal -0.13323 -0.990918 0.0182063
  outer loop
    vertex -5.200320612378905 -78.82865383557217 1.288025459968722
    vertex -15.823046129134 -77.39916802650592 1.355841561324922
    vertex -11.2498803740298 -78.19488596813744 -8.487305426646969
  endloop
endfacet
facet normal -0.901774 -0.431722 0.020469
  outer loop
    vertex -73.46216024354648 -29.05703034295659 1.849826217606633
    vertex -71.51648996190386 -33.5617589456945 -7.444079658282561
    vertex -68.71802704253946 -38.97220495918618 1.72938222315706
  endloop
endfacet
facet normal 0.0103745 -0.999745 0.0200696
  outer loop
    vertex 6.188905939260635 -78.75720565938703 39.37852637640535
    vertex -4.540515266519583 -78.86940928594878 39.33553520429997
    vertex 1.041905239479306 -78.99312902697262 30.286895112317
  endloop
endfacet
facet normal -0.90134 -0.432628 -0.020488
  outer loop
    vertex -68.6910743424525 -39.01969125556563 59.35850084045433
    vertex -71.36224845797324 -33.88848617189171 68.52153933664376
    vertex -73.43129493082026 -29.13494336330329 59.16961568453466
  endloop
endfacet
facet normal 0.0105273 -0.999783 -0.0179714
  outer loop
    vertex 0.369534609904698 -78.99913571788038 49.42866058249207
    vertex -4.540515266519583 -78.86940928594878 39.33553520429997
    vertex 6.188905939260635 -78.75720565938703 39.37852637640535
  endloop
endfacet
facet normal -0.214509 -0.976518 0.0199827
  outer loop
    vertex -16.14407896383213 -77.33284369793699 39.44637110960988
    vertex -11.28404235599251 -78.18996347427314 49.73165650183012
    vertex -22.33024779333422 -75.77836124836887 49.00419398628015
  endloop
endfacet
facet normal -0.27333 -0.96167 0.0219614
  outer loop
    vertex -16.14407896383213 -77.33284369793699 39.44637110960988
    vertex -26.93659885189086 -74.26587131578214 39.42334106918818
    vertex -21.22256207484514 -76.09601079543752 30.39971129625221
  endloop
endfacet
facet normal -0.129473 -0.991353 0.0213429
  outer loop
    vertex -15.79240644911567 -77.40542551104495 20.62654173721099
    vertex -10.28108382458965 -78.32815148713622 11.20045896976394
    vertex -4.632307062919656 -78.86407123192933 20.57495883702545
  endloop
endfacet
facet normal 0.359407 -0.932939 -0.0212473
  outer loop
    vertex 28.44760818332852 -73.70029571614907 20.43199248417989
    vertex 23.1043759400809 -75.54593180588489 11.08829237021337
    vertex 33.57108531006636 -71.51211247826654 11.01765656417378
  endloop
endfacet
facet normal -0.965373 -0.260803 0.00607982
  outer loop
    vertex -75.25914752076751 -24.02208805344265 30.25128502850741
    vertex -77.16028139160726 -16.94966004284416 31.76592796476234
    vertex -76.74561725653948 -18.73793563637012 20.89678484267566
  endloop
endfacet
facet normal 0.997488 -0.0681387 0.0193678
  outer loop
    vertex 78.20209817842596 -11.19963573031853 68.60099079944982
    vertex 78.57120349765651 -8.219852853296675 60.07451037225827
    vertex 79 9.674709713264091e-15 66.90909090909092
  endloop
endfacet
facet normal -0.526764 -0.849741 0.0214241
  outer loop
    vertex -41.79582425215508 -67.03811658364937 30.4956600445212
    vertex -36.85177487372819 -69.87808446613327 39.4160443379652
    vertex -46.39673116517054 -63.94015434128145 40.24507918587936
  endloop
endfacet
facet normal -0.0698613 -0.997276 -0.0236497
  outer loop
    vertex -5.663327504857413 -78.7967430898811 58.71514712377081
    vertex -11.28404235599251 -78.18996347427314 49.73165650183012
    vertex 0.369534609904698 -78.99913571788038 49.42866058249207
  endloop
endfacet
facet normal -0.998417 -0.0562502 0
  outer loop
    vertex -79 0 56.36363636363637
    vertex -78.50007438736205 -8.873461623212538 61.63636363636365
    vertex -79 0 66.90909090909092
  endloop
endfacet
facet normal -0.0592395 -0.998015 -0.0213585
  outer loop
    vertex -10.28108382458965 -78.32815148713622 11.20045896976394
    vertex 0.9529122430327615 -78.99425269130077 11.16689723153614
    vertex -4.632307062919656 -78.86407123192933 20.57495883702545
  endloop
endfacet
facet normal 0.0127818 -0.999689 0.021421
  outer loop
    vertex -4.632307062919656 -78.86407123192933 20.57495883702545
    vertex 0.9529122430327615 -78.99425269130077 11.16689723153614
    vertex 6.63316127500701 -78.7210338569035 20.52829320241963
  endloop
endfacet
facet normal 0.212541 -0.97692 -0.0213065
  outer loop
    vertex 22.26890700954839 -75.79641007725951 -8.487730438919101
    vertex 16.87943432879754 -77.17567425516808 0.9904364496919698
    vertex 11.23543767030047 -78.19696247525727 -8.483839458251808
  endloop
endfacet
facet normal 0.292946 -0.955892 0.0212926
  outer loop
    vertex 17.71815686884364 -76.98744649078218 20.47828250495901
    vertex 23.1043759400809 -75.54593180588489 11.08829237021337
    vertex 28.44760818332852 -73.70029571614907 20.43199248417989
  endloop
endfacet
facet normal -0.340808 -0.939947 0.0186768
  outer loop
    vertex -27.6076701883287 -74.0190282749812 -18.24059135975021
    vertex -21.8442873075234 -75.91987297161641 -8.736215172174113
    vertex -32.00609176014487 -72.22610393923506 -8.268934819627802
  endloop
endfacet
facet normal -0.273255 -0.961724 -0.0204459
  outer loop
    vertex -22.33024779333422 -75.77836124836887 49.00419398628015
    vertex -26.93659885189086 -74.26587131578214 39.42334106918818
    vertex -16.14407896383213 -77.33284369793699 39.44637110960988
  endloop
endfacet
facet normal -0.90845 -0.417552 -0.0192147
  outer loop
    vertex -71.86092763300698 -32.81778602714897 88
    vertex -73.85745940113863 -28.03704140613197 78.50424621714376
    vertex -69.33664017581322 -37.86066995088446 78.24059135975021
  endloop
endfacet
facet normal 0.55036 -0.834655 -0.0213209
  outer loop
    vertex 48.07141200987846 -62.69082347023775 58.97681965322185
    vertex 43.56636727972772 -65.90122640776778 68.36574753949641
    vertex 38.70970309868174 -68.8662390871747 59.07190039533023
  endloop
endfacet
facet normal -0.997651 -0.06701 0.0142064
  outer loop
    vertex -78.46682005040779 -9.16286806501777 29.49531450287918
    vertex -78.14899088465704 -11.56439465384123 40.48727585404942
    vertex -79 0 35.27272727272728
  endloop
endfacet
facet normal 0.986206 -0.165369 0.00712539
  outer loop
    vertex 78.20209817842596 -11.19963573031853 68.60099079944982
    vertex 78.46529352629838 -9.175931115251302 79.13980725606596
    vertex 77.1946024117216 -16.79265787468517 78.2405913597502
  endloop
endfacet
facet normal -0.342337 -0.939385 -0.0190182
  outer loop
    vertex -32.00609176014487 -72.22610393923506 -8.268934819627802
    vertex -21.8442873075234 -75.91987297161641 -8.736215172174113
    vertex -26.72944943092821 -74.34067885834411 1.196305220580129
  endloop
endfacet
facet normal -0.930058 -0.366907 0.0192715
  outer loop
    vertex -73.43129493082026 -29.13494336330329 59.16961568453466
    vertex -71.36224845797324 -33.88848617189171 68.52153933664376
    vertex -75.28484000086416 -23.94144661553023 68.59419046592492
  endloop
endfacet
facet normal -0.998455 -0.0555652 0
  outer loop
    vertex -79 0 14.18181818181819
    vertex -78.51217573875044 -8.76574359467385 19.45454545454547
    vertex -79 0 24.72727272727273
  endloop
endfacet
facet normal -0.99768 -0.0662979 -0.0154457
  outer loop
    vertex -79 0 45.81818181818183
    vertex -78.14899088465704 -11.56439465384123 40.48727585404942
    vertex -78.49742218650584 -8.89689328212159 51.54361843936898
  endloop
endfacet
facet normal -0.210345 -0.977437 0.0192888
  outer loop
    vertex -11.2498803740298 -78.19488596813744 -8.487305426646969
    vertex -21.8442873075234 -75.91987297161641 -8.736215172174113
    vertex -16.79654391201588 -77.19375695360165 -18.24287624122285
  endloop
endfacet
facet normal -0.698988 -0.71491 -0.0179038
  outer loop
    vertex -58.90625499186805 -52.64079333400116 68.51208936674007
    vertex -51.33463796072195 -60.04793872766663 68.67807903120703
    vertex -55.86143571373729 -55.86143571373722 78.2405913597502
  endloop
endfacet
facet normal -0.989245 -0.145025 0.0190242
  outer loop
    vertex -77.1946024117216 -16.79265787468513 -18.2405913597502
    vertex -78.6697095607264 -7.216425543920819 -21.94373078547099
    vertex -78.19589390859369 -11.24287222358954 -28
  endloop
endfacet
facet normal -0.269668 -0.962722 -0.021103
  outer loop
    vertex -26.72944943092821 -74.34067885834411 1.196305220580129
    vertex -15.823046129134 -77.39916802650592 1.355841561324922
    vertex -21.31146295290185 -76.07116107176945 10.90658695119269
  endloop
endfacet
facet normal -0.800371 -0.59915 0.0206464
  outer loop
    vertex -66.45902909366335 -42.71062457899215 88
    vertex -63.19912055126738 -47.4011725756481 78.25462034630898
    vertex -59.70421637398645 -51.73399798167746 88
  endloop
endfacet
facet normal -0.74537 -0.666304 -0.0215028
  outer loop
    vertex -55.04478939655048 -56.66631415831988 59.39703535803135
    vertex -58.90625499186805 -52.64079333400116 68.51208936674007
    vertex -62.46100778248009 -48.36964447664425 59.38405759266869
  endloop
endfacet
facet normal -0.538625 -0.842326 -0.0192277
  outer loop
    vertex -42.74901807273112 -66.43433941733227 68.50273567240002
    vertex -46.94667434212388 -63.53746743626604 59.18544574993437
    vertex -37.86697812828744 -69.33319527781623 58.73533570275308
  endloop
endfacet
facet normal -0.998651 -0.0519199 0
  outer loop
    vertex -79 0 66.90909090909092
    vertex -78.57408337066101 -8.192278221618906 72.14799491383377
    vertex -79 0 77.45454545454547
  endloop
endfacet
facet normal -0.998526 -0.0541646 -0.00352028
  outer loop
    vertex -78.50007438736205 -8.873461623212538 61.63636363636365
    vertex -78.57408337066101 -8.192278221618906 72.14799491383377
    vertex -79 0 66.90909090909092
  endloop
endfacet
facet normal -0.596978 -0.802039 -0.0187293
  outer loop
    vertex -47.36123536801164 -63.22905490686859 78.25372627820597
    vertex -51.33463796072195 -60.04793872766663 68.67807903120703
    vertex -42.74901807273112 -66.43433941733227 68.50273567240002
  endloop
endfacet
facet normal -0.477972 -0.878153 -0.0197394
  outer loop
    vertex -37.86697812828744 -69.33319527781623 58.73533570275308
    vertex -42.3706610344904 -66.67628576563273 49.58929596996721
    vertex -32.83399284549316 -71.85352401811691 48.98862053059543
  endloop
endfacet
facet normal 0.224477 -0.974229 -0.0221137
  outer loop
    vertex 23.18791131420934 -75.52033347969514 30.16631606245652
    vertex 17.80977236509115 -76.96630436953326 39.27555719536174
    vertex 12.21501701014368 -78.04994144419264 30.22314133173766
  endloop
endfacet
facet normal -0.997303 -0.0733903 0
  outer loop
    vertex -79 0 35.27272727272728
    vertex -78.14899088465704 -11.56439465384123 40.48727585404942
    vertex -79 0 45.81818181818183
  endloop
endfacet
facet normal -0.931715 -0.362678 -0.0192647
  outer loop
    vertex -75.3944120500057 -23.59412281976077 -7.543939752511562
    vertex -71.51648996190386 -33.5617589456945 -7.444079658282561
    vertex -73.46216024354648 -29.05703034295659 1.849826217606633
  endloop
endfacet
facet normal 0.141741 -0.989654 0.022247
  outer loop
    vertex 5.593000762147748 -78.80176611266155 58.6985652182214
    vertex 11.18877074800278 -78.20365342583834 49.6534500516893
    vertex 16.74924647609883 -77.20403320088201 58.69417774140009
  endloop
endfacet
facet normal 0.998514 -0.0541161 -0.00639116
  outer loop
    vertex 79 9.674709713264091e-15 35.27272727272728
    vertex 78.60746291030743 -7.865543516162228 40.54545454545455
    vertex 78.47212051469828 -9.117362662890502 30
  endloop
endfacet
facet normal 0.99801 -0.0608627 0.0164929
  outer loop
    vertex 78.26439291547742 -10.75568694095217 50.63980348769314
    vertex 78.60746291030743 -7.865543516162228 40.54545454545455
    vertex 79 9.674709713264091e-15 45.81818181818183
  endloop
endfacet
facet normal -0.966873 -0.255121 0.00834514
  outer loop
    vertex -75.30092046458977 -23.89082202825024 11.41626094414684
    vertex -77.34247351619557 -16.09788154996138 13.1202066622093
    vertex -76.78572801122307 -18.57288275380189 1.961320809050051
  endloop
endfacet
facet normal -0.0583472 -0.998046 -0.0223504
  outer loop
    vertex 1.041905239479306 -78.99312902697262 30.286895112317
    vertex -4.540515266519583 -78.86940928594878 39.33553520429997
    vertex -10.22315651599016 -78.33573303958781 30.33939694312342
  endloop
endfacet
facet normal -0.646579 -0.762615 0.0187812
  outer loop
    vertex -50.86482540924752 -60.44641872010919 49.80831959020119
    vertex -46.94667434212388 -63.53746743626604 59.18544574993437
    vertex -55.04478939655048 -56.66631415831988 59.39703535803135
  endloop
endfacet
facet normal -0.987612 -0.156509 -0.0113243
  outer loop
    vertex -78.5339543007769 -8.568431705013754 -15.09758966171367
    vertex -78.6697095607264 -7.216425543920819 -21.94373078547099
    vertex -77.1946024117216 -16.79265787468513 -18.2405913597502
  endloop
endfacet
facet normal -0.647151 -0.762126 -0.0189846
  outer loop
    vertex -55.04478939655048 -56.66631415831988 59.39703535803135
    vertex -46.94667434212388 -63.53746743626604 59.18544574993437
    vertex -51.33463796072195 -60.04793872766663 68.67807903120703
  endloop
endfacet
facet normal -0.142659 -0.989518 0.022422
  outer loop
    vertex -16.82754365545374 -77.18700521800154 58.72344933356634
    vertex -11.28404235599251 -78.18996347427314 49.73165650183012
    vertex -5.663327504857413 -78.7967430898811 58.71514712377081
  endloop
endfacet
facet normal -0.336581 -0.941393 -0.0222032
  outer loop
    vertex -21.22256207484514 -76.09601079543752 30.39971129625221
    vertex -26.93659885189086 -74.26587131578214 39.42334106918818
    vertex -31.82002031563033 -72.30827274325443 30.45146094394633
  endloop
endfacet
facet normal -0.537253 -0.843193 0.0196072
  outer loop
    vertex -46.94667434212388 -63.53746743626604 59.18544574993437
    vertex -42.3706610344904 -66.67628576563273 49.58929596996721
    vertex -37.86697812828744 -69.33319527781623 58.73533570275308
  endloop
endfacet
facet normal -0.404604 -0.914257 0.0207428
  outer loop
    vertex -26.93659885189086 -74.26587131578214 39.42334106918818
    vertex -36.85177487372819 -69.87808446613327 39.4160443379652
    vertex -31.82002031563033 -72.30827274325443 30.45146094394633
  endloop
endfacet
facet normal -0.467075 -0.88393 -0.022543
  outer loop
    vertex -31.82002031563033 -72.30827274325443 30.45146094394633
    vertex -36.85177487372819 -69.87808446613327 39.4160443379652
    vertex -41.79582425215508 -67.03811658364937 30.4956600445212
  endloop
endfacet
facet normal -0.596473 -0.802402 0.0192471
  outer loop
    vertex -51.33463796072195 -60.04793872766663 68.67807903120703
    vertex -46.94667434212388 -63.53746743626604 59.18544574993437
    vertex -42.74901807273112 -66.43433941733227 68.50273567240002
  endloop
endfacet
facet normal -0.98579 -0.167782 -0.00815331
  outer loop
    vertex -78.46682005040779 -9.16286806501777 29.49531450287918
    vertex -77.16028139160726 -16.94966004284416 31.76592796476234
    vertex -78.14899088465704 -11.56439465384123 40.48727585404942
  endloop
endfacet
facet normal 0.998642 -0.0520951 0
  outer loop
    vertex 79 9.674709713264091e-15 66.90909090909092
    vertex 78.57120349765651 -8.219852853296675 60.07451037225827
    vertex 79 9.674709713264091e-15 56.36363636363637
  endloop
endfacet
facet normal -0.591623 -0.806003 -0.0184841
  outer loop
    vertex -50.86482540924752 -60.44641872010919 49.80831959020119
    vertex -42.3706610344904 -66.67628576563273 49.58929596996721
    vertex -46.94667434212388 -63.53746743626604 59.18544574993437
  endloop
endfacet
facet normal -0.998655 -0.0518383 0
  outer loop
    vertex -79 0 -6.909090909090907
    vertex -78.57542018639424 -8.179446346274855 -0.004219104994788836
    vertex -79 0 3.63636363636364
  endloop
endfacet
facet normal -0.591003 -0.806458 0.0184974
  outer loop
    vertex -46.39673116517054 -63.94015434128145 40.24507918587936
    vertex -42.3706610344904 -66.67628576563273 49.58929596996721
    vertex -50.86482540924752 -60.44641872010919 49.80831959020119
  endloop
endfacet
facet normal 0.986098 -0.165947 -0.0085381
  outer loop
    vertex 77.1946024117216 -16.7926578746851 -18.24059135975023
    vertex 78.45775125073317 -9.240198519408498 -19.14437105301992
    vertex 78.09317971030815 -11.93546323916744 -8.864946113233728
  endloop
endfacet
facet normal 0.998588 -0.0522443 0.00963523
  outer loop
    vertex 78.47212051469828 -9.117362662890502 30
    vertex 78.67819953164272 -7.123265996648962 19.45454545454547
    vertex 79 9.674709713264091e-15 24.72727272727273
  endloop
endfacet
facet normal -0.985913 -0.16617 0.0190274
  outer loop
    vertex -76.78572801122307 -18.57288275380189 1.961320809050051
    vertex -78.57542018639424 -8.179446346274855 -0.004219104994788836
    vertex -77.61620126002519 -14.72159305113627 -7.435867877947359
  endloop
endfacet
facet normal 0.998057 -0.0592813 -0.0191743
  outer loop
    vertex 79 9.674709713264091e-15 14.18181818181819
    vertex 78.67819953164272 -7.123265996648962 19.45454545454547
    vertex 78.27439865730504 -10.68262677609219 9.440474822334124
  endloop
endfacet
facet normal 0.987433 -0.157558 -0.0123171
  outer loop
    vertex 77.15269837628728 -16.98414358328496 58.46730177962447
    vertex 78.57120349765651 -8.219852853296675 60.07451037225827
    vertex 78.20209817842596 -11.19963573031853 68.60099079944982
  endloop
endfacet
facet normal -0.699386 -0.714484 0.0192555
  outer loop
    vertex -55.04478939655048 -56.66631415831988 59.39703535803135
    vertex -51.33463796072195 -60.04793872766663 68.67807903120703
    vertex -58.90625499186805 -52.64079333400116 68.51208936674007
  endloop
endfacet
facet normal -0.966191 -0.257709 -0.00775298
  outer loop
    vertex -76.74795749255063 -18.72834805105996 59.1119155190322
    vertex -77.2730713883571 -16.42779468491948 48.08211371165788
    vertex -75.26527826052613 -24.00287250238129 49.66300764787459
  endloop
endfacet
facet normal -0.997192 -0.0713205 0.0228572
  outer loop
    vertex -79 0 88
    vertex -78.61822570582832 -7.757228040185113 80.45104834541081
    vertex -78.19589390859369 -11.24287222358951 88
  endloop
endfacet
facet normal -0.981686 -0.190402 0.00627904
  outer loop
    vertex -78.14899088465704 -11.56439465384123 40.48727585404942
    vertex -77.16028139160726 -16.94966004284416 31.76592796476234
    vertex -76.80979788115062 -18.47308716638318 40.3662118776024
  endloop
endfacet
facet normal -0.998791 -0.0491558 0
  outer loop
    vertex -79 0 77.45454545454547
    vertex -78.61822570582832 -7.757228040185113 80.45104834541081
    vertex -79 0 88
  endloop
endfacet
facet normal 0.987427 -0.157819 -0.00901402
  outer loop
    vertex 77.28729833299472 -16.360730924585 0.7229857757798186
    vertex 78.56407431354464 -8.287715442498968 -0.7578373906475804
    vertex 78.27439865730504 -10.68262677609219 9.440474822334124
  endloop
endfacet
facet normal -0.986374 -0.164293 0.00855333
  outer loop
    vertex -78.14899088465704 -11.56439465384123 40.48727585404942
    vertex -77.2730713883571 -16.42779468491948 48.08211371165788
    vertex -78.49742218650584 -8.89689328212159 51.54361843936898
  endloop
endfacet
facet normal -0.96604 -0.258312 -0.00638805
  outer loop
    vertex -76.80979788115062 -18.47308716638318 40.3662118776024
    vertex -77.16028139160726 -16.94966004284416 31.76592796476234
    vertex -75.25914752076751 -24.02208805344265 30.25128502850741
  endloop
endfacet
facet normal -0.988028 -0.154153 0.006104
  outer loop
    vertex -78.57408337066101 -8.192278221618906 72.14799491383377
    vertex -77.46971615493685 -15.47394839313861 67.0124243490871
    vertex -77.1946024117216 -16.79265787468513 78.24059135975021
  endloop
endfacet
facet normal 0.998757 -0.0498439 0
  outer loop
    vertex 79 9.674709713264091e-15 45.81818181818183
    vertex 78.60746291030743 -7.865543516162228 40.54545454545455
    vertex 79 9.674709713264091e-15 35.27272727272728
  endloop
endfacet
facet normal 0.998094 -0.0600529 0.0142476
  outer loop
    vertex 78.27439865730504 -10.68262677609219 9.440474822334124
    vertex 78.56407431354464 -8.287715442498968 -0.7578373906475804
    vertex 79 9.674709713264091e-15 3.63636363636364
  endloop
endfacet
facet normal 0.99862 -0.0525264 0
  outer loop
    vertex 79 9.674709713264091e-15 3.63636363636364
    vertex 78.56407431354464 -8.287715442498968 -0.7578373906475804
    vertex 79 9.674709713264091e-15 -6.909090909090907
  endloop
endfacet
facet normal -0.987462 -0.157635 -0.00831495
  outer loop
    vertex -77.61620126002519 -14.72159305113627 -7.435867877947359
    vertex -78.5339543007769 -8.568431705013754 -15.09758966171367
    vertex -77.1946024117216 -16.79265787468513 -18.2405913597502
  endloop
endfacet
facet normal -0.981718 -0.190148 -0.00854017
  outer loop
    vertex -76.80979788115062 -18.47308716638318 40.3662118776024
    vertex -77.2730713883571 -16.42779468491948 48.08211371165788
    vertex -78.14899088465704 -11.56439465384123 40.48727585404942
  endloop
endfacet
facet normal 0.986758 -0.161798 0.0113988
  outer loop
    vertex 78.26439291547742 -10.75568694095217 50.63980348769314
    vertex 78.57120349765651 -8.219852853296675 60.07451037225827
    vertex 77.15269837628728 -16.98414358328496 58.46730177962447
  endloop
endfacet
facet normal 0.998093 -0.0594997 -0.0164652
  outer loop
    vertex 79 9.674709713264091e-15 56.36363636363637
    vertex 78.57120349765651 -8.219852853296675 60.07451037225827
    vertex 78.26439291547742 -10.75568694095217 50.63980348769314
  endloop
endfacet
facet normal 0.998981 -0.0451299 0
  outer loop
    vertex 79 9.674709713264091e-15 24.72727272727273
    vertex 78.67819953164272 -7.123265996648962 19.45454545454547
    vertex 79 9.674709713264091e-15 14.18181818181819
  endloop
endfacet
facet normal -0.987771 -0.155897 -0.00194769
  outer loop
    vertex -78.55932267125627 -8.332635923490209 8.698241426039615
    vertex -77.34247351619557 -16.09788154996138 13.1202066622093
    vertex -78.51217573875044 -8.76574359467385 19.45454545454547
  endloop
endfacet
facet normal -0.998634 -0.05225 0.00092748
  outer loop
    vertex -79 0 3.63636363636364
    vertex -78.57542018639424 -8.179446346274855 -0.004219104994788836
    vertex -78.55932267125627 -8.332635923490209 8.698241426039615
  endloop
endfacet
facet normal -0.988259 -0.152059 -0.0149228
  outer loop
    vertex -78.19589390859369 -11.24287222358951 88
    vertex -78.61822570582832 -7.757228040185113 80.45104834541081
    vertex -77.1946024117216 -16.79265787468513 78.24059135975021
  endloop
endfacet
facet normal -0.996985 -0.0713058 -0.0305928
  outer loop
    vertex -78.19589390859369 -11.24287222358954 -28
    vertex -78.6697095607264 -7.216425543920819 -21.94373078547099
    vertex -79 0 -28
  endloop
endfacet
facet normal 0.986491 -0.16361 -0.00817284
  outer loop
    vertex 77.1946024117216 -16.79265787468517 78.2405913597502
    vertex 78.46529352629838 -9.175931115251302 79.13980725606596
    vertex 78.19589390859369 -11.24287222358954 88
  endloop
endfacet
facet normal 0.986423 -0.164031 0.00792691
  outer loop
    vertex 78.19589390859369 -11.24287222358951 -28
    vertex 78.45775125073317 -9.240198519408498 -19.14437105301992
    vertex 77.1946024117216 -16.7926578746851 -18.24059135975023
  endloop
endfacet
facet normal 0.987989 -0.154065 0.0119341
  outer loop
    vertex 78.09317971030815 -11.93546323916744 -8.864946113233728
    vertex 78.56407431354464 -8.287715442498968 -0.7578373906475804
    vertex 77.28729833299472 -16.360730924585 0.7229857757798186
  endloop
endfacet
facet normal -0.968802 -0.247471 0.0134333
  outer loop
    vertex -75.28484000086416 -23.94144661553023 68.59419046592492
    vertex -77.46971615493685 -15.47394839313861 67.0124243490871
    vertex -76.74795749255063 -18.72834805105996 59.1119155190322
  endloop
endfacet
facet normal -0.984948 -0.171994 0.0172055
  outer loop
    vertex -78.51217573875044 -8.76574359467385 19.45454545454547
    vertex -77.34247351619557 -16.09788154996138 13.1202066622093
    vertex -76.74561725653948 -18.73793563637012 20.89678484267566
  endloop
endfacet
facet normal -0.967883 -0.25116 -0.0109803
  outer loop
    vertex -76.74561725653948 -18.73793563637012 20.89678484267566
    vertex -77.34247351619557 -16.09788154996138 13.1202066622093
    vertex -75.30092046458977 -23.89082202825024 11.41626094414684
  endloop
endfacet
facet normal -0.967062 -0.254368 0.00936289
  outer loop
    vertex -75.26527826052613 -24.00287250238129 49.66300764787459
    vertex -77.2730713883571 -16.42779468491948 48.08211371165788
    vertex -76.80979788115062 -18.47308716638318 40.3662118776024
  endloop
endfacet
facet normal -0.988386 -0.151939 0.00288716
  outer loop
    vertex -78.50007438736205 -8.873461623212538 61.63636363636365
    vertex -77.46971615493685 -15.47394839313861 67.0124243490871
    vertex -78.57408337066101 -8.192278221618906 72.14799491383377
  endloop
endfacet
facet normal -0.985233 -0.170054 -0.0199579
  outer loop
    vertex -76.74795749255063 -18.72834805105996 59.1119155190322
    vertex -77.46971615493685 -15.47394839313861 67.0124243490871
    vertex -78.50007438736205 -8.873461623212538 61.63636363636365
  endloop
endfacet
facet normal -0.987699 -0.156341 0.00294073
  outer loop
    vertex -77.1946024117216 -16.79265787468513 78.24059135975021
    vertex -78.61822570582832 -7.757228040185113 80.45104834541081
    vertex -78.57408337066101 -8.192278221618906 72.14799491383377
  endloop
endfacet
facet normal -0.998954 -0.0457214 0
  outer loop
    vertex -79 0 -28
    vertex -78.6697095607264 -7.216425543920819 -21.94373078547099
    vertex -79 0 -17.45454545454547
  endloop
endfacet
facet normal -0.998736 -0.0501883 -0.00267999
  outer loop
    vertex -78.57408337066101 -8.192278221618906 72.14799491383377
    vertex -78.61822570582832 -7.757228040185113 80.45104834541081
    vertex -79 0 77.45454545454547
  endloop
endfacet
facet normal -0.998618 -0.051676 0.00959685
  outer loop
    vertex -79 0 -17.45454545454547
    vertex -78.6697095607264 -7.216425543920819 -21.94373078547099
    vertex -78.5339543007769 -8.568431705013754 -15.09758966171367
  endloop
endfacet
facet normal 0 0 -1
  outer loop
    vertex -46.15264495125 27.84076888689852 -28
    vertex -58.54032002364977 32.22861781984368 -28
    vertex -45.58195496113456 39.21741095083664 -28
  endloop
endfacet
facet normal 0 0 -1
  outer loop
    vertex 42.65338581300787 -33.65674672978469 -28
    vertex 52.20073402837095 -28.02888571360676 -28
    vertex 54.01053309910675 -40.71221490944976 -28
  endloop
endfacet
facet normal 0 -0 -1
  outer loop
    vertex -33.36352166149979 60.20200383435146 -28
    vertex -26.10050733457227 51.54369156119192 -28
    vertex -36.83338584301585 46.31456765797286 -28
  endloop
endfacet
facet normal 0 0 -1
  outer loop
    vertex -36.83338584301585 46.31456765797286 -28
    vertex -43.00981250732417 56.45281864751236 -28
    vertex -33.36352166149979 60.20200383435146 -28
  endloop
endfacet
facet normal -0 0 -1
  outer loop
    vertex -45.58195496113456 39.21741095083664 -28
    vertex -58.54032002364977 32.22861781984368 -28
    vertex -55.81685471133943 42.59097624101648 -28
  endloop
endfacet
facet normal 0 0 -1
  outer loop
    vertex -66.11487396853774 -14.77076181968876 -28
    vertex -54.94363003820116 -11.06946971313389 -28
    vertex -55.09866527536834 -23.57924645816328 -28
  endloop
endfacet
facet normal -0 0 -1
  outer loop
    vertex 54.01053309910675 -40.71221490944976 -28
    vertex 42.18261354484707 -44.68100285863887 -28
    vertex 42.65338581300787 -33.65674672978469 -28
  endloop
endfacet
facet normal 0 0 -1
  outer loop
    vertex -26.10050733457227 51.54369156119192 -28
    vertex -24.1837267368593 63.98206260765024 -28
    vertex -15.88875399458209 57.02629188513332 -28
  endloop
endfacet
facet normal 0 0 -1
  outer loop
    vertex -33.36352166149979 60.20200383435146 -28
    vertex -24.1837267368593 63.98206260765024 -28
    vertex -26.10050733457227 51.54369156119192 -28
  endloop
endfacet
facet normal 0 0 -1
  outer loop
    vertex -66.11487396853774 -14.77076181968876 -28
    vertex -55.09866527536834 -23.57924645816328 -28
    vertex -65.89338813087184 -25.30213804696142 -28
  endloop
endfacet
facet normal 0 0 -1
  outer loop
    vertex -45.58195496113456 39.21741095083664 -28
    vertex -50.40753247143536 49.58427627758788 -28
    vertex -36.83338584301585 46.31456765797286 -28
  endloop
endfacet
facet normal 0 0 -1
  outer loop
    vertex -24.07232653516863 -64.58504148397046 -28
    vertex -32.21022016499808 -63.74506584428052 -28
    vertex -26.57114021088274 -52.97142902001185 -28
  endloop
endfacet
facet normal 0 0 -1
  outer loop
    vertex -36.83338584301585 46.31456765797286 -28
    vertex -50.40753247143536 49.58427627758788 -28
    vertex -43.00981250732417 56.45281864751236 -28
  endloop
endfacet
facet normal 0 -0 -1
  outer loop
    vertex -56.27558790072284 21.22205788934777 -28
    vertex -55.4593025728835 11.26058186151883 -28
    vertex -66.0995307111081 14.65648994809199 -28
  endloop
endfacet
facet normal 0 -0 -1
  outer loop
    vertex -66.45902909366336 42.71062457899215 -28
    vertex -58.54032002364977 32.22861781984368 -28
    vertex -71.86092763300698 32.81778602714897 -28
  endloop
endfacet
facet normal 0 0 -1
  outer loop
    vertex -26.57114021088274 -52.97142902001185 -28
    vertex -32.21022016499808 -63.74506584428052 -28
    vertex -35.96456080592956 -56.65886508773134 -28
  endloop
endfacet
facet normal 0 0 -1
  outer loop
    vertex -26.57114021088274 -52.97142902001185 -28
    vertex -15.65103509051818 -57.34706501539436 -28
    vertex -24.07232653516863 -64.58504148397046 -28
  endloop
endfacet
facet normal 0 0 -1
  outer loop
    vertex 4.660010081562515 -68.46046951731454 -28
    vertex -5.735547063348908 -61.9885790684917 -28
    vertex 3.637530424390203 -56.27431306206166 -28
  endloop
endfacet
facet normal 0 0 -1
  outer loop
    vertex 15.36146581414576 67.38266988380386 -28
    vertex 3.955138814158036 67.43285790492079 -28
    vertex 11.24287222358948 78.19589390859369 -28
  endloop
endfacet
facet normal 0 0 -1
  outer loop
    vertex -37.25653854177018 -46.87222520122194 -28
    vertex -44.11517708554879 -55.91106846979147 -28
    vertex -48.81669557638246 -48.81669557638254 -28
  endloop
endfacet
facet normal -0 0 -1
  outer loop
    vertex 11.24287222358948 78.19589390859369 -28
    vertex 3.955138814158036 67.43285790492079 -28
    vertex -3.992024267575334e-14 79 -28
  endloop
endfacet
facet normal 0 0 -1
  outer loop
    vertex 51.68154783466646 -16.20934969108029 -28
    vertex 60.54883937344496 -10.35050383093275 -28
    vertex 60.68880708427862 -21.04649305600825 -28
  endloop
endfacet
facet normal 0 0 -1
  outer loop
    vertex -66.0995307111081 14.65648994809199 -28
    vertex -65.7343748699756 24.5822548304426 -28
    vertex -56.27558790072284 21.22205788934777 -28
  endloop
endfacet
facet normal 0 0 -1
  outer loop
    vertex 52.20073402837095 -28.02888571360676 -28
    vertex 62.3091976402187 -32.05277593779449 -28
    vertex 54.01053309910675 -40.71221490944976 -28
  endloop
endfacet
facet normal 0 0 -1
  outer loop
    vertex 60.68880708427862 -21.04649305600825 -28
    vertex 60.54883937344496 -10.35050383093275 -28
    vertex 69.02007904523316 -15.86364987694005 -28
  endloop
endfacet
facet normal 0 0 -1
  outer loop
    vertex -49.324625768085 -33.24178428094056 -28
    vertex -44.115095343734 -25.91144183726451 -28
    vertex -37.44554528613881 -33.78621058102942 -28
  endloop
endfacet
facet normal 0 0 -1
  outer loop
    vertex 60.5170728666235 0.7640756216983797 -28
    vertex 58.9075809234434 11.79996403180641 -28
    vertex 69.0469272615299 5.870455477486653 -28
  endloop
endfacet
facet normal 0 0 -1
  outer loop
    vertex -35.96456080592956 -56.65886508773134 -28
    vertex -44.11517708554879 -55.91106846979147 -28
    vertex -37.25653854177018 -46.87222520122194 -28
  endloop
endfacet
facet normal -0 0 -1
  outer loop
    vertex -37.44554528613881 -33.78621058102942 -28
    vertex -44.82202824049217 -40.87410761717153 -28
    vertex -49.324625768085 -33.24178428094056 -28
  endloop
endfacet
facet normal 0 0 -1
  outer loop
    vertex -48.81669557638246 -48.81669557638254 -28
    vertex -44.82202824049217 -40.87410761717153 -28
    vertex -37.25653854177018 -46.87222520122194 -28
  endloop
endfacet
facet normal 0 -0 -1
  outer loop
    vertex -54.94363003820116 -11.06946971313389 -28
    vertex -45.24085811592829 -16.67547997473705 -28
    vertex -55.09866527536834 -23.57924645816328 -28
  endloop
endfacet
facet normal 0 0 -1
  outer loop
    vertex -56.27558790072284 21.22205788934777 -28
    vertex -58.54032002364977 32.22861781984368 -28
    vertex -46.15264495125 27.84076888689852 -28
  endloop
endfacet
facet normal 0 0 -1
  outer loop
    vertex 3.637530424390203 -56.27431306206166 -28
    vertex 13.69536053216181 -61.34713220826795 -28
    vertex 4.660010081562515 -68.46046951731454 -28
  endloop
endfacet
facet normal -0 0 -1
  outer loop
    vertex -55.81685471133943 42.59097624101648 -28
    vertex -58.54032002364977 32.22861781984368 -28
    vertex -66.45902909366336 42.71062457899215 -28
  endloop
endfacet
facet normal 0 0 -1
  outer loop
    vertex 31.48768367904394 51.09951199793876 -28
    vertex 41.39727465752337 45.00083122260087 -28
    vertex 32.15131516633136 39.75477979269269 -28
  endloop
endfacet
facet normal 0 0 -1
  outer loop
    vertex -61.6230913326288 4.800670018070704 -28
    vertex -62.46279902260626 -4.609416608179544 -28
    vertex -69.66871022169954 3.463806753255598 -28
  endloop
endfacet
facet normal 0 0 -1
  outer loop
    vertex 58.9075809234434 11.79996403180641 -28
    vertex 58.50433600509931 22.87928983322641 -28
    vertex 67.84725401437282 16.41273590570037 -28
  endloop
endfacet
facet normal 0 -0 -1
  outer loop
    vertex -69.66871022169954 3.463806753255598 -28
    vertex -62.46279902260626 -4.609416608179544 -28
    vertex -71.08366193320079 -5.288222366727029 -28
  endloop
endfacet
facet normal 0 0 -1
  outer loop
    vertex 21.40507461551017 57.38268076451025 -28
    vertex 10.99401522271215 59.56055117616962 -28
    vertex 15.36146581414576 67.38266988380386 -28
  endloop
endfacet
facet normal -0 0 -1
  outer loop
    vertex -5.735547063348908 -61.9885790684917 -28
    vertex -14.00759094865177 -68.17342985072466 -28
    vertex -15.65103509051818 -57.34706501539436 -28
  endloop
endfacet
facet normal 0 0 -1
  outer loop
    vertex 69.0469272615299 5.870455477486653 -28
    vertex 58.9075809234434 11.79996403180641 -28
    vertex 67.84725401437282 16.41273590570037 -28
  endloop
endfacet
facet normal 0 0 -1
  outer loop
    vertex 42.71062457899226 -66.45902909366328 -28
    vertex 42.00068334290906 -55.28255750529215 -28
    vertex 51.73399798167758 -59.70421637398635 -28
  endloop
endfacet
facet normal 0 0 -1
  outer loop
    vertex -71.86092763300698 32.81778602714897 -28
    vertex -58.54032002364977 32.22861781984368 -28
    vertex -65.7343748699756 24.5822548304426 -28
  endloop
endfacet
facet normal 0 0 -1
  outer loop
    vertex 54.01053309910675 -40.71221490944976 -28
    vertex 50.1164157936456 -50.29731559586986 -28
    vertex 42.18261354484707 -44.68100285863887 -28
  endloop
endfacet
facet normal -0 0 -1
  outer loop
    vertex 4.660010081562515 -68.46046951731454 -28
    vertex -5.086892788812518 -71.12405471235259 -28
    vertex -5.735547063348908 -61.9885790684917 -28
  endloop
endfacet
facet normal 0 0 -1
  outer loop
    vertex -42.71062457899227 66.45902909366328 -28
    vertex -43.00981250732417 56.45281864751236 -28
    vertex -51.73399798167758 59.70421637398635 -28
  endloop
endfacet
facet normal -0 0 -1
  outer loop
    vertex -33.36352166149979 60.20200383435146 -28
    vertex -43.00981250732417 56.45281864751236 -28
    vertex -42.71062457899227 66.45902909366328 -28
  endloop
endfacet
facet normal -0 0 -1
  outer loop
    vertex -6.360512539154355 -50.63194339428121 -28
    vertex -15.65103509051818 -57.34706501539436 -28
    vertex -16.18681790233243 -45.04406312844504 -28
  endloop
endfacet
facet normal 0 0 -1
  outer loop
    vertex 15.36146581414576 67.38266988380386 -28
    vertex 24.58630729423142 66.44131222978586 -28
    vertex 21.40507461551017 57.38268076451025 -28
  endloop
endfacet
facet normal 0 0 -1
  outer loop
    vertex 67.84725401437282 16.41273590570037 -28
    vertex 58.50433600509931 22.87928983322641 -28
    vertex 66.72277992416014 25.73866627615402 -28
  endloop
endfacet
facet normal 0 0 -1
  outer loop
    vertex 41.91514190574694 55.61823115191361 -28
    vertex 41.39727465752337 45.00083122260087 -28
    vertex 31.48768367904394 51.09951199793876 -28
  endloop
endfacet
facet normal 0 0 -1
  outer loop
    vertex -54.94363003820116 -11.06946971313389 -28
    vertex -45.49865091392011 -5.556964056183034 -28
    vertex -45.24085811592829 -16.67547997473705 -28
  endloop
endfacet
facet normal 0 -0 -1
  outer loop
    vertex -16.18681790233243 -45.04406312844504 -28
    vertex -15.65103509051818 -57.34706501539436 -28
    vertex -26.57114021088274 -52.97142902001185 -28
  endloop
endfacet
facet normal 0 0 -1
  outer loop
    vertex -5.735547063348908 -61.9885790684917 -28
    vertex -15.65103509051818 -57.34706501539436 -28
    vertex -6.360512539154355 -50.63194339428121 -28
  endloop
endfacet
facet normal 0 0 -1
  outer loop
    vertex -15.88875399458209 57.02629188513332 -28
    vertex -24.1837267368593 63.98206260765024 -28
    vertex -14.67491941287962 67.45951581667256 -28
  endloop
endfacet
facet normal 0 -0 -1
  outer loop
    vertex -15.65103509051818 -57.34706501539436 -28
    vertex -14.00759094865177 -68.17342985072466 -28
    vertex -24.07232653516863 -64.58504148397046 -28
  endloop
endfacet
facet normal 0 -0 -1
  outer loop
    vertex -49.324625768085 -33.24178428094056 -28
    vertex -44.82202824049217 -40.87410761717153 -28
    vertex -55.27169344023267 -41.87783306254262 -28
  endloop
endfacet
facet normal 0 0 -1
  outer loop
    vertex -54.94363003820116 -11.06946971313389 -28
    vertex -55.07265352423252 0.07735255930541818 -28
    vertex -45.49865091392011 -5.556964056183034 -28
  endloop
endfacet
facet normal 0 0 -1
  outer loop
    vertex -45.49865091392011 -5.556964056183034 -28
    vertex -35.769684405131 -11.19709519660699 -28
    vertex -45.24085811592829 -16.67547997473705 -28
  endloop
endfacet
facet normal -0 0 -1
  outer loop
    vertex -16.27538004878269 -22.43415922929898 -28
    vertex -26.22918155651295 -28.03503826493457 -28
    vertex -25.99526085198095 -16.76335060468439 -28
  endloop
endfacet
facet normal 0 0 -1
  outer loop
    vertex -45.49865091392011 -5.556964056183034 -28
    vertex -35.8705094674105 0.03766537846981184 -28
    vertex -35.769684405131 -11.19709519660699 -28
  endloop
endfacet
facet normal 0 -0 -1
  outer loop
    vertex -35.769684405131 -11.19709519660699 -28
    vertex -35.48704119498011 -22.09541564832097 -28
    vertex -45.24085811592829 -16.67547997473705 -28
  endloop
endfacet
facet normal 0 0 -1
  outer loop
    vertex -35.8705094674105 0.03766537846981184 -28
    vertex -26.10772949352415 -5.557303614887754 -28
    vertex -35.769684405131 -11.19709519660699 -28
  endloop
endfacet
facet normal 0 0 -1
  outer loop
    vertex -35.8705094674105 0.03766537846981184 -28
    vertex -26.1830849148997 5.702732353772462 -28
    vertex -26.10772949352415 -5.557303614887754 -28
  endloop
endfacet
facet normal 0 0 -1
  outer loop
    vertex -26.1830849148997 5.702732353772462 -28
    vertex -16.3978805568271 0.1167256406904903 -28
    vertex -26.10772949352415 -5.557303614887754 -28
  endloop
endfacet
facet normal 0 0 -1
  outer loop
    vertex -35.8705094674105 0.03766537846981184 -28
    vertex -35.96324531089074 11.28301566242993 -28
    vertex -26.1830849148997 5.702732353772462 -28
  endloop
endfacet
facet normal 0 0 -1
  outer loop
    vertex -25.99526085198095 -16.76335060468439 -28
    vertex -26.22918155651295 -28.03503826493457 -28
    vertex -35.48704119498011 -22.09541564832097 -28
  endloop
endfacet
facet normal 0 -0 -1
  outer loop
    vertex -16.3978805568271 0.1167256406904903 -28
    vertex -16.33494487951998 -11.15220336970191 -28
    vertex -26.10772949352415 -5.557303614887754 -28
  endloop
endfacet
facet normal 0 0 -1
  outer loop
    vertex -26.25206468065824 16.96828435788864 -28
    vertex -36.02037122243132 22.54875025304083 -28
    vertex -26.32178293220497 28.23640057249449 -28
  endloop
endfacet
facet normal 0 0 -1
  outer loop
    vertex -16.3978805568271 0.1167256406904903 -28
    vertex -6.609896574958979 -5.467911064677898 -28
    vertex -16.33494487951998 -11.15220336970191 -28
  endloop
endfacet
facet normal 0 0 -1
  outer loop
    vertex -16.3978805568271 0.1167256406904903 -28
    vertex -6.673065242359712 5.802608800756037 -28
    vertex -6.609896574958979 -5.467911064677898 -28
  endloop
endfacet
facet normal 0 0 -1
  outer loop
    vertex -6.673065242359712 5.802608800756037 -28
    vertex 3.118527043604885 0.2202428233613776 -28
    vertex -6.609896574958979 -5.467911064677898 -28
  endloop
endfacet
facet normal 0 -0 -1
  outer loop
    vertex 3.118527043604885 0.2202428233613776 -28
    vertex 3.180191753588331 -11.0517177523135 -28
    vertex -6.609896574958979 -5.467911064677898 -28
  endloop
endfacet
facet normal 0 0 -1
  outer loop
    vertex -6.673065242359712 5.802608800756037 -28
    vertex 3.05590805484657 11.49140592622657 -28
    vertex 3.118527043604885 0.2202428233613776 -28
  endloop
endfacet
facet normal 0 0 -1
  outer loop
    vertex 3.118527043604885 0.2202428233613776 -28
    vertex 12.91047298264033 -5.361940331891192 -28
    vertex 3.180191753588331 -11.0517177523135 -28
  endloop
endfacet
facet normal 0 0 -1
  outer loop
    vertex -6.673065242359712 5.802608800756037 -28
    vertex -6.736625193512393 17.07309554360465 -28
    vertex 3.05590805484657 11.49140592622657 -28
  endloop
endfacet
facet normal 0 -0 -1
  outer loop
    vertex 12.91047298264033 -5.361940331891192 -28
    vertex 12.97270923902331 -16.63343406763484 -28
    vertex 3.180191753588331 -11.0517177523135 -28
  endloop
endfacet
facet normal 0 0 -1
  outer loop
    vertex -6.736625193512393 17.07309554360465 -28
    vertex 2.993208323063508 22.76253824808145 -28
    vertex 3.05590805484657 11.49140592622657 -28
  endloop
endfacet
facet normal -0 0 -1
  outer loop
    vertex 12.97270923902331 -16.63343406763484 -28
    vertex 3.242524085552747 -22.32313385675456 -28
    vertex 3.180191753588331 -11.0517177523135 -28
  endloop
endfacet
facet normal 0 0 -1
  outer loop
    vertex 12.91047298264033 -5.361940331891192 -28
    vertex 22.70288290527233 -10.94374441660102 -28
    vertex 12.97270923902331 -16.63343406763484 -28
  endloop
endfacet
facet normal 0 0 -1
  outer loop
    vertex 2.993208323063508 22.76253824808145 -28
    vertex 12.78576891907687 17.18085385130921 -28
    vertex 3.05590805484657 11.49140592622657 -28
  endloop
endfacet
facet normal 0 0 -1
  outer loop
    vertex -6.736625193512393 17.07309554360465 -28
    vertex -6.799233978448674 28.3443110522593 -28
    vertex 2.993208323063508 22.76253824808145 -28
  endloop
endfacet
facet normal 0 0 -1
  outer loop
    vertex -6.488151125560165 -28.01745880403742 -28
    vertex 3.30416035266778 -33.59370444935611 -28
    vertex -6.425367099539871 -39.29474979295361 -28
  endloop
endfacet
facet normal 0 -0 -1
  outer loop
    vertex 22.70288290527233 -10.94374441660102 -28
    vertex 22.76519325243395 -22.21517767583573 -28
    vertex 12.97270923902331 -16.63343406763484 -28
  endloop
endfacet
facet normal 0 0 -1
  outer loop
    vertex 2.993208323063508 22.76253824808145 -28
    vertex 12.72338980689224 28.45223266031035 -28
    vertex 12.78576891907687 17.18085385130921 -28
  endloop
endfacet
facet normal 0 0 -1
  outer loop
    vertex -6.736625193512393 17.07309554360465 -28
    vertex -16.52928539244335 22.65461997373147 -28
    vertex -6.799233978448674 28.3443110522593 -28
  endloop
endfacet
facet normal 0 0 -1
  outer loop
    vertex 22.70288290527233 -10.94374441660102 -28
    vertex 32.49536466582654 -16.52548980248341 -28
    vertex 22.76519325243395 -22.21517767583573 -28
  endloop
endfacet
facet normal 0 0 -1
  outer loop
    vertex -16.52928539244335 22.65461997373147 -28
    vertex -16.59178882269209 33.9260026127623 -28
    vertex -6.799233978448674 28.3443110522593 -28
  endloop
endfacet
facet normal 0 0 -1
  outer loop
    vertex 12.72338980689224 28.45223266031035 -28
    vertex 22.51589010787453 22.87050181695678 -28
    vertex 12.78576891907687 17.18085385130921 -28
  endloop
endfacet
facet normal 0 0 -1
  outer loop
    vertex -16.59178882269209 33.9260026127623 -28
    vertex -6.861608293439127 39.61569582103016 -28
    vertex -6.799233978448674 28.3443110522593 -28
  endloop
endfacet
facet normal 0 -0 -1
  outer loop
    vertex 32.49536466582654 -16.52548980248341 -28
    vertex 32.55768980859204 -27.79691104973398 -28
    vertex 22.76519325243395 -22.21517767583573 -28
  endloop
endfacet
facet normal 0 0 -1
  outer loop
    vertex -16.52928539244335 22.65461997373147 -28
    vertex -26.32178293220497 28.23640057249449 -28
    vertex -16.59178882269209 33.9260026127623 -28
  endloop
endfacet
facet normal 0 0 -1
  outer loop
    vertex 22.70288290527233 -10.94374441660102 -28
    vertex 32.43303612136793 -5.254071671618432 -28
    vertex 32.49536466582654 -16.52548980248341 -28
  endloop
endfacet
facet normal 0 0 -1
  outer loop
    vertex 12.72338980689224 28.45223266031035 -28
    vertex 22.45355061634375 34.14191114864802 -28
    vertex 22.51589010787453 22.87050181695678 -28
  endloop
endfacet
facet normal 0 0 -1
  outer loop
    vertex 32.49536466582654 -16.52548980248341 -28
    vertex 42.28786041814306 -22.10722382595421 -28
    vertex 32.55768980859204 -27.79691104973398 -28
  endloop
endfacet
facet normal -0 0 -1
  outer loop
    vertex 32.55768980859204 -27.79691104973398 -28
    vertex 22.82751896107099 -33.48659846771533 -28
    vertex 22.76519325243395 -22.21517767583573 -28
  endloop
endfacet
facet normal 0 0 -1
  outer loop
    vertex 12.72338980689224 28.45223266031035 -28
    vertex 12.66105376324981 39.72364464575533 -28
    vertex 22.45355061634375 34.14191114864802 -28
  endloop
endfacet
facet normal 0 0 -1
  outer loop
    vertex 22.45355061634375 34.14191114864802 -28
    vertex 32.24605120509352 28.56018052633178 -28
    vertex 22.51589010787453 22.87050181695678 -28
  endloop
endfacet
facet normal 0 0 -1
  outer loop
    vertex -16.59178882269209 33.9260026127623 -28
    vertex -16.65835081848242 45.18999054729836 -28
    vertex -6.861608293439127 39.61569582103016 -28
  endloop
endfacet
facet normal 0 -0 -1
  outer loop
    vertex 32.24605120509352 28.56018052633178 -28
    vertex 32.30837662793056 17.28876035693035 -28
    vertex 22.51589010787453 22.87050181695678 -28
  endloop
endfacet
facet normal 0 -0 -1
  outer loop
    vertex 32.55768980859204 -27.79691104973398 -28
    vertex 32.5713565784969 -38.98511300212182 -28
    vertex 22.82751896107099 -33.48659846771533 -28
  endloop
endfacet
facet normal 0 0 -1
  outer loop
    vertex -16.65835081848242 45.18999054729836 -28
    vertex -6.836914862075092 50.72115580314056 -28
    vertex -6.861608293439127 39.61569582103016 -28
  endloop
endfacet
facet normal 0 0 -1
  outer loop
    vertex 12.66105376324981 39.72364464575533 -28
    vertex 22.28560502954393 45.41274595382144 -28
    vertex 22.45355061634375 34.14191114864802 -28
  endloop
endfacet
facet normal 0 0 -1
  outer loop
    vertex 12.66105376324981 39.72364464575533 -28
    vertex 12.32405821402113 50.54397662132894 -28
    vertex 22.28560502954393 45.41274595382144 -28
  endloop
endfacet
facet normal -0 0 -1
  outer loop
    vertex 32.5713565784969 -38.98511300212182 -28
    vertex 22.82517934650345 -44.6474270441259 -28
    vertex 22.82751896107099 -33.48659846771533 -28
  endloop
endfacet
facet normal 0 0 -1
  outer loop
    vertex 32.24605120509352 28.56018052633178 -28
    vertex 41.90568233257355 22.97771235923783 -28
    vertex 32.30837662793056 17.28876035693035 -28
  endloop
endfacet
facet normal 0 0 -1
  outer loop
    vertex 22.82517934650345 -44.6474270441259 -28
    vertex 13.08656981953848 -39.15785445328712 -28
    vertex 22.82751896107099 -33.48659846771533 -28
  endloop
endfacet
facet normal 0 0 -1
  outer loop
    vertex 32.24605120509352 28.56018052633178 -28
    vertex 41.88270427553829 34.09349164412521 -28
    vertex 41.90568233257355 22.97771235923783 -28
  endloop
endfacet
facet normal 0 -0 -1
  outer loop
    vertex 41.90568233257355 22.97771235923783 -28
    vertex 42.07873073183825 11.70690623487428 -28
    vertex 32.30837662793056 17.28876035693035 -28
  endloop
endfacet
facet normal 0 0 -1
  outer loop
    vertex 12.32405821402113 50.54397662132894 -28
    vertex 21.40507461551017 57.38268076451025 -28
    vertex 22.28560502954393 45.41274595382144 -28
  endloop
endfacet
facet normal -0 0 -1
  outer loop
    vertex 22.82517934650345 -44.6474270441259 -28
    vertex 13.15394775404736 -50.38671329194008 -28
    vertex 13.08656981953848 -39.15785445328712 -28
  endloop
endfacet
facet normal 0 0 -1
  outer loop
    vertex 41.90568233257355 22.97771235923783 -28
    vertex 51.18729340271636 17.43080513085689 -28
    vertex 42.07873073183825 11.70690623487428 -28
  endloop
endfacet
facet normal 0 0 -1
  outer loop
    vertex -59.70421637398637 -51.73399798167756 -28
    vertex -48.81669557638246 -48.81669557638254 -28
    vertex -51.73399798167748 -59.70421637398644 -28
  endloop
endfacet
facet normal 0 0 -1
  outer loop
    vertex 71.86092763300694 32.81778602714905 -28
    vertex 60.44692167057492 33.69834908949201 -28
    vertex 66.4590290936633 42.71062457899222 -28
  endloop
endfacet
facet normal 0 -0 -1
  outer loop
    vertex -59.70421637398645 51.73399798167747 -28
    vertex -55.81685471133943 42.59097624101648 -28
    vertex -66.45902909366336 42.71062457899215 -28
  endloop
endfacet
facet normal 0 0 -1
  outer loop
    vertex -71.86092763300692 -32.81778602714909 -28
    vertex -60.59252886190093 -33.08602393933302 -28
    vertex -66.45902909366332 -42.7106245789922 -28
  endloop
endfacet
facet normal 0 -0 -1
  outer loop
    vertex -75.7999449155453 22.25687199047292 -28
    vertex -66.0995307111081 14.65648994809199 -28
    vertex -78.19589390859369 11.24287222358951 -28
  endloop
endfacet
facet normal 0 0 -1
  outer loop
    vertex -11.24287222358958 78.19589390859369 -28
    vertex -14.67491941287962 67.45951581667256 -28
    vertex -22.25687199047299 75.79994491554528 -28
  endloop
endfacet
facet normal -0 0 -1
  outer loop
    vertex 22.25687199047291 75.7999449155453 -28
    vertex 15.36146581414576 67.38266988380386 -28
    vertex 11.24287222358948 78.19589390859369 -28
  endloop
endfacet
facet normal 0 0 -1
  outer loop
    vertex 32.81778602714908 -71.86092763300692 -28
    vertex 32.76111946761132 -60.78528601806879 -28
    vertex 42.71062457899226 -66.45902909366328 -28
  endloop
endfacet
facet normal 0 0 -1
  outer loop
    vertex -26.57114021088274 -52.97142902001185 -28
    vertex -37.25653854177018 -46.87222520122194 -28
    vertex -25.95106895107671 -39.41128345805072 -28
  endloop
endfacet
facet normal -0 0 -1
  outer loop
    vertex 51.73399798167749 59.70421637398643 -28
    vertex 41.91514190574694 55.61823115191361 -28
    vertex 42.71062457899218 66.45902909366333 -28
  endloop
endfacet
facet normal 0 0 -1
  outer loop
    vertex 8.467768044910506e-14 -79 -28
    vertex 4.660010081562515 -68.46046951731454 -28
    vertex 11.2428722235896 -78.19589390859367 -28
  endloop
endfacet
facet normal 0 0 -1
  outer loop
    vertex -16.18681790233243 -45.04406312844504 -28
    vertex -16.22079300611844 -33.71981006822296 -28
    vertex -6.425367099539871 -39.29474979295361 -28
  endloop
endfacet
facet normal 0 0 -1
  outer loop
    vertex -32.817786027149 -71.86092763300697 -28
    vertex -24.07232653516863 -64.58504148397046 -28
    vertex -22.25687199047292 -75.7999449155453 -28
  endloop
endfacet
facet normal 0 0 -1
  outer loop
    vertex 13.15394775404736 -50.38671329194008 -28
    vertex 3.364425918489122 -44.85273633931 -28
    vertex 13.08656981953848 -39.15785445328712 -28
  endloop
endfacet
facet normal 0 -0 -1
  outer loop
    vertex 51.18729340271636 17.43080513085689 -28
    vertex 51.3297299693122 6.128455057046507 -28
    vertex 42.07873073183825 11.70690623487428 -28
  endloop
endfacet
facet normal -0 0 -1
  outer loop
    vertex -16.18681790233243 -45.04406312844504 -28
    vertex -26.57114021088274 -52.97142902001185 -28
    vertex -25.95106895107671 -39.41128345805072 -28
  endloop
endfacet
facet normal 0 0 -1
  outer loop
    vertex -32.81778602714908 71.86092763300692 -28
    vertex -33.36352166149979 60.20200383435146 -28
    vertex -42.71062457899227 66.45902909366328 -28
  endloop
endfacet
facet normal -0 0 -1
  outer loop
    vertex 13.15394775404736 -50.38671329194008 -28
    vertex 3.637530424390203 -56.27431306206166 -28
    vertex 3.364425918489122 -44.85273633931 -28
  endloop
endfacet
facet normal 0 0 -1
  outer loop
    vertex -16.18681790233243 -45.04406312844504 -28
    vertex -25.95106895107671 -39.41128345805072 -28
    vertex -16.22079300611844 -33.71981006822296 -28
  endloop
endfacet
facet normal 0 0 -1
  outer loop
    vertex -78.19589390859369 -11.24287222358954 -28
    vertex -66.11487396853774 -14.77076181968876 -28
    vertex -75.7999449155453 -22.25687199047295 -28
  endloop
endfacet
facet normal 0 0 -1
  outer loop
    vertex 3.637530424390203 -56.27431306206166 -28
    vertex -6.360512539154355 -50.63194339428121 -28
    vertex 3.364425918489122 -44.85273633931 -28
  endloop
endfacet
facet normal 0 0 -1
  outer loop
    vertex -6.360512539154355 -50.63194339428121 -28
    vertex -6.425367099539871 -39.29474979295361 -28
    vertex 3.364425918489122 -44.85273633931 -28
  endloop
endfacet
facet normal 0 0 -1
  outer loop
    vertex -6.360512539154355 -50.63194339428121 -28
    vertex -16.18681790233243 -45.04406312844504 -28
    vertex -6.425367099539871 -39.29474979295361 -28
  endloop
endfacet
facet normal -0 0 -1
  outer loop
    vertex 3.637530424390203 -56.27431306206166 -28
    vertex -5.735547063348908 -61.9885790684917 -28
    vertex -6.360512539154355 -50.63194339428121 -28
  endloop
endfacet
facet normal 0 0 -1
  outer loop
    vertex 59.70421637398645 -51.73399798167746 -28
    vertex 54.01053309910675 -40.71221490944976 -28
    vertex 66.45902909366335 -42.71062457899215 -28
  endloop
endfacet
facet normal -0 0 -1
  outer loop
    vertex -26.57114021088274 -52.97142902001185 -28
    vertex -35.96456080592956 -56.65886508773134 -28
    vertex -37.25653854177018 -46.87222520122194 -28
  endloop
endfacet
facet normal 0 0 -1
  outer loop
    vertex 78.19589390859369 11.24287222358956 -28
    vertex 67.84725401437282 16.41273590570037 -28
    vertex 75.7999449155453 22.25687199047294 -28
  endloop
endfacet
facet normal 0 0 -1
  outer loop
    vertex 75.79994491554531 -22.25687199047289 -28
    vertex 69.02007904523316 -15.86364987694005 -28
    vertex 78.19589390859369 -11.24287222358951 -28
  endloop
endfacet
facet normal 0 0 -1
  outer loop
    vertex 42.28786041814306 -22.10722382595421 -28
    vertex 51.68154783466646 -16.20934969108029 -28
    vertex 52.20073402837095 -28.02888571360676 -28
  endloop
endfacet
facet normal 0 0 -1
  outer loop
    vertex 22.45355061634375 34.14191114864802 -28
    vertex 32.15131516633136 39.75477979269269 -28
    vertex 32.24605120509352 28.56018052633178 -28
  endloop
endfacet
facet normal 0 0 -1
  outer loop
    vertex 22.28560502954393 45.41274595382144 -28
    vertex 32.15131516633136 39.75477979269269 -28
    vertex 22.45355061634375 34.14191114864802 -28
  endloop
endfacet
facet normal 0 0 -1
  outer loop
    vertex 32.24605120509352 28.56018052633178 -28
    vertex 32.15131516633136 39.75477979269269 -28
    vertex 41.88270427553829 34.09349164412521 -28
  endloop
endfacet
facet normal 0 0 -1
  outer loop
    vertex 42.28786041814306 -22.10722382595421 -28
    vertex 52.20073402837095 -28.02888571360676 -28
    vertex 42.65338581300787 -33.65674672978469 -28
  endloop
endfacet
facet normal 0 0 -1
  outer loop
    vertex 42.65338581300787 -33.65674672978469 -28
    vertex 42.18261354484707 -44.68100285863887 -28
    vertex 32.5713565784969 -38.98511300212182 -28
  endloop
endfacet
facet normal 0 0 -1
  outer loop
    vertex -35.95936910557835 33.81880602884135 -28
    vertex -36.83338584301585 46.31456765797286 -28
    vertex -26.38496364978679 39.50651041471946 -28
  endloop
endfacet
facet normal 0 0 -1
  outer loop
    vertex 32.43303612136793 -5.254071671618432 -28
    vertex 42.16945194621205 -10.80110741137908 -28
    vertex 32.49536466582654 -16.52548980248341 -28
  endloop
endfacet
facet normal 0 -0 -1
  outer loop
    vertex 42.28786041814306 -22.10722382595421 -28
    vertex 42.65338581300787 -33.65674672978469 -28
    vertex 32.55768980859204 -27.79691104973398 -28
  endloop
endfacet
facet normal 0 0 -1
  outer loop
    vertex 32.55768980859204 -27.79691104973398 -28
    vertex 42.65338581300787 -33.65674672978469 -28
    vertex 32.5713565784969 -38.98511300212182 -28
  endloop
endfacet
facet normal 0 0 -1
  outer loop
    vertex 32.49536466582654 -16.52548980248341 -28
    vertex 42.16945194621205 -10.80110741137908 -28
    vertex 42.28786041814306 -22.10722382595421 -28
  endloop
endfacet
facet normal 0 0 -1
  outer loop
    vertex 42.28786041814306 -22.10722382595421 -28
    vertex 42.16945194621205 -10.80110741137908 -28
    vertex 51.68154783466646 -16.20934969108029 -28
  endloop
endfacet
facet normal 0 0 -1
  outer loop
    vertex -26.32178293220497 28.23640057249449 -28
    vertex -35.95936910557835 33.81880602884135 -28
    vertex -26.38496364978679 39.50651041471946 -28
  endloop
endfacet
facet normal 0 -0 -1
  outer loop
    vertex 22.51589010787453 22.87050181695678 -28
    vertex 22.57820548172635 11.59907390645564 -28
    vertex 12.78576891907687 17.18085385130921 -28
  endloop
endfacet
facet normal 0 0 -1
  outer loop
    vertex -26.32178293220497 28.23640057249449 -28
    vertex -26.38496364978679 39.50651041471946 -28
    vertex -16.59178882269209 33.9260026127623 -28
  endloop
endfacet
facet normal 0 0 -1
  outer loop
    vertex -16.59178882269209 33.9260026127623 -28
    vertex -26.38496364978679 39.50651041471946 -28
    vertex -16.65835081848242 45.18999054729836 -28
  endloop
endfacet
facet normal -0 0 -1
  outer loop
    vertex 32.30837662793056 17.28876035693035 -28
    vertex 22.57820548172635 11.59907390645564 -28
    vertex 22.51589010787453 22.87050181695678 -28
  endloop
endfacet
facet normal 0 0 -1
  outer loop
    vertex -36.83338584301585 46.31456765797286 -28
    vertex -26.10050733457227 51.54369156119192 -28
    vertex -26.38496364978679 39.50651041471946 -28
  endloop
endfacet
facet normal 0 -0 -1
  outer loop
    vertex 3.242524085552747 -22.32313385675456 -28
    vertex 3.30416035266778 -33.59370444935611 -28
    vertex -6.488151125560165 -28.01745880403742 -28
  endloop
endfacet
facet normal 0 0 -1
  outer loop
    vertex 13.08656981953848 -39.15785445328712 -28
    vertex 3.30416035266778 -33.59370444935611 -28
    vertex 13.03322731513259 -27.90179225013027 -28
  endloop
endfacet
facet normal 0 0 -1
  outer loop
    vertex -26.38496364978679 39.50651041471946 -28
    vertex -26.10050733457227 51.54369156119192 -28
    vertex -16.65835081848242 45.18999054729836 -28
  endloop
endfacet
facet normal 0 0 -1
  outer loop
    vertex -16.22079300611844 -33.71981006822296 -28
    vertex -6.488151125560165 -28.01745880403742 -28
    vertex -6.425367099539871 -39.29474979295361 -28
  endloop
endfacet
facet normal 0 -0 -1
  outer loop
    vertex 12.97270923902331 -16.63343406763484 -28
    vertex 13.03322731513259 -27.90179225013027 -28
    vertex 3.242524085552747 -22.32313385675456 -28
  endloop
endfacet
facet normal 0 0 -1
  outer loop
    vertex 13.08656981953848 -39.15785445328712 -28
    vertex 13.03322731513259 -27.90179225013027 -28
    vertex 22.82751896107099 -33.48659846771533 -28
  endloop
endfacet
facet normal -0 0 -1
  outer loop
    vertex 22.76519325243395 -22.21517767583573 -28
    vertex 13.03322731513259 -27.90179225013027 -28
    vertex 12.97270923902331 -16.63343406763484 -28
  endloop
endfacet
facet normal 0 0 -1
  outer loop
    vertex -6.425367099539871 -39.29474979295361 -28
    vertex 3.30416035266778 -33.59370444935611 -28
    vertex 3.364425918489122 -44.85273633931 -28
  endloop
endfacet
facet normal -0 0 -1
  outer loop
    vertex 13.03322731513259 -27.90179225013027 -28
    vertex 3.30416035266778 -33.59370444935611 -28
    vertex 3.242524085552747 -22.32313385675456 -28
  endloop
endfacet
facet normal 0 0 -1
  outer loop
    vertex -6.799233978448674 28.3443110522593 -28
    vertex 2.930893848758489 34.03396631928342 -28
    vertex 2.993208323063508 22.76253824808145 -28
  endloop
endfacet
facet normal 0 0 -1
  outer loop
    vertex 2.993208323063508 22.76253824808145 -28
    vertex 2.930893848758489 34.03396631928342 -28
    vertex 12.72338980689224 28.45223266031035 -28
  endloop
endfacet
facet normal 0 0 -1
  outer loop
    vertex 12.72338980689224 28.45223266031035 -28
    vertex 2.930893848758489 34.03396631928342 -28
    vertex 12.66105376324981 39.72364464575533 -28
  endloop
endfacet
facet normal 0 0 -1
  outer loop
    vertex 22.82751896107099 -33.48659846771533 -28
    vertex 13.03322731513259 -27.90179225013027 -28
    vertex 22.76519325243395 -22.21517767583573 -28
  endloop
endfacet
facet normal 0 0 -1
  outer loop
    vertex -6.861608293439127 39.61569582103016 -28
    vertex 2.930893848758489 34.03396631928342 -28
    vertex -6.799233978448674 28.3443110522593 -28
  endloop
endfacet
facet normal 0 0 -1
  outer loop
    vertex 3.364425918489122 -44.85273633931 -28
    vertex 3.30416035266778 -33.59370444935611 -28
    vertex 13.08656981953848 -39.15785445328712 -28
  endloop
endfacet
facet normal 0 0 -1
  outer loop
    vertex 2.930893848758489 34.03396631928342 -28
    vertex 2.837284786125355 45.20253888059008 -28
    vertex 12.66105376324981 39.72364464575533 -28
  endloop
endfacet
facet normal 0 0 -1
  outer loop
    vertex -6.861608293439127 39.61569582103016 -28
    vertex 2.837284786125355 45.20253888059008 -28
    vertex 2.930893848758489 34.03396631928342 -28
  endloop
endfacet
facet normal 0 0 -1
  outer loop
    vertex 12.66105376324981 39.72364464575533 -28
    vertex 2.837284786125355 45.20253888059008 -28
    vertex 12.32405821402113 50.54397662132894 -28
  endloop
endfacet
facet normal 0 -0 -1
  outer loop
    vertex -6.836914862075092 50.72115580314056 -28
    vertex 2.837284786125355 45.20253888059008 -28
    vertex -6.861608293439127 39.61569582103016 -28
  endloop
endfacet
facet normal 0 0 -1
  outer loop
    vertex 2.837284786125355 45.20253888059008 -28
    vertex 2.574785567706233 55.81051788320927 -28
    vertex 12.32405821402113 50.54397662132894 -28
  endloop
endfacet
facet normal 0 0 -1
  outer loop
    vertex -6.836914862075092 50.72115580314056 -28
    vertex 2.574785567706233 55.81051788320927 -28
    vertex 2.837284786125355 45.20253888059008 -28
  endloop
endfacet
facet normal 0 -0 -1
  outer loop
    vertex -6.609896574958979 -5.467911064677898 -28
    vertex -6.549973694473049 -16.74140500798175 -28
    vertex -16.33494487951998 -11.15220336970191 -28
  endloop
endfacet
facet normal -0 0 -1
  outer loop
    vertex 22.57820548172635 11.59907390645564 -28
    vertex 12.8482358583986 5.909548702660971 -28
    vertex 12.78576891907687 17.18085385130921 -28
  endloop
endfacet
facet normal 0 0 -1
  outer loop
    vertex 3.05590805484657 11.49140592622657 -28
    vertex 12.8482358583986 5.909548702660971 -28
    vertex 3.118527043604885 0.2202428233613776 -28
  endloop
endfacet
facet normal 0 0 -1
  outer loop
    vertex 3.118527043604885 0.2202428233613776 -28
    vertex 12.8482358583986 5.909548702660971 -28
    vertex 12.91047298264033 -5.361940331891192 -28
  endloop
endfacet
facet normal 0 -0 -1
  outer loop
    vertex 12.78576891907687 17.18085385130921 -28
    vertex 12.8482358583986 5.909548702660971 -28
    vertex 3.05590805484657 11.49140592622657 -28
  endloop
endfacet
facet normal 0 0 -1
  outer loop
    vertex 22.70288290527233 -10.94374441660102 -28
    vertex 22.64058945488056 0.3277015148148976 -28
    vertex 32.43303612136793 -5.254071671618432 -28
  endloop
endfacet
facet normal 0 -0 -1
  outer loop
    vertex 22.57820548172635 11.59907390645564 -28
    vertex 22.64058945488056 0.3277015148148976 -28
    vertex 12.8482358583986 5.909548702660971 -28
  endloop
endfacet
facet normal -0 0 -1
  outer loop
    vertex 42.07873073183825 11.70690623487428 -28
    vertex 32.36702338823949 6.017330246970555 -28
    vertex 32.30837662793056 17.28876035693035 -28
  endloop
endfacet
facet normal 0 0 -1
  outer loop
    vertex 22.64058945488056 0.3277015148148976 -28
    vertex 32.36702338823949 6.017330246970555 -28
    vertex 32.43303612136793 -5.254071671618432 -28
  endloop
endfacet
facet normal 0 0 -1
  outer loop
    vertex 12.8482358583986 5.909548702660971 -28
    vertex 22.64058945488056 0.3277015148148976 -28
    vertex 12.91047298264033 -5.361940331891192 -28
  endloop
endfacet
facet normal 0 0 -1
  outer loop
    vertex 12.91047298264033 -5.361940331891192 -28
    vertex 22.64058945488056 0.3277015148148976 -28
    vertex 22.70288290527233 -10.94374441660102 -28
  endloop
endfacet
facet normal -0 0 -1
  outer loop
    vertex 51.3297299693122 6.128455057046507 -28
    vertex 42.05561214709081 0.4418986397315184 -28
    vertex 42.07873073183825 11.70690623487428 -28
  endloop
endfacet
facet normal 0 0 -1
  outer loop
    vertex 42.07873073183825 11.70690623487428 -28
    vertex 42.05561214709081 0.4418986397315184 -28
    vertex 32.36702338823949 6.017330246970555 -28
  endloop
endfacet
facet normal 0 0 -1
  outer loop
    vertex 22.57820548172635 11.59907390645564 -28
    vertex 32.36702338823949 6.017330246970555 -28
    vertex 22.64058945488056 0.3277015148148976 -28
  endloop
endfacet
facet normal 0 -0 -1
  outer loop
    vertex 51.3297299693122 6.128455057046507 -28
    vertex 51.57176755372198 -4.750691065391477 -28
    vertex 42.05561214709081 0.4418986397315184 -28
  endloop
endfacet
facet normal 0 -0 -1
  outer loop
    vertex 32.30837662793056 17.28876035693035 -28
    vertex 32.36702338823949 6.017330246970555 -28
    vertex 22.57820548172635 11.59907390645564 -28
  endloop
endfacet
facet normal 0 0 -1
  outer loop
    vertex -6.488151125560165 -28.01745880403742 -28
    vertex -16.27538004878269 -22.43415922929898 -28
    vertex -6.549973694473049 -16.74140500798175 -28
  endloop
endfacet
facet normal 0 0 -1
  outer loop
    vertex 51.3297299693122 6.128455057046507 -28
    vertex 60.5170728666235 0.7640756216983797 -28
    vertex 51.57176755372198 -4.750691065391477 -28
  endloop
endfacet
facet normal 0 0 -1
  outer loop
    vertex 32.36702338823949 6.017330246970555 -28
    vertex 42.05561214709081 0.4418986397315184 -28
    vertex 32.43303612136793 -5.254071671618432 -28
  endloop
endfacet
facet normal 0 0 -1
  outer loop
    vertex 32.43303612136793 -5.254071671618432 -28
    vertex 42.05561214709081 0.4418986397315184 -28
    vertex 42.16945194621205 -10.80110741137908 -28
  endloop
endfacet
facet normal 0 0 -1
  outer loop
    vertex -26.1830849148997 5.702732353772462 -28
    vertex -16.46316584049826 11.38576848423 -28
    vertex -16.3978805568271 0.1167256406904903 -28
  endloop
endfacet
facet normal 0 0 -1
  outer loop
    vertex 42.05561214709081 0.4418986397315184 -28
    vertex 51.57176755372198 -4.750691065391477 -28
    vertex 42.16945194621205 -10.80110741137908 -28
  endloop
endfacet
facet normal 0 0 -1
  outer loop
    vertex 42.16945194621205 -10.80110741137908 -28
    vertex 51.57176755372198 -4.750691065391477 -28
    vertex 51.68154783466646 -16.20934969108029 -28
  endloop
endfacet
facet normal 0 0 -1
  outer loop
    vertex -6.488151125560165 -28.01745880403742 -28
    vertex -6.549973694473049 -16.74140500798175 -28
    vertex 3.242524085552747 -22.32313385675456 -28
  endloop
endfacet
facet normal -0 0 -1
  outer loop
    vertex 3.180191753588331 -11.0517177523135 -28
    vertex -6.549973694473049 -16.74140500798175 -28
    vertex -6.609896574958979 -5.467911064677898 -28
  endloop
endfacet
facet normal -0 0 -1
  outer loop
    vertex -6.549973694473049 -16.74140500798175 -28
    vertex -16.27538004878269 -22.43415922929898 -28
    vertex -16.33494487951998 -11.15220336970191 -28
  endloop
endfacet
facet normal 0 0 -1
  outer loop
    vertex 3.242524085552747 -22.32313385675456 -28
    vertex -6.549973694473049 -16.74140500798175 -28
    vertex 3.180191753588331 -11.0517177523135 -28
  endloop
endfacet
facet normal 0 0 -1
  outer loop
    vertex -16.22079300611844 -33.71981006822296 -28
    vertex -16.27538004878269 -22.43415922929898 -28
    vertex -6.488151125560165 -28.01745880403742 -28
  endloop
endfacet
facet normal -0 0 -1
  outer loop
    vertex -6.736625193512393 17.07309554360465 -28
    vertex -16.46316584049826 11.38576848423 -28
    vertex -16.52928539244335 22.65461997373147 -28
  endloop
endfacet
facet normal 0 0 -1
  outer loop
    vertex -16.3978805568271 0.1167256406904903 -28
    vertex -16.46316584049826 11.38576848423 -28
    vertex -6.673065242359712 5.802608800756037 -28
  endloop
endfacet
facet normal 0 0 -1
  outer loop
    vertex -6.673065242359712 5.802608800756037 -28
    vertex -16.46316584049826 11.38576848423 -28
    vertex -6.736625193512393 17.07309554360465 -28
  endloop
endfacet
facet normal -0 0 -1
  outer loop
    vertex -16.52928539244335 22.65461997373147 -28
    vertex -26.25206468065824 16.96828435788864 -28
    vertex -26.32178293220497 28.23640057249449 -28
  endloop
endfacet
facet normal 0 0 -1
  outer loop
    vertex -35.96324531089074 11.28301566242993 -28
    vertex -36.02037122243132 22.54875025304083 -28
    vertex -26.25206468065824 16.96828435788864 -28
  endloop
endfacet
facet normal 0 0 -1
  outer loop
    vertex -35.96324531089074 11.28301566242993 -28
    vertex -26.25206468065824 16.96828435788864 -28
    vertex -26.1830849148997 5.702732353772462 -28
  endloop
endfacet
facet normal 0 0 -1
  outer loop
    vertex -35.96324531089074 11.28301566242993 -28
    vertex -45.74900915816295 16.87469284722495 -28
    vertex -36.02037122243132 22.54875025304083 -28
  endloop
endfacet
facet normal 0 0 -1
  outer loop
    vertex -26.1830849148997 5.702732353772462 -28
    vertex -26.25206468065824 16.96828435788864 -28
    vertex -16.46316584049826 11.38576848423 -28
  endloop
endfacet
facet normal 0 0 -1
  outer loop
    vertex -16.46316584049826 11.38576848423 -28
    vertex -26.25206468065824 16.96828435788864 -28
    vertex -16.52928539244335 22.65461997373147 -28
  endloop
endfacet
facet normal 0 0 -1
  outer loop
    vertex -45.74900915816295 16.87469284722495 -28
    vertex -56.27558790072284 21.22205788934777 -28
    vertex -46.15264495125 27.84076888689852 -28
  endloop
endfacet
facet normal -0 0 -1
  outer loop
    vertex -26.32178293220497 28.23640057249449 -28
    vertex -36.02037122243132 22.54875025304083 -28
    vertex -35.95936910557835 33.81880602884135 -28
  endloop
endfacet
facet normal 0 0 -1
  outer loop
    vertex -45.74900915816295 16.87469284722495 -28
    vertex -46.15264495125 27.84076888689852 -28
    vertex -36.02037122243132 22.54875025304083 -28
  endloop
endfacet
facet normal 0 0 -1
  outer loop
    vertex -36.02037122243132 22.54875025304083 -28
    vertex -46.15264495125 27.84076888689852 -28
    vertex -35.95936910557835 33.81880602884135 -28
  endloop
endfacet
facet normal 0 0 -1
  outer loop
    vertex -37.25653854177018 -46.87222520122194 -28
    vertex -37.44554528613881 -33.78621058102942 -28
    vertex -25.95106895107671 -39.41128345805072 -28
  endloop
endfacet
facet normal 0 0 -1
  outer loop
    vertex -35.769684405131 -11.19709519660699 -28
    vertex -25.99526085198095 -16.76335060468439 -28
    vertex -35.48704119498011 -22.09541564832097 -28
  endloop
endfacet
facet normal 0 0 -1
  outer loop
    vertex -45.60222849125005 5.662724042127651 -28
    vertex -55.4593025728835 11.26058186151883 -28
    vertex -45.74900915816295 16.87469284722495 -28
  endloop
endfacet
facet normal 0 0 -1
  outer loop
    vertex -16.27538004878269 -22.43415922929898 -28
    vertex -25.99526085198095 -16.76335060468439 -28
    vertex -16.33494487951998 -11.15220336970191 -28
  endloop
endfacet
facet normal 0 -0 -1
  outer loop
    vertex -26.10772949352415 -5.557303614887754 -28
    vertex -25.99526085198095 -16.76335060468439 -28
    vertex -35.769684405131 -11.19709519660699 -28
  endloop
endfacet
facet normal 0 0 -1
  outer loop
    vertex -16.22079300611844 -33.71981006822296 -28
    vertex -26.22918155651295 -28.03503826493457 -28
    vertex -16.27538004878269 -22.43415922929898 -28
  endloop
endfacet
facet normal 0 0 -1
  outer loop
    vertex -37.44554528613881 -33.78621058102942 -28
    vertex -26.22918155651295 -28.03503826493457 -28
    vertex -25.95106895107671 -39.41128345805072 -28
  endloop
endfacet
facet normal 0 -0 -1
  outer loop
    vertex -35.48704119498011 -22.09541564832097 -28
    vertex -26.22918155651295 -28.03503826493457 -28
    vertex -37.44554528613881 -33.78621058102942 -28
  endloop
endfacet
facet normal -0 0 -1
  outer loop
    vertex -16.33494487951998 -11.15220336970191 -28
    vertex -25.99526085198095 -16.76335060468439 -28
    vertex -26.10772949352415 -5.557303614887754 -28
  endloop
endfacet
facet normal 0 0 -1
  outer loop
    vertex -16.65835081848242 45.18999054729836 -28
    vertex -15.88875399458209 57.02629188513332 -28
    vertex -6.836914862075092 50.72115580314056 -28
  endloop
endfacet
facet normal 0 0 -1
  outer loop
    vertex -25.95106895107671 -39.41128345805072 -28
    vertex -26.22918155651295 -28.03503826493457 -28
    vertex -16.22079300611844 -33.71981006822296 -28
  endloop
endfacet
facet normal 0 0 -1
  outer loop
    vertex -55.07265352423252 0.07735255930541818 -28
    vertex -45.60222849125005 5.662724042127651 -28
    vertex -45.49865091392011 -5.556964056183034 -28
  endloop
endfacet
facet normal -0 0 -1
  outer loop
    vertex -35.96324531089074 11.28301566242993 -28
    vertex -45.60222849125005 5.662724042127651 -28
    vertex -45.74900915816295 16.87469284722495 -28
  endloop
endfacet
facet normal 0 0 -1
  outer loop
    vertex -45.49865091392011 -5.556964056183034 -28
    vertex -45.60222849125005 5.662724042127651 -28
    vertex -35.8705094674105 0.03766537846981184 -28
  endloop
endfacet
facet normal 0 0 -1
  outer loop
    vertex -26.10050733457227 51.54369156119192 -28
    vertex -15.88875399458209 57.02629188513332 -28
    vertex -16.65835081848242 45.18999054729836 -28
  endloop
endfacet
facet normal 0 0 -1
  outer loop
    vertex -55.07265352423252 0.07735255930541818 -28
    vertex -55.4593025728835 11.26058186151883 -28
    vertex -45.60222849125005 5.662724042127651 -28
  endloop
endfacet
facet normal 0 0 -1
  outer loop
    vertex -35.8705094674105 0.03766537846981184 -28
    vertex -45.60222849125005 5.662724042127651 -28
    vertex -35.96324531089074 11.28301566242993 -28
  endloop
endfacet
facet normal 0 -0 -1
  outer loop
    vertex 13.15394775404736 -50.38671329194008 -28
    vertex 13.69536053216181 -61.34713220826795 -28
    vertex 3.637530424390203 -56.27431306206166 -28
  endloop
endfacet
facet normal 0 -0 -1
  outer loop
    vertex 22.82517934650345 -44.6474270441259 -28
    vertex 23.15659202650622 -55.52664320462285 -28
    vertex 13.15394775404736 -50.38671329194008 -28
  endloop
endfacet
facet normal -0 0 -1
  outer loop
    vertex -45.74900915816295 16.87469284722495 -28
    vertex -55.4593025728835 11.26058186151883 -28
    vertex -56.27558790072284 21.22205788934777 -28
  endloop
endfacet
facet normal 0 -0 -1
  outer loop
    vertex 23.15659202650622 -55.52664320462285 -28
    vertex 23.32839735013056 -65.92886014452637 -28
    vertex 13.69536053216181 -61.34713220826795 -28
  endloop
endfacet
facet normal 0 0 -1
  outer loop
    vertex 32.76111946761132 -60.78528601806879 -28
    vertex 42.00068334290906 -55.28255750529215 -28
    vertex 42.71062457899226 -66.45902909366328 -28
  endloop
endfacet
facet normal -0 0 -1
  outer loop
    vertex 23.15659202650622 -55.52664320462285 -28
    vertex 13.69536053216181 -61.34713220826795 -28
    vertex 13.15394775404736 -50.38671329194008 -28
  endloop
endfacet
facet normal 0 -0 -1
  outer loop
    vertex -55.09866527536834 -23.57924645816328 -28
    vertex -49.324625768085 -33.24178428094056 -28
    vertex -60.59252886190093 -33.08602393933302 -28
  endloop
endfacet
facet normal -0 0 -1
  outer loop
    vertex 42.18261354484707 -44.68100285863887 -28
    vertex 32.39037976571475 -49.84044596878444 -28
    vertex 32.5713565784969 -38.98511300212182 -28
  endloop
endfacet
facet normal 0 0 -1
  outer loop
    vertex 22.28560502954393 45.41274595382144 -28
    vertex 31.48768367904394 51.09951199793876 -28
    vertex 32.15131516633136 39.75477979269269 -28
  endloop
endfacet
facet normal 0 0 -1
  outer loop
    vertex 23.15659202650622 -55.52664320462285 -28
    vertex 32.39037976571475 -49.84044596878444 -28
    vertex 32.76111946761132 -60.78528601806879 -28
  endloop
endfacet
facet normal 0 0 -1
  outer loop
    vertex 22.82517934650345 -44.6474270441259 -28
    vertex 32.39037976571475 -49.84044596878444 -28
    vertex 23.15659202650622 -55.52664320462285 -28
  endloop
endfacet
facet normal -0 0 -1
  outer loop
    vertex 15.36146581414576 67.38266988380386 -28
    vertex 10.99401522271215 59.56055117616962 -28
    vertex 3.955138814158036 67.43285790492079 -28
  endloop
endfacet
facet normal 0 0 -1
  outer loop
    vertex 41.90568233257355 22.97771235923783 -28
    vertex 50.78417749384809 28.57621900530816 -28
    vertex 51.18729340271636 17.43080513085689 -28
  endloop
endfacet
facet normal 0 0 -1
  outer loop
    vertex 32.15131516633136 39.75477979269269 -28
    vertex 41.39727465752337 45.00083122260087 -28
    vertex 41.88270427553829 34.09349164412521 -28
  endloop
endfacet
facet normal 0 0 -1
  outer loop
    vertex -46.15264495125 27.84076888689852 -28
    vertex -45.58195496113456 39.21741095083664 -28
    vertex -35.95936910557835 33.81880602884135 -28
  endloop
endfacet
facet normal 0 0 -1
  outer loop
    vertex 54.01053309910675 -40.71221490944976 -28
    vertex 62.3091976402187 -32.05277593779449 -28
    vertex 66.45902909366335 -42.71062457899215 -28
  endloop
endfacet
facet normal 0 0 -1
  outer loop
    vertex 66.45902909366335 -42.71062457899215 -28
    vertex 62.3091976402187 -32.05277593779449 -28
    vertex 71.86092763300698 -32.81778602714897 -28
  endloop
endfacet
facet normal 0 0 -1
  outer loop
    vertex -15.88875399458209 57.02629188513332 -28
    vertex -6.403290265064279 61.45037240243467 -28
    vertex -6.836914862075092 50.72115580314056 -28
  endloop
endfacet
facet normal 0 -0 -1
  outer loop
    vertex -14.67491941287962 67.45951581667256 -28
    vertex -6.403290265064279 61.45037240243467 -28
    vertex -15.88875399458209 57.02629188513332 -28
  endloop
endfacet
facet normal 0 0 -1
  outer loop
    vertex -55.27169344023267 -41.87783306254262 -28
    vertex -44.82202824049217 -40.87410761717153 -28
    vertex -48.81669557638246 -48.81669557638254 -28
  endloop
endfacet
facet normal 0 0 -1
  outer loop
    vertex 21.40507461551017 57.38268076451025 -28
    vertex 32.46090712418893 61.44512940333087 -28
    vertex 31.48768367904394 51.09951199793876 -28
  endloop
endfacet
facet normal 0 0 -1
  outer loop
    vertex 50.78417749384809 28.57621900530816 -28
    vertex 50.70745433182675 39.19962416228201 -28
    vertex 60.44692167057492 33.69834908949201 -28
  endloop
endfacet
facet normal -0 0 -1
  outer loop
    vertex -55.4593025728835 11.26058186151883 -28
    vertex -61.6230913326288 4.800670018070704 -28
    vertex -66.0995307111081 14.65648994809199 -28
  endloop
endfacet
facet normal 0 0 -1
  outer loop
    vertex 32.5713565784969 -38.98511300212182 -28
    vertex 32.39037976571475 -49.84044596878444 -28
    vertex 22.82517934650345 -44.6474270441259 -28
  endloop
endfacet
facet normal 0 0 -1
  outer loop
    vertex 41.88270427553829 34.09349164412521 -28
    vertex 50.70745433182675 39.19962416228201 -28
    vertex 50.78417749384809 28.57621900530816 -28
  endloop
endfacet
facet normal -0 0 -1
  outer loop
    vertex -49.324625768085 -33.24178428094056 -28
    vertex -55.27169344023267 -41.87783306254262 -28
    vertex -60.59252886190093 -33.08602393933302 -28
  endloop
endfacet
facet normal 0 0 -1
  outer loop
    vertex -66.11487396853774 -14.77076181968876 -28
    vertex -62.46279902260626 -4.609416608179544 -28
    vertex -54.94363003820116 -11.06946971313389 -28
  endloop
endfacet
facet normal 0 0 -1
  outer loop
    vertex 21.40507461551017 57.38268076451025 -28
    vertex 31.48768367904394 51.09951199793876 -28
    vertex 22.28560502954393 45.41274595382144 -28
  endloop
endfacet
facet normal 0 0 -1
  outer loop
    vertex 41.91514190574694 55.61823115191361 -28
    vertex 32.46090712418893 61.44512940333087 -28
    vertex 42.71062457899218 66.45902909366333 -28
  endloop
endfacet
facet normal -0 0 -1
  outer loop
    vertex 42.71062457899218 66.45902909366333 -28
    vertex 32.46090712418893 61.44512940333087 -28
    vertex 32.817786027149 71.86092763300697 -28
  endloop
endfacet
facet normal 0 0 -1
  outer loop
    vertex -42.71062457899217 -66.45902909366333 -28
    vertex -44.11517708554879 -55.91106846979147 -28
    vertex -35.96456080592956 -56.65886508773134 -28
  endloop
endfacet
facet normal 0 -0 -1
  outer loop
    vertex -35.96456080592956 -56.65886508773134 -28
    vertex -32.21022016499808 -63.74506584428052 -28
    vertex -42.71062457899217 -66.45902909366333 -28
  endloop
endfacet
facet normal 0 0 -1
  outer loop
    vertex 41.88270427553829 34.09349164412521 -28
    vertex 50.78417749384809 28.57621900530816 -28
    vertex 41.90568233257355 22.97771235923783 -28
  endloop
endfacet
facet normal 0 0 -1
  outer loop
    vertex -6.403290265064279 61.45037240243467 -28
    vertex 3.955138814158036 67.43285790492079 -28
    vertex 2.574785567706233 55.81051788320927 -28
  endloop
endfacet
facet normal 0 0 -1
  outer loop
    vertex 51.57176755372198 -4.750691065391477 -28
    vertex 60.54883937344496 -10.35050383093275 -28
    vertex 51.68154783466646 -16.20934969108029 -28
  endloop
endfacet
facet normal 0 0 -1
  outer loop
    vertex 51.68154783466646 -16.20934969108029 -28
    vertex 60.68880708427862 -21.04649305600825 -28
    vertex 52.20073402837095 -28.02888571360676 -28
  endloop
endfacet
facet normal 0 0 -1
  outer loop
    vertex 51.3297299693122 6.128455057046507 -28
    vertex 58.9075809234434 11.79996403180641 -28
    vertex 60.5170728666235 0.7640756216983797 -28
  endloop
endfacet
facet normal 0 0 -1
  outer loop
    vertex -35.95936910557835 33.81880602884135 -28
    vertex -45.58195496113456 39.21741095083664 -28
    vertex -36.83338584301585 46.31456765797286 -28
  endloop
endfacet
facet normal 0 0 -1
  outer loop
    vertex 12.32405821402113 50.54397662132894 -28
    vertex 10.99401522271215 59.56055117616962 -28
    vertex 21.40507461551017 57.38268076451025 -28
  endloop
endfacet
facet normal 0 -0 -1
  outer loop
    vertex -45.24085811592829 -16.67547997473705 -28
    vertex -44.115095343734 -25.91144183726451 -28
    vertex -55.09866527536834 -23.57924645816328 -28
  endloop
endfacet
facet normal 0 0 -1
  outer loop
    vertex -37.44554528613881 -33.78621058102942 -28
    vertex -44.115095343734 -25.91144183726451 -28
    vertex -35.48704119498011 -22.09541564832097 -28
  endloop
endfacet
facet normal 0 0 -1
  outer loop
    vertex 41.88270427553829 34.09349164412521 -28
    vertex 41.39727465752337 45.00083122260087 -28
    vertex 50.70745433182675 39.19962416228201 -28
  endloop
endfacet
facet normal 0 -0 -1
  outer loop
    vertex -71.86092763300698 32.81778602714897 -28
    vertex -65.7343748699756 24.5822548304426 -28
    vertex -75.7999449155453 22.25687199047292 -28
  endloop
endfacet
facet normal 0 0 -1
  outer loop
    vertex -75.7999449155453 22.25687199047292 -28
    vertex -65.7343748699756 24.5822548304426 -28
    vertex -66.0995307111081 14.65648994809199 -28
  endloop
endfacet
facet normal 0 0 -1
  outer loop
    vertex -65.89338813087184 -25.30213804696142 -28
    vertex -55.09866527536834 -23.57924645816328 -28
    vertex -60.59252886190093 -33.08602393933302 -28
  endloop
endfacet
facet normal 0 0 -1
  outer loop
    vertex -6.836914862075092 50.72115580314056 -28
    vertex -6.403290265064279 61.45037240243467 -28
    vertex 2.574785567706233 55.81051788320927 -28
  endloop
endfacet
facet normal 0 -0 -1
  outer loop
    vertex 3.955138814158036 67.43285790492079 -28
    vertex 10.99401522271215 59.56055117616962 -28
    vertex 2.574785567706233 55.81051788320927 -28
  endloop
endfacet
facet normal -0 0 -1
  outer loop
    vertex 23.32839735013056 -65.92886014452637 -28
    vertex 15.15716853581128 -70.09671324030109 -28
    vertex 13.69536053216181 -61.34713220826795 -28
  endloop
endfacet
facet normal 0 0 -1
  outer loop
    vertex -55.81685471133943 42.59097624101648 -28
    vertex -50.40753247143536 49.58427627758788 -28
    vertex -45.58195496113456 39.21741095083664 -28
  endloop
endfacet
facet normal 0 0 -1
  outer loop
    vertex -55.09866527536834 -23.57924645816328 -28
    vertex -44.115095343734 -25.91144183726451 -28
    vertex -49.324625768085 -33.24178428094056 -28
  endloop
endfacet
facet normal 0 0 -1
  outer loop
    vertex 32.81778602714908 -71.86092763300692 -28
    vertex 23.32839735013056 -65.92886014452637 -28
    vertex 32.76111946761132 -60.78528601806879 -28
  endloop
endfacet
facet normal 0 0 -1
  outer loop
    vertex 22.25687199047302 -75.79994491554527 -28
    vertex 23.32839735013056 -65.92886014452637 -28
    vertex 32.81778602714908 -71.86092763300692 -28
  endloop
endfacet
facet normal 0 0 -1
  outer loop
    vertex -37.25653854177018 -46.87222520122194 -28
    vertex -44.82202824049217 -40.87410761717153 -28
    vertex -37.44554528613881 -33.78621058102942 -28
  endloop
endfacet
facet normal 0 0 -1
  outer loop
    vertex 3.955138814158036 67.43285790492079 -28
    vertex -5.673188617475097 70.70772800652433 -28
    vertex -3.992024267575334e-14 79 -28
  endloop
endfacet
facet normal 0 0 -1
  outer loop
    vertex 42.00068334290906 -55.28255750529215 -28
    vertex 50.1164157936456 -50.29731559586986 -28
    vertex 51.73399798167758 -59.70421637398635 -28
  endloop
endfacet
facet normal 0 0 -1
  outer loop
    vertex 21.40507461551017 57.38268076451025 -28
    vertex 24.58630729423142 66.44131222978586 -28
    vertex 32.46090712418893 61.44512940333087 -28
  endloop
endfacet
facet normal 0 0 -1
  outer loop
    vertex 42.18261354484707 -44.68100285863887 -28
    vertex 42.00068334290906 -55.28255750529215 -28
    vertex 32.39037976571475 -49.84044596878444 -28
  endloop
endfacet
facet normal 0 0 -1
  outer loop
    vertex 31.48768367904394 51.09951199793876 -28
    vertex 32.46090712418893 61.44512940333087 -28
    vertex 41.91514190574694 55.61823115191361 -28
  endloop
endfacet
facet normal -0 0 -1
  outer loop
    vertex 32.76111946761132 -60.78528601806879 -28
    vertex 23.32839735013056 -65.92886014452637 -28
    vertex 23.15659202650622 -55.52664320462285 -28
  endloop
endfacet
facet normal 0 0 -1
  outer loop
    vertex -75.7999449155453 -22.25687199047295 -28
    vertex -65.89338813087184 -25.30213804696142 -28
    vertex -71.86092763300692 -32.81778602714909 -28
  endloop
endfacet
facet normal 0 0 -1
  outer loop
    vertex -66.45902909366332 -42.7106245789922 -28
    vertex -55.27169344023267 -41.87783306254262 -28
    vertex -59.70421637398637 -51.73399798167756 -28
  endloop
endfacet
facet normal 0 0 -1
  outer loop
    vertex -59.70421637398637 -51.73399798167756 -28
    vertex -55.27169344023267 -41.87783306254262 -28
    vertex -48.81669557638246 -48.81669557638254 -28
  endloop
endfacet
facet normal 0 0 -1
  outer loop
    vertex 75.7999449155453 22.25687199047294 -28
    vertex 66.72277992416014 25.73866627615402 -28
    vertex 71.86092763300694 32.81778602714905 -28
  endloop
endfacet
facet normal 0 0 -1
  outer loop
    vertex -79 0 -28
    vertex -71.08366193320079 -5.288222366727029 -28
    vertex -78.19589390859369 -11.24287222358954 -28
  endloop
endfacet
facet normal 0 -0 -1
  outer loop
    vertex -66.11487396853774 -14.77076181968876 -28
    vertex -65.89338813087184 -25.30213804696142 -28
    vertex -75.7999449155453 -22.25687199047295 -28
  endloop
endfacet
facet normal 0 0 -1
  outer loop
    vertex 67.84725401437282 16.41273590570037 -28
    vertex 66.72277992416014 25.73866627615402 -28
    vertex 75.7999449155453 22.25687199047294 -28
  endloop
endfacet
facet normal 0 0 -1
  outer loop
    vertex -22.25687199047299 75.79994491554528 -28
    vertex -24.1837267368593 63.98206260765024 -28
    vertex -32.81778602714908 71.86092763300692 -28
  endloop
endfacet
facet normal -0 0 -1
  outer loop
    vertex -14.67491941287962 67.45951581667256 -28
    vertex -24.1837267368593 63.98206260765024 -28
    vertex -22.25687199047299 75.79994491554528 -28
  endloop
endfacet
facet normal 0 0 -1
  outer loop
    vertex -24.07232653516863 -64.58504148397046 -28
    vertex -14.00759094865177 -68.17342985072466 -28
    vertex -22.25687199047292 -75.7999449155453 -28
  endloop
endfacet
facet normal 0 -0 -1
  outer loop
    vertex -60.59252886190093 -33.08602393933302 -28
    vertex -55.27169344023267 -41.87783306254262 -28
    vertex -66.45902909366332 -42.7106245789922 -28
  endloop
endfacet
facet normal 0 0 -1
  outer loop
    vertex -71.86092763300692 -32.81778602714909 -28
    vertex -65.89338813087184 -25.30213804696142 -28
    vertex -60.59252886190093 -33.08602393933302 -28
  endloop
endfacet
facet normal 0 0 -1
  outer loop
    vertex -78.19589390859369 -11.24287222358954 -28
    vertex -71.08366193320079 -5.288222366727029 -28
    vertex -66.11487396853774 -14.77076181968876 -28
  endloop
endfacet
facet normal 0 0 -1
  outer loop
    vertex -22.25687199047292 -75.7999449155453 -28
    vertex -14.00759094865177 -68.17342985072466 -28
    vertex -11.2428722235895 -78.19589390859369 -28
  endloop
endfacet
facet normal 0 -0 -1
  outer loop
    vertex -78.19589390859369 11.24287222358951 -28
    vertex -69.66871022169954 3.463806753255598 -28
    vertex -79 0 -28
  endloop
endfacet
facet normal 0 0 -1
  outer loop
    vertex -66.0995307111081 14.65648994809199 -28
    vertex -69.66871022169954 3.463806753255598 -28
    vertex -78.19589390859369 11.24287222358951 -28
  endloop
endfacet
facet normal 0 -0 -1
  outer loop
    vertex -32.81778602714908 71.86092763300692 -28
    vertex -24.1837267368593 63.98206260765024 -28
    vertex -33.36352166149979 60.20200383435146 -28
  endloop
endfacet
facet normal -0 0 -1
  outer loop
    vertex 71.86092763300694 32.81778602714905 -28
    vertex 66.72277992416014 25.73866627615402 -28
    vertex 60.44692167057492 33.69834908949201 -28
  endloop
endfacet
facet normal 0 0 -1
  outer loop
    vertex 78.19589390859369 -11.24287222358951 -28
    vertex 69.81376185614607 -4.996914917874809 -28
    vertex 79 9.674709713264091e-15 -28
  endloop
endfacet
facet normal 0 0 -1
  outer loop
    vertex 69.02007904523316 -15.86364987694005 -28
    vertex 69.81376185614607 -4.996914917874809 -28
    vertex 78.19589390859369 -11.24287222358951 -28
  endloop
endfacet
facet normal -0 0 -1
  outer loop
    vertex 78.19589390859369 11.24287222358956 -28
    vertex 69.0469272615299 5.870455477486653 -28
    vertex 67.84725401437282 16.41273590570037 -28
  endloop
endfacet
facet normal -0 0 -1
  outer loop
    vertex 32.817786027149 71.86092763300697 -28
    vertex 24.58630729423142 66.44131222978586 -28
    vertex 22.25687199047291 75.7999449155453 -28
  endloop
endfacet
facet normal 0 0 -1
  outer loop
    vertex 59.70421637398645 -51.73399798167746 -28
    vertex 50.1164157936456 -50.29731559586986 -28
    vertex 54.01053309910675 -40.71221490944976 -28
  endloop
endfacet
facet normal 0 0 -1
  outer loop
    vertex 51.73399798167749 59.70421637398643 -28
    vertex 50.66400416956751 49.1781451034818 -28
    vertex 41.91514190574694 55.61823115191361 -28
  endloop
endfacet
facet normal 0 0 -1
  outer loop
    vertex 79 9.674709713264091e-15 -28
    vertex 69.0469272615299 5.870455477486653 -28
    vertex 78.19589390859369 11.24287222358956 -28
  endloop
endfacet
facet normal 0 -0 -1
  outer loop
    vertex -51.73399798167758 59.70421637398635 -28
    vertex -50.40753247143536 49.58427627758788 -28
    vertex -59.70421637398645 51.73399798167747 -28
  endloop
endfacet
facet normal 0 0 -1
  outer loop
    vertex 8.467768044910506e-14 -79 -28
    vertex -5.086892788812518 -71.12405471235259 -28
    vertex 4.660010081562515 -68.46046951731454 -28
  endloop
endfacet
facet normal 0 -0 -1
  outer loop
    vertex 22.25687199047291 75.7999449155453 -28
    vertex 24.58630729423142 66.44131222978586 -28
    vertex 15.36146581414576 67.38266988380386 -28
  endloop
endfacet
facet normal 0 0 -1
  outer loop
    vertex -3.992024267575334e-14 79 -28
    vertex -5.673188617475097 70.70772800652433 -28
    vertex -11.24287222358958 78.19589390859369 -28
  endloop
endfacet
facet normal 0 0 -1
  outer loop
    vertex 4.660010081562515 -68.46046951731454 -28
    vertex 15.15716853581128 -70.09671324030109 -28
    vertex 11.2428722235896 -78.19589390859367 -28
  endloop
endfacet
facet normal 0 0 -1
  outer loop
    vertex 52.20073402837095 -28.02888571360676 -28
    vertex 60.68880708427862 -21.04649305600825 -28
    vertex 62.3091976402187 -32.05277593779449 -28
  endloop
endfacet
facet normal 0 0 -1
  outer loop
    vertex 32.39037976571475 -49.84044596878444 -28
    vertex 42.00068334290906 -55.28255750529215 -28
    vertex 32.76111946761132 -60.78528601806879 -28
  endloop
endfacet
facet normal 0 -0 -1
  outer loop
    vertex -5.735547063348908 -61.9885790684917 -28
    vertex -5.086892788812518 -71.12405471235259 -28
    vertex -14.00759094865177 -68.17342985072466 -28
  endloop
endfacet
facet normal 0 0 -1
  outer loop
    vertex -51.73399798167748 -59.70421637398644 -28
    vertex -44.11517708554879 -55.91106846979147 -28
    vertex -42.71062457899217 -66.45902909366333 -28
  endloop
endfacet
facet normal 0 0 -1
  outer loop
    vertex 60.44692167057492 33.69834908949201 -28
    vertex 58.05164658362355 43.55287710330525 -28
    vertex 66.4590290936633 42.71062457899222 -28
  endloop
endfacet
facet normal -0 0 -1
  outer loop
    vertex 75.79994491554531 -22.25687199047289 -28
    vertex 68.07210594625151 -25.01013661493231 -28
    vertex 69.02007904523316 -15.86364987694005 -28
  endloop
endfacet
facet normal 0 0 -1
  outer loop
    vertex -42.71062457899217 -66.45902909366333 -28
    vertex -32.21022016499808 -63.74506584428052 -28
    vertex -32.817786027149 -71.86092763300697 -28
  endloop
endfacet
facet normal -0 0 -1
  outer loop
    vertex -43.00981250732417 56.45281864751236 -28
    vertex -50.40753247143536 49.58427627758788 -28
    vertex -51.73399798167758 59.70421637398635 -28
  endloop
endfacet
facet normal 0 -0 -1
  outer loop
    vertex 13.69536053216181 -61.34713220826795 -28
    vertex 15.15716853581128 -70.09671324030109 -28
    vertex 4.660010081562515 -68.46046951731454 -28
  endloop
endfacet
facet normal 0 0 -1
  outer loop
    vertex 50.70745433182675 39.19962416228201 -28
    vertex 58.05164658362355 43.55287710330525 -28
    vertex 60.44692167057492 33.69834908949201 -28
  endloop
endfacet
facet normal 0 0 -1
  outer loop
    vertex 51.73399798167758 -59.70421637398635 -28
    vertex 50.1164157936456 -50.29731559586986 -28
    vertex 59.70421637398645 -51.73399798167746 -28
  endloop
endfacet
facet normal 0 0 -1
  outer loop
    vertex 41.39727465752337 45.00083122260087 -28
    vertex 50.66400416956751 49.1781451034818 -28
    vertex 50.70745433182675 39.19962416228201 -28
  endloop
endfacet
facet normal -0 0 -1
  outer loop
    vertex 59.70421637398638 51.73399798167756 -28
    vertex 50.66400416956751 49.1781451034818 -28
    vertex 51.73399798167749 59.70421637398643 -28
  endloop
endfacet
facet normal 0 0 -1
  outer loop
    vertex -59.70421637398645 51.73399798167747 -28
    vertex -50.40753247143536 49.58427627758788 -28
    vertex -55.81685471133943 42.59097624101648 -28
  endloop
endfacet
facet normal 0 0 -1
  outer loop
    vertex 51.18729340271636 17.43080513085689 -28
    vertex 58.50433600509931 22.87928983322641 -28
    vertex 58.9075809234434 11.79996403180641 -28
  endloop
endfacet
facet normal 0 0 -1
  outer loop
    vertex -11.2428722235895 -78.19589390859369 -28
    vertex -5.086892788812518 -71.12405471235259 -28
    vertex 8.467768044910506e-14 -79 -28
  endloop
endfacet
facet normal 0 -0 -1
  outer loop
    vertex 41.91514190574694 55.61823115191361 -28
    vertex 50.66400416956751 49.1781451034818 -28
    vertex 41.39727465752337 45.00083122260087 -28
  endloop
endfacet
facet normal 0 0 -1
  outer loop
    vertex 32.46090712418893 61.44512940333087 -28
    vertex 24.58630729423142 66.44131222978586 -28
    vertex 32.817786027149 71.86092763300697 -28
  endloop
endfacet
facet normal 0 -0 -1
  outer loop
    vertex 60.5170728666235 0.7640756216983797 -28
    vertex 60.54883937344496 -10.35050383093275 -28
    vertex 51.57176755372198 -4.750691065391477 -28
  endloop
endfacet
facet normal 0 0 -1
  outer loop
    vertex -65.7343748699756 24.5822548304426 -28
    vertex -58.54032002364977 32.22861781984368 -28
    vertex -56.27558790072284 21.22205788934777 -28
  endloop
endfacet
facet normal 0 0 -1
  outer loop
    vertex 60.5170728666235 0.7640756216983797 -28
    vertex 69.0469272615299 5.870455477486653 -28
    vertex 69.81376185614607 -4.996914917874809 -28
  endloop
endfacet
facet normal 0 -0 -1
  outer loop
    vertex -11.24287222358958 78.19589390859369 -28
    vertex -5.673188617475097 70.70772800652433 -28
    vertex -14.67491941287962 67.45951581667256 -28
  endloop
endfacet
facet normal 0 0 -1
  outer loop
    vertex -79 0 -28
    vertex -69.66871022169954 3.463806753255598 -28
    vertex -71.08366193320079 -5.288222366727029 -28
  endloop
endfacet
facet normal 0 0 -1
  outer loop
    vertex -6.403290265064279 61.45037240243467 -28
    vertex -5.673188617475097 70.70772800652433 -28
    vertex 3.955138814158036 67.43285790492079 -28
  endloop
endfacet
facet normal 0 0 -1
  outer loop
    vertex 69.81376185614607 -4.996914917874809 -28
    vertex 69.0469272615299 5.870455477486653 -28
    vertex 79 9.674709713264091e-15 -28
  endloop
endfacet
facet normal 0 0 -1
  outer loop
    vertex 51.18729340271636 17.43080513085689 -28
    vertex 58.9075809234434 11.79996403180641 -28
    vertex 51.3297299693122 6.128455057046507 -28
  endloop
endfacet
facet normal -0 0 -1
  outer loop
    vertex -35.48704119498011 -22.09541564832097 -28
    vertex -44.115095343734 -25.91144183726451 -28
    vertex -45.24085811592829 -16.67547997473705 -28
  endloop
endfacet
facet normal -0 0 -1
  outer loop
    vertex 69.81376185614607 -4.996914917874809 -28
    vertex 60.54883937344496 -10.35050383093275 -28
    vertex 60.5170728666235 0.7640756216983797 -28
  endloop
endfacet
facet normal 0 0 -1
  outer loop
    vertex 11.2428722235896 -78.19589390859367 -28
    vertex 15.15716853581128 -70.09671324030109 -28
    vertex 22.25687199047302 -75.79994491554527 -28
  endloop
endfacet
facet normal 0 0 -1
  outer loop
    vertex 69.02007904523316 -15.86364987694005 -28
    vertex 60.54883937344496 -10.35050383093275 -28
    vertex 69.81376185614607 -4.996914917874809 -28
  endloop
endfacet
facet normal 0 0 -1
  outer loop
    vertex 69.02007904523316 -15.86364987694005 -28
    vertex 68.07210594625151 -25.01013661493231 -28
    vertex 60.68880708427862 -21.04649305600825 -28
  endloop
endfacet
facet normal 0 0 -1
  outer loop
    vertex -71.08366193320079 -5.288222366727029 -28
    vertex -62.46279902260626 -4.609416608179544 -28
    vertex -66.11487396853774 -14.77076181968876 -28
  endloop
endfacet
facet normal 0 -0 -1
  outer loop
    vertex 42.18261354484707 -44.68100285863887 -28
    vertex 50.1164157936456 -50.29731559586986 -28
    vertex 42.00068334290906 -55.28255750529215 -28
  endloop
endfacet
facet normal 0 0 -1
  outer loop
    vertex 2.574785567706233 55.81051788320927 -28
    vertex 10.99401522271215 59.56055117616962 -28
    vertex 12.32405821402113 50.54397662132894 -28
  endloop
endfacet
facet normal 0 0 -1
  outer loop
    vertex -14.00759094865177 -68.17342985072466 -28
    vertex -5.086892788812518 -71.12405471235259 -28
    vertex -11.2428722235895 -78.19589390859369 -28
  endloop
endfacet
facet normal 0 0 -1
  outer loop
    vertex 50.66400416956751 49.1781451034818 -28
    vertex 58.05164658362355 43.55287710330525 -28
    vertex 50.70745433182675 39.19962416228201 -28
  endloop
endfacet
facet normal 0 -0 -1
  outer loop
    vertex -66.0995307111081 14.65648994809199 -28
    vertex -61.6230913326288 4.800670018070704 -28
    vertex -69.66871022169954 3.463806753255598 -28
  endloop
endfacet
facet normal 0 0 -1
  outer loop
    vertex -54.94363003820116 -11.06946971313389 -28
    vertex -62.46279902260626 -4.609416608179544 -28
    vertex -55.07265352423252 0.07735255930541818 -28
  endloop
endfacet
facet normal 0 0 -1
  outer loop
    vertex 50.78417749384809 28.57621900530816 -28
    vertex 58.50433600509931 22.87928983322641 -28
    vertex 51.18729340271636 17.43080513085689 -28
  endloop
endfacet
facet normal 0 -0 -1
  outer loop
    vertex -48.81669557638246 -48.81669557638254 -28
    vertex -44.11517708554879 -55.91106846979147 -28
    vertex -51.73399798167748 -59.70421637398644 -28
  endloop
endfacet
facet normal 0 0 -1
  outer loop
    vertex 60.44692167057492 33.69834908949201 -28
    vertex 58.50433600509931 22.87928983322641 -28
    vertex 50.78417749384809 28.57621900530816 -28
  endloop
endfacet
facet normal 0 0 -1
  outer loop
    vertex 22.25687199047302 -75.79994491554527 -28
    vertex 15.15716853581128 -70.09671324030109 -28
    vertex 23.32839735013056 -65.92886014452637 -28
  endloop
endfacet
facet normal 0 0 -1
  outer loop
    vertex -55.07265352423252 0.07735255930541818 -28
    vertex -61.6230913326288 4.800670018070704 -28
    vertex -55.4593025728835 11.26058186151883 -28
  endloop
endfacet
facet normal 0 0 -1
  outer loop
    vertex -32.817786027149 -71.86092763300697 -28
    vertex -32.21022016499808 -63.74506584428052 -28
    vertex -24.07232653516863 -64.58504148397046 -28
  endloop
endfacet
facet normal 0 0 -1
  outer loop
    vertex 71.86092763300698 -32.81778602714897 -28
    vertex 68.07210594625151 -25.01013661493231 -28
    vertex 75.79994491554531 -22.25687199047289 -28
  endloop
endfacet
facet normal 0 0 -1
  outer loop
    vertex 66.4590290936633 42.71062457899222 -28
    vertex 58.05164658362355 43.55287710330525 -28
    vertex 59.70421637398638 51.73399798167756 -28
  endloop
endfacet
facet normal 0 0 -1
  outer loop
    vertex 62.3091976402187 -32.05277593779449 -28
    vertex 68.07210594625151 -25.01013661493231 -28
    vertex 71.86092763300698 -32.81778602714897 -28
  endloop
endfacet
facet normal -0 0 -1
  outer loop
    vertex -55.07265352423252 0.07735255930541818 -28
    vertex -62.46279902260626 -4.609416608179544 -28
    vertex -61.6230913326288 4.800670018070704 -28
  endloop
endfacet
facet normal 0 0 -1
  outer loop
    vertex -14.67491941287962 67.45951581667256 -28
    vertex -5.673188617475097 70.70772800652433 -28
    vertex -6.403290265064279 61.45037240243467 -28
  endloop
endfacet
facet normal 0 0 -1
  outer loop
    vertex 60.68880708427862 -21.04649305600825 -28
    vertex 68.07210594625151 -25.01013661493231 -28
    vertex 62.3091976402187 -32.05277593779449 -28
  endloop
endfacet
facet normal -0 0 -1
  outer loop
    vertex 66.72277992416014 25.73866627615402 -28
    vertex 58.50433600509931 22.87928983322641 -28
    vertex 60.44692167057492 33.69834908949201 -28
  endloop
endfacet
facet normal 0 0 -1
  outer loop
    vertex 59.70421637398638 51.73399798167756 -28
    vertex 58.05164658362355 43.55287710330525 -28
    vertex 50.66400416956751 49.1781451034818 -28
  endloop
endfacet
facet normal -0.683887 -0.728266 -0.043891
  outer loop
    vertex -56.73073508763326 -68.57567860704536 88
    vertex -60.92469242765312 -64.87820784050581 91.99744930991811
    vertex -64.87820784050555 -60.92469242765338 88
  endloop
endfacet
facet normal -0.769771 -0.63681 -0.043891
  outer loop
    vertex -64.87820784050555 -60.92469242765338 88
    vertex -68.57567860704521 -56.73073508763345 91.99744930991812
    vertex -72.0025124993703 -52.31288745403017 88
  endloop
endfacet
facet normal 0.997065 -0.06273 -0.043891
  outer loop
    vertex 89.00000000000001 0 88
    vertex 88.82437883011619 -5.588356238108881 91.99744930991811
    vertex 88.29820841698853 -11.15465778722312 88
  endloop
endfacet
facet normal -0.903955 -0.425369 -0.043891
  outer loop
    vertex -77.99129452390385 -42.87607699505271 88
    vertex -80.52960766947574 -37.89435694929151 91.99744930991811
    vertex -82.75010724405438 -32.76308518893637 88
  endloop
endfacet
facet normal 0.125212 -0.991159 -0.043891
  outer loop
    vertex 16.67693699812962 -87.42356531485328 88
    vertex 11.15465778722316 -88.29820841698853 91.9974493099181
    vertex 5.588356238109001 -88.82437883011617 88
  endloop
endfacet
facet normal -0.981341 -0.187201 -0.043891
  outer loop
    vertex -86.20390134044818 -22.1333999576721 88
    vertex -87.42356531485331 -16.67693699812951 91.9974493099181
    vertex -88.29820841698854 -11.15465778722308 88
  endloop
endfacet
facet normal -0.95014 -0.308719 -0.043891
  outer loop
    vertex -82.75010724405438 -32.76308518893637 88
    vertex -84.64402995026867 -27.50251249937035 91.99744930991811
    vertex -86.20390134044818 -22.1333999576721 88
  endloop
endfacet
facet normal 0.843514 -0.53531 -0.043891
  outer loop
    vertex 77.99129452390387 -42.87607699505267 88
    vertex 75.14518536967937 -47.68858475313068 91.99744930991811
    vertex 72.00251249937033 -52.31288745403014 88
  endloop
endfacet
facet normal 0.95014 -0.308719 -0.043891
  outer loop
    vertex 86.20390134044818 -22.13339995767205 88
    vertex 84.64402995026873 -27.50251249937019 91.99744930991811
    vertex 82.75010724405439 -32.76308518893634 88
  endloop
endfacet
facet normal 0.481289 -0.875462 -0.043891
  outer loop
    vertex 47.68858475313079 -75.14518536967931 88
    vertex 42.87607699505264 -77.99129452390389 91.9974493099181
    vertex 37.89435694929154 -80.52960766947571 88
  endloop
endfacet
facet normal 0.683887 -0.728266 -0.043891
  outer loop
    vertex 64.87820784050567 -60.92469242765327 88
    vertex 60.92469242765341 -64.87820784050552 91.99744930991811
    vertex 56.73073508763341 -68.57567860704523 88
  endloop
endfacet
facet normal -0.481289 -0.875462 -0.043891
  outer loop
    vertex -37.89435694929129 -80.52960766947584 88
    vertex -42.87607699505253 -77.99129452390395 91.99744930991811
    vertex -47.68858475313054 -75.14518536967945 88
  endloop
endfacet
facet normal -0.125212 -0.991159 -0.043891
  outer loop
    vertex -5.588356238108719 -88.82437883011619 88
    vertex -11.15465778722288 -88.29820841698856 91.99744930991811
    vertex -16.67693699812934 -87.42356531485333 88
  endloop
endfacet
facet normal 0.587219 -0.808237 0.043891
  outer loop
    vertex 47.68858475313079 -75.14518536967931 96
    vertex 52.3128874540301 -72.00251249937034 92.0025506900819
    vertex 56.73073508763341 -68.57567860704523 96
  endloop
endfacet
facet normal 1.27024e-15 -0.999036 -0.043891
  outer loop
    vertex 5.588356238109001 -88.82437883011617 88
    vertex 1.417472638830936e-13 -89.00000000000001 91.99744930991811
    vertex -5.588356238108719 -88.82437883011619 88
  endloop
endfacet
facet normal 0.981341 -0.187201 -0.043891
  outer loop
    vertex 88.29820841698853 -11.15465778722312 88
    vertex 87.42356531485329 -16.67693699812958 91.99744930991811
    vertex 86.20390134044818 -22.13339995767205 88
  endloop
endfacet
facet normal -0.36777 -0.92888 -0.043891
  outer loop
    vertex -27.50251249937019 -84.64402995026873 88
    vertex -32.76308518893618 -82.75010724405445 91.99744930991812
    vertex -37.89435694929129 -80.52960766947584 88
  endloop
endfacet
facet normal 0.769771 -0.63681 -0.043891
  outer loop
    vertex 72.00251249937033 -52.31288745403014 88
    vertex 68.57567860704526 -56.73073508763338 91.99744930991811
    vertex 64.87820784050567 -60.92469242765327 88
  endloop
endfacet
facet normal -0.58722 -0.808238 0.043863
  outer loop
    vertex -56.73073508763326 -68.57567860704536 96
    vertex -52.31277398435346 -72.00259493977946 92
    vertex -47.68858475313054 -75.14518536967945 96
  endloop
endfacet
facet normal 0.248451 -0.967651 -0.043863
  outer loop
    vertex 27.50251249937046 -84.64402995026863 88
    vertex 22.13353580739294 -86.2038664600542 92
    vertex 16.67693699812962 -87.42356531485328 88
  endloop
endfacet
facet normal 0.248451 -0.967651 0.043863
  outer loop
    vertex 16.67693699812962 -87.42356531485328 96
    vertex 22.13353580739294 -86.2038664600542 92
    vertex 27.50251249937046 -84.64402995026863 96
  endloop
endfacet
facet normal -0.248451 -0.967651 0.043863
  outer loop
    vertex -27.50251249937019 -84.64402995026873 96
    vertex -22.13353580739312 -86.20386646005416 92
    vertex -16.67693699812934 -87.42356531485333 96
  endloop
endfacet
facet normal 0.903956 -0.42537 0.043863
  outer loop
    vertex 77.99129452390387 -42.87607699505267 96
    vertex 80.52954795120995 -37.89448385680666 92
    vertex 82.75010724405439 -32.76308518893634 96
  endloop
endfacet
facet normal -0.997066 -0.0627301 -0.043863
  outer loop
    vertex -88.29820841698854 -11.15465778722308 88
    vertex -88.82437002324916 -5.588496217491766 92
    vertex -89.00000000000001 1.089935651241144e-14 88
  endloop
endfacet
facet normal -0.997066 -0.0627301 0.043863
  outer loop
    vertex -89.00000000000001 1.089935651241144e-14 96
    vertex -88.82437002324916 -5.588496217491766 92
    vertex -88.29820841698854 -11.15465778722308 96
  endloop
endfacet
facet normal -0.248451 -0.967651 -0.043863
  outer loop
    vertex -16.67693699812934 -87.42356531485333 88
    vertex -22.13353580739312 -86.20386646005416 92
    vertex -27.50251249937019 -84.64402995026873 88
  endloop
endfacet
facet normal -0.58722 -0.808238 -0.043863
  outer loop
    vertex -47.68858475313054 -75.14518536967945 88
    vertex -52.31277398435346 -72.00259493977946 92
    vertex -56.73073508763326 -68.57567860704536 88
  endloop
endfacet
facet normal -0.843515 -0.535311 -0.043863
  outer loop
    vertex -72.0025124993703 -52.31288745403017 88
    vertex -75.14511021658089 -47.68870317525852 92
    vertex -77.99129452390385 -42.87607699505271 88
  endloop
endfacet
facet normal 0.903956 -0.42537 -0.043863
  outer loop
    vertex 82.75010724405439 -32.76308518893634 88
    vertex 80.52954795120995 -37.89448385680666 92
    vertex 77.99129452390387 -42.87607699505267 88
  endloop
endfacet
facet normal -0.843515 -0.535311 0.043863
  outer loop
    vertex -77.99129452390385 -42.87607699505271 96
    vertex -75.14511021658089 -47.68870317525852 92
    vertex -72.0025124993703 -52.31288745403017 96
  endloop
endfacet
facet normal 0.36777 -0.928882 0.043863
  outer loop
    vertex 27.50251249937046 -84.64402995026863 96
    vertex 32.76295478202213 -82.7501588756854 92
    vertex 37.89435694929154 -80.52960766947571 96
  endloop
endfacet
facet normal 0.36777 -0.928882 -0.043863
  outer loop
    vertex 37.89435694929154 -80.52960766947571 88
    vertex 32.76295478202213 -82.7501588756854 92
    vertex 27.50251249937046 -84.64402995026863 88
  endloop
endfacet
facet normal -0.769773 -0.636811 0.0438351
  outer loop
    vertex -72.0025124993703 -52.31288745403017 96
    vertex -68.57567860704521 -56.73073508763345 91.99744930991812
    vertex -64.87820784050555 -60.92469242765338 96
  endloop
endfacet
facet normal -0.683889 -0.728268 0.0438351
  outer loop
    vertex -64.87820784050555 -60.92469242765338 96
    vertex -60.92469242765312 -64.87820784050581 91.99744930991811
    vertex -56.73073508763326 -68.57567860704536 96
  endloop
endfacet
facet normal 0.997067 -0.0627302 0.0438351
  outer loop
    vertex 88.29820841698853 -11.15465778722312 96
    vertex 88.82437883011619 -5.588356238108881 91.99744930991811
    vertex 89.00000000000001 0 96
  endloop
endfacet
facet normal -0.481291 -0.875464 0.0438351
  outer loop
    vertex -47.68858475313054 -75.14518536967945 96
    vertex -42.87607699505253 -77.99129452390395 91.99744930991811
    vertex -37.89435694929129 -80.52960766947584 96
  endloop
endfacet
facet normal -0.903957 -0.42537 0.0438351
  outer loop
    vertex -82.75010724405438 -32.76308518893637 96
    vertex -80.52960766947574 -37.89435694929151 91.99744930991811
    vertex -77.99129452390385 -42.87607699505271 96
  endloop
endfacet
facet normal -0.125213 -0.991161 0.0438351
  outer loop
    vertex -16.67693699812934 -87.42356531485333 96
    vertex -11.15465778722288 -88.29820841698856 91.99744930991811
    vertex -5.588356238108719 -88.82437883011619 96
  endloop
endfacet
facet normal 0.950142 -0.30872 0.0438351
  outer loop
    vertex 82.75010724405439 -32.76308518893634 96
    vertex 84.64402995026873 -27.50251249937019 91.99744930991811
    vertex 86.20390134044818 -22.13339995767205 96
  endloop
endfacet
facet normal 0.843516 -0.535312 0.0438351
  outer loop
    vertex 72.00251249937033 -52.31288745403014 96
    vertex 75.14518536967937 -47.68858475313068 91.99744930991811
    vertex 77.99129452390387 -42.87607699505267 96
  endloop
endfacet
facet normal -0.981343 -0.187201 0.0438351
  outer loop
    vertex -88.29820841698854 -11.15465778722308 96
    vertex -87.42356531485331 -16.67693699812951 91.9974493099181
    vertex -86.20390134044818 -22.1333999576721 96
  endloop
endfacet
facet normal 0.125213 -0.991161 0.0438351
  outer loop
    vertex 5.588356238109001 -88.82437883011617 96
    vertex 11.15465778722316 -88.29820841698853 91.9974493099181
    vertex 16.67693699812962 -87.42356531485328 96
  endloop
endfacet
facet normal 0.683889 -0.728268 0.0438351
  outer loop
    vertex 56.73073508763341 -68.57567860704523 96
    vertex 60.92469242765341 -64.87820784050552 91.99744930991811
    vertex 64.87820784050567 -60.92469242765327 96
  endloop
endfacet
facet normal -0.950142 -0.30872 0.0438351
  outer loop
    vertex -86.20390134044818 -22.1333999576721 96
    vertex -84.64402995026867 -27.50251249937035 91.99744930991811
    vertex -82.75010724405438 -32.76308518893637 96
  endloop
endfacet
facet normal 0.481291 -0.875464 0.0438351
  outer loop
    vertex 37.89435694929154 -80.52960766947571 96
    vertex 42.87607699505264 -77.99129452390389 91.9974493099181
    vertex 47.68858475313079 -75.14518536967931 96
  endloop
endfacet
facet normal -0.367771 -0.928883 0.0438351
  outer loop
    vertex -37.89435694929129 -80.52960766947584 96
    vertex -32.76308518893618 -82.75010724405445 91.99744930991812
    vertex -27.50251249937019 -84.64402995026873 96
  endloop
endfacet
facet normal 0.769773 -0.636811 0.0438351
  outer loop
    vertex 64.87820784050567 -60.92469242765327 96
    vertex 68.57567860704526 -56.73073508763338 91.99744930991811
    vertex 72.00251249937033 -52.31288745403014 96
  endloop
endfacet
facet normal 1.27025e-15 -0.999039 0.0438351
  outer loop
    vertex -5.588356238108719 -88.82437883011619 96
    vertex 1.417472638830936e-13 -89.00000000000001 91.99744930991811
    vertex 5.588356238109001 -88.82437883011617 96
  endloop
endfacet
facet normal 0.981343 -0.187201 0.0438351
  outer loop
    vertex 86.20390134044818 -22.13339995767205 96
    vertex 87.42356531485329 -16.67693699812958 91.99744930991811
    vertex 88.29820841698853 -11.15465778722312 96
  endloop
endfacet
facet normal 0.58722 -0.808239 -0.0438351
  outer loop
    vertex 56.73073508763341 -68.57567860704523 88
    vertex 52.3128874540301 -72.00251249937034 92.0025506900819
    vertex 47.68858475313079 -75.14518536967931 88
  endloop
endfacet
facet normal 0.917754 -0.397149 0
  outer loop
    vertex 82.75010724405439 -32.76308518893634 96
    vertex 80.52954795120995 -37.89448385680666 92
    vertex 82.75010724405439 -32.76308518893634 88
  endloop
endfacet
facet normal -0.218144 -0.975917 -0
  outer loop
    vertex -16.67693699812934 -87.42356531485333 96
    vertex -22.13353580739312 -86.20386646005416 92
    vertex -16.67693699812934 -87.42356531485333 88
  endloop
endfacet
facet normal 0.397147 -0.917755 0
  outer loop
    vertex 37.89435694929154 -80.52960766947571 96
    vertex 32.76295478202213 -82.7501588756854 92
    vertex 37.89435694929154 -80.52960766947571 88
  endloop
endfacet
facet normal -0.860742 -0.509042 0
  outer loop
    vertex -77.99129452390385 -42.87607699505271 88
    vertex -75.14511021658089 -47.68870317525852 92
    vertex -77.99129452390385 -42.87607699505271 96
  endloop
endfacet
facet normal -0.999507 -0.0314115 0
  outer loop
    vertex -89.00000000000001 1.089935651241144e-14 88
    vertex -88.82437002324916 -5.588496217491766 92
    vertex -89.00000000000001 1.089935651241144e-14 96
  endloop
endfacet
facet normal -0.612906 -0.790155 0
  outer loop
    vertex -56.73073508763326 -68.57567860704536 88
    vertex -52.31277398435346 -72.00259493977946 92
    vertex -56.73073508763326 -68.57567860704536 96
  endloop
endfacet
facet normal 0.218144 -0.975917 0
  outer loop
    vertex 16.67693699812962 -87.42356531485328 88
    vertex 22.13353580739294 -86.2038664600542 92
    vertex 16.67693699812962 -87.42356531485328 96
  endloop
endfacet
facet normal -0.790155 -0.612907 0
  outer loop
    vertex -72.0025124993703 -52.31288745403017 88
    vertex -68.57567860704521 -56.73073508763345 91.99744930991812
    vertex -72.0025124993703 -52.31288745403017 96
  endloop
endfacet
facet normal -0.509041 -0.860742 0
  outer loop
    vertex -47.68858475313054 -75.14518536967945 88
    vertex -42.87607699505253 -77.99129452390395 91.99744930991811
    vertex -47.68858475313054 -75.14518536967945 96
  endloop
endfacet
facet normal 0.707107 -0.707107 0
  outer loop
    vertex 64.87820784050567 -60.92469242765327 96
    vertex 60.92469242765341 -64.87820784050552 91.99744930991811
    vertex 64.87820784050567 -60.92469242765327 88
  endloop
endfacet
facet normal 0.995562 -0.0941083 0
  outer loop
    vertex 88.29820841698853 -11.15465778722312 88
    vertex 88.82437883011619 -5.588356238108881 91.99744930991811
    vertex 88.29820841698853 -11.15465778722312 96
  endloop
endfacet
facet normal -0.661312 -0.750111 -0
  outer loop
    vertex -56.73073508763326 -68.57567860704536 96
    vertex -60.92469242765312 -64.87820784050581 91.99744930991811
    vertex -56.73073508763326 -68.57567860704536 88
  endloop
endfacet
facet normal -0.0941083 -0.995562 -0
  outer loop
    vertex -5.588356238108719 -88.82437883011619 96
    vertex -11.15465778722288 -88.29820841698856 91.99744930991811
    vertex -5.588356238108719 -88.82437883011619 88
  endloop
endfacet
facet normal 0.0941083 -0.995562 0
  outer loop
    vertex 5.588356238109001 -88.82437883011617 88
    vertex 11.15465778722316 -88.29820841698853 91.9974493099181
    vertex 5.588356238109001 -88.82437883011617 96
  endloop
endfacet
facet normal 0.860742 -0.509041 0
  outer loop
    vertex 77.99129452390387 -42.87607699505267 96
    vertex 75.14518536967937 -47.68858475313068 91.99744930991811
    vertex 77.99129452390387 -42.87607699505267 88
  endloop
endfacet
facet normal 0.960294 -0.278991 0
  outer loop
    vertex 86.20390134044818 -22.13339995767205 96
    vertex 84.64402995026873 -27.50251249937019 91.99744930991811
    vertex 86.20390134044818 -22.13339995767205 88
  endloop
endfacet
facet normal 0.45399 -0.891007 0
  outer loop
    vertex 37.89435694929154 -80.52960766947571 88
    vertex 42.87607699505264 -77.99129452390389 91.9974493099181
    vertex 37.89435694929154 -80.52960766947571 96
  endloop
endfacet
facet normal -0.891007 -0.45399 -0
  outer loop
    vertex -77.99129452390385 -42.87607699505271 96
    vertex -80.52960766947574 -37.89435694929151 91.99744930991811
    vertex -77.99129452390385 -42.87607699505271 88
  endloop
endfacet
facet normal -0.975917 -0.218143 -0
  outer loop
    vertex -86.20390134044818 -22.1333999576721 96
    vertex -87.42356531485331 -16.67693699812951 91.9974493099181
    vertex -86.20390134044818 -22.1333999576721 88
  endloop
endfacet
facet normal -0.917755 -0.397148 0
  outer loop
    vertex -82.75010724405438 -32.76308518893637 88
    vertex -80.52960766947574 -37.89435694929151 91.99744930991811
    vertex -82.75010724405438 -32.76308518893637 96
  endloop
endfacet
facet normal -0.707107 -0.707107 0
  outer loop
    vertex -64.87820784050555 -60.92469242765338 88
    vertex -60.92469242765312 -64.87820784050581 91.99744930991811
    vertex -64.87820784050555 -60.92469242765338 96
  endloop
endfacet
facet normal -0.987688 -0.156434 0
  outer loop
    vertex -88.29820841698854 -11.15465778722308 88
    vertex -87.42356531485331 -16.67693699812951 91.9974493099181
    vertex -88.29820841698854 -11.15465778722308 96
  endloop
endfacet
facet normal -0.960294 -0.278991 0
  outer loop
    vertex -86.20390134044818 -22.1333999576721 88
    vertex -84.64402995026867 -27.50251249937035 91.99744930991811
    vertex -86.20390134044818 -22.1333999576721 96
  endloop
endfacet
facet normal -0.940881 -0.338738 -0
  outer loop
    vertex -82.75010724405438 -32.76308518893637 96
    vertex -84.64402995026867 -27.50251249937035 91.99744930991811
    vertex -82.75010724405438 -32.76308518893637 88
  endloop
endfacet
facet normal -0.750111 -0.661312 -0
  outer loop
    vertex -64.87820784050555 -60.92469242765338 96
    vertex -68.57567860704521 -56.73073508763345 91.99744930991812
    vertex -64.87820784050555 -60.92469242765338 88
  endloop
endfacet
facet normal 0.999507 -0.0314108 0
  outer loop
    vertex 89.00000000000001 0 96
    vertex 88.82437883011619 -5.588356238108881 91.99744930991811
    vertex 89.00000000000001 0 88
  endloop
endfacet
facet normal 0.827081 -0.562083 0
  outer loop
    vertex 72.00251249937033 -52.31288745403014 88
    vertex 75.14518536967937 -47.68858475313068 91.99744930991811
    vertex 72.00251249937033 -52.31288745403014 96
  endloop
endfacet
facet normal 0.940881 -0.338738 0
  outer loop
    vertex 82.75010724405439 -32.76308518893634 88
    vertex 84.64402995026873 -27.50251249937019 91.99744930991811
    vertex 82.75010724405439 -32.76308518893634 96
  endloop
endfacet
facet normal -0.397148 -0.917755 0
  outer loop
    vertex -37.89435694929129 -80.52960766947584 88
    vertex -32.76308518893618 -82.75010724405445 91.99744930991812
    vertex -37.89435694929129 -80.52960766947584 96
  endloop
endfacet
facet normal -0.0314108 -0.999507 0
  outer loop
    vertex -5.588356238108719 -88.82437883011619 88
    vertex 1.417472638830936e-13 -89.00000000000001 91.99744930991811
    vertex -5.588356238108719 -88.82437883011619 96
  endloop
endfacet
facet normal 0.156434 -0.987688 0
  outer loop
    vertex 16.67693699812962 -87.42356531485328 96
    vertex 11.15465778722316 -88.29820841698853 91.9974493099181
    vertex 16.67693699812962 -87.42356531485328 88
  endloop
endfacet
facet normal 0.509041 -0.860742 0
  outer loop
    vertex 47.68858475313079 -75.14518536967931 96
    vertex 42.87607699505264 -77.99129452390389 91.9974493099181
    vertex 47.68858475313079 -75.14518536967931 88
  endloop
endfacet
facet normal 0.661312 -0.750111 0
  outer loop
    vertex 56.73073508763341 -68.57567860704523 88
    vertex 60.92469242765341 -64.87820784050552 91.99744930991811
    vertex 56.73073508763341 -68.57567860704523 96
  endloop
endfacet
facet normal 0.750111 -0.661312 0
  outer loop
    vertex 64.87820784050567 -60.92469242765327 88
    vertex 68.57567860704526 -56.73073508763338 91.99744930991811
    vertex 64.87820784050567 -60.92469242765327 96
  endloop
endfacet
facet normal 0.975917 -0.218143 0
  outer loop
    vertex 86.20390134044818 -22.13339995767205 88
    vertex 87.42356531485329 -16.67693699812958 91.99744930991811
    vertex 86.20390134044818 -22.13339995767205 96
  endloop
endfacet
facet normal -0.45399 -0.891007 -0
  outer loop
    vertex -37.89435694929129 -80.52960766947584 96
    vertex -42.87607699505253 -77.99129452390395 91.99744930991811
    vertex -37.89435694929129 -80.52960766947584 88
  endloop
endfacet
facet normal -0.338738 -0.940881 -0
  outer loop
    vertex -27.50251249937019 -84.64402995026873 96
    vertex -32.76308518893618 -82.75010724405445 91.99744930991812
    vertex -27.50251249937019 -84.64402995026873 88
  endloop
endfacet
facet normal -0.156434 -0.987688 0
  outer loop
    vertex -16.67693699812934 -87.42356531485333 88
    vertex -11.15465778722288 -88.29820841698856 91.99744930991811
    vertex -16.67693699812934 -87.42356531485333 96
  endloop
endfacet
facet normal 0.0314108 -0.999507 0
  outer loop
    vertex 5.588356238109001 -88.82437883011617 96
    vertex 1.417472638830936e-13 -89.00000000000001 91.99744930991811
    vertex 5.588356238109001 -88.82437883011617 88
  endloop
endfacet
facet normal 0.562083 -0.827081 0
  outer loop
    vertex 47.68858475313079 -75.14518536967931 88
    vertex 52.3128874540301 -72.00251249937034 92.0025506900819
    vertex 47.68858475313079 -75.14518536967931 96
  endloop
endfacet
facet normal 0.612907 -0.790155 0
  outer loop
    vertex 56.73073508763341 -68.57567860704523 96
    vertex 52.3128874540301 -72.00251249937034 92.0025506900819
    vertex 56.73073508763341 -68.57567860704523 88
  endloop
endfacet
facet normal 0.790155 -0.612907 0
  outer loop
    vertex 72.00251249937033 -52.31288745403014 96
    vertex 68.57567860704526 -56.73073508763338 91.99744930991811
    vertex 72.00251249937033 -52.31288745403014 88
  endloop
endfacet
facet normal 0.987688 -0.156434 0
  outer loop
    vertex 88.29820841698853 -11.15465778722312 96
    vertex 87.42356531485329 -16.67693699812958 91.99744930991811
    vertex 88.29820841698853 -11.15465778722312 88
  endloop
endfacet
facet normal 0.278992 -0.960293 0
  outer loop
    vertex 27.50251249937046 -84.64402995026863 96
    vertex 22.13353580739294 -86.2038664600542 92
    vertex 27.50251249937046 -84.64402995026863 88
  endloop
endfacet
facet normal -0.562083 -0.827081 -0
  outer loop
    vertex -47.68858475313054 -75.14518536967945 96
    vertex -52.31277398435346 -72.00259493977946 92
    vertex -47.68858475313054 -75.14518536967945 88
  endloop
endfacet
facet normal -0.995562 -0.0941091 -0
  outer loop
    vertex -88.29820841698854 -11.15465778722308 96
    vertex -88.82437002324916 -5.588496217491766 92
    vertex -88.29820841698854 -11.15465778722308 88
  endloop
endfacet
facet normal -0.82708 -0.562084 -0
  outer loop
    vertex -72.0025124993703 -52.31288745403017 96
    vertex -75.14511021658089 -47.68870317525852 92
    vertex -72.0025124993703 -52.31288745403017 88
  endloop
endfacet
facet normal 0.338737 -0.940881 0
  outer loop
    vertex 27.50251249937046 -84.64402995026863 88
    vertex 32.76295478202213 -82.7501588756854 92
    vertex 27.50251249937046 -84.64402995026863 96
  endloop
endfacet
facet normal -0.278992 -0.960293 0
  outer loop
    vertex -27.50251249937019 -84.64402995026873 88
    vertex -22.13353580739312 -86.20386646005416 92
    vertex -27.50251249937019 -84.64402995026873 96
  endloop
endfacet
facet normal 0.891006 -0.453991 0
  outer loop
    vertex 77.99129452390387 -42.87607699505267 88
    vertex 80.52954795120995 -37.89448385680666 92
    vertex 77.99129452390387 -42.87607699505267 96
  endloop
endfacet
facet normal 0 0 -1
  outer loop
    vertex 27.50251249937014 84.64402995026873 88
    vertex 37.89435694929128 80.52960766947585 88
    vertex 32.81778602714908 71.86092763300692 88
  endloop
endfacet
facet normal 0 0 -1
  outer loop
    vertex -37.89435694929129 -80.52960766947584 88
    vertex -32.81778602714908 -71.86092763300692 88
    vertex -27.50251249937019 -84.64402995026873 88
  endloop
endfacet
facet normal 0 0 -1
  outer loop
    vertex -37.89435694929155 80.52960766947571 88
    vertex -27.50251249937043 84.64402995026865 88
    vertex -32.817786027149 71.86092763300697 88
  endloop
endfacet
facet normal -0 0 -1
  outer loop
    vertex 37.89435694929154 -80.52960766947571 88
    vertex 27.50251249937046 -84.64402995026863 88
    vertex 32.817786027149 -71.86092763300697 88
  endloop
endfacet
facet normal 0 -0 -1
  outer loop
    vertex 27.50251249937014 84.64402995026873 88
    vertex 32.81778602714908 71.86092763300692 88
    vertex 22.25687199047299 75.79994491554528 88
  endloop
endfacet
facet normal 0 0 -1
  outer loop
    vertex -32.81778602714908 -71.86092763300692 88
    vertex -22.25687199047302 -75.79994491554527 88
    vertex -27.50251249937019 -84.64402995026873 88
  endloop
endfacet
facet normal 0 0 -1
  outer loop
    vertex -32.817786027149 71.86092763300697 88
    vertex -27.50251249937043 84.64402995026865 88
    vertex -22.25687199047291 75.7999449155453 88
  endloop
endfacet
facet normal 0 0 -1
  outer loop
    vertex 32.817786027149 -71.86092763300697 88
    vertex 27.50251249937046 -84.64402995026863 88
    vertex 22.25687199047292 -75.7999449155453 88
  endloop
endfacet
facet normal 0 0 -1
  outer loop
    vertex 88.29820841698853 11.1546577872231 88
    vertex 78.19589390859369 11.24287222358951 88
    vertex 86.20390134044817 22.13339995767212 88
  endloop
endfacet
facet normal 0 0 -1
  outer loop
    vertex -88.29820841698854 -11.15465778722308 88
    vertex -78.19589390859369 -11.24287222358951 88
    vertex -86.20390134044818 -22.1333999576721 88
  endloop
endfacet
facet normal 0 0 -1
  outer loop
    vertex -88.29820841698853 11.1546577872231 88
    vertex -86.20390134044818 22.13339995767208 88
    vertex -78.19589390859369 11.24287222358956 88
  endloop
endfacet
facet normal 0 0 -1
  outer loop
    vertex 88.29820841698853 -11.15465778722312 88
    vertex 86.20390134044818 -22.13339995767205 88
    vertex 78.19589390859369 -11.24287222358954 88
  endloop
endfacet
facet normal 0 0 -1
  outer loop
    vertex 78.19589390859369 11.24287222358951 88
    vertex 75.7999449155453 22.25687199047292 88
    vertex 86.20390134044817 22.13339995767212 88
  endloop
endfacet
facet normal 0 -0 -1
  outer loop
    vertex -78.19589390859369 -11.24287222358951 88
    vertex -75.79994491554531 -22.25687199047289 88
    vertex -86.20390134044818 -22.1333999576721 88
  endloop
endfacet
facet normal -0 0 -1
  outer loop
    vertex 86.20390134044818 -22.13339995767205 88
    vertex 75.7999449155453 -22.25687199047295 88
    vertex 78.19589390859369 -11.24287222358954 88
  endloop
endfacet
facet normal 0 0 -1
  outer loop
    vertex -78.19589390859369 11.24287222358956 88
    vertex -86.20390134044818 22.13339995767208 88
    vertex -75.7999449155453 22.25687199047294 88
  endloop
endfacet
facet normal -0 0 -1
  outer loop
    vertex 64.87820784050567 -60.92469242765327 88
    vertex 56.73073508763341 -68.57567860704523 88
    vertex 51.73399798167748 -59.70421637398644 88
  endloop
endfacet
facet normal 0 0 -1
  outer loop
    vertex -64.87820784050568 60.92469242765326 88
    vertex -56.73073508763346 68.57567860704521 88
    vertex -51.73399798167749 59.70421637398643 88
  endloop
endfacet
facet normal 0 0 -1
  outer loop
    vertex -64.87820784050555 -60.92469242765338 88
    vertex -51.73399798167758 -59.70421637398635 88
    vertex -56.73073508763326 -68.57567860704536 88
  endloop
endfacet
facet normal 0 -0 -1
  outer loop
    vertex 56.73073508763327 68.57567860704536 88
    vertex 64.87820784050555 60.9246924276534 88
    vertex 51.73399798167758 59.70421637398635 88
  endloop
endfacet
facet normal 0 0 -1
  outer loop
    vertex -59.70421637398638 51.73399798167756 88
    vertex -64.87820784050568 60.92469242765326 88
    vertex -51.73399798167749 59.70421637398643 88
  endloop
endfacet
facet normal 0 -0 -1
  outer loop
    vertex 59.70421637398637 -51.73399798167756 88
    vertex 64.87820784050567 -60.92469242765327 88
    vertex 51.73399798167748 -59.70421637398644 88
  endloop
endfacet
facet normal 0 -0 -1
  outer loop
    vertex -59.70421637398645 -51.73399798167746 88
    vertex -51.73399798167758 -59.70421637398635 88
    vertex -64.87820784050555 -60.92469242765338 88
  endloop
endfacet
facet normal 0 0 -1
  outer loop
    vertex 64.87820784050555 60.9246924276534 88
    vertex 59.70421637398645 51.73399798167747 88
    vertex 51.73399798167758 59.70421637398635 88
  endloop
endfacet
facet normal 0 0 -1
  outer loop
    vertex -27.50251249937019 -84.64402995026873 88
    vertex -22.25687199047302 -75.79994491554527 88
    vertex -16.67693699812934 -87.42356531485333 88
  endloop
endfacet
facet normal 0 0 -1
  outer loop
    vertex 16.67693699812931 87.42356531485333 88
    vertex 27.50251249937014 84.64402995026873 88
    vertex 22.25687199047299 75.79994491554528 88
  endloop
endfacet
facet normal -0 0 -1
  outer loop
    vertex 27.50251249937046 -84.64402995026863 88
    vertex 16.67693699812962 -87.42356531485328 88
    vertex 22.25687199047292 -75.7999449155453 88
  endloop
endfacet
facet normal 0 0 -1
  outer loop
    vertex -27.50251249937043 84.64402995026865 88
    vertex -16.67693699812963 87.42356531485328 88
    vertex -22.25687199047291 75.7999449155453 88
  endloop
endfacet
facet normal 0 0 -1
  outer loop
    vertex -22.25687199047302 -75.79994491554527 88
    vertex -11.2428722235896 -78.19589390859367 88
    vertex -16.67693699812934 -87.42356531485333 88
  endloop
endfacet
facet normal 0 -0 -1
  outer loop
    vertex 16.67693699812931 87.42356531485333 88
    vertex 22.25687199047299 75.79994491554528 88
    vertex 11.24287222358958 78.19589390859369 88
  endloop
endfacet
facet normal 0 0 -1
  outer loop
    vertex -22.25687199047291 75.7999449155453 88
    vertex -16.67693699812963 87.42356531485328 88
    vertex -11.24287222358948 78.19589390859369 88
  endloop
endfacet
facet normal 0 0 -1
  outer loop
    vertex 22.25687199047292 -75.7999449155453 88
    vertex 16.67693699812962 -87.42356531485328 88
    vertex 11.2428722235895 -78.19589390859369 88
  endloop
endfacet
facet normal 0 0 -1
  outer loop
    vertex -86.20390134044818 -22.1333999576721 88
    vertex -75.79994491554531 -22.25687199047289 88
    vertex -82.75010724405438 -32.76308518893637 88
  endloop
endfacet
facet normal 0 0 -1
  outer loop
    vertex 86.20390134044817 22.13339995767212 88
    vertex 75.7999449155453 22.25687199047292 88
    vertex 82.75010724405438 32.76308518893639 88
  endloop
endfacet
facet normal 0 0 -1
  outer loop
    vertex 86.20390134044818 -22.13339995767205 88
    vertex 82.75010724405439 -32.76308518893634 88
    vertex 75.7999449155453 -22.25687199047295 88
  endloop
endfacet
facet normal 0 0 -1
  outer loop
    vertex -86.20390134044818 22.13339995767208 88
    vertex -82.75010724405442 32.76308518893629 88
    vertex -75.7999449155453 22.25687199047294 88
  endloop
endfacet
facet normal 0 -0 -1
  outer loop
    vertex -75.79994491554531 -22.25687199047289 88
    vertex -71.86092763300698 -32.81778602714897 88
    vertex -82.75010724405438 -32.76308518893637 88
  endloop
endfacet
facet normal 0 0 -1
  outer loop
    vertex 75.7999449155453 22.25687199047292 88
    vertex 71.86092763300698 32.81778602714897 88
    vertex 82.75010724405438 32.76308518893639 88
  endloop
endfacet
facet normal -0 0 -1
  outer loop
    vertex 82.75010724405439 -32.76308518893634 88
    vertex 71.86092763300692 -32.81778602714909 88
    vertex 75.7999449155453 -22.25687199047295 88
  endloop
endfacet
facet normal 0 0 -1
  outer loop
    vertex -75.7999449155453 22.25687199047294 88
    vertex -82.75010724405442 32.76308518893629 88
    vertex -71.86092763300694 32.81778602714905 88
  endloop
endfacet
facet normal 0 0 -1
  outer loop
    vertex -72.00251249937037 52.31288745403006 88
    vertex -64.87820784050568 60.92469242765326 88
    vertex -59.70421637398638 51.73399798167756 88
  endloop
endfacet
facet normal -0 0 -1
  outer loop
    vertex 72.00251249937033 -52.31288745403014 88
    vertex 64.87820784050567 -60.92469242765327 88
    vertex 59.70421637398637 -51.73399798167756 88
  endloop
endfacet
facet normal 0 0 -1
  outer loop
    vertex -72.0025124993703 -52.31288745403017 88
    vertex -59.70421637398645 -51.73399798167746 88
    vertex -64.87820784050555 -60.92469242765338 88
  endloop
endfacet
facet normal 0 -0 -1
  outer loop
    vertex 64.87820784050555 60.9246924276534 88
    vertex 72.00251249937027 52.3128874540302 88
    vertex 59.70421637398645 51.73399798167747 88
  endloop
endfacet
facet normal 0 0 -1
  outer loop
    vertex -66.4590290936633 42.71062457899222 88
    vertex -72.00251249937037 52.31288745403006 88
    vertex -59.70421637398638 51.73399798167756 88
  endloop
endfacet
facet normal 0 -0 -1
  outer loop
    vertex 66.45902909366332 -42.7106245789922 88
    vertex 72.00251249937033 -52.31288745403014 88
    vertex 59.70421637398637 -51.73399798167756 88
  endloop
endfacet
facet normal 0 -0 -1
  outer loop
    vertex -66.45902909366335 -42.71062457899215 88
    vertex -59.70421637398645 -51.73399798167746 88
    vertex -72.0025124993703 -52.31288745403017 88
  endloop
endfacet
facet normal 0 0 -1
  outer loop
    vertex 72.00251249937027 52.3128874540302 88
    vertex 66.45902909366336 42.71062457899215 88
    vertex 59.70421637398645 51.73399798167747 88
  endloop
endfacet
facet normal 0 0 -1
  outer loop
    vertex -11.2428722235896 -78.19589390859367 88
    vertex -8.467768044910506e-14 -79 88
    vertex -5.588356238108719 -88.82437883011619 88
  endloop
endfacet
facet normal 0 0 -1
  outer loop
    vertex 3.992024267575334e-14 79 88
    vertex 5.588356238108747 88.82437883011619 88
    vertex 11.24287222358958 78.19589390859369 88
  endloop
endfacet
facet normal 0 0 -1
  outer loop
    vertex -8.467768044910506e-14 -79 88
    vertex 11.2428722235895 -78.19589390859369 88
    vertex 5.588356238109001 -88.82437883011617 88
  endloop
endfacet
facet normal 0 0 -1
  outer loop
    vertex -11.24287222358948 78.19589390859369 88
    vertex -5.588356238109032 88.82437883011617 88
    vertex 3.992024267575334e-14 79 88
  endloop
endfacet
facet normal 0 0 -1
  outer loop
    vertex -16.67693699812934 -87.42356531485333 88
    vertex -11.2428722235896 -78.19589390859367 88
    vertex -5.588356238108719 -88.82437883011619 88
  endloop
endfacet
facet normal 0 0 -1
  outer loop
    vertex 5.588356238108747 88.82437883011619 88
    vertex 16.67693699812931 87.42356531485333 88
    vertex 11.24287222358958 78.19589390859369 88
  endloop
endfacet
facet normal 0 -0 -1
  outer loop
    vertex 11.2428722235895 -78.19589390859369 88
    vertex 16.67693699812962 -87.42356531485328 88
    vertex 5.588356238109001 -88.82437883011617 88
  endloop
endfacet
facet normal 0 0 -1
  outer loop
    vertex -16.67693699812963 87.42356531485328 88
    vertex -5.588356238109032 88.82437883011617 88
    vertex -11.24287222358948 78.19589390859369 88
  endloop
endfacet
facet normal 0 0 -1
  outer loop
    vertex -71.86092763300694 32.81778602714905 88
    vertex -77.99129452390389 42.87607699505263 88
    vertex -66.4590290936633 42.71062457899222 88
  endloop
endfacet
facet normal 0 -0 -1
  outer loop
    vertex -71.86092763300698 -32.81778602714897 88
    vertex -66.45902909366335 -42.71062457899215 88
    vertex -77.99129452390385 -42.87607699505271 88
  endloop
endfacet
facet normal 0 0 -1
  outer loop
    vertex 71.86092763300698 32.81778602714897 88
    vertex 66.45902909366336 42.71062457899215 88
    vertex 77.99129452390385 42.87607699505272 88
  endloop
endfacet
facet normal 0 0 -1
  outer loop
    vertex 77.99129452390387 -42.87607699505267 88
    vertex 66.45902909366332 -42.7106245789922 88
    vertex 71.86092763300692 -32.81778602714909 88
  endloop
endfacet
facet normal 0 0 -1
  outer loop
    vertex -82.75010724405438 -32.76308518893637 88
    vertex -71.86092763300698 -32.81778602714897 88
    vertex -77.99129452390385 -42.87607699505271 88
  endloop
endfacet
facet normal 0 0 -1
  outer loop
    vertex 82.75010724405438 32.76308518893639 88
    vertex 71.86092763300698 32.81778602714897 88
    vertex 77.99129452390385 42.87607699505272 88
  endloop
endfacet
facet normal 0 0 -1
  outer loop
    vertex -82.75010724405442 32.76308518893629 88
    vertex -77.99129452390389 42.87607699505263 88
    vertex -71.86092763300694 32.81778602714905 88
  endloop
endfacet
facet normal 0 0 -1
  outer loop
    vertex 82.75010724405439 -32.76308518893634 88
    vertex 77.99129452390387 -42.87607699505267 88
    vertex 71.86092763300692 -32.81778602714909 88
  endloop
endfacet
facet normal 0 0 -1
  outer loop
    vertex -77.99129452390389 42.87607699505263 88
    vertex -72.00251249937037 52.31288745403006 88
    vertex -66.4590290936633 42.71062457899222 88
  endloop
endfacet
facet normal -0 0 -1
  outer loop
    vertex 77.99129452390387 -42.87607699505267 88
    vertex 72.00251249937033 -52.31288745403014 88
    vertex 66.45902909366332 -42.7106245789922 88
  endloop
endfacet
facet normal 0 0 -1
  outer loop
    vertex 66.45902909366336 42.71062457899215 88
    vertex 72.00251249937027 52.3128874540302 88
    vertex 77.99129452390385 42.87607699505272 88
  endloop
endfacet
facet normal 0 0 -1
  outer loop
    vertex -77.99129452390385 -42.87607699505271 88
    vertex -66.45902909366335 -42.71062457899215 88
    vertex -72.0025124993703 -52.31288745403017 88
  endloop
endfacet
facet normal 0 0 -1
  outer loop
    vertex -5.588356238109032 88.82437883011617 88
    vertex 5.588356238108747 88.82437883011619 88
    vertex 3.992024267575334e-14 79 88
  endloop
endfacet
facet normal 0 0 -1
  outer loop
    vertex -5.588356238108719 -88.82437883011619 88
    vertex -8.467768044910506e-14 -79 88
    vertex 5.588356238109001 -88.82437883011617 88
  endloop
endfacet
facet normal 0 0 -1
  outer loop
    vertex 47.68858475313053 75.14518536967947 88
    vertex 56.73073508763327 68.57567860704536 88
    vertex 49.66212491752937 67.86570577803334 88
  endloop
endfacet
facet normal 0 0 -1
  outer loop
    vertex -47.68858475313054 -75.14518536967945 88
    vertex -56.73073508763326 -68.57567860704536 88
    vertex -49.66212491752937 -67.86570577803337 88
  endloop
endfacet
facet normal 0 0 -1
  outer loop
    vertex -56.73073508763346 68.57567860704521 88
    vertex -47.68858475313079 75.1451853696793 88
    vertex -49.66212491752945 67.8657057780332 88
  endloop
endfacet
facet normal -0 0 -1
  outer loop
    vertex 56.73073508763341 -68.57567860704523 88
    vertex 47.68858475313079 -75.14518536967931 88
    vertex 49.66212491752943 -67.86570577803322 88
  endloop
endfacet
facet normal 0 0 -1
  outer loop
    vertex 89.00000000000001 0 88
    vertex 88.29820841698853 -11.15465778722312 88
    vertex 83.80792121499773 -5.445316974508922 88
  endloop
endfacet
facet normal 0 -0 -1
  outer loop
    vertex 88.29820841698853 11.1546577872231 88
    vertex 89.00000000000001 0 88
    vertex 83.80792121499773 5.445316974508912 88
  endloop
endfacet
facet normal 0 0 -1
  outer loop
    vertex -89.00000000000001 1.089935651241144e-14 88
    vertex -88.29820841698853 11.1546577872231 88
    vertex -83.80792121499773 5.445316974508926 88
  endloop
endfacet
facet normal 0 0 -1
  outer loop
    vertex -88.29820841698854 -11.15465778722308 88
    vertex -89.00000000000001 1.089935651241144e-14 88
    vertex -83.80792121499773 -5.445316974508907 88
  endloop
endfacet
facet normal 0 0 -1
  outer loop
    vertex -42.71062457899226 -66.45902909366328 88
    vertex -32.81778602714908 -71.86092763300692 88
    vertex -40.42733661293366 -73.53705230448531 88
  endloop
endfacet
facet normal 0 0 -1
  outer loop
    vertex 42.71062457899227 66.45902909366328 88
    vertex 32.81778602714908 71.86092763300692 88
    vertex 40.42733661293358 73.5370523044853 88
  endloop
endfacet
facet normal -0 0 -1
  outer loop
    vertex -32.817786027149 71.86092763300697 88
    vertex -42.71062457899218 66.45902909366333 88
    vertex -40.42733661293399 73.53705230448534 88
  endloop
endfacet
facet normal 0 0 -1
  outer loop
    vertex 32.817786027149 -71.86092763300697 88
    vertex 42.71062457899217 -66.45902909366333 88
    vertex 40.42733661293398 -73.53705230448536 88
  endloop
endfacet
facet normal 0 0 -1
  outer loop
    vertex -47.68858475313079 75.1451853696793 88
    vertex -37.89435694929155 80.52960766947571 88
    vertex -40.42733661293399 73.53705230448534 88
  endloop
endfacet
facet normal -0 0 -1
  outer loop
    vertex 47.68858475313079 -75.14518536967931 88
    vertex 37.89435694929154 -80.52960766947571 88
    vertex 40.42733661293398 -73.53705230448536 88
  endloop
endfacet
facet normal 0 0 -1
  outer loop
    vertex -37.89435694929129 -80.52960766947584 88
    vertex -47.68858475313054 -75.14518536967945 88
    vertex -40.42733661293366 -73.53705230448531 88
  endloop
endfacet
facet normal 0 0 -1
  outer loop
    vertex 37.89435694929128 80.52960766947585 88
    vertex 47.68858475313053 75.14518536967947 88
    vertex 40.42733661293358 73.5370523044853 88
  endloop
endfacet
facet normal 0 0 -1
  outer loop
    vertex -78.19589390859369 11.24287222358956 88
    vertex -79 0 88
    vertex -83.80792121499773 5.445316974508926 88
  endloop
endfacet
facet normal 0 0 -1
  outer loop
    vertex 78.19589390859369 -11.24287222358954 88
    vertex 79 9.674709713264091e-15 88
    vertex 83.80792121499773 -5.445316974508922 88
  endloop
endfacet
facet normal 0 0 -1
  outer loop
    vertex 79 9.674709713264091e-15 88
    vertex 78.19589390859369 11.24287222358951 88
    vertex 83.80792121499773 5.445316974508912 88
  endloop
endfacet
facet normal 0 -0 -1
  outer loop
    vertex -79 0 88
    vertex -78.19589390859369 -11.24287222358951 88
    vertex -83.80792121499773 -5.445316974508907 88
  endloop
endfacet
facet normal -0 0 -1
  outer loop
    vertex -42.71062457899218 66.45902909366333 88
    vertex -51.73399798167749 59.70421637398643 88
    vertex -49.66212491752945 67.8657057780332 88
  endloop
endfacet
facet normal 0 0 -1
  outer loop
    vertex -51.73399798167758 -59.70421637398635 88
    vertex -42.71062457899226 -66.45902909366328 88
    vertex -49.66212491752937 -67.86570577803337 88
  endloop
endfacet
facet normal 0 0 -1
  outer loop
    vertex 42.71062457899217 -66.45902909366333 88
    vertex 51.73399798167748 -59.70421637398644 88
    vertex 49.66212491752943 -67.86570577803322 88
  endloop
endfacet
facet normal 0 0 -1
  outer loop
    vertex 51.73399798167758 59.70421637398635 88
    vertex 42.71062457899227 66.45902909366328 88
    vertex 49.66212491752937 67.86570577803334 88
  endloop
endfacet
facet normal 0 0 -1
  outer loop
    vertex -56.73073508763326 -68.57567860704536 88
    vertex -51.73399798167758 -59.70421637398635 88
    vertex -49.66212491752937 -67.86570577803337 88
  endloop
endfacet
facet normal 0 0 -1
  outer loop
    vertex 56.73073508763327 68.57567860704536 88
    vertex 51.73399798167758 59.70421637398635 88
    vertex 49.66212491752937 67.86570577803334 88
  endloop
endfacet
facet normal 0 -0 -1
  outer loop
    vertex 51.73399798167748 -59.70421637398644 88
    vertex 56.73073508763341 -68.57567860704523 88
    vertex 49.66212491752943 -67.86570577803322 88
  endloop
endfacet
facet normal 0 0 -1
  outer loop
    vertex -51.73399798167749 59.70421637398643 88
    vertex -56.73073508763346 68.57567860704521 88
    vertex -49.66212491752945 67.8657057780332 88
  endloop
endfacet
facet normal -0 0 -1
  outer loop
    vertex 88.29820841698853 -11.15465778722312 88
    vertex 78.19589390859369 -11.24287222358954 88
    vertex 83.80792121499773 -5.445316974508922 88
  endloop
endfacet
facet normal 0 0 -1
  outer loop
    vertex 78.19589390859369 11.24287222358951 88
    vertex 88.29820841698853 11.1546577872231 88
    vertex 83.80792121499773 5.445316974508912 88
  endloop
endfacet
facet normal 0 0 -1
  outer loop
    vertex -88.29820841698853 11.1546577872231 88
    vertex -78.19589390859369 11.24287222358956 88
    vertex -83.80792121499773 5.445316974508926 88
  endloop
endfacet
facet normal 0 0 -1
  outer loop
    vertex -78.19589390859369 -11.24287222358951 88
    vertex -88.29820841698854 -11.15465778722308 88
    vertex -83.80792121499773 -5.445316974508907 88
  endloop
endfacet
facet normal 0 0 -1
  outer loop
    vertex 37.89435694929154 -80.52960766947571 88
    vertex 32.817786027149 -71.86092763300697 88
    vertex 40.42733661293398 -73.53705230448536 88
  endloop
endfacet
facet normal 0 -0 -1
  outer loop
    vertex -37.89435694929155 80.52960766947571 88
    vertex -32.817786027149 71.86092763300697 88
    vertex -40.42733661293399 73.53705230448534 88
  endloop
endfacet
facet normal 0 0 -1
  outer loop
    vertex -32.81778602714908 -71.86092763300692 88
    vertex -37.89435694929129 -80.52960766947584 88
    vertex -40.42733661293366 -73.53705230448531 88
  endloop
endfacet
facet normal 0 0 -1
  outer loop
    vertex 32.81778602714908 71.86092763300692 88
    vertex 37.89435694929128 80.52960766947585 88
    vertex 40.42733661293358 73.5370523044853 88
  endloop
endfacet
facet normal 0 0 -1
  outer loop
    vertex 47.68858475313053 75.14518536967947 88
    vertex 42.71062457899227 66.45902909366328 88
    vertex 40.42733661293358 73.5370523044853 88
  endloop
endfacet
facet normal 0 0 -1
  outer loop
    vertex -47.68858475313054 -75.14518536967945 88
    vertex -42.71062457899226 -66.45902909366328 88
    vertex -40.42733661293366 -73.53705230448531 88
  endloop
endfacet
facet normal 0 0 -1
  outer loop
    vertex -42.71062457899218 66.45902909366333 88
    vertex -47.68858475313079 75.1451853696793 88
    vertex -40.42733661293399 73.53705230448534 88
  endloop
endfacet
facet normal 0 -0 -1
  outer loop
    vertex 42.71062457899217 -66.45902909366333 88
    vertex 47.68858475313079 -75.14518536967931 88
    vertex 40.42733661293398 -73.53705230448536 88
  endloop
endfacet
facet normal 0 0 -1
  outer loop
    vertex 89.00000000000001 0 88
    vertex 79 9.674709713264091e-15 88
    vertex 83.80792121499773 5.445316974508912 88
  endloop
endfacet
facet normal 0 0 -1
  outer loop
    vertex -89.00000000000001 1.089935651241144e-14 88
    vertex -79 0 88
    vertex -83.80792121499773 -5.445316974508907 88
  endloop
endfacet
facet normal 0 0 -1
  outer loop
    vertex 79 9.674709713264091e-15 88
    vertex 89.00000000000001 0 88
    vertex 83.80792121499773 -5.445316974508922 88
  endloop
endfacet
facet normal 0 0 -1
  outer loop
    vertex -79 0 88
    vertex -89.00000000000001 1.089935651241144e-14 88
    vertex -83.80792121499773 5.445316974508926 88
  endloop
endfacet
facet normal 0 -0 -1
  outer loop
    vertex -47.68858475313079 75.1451853696793 88
    vertex -42.71062457899218 66.45902909366333 88
    vertex -49.66212491752945 67.8657057780332 88
  endloop
endfacet
facet normal 0 0 -1
  outer loop
    vertex 42.71062457899227 66.45902909366328 88
    vertex 47.68858475313053 75.14518536967947 88
    vertex 49.66212491752937 67.86570577803334 88
  endloop
endfacet
facet normal 0 0 -1
  outer loop
    vertex 47.68858475313079 -75.14518536967931 88
    vertex 42.71062457899217 -66.45902909366333 88
    vertex 49.66212491752943 -67.86570577803322 88
  endloop
endfacet
facet normal 0 0 -1
  outer loop
    vertex -42.71062457899226 -66.45902909366328 88
    vertex -47.68858475313054 -75.14518536967945 88
    vertex -49.66212491752937 -67.86570577803337 88
  endloop
endfacet
facet normal 0 0 1
  outer loop
    vertex 27.50251249937014 84.64402995026873 96
    vertex 32.81778602714908 71.86092763300692 96
    vertex 37.89435694929128 80.52960766947585 96
  endloop
endfacet
facet normal 0 0 1
  outer loop
    vertex -27.50251249937019 -84.64402995026873 96
    vertex -32.81778602714908 -71.86092763300692 96
    vertex -37.89435694929129 -80.52960766947584 96
  endloop
endfacet
facet normal -0 0 1
  outer loop
    vertex -37.89435694929155 80.52960766947571 96
    vertex -32.817786027149 71.86092763300697 96
    vertex -27.50251249937043 84.64402995026865 96
  endloop
endfacet
facet normal 0 0 1
  outer loop
    vertex 37.89435694929154 -80.52960766947571 96
    vertex 32.817786027149 -71.86092763300697 96
    vertex 27.50251249937046 -84.64402995026863 96
  endloop
endfacet
facet normal 0 0 1
  outer loop
    vertex 27.50251249937014 84.64402995026873 96
    vertex 22.25687199047299 75.79994491554528 96
    vertex 32.81778602714908 71.86092763300692 96
  endloop
endfacet
facet normal 0 0 1
  outer loop
    vertex -22.25687199047302 -75.79994491554527 96
    vertex -32.81778602714908 -71.86092763300692 96
    vertex -27.50251249937019 -84.64402995026873 96
  endloop
endfacet
facet normal 0 0 1
  outer loop
    vertex -27.50251249937043 84.64402995026865 96
    vertex -32.817786027149 71.86092763300697 96
    vertex -22.25687199047291 75.7999449155453 96
  endloop
endfacet
facet normal 0 0 1
  outer loop
    vertex 32.817786027149 -71.86092763300697 96
    vertex 22.25687199047292 -75.7999449155453 96
    vertex 27.50251249937046 -84.64402995026863 96
  endloop
endfacet
facet normal 0 0 1
  outer loop
    vertex 88.29820841698853 11.1546577872231 96
    vertex 86.20390134044817 22.13339995767212 96
    vertex 78.19589390859369 11.24287222358951 96
  endloop
endfacet
facet normal 0 -0 1
  outer loop
    vertex -86.20390134044818 -22.1333999576721 96
    vertex -78.19589390859369 -11.24287222358951 96
    vertex -88.29820841698854 -11.15465778722308 96
  endloop
endfacet
facet normal 0 0 1
  outer loop
    vertex -88.29820841698853 11.1546577872231 96
    vertex -78.19589390859369 11.24287222358956 96
    vertex -86.20390134044818 22.13339995767208 96
  endloop
endfacet
facet normal 0 0 1
  outer loop
    vertex 88.29820841698853 -11.15465778722312 96
    vertex 78.19589390859369 -11.24287222358954 96
    vertex 86.20390134044818 -22.13339995767205 96
  endloop
endfacet
facet normal -0 0 1
  outer loop
    vertex -86.20390134044818 -22.1333999576721 96
    vertex -75.79994491554531 -22.25687199047289 96
    vertex -78.19589390859369 -11.24287222358951 96
  endloop
endfacet
facet normal 0 -0 1
  outer loop
    vertex 78.19589390859369 11.24287222358951 96
    vertex 86.20390134044817 22.13339995767212 96
    vertex 75.7999449155453 22.25687199047292 96
  endloop
endfacet
facet normal -0 0 1
  outer loop
    vertex -86.20390134044818 22.13339995767208 96
    vertex -78.19589390859369 11.24287222358956 96
    vertex -75.7999449155453 22.25687199047294 96
  endloop
endfacet
facet normal 0 0 1
  outer loop
    vertex 78.19589390859369 -11.24287222358954 96
    vertex 75.7999449155453 -22.25687199047295 96
    vertex 86.20390134044818 -22.13339995767205 96
  endloop
endfacet
facet normal 0 0 1
  outer loop
    vertex 64.87820784050567 -60.92469242765327 96
    vertex 51.73399798167748 -59.70421637398644 96
    vertex 56.73073508763341 -68.57567860704523 96
  endloop
endfacet
facet normal -0 0 1
  outer loop
    vertex -64.87820784050568 60.92469242765326 96
    vertex -51.73399798167749 59.70421637398643 96
    vertex -56.73073508763346 68.57567860704521 96
  endloop
endfacet
facet normal 0 0 1
  outer loop
    vertex 64.87820784050555 60.9246924276534 96
    vertex 56.73073508763327 68.57567860704536 96
    vertex 51.73399798167758 59.70421637398635 96
  endloop
endfacet
facet normal 0 -0 1
  outer loop
    vertex -56.73073508763326 -68.57567860704536 96
    vertex -51.73399798167758 -59.70421637398635 96
    vertex -64.87820784050555 -60.92469242765338 96
  endloop
endfacet
facet normal 0 0 1
  outer loop
    vertex -64.87820784050568 60.92469242765326 96
    vertex -59.70421637398638 51.73399798167756 96
    vertex -51.73399798167749 59.70421637398643 96
  endloop
endfacet
facet normal 0 0 1
  outer loop
    vertex 59.70421637398637 -51.73399798167756 96
    vertex 51.73399798167748 -59.70421637398644 96
    vertex 64.87820784050567 -60.92469242765327 96
  endloop
endfacet
facet normal 0 -0 1
  outer loop
    vertex 59.70421637398645 51.73399798167747 96
    vertex 64.87820784050555 60.9246924276534 96
    vertex 51.73399798167758 59.70421637398635 96
  endloop
endfacet
facet normal 0 0 1
  outer loop
    vertex -64.87820784050555 -60.92469242765338 96
    vertex -51.73399798167758 -59.70421637398635 96
    vertex -59.70421637398645 -51.73399798167746 96
  endloop
endfacet
facet normal 0 0 1
  outer loop
    vertex -16.67693699812934 -87.42356531485333 96
    vertex -22.25687199047302 -75.79994491554527 96
    vertex -27.50251249937019 -84.64402995026873 96
  endloop
endfacet
facet normal 0 0 1
  outer loop
    vertex 16.67693699812931 87.42356531485333 96
    vertex 22.25687199047299 75.79994491554528 96
    vertex 27.50251249937014 84.64402995026873 96
  endloop
endfacet
facet normal 0 0 1
  outer loop
    vertex 27.50251249937046 -84.64402995026863 96
    vertex 22.25687199047292 -75.7999449155453 96
    vertex 16.67693699812962 -87.42356531485328 96
  endloop
endfacet
facet normal -0 0 1
  outer loop
    vertex -27.50251249937043 84.64402995026865 96
    vertex -22.25687199047291 75.7999449155453 96
    vertex -16.67693699812963 87.42356531485328 96
  endloop
endfacet
facet normal 0 -0 1
  outer loop
    vertex -16.67693699812934 -87.42356531485333 96
    vertex -11.2428722235896 -78.19589390859367 96
    vertex -22.25687199047302 -75.79994491554527 96
  endloop
endfacet
facet normal 0 0 1
  outer loop
    vertex 16.67693699812931 87.42356531485333 96
    vertex 11.24287222358958 78.19589390859369 96
    vertex 22.25687199047299 75.79994491554528 96
  endloop
endfacet
facet normal 0 0 1
  outer loop
    vertex 22.25687199047292 -75.7999449155453 96
    vertex 11.2428722235895 -78.19589390859369 96
    vertex 16.67693699812962 -87.42356531485328 96
  endloop
endfacet
facet normal 0 0 1
  outer loop
    vertex -16.67693699812963 87.42356531485328 96
    vertex -22.25687199047291 75.7999449155453 96
    vertex -11.24287222358948 78.19589390859369 96
  endloop
endfacet
facet normal 0 -0 1
  outer loop
    vertex -82.75010724405438 -32.76308518893637 96
    vertex -75.79994491554531 -22.25687199047289 96
    vertex -86.20390134044818 -22.1333999576721 96
  endloop
endfacet
facet normal 0 0 1
  outer loop
    vertex 86.20390134044817 22.13339995767212 96
    vertex 82.75010724405438 32.76308518893639 96
    vertex 75.7999449155453 22.25687199047292 96
  endloop
endfacet
facet normal 0 0 1
  outer loop
    vertex 86.20390134044818 -22.13339995767205 96
    vertex 75.7999449155453 -22.25687199047295 96
    vertex 82.75010724405439 -32.76308518893634 96
  endloop
endfacet
facet normal 0 0 1
  outer loop
    vertex -86.20390134044818 22.13339995767208 96
    vertex -75.7999449155453 22.25687199047294 96
    vertex -82.75010724405442 32.76308518893629 96
  endloop
endfacet
facet normal -0 0 1
  outer loop
    vertex -82.75010724405438 -32.76308518893637 96
    vertex -71.86092763300698 -32.81778602714897 96
    vertex -75.79994491554531 -22.25687199047289 96
  endloop
endfacet
facet normal 0 -0 1
  outer loop
    vertex 75.7999449155453 22.25687199047292 96
    vertex 82.75010724405438 32.76308518893639 96
    vertex 71.86092763300698 32.81778602714897 96
  endloop
endfacet
facet normal 0 0 1
  outer loop
    vertex 75.7999449155453 -22.25687199047295 96
    vertex 71.86092763300692 -32.81778602714909 96
    vertex 82.75010724405439 -32.76308518893634 96
  endloop
endfacet
facet normal -0 0 1
  outer loop
    vertex -82.75010724405442 32.76308518893629 96
    vertex -75.7999449155453 22.25687199047294 96
    vertex -71.86092763300694 32.81778602714905 96
  endloop
endfacet
facet normal -0 0 1
  outer loop
    vertex -72.00251249937037 52.31288745403006 96
    vertex -59.70421637398638 51.73399798167756 96
    vertex -64.87820784050568 60.92469242765326 96
  endloop
endfacet
facet normal 0 0 1
  outer loop
    vertex 72.00251249937033 -52.31288745403014 96
    vertex 59.70421637398637 -51.73399798167756 96
    vertex 64.87820784050567 -60.92469242765327 96
  endloop
endfacet
facet normal 0 -0 1
  outer loop
    vertex -64.87820784050555 -60.92469242765338 96
    vertex -59.70421637398645 -51.73399798167746 96
    vertex -72.0025124993703 -52.31288745403017 96
  endloop
endfacet
facet normal 0 0 1
  outer loop
    vertex 72.00251249937027 52.3128874540302 96
    vertex 64.87820784050555 60.9246924276534 96
    vertex 59.70421637398645 51.73399798167747 96
  endloop
endfacet
facet normal 0 0 1
  outer loop
    vertex -72.00251249937037 52.31288745403006 96
    vertex -66.4590290936633 42.71062457899222 96
    vertex -59.70421637398638 51.73399798167756 96
  endloop
endfacet
facet normal 0 0 1
  outer loop
    vertex 66.45902909366332 -42.7106245789922 96
    vertex 59.70421637398637 -51.73399798167756 96
    vertex 72.00251249937033 -52.31288745403014 96
  endloop
endfacet
facet normal 0 0 1
  outer loop
    vertex -59.70421637398645 -51.73399798167746 96
    vertex -66.45902909366335 -42.71062457899215 96
    vertex -72.0025124993703 -52.31288745403017 96
  endloop
endfacet
facet normal 0 -0 1
  outer loop
    vertex 66.45902909366336 42.71062457899215 96
    vertex 72.00251249937027 52.3128874540302 96
    vertex 59.70421637398645 51.73399798167747 96
  endloop
endfacet
facet normal 0 -0 1
  outer loop
    vertex -5.588356238108719 -88.82437883011619 96
    vertex -8.467768044910506e-14 -79 96
    vertex -11.2428722235896 -78.19589390859367 96
  endloop
endfacet
facet normal 0 0 1
  outer loop
    vertex 5.588356238108747 88.82437883011619 96
    vertex 3.992024267575334e-14 79 96
    vertex 11.24287222358958 78.19589390859369 96
  endloop
endfacet
facet normal 0 0 1
  outer loop
    vertex 11.2428722235895 -78.19589390859369 96
    vertex -8.467768044910506e-14 -79 96
    vertex 5.588356238109001 -88.82437883011617 96
  endloop
endfacet
facet normal 0 0 1
  outer loop
    vertex -5.588356238109032 88.82437883011617 96
    vertex -11.24287222358948 78.19589390859369 96
    vertex 3.992024267575334e-14 79 96
  endloop
endfacet
facet normal 0 0 1
  outer loop
    vertex -5.588356238108719 -88.82437883011619 96
    vertex -11.2428722235896 -78.19589390859367 96
    vertex -16.67693699812934 -87.42356531485333 96
  endloop
endfacet
facet normal 0 0 1
  outer loop
    vertex 5.588356238108747 88.82437883011619 96
    vertex 11.24287222358958 78.19589390859369 96
    vertex 16.67693699812931 87.42356531485333 96
  endloop
endfacet
facet normal 0 0 1
  outer loop
    vertex 16.67693699812962 -87.42356531485328 96
    vertex 11.2428722235895 -78.19589390859369 96
    vertex 5.588356238109001 -88.82437883011617 96
  endloop
endfacet
facet normal -0 0 1
  outer loop
    vertex -16.67693699812963 87.42356531485328 96
    vertex -11.24287222358948 78.19589390859369 96
    vertex -5.588356238109032 88.82437883011617 96
  endloop
endfacet
facet normal 0 0 1
  outer loop
    vertex -77.99129452390389 42.87607699505263 96
    vertex -71.86092763300694 32.81778602714905 96
    vertex -66.4590290936633 42.71062457899222 96
  endloop
endfacet
facet normal 0 0 1
  outer loop
    vertex -77.99129452390385 -42.87607699505271 96
    vertex -66.45902909366335 -42.71062457899215 96
    vertex -71.86092763300698 -32.81778602714897 96
  endloop
endfacet
facet normal 0 -0 1
  outer loop
    vertex 71.86092763300698 32.81778602714897 96
    vertex 77.99129452390385 42.87607699505272 96
    vertex 66.45902909366336 42.71062457899215 96
  endloop
endfacet
facet normal 0 0 1
  outer loop
    vertex 71.86092763300692 -32.81778602714909 96
    vertex 66.45902909366332 -42.7106245789922 96
    vertex 77.99129452390387 -42.87607699505267 96
  endloop
endfacet
facet normal 0 -0 1
  outer loop
    vertex -77.99129452390385 -42.87607699505271 96
    vertex -71.86092763300698 -32.81778602714897 96
    vertex -82.75010724405438 -32.76308518893637 96
  endloop
endfacet
facet normal 0 0 1
  outer loop
    vertex 82.75010724405438 32.76308518893639 96
    vertex 77.99129452390385 42.87607699505272 96
    vertex 71.86092763300698 32.81778602714897 96
  endloop
endfacet
facet normal 0 0 1
  outer loop
    vertex -82.75010724405442 32.76308518893629 96
    vertex -71.86092763300694 32.81778602714905 96
    vertex -77.99129452390389 42.87607699505263 96
  endloop
endfacet
facet normal 0 0 1
  outer loop
    vertex 82.75010724405439 -32.76308518893634 96
    vertex 71.86092763300692 -32.81778602714909 96
    vertex 77.99129452390387 -42.87607699505267 96
  endloop
endfacet
facet normal -0 0 1
  outer loop
    vertex -77.99129452390389 42.87607699505263 96
    vertex -66.4590290936633 42.71062457899222 96
    vertex -72.00251249937037 52.31288745403006 96
  endloop
endfacet
facet normal 0 0 1
  outer loop
    vertex 77.99129452390387 -42.87607699505267 96
    vertex 66.45902909366332 -42.7106245789922 96
    vertex 72.00251249937033 -52.31288745403014 96
  endloop
endfacet
facet normal 0 -0 1
  outer loop
    vertex -72.0025124993703 -52.31288745403017 96
    vertex -66.45902909366335 -42.71062457899215 96
    vertex -77.99129452390385 -42.87607699505271 96
  endloop
endfacet
facet normal 0 0 1
  outer loop
    vertex 77.99129452390385 42.87607699505272 96
    vertex 72.00251249937027 52.3128874540302 96
    vertex 66.45902909366336 42.71062457899215 96
  endloop
endfacet
facet normal -0 0 1
  outer loop
    vertex -5.588356238109032 88.82437883011617 96
    vertex 3.992024267575334e-14 79 96
    vertex 5.588356238108747 88.82437883011619 96
  endloop
endfacet
facet normal 0 0 1
  outer loop
    vertex 5.588356238109001 -88.82437883011617 96
    vertex -8.467768044910506e-14 -79 96
    vertex -5.588356238108719 -88.82437883011619 96
  endloop
endfacet
facet normal 0 0 1
  outer loop
    vertex 47.68858475313053 75.14518536967947 96
    vertex 49.66212491752937 67.86570577803334 96
    vertex 56.73073508763327 68.57567860704536 96
  endloop
endfacet
facet normal 0 0 1
  outer loop
    vertex -47.68858475313054 -75.14518536967945 96
    vertex -49.66212491752935 -67.86570577803337 96
    vertex -56.73073508763326 -68.57567860704536 96
  endloop
endfacet
facet normal -0 0 1
  outer loop
    vertex -56.73073508763346 68.57567860704521 96
    vertex -49.66212491752945 67.86570577803319 96
    vertex -47.68858475313079 75.1451853696793 96
  endloop
endfacet
facet normal 0 0 1
  outer loop
    vertex 56.73073508763341 -68.57567860704523 96
    vertex 49.66212491752943 -67.86570577803322 96
    vertex 47.68858475313079 -75.14518536967931 96
  endloop
endfacet
facet normal 0 0 1
  outer loop
    vertex 89.00000000000001 0 96
    vertex 83.80792121499772 -5.445316974508922 96
    vertex 88.29820841698853 -11.15465778722312 96
  endloop
endfacet
facet normal 0 0 1
  outer loop
    vertex 88.29820841698853 11.1546577872231 96
    vertex 83.80792121499772 5.445316974508912 96
    vertex 89.00000000000001 0 96
  endloop
endfacet
facet normal 0 0 1
  outer loop
    vertex -89.00000000000001 1.089935651241144e-14 96
    vertex -83.80792121499773 5.445316974508926 96
    vertex -88.29820841698853 11.1546577872231 96
  endloop
endfacet
facet normal 0 -0 1
  outer loop
    vertex -88.29820841698854 -11.15465778722308 96
    vertex -83.80792121499773 -5.445316974508907 96
    vertex -89.00000000000001 1.089935651241144e-14 96
  endloop
endfacet
facet normal 0 0 1
  outer loop
    vertex -42.71062457899226 -66.45902909366328 96
    vertex -40.42733661293364 -73.5370523044853 96
    vertex -32.81778602714908 -71.86092763300692 96
  endloop
endfacet
facet normal 0 0 1
  outer loop
    vertex 42.71062457899227 66.45902909366328 96
    vertex 40.42733661293358 73.5370523044853 96
    vertex 32.81778602714908 71.86092763300692 96
  endloop
endfacet
facet normal 0 0 1
  outer loop
    vertex -32.817786027149 71.86092763300697 96
    vertex -40.42733661293399 73.53705230448534 96
    vertex -42.71062457899218 66.45902909366333 96
  endloop
endfacet
facet normal -0 0 1
  outer loop
    vertex 32.817786027149 -71.86092763300697 96
    vertex 40.42733661293398 -73.53705230448536 96
    vertex 42.71062457899217 -66.45902909366333 96
  endloop
endfacet
facet normal -0 0 1
  outer loop
    vertex -47.68858475313079 75.1451853696793 96
    vertex -40.42733661293399 73.53705230448534 96
    vertex -37.89435694929155 80.52960766947571 96
  endloop
endfacet
facet normal 0 0 1
  outer loop
    vertex 47.68858475313079 -75.14518536967931 96
    vertex 40.42733661293398 -73.53705230448536 96
    vertex 37.89435694929154 -80.52960766947571 96
  endloop
endfacet
facet normal 0 0 1
  outer loop
    vertex -37.89435694929129 -80.52960766947584 96
    vertex -40.42733661293364 -73.5370523044853 96
    vertex -47.68858475313054 -75.14518536967945 96
  endloop
endfacet
facet normal 0 0 1
  outer loop
    vertex 37.89435694929128 80.52960766947585 96
    vertex 40.42733661293358 73.5370523044853 96
    vertex 47.68858475313053 75.14518536967947 96
  endloop
endfacet
facet normal 0 0 1
  outer loop
    vertex -78.19589390859369 11.24287222358956 96
    vertex -83.80792121499773 5.445316974508926 96
    vertex -79 0 96
  endloop
endfacet
facet normal 0 0 1
  outer loop
    vertex 78.19589390859369 -11.24287222358954 96
    vertex 83.80792121499772 -5.445316974508922 96
    vertex 79 9.674709713264091e-15 96
  endloop
endfacet
facet normal 0 -0 1
  outer loop
    vertex 79 9.674709713264091e-15 96
    vertex 83.80792121499772 5.445316974508912 96
    vertex 78.19589390859369 11.24287222358951 96
  endloop
endfacet
facet normal 0 0 1
  outer loop
    vertex -79 0 96
    vertex -83.80792121499773 -5.445316974508907 96
    vertex -78.19589390859369 -11.24287222358951 96
  endloop
endfacet
facet normal 0 0 1
  outer loop
    vertex -42.71062457899218 66.45902909366333 96
    vertex -49.66212491752945 67.86570577803319 96
    vertex -51.73399798167749 59.70421637398643 96
  endloop
endfacet
facet normal 0 0 1
  outer loop
    vertex -51.73399798167758 -59.70421637398635 96
    vertex -49.66212491752935 -67.86570577803337 96
    vertex -42.71062457899226 -66.45902909366328 96
  endloop
endfacet
facet normal -0 0 1
  outer loop
    vertex 42.71062457899217 -66.45902909366333 96
    vertex 49.66212491752943 -67.86570577803322 96
    vertex 51.73399798167748 -59.70421637398644 96
  endloop
endfacet
facet normal 0 0 1
  outer loop
    vertex 51.73399798167758 59.70421637398635 96
    vertex 49.66212491752937 67.86570577803334 96
    vertex 42.71062457899227 66.45902909366328 96
  endloop
endfacet
facet normal 0 0 1
  outer loop
    vertex -56.73073508763326 -68.57567860704536 96
    vertex -49.66212491752935 -67.86570577803337 96
    vertex -51.73399798167758 -59.70421637398635 96
  endloop
endfacet
facet normal 0 0 1
  outer loop
    vertex 56.73073508763327 68.57567860704536 96
    vertex 49.66212491752937 67.86570577803334 96
    vertex 51.73399798167758 59.70421637398635 96
  endloop
endfacet
facet normal 0 0 1
  outer loop
    vertex 51.73399798167748 -59.70421637398644 96
    vertex 49.66212491752943 -67.86570577803322 96
    vertex 56.73073508763341 -68.57567860704523 96
  endloop
endfacet
facet normal 0 -0 1
  outer loop
    vertex -51.73399798167749 59.70421637398643 96
    vertex -49.66212491752945 67.86570577803319 96
    vertex -56.73073508763346 68.57567860704521 96
  endloop
endfacet
facet normal 0 0 1
  outer loop
    vertex 78.19589390859369 11.24287222358951 96
    vertex 83.80792121499772 5.445316974508912 96
    vertex 88.29820841698853 11.1546577872231 96
  endloop
endfacet
facet normal -0 0 1
  outer loop
    vertex -88.29820841698853 11.1546577872231 96
    vertex -83.80792121499773 5.445316974508926 96
    vertex -78.19589390859369 11.24287222358956 96
  endloop
endfacet
facet normal 0 0 1
  outer loop
    vertex 88.29820841698853 -11.15465778722312 96
    vertex 83.80792121499772 -5.445316974508922 96
    vertex 78.19589390859369 -11.24287222358954 96
  endloop
endfacet
facet normal 0 0 1
  outer loop
    vertex -78.19589390859369 -11.24287222358951 96
    vertex -83.80792121499773 -5.445316974508907 96
    vertex -88.29820841698854 -11.15465778722308 96
  endloop
endfacet
facet normal 0 -0 1
  outer loop
    vertex 37.89435694929154 -80.52960766947571 96
    vertex 40.42733661293398 -73.53705230448536 96
    vertex 32.817786027149 -71.86092763300697 96
  endloop
endfacet
facet normal 0 0 1
  outer loop
    vertex -37.89435694929155 80.52960766947571 96
    vertex -40.42733661293399 73.53705230448534 96
    vertex -32.817786027149 71.86092763300697 96
  endloop
endfacet
facet normal 0 0 1
  outer loop
    vertex -32.81778602714908 -71.86092763300692 96
    vertex -40.42733661293364 -73.5370523044853 96
    vertex -37.89435694929129 -80.52960766947584 96
  endloop
endfacet
facet normal 0 0 1
  outer loop
    vertex 32.81778602714908 71.86092763300692 96
    vertex 40.42733661293358 73.5370523044853 96
    vertex 37.89435694929128 80.52960766947585 96
  endloop
endfacet
facet normal 0 0 1
  outer loop
    vertex -47.68858475313054 -75.14518536967945 96
    vertex -40.42733661293364 -73.5370523044853 96
    vertex -42.71062457899226 -66.45902909366328 96
  endloop
endfacet
facet normal 0 0 1
  outer loop
    vertex 47.68858475313053 75.14518536967947 96
    vertex 40.42733661293358 73.5370523044853 96
    vertex 42.71062457899227 66.45902909366328 96
  endloop
endfacet
facet normal 0 -0 1
  outer loop
    vertex -42.71062457899218 66.45902909366333 96
    vertex -40.42733661293399 73.53705230448534 96
    vertex -47.68858475313079 75.1451853696793 96
  endloop
endfacet
facet normal 0 0 1
  outer loop
    vertex 42.71062457899217 -66.45902909366333 96
    vertex 40.42733661293398 -73.53705230448536 96
    vertex 47.68858475313079 -75.14518536967931 96
  endloop
endfacet
facet normal 0 0 1
  outer loop
    vertex 89.00000000000001 0 96
    vertex 83.80792121499772 5.445316974508912 96
    vertex 79 9.674709713264091e-15 96
  endloop
endfacet
facet normal 0 0 1
  outer loop
    vertex -89.00000000000001 1.089935651241144e-14 96
    vertex -83.80792121499773 -5.445316974508907 96
    vertex -79 0 96
  endloop
endfacet
facet normal 0 0 1
  outer loop
    vertex 79 9.674709713264091e-15 96
    vertex 83.80792121499772 -5.445316974508922 96
    vertex 89.00000000000001 0 96
  endloop
endfacet
facet normal 0 0 1
  outer loop
    vertex -79 0 96
    vertex -83.80792121499773 5.445316974508926 96
    vertex -89.00000000000001 1.089935651241144e-14 96
  endloop
endfacet
facet normal 0 0 1
  outer loop
    vertex -47.68858475313079 75.1451853696793 96
    vertex -49.66212491752945 67.86570577803319 96
    vertex -42.71062457899218 66.45902909366333 96
  endloop
endfacet
facet normal 0 0 1
  outer loop
    vertex 42.71062457899227 66.45902909366328 96
    vertex 49.66212491752937 67.86570577803334 96
    vertex 47.68858475313053 75.14518536967947 96
  endloop
endfacet
facet normal 0 -0 1
  outer loop
    vertex 47.68858475313079 -75.14518536967931 96
    vertex 49.66212491752943 -67.86570577803322 96
    vertex 42.71062457899217 -66.45902909366333 96
  endloop
endfacet
facet normal 0 0 1
  outer loop
    vertex -42.71062457899226 -66.45902909366328 96
    vertex -49.66212491752935 -67.86570577803337 96
    vertex -47.68858475313054 -75.14518536967945 96
  endloop
endfacet
facet normal 0 -0 1
  outer loop
    vertex 46.15730770031419 27.84193036567851 100
    vertex 58.54149282877628 32.22947196712489 100
    vertex 45.58076491923457 39.21898026622522 100
  endloop
endfacet
facet normal 0 0 1
  outer loop
    vertex -42.65338350611029 -33.65674912390358 100
    vertex -52.20073240986936 -28.02888712394602 100
    vertex -54.01053231735324 -40.71221571139804 100
  endloop
endfacet
facet normal 0 0 1
  outer loop
    vertex 33.36320583472134 60.20203455913244 100
    vertex 26.09484608072648 51.544559489205 100
    vertex 36.82859660727851 46.31535044558363 100
  endloop
endfacet
facet normal 0 -0 1
  outer loop
    vertex 36.82859660727851 46.31535044558363 100
    vertex 43.00882179187273 56.45296837603658 100
    vertex 33.36320583472134 60.20203455913244 100
  endloop
endfacet
facet normal -0 0 1
  outer loop
    vertex 45.58076491923457 39.21898026622522 100
    vertex 58.54149282877628 32.22947196712489 100
    vertex 55.81684354872778 42.59136528874324 100
  endloop
endfacet
facet normal 0 0 1
  outer loop
    vertex 66.11487396853774 -14.77076181968876 100
    vertex 54.94363003820116 -11.06946971313389 100
    vertex 55.09866527536834 -23.57924645816328 100
  endloop
endfacet
facet normal -0 0 1
  outer loop
    vertex -54.01053231735324 -40.71221571139804 100
    vertex -42.18261065018974 -44.68100345275377 100
    vertex -42.65338350611029 -33.65674912390358 100
  endloop
endfacet
facet normal 0 0 1
  outer loop
    vertex 26.09484608072648 51.544559489205 100
    vertex 24.1587041631714 64.09962613242428 100
    vertex 15.85567761128399 57.14149060728052 100
  endloop
endfacet
facet normal 0 0 1
  outer loop
    vertex 33.36320583472134 60.20203455913244 100
    vertex 24.1587041631714 64.09962613242428 100
    vertex 26.09484608072648 51.544559489205 100
  endloop
endfacet
facet normal 0 0 1
  outer loop
    vertex 66.11487396853774 -14.77076181968876 100
    vertex 55.09866527536834 -23.57924645816328 100
    vertex 65.89338813087184 -25.30213804696142 100
  endloop
endfacet
facet normal 0 -0 1
  outer loop
    vertex 45.58076491923457 39.21898026622522 100
    vertex 50.40768395669396 49.58421140781717 100
    vertex 36.82859660727851 46.31535044558363 100
  endloop
endfacet
facet normal 0 0 1
  outer loop
    vertex 24.04031125780245 -64.58102222321477 100
    vertex 32.21022171287908 -63.74506396958289 100
    vertex 26.53253141080138 -52.96527182491158 100
  endloop
endfacet
facet normal 0 0 1
  outer loop
    vertex 36.82859660727851 46.31535044558363 100
    vertex 50.40768395669396 49.58421140781717 100
    vertex 43.00882179187273 56.45296837603658 100
  endloop
endfacet
facet normal 0 0 1
  outer loop
    vertex 56.27732266023857 21.22281782350127 100
    vertex 55.45982610688728 11.26162057619899 100
    vertex 66.09943674886311 14.6569790360295 100
  endloop
endfacet
facet normal 0 0 1
  outer loop
    vertex 66.45902909366336 42.71062457899215 100
    vertex 58.54149282877628 32.22947196712489 100
    vertex 71.86092763300698 32.81778602714897 100
  endloop
endfacet
facet normal 0 0 1
  outer loop
    vertex 26.53253141080138 -52.96527182491158 100
    vertex 32.21022171287908 -63.74506396958289 100
    vertex 35.96127058349416 -56.65831630334785 100
  endloop
endfacet
facet normal 0 0 1
  outer loop
    vertex 26.53253141080138 -52.96527182491158 100
    vertex 15.68755318975623 -57.31707180732533 100
    vertex 24.04031125780245 -64.58102222321477 100
  endloop
endfacet
facet normal 0 0 1
  outer loop
    vertex -15.36146555778254 67.38266994805292 100
    vertex -3.965817602923565 67.459640888105 100
    vertex -11.24287222358948 78.19589390859369 100
  endloop
endfacet
facet normal 0 0 1
  outer loop
    vertex 37.24996818476883 -46.87087950298923 100
    vertex 44.11517931262939 -55.91106787304702 100
    vertex 48.81669557638246 -48.81669557638254 100
  endloop
endfacet
facet normal 0 0 1
  outer loop
    vertex 5.653527723809654 -62.0760825253045 100
    vertex -3.761531899650117 -56.32410913510228 100
    vertex -4.684291893112596 -68.45997444868658 100
  endloop
endfacet
facet normal -0 0 1
  outer loop
    vertex -11.24287222358948 78.19589390859369 100
    vertex -3.965817602923565 67.459640888105 100
    vertex 3.992024267575334e-14 79 100
  endloop
endfacet
facet normal 0 0 1
  outer loop
    vertex 66.09943674886311 14.6569790360295 100
    vertex 65.7349619853278 24.58269217432985 100
    vertex 56.27732266023857 21.22281782350127 100
  endloop
endfacet
facet normal 0 0 1
  outer loop
    vertex -52.20073240986936 -28.02888712394602 100
    vertex -62.30919642522487 -32.05277601203417 100
    vertex -54.01053231735324 -40.71221571139804 100
  endloop
endfacet
facet normal 0 0 1
  outer loop
    vertex -60.82195285031823 11.81055083223674 100
    vertex -60.84982239739018 -0.7340966151972366 100
    vertex -51.5748383440556 5.771517990254363 100
  endloop
endfacet
facet normal 0 0 1
  outer loop
    vertex 49.32462648738113 -33.24178406843667 100
    vertex 44.115095343734 -25.91144183726451 100
    vertex 37.44355109482857 -33.78555272739781 100
  endloop
endfacet
facet normal 0 0 1
  outer loop
    vertex 35.96127058349416 -56.65831630334785 100
    vertex 44.11517931262939 -55.91106787304702 100
    vertex 37.24996818476883 -46.87087950298923 100
  endloop
endfacet
facet normal -0 0 1
  outer loop
    vertex 37.44355109482857 -33.78555272739781 100
    vertex 44.82115579886135 -40.87390320099706 100
    vertex 49.32462648738113 -33.24178406843667 100
  endloop
endfacet
facet normal 0 0 1
  outer loop
    vertex 48.81669557638246 -48.81669557638254 100
    vertex 44.82115579886135 -40.87390320099706 100
    vertex 37.24996818476883 -46.87087950298923 100
  endloop
endfacet
facet normal 0 0 1
  outer loop
    vertex 54.94363003820116 -11.06946971313389 100
    vertex 45.24085811592829 -16.67547997473705 100
    vertex 55.09866527536834 -23.57924645816328 100
  endloop
endfacet
facet normal 0 0 1
  outer loop
    vertex -3.761531899650117 -56.32410913510228 100
    vertex -13.71008088792377 -61.35187364262174 100
    vertex -4.684291893112596 -68.45997444868658 100
  endloop
endfacet
facet normal 0 -0 1
  outer loop
    vertex 56.27732266023857 21.22281782350127 100
    vertex 58.54149282877628 32.22947196712489 100
    vertex 46.15730770031419 27.84193036567851 100
  endloop
endfacet
facet normal -0 0 1
  outer loop
    vertex 55.81684354872778 42.59136528874324 100
    vertex 58.54149282877628 32.22947196712489 100
    vertex 66.45902909366336 42.71062457899215 100
  endloop
endfacet
facet normal 0 0 1
  outer loop
    vertex -31.48768328451923 51.09951243983445 100
    vertex -41.44141092660149 45.0042250829559 100
    vertex -32.18372132221885 39.83159805095619 100
  endloop
endfacet
facet normal 0 0 1
  outer loop
    vertex 61.62317550452725 4.801010399982881 100
    vertex 62.46280543924162 -4.609372859127215 100
    vertex 69.66868205227529 3.4639259792916 100
  endloop
endfacet
facet normal -0 0 1
  outer loop
    vertex 5.653527723809654 -62.0760825253045 100
    vertex 13.99507316881503 -68.18796067321453 100
    vertex 15.68755318975623 -57.31707180732533 100
  endloop
endfacet
facet normal 0 0 1
  outer loop
    vertex 69.66868205227529 3.4639259792916 100
    vertex 62.46280543924162 -4.609372859127215 100
    vertex 71.08366193320079 -5.288222366727029 100
  endloop
endfacet
facet normal 0 0 1
  outer loop
    vertex -21.40078492480191 57.36663840463024 100
    vertex -10.9940145234829 59.56055139721818 100
    vertex -15.36146555778254 67.38266994805292 100
  endloop
endfacet
facet normal 0 -0 1
  outer loop
    vertex -42.71062457899226 -66.45902909366328 100
    vertex -42.00068181171078 -55.28255779215299 100
    vertex -51.73399798167758 -59.70421637398635 100
  endloop
endfacet
facet normal 0 0 1
  outer loop
    vertex 71.86092763300698 32.81778602714897 100
    vertex 58.54149282877628 32.22947196712489 100
    vertex 65.7349619853278 24.58269217432985 100
  endloop
endfacet
facet normal 0 0 1
  outer loop
    vertex -54.01053231735324 -40.71221571139804 100
    vertex -50.11641516500962 -50.29731546945933 100
    vertex -42.18261065018974 -44.68100345275377 100
  endloop
endfacet
facet normal -0 0 1
  outer loop
    vertex -69.83943427825892 5.317072174237958 100
    vertex -60.84982239739018 -0.7340966151972366 100
    vertex -60.82195285031823 11.81055083223674 100
  endloop
endfacet
facet normal 0 0 1
  outer loop
    vertex 42.71062457899227 66.45902909366328 100
    vertex 43.00882179187273 56.45296837603658 100
    vertex 51.73399798167758 59.70421637398635 100
  endloop
endfacet
facet normal -0 0 1
  outer loop
    vertex 33.36320583472134 60.20203455913244 100
    vertex 43.00882179187273 56.45296837603658 100
    vertex 42.71062457899227 66.45902909366328 100
  endloop
endfacet
facet normal 0 0 1
  outer loop
    vertex -15.36146555778254 67.38266994805292 100
    vertex -24.58594268283025 66.43994814106492 100
    vertex -21.40078492480191 57.36663840463024 100
  endloop
endfacet
facet normal 0 0 1
  outer loop
    vertex 16.14805386474438 -45.03235907481526 100
    vertex 15.68755318975623 -57.31707180732533 100
    vertex 26.53253141080138 -52.96527182491158 100
  endloop
endfacet
facet normal -0 0 1
  outer loop
    vertex 6.32125370366408 -50.59844088424896 100
    vertex 15.68755318975623 -57.31707180732533 100
    vertex 16.14805386474438 -45.03235907481526 100
  endloop
endfacet
facet normal 0 0 1
  outer loop
    vertex -41.91514183279059 55.61823129498482 100
    vertex -41.44141092660149 45.0042250829559 100
    vertex -31.48768328451923 51.09951243983445 100
  endloop
endfacet
facet normal 0 0 1
  outer loop
    vertex 54.94363003820116 -11.06946971313389 100
    vertex 45.49865091392011 -5.556964056183034 100
    vertex 45.24085811592829 -16.67547997473705 100
  endloop
endfacet
facet normal 0 0 1
  outer loop
    vertex 15.68755318975623 -57.31707180732533 100
    vertex 13.99507316881503 -68.18796067321453 100
    vertex 24.04031125780245 -64.58102222321477 100
  endloop
endfacet
facet normal -0 0 1
  outer loop
    vertex -4.684291893112596 -68.45997444868658 100
    vertex 5.089302627459447 -71.15774865930366 100
    vertex 5.653527723809654 -62.0760825253045 100
  endloop
endfacet
facet normal 0 -0 1
  outer loop
    vertex 15.85567761128399 57.14149060728052 100
    vertex 24.1587041631714 64.09962613242428 100
    vertex 14.56383743467457 68.04879959037557 100
  endloop
endfacet
facet normal 0 0 1
  outer loop
    vertex 6.32125370366408 -50.59844088424896 100
    vertex 5.653527723809654 -62.0760825253045 100
    vertex 15.68755318975623 -57.31707180732533 100
  endloop
endfacet
facet normal 0 0 1
  outer loop
    vertex -51.36351244146917 28.42333846738929 100
    vertex -60.48613286538041 21.94813908900952 100
    vertex -51.45192490270803 17.23081901060323 100
  endloop
endfacet
facet normal 0 0 1
  outer loop
    vertex 49.32462648738113 -33.24178406843667 100
    vertex 44.82115579886135 -40.87390320099706 100
    vertex 55.27169386021463 -41.87783304961521 100
  endloop
endfacet
facet normal 0 -0 1
  outer loop
    vertex 54.94363003820116 -11.06946971313389 100
    vertex 55.07267298139027 0.07740744021262087 100
    vertex 45.49865091392011 -5.556964056183034 100
  endloop
endfacet
facet normal 0 0 1
  outer loop
    vertex 45.49865091392011 -5.556964056183034 100
    vertex 35.769684405131 -11.19709519660699 100
    vertex 45.24085811592829 -16.67547997473705 100
  endloop
endfacet
facet normal -0 0 1
  outer loop
    vertex 16.28014669012463 -22.43109840455228 100
    vertex 26.22760870758474 -28.03248439046554 100
    vertex 25.99605461968279 -16.76284189202411 100
  endloop
endfacet
facet normal 0 0 1
  outer loop
    vertex 45.49865091392011 -5.556964056183034 100
    vertex 35.8705094674105 0.03766537846981184 100
    vertex 35.769684405131 -11.19709519660699 100
  endloop
endfacet
facet normal 0 0 1
  outer loop
    vertex 35.769684405131 -11.19709519660699 100
    vertex 35.48704163558149 -22.09541529487339 100
    vertex 45.24085811592829 -16.67547997473705 100
  endloop
endfacet
facet normal 0 0 1
  outer loop
    vertex 35.8705094674105 0.03766537846981184 100
    vertex 26.10772949352415 -5.557303614887754 100
    vertex 35.769684405131 -11.19709519660699 100
  endloop
endfacet
facet normal 0 0 1
  outer loop
    vertex 35.8705094674105 0.03766537846981184 100
    vertex 26.18300118998652 5.702725418489418 100
    vertex 26.10772949352415 -5.557303614887754 100
  endloop
endfacet
facet normal 0 0 1
  outer loop
    vertex 26.18300118998652 5.702725418489418 100
    vertex 16.39784575861185 0.1166657333143612 100
    vertex 26.10772949352415 -5.557303614887754 100
  endloop
endfacet
facet normal 0 -0 1
  outer loop
    vertex 35.8705094674105 0.03766537846981184 100
    vertex 35.96288795720128 11.2833663015487 100
    vertex 26.18300118998652 5.702725418489418 100
  endloop
endfacet
facet normal 0 0 1
  outer loop
    vertex 25.99605461968279 -16.76284189202411 100
    vertex 26.22760870758474 -28.03248439046554 100
    vertex 35.48704163558149 -22.09541529487339 100
  endloop
endfacet
facet normal 0 0 1
  outer loop
    vertex 16.39784575861185 0.1166657333143612 100
    vertex 16.33493926740374 -11.15221301368285 100
    vertex 26.10772949352415 -5.557303614887754 100
  endloop
endfacet
facet normal 0 0 1
  outer loop
    vertex 35.96288795720128 11.2833663015487 100
    vertex 26.25207645095404 16.96786201495204 100
    vertex 26.18300118998652 5.702725418489418 100
  endloop
endfacet
facet normal 0 0 1
  outer loop
    vertex 16.39784575861185 0.1166657333143612 100
    vertex 6.609889841128994 -5.467922435023199 100
    vertex 16.33493926740374 -11.15221301368285 100
  endloop
endfacet
facet normal 0 -0 1
  outer loop
    vertex 35.96288795720128 11.2833663015487 100
    vertex 36.04788634150026 22.54855120559908 100
    vertex 26.25207645095404 16.96786201495204 100
  endloop
endfacet
facet normal 0 0 1
  outer loop
    vertex 16.39784575861185 0.1166657333143612 100
    vertex 6.673037476289117 5.802538169640176 100
    vertex 6.609889841128994 -5.467922435023199 100
  endloop
endfacet
facet normal 0 0 1
  outer loop
    vertex 36.04788634150026 22.54855120559908 100
    vertex 26.31884496117083 28.23715544450352 100
    vertex 26.25207645095404 16.96786201495204 100
  endloop
endfacet
facet normal 0 0 1
  outer loop
    vertex 35.96288795720128 11.2833663015487 100
    vertex 45.75329256535775 16.87556192492034 100
    vertex 36.04788634150026 22.54855120559908 100
  endloop
endfacet
facet normal 0 0 1
  outer loop
    vertex 6.673037476289117 5.802538169640176 100
    vertex -3.118532809050843 0.2202290784327626 100
    vertex 6.609889841128994 -5.467922435023199 100
  endloop
endfacet
facet normal 0 0 1
  outer loop
    vertex 36.04788634150026 22.54855120559908 100
    vertex 35.95662096224427 33.82022158328855 100
    vertex 26.31884496117083 28.23715544450352 100
  endloop
endfacet
facet normal -0 0 1
  outer loop
    vertex -22.70286104689623 -10.94376286401236 100
    vertex -12.97270791123274 -16.63348374166281 100
    vertex -12.91036222331801 -5.362030729222966 100
  endloop
endfacet
facet normal 0 0 1
  outer loop
    vertex -3.118532809050843 0.2202290784327626 100
    vertex -3.180191753588332 -11.0517177523135 100
    vertex 6.609889841128994 -5.467922435023199 100
  endloop
endfacet
facet normal 0 0 1
  outer loop
    vertex 6.673037476289117 5.802538169640176 100
    vertex -3.055913666676887 11.49139185066371 100
    vertex -3.118532809050843 0.2202290784327626 100
  endloop
endfacet
facet normal 0 0 1
  outer loop
    vertex 35.95662096224427 33.82022158328855 100
    vertex 26.35582780183378 39.50826411002949 100
    vertex 26.31884496117083 28.23715544450352 100
  endloop
endfacet
facet normal 0 0 1
  outer loop
    vertex -3.055913666676887 11.49139185066371 100
    vertex -12.84820902035453 5.909521034708626 100
    vertex -3.118532809050843 0.2202290784327626 100
  endloop
endfacet
facet normal 0 -0 1
  outer loop
    vertex 6.673037476289117 5.802538169640176 100
    vertex 6.736962833799738 17.0728518069707 100
    vertex -3.055913666676887 11.49139185066371 100
  endloop
endfacet
facet normal 0 -0 1
  outer loop
    vertex 35.95662096224427 33.82022158328855 100
    vertex 36.82859660727851 46.31535044558363 100
    vertex 26.35582780183378 39.50826411002949 100
  endloop
endfacet
facet normal 0 0 1
  outer loop
    vertex -3.055913666676887 11.49139185066371 100
    vertex -12.78579891825076 17.18087383157201 100
    vertex -12.84820902035453 5.909521034708626 100
  endloop
endfacet
facet normal 0 0 1
  outer loop
    vertex 36.82859660727851 46.31535044558363 100
    vertex 26.09484608072648 51.544559489205 100
    vertex 26.35582780183378 39.50826411002949 100
  endloop
endfacet
facet normal 0 0 1
  outer loop
    vertex -12.78579891825076 17.18087383157201 100
    vertex -22.57824993897033 11.59910771348788 100
    vertex -12.84820902035453 5.909521034708626 100
  endloop
endfacet
facet normal 0 0 1
  outer loop
    vertex -22.57824993897033 11.59910771348788 100
    vertex -22.64053310797836 0.327655584277311 100
    vertex -12.84820902035453 5.909521034708626 100
  endloop
endfacet
facet normal 0 0 1
  outer loop
    vertex -12.78579891825076 17.18087383157201 100
    vertex -22.51590063599078 22.87050967880807 100
    vertex -22.57824993897033 11.59910771348788 100
  endloop
endfacet
facet normal 0 0 1
  outer loop
    vertex -22.57824993897033 11.59910771348788 100
    vertex -32.37071156970229 6.017347777823792 100
    vertex -22.64053310797836 0.327655584277311 100
  endloop
endfacet
facet normal 0 -0 1
  outer loop
    vertex -12.78579891825076 17.18087383157201 100
    vertex -12.72339836720542 28.45223891737651 100
    vertex -22.51590063599078 22.87050967880807 100
  endloop
endfacet
facet normal 0 0 1
  outer loop
    vertex -32.37071156970229 6.017347777823792 100
    vertex -32.43303301241545 -5.254075496169321 100
    vertex -22.64053310797836 0.327655584277311 100
  endloop
endfacet
facet normal 0 0 1
  outer loop
    vertex -12.72339836720542 28.45223891737651 100
    vertex -22.45355026663924 34.1419114452991 100
    vertex -22.51590063599078 22.87050967880807 100
  endloop
endfacet
facet normal 0 0 1
  outer loop
    vertex -32.37071156970229 6.017347777823792 100
    vertex -42.1632042719217 0.4356112678643435 100
    vertex -32.43303301241545 -5.254075496169321 100
  endloop
endfacet
facet normal 0 -0 1
  outer loop
    vertex -12.72339836720542 28.45223891737651 100
    vertex -12.66105479145631 39.72364580609995 100
    vertex -22.45355026663924 34.1419114452991 100
  endloop
endfacet
facet normal 0 0 1
  outer loop
    vertex -22.45355026663924 34.1419114452991 100
    vertex -32.24605272711996 28.56018224048609 100
    vertex -22.51590063599078 22.87050967880807 100
  endloop
endfacet
facet normal 0 0 1
  outer loop
    vertex -32.37071156970229 6.017347777823792 100
    vertex -42.10087669062987 11.70702991314646 100
    vertex -42.1632042719217 0.4356112678643435 100
  endloop
endfacet
facet normal 0 0 1
  outer loop
    vertex -12.72339836720542 28.45223891737651 100
    vertex -2.930884290621607 34.03395960650309 100
    vertex -12.66105479145631 39.72364580609995 100
  endloop
endfacet
facet normal 0 0 1
  outer loop
    vertex -42.1632042719217 0.4356112678643435 100
    vertex -42.225530674975 -10.83580826668702 100
    vertex -32.43303301241545 -5.254075496169321 100
  endloop
endfacet
facet normal 0 0 1
  outer loop
    vertex -12.66105479145631 39.72364580609995 100
    vertex -22.28560478224355 45.41274641796409 100
    vertex -22.45355026663924 34.1419114452991 100
  endloop
endfacet
facet normal 0 0 1
  outer loop
    vertex -42.1632042719217 0.4356112678643435 100
    vertex -51.43266908576553 -5.450743371415385 100
    vertex -42.225530674975 -10.83580826668702 100
  endloop
endfacet
facet normal -0 0 1
  outer loop
    vertex -42.225530674975 -10.83580826668702 100
    vertex -32.49535963746828 -16.52549486336676 100
    vertex -32.43303301241545 -5.254075496169321 100
  endloop
endfacet
facet normal 0 -0 1
  outer loop
    vertex -2.930884290621607 34.03395960650309 100
    vertex -2.868554087580593 45.30537632409862 100
    vertex -12.66105479145631 39.72364580609995 100
  endloop
endfacet
facet normal 0 0 1
  outer loop
    vertex -2.930884290621607 34.03395960650309 100
    vertex 6.861191111745701 39.61549054442261 100
    vertex -2.868554087580593 45.30537632409862 100
  endloop
endfacet
facet normal 0 0 1
  outer loop
    vertex -42.225530674975 -10.83580826668702 100
    vertex -42.2878580635193 -22.1072270583127 100
    vertex -32.49535963746828 -16.52549486336676 100
  endloop
endfacet
facet normal -0 0 1
  outer loop
    vertex -42.2878580635193 -22.1072270583127 100
    vertex -32.55768705041186 -27.79691363659559 100
    vertex -32.49535963746828 -16.52549486336676 100
  endloop
endfacet
facet normal 0 0 1
  outer loop
    vertex 6.861191111745701 39.61549054442261 100
    vertex 6.835171229576256 50.7221461866222 100
    vertex -2.868554087580593 45.30537632409862 100
  endloop
endfacet
facet normal 0 0 1
  outer loop
    vertex -79 0 100
    vertex -69.83943427825892 5.317072174237958 100
    vertex -78.19589390859369 11.24287222358956 100
  endloop
endfacet
facet normal 0 0 1
  outer loop
    vertex 59.70421637398637 -51.73399798167756 100
    vertex 48.81669557638246 -48.81669557638254 100
    vertex 51.73399798167748 -59.70421637398644 100
  endloop
endfacet
facet normal 0 0 1
  outer loop
    vertex 75.7999449155453 22.25687199047292 100
    vertex 66.09943674886311 14.6569790360295 100
    vertex 78.19589390859369 11.24287222358951 100
  endloop
endfacet
facet normal 0 0 1
  outer loop
    vertex -71.86092763300694 32.81778602714905 100
    vertex -61.10704942842072 33.51163336532928 100
    vertex -66.4590290936633 42.71062457899222 100
  endloop
endfacet
facet normal 0 0 1
  outer loop
    vertex 59.70421637398645 51.73399798167747 100
    vertex 55.81684354872778 42.59136528874324 100
    vertex 66.45902909366336 42.71062457899215 100
  endloop
endfacet
facet normal 0 0 1
  outer loop
    vertex 71.86092763300692 -32.81778602714909 100
    vertex 60.59252886190093 -33.08602393933302 100
    vertex 66.45902909366332 -42.7106245789922 100
  endloop
endfacet
facet normal 0 0 1
  outer loop
    vertex 11.24287222358958 78.19589390859369 100
    vertex 14.56383743467457 68.04879959037557 100
    vertex 22.25687199047299 75.79994491554528 100
  endloop
endfacet
facet normal -0 0 1
  outer loop
    vertex -22.25687199047291 75.7999449155453 100
    vertex -15.36146555778254 67.38266994805292 100
    vertex -11.24287222358948 78.19589390859369 100
  endloop
endfacet
facet normal 0 0 1
  outer loop
    vertex 6.835171229576256 50.7221461866222 100
    vertex -2.626064953120497 55.90300338563776 100
    vertex -2.868554087580593 45.30537632409862 100
  endloop
endfacet
facet normal 0 -0 1
  outer loop
    vertex -32.81778602714908 -71.86092763300692 100
    vertex -32.76111744743283 -60.78528647683451 100
    vertex -42.71062457899226 -66.45902909366328 100
  endloop
endfacet
facet normal 0 0 1
  outer loop
    vertex -32.55768705041186 -27.79691363659559 100
    vertex -22.76518842207607 -22.21518167948385 100
    vertex -32.49535963746828 -16.52549486336676 100
  endloop
endfacet
facet normal 0 -0 1
  outer loop
    vertex 6.424129925283331 -39.28214518889229 100
    vertex 6.487011459274474 -28.01405185409124 100
    vertex -3.304846250369045 -33.59455489818232 100
  endloop
endfacet
facet normal -0 0 1
  outer loop
    vertex -51.73399798167749 59.70421637398643 100
    vertex -41.91514183279059 55.61823129498482 100
    vertex -42.71062457899218 66.45902909366333 100
  endloop
endfacet
facet normal 0 0 1
  outer loop
    vertex -3.374343205839937 -44.85339570682203 100
    vertex 6.424129925283331 -39.28214518889229 100
    vertex -3.304846250369045 -33.59455489818232 100
  endloop
endfacet
facet normal 0 0 1
  outer loop
    vertex 6.32125370366408 -50.59844088424896 100
    vertex 16.14805386474438 -45.03235907481526 100
    vertex 6.424129925283331 -39.28214518889229 100
  endloop
endfacet
facet normal 0 -0 1
  outer loop
    vertex 26.53253141080138 -52.96527182491158 100
    vertex 37.24996818476883 -46.87087950298923 100
    vertex 25.94367486407252 -39.40802538464826 100
  endloop
endfacet
facet normal 0 0 1
  outer loop
    vertex -8.467768044910506e-14 -79 100
    vertex -4.684291893112596 -68.45997444868658 100
    vertex -11.2428722235896 -78.19589390859367 100
  endloop
endfacet
facet normal 0 0 1
  outer loop
    vertex 16.21518334121842 -33.71197263929744 100
    vertex 6.487011459274474 -28.01405185409124 100
    vertex 6.424129925283331 -39.28214518889229 100
  endloop
endfacet
facet normal 0 0 1
  outer loop
    vertex 32.817786027149 -71.86092763300697 100
    vertex 24.04031125780245 -64.58102222321477 100
    vertex 22.25687199047292 -75.7999449155453 100
  endloop
endfacet
facet normal -0 0 1
  outer loop
    vertex 26.53253141080138 -52.96527182491158 100
    vertex 35.96127058349416 -56.65831630334785 100
    vertex 37.24996818476883 -46.87087950298923 100
  endloop
endfacet
facet normal 0 0 1
  outer loop
    vertex 32.81778602714908 71.86092763300692 100
    vertex 33.36320583472134 60.20203455913244 100
    vertex 42.71062457899227 66.45902909366328 100
  endloop
endfacet
facet normal -0 0 1
  outer loop
    vertex -32.55768705041186 -27.79691363659559 100
    vertex -22.82751597651367 -33.48660027492915 100
    vertex -22.76518842207607 -22.21518167948385 100
  endloop
endfacet
facet normal 0 0 1
  outer loop
    vertex -13.09734491537272 -39.17628689701083 100
    vertex -3.304846250369045 -33.59455489818232 100
    vertex -13.03501734401819 -27.90486833803903 100
  endloop
endfacet
facet normal 0 -0 1
  outer loop
    vertex 16.14805386474438 -45.03235907481526 100
    vertex 16.21518334121842 -33.71197263929744 100
    vertex 6.424129925283331 -39.28214518889229 100
  endloop
endfacet
facet normal 0 0 1
  outer loop
    vertex 16.14805386474438 -45.03235907481526 100
    vertex 25.94367486407252 -39.40802538464826 100
    vertex 16.21518334121842 -33.71197263929744 100
  endloop
endfacet
facet normal 0 0 1
  outer loop
    vertex 78.19589390859369 -11.24287222358954 100
    vertex 66.11487396853774 -14.77076181968876 100
    vertex 75.7999449155453 -22.25687199047295 100
  endloop
endfacet
facet normal 0 0 1
  outer loop
    vertex -22.82751597651367 -33.48660027492915 100
    vertex -22.82771128344044 -44.63840149741027 100
    vertex -13.09734491537272 -39.17628689701083 100
  endloop
endfacet
facet normal 0 0 1
  outer loop
    vertex -32.55768705041186 -27.79691363659559 100
    vertex -32.57135357656057 -38.98511496896479 100
    vertex -22.82751597651367 -33.48660027492915 100
  endloop
endfacet
facet normal 0 0 1
  outer loop
    vertex -22.82751597651367 -33.48660027492915 100
    vertex -13.03501734401819 -27.90486833803903 100
    vertex -22.76518842207607 -22.21518167948385 100
  endloop
endfacet
facet normal -0 0 1
  outer loop
    vertex -22.82751597651367 -33.48660027492915 100
    vertex -13.09734491537272 -39.17628689701083 100
    vertex -13.03501734401819 -27.90486833803903 100
  endloop
endfacet
facet normal 0 -0 1
  outer loop
    vertex -59.70421637398645 -51.73399798167746 100
    vertex -54.01053231735324 -40.71221571139804 100
    vertex -66.45902909366335 -42.71062457899215 100
  endloop
endfacet
facet normal -0 0 1
  outer loop
    vertex -32.57135357656057 -38.98511496896479 100
    vertex -22.82771128344044 -44.63840149741027 100
    vertex -22.82751597651367 -33.48660027492915 100
  endloop
endfacet
facet normal -0 0 1
  outer loop
    vertex -13.09734491537272 -39.17628689701083 100
    vertex -3.374343205839937 -44.85339570682203 100
    vertex -3.304846250369045 -33.59455489818232 100
  endloop
endfacet
facet normal 0 0 1
  outer loop
    vertex -13.09734491537272 -39.17628689701083 100
    vertex -13.17488304297552 -50.39354348941684 100
    vertex -3.374343205839937 -44.85339570682203 100
  endloop
endfacet
facet normal 0 0 1
  outer loop
    vertex -13.09734491537272 -39.17628689701083 100
    vertex -22.82771128344044 -44.63840149741027 100
    vertex -13.17488304297552 -50.39354348941684 100
  endloop
endfacet
facet normal -0 0 1
  outer loop
    vertex 16.14805386474438 -45.03235907481526 100
    vertex 26.53253141080138 -52.96527182491158 100
    vertex 25.94367486407252 -39.40802538464826 100
  endloop
endfacet
facet normal -0 0 1
  outer loop
    vertex -3.374343205839937 -44.85339570682203 100
    vertex 6.32125370366408 -50.59844088424896 100
    vertex 6.424129925283331 -39.28214518889229 100
  endloop
endfacet
facet normal 0 -0 1
  outer loop
    vertex -75.79994491554531 -22.25687199047289 100
    vertex -68.80144562433492 -16.219375591009 100
    vertex -78.19589390859369 -11.24287222358951 100
  endloop
endfacet
facet normal 0 0 1
  outer loop
    vertex -42.65338350611029 -33.65674912390358 100
    vertex -42.18261065018974 -44.68100345275377 100
    vertex -32.57135357656057 -38.98511496896479 100
  endloop
endfacet
facet normal 0 0 1
  outer loop
    vertex -42.2878580635193 -22.1072270583127 100
    vertex -42.65338350611029 -33.65674912390358 100
    vertex -32.55768705041186 -27.79691363659559 100
  endloop
endfacet
facet normal 0 0 1
  outer loop
    vertex -42.2878580635193 -22.1072270583127 100
    vertex -52.20073240986936 -28.02888712394602 100
    vertex -42.65338350611029 -33.65674912390358 100
  endloop
endfacet
facet normal 0 0 1
  outer loop
    vertex -32.55768705041186 -27.79691363659559 100
    vertex -42.65338350611029 -33.65674912390358 100
    vertex -32.57135357656057 -38.98511496896479 100
  endloop
endfacet
facet normal -0 0 1
  outer loop
    vertex -32.43303301241545 -5.254075496169321 100
    vertex -22.70286104689623 -10.94376286401236 100
    vertex -22.64053310797836 0.327655584277311 100
  endloop
endfacet
facet normal 0 0 1
  outer loop
    vertex -51.43266908576553 -5.450743371415385 100
    vertex -51.37574202341575 -16.61584714525373 100
    vertex -42.225530674975 -10.83580826668702 100
  endloop
endfacet
facet normal 0 0 1
  outer loop
    vertex -42.225530674975 -10.83580826668702 100
    vertex -51.37574202341575 -16.61584714525373 100
    vertex -42.2878580635193 -22.1072270583127 100
  endloop
endfacet
facet normal 0 0 1
  outer loop
    vertex -42.2878580635193 -22.1072270583127 100
    vertex -51.37574202341575 -16.61584714525373 100
    vertex -52.20073240986936 -28.02888712394602 100
  endloop
endfacet
facet normal 0 -0 1
  outer loop
    vertex -12.66105479145631 39.72364580609995 100
    vertex -12.29403136333459 50.43167866944047 100
    vertex -22.28560478224355 45.41274641796409 100
  endloop
endfacet
facet normal 0 0 1
  outer loop
    vertex -2.868554087580593 45.30537632409862 100
    vertex -12.29403136333459 50.43167866944047 100
    vertex -12.66105479145631 39.72364580609995 100
  endloop
endfacet
facet normal 0 0 1
  outer loop
    vertex -12.29403136333459 50.43167866944047 100
    vertex -21.40078492480191 57.36663840463024 100
    vertex -22.28560478224355 45.41274641796409 100
  endloop
endfacet
facet normal 0 0 1
  outer loop
    vertex -2.626064953120497 55.90300338563776 100
    vertex -12.29403136333459 50.43167866944047 100
    vertex -2.868554087580593 45.30537632409862 100
  endloop
endfacet
facet normal 0 0 1
  outer loop
    vertex -42.10087669062987 11.70702991314646 100
    vertex -51.45192490270803 17.23081901060323 100
    vertex -51.5748383440556 5.771517990254363 100
  endloop
endfacet
facet normal 0 0 1
  outer loop
    vertex -42.10087669062987 11.70702991314646 100
    vertex -51.5748383440556 5.771517990254363 100
    vertex -42.1632042719217 0.4356112678643435 100
  endloop
endfacet
facet normal 0 0 1
  outer loop
    vertex -42.1632042719217 0.4356112678643435 100
    vertex -51.5748383440556 5.771517990254363 100
    vertex -51.43266908576553 -5.450743371415385 100
  endloop
endfacet
facet normal 0 0 1
  outer loop
    vertex -32.49535963746828 -16.52549486336676 100
    vertex -22.70286104689623 -10.94376286401236 100
    vertex -32.43303301241545 -5.254075496169321 100
  endloop
endfacet
facet normal 0 -0 1
  outer loop
    vertex -22.76518842207607 -22.21518167948385 100
    vertex -22.70286104689623 -10.94376286401236 100
    vertex -32.49535963746828 -16.52549486336676 100
  endloop
endfacet
facet normal 0 0 1
  outer loop
    vertex -32.18372132221885 39.83159805095619 100
    vertex -41.90484848724634 34.09361481358151 100
    vertex -32.24605272711996 28.56018224048609 100
  endloop
endfacet
facet normal 0 0 1
  outer loop
    vertex -22.45355026663924 34.1419114452991 100
    vertex -32.18372132221885 39.83159805095619 100
    vertex -32.24605272711996 28.56018224048609 100
  endloop
endfacet
facet normal 0 0 1
  outer loop
    vertex -22.28560478224355 45.41274641796409 100
    vertex -32.18372132221885 39.83159805095619 100
    vertex -22.45355026663924 34.1419114452991 100
  endloop
endfacet
facet normal 0 0 1
  outer loop
    vertex -12.91036222331801 -5.362030729222966 100
    vertex -12.97270791123274 -16.63348374166281 100
    vertex -3.180191753588332 -11.0517177523135 100
  endloop
endfacet
facet normal 0 0 1
  outer loop
    vertex -22.51590063599078 22.87050967880807 100
    vertex -32.30838986060232 17.28877079051041 100
    vertex -22.57824993897033 11.59910771348788 100
  endloop
endfacet
facet normal 0 0 1
  outer loop
    vertex -22.57824993897033 11.59910771348788 100
    vertex -32.30838986060232 17.28877079051041 100
    vertex -32.37071156970229 6.017347777823792 100
  endloop
endfacet
facet normal 0 0 1
  outer loop
    vertex -32.24605272711996 28.56018224048609 100
    vertex -32.30838986060232 17.28877079051041 100
    vertex -22.51590063599078 22.87050967880807 100
  endloop
endfacet
facet normal 0 -0 1
  outer loop
    vertex -32.37071156970229 6.017347777823792 100
    vertex -32.30838986060232 17.28877079051041 100
    vertex -42.10087669062987 11.70702991314646 100
  endloop
endfacet
facet normal 0 0 1
  outer loop
    vertex -32.24605272711996 28.56018224048609 100
    vertex -41.83060277065444 22.92402375664951 100
    vertex -32.30838986060232 17.28877079051041 100
  endloop
endfacet
facet normal 0 0 1
  outer loop
    vertex -32.30838986060232 17.28877079051041 100
    vertex -41.83060277065444 22.92402375664951 100
    vertex -42.10087669062987 11.70702991314646 100
  endloop
endfacet
facet normal 0 0 1
  outer loop
    vertex -41.90484848724634 34.09361481358151 100
    vertex -41.83060277065444 22.92402375664951 100
    vertex -32.24605272711996 28.56018224048609 100
  endloop
endfacet
facet normal 0 -0 1
  outer loop
    vertex -42.10087669062987 11.70702991314646 100
    vertex -41.83060277065444 22.92402375664951 100
    vertex -51.45192490270803 17.23081901060323 100
  endloop
endfacet
facet normal 0 0 1
  outer loop
    vertex -2.993290324569589 22.76259772516848 100
    vertex 6.798940688439309 28.34404815694437 100
    vertex -2.930884290621607 34.03395960650309 100
  endloop
endfacet
facet normal 0 0 1
  outer loop
    vertex 6.487011459274474 -28.01405185409124 100
    vertex -3.242626677499608 -22.32334108690519 100
    vertex -3.304846250369045 -33.59455489818232 100
  endloop
endfacet
facet normal 0 0 1
  outer loop
    vertex 6.736962833799738 17.0728518069707 100
    vertex -2.993290324569589 22.76259772516848 100
    vertex -3.055913666676887 11.49139185066371 100
  endloop
endfacet
facet normal -0 0 1
  outer loop
    vertex -12.72339836720542 28.45223891737651 100
    vertex -2.993290324569589 22.76259772516848 100
    vertex -2.930884290621607 34.03395960650309 100
  endloop
endfacet
facet normal 0 -0 1
  outer loop
    vertex -3.055913666676887 11.49139185066371 100
    vertex -2.993290324569589 22.76259772516848 100
    vertex -12.78579891825076 17.18087383157201 100
  endloop
endfacet
facet normal 0 -0 1
  outer loop
    vertex 6.736962833799738 17.0728518069707 100
    vertex 6.798940688439309 28.34404815694437 100
    vertex -2.993290324569589 22.76259772516848 100
  endloop
endfacet
facet normal 0 -0 1
  outer loop
    vertex -3.304846250369045 -33.59455489818232 100
    vertex -3.242626677499608 -22.32334108690519 100
    vertex -13.03501734401819 -27.90486833803903 100
  endloop
endfacet
facet normal 0 0 1
  outer loop
    vertex -12.78579891825076 17.18087383157201 100
    vertex -2.993290324569589 22.76259772516848 100
    vertex -12.72339836720542 28.45223891737651 100
  endloop
endfacet
facet normal -0 0 1
  outer loop
    vertex -2.930884290621607 34.03395960650309 100
    vertex 6.798940688439309 28.34404815694437 100
    vertex 6.861191111745701 39.61549054442261 100
  endloop
endfacet
facet normal 0 0 1
  outer loop
    vertex -3.118532809050843 0.2202290784327626 100
    vertex -12.91036222331801 -5.362030729222966 100
    vertex -3.180191753588332 -11.0517177523135 100
  endloop
endfacet
facet normal 0 0 1
  outer loop
    vertex -22.70286104689623 -10.94376286401236 100
    vertex -12.91036222331801 -5.362030729222966 100
    vertex -22.64053310797836 0.327655584277311 100
  endloop
endfacet
facet normal 0 0 1
  outer loop
    vertex -12.84820902035453 5.909521034708626 100
    vertex -12.91036222331801 -5.362030729222966 100
    vertex -3.118532809050843 0.2202290784327626 100
  endloop
endfacet
facet normal 0 0 1
  outer loop
    vertex -22.76518842207607 -22.21518167948385 100
    vertex -12.97270791123274 -16.63348374166281 100
    vertex -22.70286104689623 -10.94376286401236 100
  endloop
endfacet
facet normal 0 0 1
  outer loop
    vertex -3.180191753588332 -11.0517177523135 100
    vertex -12.97270791123274 -16.63348374166281 100
    vertex -3.242626677499608 -22.32334108690519 100
  endloop
endfacet
facet normal 0 0 1
  outer loop
    vertex -3.242626677499608 -22.32334108690519 100
    vertex -12.97270791123274 -16.63348374166281 100
    vertex -13.03501734401819 -27.90486833803903 100
  endloop
endfacet
facet normal -0 0 1
  outer loop
    vertex -22.64053310797836 0.327655584277311 100
    vertex -12.91036222331801 -5.362030729222966 100
    vertex -12.84820902035453 5.909521034708626 100
  endloop
endfacet
facet normal 0 -0 1
  outer loop
    vertex -13.03501734401819 -27.90486833803903 100
    vertex -12.97270791123274 -16.63348374166281 100
    vertex -22.76518842207607 -22.21518167948385 100
  endloop
endfacet
facet normal 0 0 1
  outer loop
    vertex 6.487011459274474 -28.01405185409124 100
    vertex 16.28014669012463 -22.43109840455228 100
    vertex 6.549325415618124 -16.74091306125172 100
  endloop
endfacet
facet normal 0 0 1
  outer loop
    vertex 6.609889841128994 -5.467922435023199 100
    vertex 6.549325415618124 -16.74091306125172 100
    vertex 16.33493926740374 -11.15221301368285 100
  endloop
endfacet
facet normal 0 -0 1
  outer loop
    vertex 6.487011459274474 -28.01405185409124 100
    vertex 6.549325415618124 -16.74091306125172 100
    vertex -3.242626677499608 -22.32334108690519 100
  endloop
endfacet
facet normal -0 0 1
  outer loop
    vertex -3.180191753588332 -11.0517177523135 100
    vertex 6.549325415618124 -16.74091306125172 100
    vertex 6.609889841128994 -5.467922435023199 100
  endloop
endfacet
facet normal -0 0 1
  outer loop
    vertex 6.549325415618124 -16.74091306125172 100
    vertex 16.28014669012463 -22.43109840455228 100
    vertex 16.33493926740374 -11.15221301368285 100
  endloop
endfacet
facet normal 0 0 1
  outer loop
    vertex -3.242626677499608 -22.32334108690519 100
    vertex 6.549325415618124 -16.74091306125172 100
    vertex -3.180191753588332 -11.0517177523135 100
  endloop
endfacet
facet normal 0 0 1
  outer loop
    vertex 45.75329256535775 16.87556192492034 100
    vertex 56.27732266023857 21.22281782350127 100
    vertex 46.15730770031419 27.84193036567851 100
  endloop
endfacet
facet normal 0 -0 1
  outer loop
    vertex 16.21518334121842 -33.71197263929744 100
    vertex 16.28014669012463 -22.43109840455228 100
    vertex 6.487011459274474 -28.01405185409124 100
  endloop
endfacet
facet normal 0 -0 1
  outer loop
    vertex 45.75329256535775 16.87556192492034 100
    vertex 46.15730770031419 27.84193036567851 100
    vertex 36.04788634150026 22.54855120559908 100
  endloop
endfacet
facet normal 0 -0 1
  outer loop
    vertex 36.04788634150026 22.54855120559908 100
    vertex 46.15730770031419 27.84193036567851 100
    vertex 35.95662096224427 33.82022158328855 100
  endloop
endfacet
facet normal 0 0 1
  outer loop
    vertex 6.673037476289117 5.802538169640176 100
    vertex 16.46197246232787 11.3861047054039 100
    vertex 6.736962833799738 17.0728518069707 100
  endloop
endfacet
facet normal 0 0 1
  outer loop
    vertex 26.18300118998652 5.702725418489418 100
    vertex 16.46197246232787 11.3861047054039 100
    vertex 16.39784575861185 0.1166657333143612 100
  endloop
endfacet
facet normal 0 0 1
  outer loop
    vertex 26.25207645095404 16.96786201495204 100
    vertex 16.46197246232787 11.3861047054039 100
    vertex 26.18300118998652 5.702725418489418 100
  endloop
endfacet
facet normal 0 -0 1
  outer loop
    vertex 16.39784575861185 0.1166657333143612 100
    vertex 16.46197246232787 11.3861047054039 100
    vertex 6.673037476289117 5.802538169640176 100
  endloop
endfacet
facet normal 0 0 1
  outer loop
    vertex 6.736962833799738 17.0728518069707 100
    vertex 16.52659185544124 22.65557104971987 100
    vertex 6.798940688439309 28.34404815694437 100
  endloop
endfacet
facet normal 0 -0 1
  outer loop
    vertex 16.46197246232787 11.3861047054039 100
    vertex 16.52659185544124 22.65557104971987 100
    vertex 6.736962833799738 17.0728518069707 100
  endloop
endfacet
facet normal 0 -0 1
  outer loop
    vertex 16.52659185544124 22.65557104971987 100
    vertex 16.58566525547063 33.92622577420644 100
    vertex 6.798940688439309 28.34404815694437 100
  endloop
endfacet
facet normal 0 0 1
  outer loop
    vertex 26.25207645095404 16.96786201495204 100
    vertex 16.52659185544124 22.65557104971987 100
    vertex 16.46197246232787 11.3861047054039 100
  endloop
endfacet
facet normal 0 0 1
  outer loop
    vertex 26.31884496117083 28.23715544450352 100
    vertex 16.52659185544124 22.65557104971987 100
    vertex 26.25207645095404 16.96786201495204 100
  endloop
endfacet
facet normal 0 0 1
  outer loop
    vertex 6.798940688439309 28.34404815694437 100
    vertex 16.58566525547063 33.92622577420644 100
    vertex 6.861191111745701 39.61549054442261 100
  endloop
endfacet
facet normal 0 0 1
  outer loop
    vertex 26.31884496117083 28.23715544450352 100
    vertex 16.58566525547063 33.92622577420644 100
    vertex 16.52659185544124 22.65557104971987 100
  endloop
endfacet
facet normal 0 0 1
  outer loop
    vertex 16.58566525547063 33.92622577420644 100
    vertex 16.57837871560042 45.29004124045905 100
    vertex 6.861191111745701 39.61549054442261 100
  endloop
endfacet
facet normal 0 0 1
  outer loop
    vertex 26.35582780183378 39.50826411002949 100
    vertex 16.58566525547063 33.92622577420644 100
    vertex 26.31884496117083 28.23715544450352 100
  endloop
endfacet
facet normal 0 -0 1
  outer loop
    vertex 6.861191111745701 39.61549054442261 100
    vertex 16.57837871560042 45.29004124045905 100
    vertex 6.835171229576256 50.7221461866222 100
  endloop
endfacet
facet normal 0 0 1
  outer loop
    vertex 26.35582780183378 39.50826411002949 100
    vertex 16.57837871560042 45.29004124045905 100
    vertex 16.58566525547063 33.92622577420644 100
  endloop
endfacet
facet normal 0 0 1
  outer loop
    vertex 26.09484608072648 51.544559489205 100
    vertex 16.57837871560042 45.29004124045905 100
    vertex 26.35582780183378 39.50826411002949 100
  endloop
endfacet
facet normal 0 -0 1
  outer loop
    vertex 37.24996818476883 -46.87087950298923 100
    vertex 37.44355109482857 -33.78555272739781 100
    vertex 25.94367486407252 -39.40802538464826 100
  endloop
endfacet
facet normal 0 0 1
  outer loop
    vertex 45.60297333202787 5.66310959419457 100
    vertex 55.45982610688728 11.26162057619899 100
    vertex 45.75329256535775 16.87556192492034 100
  endloop
endfacet
facet normal 0 0 1
  outer loop
    vertex 35.769684405131 -11.19709519660699 100
    vertex 25.99605461968279 -16.76284189202411 100
    vertex 35.48704163558149 -22.09541529487339 100
  endloop
endfacet
facet normal 0 0 1
  outer loop
    vertex 16.28014669012463 -22.43109840455228 100
    vertex 25.99605461968279 -16.76284189202411 100
    vertex 16.33493926740374 -11.15221301368285 100
  endloop
endfacet
facet normal 0 0 1
  outer loop
    vertex 26.10772949352415 -5.557303614887754 100
    vertex 25.99605461968279 -16.76284189202411 100
    vertex 35.769684405131 -11.19709519660699 100
  endloop
endfacet
facet normal 0 0 1
  outer loop
    vertex 16.21518334121842 -33.71197263929744 100
    vertex 26.22760870758474 -28.03248439046554 100
    vertex 16.28014669012463 -22.43109840455228 100
  endloop
endfacet
facet normal 0 0 1
  outer loop
    vertex 35.48704163558149 -22.09541529487339 100
    vertex 26.22760870758474 -28.03248439046554 100
    vertex 37.44355109482857 -33.78555272739781 100
  endloop
endfacet
facet normal 0 0 1
  outer loop
    vertex 37.44355109482857 -33.78555272739781 100
    vertex 26.22760870758474 -28.03248439046554 100
    vertex 25.94367486407252 -39.40802538464826 100
  endloop
endfacet
facet normal 0 0 1
  outer loop
    vertex 6.32125370366408 -50.59844088424896 100
    vertex -3.761531899650117 -56.32410913510228 100
    vertex 5.653527723809654 -62.0760825253045 100
  endloop
endfacet
facet normal -0 0 1
  outer loop
    vertex 16.33493926740374 -11.15221301368285 100
    vertex 25.99605461968279 -16.76284189202411 100
    vertex 26.10772949352415 -5.557303614887754 100
  endloop
endfacet
facet normal 0 -0 1
  outer loop
    vertex 25.94367486407252 -39.40802538464826 100
    vertex 26.22760870758474 -28.03248439046554 100
    vertex 16.21518334121842 -33.71197263929744 100
  endloop
endfacet
facet normal 0 0 1
  outer loop
    vertex 16.57837871560042 45.29004124045905 100
    vertex 15.85567761128399 57.14149060728052 100
    vertex 6.835171229576256 50.7221461866222 100
  endloop
endfacet
facet normal 0 0 1
  outer loop
    vertex 55.07267298139027 0.07740744021262087 100
    vertex 45.60297333202787 5.66310959419457 100
    vertex 45.49865091392011 -5.556964056183034 100
  endloop
endfacet
facet normal 0 0 1
  outer loop
    vertex -3.374343205839937 -44.85339570682203 100
    vertex -3.761531899650117 -56.32410913510228 100
    vertex 6.32125370366408 -50.59844088424896 100
  endloop
endfacet
facet normal -0 0 1
  outer loop
    vertex 35.96288795720128 11.2833663015487 100
    vertex 45.60297333202787 5.66310959419457 100
    vertex 45.75329256535775 16.87556192492034 100
  endloop
endfacet
facet normal 0 -0 1
  outer loop
    vertex 45.49865091392011 -5.556964056183034 100
    vertex 45.60297333202787 5.66310959419457 100
    vertex 35.8705094674105 0.03766537846981184 100
  endloop
endfacet
facet normal 0 -0 1
  outer loop
    vertex 55.07267298139027 0.07740744021262087 100
    vertex 55.45982610688728 11.26162057619899 100
    vertex 45.60297333202787 5.66310959419457 100
  endloop
endfacet
facet normal 0 0 1
  outer loop
    vertex 26.09484608072648 51.544559489205 100
    vertex 15.85567761128399 57.14149060728052 100
    vertex 16.57837871560042 45.29004124045905 100
  endloop
endfacet
facet normal -0 0 1
  outer loop
    vertex -13.17488304297552 -50.39354348941684 100
    vertex -3.761531899650117 -56.32410913510228 100
    vertex -3.374343205839937 -44.85339570682203 100
  endloop
endfacet
facet normal 0 0 1
  outer loop
    vertex 35.8705094674105 0.03766537846981184 100
    vertex 45.60297333202787 5.66310959419457 100
    vertex 35.96288795720128 11.2833663015487 100
  endloop
endfacet
facet normal 0 0 1
  outer loop
    vertex -22.82771128344044 -44.63840149741027 100
    vertex -23.16050199043983 -55.52627757872924 100
    vertex -13.17488304297552 -50.39354348941684 100
  endloop
endfacet
facet normal -0 0 1
  outer loop
    vertex 45.75329256535775 16.87556192492034 100
    vertex 55.45982610688728 11.26162057619899 100
    vertex 56.27732266023857 21.22281782350127 100
  endloop
endfacet
facet normal 0 0 1
  outer loop
    vertex -13.17488304297552 -50.39354348941684 100
    vertex -13.71008088792377 -61.35187364262174 100
    vertex -3.761531899650117 -56.32410913510228 100
  endloop
endfacet
facet normal 0 0 1
  outer loop
    vertex -23.16050199043983 -55.52627757872924 100
    vertex -23.33150203041325 -65.9295893555129 100
    vertex -13.71008088792377 -61.35187364262174 100
  endloop
endfacet
facet normal 0 0 1
  outer loop
    vertex -32.76111744743283 -60.78528647683451 100
    vertex -42.00068181171078 -55.28255779215299 100
    vertex -42.71062457899226 -66.45902909366328 100
  endloop
endfacet
facet normal -0 0 1
  outer loop
    vertex -23.16050199043983 -55.52627757872924 100
    vertex -13.71008088792377 -61.35187364262174 100
    vertex -13.17488304297552 -50.39354348941684 100
  endloop
endfacet
facet normal 0 0 1
  outer loop
    vertex -61.10704942842072 33.51163336532928 100
    vertex -60.48613286538041 21.94813908900952 100
    vertex -51.36351244146917 28.42333846738929 100
  endloop
endfacet
facet normal 0 0 1
  outer loop
    vertex 55.09866527536834 -23.57924645816328 100
    vertex 49.32462648738113 -33.24178406843667 100
    vertex 60.59252886190093 -33.08602393933302 100
  endloop
endfacet
facet normal -0 0 1
  outer loop
    vertex -42.18261065018974 -44.68100345275377 100
    vertex -32.39037588525048 -49.84044702895833 100
    vertex -32.57135357656057 -38.98511496896479 100
  endloop
endfacet
facet normal 0 0 1
  outer loop
    vertex -22.28560478224355 45.41274641796409 100
    vertex -31.48768328451923 51.09951243983445 100
    vertex -32.18372132221885 39.83159805095619 100
  endloop
endfacet
facet normal 0 0 1
  outer loop
    vertex -23.16050199043983 -55.52627757872924 100
    vertex -32.39037588525048 -49.84044702895833 100
    vertex -32.76111744743283 -60.78528647683451 100
  endloop
endfacet
facet normal 0 0 1
  outer loop
    vertex -22.82771128344044 -44.63840149741027 100
    vertex -32.39037588525048 -49.84044702895833 100
    vertex -23.16050199043983 -55.52627757872924 100
  endloop
endfacet
facet normal 0 0 1
  outer loop
    vertex -51.5748383440556 5.771517990254363 100
    vertex -60.84982239739018 -0.7340966151972366 100
    vertex -51.43266908576553 -5.450743371415385 100
  endloop
endfacet
facet normal -0 0 1
  outer loop
    vertex -15.36146555778254 67.38266994805292 100
    vertex -10.9940145234829 59.56055139721818 100
    vertex -3.965817602923565 67.459640888105 100
  endloop
endfacet
facet normal 0 0 1
  outer loop
    vertex -41.83060277065444 22.92402375664951 100
    vertex -51.36351244146917 28.42333846738929 100
    vertex -51.45192490270803 17.23081901060323 100
  endloop
endfacet
facet normal 0 0 1
  outer loop
    vertex -32.18372132221885 39.83159805095619 100
    vertex -41.44141092660149 45.0042250829559 100
    vertex -41.90484848724634 34.09361481358151 100
  endloop
endfacet
facet normal 0 0 1
  outer loop
    vertex 46.15730770031419 27.84193036567851 100
    vertex 45.58076491923457 39.21898026622522 100
    vertex 35.95662096224427 33.82022158328855 100
  endloop
endfacet
facet normal 0 -0 1
  outer loop
    vertex -66.45902909366335 -42.71062457899215 100
    vertex -62.30919642522487 -32.05277601203417 100
    vertex -71.86092763300698 -32.81778602714897 100
  endloop
endfacet
facet normal 0 0 1
  outer loop
    vertex -54.01053231735324 -40.71221571139804 100
    vertex -62.30919642522487 -32.05277601203417 100
    vertex -66.45902909366335 -42.71062457899215 100
  endloop
endfacet
facet normal 0 0 1
  outer loop
    vertex 15.85567761128399 57.14149060728052 100
    vertex 6.379816664901424 61.54536733440793 100
    vertex 6.835171229576256 50.7221461866222 100
  endloop
endfacet
facet normal -0 0 1
  outer loop
    vertex -69.6231104226194 -5.50273368940292 100
    vertex -60.06397456275373 -10.93247203703097 100
    vertex -60.84982239739018 -0.7340966151972366 100
  endloop
endfacet
facet normal 0 0 1
  outer loop
    vertex 14.56383743467457 68.04879959037557 100
    vertex 6.379816664901424 61.54536733440793 100
    vertex 15.85567761128399 57.14149060728052 100
  endloop
endfacet
facet normal 0 0 1
  outer loop
    vertex 55.27169386021463 -41.87783304961521 100
    vertex 44.82115579886135 -40.87390320099706 100
    vertex 48.81669557638246 -48.81669557638254 100
  endloop
endfacet
facet normal 0 0 1
  outer loop
    vertex -21.40078492480191 57.36663840463024 100
    vertex -32.46019214480476 61.44245578594786 100
    vertex -31.48768328451923 51.09951243983445 100
  endloop
endfacet
facet normal 0 -0 1
  outer loop
    vertex -51.36351244146917 28.42333846738929 100
    vertex -50.91772208887301 39.1430453544175 100
    vertex -61.10704942842072 33.51163336532928 100
  endloop
endfacet
facet normal -0 0 1
  outer loop
    vertex 55.45982610688728 11.26162057619899 100
    vertex 61.62317550452725 4.801010399982881 100
    vertex 66.09943674886311 14.6569790360295 100
  endloop
endfacet
facet normal 0 0 1
  outer loop
    vertex -32.57135357656057 -38.98511496896479 100
    vertex -32.39037588525048 -49.84044702895833 100
    vertex -22.82771128344044 -44.63840149741027 100
  endloop
endfacet
facet normal 0 -0 1
  outer loop
    vertex -68.80144562433492 -16.219375591009 100
    vertex -60.06397456275373 -10.93247203703097 100
    vertex -69.6231104226194 -5.50273368940292 100
  endloop
endfacet
facet normal 0 0 1
  outer loop
    vertex -41.90484848724634 34.09361481358151 100
    vertex -50.91772208887301 39.1430453544175 100
    vertex -51.36351244146917 28.42333846738929 100
  endloop
endfacet
facet normal -0 0 1
  outer loop
    vertex 49.32462648738113 -33.24178406843667 100
    vertex 55.27169386021463 -41.87783304961521 100
    vertex 60.59252886190093 -33.08602393933302 100
  endloop
endfacet
facet normal 0 0 1
  outer loop
    vertex 66.11487396853774 -14.77076181968876 100
    vertex 62.46280543924162 -4.609372859127215 100
    vertex 54.94363003820116 -11.06946971313389 100
  endloop
endfacet
facet normal 0 0 1
  outer loop
    vertex -21.40078492480191 57.36663840463024 100
    vertex -31.48768328451923 51.09951243983445 100
    vertex -22.28560478224355 45.41274641796409 100
  endloop
endfacet
facet normal -0 0 1
  outer loop
    vertex -42.71062457899218 66.45902909366333 100
    vertex -32.46019214480476 61.44245578594786 100
    vertex -32.817786027149 71.86092763300697 100
  endloop
endfacet
facet normal 0 -0 1
  outer loop
    vertex -41.91514183279059 55.61823129498482 100
    vertex -32.46019214480476 61.44245578594786 100
    vertex -42.71062457899218 66.45902909366333 100
  endloop
endfacet
facet normal 0 -0 1
  outer loop
    vertex 42.71062457899217 -66.45902909366333 100
    vertex 44.11517931262939 -55.91106787304702 100
    vertex 35.96127058349416 -56.65831630334785 100
  endloop
endfacet
facet normal 0 0 1
  outer loop
    vertex 35.96127058349416 -56.65831630334785 100
    vertex 32.21022171287908 -63.74506396958289 100
    vertex 42.71062457899217 -66.45902909366333 100
  endloop
endfacet
facet normal 0 0 1
  outer loop
    vertex -41.90484848724634 34.09361481358151 100
    vertex -51.36351244146917 28.42333846738929 100
    vertex -41.83060277065444 22.92402375664951 100
  endloop
endfacet
facet normal 0 0 1
  outer loop
    vertex -51.45192490270803 17.23081901060323 100
    vertex -60.82195285031823 11.81055083223674 100
    vertex -51.5748383440556 5.771517990254363 100
  endloop
endfacet
facet normal 0 0 1
  outer loop
    vertex 6.379816664901424 61.54536733440793 100
    vertex -3.965817602923565 67.459640888105 100
    vertex -2.626064953120497 55.90300338563776 100
  endloop
endfacet
facet normal 0 0 1
  outer loop
    vertex -51.37574202341575 -16.61584714525373 100
    vertex -60.06397456275373 -10.93247203703097 100
    vertex -60.38276716857666 -21.52925639523703 100
  endloop
endfacet
facet normal 0 0 1
  outer loop
    vertex -51.37574202341575 -16.61584714525373 100
    vertex -60.38276716857666 -21.52925639523703 100
    vertex -52.20073240986936 -28.02888712394602 100
  endloop
endfacet
facet normal 0 0 1
  outer loop
    vertex 35.95662096224427 33.82022158328855 100
    vertex 45.58076491923457 39.21898026622522 100
    vertex 36.82859660727851 46.31535044558363 100
  endloop
endfacet
facet normal 0 -0 1
  outer loop
    vertex -12.29403136333459 50.43167866944047 100
    vertex -10.9940145234829 59.56055139721818 100
    vertex -21.40078492480191 57.36663840463024 100
  endloop
endfacet
facet normal 0 0 1
  outer loop
    vertex 45.24085811592829 -16.67547997473705 100
    vertex 44.115095343734 -25.91144183726451 100
    vertex 55.09866527536834 -23.57924645816328 100
  endloop
endfacet
facet normal 0 -0 1
  outer loop
    vertex 37.44355109482857 -33.78555272739781 100
    vertex 44.115095343734 -25.91144183726451 100
    vertex 35.48704163558149 -22.09541529487339 100
  endloop
endfacet
facet normal 0 -0 1
  outer loop
    vertex -41.90484848724634 34.09361481358151 100
    vertex -41.44141092660149 45.0042250829559 100
    vertex -50.91772208887301 39.1430453544175 100
  endloop
endfacet
facet normal 0 0 1
  outer loop
    vertex 71.86092763300698 32.81778602714897 100
    vertex 65.7349619853278 24.58269217432985 100
    vertex 75.7999449155453 22.25687199047292 100
  endloop
endfacet
facet normal 0 0 1
  outer loop
    vertex 75.7999449155453 22.25687199047292 100
    vertex 65.7349619853278 24.58269217432985 100
    vertex 66.09943674886311 14.6569790360295 100
  endloop
endfacet
facet normal 0 0 1
  outer loop
    vertex 65.89338813087184 -25.30213804696142 100
    vertex 55.09866527536834 -23.57924645816328 100
    vertex 60.59252886190093 -33.08602393933302 100
  endloop
endfacet
facet normal 0 0 1
  outer loop
    vertex 6.835171229576256 50.7221461866222 100
    vertex 6.379816664901424 61.54536733440793 100
    vertex -2.626064953120497 55.90300338563776 100
  endloop
endfacet
facet normal 0 0 1
  outer loop
    vertex -3.965817602923565 67.459640888105 100
    vertex -10.9940145234829 59.56055139721818 100
    vertex -2.626064953120497 55.90300338563776 100
  endloop
endfacet
facet normal 0 -0 1
  outer loop
    vertex -60.38276716857666 -21.52925639523703 100
    vertex -60.06397456275373 -10.93247203703097 100
    vertex -68.80144562433492 -16.219375591009 100
  endloop
endfacet
facet normal -0 0 1
  outer loop
    vertex -23.33150203041325 -65.9295893555129 100
    vertex -15.16146504622499 -70.0972204617746 100
    vertex -13.71008088792377 -61.35187364262174 100
  endloop
endfacet
facet normal 0 0 1
  outer loop
    vertex -51.45192490270803 17.23081901060323 100
    vertex -60.48613286538041 21.94813908900952 100
    vertex -60.82195285031823 11.81055083223674 100
  endloop
endfacet
facet normal 0 0 1
  outer loop
    vertex 55.81684354872778 42.59136528874324 100
    vertex 50.40768395669396 49.58421140781717 100
    vertex 45.58076491923457 39.21898026622522 100
  endloop
endfacet
facet normal 0 0 1
  outer loop
    vertex 55.09866527536834 -23.57924645816328 100
    vertex 44.115095343734 -25.91144183726451 100
    vertex 49.32462648738113 -33.24178406843667 100
  endloop
endfacet
facet normal 0 0 1
  outer loop
    vertex -32.81778602714908 -71.86092763300692 100
    vertex -23.33150203041325 -65.9295893555129 100
    vertex -32.76111744743283 -60.78528647683451 100
  endloop
endfacet
facet normal 0 0 1
  outer loop
    vertex -22.25687199047302 -75.79994491554527 100
    vertex -23.33150203041325 -65.9295893555129 100
    vertex -32.81778602714908 -71.86092763300692 100
  endloop
endfacet
facet normal 0 0 1
  outer loop
    vertex 37.24996818476883 -46.87087950298923 100
    vertex 44.82115579886135 -40.87390320099706 100
    vertex 37.44355109482857 -33.78555272739781 100
  endloop
endfacet
facet normal 0 0 1
  outer loop
    vertex -3.965817602923565 67.459640888105 100
    vertex 5.644141744048409 70.84994034429644 100
    vertex 3.992024267575334e-14 79 100
  endloop
endfacet
facet normal 0 0 1
  outer loop
    vertex -42.00068181171078 -55.28255779215299 100
    vertex -50.11641516500962 -50.29731546945933 100
    vertex -51.73399798167758 -59.70421637398635 100
  endloop
endfacet
facet normal 0 0 1
  outer loop
    vertex -21.40078492480191 57.36663840463024 100
    vertex -24.58594268283025 66.43994814106492 100
    vertex -32.46019214480476 61.44245578594786 100
  endloop
endfacet
facet normal 0 0 1
  outer loop
    vertex -42.18261065018974 -44.68100345275377 100
    vertex -42.00068181171078 -55.28255779215299 100
    vertex -32.39037588525048 -49.84044702895833 100
  endloop
endfacet
facet normal 0 0 1
  outer loop
    vertex -31.48768328451923 51.09951243983445 100
    vertex -32.46019214480476 61.44245578594786 100
    vertex -41.91514183279059 55.61823129498482 100
  endloop
endfacet
facet normal -0 0 1
  outer loop
    vertex -32.76111744743283 -60.78528647683451 100
    vertex -23.33150203041325 -65.9295893555129 100
    vertex -23.16050199043983 -55.52627757872924 100
  endloop
endfacet
facet normal 0 0 1
  outer loop
    vertex 75.7999449155453 -22.25687199047295 100
    vertex 65.89338813087184 -25.30213804696142 100
    vertex 71.86092763300692 -32.81778602714909 100
  endloop
endfacet
facet normal 0 0 1
  outer loop
    vertex 66.45902909366332 -42.7106245789922 100
    vertex 55.27169386021463 -41.87783304961521 100
    vertex 59.70421637398637 -51.73399798167756 100
  endloop
endfacet
facet normal 0 0 1
  outer loop
    vertex 59.70421637398637 -51.73399798167756 100
    vertex 55.27169386021463 -41.87783304961521 100
    vertex 48.81669557638246 -48.81669557638254 100
  endloop
endfacet
facet normal 0 0 1
  outer loop
    vertex 79 9.674709713264091e-15 100
    vertex 71.08366193320079 -5.288222366727029 100
    vertex 78.19589390859369 -11.24287222358954 100
  endloop
endfacet
facet normal 0 -0 1
  outer loop
    vertex -78.19589390859369 -11.24287222358951 100
    vertex -69.6231104226194 -5.50273368940292 100
    vertex -79 0 100
  endloop
endfacet
facet normal 0 0 1
  outer loop
    vertex 66.11487396853774 -14.77076181968876 100
    vertex 65.89338813087184 -25.30213804696142 100
    vertex 75.7999449155453 -22.25687199047295 100
  endloop
endfacet
facet normal 0 0 1
  outer loop
    vertex -68.80144562433492 -16.219375591009 100
    vertex -69.6231104226194 -5.50273368940292 100
    vertex -78.19589390859369 -11.24287222358951 100
  endloop
endfacet
facet normal 0 0 1
  outer loop
    vertex 24.04031125780245 -64.58102222321477 100
    vertex 13.99507316881503 -68.18796067321453 100
    vertex 22.25687199047292 -75.7999449155453 100
  endloop
endfacet
facet normal 0 0 1
  outer loop
    vertex 78.19589390859369 -11.24287222358954 100
    vertex 71.08366193320079 -5.288222366727029 100
    vertex 66.11487396853774 -14.77076181968876 100
  endloop
endfacet
facet normal -0 0 1
  outer loop
    vertex -79 0 100
    vertex -69.6231104226194 -5.50273368940292 100
    vertex -69.83943427825892 5.317072174237958 100
  endloop
endfacet
facet normal 0 0 1
  outer loop
    vertex 22.25687199047299 75.79994491554528 100
    vertex 24.1587041631714 64.09962613242428 100
    vertex 32.81778602714908 71.86092763300692 100
  endloop
endfacet
facet normal -0 0 1
  outer loop
    vertex 14.56383743467457 68.04879959037557 100
    vertex 24.1587041631714 64.09962613242428 100
    vertex 22.25687199047299 75.79994491554528 100
  endloop
endfacet
facet normal 0 0 1
  outer loop
    vertex 60.59252886190093 -33.08602393933302 100
    vertex 55.27169386021463 -41.87783304961521 100
    vertex 66.45902909366332 -42.7106245789922 100
  endloop
endfacet
facet normal 0 0 1
  outer loop
    vertex 71.86092763300692 -32.81778602714909 100
    vertex 65.89338813087184 -25.30213804696142 100
    vertex 60.59252886190093 -33.08602393933302 100
  endloop
endfacet
facet normal 0 0 1
  outer loop
    vertex 22.25687199047292 -75.7999449155453 100
    vertex 13.99507316881503 -68.18796067321453 100
    vertex 11.2428722235895 -78.19589390859369 100
  endloop
endfacet
facet normal 0 0 1
  outer loop
    vertex 78.19589390859369 11.24287222358951 100
    vertex 69.66868205227529 3.4639259792916 100
    vertex 79 9.674709713264091e-15 100
  endloop
endfacet
facet normal 0 0 1
  outer loop
    vertex 66.09943674886311 14.6569790360295 100
    vertex 69.66868205227529 3.4639259792916 100
    vertex 78.19589390859369 11.24287222358951 100
  endloop
endfacet
facet normal 0 0 1
  outer loop
    vertex 32.81778602714908 71.86092763300692 100
    vertex 24.1587041631714 64.09962613242428 100
    vertex 33.36320583472134 60.20203455913244 100
  endloop
endfacet
facet normal 0 0 1
  outer loop
    vertex -60.48613286538041 21.94813908900952 100
    vertex -69.14211792730531 16.01107812468594 100
    vertex -60.82195285031823 11.81055083223674 100
  endloop
endfacet
facet normal -0 0 1
  outer loop
    vertex -32.817786027149 71.86092763300697 100
    vertex -24.58594268283025 66.43994814106492 100
    vertex -22.25687199047291 75.7999449155453 100
  endloop
endfacet
facet normal 0 0 1
  outer loop
    vertex -59.70421637398645 -51.73399798167746 100
    vertex -50.11641516500962 -50.29731546945933 100
    vertex -54.01053231735324 -40.71221571139804 100
  endloop
endfacet
facet normal 0 0 1
  outer loop
    vertex -51.73399798167749 59.70421637398643 100
    vertex -50.70640482835849 49.16928096935609 100
    vertex -41.91514183279059 55.61823129498482 100
  endloop
endfacet
facet normal 0 0 1
  outer loop
    vertex 51.73399798167758 59.70421637398635 100
    vertex 50.40768395669396 49.58421140781717 100
    vertex 59.70421637398645 51.73399798167747 100
  endloop
endfacet
facet normal 0 -0 1
  outer loop
    vertex -69.83943427825892 5.317072174237958 100
    vertex -69.14211792730531 16.01107812468594 100
    vertex -78.19589390859369 11.24287222358956 100
  endloop
endfacet
facet normal 0 -0 1
  outer loop
    vertex -8.467768044910506e-14 -79 100
    vertex 5.089302627459447 -71.15774865930366 100
    vertex -4.684291893112596 -68.45997444868658 100
  endloop
endfacet
facet normal 0 0 1
  outer loop
    vertex -22.25687199047291 75.7999449155453 100
    vertex -24.58594268283025 66.43994814106492 100
    vertex -15.36146555778254 67.38266994805292 100
  endloop
endfacet
facet normal 0 0 1
  outer loop
    vertex 5.653527723809654 -62.0760825253045 100
    vertex 5.089302627459447 -71.15774865930366 100
    vertex 13.99507316881503 -68.18796067321453 100
  endloop
endfacet
facet normal 0 0 1
  outer loop
    vertex 3.992024267575334e-14 79 100
    vertex 5.644141744048409 70.84994034429644 100
    vertex 11.24287222358958 78.19589390859369 100
  endloop
endfacet
facet normal 0 0 1
  outer loop
    vertex -4.684291893112596 -68.45997444868658 100
    vertex -15.16146504622499 -70.0972204617746 100
    vertex -11.2428722235896 -78.19589390859367 100
  endloop
endfacet
facet normal 0 0 1
  outer loop
    vertex -52.20073240986936 -28.02888712394602 100
    vertex -60.38276716857666 -21.52925639523703 100
    vertex -62.30919642522487 -32.05277601203417 100
  endloop
endfacet
facet normal 0 0 1
  outer loop
    vertex -32.39037588525048 -49.84044702895833 100
    vertex -42.00068181171078 -55.28255779215299 100
    vertex -32.76111744743283 -60.78528647683451 100
  endloop
endfacet
facet normal 0 0 1
  outer loop
    vertex 51.73399798167748 -59.70421637398644 100
    vertex 44.11517931262939 -55.91106787304702 100
    vertex 42.71062457899217 -66.45902909366333 100
  endloop
endfacet
facet normal -0 0 1
  outer loop
    vertex -71.86092763300694 32.81778602714905 100
    vertex -68.22959058953366 25.47239312370964 100
    vertex -61.10704942842072 33.51163336532928 100
  endloop
endfacet
facet normal 0 -0 1
  outer loop
    vertex -61.10704942842072 33.51163336532928 100
    vertex -58.33147511514913 43.6666518193889 100
    vertex -66.4590290936633 42.71062457899222 100
  endloop
endfacet
facet normal -0 0 1
  outer loop
    vertex -75.79994491554531 -22.25687199047289 100
    vertex -67.83085635333775 -24.97521320318041 100
    vertex -68.80144562433492 -16.219375591009 100
  endloop
endfacet
facet normal 0 0 1
  outer loop
    vertex 42.71062457899217 -66.45902909366333 100
    vertex 32.21022171287908 -63.74506396958289 100
    vertex 32.817786027149 -71.86092763300697 100
  endloop
endfacet
facet normal -0 0 1
  outer loop
    vertex 43.00882179187273 56.45296837603658 100
    vertex 50.40768395669396 49.58421140781717 100
    vertex 51.73399798167758 59.70421637398635 100
  endloop
endfacet
facet normal 0 0 1
  outer loop
    vertex -13.71008088792377 -61.35187364262174 100
    vertex -15.16146504622499 -70.0972204617746 100
    vertex -4.684291893112596 -68.45997444868658 100
  endloop
endfacet
facet normal 0 0 1
  outer loop
    vertex -50.91772208887301 39.1430453544175 100
    vertex -58.33147511514913 43.6666518193889 100
    vertex -61.10704942842072 33.51163336532928 100
  endloop
endfacet
facet normal 0 -0 1
  outer loop
    vertex -51.73399798167758 -59.70421637398635 100
    vertex -50.11641516500962 -50.29731546945933 100
    vertex -59.70421637398645 -51.73399798167746 100
  endloop
endfacet
facet normal 0 0 1
  outer loop
    vertex -41.44141092660149 45.0042250829559 100
    vertex -50.70640482835849 49.16928096935609 100
    vertex -50.91772208887301 39.1430453544175 100
  endloop
endfacet
facet normal -0 0 1
  outer loop
    vertex -59.70421637398638 51.73399798167756 100
    vertex -50.70640482835849 49.16928096935609 100
    vertex -51.73399798167749 59.70421637398643 100
  endloop
endfacet
facet normal 0 0 1
  outer loop
    vertex 59.70421637398645 51.73399798167747 100
    vertex 50.40768395669396 49.58421140781717 100
    vertex 55.81684354872778 42.59136528874324 100
  endloop
endfacet
facet normal 0 0 1
  outer loop
    vertex -78.19589390859369 11.24287222358956 100
    vertex -69.14211792730531 16.01107812468594 100
    vertex -75.7999449155453 22.25687199047294 100
  endloop
endfacet
facet normal 0 0 1
  outer loop
    vertex 11.2428722235895 -78.19589390859369 100
    vertex 5.089302627459447 -71.15774865930366 100
    vertex -8.467768044910506e-14 -79 100
  endloop
endfacet
facet normal 0 0 1
  outer loop
    vertex -41.91514183279059 55.61823129498482 100
    vertex -50.70640482835849 49.16928096935609 100
    vertex -41.44141092660149 45.0042250829559 100
  endloop
endfacet
facet normal 0 0 1
  outer loop
    vertex -60.82195285031823 11.81055083223674 100
    vertex -69.14211792730531 16.01107812468594 100
    vertex -69.83943427825892 5.317072174237958 100
  endloop
endfacet
facet normal 0 -0 1
  outer loop
    vertex -32.46019214480476 61.44245578594786 100
    vertex -24.58594268283025 66.43994814106492 100
    vertex -32.817786027149 71.86092763300697 100
  endloop
endfacet
facet normal 0 0 1
  outer loop
    vertex -60.48613286538041 21.94813908900952 100
    vertex -68.22959058953366 25.47239312370964 100
    vertex -69.14211792730531 16.01107812468594 100
  endloop
endfacet
facet normal 0 0 1
  outer loop
    vertex 65.7349619853278 24.58269217432985 100
    vertex 58.54149282877628 32.22947196712489 100
    vertex 56.27732266023857 21.22281782350127 100
  endloop
endfacet
facet normal 0 0 1
  outer loop
    vertex -61.10704942842072 33.51163336532928 100
    vertex -68.22959058953366 25.47239312370964 100
    vertex -60.48613286538041 21.94813908900952 100
  endloop
endfacet
facet normal 0 0 1
  outer loop
    vertex 11.24287222358958 78.19589390859369 100
    vertex 5.644141744048409 70.84994034429644 100
    vertex 14.56383743467457 68.04879959037557 100
  endloop
endfacet
facet normal 0 0 1
  outer loop
    vertex -51.43266908576553 -5.450743371415385 100
    vertex -60.06397456275373 -10.93247203703097 100
    vertex -51.37574202341575 -16.61584714525373 100
  endloop
endfacet
facet normal 0 0 1
  outer loop
    vertex 79 9.674709713264091e-15 100
    vertex 69.66868205227529 3.4639259792916 100
    vertex 71.08366193320079 -5.288222366727029 100
  endloop
endfacet
facet normal 0 0 1
  outer loop
    vertex 6.379816664901424 61.54536733440793 100
    vertex 5.644141744048409 70.84994034429644 100
    vertex -3.965817602923565 67.459640888105 100
  endloop
endfacet
facet normal -0 0 1
  outer loop
    vertex 35.48704163558149 -22.09541529487339 100
    vertex 44.115095343734 -25.91144183726451 100
    vertex 45.24085811592829 -16.67547997473705 100
  endloop
endfacet
facet normal 0 -0 1
  outer loop
    vertex -69.6231104226194 -5.50273368940292 100
    vertex -60.84982239739018 -0.7340966151972366 100
    vertex -69.83943427825892 5.317072174237958 100
  endloop
endfacet
facet normal 0 0 1
  outer loop
    vertex -11.2428722235896 -78.19589390859367 100
    vertex -15.16146504622499 -70.0972204617746 100
    vertex -22.25687199047302 -75.79994491554527 100
  endloop
endfacet
facet normal 0 0 1
  outer loop
    vertex -68.80144562433492 -16.219375591009 100
    vertex -67.83085635333775 -24.97521320318041 100
    vertex -60.38276716857666 -21.52925639523703 100
  endloop
endfacet
facet normal 0 0 1
  outer loop
    vertex 71.08366193320079 -5.288222366727029 100
    vertex 62.46280543924162 -4.609372859127215 100
    vertex 66.11487396853774 -14.77076181968876 100
  endloop
endfacet
facet normal 0 0 1
  outer loop
    vertex -42.18261065018974 -44.68100345275377 100
    vertex -50.11641516500962 -50.29731546945933 100
    vertex -42.00068181171078 -55.28255779215299 100
  endloop
endfacet
facet normal 0 0 1
  outer loop
    vertex -2.626064953120497 55.90300338563776 100
    vertex -10.9940145234829 59.56055139721818 100
    vertex -12.29403136333459 50.43167866944047 100
  endloop
endfacet
facet normal 0 0 1
  outer loop
    vertex 13.99507316881503 -68.18796067321453 100
    vertex 5.089302627459447 -71.15774865930366 100
    vertex 11.2428722235895 -78.19589390859369 100
  endloop
endfacet
facet normal 0 0 1
  outer loop
    vertex -50.70640482835849 49.16928096935609 100
    vertex -58.33147511514913 43.6666518193889 100
    vertex -50.91772208887301 39.1430453544175 100
  endloop
endfacet
facet normal 0 0 1
  outer loop
    vertex 66.09943674886311 14.6569790360295 100
    vertex 61.62317550452725 4.801010399982881 100
    vertex 69.66868205227529 3.4639259792916 100
  endloop
endfacet
facet normal 0 0 1
  outer loop
    vertex 54.94363003820116 -11.06946971313389 100
    vertex 62.46280543924162 -4.609372859127215 100
    vertex 55.07267298139027 0.07740744021262087 100
  endloop
endfacet
facet normal 0 0 1
  outer loop
    vertex 48.81669557638246 -48.81669557638254 100
    vertex 44.11517931262939 -55.91106787304702 100
    vertex 51.73399798167748 -59.70421637398644 100
  endloop
endfacet
facet normal 0 -0 1
  outer loop
    vertex -22.25687199047302 -75.79994491554527 100
    vertex -15.16146504622499 -70.0972204617746 100
    vertex -23.33150203041325 -65.9295893555129 100
  endloop
endfacet
facet normal 0 0 1
  outer loop
    vertex 55.07267298139027 0.07740744021262087 100
    vertex 61.62317550452725 4.801010399982881 100
    vertex 55.45982610688728 11.26162057619899 100
  endloop
endfacet
facet normal 0 0 1
  outer loop
    vertex 32.817786027149 -71.86092763300697 100
    vertex 32.21022171287908 -63.74506396958289 100
    vertex 24.04031125780245 -64.58102222321477 100
  endloop
endfacet
facet normal 0 -0 1
  outer loop
    vertex -71.86092763300698 -32.81778602714897 100
    vertex -67.83085635333775 -24.97521320318041 100
    vertex -75.79994491554531 -22.25687199047289 100
  endloop
endfacet
facet normal 0 0 1
  outer loop
    vertex -66.4590290936633 42.71062457899222 100
    vertex -58.33147511514913 43.6666518193889 100
    vertex -59.70421637398638 51.73399798167756 100
  endloop
endfacet
facet normal 0 0 1
  outer loop
    vertex -75.7999449155453 22.25687199047294 100
    vertex -68.22959058953366 25.47239312370964 100
    vertex -71.86092763300694 32.81778602714905 100
  endloop
endfacet
facet normal 0 0 1
  outer loop
    vertex -62.30919642522487 -32.05277601203417 100
    vertex -67.83085635333775 -24.97521320318041 100
    vertex -71.86092763300698 -32.81778602714897 100
  endloop
endfacet
facet normal -0 0 1
  outer loop
    vertex 55.07267298139027 0.07740744021262087 100
    vertex 62.46280543924162 -4.609372859127215 100
    vertex 61.62317550452725 4.801010399982881 100
  endloop
endfacet
facet normal 0 0 1
  outer loop
    vertex 14.56383743467457 68.04879959037557 100
    vertex 5.644141744048409 70.84994034429644 100
    vertex 6.379816664901424 61.54536733440793 100
  endloop
endfacet
facet normal 0 0 1
  outer loop
    vertex -60.38276716857666 -21.52925639523703 100
    vertex -67.83085635333775 -24.97521320318041 100
    vertex -62.30919642522487 -32.05277601203417 100
  endloop
endfacet
facet normal 0 0 1
  outer loop
    vertex -60.84982239739018 -0.7340966151972366 100
    vertex -60.06397456275373 -10.93247203703097 100
    vertex -51.43266908576553 -5.450743371415385 100
  endloop
endfacet
facet normal 0 0 1
  outer loop
    vertex -59.70421637398638 51.73399798167756 100
    vertex -58.33147511514913 43.6666518193889 100
    vertex -50.70640482835849 49.16928096935609 100
  endloop
endfacet
facet normal 0 -0 1
  outer loop
    vertex -69.14211792730531 16.01107812468594 100
    vertex -68.22959058953366 25.47239312370964 100
    vertex -75.7999449155453 22.25687199047294 100
  endloop
endfacet
facet normal 0.997452 -0.0713392 0
  outer loop
    vertex 79 9.674709713264091e-15 96
    vertex 79 9.674709713264091e-15 100
    vertex 78.19589390859369 -11.24287222358954 100
  endloop
endfacet
facet normal -0.997452 -0.0713392 0
  outer loop
    vertex -78.19589390859369 -11.24287222358951 100
    vertex -79 0 100
    vertex -79 0 96
  endloop
endfacet
facet normal 0.997452 -0.0713392 0
  outer loop
    vertex 79 9.674709713264091e-15 96
    vertex 78.19589390859369 -11.24287222358954 100
    vertex 78.19589390859369 -11.24287222358954 96
  endloop
endfacet
facet normal -0.997452 -0.0713392 -0
  outer loop
    vertex -78.19589390859369 -11.24287222358951 100
    vertex -79 0 96
    vertex -78.19589390859369 -11.24287222358951 96
  endloop
endfacet
facet normal -0.977147 -0.212565 0
  outer loop
    vertex -75.79994491554531 -22.25687199047289 96
    vertex -78.19589390859369 -11.24287222358951 100
    vertex -78.19589390859369 -11.24287222358951 96
  endloop
endfacet
facet normal -0.93695 -0.349464 0
  outer loop
    vertex -75.79994491554531 -22.25687199047289 96
    vertex -71.86092763300698 -32.81778602714897 96
    vertex -75.79994491554531 -22.25687199047289 100
  endloop
endfacet
facet normal -0.977147 -0.212565 -0
  outer loop
    vertex -75.79994491554531 -22.25687199047289 100
    vertex -78.19589390859369 -11.24287222358951 100
    vertex -75.79994491554531 -22.25687199047289 96
  endloop
endfacet
facet normal -0.877679 -0.479249 0
  outer loop
    vertex -71.86092763300698 -32.81778602714897 96
    vertex -66.45902909366335 -42.71062457899215 96
    vertex -66.45902909366335 -42.71062457899215 100
  endloop
endfacet
facet normal -0.93695 -0.349464 0
  outer loop
    vertex -75.79994491554531 -22.25687199047289 100
    vertex -71.86092763300698 -32.81778602714897 96
    vertex -71.86092763300698 -32.81778602714897 100
  endloop
endfacet
facet normal -0.877679 -0.479249 0
  outer loop
    vertex -71.86092763300698 -32.81778602714897 96
    vertex -66.45902909366335 -42.71062457899215 100
    vertex -71.86092763300698 -32.81778602714897 100
  endloop
endfacet
facet normal -0.800541 -0.599278 0
  outer loop
    vertex -66.45902909366335 -42.71062457899215 96
    vertex -59.70421637398645 -51.73399798167746 96
    vertex -66.45902909366335 -42.71062457899215 100
  endloop
endfacet
facet normal -0.707107 -0.707107 0
  outer loop
    vertex -59.70421637398645 -51.73399798167746 96
    vertex -51.73399798167758 -59.70421637398635 96
    vertex -59.70421637398645 -51.73399798167746 100
  endloop
endfacet
facet normal -0.800541 -0.599278 0
  outer loop
    vertex -66.45902909366335 -42.71062457899215 100
    vertex -59.70421637398645 -51.73399798167746 96
    vertex -59.70421637398645 -51.73399798167746 100
  endloop
endfacet
facet normal -0.599278 -0.800541 0
  outer loop
    vertex -42.71062457899226 -66.45902909366328 96
    vertex -51.73399798167758 -59.70421637398635 100
    vertex -51.73399798167758 -59.70421637398635 96
  endloop
endfacet
facet normal -0.707107 -0.707107 0
  outer loop
    vertex -59.70421637398645 -51.73399798167746 100
    vertex -51.73399798167758 -59.70421637398635 96
    vertex -51.73399798167758 -59.70421637398635 100
  endloop
endfacet
facet normal -0.479249 -0.877679 -0
  outer loop
    vertex -32.81778602714908 -71.86092763300692 100
    vertex -42.71062457899226 -66.45902909366328 96
    vertex -32.81778602714908 -71.86092763300692 96
  endloop
endfacet
facet normal -0.599278 -0.800541 -0
  outer loop
    vertex -42.71062457899226 -66.45902909366328 100
    vertex -51.73399798167758 -59.70421637398635 100
    vertex -42.71062457899226 -66.45902909366328 96
  endloop
endfacet
facet normal -0.479249 -0.877679 0
  outer loop
    vertex -32.81778602714908 -71.86092763300692 100
    vertex -42.71062457899226 -66.45902909366328 100
    vertex -42.71062457899226 -66.45902909366328 96
  endloop
endfacet
facet normal -0.349464 -0.93695 0
  outer loop
    vertex -22.25687199047302 -75.79994491554527 96
    vertex -32.81778602714908 -71.86092763300692 100
    vertex -32.81778602714908 -71.86092763300692 96
  endloop
endfacet
facet normal -0.212565 -0.977147 0
  outer loop
    vertex -11.2428722235896 -78.19589390859367 96
    vertex -22.25687199047302 -75.79994491554527 100
    vertex -22.25687199047302 -75.79994491554527 96
  endloop
endfacet
facet normal -0.349464 -0.93695 -0
  outer loop
    vertex -22.25687199047302 -75.79994491554527 100
    vertex -32.81778602714908 -71.86092763300692 100
    vertex -22.25687199047302 -75.79994491554527 96
  endloop
endfacet
facet normal -0.0713392 -0.997452 0
  outer loop
    vertex -11.2428722235896 -78.19589390859367 96
    vertex -8.467768044910506e-14 -79 96
    vertex -11.2428722235896 -78.19589390859367 100
  endloop
endfacet
facet normal -0.212565 -0.977147 -0
  outer loop
    vertex -11.2428722235896 -78.19589390859367 100
    vertex -22.25687199047302 -75.79994491554527 100
    vertex -11.2428722235896 -78.19589390859367 96
  endloop
endfacet
facet normal 0.0713392 -0.997452 0
  outer loop
    vertex 11.2428722235895 -78.19589390859369 96
    vertex 11.2428722235895 -78.19589390859369 100
    vertex -8.467768044910506e-14 -79 96
  endloop
endfacet
facet normal -0.0713392 -0.997452 0
  outer loop
    vertex -11.2428722235896 -78.19589390859367 100
    vertex -8.467768044910506e-14 -79 96
    vertex -8.467768044910506e-14 -79 100
  endloop
endfacet
facet normal 0.0713392 -0.997452 0
  outer loop
    vertex 11.2428722235895 -78.19589390859369 100
    vertex -8.467768044910506e-14 -79 100
    vertex -8.467768044910506e-14 -79 96
  endloop
endfacet
facet normal 0.212565 -0.977147 0
  outer loop
    vertex 11.2428722235895 -78.19589390859369 96
    vertex 22.25687199047292 -75.7999449155453 96
    vertex 22.25687199047292 -75.7999449155453 100
  endloop
endfacet
facet normal 0.212565 -0.977147 0
  outer loop
    vertex 11.2428722235895 -78.19589390859369 96
    vertex 22.25687199047292 -75.7999449155453 100
    vertex 11.2428722235895 -78.19589390859369 100
  endloop
endfacet
facet normal 0.349464 -0.93695 0
  outer loop
    vertex 22.25687199047292 -75.7999449155453 96
    vertex 32.817786027149 -71.86092763300697 96
    vertex 22.25687199047292 -75.7999449155453 100
  endloop
endfacet
facet normal 0.479249 -0.877679 0
  outer loop
    vertex 32.817786027149 -71.86092763300697 96
    vertex 42.71062457899217 -66.45902909366333 96
    vertex 42.71062457899217 -66.45902909366333 100
  endloop
endfacet
facet normal 0.349464 -0.93695 0
  outer loop
    vertex 22.25687199047292 -75.7999449155453 100
    vertex 32.817786027149 -71.86092763300697 96
    vertex 32.817786027149 -71.86092763300697 100
  endloop
endfacet
facet normal 0.479249 -0.877679 0
  outer loop
    vertex 32.817786027149 -71.86092763300697 96
    vertex 42.71062457899217 -66.45902909366333 100
    vertex 32.817786027149 -71.86092763300697 100
  endloop
endfacet
facet normal 0.599278 -0.800541 0
  outer loop
    vertex 42.71062457899217 -66.45902909366333 96
    vertex 51.73399798167748 -59.70421637398644 96
    vertex 42.71062457899217 -66.45902909366333 100
  endloop
endfacet
facet normal 0.707107 -0.707107 0
  outer loop
    vertex 59.70421637398637 -51.73399798167756 96
    vertex 51.73399798167748 -59.70421637398644 100
    vertex 51.73399798167748 -59.70421637398644 96
  endloop
endfacet
facet normal 0.599278 -0.800541 0
  outer loop
    vertex 42.71062457899217 -66.45902909366333 100
    vertex 51.73399798167748 -59.70421637398644 96
    vertex 51.73399798167748 -59.70421637398644 100
  endloop
endfacet
facet normal 0.800541 -0.599278 0
  outer loop
    vertex 66.45902909366332 -42.7106245789922 96
    vertex 66.45902909366332 -42.7106245789922 100
    vertex 59.70421637398637 -51.73399798167756 96
  endloop
endfacet
facet normal 0.707107 -0.707107 0
  outer loop
    vertex 59.70421637398637 -51.73399798167756 100
    vertex 51.73399798167748 -59.70421637398644 100
    vertex 59.70421637398637 -51.73399798167756 96
  endloop
endfacet
facet normal 0.800541 -0.599278 0
  outer loop
    vertex 66.45902909366332 -42.7106245789922 100
    vertex 59.70421637398637 -51.73399798167756 100
    vertex 59.70421637398637 -51.73399798167756 96
  endloop
endfacet
facet normal 0.877679 -0.479249 0
  outer loop
    vertex 66.45902909366332 -42.7106245789922 96
    vertex 71.86092763300692 -32.81778602714909 96
    vertex 66.45902909366332 -42.7106245789922 100
  endloop
endfacet
facet normal 0.93695 -0.349464 0
  outer loop
    vertex 75.7999449155453 -22.25687199047295 96
    vertex 71.86092763300692 -32.81778602714909 100
    vertex 71.86092763300692 -32.81778602714909 96
  endloop
endfacet
facet normal 0.877679 -0.479249 0
  outer loop
    vertex 66.45902909366332 -42.7106245789922 100
    vertex 71.86092763300692 -32.81778602714909 96
    vertex 71.86092763300692 -32.81778602714909 100
  endloop
endfacet
facet normal 0.977147 -0.212565 0
  outer loop
    vertex 78.19589390859369 -11.24287222358954 96
    vertex 75.7999449155453 -22.25687199047295 100
    vertex 75.7999449155453 -22.25687199047295 96
  endloop
endfacet
facet normal 0.93695 -0.349464 0
  outer loop
    vertex 75.7999449155453 -22.25687199047295 100
    vertex 71.86092763300692 -32.81778602714909 100
    vertex 75.7999449155453 -22.25687199047295 96
  endloop
endfacet
facet normal 0.977147 -0.212565 0
  outer loop
    vertex 78.19589390859369 -11.24287222358954 100
    vertex 75.7999449155453 -22.25687199047295 100
    vertex 78.19589390859369 -11.24287222358954 96
  endloop
endfacet
endsolid Created by Gmsh
