# vtk DataFile Version 2.0
gmsh, Created by Gmsh 4.11.1 
ASCII
DATASET UNSTRUCTURED_GRID
POINTS 5067 double
79 9.674709713264091e-15 100
-79 0 100
79 9.674709713264091e-15 96
-79 0 96
89.00000000000001 0 88
-89.00000000000001 1.089935651241144e-14 88
-89.00000000000001 1.089935651241144e-14 96
89.00000000000001 0 96
79 9.674709713264091e-15 88
-79 0 88
79 9.674709713264091e-15 -28
-79 0 -28
-72 0 97
-72 0 96
72 8.817456953860942e-15 96
72 8.817456953860942e-15 97
78.5672297340936 8.257748598144605 100
77.27366045797065 16.42502357460295 100
75.13346478731715 24.4123425556208 100
72.1700911537655 32.13219480298815 100
68.41600689897071 39.49999999999992 100
63.91234255562091 46.43503493110529 100
58.70844121271423 52.8613179023497 100
52.8613179023499 58.70844121271405 100
46.43503493110552 63.91234255562075 100
39.50000000000018 68.41600689897055 100
32.13219480298841 72.17009115376538 100
24.41234255562107 75.13346478731705 100
16.42502357460324 77.27366045797059 100
8.257748598144886 78.56722973409356 100
2.85501575722838e-13 79 100
-8.257748598144317 78.56722973409363 100
-16.42502357460268 77.27366045797071 100
-24.41234255562059 75.13346478731722 100
-32.13219480298798 72.17009115376557 100
-39.4999999999998 68.41600689897076 100
-46.43503493110523 63.91234255562095 100
-52.86131790234967 58.70844121271426 100
-58.70844121271404 52.86131790234992 100
-63.91234255562073 46.43503493110553 100
-68.41600689897061 39.50000000000009 100
-72.17009115376545 32.13219480298827 100
-75.13346478731711 24.41234255562092 100
-77.27366045797064 16.42502357460302 100
-78.56722973409359 8.257748598144644 100
78.5672297340936 8.257748598144605 96
77.27366045797065 16.42502357460295 96
75.13346478731715 24.4123425556208 96
72.1700911537655 32.13219480298815 96
68.41600689897071 39.49999999999992 96
63.91234255562091 46.43503493110529 96
58.70844121271423 52.8613179023497 96
52.8613179023499 58.70844121271405 96
46.43503493110552 63.91234255562075 96
39.50000000000018 68.41600689897055 96
32.13219480298841 72.17009115376538 96
24.41234255562107 75.13346478731705 96
16.42502357460324 77.27366045797059 96
8.257748598144886 78.56722973409356 96
2.85501575722838e-13 79 96
-8.257748598144317 78.56722973409363 96
-16.42502357460268 77.27366045797071 96
-24.41234255562059 75.13346478731722 96
-32.13219480298798 72.17009115376557 96
-39.4999999999998 68.41600689897076 96
-46.43503493110523 63.91234255562095 96
-52.86131790234967 58.70844121271426 96
-58.70844121271404 52.86131790234992 96
-63.91234255562073 46.43503493110553 96
-68.41600689897061 39.50000000000009 96
-72.17009115376545 32.13219480298827 96
-75.13346478731711 24.41234255562092 96
-77.27366045797064 16.42502357460302 96
-78.56722973409359 8.257748598144644 96
88.59700110900454 8.459987854072255 88
87.39165405638091 16.8433607480765 88
85.39487465169027 25.07419755888724 88
82.62474603843049 33.07795855376914 88
79.10635493028821 40.78216043373951 88
74.87156442197514 48.11703275354818 88
69.95872543210811 55.01614977363386 88
64.41232939135126 61.41703202190796 88
58.2826053211304 67.26171211752897 88
51.62506495183668 72.49725973247988 88
44.50000000000004 77.07626093681503 88
36.97193615716794 80.95724758655213 88
29.10904873525058 84.10507286560549 88
20.98254526033907 86.49122958079521 88
12.66602060632244 88.09410832740302 88
4.234790508313114 88.89919318728772 88
-4.234790508313004 88.89919318728772 88
-12.66602060632233 88.09410832740303 88
-20.98254526033895 86.49122958079523 88
-29.10904873525046 84.10507286560554 88
-36.97193615716782 80.95724758655219 88
-44.49999999999995 77.07626093681507 88
-51.62506495183661 72.49725973247992 88
-58.28260532113038 67.261712117529 88
-64.41232939135122 61.417032021908 88
-69.9587254321081 55.01614977363386 88
-74.87156442197515 48.11703275354818 88
-79.10635493028821 40.78216043373951 88
-82.6247460384305 33.07795855376909 88
-85.39487465169032 25.07419755888716 88
-87.39165405638093 16.84336074807642 88
-88.59700110900455 8.459987854072159 88
88.59700110900454 8.459987854072255 96
87.39165405638091 16.8433607480765 96
85.39487465169027 25.07419755888724 96
82.62474603843049 33.07795855376914 96
79.10635493028821 40.78216043373951 96
74.87156442197514 48.11703275354818 96
69.95872543210811 55.01614977363386 96
64.41232939135126 61.41703202190796 96
58.2826053211304 67.26171211752897 96
51.62506495183668 72.49725973247988 96
44.50000000000004 77.07626093681503 96
36.97193615716794 80.95724758655213 96
29.10904873525058 84.10507286560549 96
20.98254526033907 86.49122958079521 96
12.66602060632244 88.09410832740302 96
4.234790508313114 88.89919318728772 96
-4.234790508313004 88.89919318728772 96
-12.66602060632233 88.09410832740303 96
-20.98254526033895 86.49122958079523 96
-29.10904873525046 84.10507286560554 96
-36.97193615716782 80.95724758655219 96
-44.49999999999995 77.07626093681507 96
-51.62506495183661 72.49725973247992 96
-58.28260532113038 67.261712117529 96
-64.41232939135122 61.417032021908 96
-69.9587254321081 55.01614977363386 96
-74.87156442197515 48.11703275354818 96
-79.10635493028821 40.78216043373951 96
-82.6247460384305 33.07795855376909 96
-85.39487465169032 25.07419755888716 96
-87.39165405638093 16.84336074807642 96
-88.59700110900455 8.459987854072159 96
78.5672297340936 8.257748598144605 88
77.27366045797065 16.42502357460295 88
75.13346478731715 24.4123425556208 88
72.1700911537655 32.13219480298815 88
68.41600689897071 39.49999999999992 88
63.91234255562091 46.43503493110529 88
58.70844121271423 52.8613179023497 88
52.8613179023499 58.70844121271405 88
46.43503493110552 63.91234255562075 88
39.50000000000018 68.41600689897055 88
32.13219480298841 72.17009115376538 88
24.41234255562107 75.13346478731705 88
16.42502357460324 77.27366045797059 88
8.257748598144886 78.56722973409356 88
2.85501575722838e-13 79 88
-8.257748598144317 78.56722973409363 88
-16.42502357460268 77.27366045797071 88
-24.41234255562059 75.13346478731722 88
-32.13219480298798 72.17009115376557 88
-39.4999999999998 68.41600689897076 88
-46.43503493110523 63.91234255562095 88
-52.86131790234967 58.70844121271426 88
-58.70844121271404 52.86131790234992 88
-63.91234255562073 46.43503493110553 88
-68.41600689897061 39.50000000000009 88
-72.17009115376545 32.13219480298827 88
-75.13346478731711 24.41234255562092 88
-77.27366045797064 16.42502357460302 88
-78.56722973409359 8.257748598144644 88
79 9.674709713264091e-15 79.71428571428571
79 9.674709713264091e-15 71.42857142857142
79 9.674709713264091e-15 63.14285714285712
79 9.674709713264091e-15 54.85714285714284
79 9.674709713264091e-15 46.57142857142851
79 9.674709713264091e-15 38.28571428571419
79 9.674709713264091e-15 29.99999999999986
79 9.674709713264091e-15 21.71428571428554
79 9.674709713264091e-15 13.42857142857127
79 9.674709713264091e-15 5.142857142857025
79 9.674709713264091e-15 -3.142857142857224
79 9.674709713264091e-15 -11.42857142857149
79 9.674709713264091e-15 -19.71428571428574
-78.5672297340936 8.257748598144605 -28
-77.27366045797065 16.42502357460295 -28
-75.13346478731715 24.4123425556208 -28
-72.1700911537655 32.13219480298815 -28
-68.41600689897071 39.49999999999992 -28
-63.91234255562091 46.43503493110529 -28
-58.70844121271423 52.8613179023497 -28
-52.8613179023499 58.70844121271405 -28
-46.43503493110552 63.91234255562075 -28
-39.50000000000018 68.41600689897055 -28
-32.13219480298841 72.17009115376538 -28
-24.41234255562107 75.13346478731705 -28
-16.42502357460324 77.27366045797059 -28
-8.257748598144886 78.56722973409356 -28
-2.85501575722838e-13 79 -28
8.257748598144317 78.56722973409363 -28
16.42502357460268 77.27366045797071 -28
24.41234255562059 75.13346478731722 -28
32.13219480298798 72.17009115376557 -28
39.4999999999998 68.41600689897076 -28
46.43503493110523 63.91234255562095 -28
52.86131790234967 58.70844121271426 -28
58.70844121271404 52.86131790234992 -28
63.91234255562073 46.43503493110553 -28
68.41600689897061 39.50000000000009 -28
72.17009115376545 32.13219480298827 -28
75.13346478731711 24.41234255562092 -28
77.27366045797064 16.42502357460302 -28
78.56722973409359 8.257748598144644 -28
-79 0 79.71428571428571
-79 0 71.42857142857142
-79 0 63.14285714285712
-79 0 54.85714285714284
-79 0 46.57142857142851
-79 0 38.28571428571419
-79 0 29.99999999999986
-79 0 21.71428571428554
-79 0 13.42857142857127
-79 0 5.142857142857025
-79 0 -3.142857142857224
-79 0 -11.42857142857149
-79 0 -19.71428571428574
-78.5672297340936 -8.257748598144591 88
-77.27366045797066 -16.42502357460293 88
-75.13346478731715 -24.41234255562077 88
-72.17009115376551 -32.13219480298812 88
-68.41600689897072 -39.49999999999989 88
-63.91234255562094 -46.43503493110526 88
-58.70844121271426 -52.86131790234967 88
-52.86131790234997 -58.70844121271399 88
-46.43503493110556 -63.91234255562072 88
-39.50000000000021 -68.41600689897052 88
-32.13219480298847 -72.17009115376537 88
-24.41234255562119 -75.13346478731702 88
-16.4250235746033 -77.27366045797058 88
-8.257748598145033 -78.56722973409356 88
-4.355081562306545e-13 -79 88
8.257748598144167 -78.56722973409364 88
16.42502357460258 -77.27366045797073 88
24.41234255562043 -75.13346478731727 88
32.13219480298786 -72.17009115376563 88
39.4999999999997 -68.41600689897082 88
46.43503493110514 -63.91234255562102 88
52.86131790234962 -58.70844121271431 88
58.70844121271396 -52.86131790235 88
63.91234255562071 -46.43503493110556 88
68.41600689897056 -39.50000000000016 88
72.17009115376541 -32.13219480298834 88
75.13346478731711 -24.41234255562093 88
77.27366045797062 -16.4250235746031 88
78.56722973409359 -8.257748598144691 88
78.5672297340936 -8.257748598144591 -28
77.27366045797066 -16.42502357460293 -28
75.13346478731715 -24.41234255562077 -28
72.17009115376551 -32.13219480298812 -28
68.41600689897072 -39.49999999999989 -28
63.91234255562094 -46.43503493110526 -28
58.70844121271426 -52.86131790234967 -28
52.86131790234997 -58.70844121271399 -28
46.43503493110556 -63.91234255562072 -28
39.50000000000021 -68.41600689897052 -28
32.13219480298847 -72.17009115376537 -28
24.41234255562119 -75.13346478731702 -28
16.4250235746033 -77.27366045797058 -28
8.257748598145033 -78.56722973409356 -28
4.355081562306545e-13 -79 -28
-8.257748598144167 -78.56722973409364 -28
-16.42502357460258 -77.27366045797073 -28
-24.41234255562043 -75.13346478731727 -28
-32.13219480298786 -72.17009115376563 -28
-39.4999999999997 -68.41600689897082 -28
-46.43503493110514 -63.91234255562102 -28
-52.86131790234962 -58.70844121271431 -28
-58.70844121271396 -52.86131790235 -28
-63.91234255562071 -46.43503493110556 -28
-68.41600689897056 -39.50000000000016 -28
-72.17009115376541 -32.13219480298834 -28
-75.13346478731711 -24.41234255562093 -28
-77.27366045797062 -16.4250235746031 -28
-78.56722973409359 -8.257748598144691 -28
-88.59700110900454 -8.459987854072255 88
-87.39165405638091 -16.84336074807648 88
-85.39487465169029 -25.07419755888722 88
-82.6247460384305 -33.0779585537691 88
-79.10635493028822 -40.78216043373949 88
-74.87156442197517 -48.11703275354816 88
-69.95872543210812 -55.01614977363385 88
-64.41232939135126 -61.41703202190796 88
-58.28260532113039 -67.26171211752899 88
-51.62506495183666 -72.49725973247988 88
-44.50000000000005 -77.07626093681503 88
-36.9719361571679 -80.95724758655216 88
-29.10904873525055 -84.10507286560549 88
-20.98254526033901 -86.49122958079523 88
-12.66602060632239 -88.09410832740302 88
-4.234790508313027 -88.89919318728772 88
4.234790508313073 -88.89919318728772 88
12.66602060632243 -88.09410832740302 88
20.98254526033905 -86.49122958079522 88
29.1090487352506 -84.10507286560549 88
36.97193615716793 -80.95724758655213 88
44.50000000000001 -77.07626093681505 88
51.62506495183669 -72.49725973247986 88
58.2826053211304 -67.26171211752899 88
64.41232939135131 -61.41703202190792 88
69.95872543210812 -55.01614977363384 88
74.87156442197518 -48.11703275354812 88
79.10635493028823 -40.78216043373948 88
82.62474603843052 -33.07795855376906 88
85.3948746516903 -25.07419755888717 88
87.39165405638091 -16.84336074807647 88
88.59700110900455 -8.459987854072169 88
-88.59700110900454 -8.459987854072255 96
-87.39165405638091 -16.84336074807648 96
-85.39487465169029 -25.07419755888722 96
-82.6247460384305 -33.0779585537691 96
-79.10635493028822 -40.78216043373949 96
-74.87156442197517 -48.11703275354816 96
-69.95872543210812 -55.01614977363385 96
-64.41232939135126 -61.41703202190796 96
-58.28260532113039 -67.26171211752899 96
-51.62506495183666 -72.49725973247988 96
-44.50000000000005 -77.07626093681503 96
-36.9719361571679 -80.95724758655216 96
-29.10904873525055 -84.10507286560549 96
-20.98254526033901 -86.49122958079523 96
-12.66602060632239 -88.09410832740302 96
-4.234790508313027 -88.89919318728772 96
4.234790508313073 -88.89919318728772 96
12.66602060632243 -88.09410832740302 96
20.98254526033905 -86.49122958079522 96
29.1090487352506 -84.10507286560549 96
36.97193615716793 -80.95724758655213 96
44.50000000000001 -77.07626093681505 96
51.62506495183669 -72.49725973247986 96
58.2826053211304 -67.26171211752899 96
64.41232939135131 -61.41703202190792 96
69.95872543210812 -55.01614977363384 96
74.87156442197518 -48.11703275354812 96
79.10635493028823 -40.78216043373948 96
82.62474603843052 -33.07795855376906 96
85.3948746516903 -25.07419755888717 96
87.39165405638091 -16.84336074807647 96
88.59700110900455 -8.459987854072169 96
-78.5672297340936 -8.257748598144591 96
-77.27366045797066 -16.42502357460293 96
-75.13346478731715 -24.41234255562077 96
-72.17009115376551 -32.13219480298812 96
-68.41600689897072 -39.49999999999989 96
-63.91234255562094 -46.43503493110526 96
-58.70844121271426 -52.86131790234967 96
-52.86131790234997 -58.70844121271399 96
-46.43503493110556 -63.91234255562072 96
-39.50000000000021 -68.41600689897052 96
-32.13219480298847 -72.17009115376537 96
-24.41234255562119 -75.13346478731702 96
-16.4250235746033 -77.27366045797058 96
-8.257748598145033 -78.56722973409356 96
-4.355081562306545e-13 -79 96
8.257748598144167 -78.56722973409364 96
16.42502357460258 -77.27366045797073 96
24.41234255562043 -75.13346478731727 96
32.13219480298786 -72.17009115376563 96
39.4999999999997 -68.41600689897082 96
46.43503493110514 -63.91234255562102 96
52.86131790234962 -58.70844121271431 96
58.70844121271396 -52.86131790235 96
63.91234255562071 -46.43503493110556 96
68.41600689897056 -39.50000000000016 96
72.17009115376541 -32.13219480298834 96
75.13346478731711 -24.41234255562093 96
77.27366045797062 -16.4250235746031 96
78.56722973409359 -8.257748598144691 96
-78.5672297340936 -8.257748598144591 100
-77.27366045797066 -16.42502357460293 100
-75.13346478731715 -24.41234255562077 100
-72.17009115376551 -32.13219480298812 100
-68.41600689897072 -39.49999999999989 100
-63.91234255562094 -46.43503493110526 100
-58.70844121271426 -52.86131790234967 100
-52.86131790234997 -58.70844121271399 100
-46.43503493110556 -63.91234255562072 100
-39.50000000000021 -68.41600689897052 100
-32.13219480298847 -72.17009115376537 100
-24.41234255562119 -75.13346478731702 100
-16.4250235746033 -77.27366045797058 100
-8.257748598145033 -78.56722973409356 100
-4.355081562306545e-13 -79 100
8.257748598144167 -78.56722973409364 100
16.42502357460258 -77.27366045797073 100
24.41234255562043 -75.13346478731727 100
32.13219480298786 -72.17009115376563 100
39.4999999999997 -68.41600689897082 100
46.43503493110514 -63.91234255562102 100
52.86131790234962 -58.70844121271431 100
58.70844121271396 -52.86131790235 100
63.91234255562071 -46.43503493110556 100
68.41600689897056 -39.50000000000016 100
72.17009115376541 -32.13219480298834 100
75.13346478731711 -24.41234255562093 100
77.27366045797062 -16.4250235746031 100
78.56722973409359 -8.257748598144691 100
-71.51316175741989 -8.3586898170166 96
-70.05923068174731 -16.60434269345572 96
-67.65786869658538 -24.6254503194482 96
-64.34155010328564 -32.31354097443336 96
-60.15512242173136 -39.56464642109814 96
-55.15519990456632 -46.28070789743096 96
-49.40939792654871 -52.37090219325961 96
-42.99541860260045 -57.75286987836327 96
-35.99999999999981 -62.35382907247969 96
-28.51774315481906 -66.11155969537984 96
-20.64983275519822 -68.97524488671527 96
-12.50266879201867 -70.90615821687904 96
-4.186427681553906 -71.87818739553133 96
4.186427681554646 -71.87818739553128 96
12.5026687920194 -70.90615821687891 96
20.64983275519893 -68.97524488671507 96
28.51774315481968 -66.11155969537955 96
36.00000000000028 -62.35382907247942 96
42.99541860260084 -57.75286987836297 96
49.40939792654901 -52.37090219325933 96
55.15519990456657 -46.28070789743065 96
60.15512242173153 -39.56464642109786 96
64.34155010328575 -32.31354097443312 96
67.65786869658545 -24.62545031944802 96
70.05923068174732 -16.60434269345565 96
71.51316175741989 -8.358689817016563 96
-71.51316175741989 -8.3586898170166 97
-70.05923068174731 -16.60434269345572 97
-67.65786869658538 -24.6254503194482 97
-64.34155010328564 -32.31354097443336 97
-60.15512242173136 -39.56464642109814 97
-55.15519990456632 -46.28070789743096 97
-49.40939792654871 -52.37090219325961 97
-42.99541860260045 -57.75286987836327 97
-35.99999999999981 -62.35382907247969 97
-28.51774315481906 -66.11155969537984 97
-20.64983275519822 -68.97524488671527 97
-12.50266879201867 -70.90615821687904 97
-4.186427681553906 -71.87818739553133 97
4.186427681554646 -71.87818739553128 97
12.5026687920194 -70.90615821687891 97
20.64983275519893 -68.97524488671507 97
28.51774315481968 -66.11155969537955 97
36.00000000000028 -62.35382907247942 97
42.99541860260084 -57.75286987836297 97
49.40939792654901 -52.37090219325933 97
55.15519990456657 -46.28070789743065 97
60.15512242173153 -39.56464642109786 97
64.34155010328575 -32.31354097443312 97
67.65786869658545 -24.62545031944802 97
70.05923068174732 -16.60434269345565 97
71.51316175741989 -8.358689817016563 97
71.51316175741989 8.358689817016597 96
70.05923068174731 16.60434269345573 96
67.65786869658538 24.62545031944821 96
64.34155010328564 32.31354097443336 96
60.15512242173136 39.56464642109813 96
55.15519990456632 46.28070789743094 96
49.40939792654869 52.37090219325963 96
42.99541860260045 57.75286987836327 96
35.99999999999982 62.35382907247969 96
28.51774315481908 66.11155969537982 96
20.64983275519824 68.97524488671527 96
12.50266879201869 70.90615821687904 96
4.186427681553946 71.87818739553133 96
-4.186427681554607 71.8781873955313 96
-12.50266879201936 70.90615821687891 96
-20.64983275519888 68.97524488671509 96
-28.51774315481966 66.11155969537957 96
-36.00000000000032 62.35382907247939 96
-42.99541860260088 57.75286987836295 96
-49.40939792654902 52.37090219325932 96
-55.15519990456658 46.28070789743064 96
-60.15512242173152 39.56464642109789 96
-64.34155010328575 32.31354097443315 96
-67.65786869658545 24.62545031944804 96
-70.05923068174734 16.60434269345561 96
-71.51316175741989 8.358689817016554 96
71.51316175741989 8.358689817016597 97
70.05923068174731 16.60434269345573 97
67.65786869658538 24.62545031944821 97
64.34155010328564 32.31354097443336 97
60.15512242173136 39.56464642109813 97
55.15519990456632 46.28070789743094 97
49.40939792654869 52.37090219325963 97
42.99541860260045 57.75286987836327 97
35.99999999999982 62.35382907247969 97
28.51774315481908 66.11155969537982 97
20.64983275519824 68.97524488671527 97
12.50266879201869 70.90615821687904 97
4.186427681553946 71.87818739553133 97
-4.186427681554607 71.8781873955313 97
-12.50266879201936 70.90615821687891 97
-20.64983275519888 68.97524488671509 97
-28.51774315481966 66.11155969537957 97
-36.00000000000032 62.35382907247939 97
-42.99541860260088 57.75286987836295 97
-49.40939792654902 52.37090219325932 97
-55.15519990456658 46.28070789743064 97
-60.15512242173152 39.56464642109789 97
-64.34155010328575 32.31354097443315 97
-67.65786869658545 24.62545031944804 97
-70.05923068174734 16.60434269345561 97
-71.51316175741989 8.358689817016554 97
61.39453095510079 49.71631089293705 98.00237489199523
55.86143571373732 55.86143571373719 98.00237489199522
73.75285369327896 28.31106801407865 98.00237489199526
49.71631089293728 61.39453095510061 98.00237489199525
70.40911759663732 35.82675200549023 98
78.89173324561133 4.134540543192561 98.00237489199519
78.02737890701587 12.35832273817828 98.00237489199523
12.35832273817846 78.02737890701584 98.00237489199523
-55.86143571373715 55.86143571373736 98.00237489199522
66.2549748676885 43.02648376618713 97.99762510800473
76.30814027683641 20.44670456309909 98.00237489199519
28.31106801407895 73.75285369327885 97.99762510800477
4.134540543192809 78.89173324561132 98.00237489199523
-43.02648376618698 66.2549748676886 98.00237489199522
-78.89173324561133 4.134540543192564 98.00237489199523
43.02648376618729 66.2549748676884 98.00237489199523
35.86524947942438 70.38951541088096 98.00237489199522
20.44670456309937 76.30814027683634 98.00237489199522
-20.4467045630989 76.30814027683645 98.00237489199523
-4.134540543192258 78.89173324561135 98.00237489199523
-76.30814027683638 20.44670456309918 98.00237489199523
-35.86524947942399 70.38951541088116 97.99762510800478
-12.31565205620661 78.03412531982693 98
-49.71631089293703 61.39453095510081 98.00237489199522
-70.38951541088103 35.86524947942426 98.00237489199522
-28.35139511506798 73.7373609171721 98
-66.25497486768843 43.02648376618725 98.00237489199523
-78.03412531982688 12.31565205620692 98
-73.75285369327892 28.31106801407876 98.00237489199522
-61.3945309551006 49.71631089293729 98.00237489199523
-80.95724758655219 36.97193615716782 91.99932852023247
-55.01614977363385 69.95872543210811 91.99932852023247
-67.26171211752899 58.28260532113039 91.99932852023248
67.26171211752902 58.28260532113035 92.0006714797675
-40.78216043373949 79.10635493028822 91.99932852023248
25.07419755888727 85.39487465169027 91.99932852023248
-8.459987854072203 88.59700110900455 91.9993285202325
-72.49725973247992 51.62506495183661 91.9993285202325
-84.10507286560555 29.10904873525044 91.99932852023248
-88.09410832740305 12.66602060632223 91.99932852023248
55.01614977363388 69.9587254321081 91.99932852023248
8.459987854072331 88.59700110900454 91.9993285202325
77.07626093681506 44.49999999999999 91.99932852023248
-48.11703275354816 74.87156442197517 91.99932852023248
-77.0762609368151 44.49999999999994 91.99932852023248
86.49122958079522 20.98254526033902 91.99932852023248
-86.49122958079526 20.98254526033888 91.99932852023248
88.89919318728772 4.234790508313063 91.99932852023248
84.10508487828895 29.10901402685796 92
80.95724758655216 36.97193615716788 91.99932852023248
72.4972597324799 51.62506495183663 91.99932852023248
40.78216043373956 79.10635493028819 91.99932852023248
-25.07419755888717 85.3948746516903 91.99932852023248
88.09410832740303 12.66602060632238 91.99932852023248
48.11703275354822 74.87156442197512 91.99932852023248
-33.07792445627585 82.62475968899946 92
16.84339681276796 87.39164710547365 92
8.449737762782074e-14 89.00000000000001 91.99932852023248
33.07795855376919 82.62474603843046 91.99932852023248
61.41703202190798 64.41232939135125 91.99932852023248
-16.84336074807644 87.39165405638091 91.99932852023248
-61.41700544029264 64.41235473685981 92
-88.89919318728774 4.234790508312981 92.00067147976752
-55.86143571373734 55.86143571373716 -20.83958417270317
49.71631089293728 61.39453095510061 80.83958417270317
-4.134540543192836 78.89173324561132 -20.83958417270317
20.44670456309938 76.30814027683633 80.83958417270317
-35.86524947942398 70.38951541088117 80.83958417270313
35.86537188163326 70.38945304370641 -20.84468484561845
-78.67411521570654 7.168235140237367 34.14285714285703
78.73134679688077 6.509610706431826 25.6760736115051
-61.3945309551006 49.71631089293729 80.83958417270318
61.40428029718618 49.70426904386176 -20.8565922668343
66.25497486768855 43.02648376618707 80.83958417270317
-12.35832273817793 78.02737890701593 80.83958417270316
-28.31106801407893 73.75285369327887 -20.83958417270316
-78.67304349113958 7.179988011219854 9.292576220704234
78.67411521570654 7.168235140237425 50.71428571428568
-70.3895154108811 35.86524947942412 -20.83958417270317
-78.67419511231317 7.167358190412936 59.00007742615995
78.6741765908929 7.167561492237088 0.9995883342293581
-73.77899518781101 28.24287288993387 80.93649107207344
73.77901318029552 28.24282588803356 -20.93671563927671
4.134540543192844 78.89173324561132 80.83958417270316
-43.05103230603537 66.23902639218589 -20.86197633038068
20.45226884663158 76.30664911411786 -20.85408218498333
35.86524947942438 70.38951541088096 80.83958417270317
73.74500579891749 28.33150401439402 80.83881965956536
-49.71631089293702 61.39453095510081 80.83958417270316
49.69410938470842 61.41250273731428 -20.82926287867089
-78.67533835605828 7.154798009709632 -7.277686834443458
78.67631676052905 7.144031144731634 67.24500911265758
-76.30814027683641 20.4467045630991 -20.83958417270316
78.68437809252544 7.054689517796216 -15.38882273226419
-78.68435094414365 7.054992310331777 75.38852510852277
78.02737890701589 12.35832273817821 80.83958417270317
-78.67531602227565 7.155043591415477 67.26686215813395
-77.70071002294844 14.26883533893636 63.14304690738697
-77.69969042973844 14.2743864009215 54.86044224278244
-76.08545672292971 21.26036865304057 59.00248009977773
-76.08471345229754 21.26302845038249 50.72218589410604
-73.84891449444125 28.05954076589111 54.89325749139865
-73.84358926765404 28.07355203870733 46.58728858778452
-70.98616995124794 34.66934778233566 50.75712497979308
-70.99269997909754 34.65597422779864 42.45087959222801
-67.56085561039691 40.94546115494489 46.58652241739833
-67.56025434157641 40.94645324446924 38.31061665311528
-63.57212062639512 46.89973858203335 42.44965657591547
-63.57128263795658 46.9008744456331 34.17533780943245
-59.06077811717864 52.46736593534494 38.31330640696537
-59.05980920263739 52.46845659010819 30.04037555382992
-54.06420294474645 57.60262112047741 34.1777901935222
-54.06284369829888 57.6038968408675 25.90563612842294
-48.62317315276974 62.26385012634356 30.04266770609891
-63.56937052526545 46.90346608750266 25.90277598639936
-48.62428510835082 62.26298176044746 38.3143888503948
-42.783983511756 66.41182692010355 34.17942217532944
-42.78276529560017 66.41261170637388 25.9082861731403
-36.5923315156591 70.01429335677182 30.04501447608742
-36.59347591700622 70.01369523394324 38.31588438083178
-30.10125907497492 73.04049700064506 34.18158506730806
-30.0998385776011 73.0410823961581 25.91111756969697
-23.36169113453301 75.46675683593857 30.04765791987825
-23.3602879457696 75.4671911965109 21.77730369594676
-16.43022596628183 77.2725544724446 25.91370996271552
-16.43155165687631 77.27227258303851 34.1837605264387
-9.365259541994325 78.44292137415003 30.0498539997554
-9.364111867554421 78.44305838588859 21.77989534990795
-2.222113150496523 78.96874200053075 25.91612592364511
-2.223619647779415 78.96869959459893 34.18611605156886
4.938041866818669 78.84551821455386 30.052476675387
4.939221659782646 78.84544431605123 21.7824708706561
12.0587242072888 78.07424140196655 25.91863168891869
12.05732206347696 78.07445795301811 34.18828875927447
19.07888177789695 76.6615697080684 30.05448039415113
19.08025282849167 76.66122847959609 21.78491707701475
25.9439091438709 74.61845333652107 25.92093440809444
25.94155469107734 74.61927190886979 34.19090041511814
32.59438303066877 71.96253327148824 30.05734849874308
32.59577014573505 71.96190498177774 21.78651293348285
38.97935854011484 68.7139695244073 25.92293135991788
38.97817784068142 68.71463928611 34.19456082327244
45.04299087243395 64.90091658263258 30.05966486476363
45.04423041054535 64.90005629213046 21.78771364640848
50.73796548636503 60.55294260648636 25.92517774836669
50.73664456678194 60.55404939476828 34.19827053461222
56.01505629998829 55.70739149977445 30.06286929007403
56.01419584796081 55.70825669060459 38.33655507763144
60.83188645854284 50.40319027497121 34.20078984545671
60.83282796401266 50.40205394525942 25.92614435289263
60.83118203663978 50.40404043353265 42.47546363043976
65.14875023411227 44.68378165434586 38.33903474760677
65.14798613634485 44.68489568499202 46.61401421748022
56.01497699861039 55.70747123901021 46.61117242459986
-70.9924537208998 34.65647868272108 34.1725832675515
-59.06145189501846 52.46660747611209 46.5868693747929
-30.09840745628985 73.04167213717903 17.64085992560011
-23.35882473182781 75.46764410757599 13.5072190751178
-30.10256680404678 73.03995804905628 42.45208988641948
-36.59429929938728 70.01326487735638 46.58625083482371
-30.1035388766587 73.03955741309977 50.72231680459397
50.73895585827577 60.55211274936609 17.65236512458256
45.0453375498636 64.89928786218573 13.51512575263402
68.92999229573712 38.59606407536422 42.47740199466924
68.93051866618711 38.59512399786314 34.20106878858041
-30.09680026836357 73.04233439318756 9.370835702586334
50.73969009350246 60.55149749771122 9.380051404396454
68.92901296581958 38.59781304112806 50.75320995787234
-23.35740558698964 75.46808334816026 5.237321479275892
72.14490667737154 32.18870050985831 38.34048662887283
72.14567934610768 32.18696866262201 30.06219852328847
65.1472351060132 44.68599062392868 54.88940275548038
-36.59501034886961 70.01289322379219 54.85633971007847
45.0467460376985 64.89831023543752 5.243293747062793
-67.54115094987432 40.97795661531077 54.86325520946787
-30.10519368120433 73.03887535701227 58.99098497024105
-23.36584599150535 75.46547052196291 54.85836247033261
68.92812649585122 38.59939608040434 59.02828211221591
72.1428638093486 32.1932788231609 54.89266368231897
-30.09529925068327 73.04295286344757 1.101025170166167
-36.58735654747016 70.01689325347343 5.234434684496392
50.74060394745839 60.55073171355711 1.108174725027496
56.01661997419173 55.70581914546256 5.244914856512267
-23.35585705921297 75.46856260079167 -3.032338199738462
-16.42619406889419 77.27341165246314 1.103778464017793
74.55124552299351 26.13640738453433 34.02204158598073
74.5285123574032 26.20116115351378 26.08814451985548
72.08742880931868 32.31721843942346 21.75578814194049
74.50747481280027 26.26092528872383 17.49658124944726
72.04450994928641 32.41278430137054 13.42532207818647
74.76714646780691 25.51222861808644 9.365488471019376
72.16835899879823 32.13608500456426 5.348708922629612
74.7672559296518 25.51190782262173 1.087251540935782
68.92312766588196 38.60832128897263 9.342450924593081
69.42645033715849 37.69572911593656 0.3851858982133507
-23.36664338123481 75.46522362713964 63.12815318135848
-16.48839644342709 77.26016297371098 58.90351032401655
45.04751600491846 64.89777578458768 -3.028253258234031
38.98348453287213 68.71162880965143 1.106268573107215
56.01719361988195 55.70524229327665 -3.027089722324362
-36.58561682524608 70.01780231852661 -3.035343535090504
-42.77726848887533 66.41615240760845 1.098091720088902
65.1463857672931 44.68722884067697 63.16345242660989
-36.59607947021794 70.01233439480141 63.12639071447746
-42.78598670148334 66.41053637775026 58.99043896352364
76.77231870315859 18.6282334358534 13.50553080647592
-73.81557695795877 28.1471241579609 63.16144079761445
-16.42468805020566 77.27373177512156 -7.165761606688861
-9.360104491145318 78.44353666118606 -3.029622824999606
72.14200758496409 32.19519749296445 63.16804124799145
74.54923309211995 26.14214691598162 58.8523620848649
60.83024813318298 50.40516751341462 59.0255621423052
60.82916199295998 50.40647826653072 67.29807460909844
56.01356821742473 55.7088877608583 63.1607833333883
-16.44002023783061 77.27047129777144 50.71558684982851
-9.391611485899091 78.43977073970785 54.86015961015569
-9.730120288614742 78.39849972524402 63.10743521189742
-2.370457933095222 78.96442825214038 59.02407453178756
-2.248853340430789 78.96798502338295 50.73153387074875
4.881435787115553 78.84904301674351 54.87483683243033
4.869148469246212 78.84980274664254 63.12176296352506
12.00688773358282 78.08223003317168 58.99963556788271
12.05355440524626 78.07503971308481 50.72914509131281
19.0586075997999 76.66661252694584 54.86914209092195
19.05507832652428 76.66748978524095 63.1310935051583
25.92463509832783 74.62515189276701 59.00119769799455
-9.361573280310241 78.44336138716508 5.239762226922878
-2.218714975707752 78.96883754910269 1.106453050722394
25.93890482853093 74.62019308670016 50.73101664522311
32.58537712647895 71.96661168573343 54.8684606686623
32.58440115274194 71.96705358368641 63.13627309630745
38.96979571274053 68.71939334792813 59.00314658028253
-42.7787267058438 66.41521317760507 9.368023894353044
-48.61719336166848 62.26851941096831 5.23154913830713
-48.61582937142865 62.26958434523339 -3.038600377634694
-54.05647318838237 57.60987507740056 1.095019065702985
-54.05778371554499 57.6086453560866 9.365684769961902
-59.05295523659756 52.47617057126411 5.22876789306531
-59.05168496537579 52.4776000094327 -3.042368258253788
-63.5629020635403 46.91223168066922 1.091788462137643
-63.56186709856838 46.91363395585477 -7.180033905875135
-67.55081262931756 40.96202769784269 -3.045694769153982
-67.55174913095186 40.96048326556883 5.226825797538453
-70.98473776193978 34.67228006446418 1.088935241755905
-70.98561156272922 34.67049107043804 9.363169777832326
-73.83518418933797 28.095650477014 5.223918076662869
-73.83578947540654 28.09405973766417 13.50039739644764
-73.83429741213513 28.09798081101873 -3.052140894712096
38.97363033173632 68.71721864835015 50.73284179390267
74.74304121875242 25.58276352100914 50.74024094992303
-70.98658231512904 34.66850344646288 17.63757511730999
-73.83650933783458 28.09216774839326 21.77556225770358
-76.07878627414007 21.28422606189184 17.63737655438439
45.03893436096174 64.90373172344545 54.87017221875809
-76.08396834906304 21.26569444572108 42.44291015527538
-76.07930902636447 21.2823574368757 25.9140428083835
-76.07743515826826 21.28905492828391 1.083972777899149
45.03640746976721 64.90548514738255 63.14009263320253
-42.78681111852142 66.41000522743521 67.26065725511214
-48.62531340930309 62.26217869499146 63.12463530147411
-48.62441392021843 62.26288116458528 54.85412367045302
-54.06438109030601 57.60245391753863 58.98854002587615
-54.01707241985795 57.64682026953284 67.14963534184231
-59.03517552899682 52.4961717676683 63.1241284066116
74.28946715354728 26.87145455761596 67.31090601058254
-2.147811172726613 78.97079781264914 -7.046574903237257
4.942539514046585 78.84523640114277 -3.02709945278778
4.941055136334056 78.84532943770168 5.242422031656275
12.06172301610238 78.07377817092514 1.108805582344544
4.944013780960356 78.84514397053044 -11.29642366771679
12.06053828090258 78.07396119305645 9.378603538570871
19.08215324063394 76.66075546001984 5.24488590815362
19.0833632641434 76.66045425464645 -3.024870742641525
-59.05451840940083 52.47441143484829 13.49996998496189
45.0396754339617 64.90321746110423 46.59988585761739
-77.69541263031348 14.29765212212568 21.77266616124918
38.98462076251194 68.71098415830706 -7.164512762531984
60.8328122822187 50.40207287241609 1.109783998670324
60.83183369595009 50.4032539543656 9.381983737468659
25.94655077688683 74.61753482112923 1.111135180393077
25.80561606984038 74.66639256891949 -7.158242065920774
25.94536712217472 74.61794639961337 9.380990749837537
60.83345311641327 50.40129940718938 -7.162673300627517
-76.0520138248849 21.37969113854354 -7.067596161538191
55.92371985097144 55.79908205365088 -11.25696412742408
-73.80928402965381 28.16362176691574 -11.20482714802122
56.01260615979537 55.70985506342351 71.4327305366119
76.76952431961665 18.63974612863029 54.89615581268862
76.77014193828809 18.6372022249881 46.61718619261904
76.77198227557422 18.62961989625442 30.06456863397452
45.87848218280013 64.31302257398956 -12.26774571472367
-68.14342032116195 39.96841586720008 -12.39001090199922
-63.96406960409747 46.36375523706177 -14.83571433400631
71.61644345859413 33.34793886197451 72.44481412338394
-24.28534460022667 75.17461032588224 -12.3780199583606
-16.79577099447607 77.19392512821923 -14.99967466881331
61.14333557783979 50.02491893462368 75.66543153716736
-58.81929767612603 52.73793910352655 72.3650822775715
-63.49346177351927 47.00617312667185 67.26681527177465
19.08457079017062 76.66015365073935 -11.29453288548473
-36.39924131728599 70.11487168586976 71.54763224751055
-42.78743053820129 66.40960614202285 75.53046535131486
-29.06729692016368 73.45809859882736 75.73731360832251
56.01166438772521 55.7108019374774 79.7036319743728
-77.69382012395654 14.30630331519242 -3.056420865019348
-77.69306440235709 14.31040683457996 13.49077188568116
-77.70826064993686 14.22765710724978 71.42657688558037
-77.8920069255506 13.18465991635643 80.19673344568849
-76.08597774673659 21.25850395307969 75.56684029678277
-76.08136157126137 21.27501871827598 67.27948745337812
-73.78581970181381 28.22503872329366 71.56873877252217
-70.45141822929095 35.74349828264618 76.05440229056214
-70.88528147608329 34.87516121907456 67.58623719201728
-67.29647818602319 41.37854545242141 71.8164044234926
-70.93487694925805 34.77417478810415 59.2791439416738
56.01421326001313 55.7082391829231 54.88883688636086
50.79182918601035 60.5077688230127 67.16303517464938
78.67526976279265 7.155552232483843 -7.268935153916274
77.70825690227603 14.22767757611445 -11.42808009103513
77.89211379720922 13.18402852707046 -20.19724121632152
76.08615978144348 21.25785242475474 -15.5678880813204
76.08606588308093 21.25818850315022 -7.290316384445163
73.83968163697899 28.08382836704404 -11.78112486300363
70.50495273048966 35.63778388833148 -16.0517043537555
71.01535454507814 34.60952786209094 -7.492317979286526
67.38877140025863 41.22806676481063 -12.06331907244757
77.81851370603202 13.61172011849001 -3.327630387645286
77.74945266518374 14.00080748615427 5.939673476277591
60.8318638046702 50.40321761604169 50.75218680231404
78.73141331075396 6.508806195550269 59.1753712182472
77.69969991978695 14.27433474369502 63.14197746788429
77.69946316130262 14.27562343456067 71.42380991882192
68.8477214293016 38.74262838261346 67.26359786838755
68.93103247822384 38.5942063201985 17.64142873610125
68.91128148713094 38.62946134495542 25.92836699819343
-63.56190832121423 46.91357810448438 50.72117804223791
-78.69251029721065 6.96339163938075 -15.5083588968084
-77.45636959851547 15.5406180256182 -12.46094198765837
-58.80159562450014 52.75767576393758 -12.37971728405238
50.73581468453045 60.55474472159042 42.47168054363467
38.98055241284101 68.7132922627766 17.65055179346895
38.98179403933489 68.71258788224233 9.378793163941282
78.73125662343878 6.510701229070996 42.24805655803059
78.74254051904127 6.372779033290231 34.28542347009881
77.69949258213559 14.27546330171662 38.28497483303546
-78.67415995699811 7.167744070534058 50.71513891377763
-78.67433420524314 7.165831240108081 42.43040437020839
78.67415994176849 7.167744237696386 9.284861376655257
78.73702304086314 6.440590241785875 17.73496712800844
77.69945636516782 14.27566042456115 21.71352176710872
-54.05498367466021 57.61127268106667 -7.175748368990824
-48.61422337802868 62.2708381616237 -11.30870183410168
-54.06487137546451 57.60199374287733 42.45096551177438
4.939742862979322 78.84541166388597 13.51182560455501
12.05984158515344 78.07406881251293 17.64877463362672
50.89007497525044 60.42516254850614 -7.099995943783881
19.08148393124304 76.66092205929768 13.51535593442249
65.20662944249649 44.59927663930156 71.43836100333417
50.73851091721736 60.55248557989519 59.00899548519843
45.90164059094442 64.29649594697804 72.35215088960882
50.73351407157654 60.55667221660339 50.74709774371628
11.98206207267384 78.08604349361408 -7.024794051946159
-23.36447343294954 75.46589548399326 46.58871488437373
-16.43406875864034 77.27173729143328 42.45369690631681
-9.367111037944388 78.44270030285048 38.31998545505883
-2.227190033713944 78.96859897803509 42.4563804928323
-9.379990881306563 78.44116120422113 46.58967804673856
-23.36319021913429 75.46629275898312 38.31843760666941
-36.59064016622623 70.0151772991096 21.77450544234001
-42.78470564838214 66.41136169799034 42.44974995816547
-67.55866941672359 40.94906820236397 30.0384263158992
-30.23012613922166 72.98725555606779 -7.131806572396741
-36.58399347280141 70.0186505267134 -11.30502780908363
-42.70654108878989 66.46165321620808 -7.035421809564781
-16.42914553560846 77.27278419320606 17.64388713732322
-16.42764441452401 77.27310333479534 9.373407891362135
-9.36278110308025 78.44321723396997 13.5097415096499
-2.221611477666166 78.96875611558221 17.64642588736589
-2.220108032775203 78.96879839735949 9.376796563775599
4.923487911635631 78.84642837049741 46.5963209192342
4.934802243553997 78.84572104316767 38.32417225589337
12.05336016612061 78.07506970029407 42.45865192936382
-8.641136355961663 78.52598781599426 -12.35510635941041
-67.55295906374104 40.95848778620284 13.50073291162062
-48.62574231253623 62.26184372916389 71.39439170556356
25.94502566241998 74.6180651275304 17.65056165527704
32.59655722459822 71.96154846238019 13.51573986240058
-36.5889325212214 70.01606970515773 13.5041644904863
-63.56449955185411 46.9100671148778 9.364281523364681
-42.78526214088676 66.41100318121691 50.71982619288702
-73.8420149631439 28.0776926791151 38.30854926626449
56.0158104358082 55.70663318869308 13.51705498946539
-77.69985098153124 14.27351244255735 46.57810264732192
56.015804006994 55.70663965318708 21.78930910198315
-42.78069814327437 66.41394331293723 17.63852340739696
-48.62115280682699 62.26542780496396 21.77075318437178
72.13620336117616 32.20820027004053 46.61037300218494
39.1319247632584 68.62719915837076 67.32417838887363
32.40478256610412 72.04810939118052 72.38919011456422
25.93634601371008 74.62108251330254 67.27102716571429
19.07110248727535 76.66350533284947 71.40432206767694
12.0512940670958 78.07538864013667 67.26757002297808
12.04901468026975 78.07574043987444 75.53696066900883
-77.69947099304012 14.27558080785914 38.28652855845095
65.14221793799311 44.69330422019621 30.06833963453828
-48.62475544699203 62.26261444655388 46.58442355482583
-48.61894053965988 62.2671552329237 13.50088527261116
4.709232012319074 78.8595151763828 71.54964605579146
-3.34086225341389 78.92932686526417 75.75444743717125
-71.08385913288708 34.46860848331224 -7.118408208483118
-54.06003390235986 57.60653378285924 17.63599723033732
-76.07766069928935 21.28824893042648 9.35900514447286
32.59672593049213 71.9614720431175 5.24743056677967
32.5048600330243 72.00301434130031 -3.275009595444956
60.83190954457525 50.40316241229923 17.65470700236385
19.07633657550072 76.66220309160319 38.32342208863518
25.94030167532949 74.61970751077023 42.46059860556215
32.59201024234883 71.96360794431189 38.32932248991628
19.07301120828166 76.66303048698742 46.5959593601456
32.59001304570582 71.96451243273121 46.59873525803305
38.97595538086188 68.71589992242744 42.46354683767365
-59.05733872653153 52.4712372880583 21.77050780846307
74.52252766752828 26.2181782365305 42.63721991371684
-54.06577299634203 57.60114747388295 50.71975232785058
45.04177906979978 64.90175758966275 38.32957339439334
-63.56635679747186 46.90755038899925 17.63403856275175
-59.05492347595783 52.47395557082356 54.8565644825897
-77.69395074817285 14.30559391079206 5.21872340181099
-2.600216995312228 78.95719645211125 67.2152481938994
-67.55564674441226 40.95405465816764 21.76983265895893
-63.51409489152156 46.97829019995082 58.9834150374535
65.13876490009586 44.69833673963763 21.78621688695763
65.14638053863906 44.68723646316507 13.51964803687031
-70.98922208578404 34.66309777926998 25.90591495059354
65.24992312581578 44.535912835319 5.117739581184296
65.27956931527741 44.49244688721775 -2.710718966241515
-78.67326113457486 7.177602834581579 17.61763704566489
12.35262998265072 78.02828033803974 -20.86898274951412
-20.44670456309863 76.30814027683653 80.83958417270325
-16.42502357460267 77.27366045797071 73.67914499890401
-35.81938548117108 70.41286547039022 -20.77874541668439
28.3194423616062 73.74963853692887 80.83849736462241
-49.80166702706322 61.32531256606462 -20.86504615422538
28.35238214607663 73.73698140446784 -20.85561103879093
32.13219480298372 72.17009115376747 -13.67916834540772
43.02648376618729 66.2549748676884 80.83958417270317
4.134540543188289 78.89173324561156 -20.8395841727058
43.01510237369013 66.26236464072919 -20.83809045928518
55.83133508421859 55.89152013242887 -20.77747076924474
70.3895154108811 35.86524947942411 80.83958417270318
-66.25534294007035 43.0259169791147 80.8391950162942
-55.8671434824734 55.85572736173731 80.83874632642024
66.25534438939987 43.02591474730106 -20.83919348393486
-73.83929443541658 28.08484639943504 30.04229183825433
-78.67448298478055 7.164197587830389 1.007014959576594
-73.75496084462014 28.30557808645763 -20.76857613024968
76.3076994248941 20.44834977400419 80.83860338346221
-29.89236940986575 73.12623503958153 67.23102079978548
-76.08290391918835 21.26950237366995 34.17947903074992
-77.69765883682386 14.28544053491269 30.03207694184989
-78.67347581998372 7.175249292006334 25.88490121210293
-67.48099932531326 41.07693671705656 63.19063413011346
-23.09330103817191 75.54931797945213 71.11285818517682
78.72057641680777 6.638587847240415 75.08233575025127
-9.787592863449213 78.3913453509975 71.10878488195112
-77.96379530406011 12.75329846693058 -21.06999783454586
-66.1339222383849 43.21231687108733 -21.1429456246279
-21.13193111470861 76.12122888763167 -21.24871713505716
-11.65515209045104 78.13550684386999 -21.24939372073689
76.06588535627287 21.33028562786612 73.3908092963606
39.4104087664122 68.46765426728376 -14.58787600383801
39.41479069806534 68.46513181341069 74.6473076611357
-61.51340116605586 49.5691585260823 -21.27679077378349
-16.49955911268942 77.25777986123383 66.418762221862
-63.44386581971075 47.07309093155598 74.28828099240239
68.63662866523113 39.11538323308583 74.56197060498583
25.35709322607965 74.81990258697151 -14.3451511271727
-52.52420011544854 59.01023980829357 -14.49845948947711
25.90919659322039 74.63051341035955 74.05156255637503
-53.99029125193788 57.6719034758774 74.03954380292481
63.91154183131799 46.43613701357695 -15.00920476287372
-1.834970680583157 78.97868625522585 -14.01293129549178
-30.56764393383466 72.84654517775226 -14.0839524798991
51.08573902433337 60.25983130027583 -13.87124946238391
-28.31106801407848 73.75285369327902 82.33772052848377
-71.24210885299556 34.14032697819297 -14.01721321667782
-4.134540543192258 78.89173324561135 82.3502587685813
72.33173823064283 31.7666435830694 -1.093619596637964
51.26158976727358 60.11031038459003 74.05649491884591
-75.85831597914618 22.05710535877304 -14.09506367461179
61.39453095510077 49.71631089293707 82.44208162506882
-43.02648376618696 66.25497486768862 82.4491125522264
12.35832273817849 78.02737890701584 82.45203649828339
-76.30051890038402 20.47512675252931 82.43504776549881
76.3007654580299 20.4742079338545 -22.43592299094274
11.53800503765299 78.15289143564104 -14.02890170861072
-42.32219158360149 66.70706184176403 -14.03432699814026
-70.38951541088103 35.86524947942426 82.61458548035931
70.38951541088103 35.86524947942426 -22.61450189877432
59.83025063216363 51.58818769149081 -14.72994812527453
76.24967015345047 20.66368315402665 63.17142586525854
78.05039017594845 12.21214941696217 54.85701472333266
78.05062158625334 12.21067033374839 46.57142857142544
78.05128144109756 12.20645179413659 29.99989199679253
76.25054125554486 20.66046849024608 38.34279802031158
76.62276005748978 19.2341529881705 0.9902459728297259
78.0513923306772 12.20574271573446 13.42700329421965
76.25076431504972 20.65964523825955 21.78458902034538
-78.76721894700491 6.060133608641906 -21.93089731145821
-78.74671032577426 6.321045235449493 81.74629058544231
78.74670420152935 6.32112152998496 -21.74634177053758
78.76829619150129 6.046115702492249 81.94359732660031
74.31915636565569 26.78923285757207 74.55300248155365
76.45563210447267 19.88809491895912 7.235598084368632
74.02199158520691 27.59972394353896 -5.64783301169976
68.09049000280059 40.05852182967455 -5.826484091970116
64.37835548956085 45.78675948852167 -8.967961550662409
17.24769885645597 77.09420785089505 -16.3352729739936
-46.48859147049385 63.87339714693064 -16.57038717543685
12.38646091855993 -78.02291705590727 -20.86290764445226
-21.57575117563997 -75.99662466982906 80.90185903209701
-55.86143571373739 -55.86143571373712 80.8395841727032
55.86143571373739 -55.86143571373712 -20.8395841727032
35.86540016231674 -70.38943863390935 80.84460751297902
-42.65661988623422 -66.49370481392451 -20.85843191766949
78.73142360278096 -6.508681700580001 34.32420515317975
-78.67411521570392 -7.168235140265979 25.85714285714269
61.40416300300606 -49.70441394786042 80.85667627651264
35.86524947942446 -70.38951541088092 -20.83958417270318
-12.35832273817781 -78.02737890701594 -20.83958417270316
4.13454054319211 -78.89173324561136 80.83958417270317
-61.78297341585805 -49.23275531488541 -20.85345615890931
78.67411521570654 -7.168235140237266 9.28571428571415
-78.67280601743251 -7.182589598705727 50.70781732954744
70.38951541088112 -35.86524947942409 -20.83958417270317
-70.38951541088112 -35.86524947942409 80.83958417270317
78.67417665546422 -7.167560783474986 59.00041053277501
-78.67417719472961 -7.167554864267802 0.9996051748266979
-73.78016102645424 -28.2398271756483 -20.93564861571386
73.77901418836207 -28.24282325465122 80.93671573176636
-35.86524947942443 -70.38951541088095 80.8395841727032
20.44670456309873 -76.3081402768365 80.83958417270316
-28.2931310853247 -73.75973653280381 -20.83156188058889
49.69411874603896 -61.41249516225977 80.82917939079188
78.67417796869643 -7.167546368868623 -7.285365064365337
-78.67504481808058 -7.158025067922773 67.27738012551444
76.30814027683641 -20.44670456309907 -20.83958417270317
-76.30814027683641 -20.44670456309907 80.83958417270317
-78.68437911621299 -7.054678100102354 -15.38883454520041
78.68437810397405 -7.054689390104139 75.38882281312794
-78.67528435305938 -7.155391810743136 -7.268638737153452
-77.70064800164231 -14.26917307081531 -3.144686766831995
-77.69959246061153 -14.27491966544399 5.138067402861893
-76.08532609608717 -21.26083612777438 0.9947119038146326
-76.08403841361879 -21.26544376858806 9.275444213505097
-73.84295372634698 -28.07522368510318 5.132937680906295
-73.84206589318629 -28.07755873694035 13.41175673402716
-70.99329707121449 -34.6547510589571 9.270567356571462
-70.99207624995215 -34.65725190664979 17.5474367411434
-67.55939521244653 -40.94787074474637 13.40687028877963
-67.55801374038518 -40.9501499320079 21.68253053411622
-63.57003511183598 -46.90256534433847 17.54250598506516
-63.56823812777991 -46.90500081366451 25.81686875406353
-59.05791166000425 -52.4705924338494 21.6776218286236
-59.05604945383162 -52.47268835219512 29.95082020816618
-54.06053001452498 -57.60606820942255 25.81201376890894
-54.05844482837144 -57.60802498556882 34.08419689298488
-48.61879244478382 -62.26727086689309 29.94608779554116
-63.56598455240726 -46.90805482945463 34.08973429887384
-48.61669849995433 -62.26890577940597 38.21754610079487
-42.77770437767786 -66.41587165863292 34.07929527576928
-42.77979430719438 -66.41452551237673 25.80833594199041
-36.58735122162235 -70.01689603649714 29.94142450123827
-36.58493309252174 -70.01815957746753 38.21228462586629
-30.0940454931291 -73.04346942648245 34.07436412341873
-30.09624031681401 -73.04256511646192 25.80390430433189
-23.35602275637572 -75.46851132097187 29.93701056921263
-23.35358996710524 -75.46926417852715 38.20726922405157
-16.4239183930499 -77.27389536330129 34.06979788292482
-16.42641970758152 -77.27336368756299 25.79976989512465
-9.359419694976395 -78.44361836996869 29.93259836117466
-9.361911688735399 -78.44332100014839 21.6626024333267
-2.218157604142252 -78.96885320709163 25.79534484083256
-2.215419935668345 -78.9689300580212 34.06524539878403
4.9439471874463 -78.84514814627303 29.92807112931888
4.946537182856282 -78.84498569914652 38.19780462621348
12.0652919315293 -78.07322672086107 34.06063711650641
12.06286101141135 -78.07360235200737 25.79095627124008
19.08497803649087 -76.6600522654835 29.9236007740231
19.08734606621272 -76.65946269149448 38.19333689314142
25.95031931951835 -74.61622428946022 34.05621704340041
25.94796997149903 -74.61704131335003 25.78630394737121
32.60042769247215 -71.95979512385993 29.91912638847792
32.60267633618155 -71.95877636340259 38.18973775164672
38.98541731473143 -68.71053221156302 34.05238635265958
38.98296535953845 -68.71192335961078 25.78149594855248
45.0479335925486 -64.89748592234781 29.91467393494635
45.05032203299259 -64.89582794543624 38.18655910350189
50.74317674053788 -60.54857565854489 34.04808547658394
50.74126207562085 -60.55018020595118 25.77500231124291
56.01947633013185 -55.7029467056977 29.90944270224898
56.01501761237963 -55.7074304010228 21.63545044059377
60.83475428805053 -50.39972887538698 25.7700868890044
60.83710992503936 -50.39688537964105 34.04510783025472
60.83390651689445 -50.40075215603183 17.49619759098643
65.15143984969941 -44.67985995402177 21.63126113425453
-59.05960226463837 -52.46868952377906 13.40403619120636
56.01586203354031 -55.70658130454047 13.36180105963089
65.15014279675501 -44.68175123652195 13.35622355956953
-70.99028225151842 -34.66092650016369 25.82209211115094
-16.42878806537076 -77.27286019491663 17.52981988220812
-9.364461623691716 -78.44301663308471 13.39276466301635
-16.42138370844026 -77.27443404580957 42.33988168317085
-23.35076722381511 -75.47013760461287 46.47721478397148
-16.41864815746024 -77.27501531984014 50.60973900798191
-54.05619907585537 -57.61013228132263 42.35594209844361
-48.6143903852787 -62.2707077803659 46.48893418264701
50.74508225395304 -60.5469786780442 42.32086997489125
45.05240215555385 -64.89438388654482 46.4591249806294
68.93212119314278 -38.59226176079703 17.49187119658681
68.9332442832617 -38.59025566881058 25.76821115325956
50.74672762965654 -60.54559963268556 50.59316648442599
-16.43096487877808 -77.27239735605698 9.260153472322031
-54.05371680225381 -57.61246132445432 50.62714742601032
68.93073698365369 -38.59473408238951 9.215919929790886
72.14695010390423 -32.18412016359548 21.6277236831866
72.14823252851308 -32.1812452060452 29.90605971724493
-48.6122780686406 -62.27235679639212 54.75978214260332
65.14867802307286 -44.68388693753021 5.080707689131984
-9.366928177271365 -78.44272213865247 5.123104732897161
-23.34804750091837 -75.47097904423168 54.74700234713592
45.05478416314995 -64.89273013221104 54.73094770587041
-67.55205997024714 -40.95997062713952 5.123117734110153
-2.223341700956587 -78.96870742060293 9.255657012257487
-2.225942793838024 -78.96863414469418 0.9861871973666467
4.935855386452014 -78.84565512191546 5.118704294211938
-16.4159395917794 -77.27559076007799 58.87942259272127
-9.351701634039804 -78.44453885738571 54.74227269521186
-16.43351103739649 -77.27185590487501 0.9904568059587291
-23.36263836966059 -75.46646360078404 5.127465806645887
50.74855090308765 -60.54407139627068 58.86503419223514
56.02350800703148 -55.69889182547603 54.72726950657773
-54.05149018865944 -57.61455031834625 58.89800373858596
-59.04870922833166 -52.48094833811542 54.76546968600356
-48.60990758859888 -62.27420721476811 63.03045560805434
68.92926414367251 -38.59736447753684 0.9406180908435005
72.14417816608483 -32.19033328097444 5.075525830573227
65.14720379158609 -44.68603627686786 -3.193672082145866
-9.348962216864907 -78.44486538625478 63.01177926013472
-2.208017413171442 -78.9691373835572 58.87470926943749
-42.77108637968993 -66.42013376906962 58.89272768502879
74.5529515200714 -26.13154070555125 25.94540178346755
74.53032344019988 -26.19600900708335 33.87875323290089
72.09040416542683 -32.3105807324073 38.21254679566631
74.5098067428237 -26.25430820164691 42.47090021394798
72.04797299601623 -32.40508582252663 46.54307294187427
74.77015359240271 -25.50341411984889 50.60174619370625
72.17200048763149 -32.12790602596625 54.62104856089579
74.77065742798823 -25.50193694185657 58.87998532283842
68.92722507385916 -38.60100573323913 50.62687207725511
69.42443651701052 -37.69943785118788 59.58946815665703
-59.04660601588378 -52.48331466290021 63.03631171837149
-63.5586482186118 -46.91799480607366 58.90368016974242
45.05652661163752 -64.89152032195577 63.00248641385058
38.9925148701391 -68.70650467096971 58.86899427655766
72.14288908571177 -32.19322218055672 -3.200302459854399
74.55011028561185 -26.1396452998718 1.114924144030496
-23.33702572412964 -75.4743879097493 63.00236867477948
56.02491880021805 -55.6974727741661 62.99926632196453
4.93332611337905 -78.84581341744818 -3.150692835753603
12.05461592133654 -78.07487582435888 0.9818438712098043
-63.55682602283531 -46.92046318934889 67.17503808856682
-67.54673635660181 -40.96874915800733 63.04182497845002
-67.54825247877397 -40.96624936534714 54.76952099189408
-70.98146702462756 -34.67897546110195 58.90839374846536
-70.98287627455029 -34.67609083780762 50.63428941311162
-73.83271777684907 -28.10213133703841 54.7745665484045
-73.83377815999302 -28.09934523473701 46.49815209978388
-73.83137818091927 -28.10565060456845 63.05053355959475
-23.36490011325992 -75.46576338113454 -3.142248024143015
-30.10211252431051 -73.04014527349838 0.9946414936869132
76.77437092314101 -18.61977361183427 46.46064740212157
-73.84472022184228 -28.07057703998686 -3.145196714025559
60.83142115260352 -50.40375184998218 0.9454348236734234
12.05713549771721 -78.07448676481766 9.251333201813466
19.07686511834919 -76.66207156903805 5.114471154370761
19.07590253606746 -76.66231109505149 -3.155225518966603
25.94079493892835 -74.6195360340472 0.978036317708856
-30.1002866170667 -73.04089775988815 9.264376451810605
-36.59233210306738 -70.01429304976823 5.131581490924177
-36.59417817521785 -70.01332818599906 -3.138502814575176
-42.78390507469158 -66.41187745094834 0.9985309949461225
25.94230371686026 -74.61901150418825 9.247278799731333
32.59258058503558 -71.96334963582477 5.110228409693363
32.58684760758136 -71.96594585635812 -3.161279197122482
38.97501551543855 -68.7164330096617 0.9729707221436286
-42.7820708165634 -66.41305908213047 9.268958004692507
-30.08837029886336 -73.04580735920767 50.61461510189601
38.97724208932395 -68.71517007990472 9.243484124889562
74.7442452274303 -25.57924559837061 9.227343245315893
-70.98417786345566 -34.67342632404954 42.35954122699022
-73.83474684192525 -28.09679979621895 38.22320751323361
-76.07743151464214 -21.28906794894826 42.36229719174876
-48.62207469439556 -62.26470792039917 5.135804964066736
-48.62396192560257 -62.26323414871374 -3.134935462126379
-54.06268709736025 -57.60404381476111 1.002451382274955
-54.05182309514258 -57.61423799801063 -7.264230666391597
-59.04884555722025 -52.48079494786213 -3.131975581821621
45.03793235156741 -64.90442704080854 5.104270418470819
45.04175709665188 -64.9017728390081 -3.166627483958308
-76.08308677290771 -21.26884827879019 17.55428169517374
-76.07815420430826 -21.28648521634074 34.08372311869603
-76.07537660617581 -21.29640989060169 58.91556227564183
-2.228341772178661 -78.96856648658606 -7.283225992681508
-42.76870953953308 -66.4216642694464 67.16280452336005
60.82286072986359 -50.41408149153982 -7.398817766007284
-2.20531173003999 -78.96921298945145 67.14415321989401
4.953743104307425 -78.84453328707404 63.00704046468001
4.951108699533615 -78.84469876057237 54.73744004495288
12.07231613284644 -78.07214089026004 58.869928336689
12.07483056308034 -78.07175204177821 67.13954575524983
19.07213818671471 -76.66324768092504 63.0988372593032
19.09003817286397 -76.65879233694331 54.74251605513495
-9.346246148358397 -78.44518903625828 71.28120379229685
74.29133434683756 -26.86629190949869 -7.340998389418516
-2.2131290031986 -78.96899429532581 42.33501052939999
-48.62178540215053 -62.26493382560702 13.4065249916319
45.04010807247194 -64.90291722888925 13.37645985338746
38.99468149400256 -68.70527501714329 67.13977431191246
-77.6946557852438 -14.30176431117796 38.22667511289296
-16.4342200625511 -77.27170511212783 -7.193335220998975
56.01434038120449 -55.70811136323474 -3.188938734877212
60.83942293759749 -50.39409307270186 58.86136777040935
60.83764886934486 -50.39623478049031 50.5891830844755
-36.57763222221113 -70.02197384404886 63.02503058148188
25.96934777523593 -74.60960377946562 58.87258651829341
25.79422843045847 -74.67032730393866 67.16394728883203
25.95745434075153 -74.61374246174628 50.59697516195966
60.84081919813588 -50.392407357654 67.13381874228065
-76.05057556188581 -21.38480667917986 67.06804009532755
65.1451933397796 -44.68896714763877 -11.4665155957853
-48.60723059574635 -62.27629672525446 71.30058657377387
55.93042543989003 -55.79236067879636 71.2301402038953
-73.80653557322627 -28.17082367766488 71.2032760153418
76.77046511567887 -18.63587094617082 5.070450945254478
76.77130283076232 -18.63241964070645 13.34981034556343
76.77346852682625 -18.62349404275199 29.90159454446736
4.930832313095414 -78.84596941315475 -11.42007664452863
-2.230809708449795 -78.96849680755412 -15.55251855182912
-48.62571947479881 -62.26186156515216 -11.40572439478356
-53.34013250688042 -58.27375278929991 -15.62177991215324
45.87914372232349 -64.31255065153601 72.24798343628873
-68.13928285671373 -39.97546912511168 72.38677082300535
-63.96020610910465 -46.3690849001881 74.83079809686498
-24.02704855929397 -75.25756398880667 -12.38129691251217
71.61949265743318 -33.34138976545331 -12.46984397964569
-42.76621560994246 -66.42327003696757 75.43273014252273
56.01254069053847 -55.7099208883909 -11.46071482489079
-49.27583281087203 -61.74862185340647 79.74007416256902
-77.69231581212082 -14.31447043203769 63.05701949376006
-2.202630809576344 -78.96928781188738 75.41346231865137
-8.812826632993371 -78.50690470740011 79.311647528501
-77.69237004541122 -14.31417607572608 46.51004918934832
56.01723769699422 -55.70519796929591 5.085470078351506
50.73978245631483 -60.55142010131428 -7.321181351498637
50.73532367470497 -60.55515611096153 -15.59322924530379
60.7580934508463 -50.49211899116761 -16.3133403541443
65.33386143849756 -44.41268455672547 -19.85107273250122
45.04359381769738 -64.90049811816775 -11.45569718138445
44.03760176616716 -65.5872672908734 -19.88322453227825
39.01411542802725 -68.69424136977251 -7.223867481337578
32.3501390535323 -72.07266127469642 -12.42181432432881
-77.70830978798088 -14.22738872369751 -11.42758285252725
-77.89211062026629 -13.18404729664603 -20.19728298302098
-76.0861033507075 -21.25805440075496 -15.56787648622661
-76.09060528827222 -21.24193463092193 -7.288178833103387
-73.8446551568763 -28.07074820452818 -11.42350426455275
-70.97447137236588 -34.69329061091231 -7.330602707222695
-70.94228322281946 -34.75906286327739 -15.93606096503343
-67.53361540839794 -40.99037435631195 -11.50971750547595
-66.84802970843043 -42.09917961315638 -19.94951422322835
-67.53232449353861 -40.99250112519857 -3.212231962726349
-70.98842653650603 -34.66472699836374 0.9819504603347298
60.83357837574223 -50.40114822107159 9.219439666918717
78.67526978121067 -7.155552029977653 67.26893501207491
77.70825690096324 -14.22767758328458 71.42808002207315
77.89211376257617 -13.18402873168486 80.19724156100698
76.08615947981677 -21.25785350433782 75.56788785787265
76.08606560362296 -21.25818950336984 67.29031369388819
73.83958534415659 -28.08408154458708 71.78076747043049
70.50484972102137 -35.63798767910713 76.05172567483356
71.01487337812107 -34.61051515203771 67.49153288475254
67.39294594565551 -41.2212425427225 72.06450327995262
77.81878203572759 -13.61018598241484 63.32810214153656
77.75375668100639 -13.97688527501222 54.05481462400662
78.7312514700605 -6.510763546474208 0.8201246966468858
77.69963208101406 -14.27470400656524 -3.142115736641344
77.69943952911453 -14.27575205940036 -11.42431253222202
68.93498458840426 -38.58714682114328 42.32791884993946
68.91456463254484 -38.6236039424961 34.04095621394308
68.84856301042849 -38.74113280996127 -7.294850968857503
-63.5654194660334 -46.9088205789404 9.26845021288112
78.69249344746305 -6.963582053870373 -15.50846261445545
-78.69250242717067 -6.963480577250007 75.5083505617953
-77.45504220964827 -15.54723243222426 72.46133336800386
-54.06245280670748 -57.60426370089741 17.53862712296498
-58.79968648350437 -52.75980353869406 72.37488552408428
38.98744518561929 -68.7093815857655 42.32503262348096
38.98980030257162 -68.70804517933534 50.59648135521426
-78.67416073102501 -7.167735574701472 9.284846325306134
-78.67428562623157 -7.166364573626871 17.56933371583932
-77.69940993393277 -14.27591313782306 21.71348785156134
78.67415995699812 -7.167744070533887 50.71513891377677
78.73713716572995 -6.439194898822983 42.26466761648382
77.69946288706197 -14.27562492719948 38.28647683684678
78.73701646431559 -6.44067064039898 25.6984318736434
78.73755241440114 -6.434115307439966 17.7397769524889
77.69945653506802 -14.27565949982966 21.71580784916925
-63.57723358399743 -46.89280722888992 -7.25465142956044
-42.71381767973161 -66.45697690402902 -7.130914549862922
-36.51594516989361 -70.05416296230598 -11.27806968697574
50.89763091125456 -60.41879813122489 67.07412418752274
-54.0492460947244 -57.61665554847764 67.16841133888147
-2.21068028203795 -78.96906288345208 50.60511372387692
-9.354513995506522 -78.4442035328798 46.47266390224133
-9.356766491186173 -78.44393488874341 38.2029031029436
4.948930092304378 -78.84483553753844 46.46735323495309
-36.39793876146283 -70.11554787575152 71.45879498668189
-29.32511270482668 -73.35555715042462 75.57879771722526
-42.77551324762634 -66.41728288933645 42.35032026580466
-42.77324463881676 -66.41874391365688 50.62108766876679
-67.55584377807338 -40.95372964007728 29.95526912925858
-36.57990700251762 -70.0207855117833 54.75483429758846
-36.58257815325459 -70.01938999777862 46.48406935610146
50.7372781390149 -60.55351853562468 0.9506524109210943
-30.10427923613715 -73.0392522666592 -7.27525559438449
-2.22091888795463 -78.96877559702396 17.52503776740933
4.941212164972409 -78.84531959692173 21.65767984524055
12.05990953903395 -78.07405831587288 17.52142629253967
4.956168099036147 -78.84438088902783 71.27595363408373
12.38463585685956 -78.02320677012058 76.54266331929203
18.87585092599633 -76.71181298743737 72.23295453553197
11.96809520618223 -78.08818538764848 -7.145815242134731
19.07163823848686 -76.6633720553713 -11.4247659593524
-23.35840758567225 -75.46777322183031 21.66730161063636
-23.36057897642381 -75.46710110959786 13.39759594129411
-9.369550520781164 -78.44240895739071 -3.146422153313779
-16.37723914531755 -77.28380191202473 67.06816640801694
-67.55029255687055 -40.96288534125984 46.49578583651753
12.06775481529993 -78.07284607158756 42.33007019505487
12.07033165193344 -78.07244772525281 50.59943866305523
19.09005098521776 -76.65878914633198 46.46362173742092
-30.08185020802651 -73.04849271587919 58.88470021206318
-29.84450504480815 -73.14578264418545 67.16462390241946
-9.472785364959782 -78.43000916377228 -11.14144387286602
-59.05330511011733 -52.47577684581135 38.22272296573635
19.0823251035871 -76.66071268023153 21.65402482987209
19.07964709965588 -76.66137923721823 13.38453432202058
-59.05090139472799 -52.47848172794362 46.49487256990279
-30.09145086659481 -73.0445383635444 42.34437570761195
4.938508208053358 -78.84548900653093 13.38796012687941
-73.84057091377743 -28.08149011586472 21.68690187981834
-30.09862513228346 -73.04158243867855 17.53399340004317
-36.58935970778339 -70.01584646474281 21.67093756532182
25.95305406564927 -74.61527313268702 42.325629019254
56.02182821763932 -55.70058135381812 46.45514346319851
25.9451842520596 -74.61800998503431 17.51687040372661
32.59761406349735 -71.96106973473421 21.64925264215653
56.02099613255342 -55.7014182253597 38.18291492058081
-77.69969138422084 -14.27438120539158 13.42052832371823
-36.59082087123366 -70.01508286054721 13.40164762617553
32.59512428143687 -71.96219752813059 13.37953870745011
72.1379194216136 -32.20435656119808 13.35786298868591
65.14549949562938 -44.68852084668895 29.90181972127994
-63.56027519190955 -46.91579070556872 50.63341983127502
-63.56306472995876 -46.91201127787076 42.36240158747352
-42.78137566190989 -66.41350688282124 17.53886951844079
32.60423797848659 -71.9580688028953 46.45890953916003
32.60534618008959 -71.95756666589357 54.72766960495757
32.51572138817694 -71.99811013218648 63.25822196897075
-71.08024564307254 -34.47605950975931 67.11564384589835
-48.62065092299012 -62.26581970732209 21.67613575254045
-76.0761151170351 -21.29377159405124 50.64003137138536
60.83694750797821 -50.39708144239609 42.31649679489845
38.9788229342777 -68.71427335465482 17.51268960413147
74.52393391634416 -26.21418077362649 17.32991622633145
45.04425300611421 -64.90004060954948 21.64620898112084
-54.06412378915981 -57.60269541358637 9.270770821812107
25.94025997731779 -74.61972200637821 -7.287436357362168
-59.05570028699649 -52.47308132378394 5.135988841941
-77.69266866656722 -14.31255516904665 54.78197029401147
-67.55291470474968 -40.95856094753346 38.22531887673951
50.7349400553973 -60.55547751917445 17.50900850125727
50.73739186659496 -60.55342324407088 9.235533507458854
-78.67322309038678 -7.178019822362703 42.38359140054441
-70.98692002664181 -34.6678119461145 34.09020367607771
-78.67428493287267 -7.166372185504076 58.99676324686844
65.14290363438151 -44.69230477477844 38.18400082020611
65.15113424973437 -44.68030557161722 46.45043290554582
65.25174045572754 -44.53325013401078 54.85153774780757
65.27907338551366 -44.49317450945396 62.68228325663826
-73.83743283675835 -28.08974033481262 29.95479828793424
28.31897524140101 -73.74981790673735 -20.8388891974021
20.56224021804458 -76.27708880925799 -20.86567902017156
28.31514045013155 -73.75129030253859 80.84869780465159
32.13219480298789 -72.17009115376561 73.67916834540625
-20.44670456309267 -76.30814027683813 -20.8395841727089
-35.86524947941824 -70.3895154108841 -20.83958417270907
4.134540543199117 -78.89173324561099 -20.83958417270867
43.01039085552258 -66.26542294783292 80.83737308172239
66.25534294007329 -43.02591697911016 80.8391950162916
55.83257318976466 -55.8902833327008 80.77726960810745
-73.75485761667439 -28.30584706282588 80.76857045464703
-63.56036561199524 -46.91566820657565 1.006703188271601
73.74117926762946 -28.34146221032595 -20.84114673367142
-76.08227074735321 -21.27176715570294 25.81858474494238
-77.69906707508817 -14.27777908713226 29.96717083296728
-78.67263033258013 -7.184513661563525 34.1155280778699
-59.09981031449028 -52.42339573884229 -11.27802465888179
-22.73711621814038 -75.65727688783663 71.25784627672306
-49.5583155874928 -61.52213712258757 -20.95654238208635
-77.96379530405979 -12.75329846693264 81.06999783454754
77.96379530406024 -12.75329846692983 -21.06999783454556
-66.14363771390464 -43.19744425277649 81.14017858145355
-15.37215731431593 -77.48997857467714 74.90381670395716
76.06975103334706 -21.31649543720998 -13.401565827531
39.41480005456574 -68.46512642695261 74.57617487027009
-14.89973558607053 -77.58220079029199 -14.70708503707112
-61.51008848630104 -49.57326915190701 81.2765096868691
39.43487307398561 -68.45356663928217 -14.6775295459024
-63.2821388473444 -47.29028338787393 -14.71754461161726
68.65521116406744 -39.08275809122624 -14.2525224080871
-53.83971549260328 -57.8124989571938 74.09086828375025
25.46970821099402 -74.78164188921518 74.32119535137392
23.9854923661299 -75.27081875437734 -14.55669545596714
63.9115417036281 -46.43613718932064 75.00925053008091
-55.86143571373709 -55.86143571373741 -22.2062850176808
-30.44492727061832 -72.89791768964845 -14.07577462188448
-4.218508743223907 -78.88728784781071 -21.80530158050061
51.1543905884896 -60.20156412851951 73.9342976712814
-28.31106801407899 -73.75285369327884 82.324648680942
-71.23858593488234 -34.14767743197748 74.01457893463324
72.33194576817972 -31.76617102184505 61.07458295982391
-43.02648376618734 -66.25497486768838 82.39432732433343
-75.85578060529853 -22.06582309275624 74.0959025129473
76.30076529118317 -20.47420855563845 82.43592262325973
-76.30073821864519 -20.47430944598077 -22.43587495598723
-42.31558205079248 -66.71125479034741 -14.07845060646142
11.50091038775756 -78.15835886360952 -14.09295323509191
70.38951541088099 -35.86524947942434 82.61451680326194
50.04647727343112 -61.12569110055069 -22.31903109934457
-70.41552758356387 -35.81415188341552 -22.59970954973724
-2.509718677453171 -78.96012482360982 81.93387121028594
61.39453095510081 -49.71631089293703 -22.84676006329441
59.82902880593708 -51.58960469065791 74.72862149306297
76.24992231453351 -20.66275264885114 -3.205253352312639
78.0507139457219 -12.21007995727688 5.142965247542719
78.05105799667966 -12.20788047119358 13.42921894352213
76.25114922725348 -20.6582245491504 21.62365719111318
78.05179355875167 -12.20317672829549 30.0001113268854
78.05210753159079 -12.20116838163413 46.57299669363242
76.25168991138618 -20.65622873754565 38.18190130135916
76.62412820121359 -19.22870191676974 59.0097477906016
-78.76721894700501 -6.060133608640681 81.93089731145943
78.76721894700491 -6.060133608641945 -21.93089731145811
-78.74670211730276 -6.321147494623554 -21.74634380850031
78.74670418333837 -6.321121756603063 81.74634178577315
12.35832273817784 -78.02737890701594 83.06878655897134
74.3224889715403 -26.77998568101319 -14.55844141991324
74.02168430071954 -27.60054806130869 65.64295676430805
76.45655667480736 -19.8845402620219 52.73521775955759
68.08982302472243 -40.05965552100989 65.82443559788084
64.39109415484661 -45.76884304351245 68.95587774400137
-14.70850176163114 -77.61868316280619 82.20297360997091
-58.23776703297528 -53.37942010749928 -17.28785432434201
16.42703427030849 -77.27323304406326 -16.64763772209029
-7.995315234723541 -78.59436960938994 -16.9047822021096
-46.44898599124435 -63.90220419035001 -16.60068067480468
50.72112223169646 -50.72112223169619 -28
-50.61187081627904 51.02290731071179 -28
-51.43100991383839 -51.15873140971291 -28
50.72112223169619 50.7211222316964 -28
-3.579427244621134 -71.81861393554551 -28
-3.81027250100411 72.45704166393718 -28
71.81142130844431 4.64120781290357 -28
-72.01005191802435 -3.072750418600374 -28
25.7059118317441 -66.96618981085874 -28
67.32773951175471 -26.74663200831624 -28
-67.57973206634193 25.9322421926264 -28
26.25722663041757 66.26651633554997 -28
67.35450667884146 25.51469986770507 -28
-31.94177254649496 -65.47461790036226 -28
-25.70591183174399 66.96618981085871 -28
-63.69056297079505 -32.33337890528839 -28
-18.54356581909482 -69.43556906586377 -28
60.79390922143381 39.22324670609351 -28
40.38063534652039 -60.30663603162323 -28
38.28178986326176 59.62640544076906 -28
-38.92468990887348 60.27714691940015 -28
10.33698060378554 -72.07913434483766 -28
-69.62396850107143 -18.2881590029926 -28
-60.16610204343782 39.19522012417737 -28
70.55421858838227 -11.00333990650725 -28
60.0469734183668 -38.94762499462053 -28
-71.21961333600913 10.6759715103865 -28
10.83516588849372 71.54953236357873 -28
17.88185325266235 -69.53594428877655 -28
19.12727937813924 -61.64164680614951 -28
26.93206989203621 -58.82970343639866 -28
20.36948694717362 -53.72738788417114 -28
27.97035084242852 -50.45978851875925 -28
21.48321383756673 -45.5460394310191 -28
13.84627084147102 -48.71517335504367 -28
14.95105861495581 -40.52308729991145 -28
22.60012181616361 -37.38138614025979 -28
16.05799485629004 -32.33617195051059 -28
8.408575703050598 -35.47703290188522 -28
9.512260070361219 -27.28298930529178 -28
17.16115213200269 -24.14097095455579 -28
10.61551642386117 -19.08800598518662 -28
2.9667089447617 -22.23021008724069 -28
4.069903362327006 -14.0350908089816 -28
11.71870712464452 -10.89287852791557 -28
5.173076971508408 -5.839925855895459 -28
-2.475729639484889 -8.982131888499683 -28
-1.372555494492147 -0.7869681109306695 -28
6.276251573561622 2.355236918935557 -28
-0.2693812266556375 7.408195397823636 -28
-7.918188315116396 4.265990412730716 -28
7.379425825465184 10.55040046197326 -28
0.8337929307766784 15.60335914813575 -28
8.48260000066259 18.74556417329128 -28
15.02823291050642 13.69260545388583 -28
1.936967093899173 23.79852288595825 -28
16.13140707341276 21.88776919216355 -28
22.67703998372352 16.83481047171896 -28
23.78021414466962 25.0299742143087 -28
30.32584705472917 19.97701549440657 -28
29.22267289429533 11.78185175075236 -28
-5.711839976667918 20.65631786229784 -28
-4.608665815674926 28.85148160479464 -28
-12.25747288611476 25.70927658085503 -28
17.23458123483201 30.08293293372183 -28
-11.15429872555096 33.90444032429379 -28
-18.80310579594567 30.76223530025516 -28
-19.9062799564237 22.56707155662815 -28
-3.505491655151018 37.04664534832092 -28
-26.45191286632525 27.62003027618332 -28
-27.55508702680076 19.4248665325508 -28
36.87147996481934 14.92405677443809 -28
35.76830580434709 6.728893030869426 -28
-34.10071993671367 24.47782525213089 -28
-35.20389409719065 16.28266150850159 -28
24.88338830538239 33.22513795741833 -28
18.33775539550589 38.27809667691812 -28
-10.05112456505551 42.09960406788254 -28
-2.402317494662574 45.24180909192508 -28
43.41711287474845 9.871098054822506 -28
42.31393871426997 1.675934311206035 -28
-25.34873870584508 35.81519401980562 -28
37.97465412527774 23.11922051810589 -28
34.66513164396759 -1.466270713044947 -28
41.21076455383786 -6.519229432539117 -28
-28.65826118727485 11.2297027889152 -28
-36.30706825766747 8.087497764871992 -28
-29.76143534775189 3.034539045286032 -28
-37.41024241814519 -0.1076659787556926 -28
-30.86460950822955 -5.160624698341746 -28
-38.51341657862302 -8.30282972238316 -28
-31.96778366870735 -13.35578844196927 -28
-39.61659073910085 -16.49799346601063 -28
-33.07095782918517 -21.55095218559673 -28
-42.85270116758322 13.14045648445827 -28
-40.71976489957865 -24.69315720963809 -28
-34.174131989663 -29.74611592922419 -28
-26.52532491926952 -26.60391090518284 -28
-27.62849907974735 -34.7990746488103 -28
-19.97969200935388 -31.65686962476895 -28
-21.08286616983171 -39.85203336839641 -28
-45.05904948853872 -3.249871002797073 -28
-8.947950404576087 50.29476781150647 -28
48.85957162419432 -3.377024408410747 -28
47.75639746371792 -11.57218815204332 -28
40.10759039335414 -14.7143931761572 -28
46.80739930830709 -19.79103888591708 -28
25.98656246593204 41.42030170088763 -28
19.44092955602835 46.47326042044737 -28
-28.73167324022519 -42.99423839243777 -28
-47.26539780949437 -19.64019849005199 -28
39.03011224292288 -22.91350475266191 -28
-13.43405904361437 -36.70982838169625 -28
-14.53723325061208 -44.90499209420603 -28
-24.31897659842314 -10.21358341802926 -28
-1.29914333418273 53.43697283554808 -28
-41.82293906005648 -32.88832095326556 -28
45.73420381701483 -27.99080843339846 -28
37.93621628806062 -31.11009527538377 -28
-6.888411157634909 -41.76280547512867 -28
-7.991583552082867 -49.95796343663889 -28
32.4630660037109 -17.85725619594526 -28
-12.33088484749372 -28.51466470760761 -28
-16.59675747496956 47.15256278746511 -28
32.53219537585315 36.36734298128955 -28
-15.63620906433875 -53.09472299067483 -28
33.63536953634385 44.56250672488866 -28
40.18100244626257 39.50954800529584 -28
54.34888867713457 -16.58971574717596 -28
44.48339646393605 -36.16329061727026 -28
-15.46797945611035 55.28540119855745 -28
-23.11251921677356 52.13280861909355 -28
-9.089876429964555 -58.14677623573448 -28
-1.445099993363434 -55.00987604146809 -28
36.80116824605206 -39.30036258476598 -28
-22.1126282773651 6.176744069328195 -28
10.68894832511895 35.13589165286235 -28
5.246489575732899 48.38401411596202 -28
6.287948581915446 56.49923168005003 -28
-0.4712592940644452 60.97298667489085 -28
52.59154234062049 -33.32200908876948 -28
41.89802586598091 48.58149327844155 -28
43.55338512909587 -44.58844952655797 -28
48.16423781883299 42.78021551030078 -28
46.56914185648093 34.50670340098806 -28
34.93944042880452 52.2836274465579 -28
-2.588912177064928 -63.26955802590096 -28
4.93316580337201 -59.87828107132695 -28
-10.342395556069 -66.12619919291157 -28
35.71289490573967 -47.35185731055857 -28
12.59407493902558 -56.60442706119943 -28
7.304443719069778 -43.67009128083417 -28
23.70621397512392 -29.19267117984117 -28
29.13669653406311 -42.3810611184266 -28
1.863439385761849 -30.42516581062222 -28
0.760014737142052 -38.61975369222819 -28
18.264336644708 -15.94582984464395 -28
19.36751583555731 -7.750677108536715 -28
24.81058806432294 -20.99868826793271 -28
30.25600434621719 -34.23622304164473 -28
-3.578907073191064 -17.17728845221793 -28
-10.12453719422578 -12.124335850289 -28
-4.682101010239276 -25.37240891000417 -28
-9.021362589868222 -3.929173080293291 -28
12.8218836538538 -2.697719981512439 -28
20.47069122916763 0.4444839345870224 -28
27.01632422314842 -4.608474969741925 -28
13.92505850276925 5.497442252367939 -28
-6.815014140185816 12.46115412522522 -28
55.41301425135707 -8.424077940582606 -28
56.44235348395014 -0.2247721315049197 -28
63.42322575759138 -5.661506378484774 -28
62.38885332121666 -13.56307925002205 -28
-13.36064704720622 17.51411283855472 -28
44.52028703521907 18.06626179846372 -28
51.06591994514139 13.01330307886242 -28
52.07841307453873 21.22067365245215 -28
58.18291460578142 16.28084011887983 -28
50.99250789219139 -41.21063810249256 -28
60.08848702321291 -29.74763610182685 -28
53.57235915569642 -24.79523869285224 -28
41.86064776297717 -52.53649331303553 -28
27.12321941509047 49.53645827415173 -28
20.61468427593033 54.39030257433085 -28
28.88276357889044 58.28535887083594 -28
-25.422150758838 -18.40874716156848 -28
57.44458642148658 7.991970625697321 -28
65.33508446954086 11.7229812458239 -28
-22.18534060274968 -48.04629163957193 -28
-29.63853745284337 -50.9351012167241 -28
-36.21710811558148 -46.11164761679392 -28
-37.38656175180262 -53.65689877095423 -28
-22.97128423598663 -55.83920720906804 -28
31.42902121528359 28.1721792378645 -28
-17.69993163545102 38.95739904384567 -28
-32.99754577623617 32.67298899575903 -28
-40.64635284662808 29.53078397171426 -28
-39.54317868615002 37.72594771534126 -28
-47.04314024673287 34.51554552491979 -28
-48.27035233205261 26.37721275327512 -28
-55.66140851950958 31.88027728333965 -28
-55.83549200131186 23.20848548713109 -28
-46.97912433268462 43.40560297859294 -28
-38.35733652311961 45.66130290977631 -28
-49.37612031565358 18.1852060988948 -28
-56.9198456917521 15.0132717340542 -28
-50.47659003497902 9.990560201900296 -28
-57.9363551441859 6.823054688197514 -28
-51.56486933725743 1.796307215673393 -28
-58.89678707024476 -1.388069211907388 -28
-65.94226143273862 3.411845986228734 -28
-52.64177064896558 -6.401364761133536 -28
-60.14113905978613 -9.568849811663531 -28
-53.78086547618602 -14.59166173977676 -28
-41.74667099721638 21.33443125216587 -28
-23.2158024379433 -2.018419674421315 -28
-43.95306698153011 4.944664887868438 -28
-35.25007745096796 -37.93714703957079 -28
45.58209877390076 26.27181236629682 -28
39.04468563217645 31.32446775164011 -28
52.4926083661603 29.54338630290016 -28
-18.87651783344912 -23.46170589909914 -28
-8.021082718648266 58.18981534986353 -28
-13.84011865025823 63.46564736777373 -28
-24.24058601734559 43.99823894876673 -28
3.040141254690198 31.99368662889825 -28
4.143315415229584 40.18885037239057 -28
-46.14618179015142 -11.44731986369219 -28
-54.56769897700776 -22.84241082572401 -28
-48.29110208251105 -27.84801786965286 -28
-49.49910583419702 -35.8774791959233 -28
-42.90141059745655 -41.04013745453223 -28
9.585774163769278 26.94072791114925 -28
49.92391384396514 4.825084921778767 -28
-21.00945411700588 14.37190781322412 -28
11.79212248563098 43.33105539641456 -28
-31.87976386066245 40.82283151207631 -28
12.89677421364045 51.46654117847243 -28
14.46035994757901 59.0858860596909 -28
-30.70097223364453 48.83229884521052 -28
-29.8605330385781 57.63503148052238 -28
-14.46382121072702 9.318949101468212 -28
21.57386570908847 8.639646978363958 -28
-15.56699539323791 1.12378540571585 -28
-17.77334378175271 -15.26654193024649 -28
28.11949858400241 3.586688335297648 -28
25.91396470917077 -12.80372680728502 -28
33.56280692119827 -9.661558549118912 -28
-16.6701696659085 -7.071378091260582 -28
-11.22771529005861 -20.31949095824405 -28
31.36703348672641 -26.05140645223492 -28
-5.785333656013064 -33.56743782954785 -28
6.148357962713594 -51.78227532506837 -28
-0.3520463806926309 -46.80046087522773 -28
-16.74527992468274 -61.07987106187653 -28
-55.78038171860013 -30.85099699569 -28
-58.47890880184649 -39.2199404145629 -28
-61.74730648689537 -18.6641810182779 -28
4.014379518619801 -67.54055635756509 -28
-21.60889121851893 60.35341846196874 -28
63.75322478392944 2.961763969402292 -28
59.55604777591772 25.50225177139966 -28
7.606633666618701 64.94789996863321 -28
17.55043131257786 67.54947101218377 -28
-24.43191165866924 -63.17651357046202 -28
-43.85650453058011 -48.83907122907846 -28
-71.34212352092749 -10.65184994375198 -28
-11.44229914893191 71.23721980392294 -28
-18.90576449661289 69.07160011496862 -28
55.89935102774909 44.96532563367249 -28
64.44111501754031 32.48976536650992 -28
33.01079497511151 64.95287573997825 -28
-56.1476990924377 45.56770290244361 -28
68.8696405039454 -18.84656265363543 -28
70.19938237750179 18.24820942283313 -28
45.12268344804744 55.84251155365795 -28
-33.22466591643683 65.09289325270343 -28
-64.6203364848234 32.92570599391078 -28
-44.96151010124277 56.13760592346333 -28
33.13780380811837 -63.56146945636196 -28
-67.20214653048185 -25.3442690686518 -28
-69.58834821363168 18.14670547605675 -28
3.897483097042978 72.33882497981898 -28
71.18488669540685 -2.886603850138457 -28
61.0993280321601 -21.7148107423048 -28
-45.28515893954318 -56.245087777485 -28
-50.66127143865069 -43.6074113905823 -28
-37.24635797739121 53.09627684837288 -28
-62.3715391333109 20.28862558534748 -28
34.33240042630339 -55.50765801112286 -28
-53.19949484696051 38.91286976269468 -28
56.87627746211797 -46.03514763245283 -28
-63.56440089231852 11.75668437136002 -28
-38.38489829508807 -60.92743662324854 -28
53.25653564692556 37.66077501876622 -28
-73.34783128417314 3.854563135231892 -28
-6.181568230483571 65.63899283484324 -28
11.368121505126 -64.33198965797253 -28
72.63735566951023 11.85903413086165 -28
-60.59761933675603 -26.00704736272642 -28
-56.98077424466241 -46.34818621973279 -28
-43.73904069572626 49.84186133510799 -28
21.79024513066539 61.19307035132666 -28
-65.33891709962788 -5.244637436661289 -28
-30.79249432348082 -58.33496254846986 -28
-11.53418341390612 -72.8239680000919 -28
-60.98237802968801 27.25227397412922 -28
65.82510153046201 -33.53564013695746 -28
63.80742684496605 19.96425741307661 -28
46.55858202930966 -57.44909520275106 -28
-65.56197514140132 -13.1321565582402 -28
58.10804320559554 32.88388503313389 -28
-26.5061298957478 -69.26370025695644 -28
3.851649366021333 -74.09564200644445 -28
0.3489802859322493 67.3887477179332 -28
40.06048490152366 54.08350942985661 -28
-40.78216043373948 -79.10635493028823 91.9993285202325
25.07419755888737 -85.39487465169024 91.99932852023248
-8.459987854072244 -88.59700110900454 91.9993285202325
8.45998785407229 -88.59700110900454 91.99932852023248
80.95724758655221 -36.97193615716775 91.99932852023248
88.09410832740305 -12.66602060632224 92.00067147976752
-25.07419755888725 -85.39487465169027 91.99932852023248
48.11703275354815 -74.87156442197517 91.9993285202325
61.41703202190807 -64.41232939135116 91.9993285202325
72.49725973247993 -51.62506495183659 91.99932852023248
-80.95724758655217 -36.97193615716783 91.99932852023247
-72.4972597324799 -51.62506495183663 92.00067147976753
-67.26171211752897 -58.2826053211304 91.99932852023248
-88.89919318728772 -4.234790508313118 91.9993285202325
-86.49122958079523 -20.98254526033902 91.99932852023248
-77.07626093681506 -44.49999999999999 91.99932852023248
-55.01614977363384 -69.95872543210812 92.00067147976753
-61.41703202190798 -64.41232939135126 91.9993285202325
77.07626093681515 -44.49999999999984 91.99932852023247
55.01614977363394 -69.95872543210805 91.99932852023248
-88.09410832740302 -12.66602060632244 92.00067147976752
6.269938452978242e-14 -89.00000000000001 91.99932852023251
33.07795855376917 -82.62474603843047 91.99932852023247
84.10507286560558 -29.10904873525034 92.0006714797675
-48.11703275354818 -74.87156442197514 91.99932852023247
-16.84336074807655 -87.3916540563809 91.99932852023248
16.84332468338241 -87.39166100727324 92
40.78216043373958 -79.10635493028818 91.99932852023247
67.26171211752906 -58.2826053211303 91.99932852023251
86.49122092173393 -20.9825809534437 92
-84.10507286560551 -29.10904873525053 91.99932852023248
-33.07795855376912 -82.62474603843049 91.99932852023248
88.89919318728772 -4.234790508313032 92.00067147976752
-38.03399235806558 -74.64591296824155 88
45.62826074014665 -70.26136007354887 88
38.03399235806555 74.64591296824153 88
-45.62826074014665 70.26136007354874 88
-83.66225309821218 -4.384552894693014 88
-83.66225309821213 4.384552894693026 88
83.66225309821215 4.384552894693037 88
83.66225309821213 -4.384552894693039 88
45.62826074014694 70.2613600735484 88
-45.62826074014701 -70.26136007354837 88
-38.03399235806509 74.64591296824165 88
38.03399235806489 -74.64591296824162 88
-30.51341263865555 -78.00883388536658 88
52.30092554500006 -65.42980744391613 88
30.5134126386555 78.00883388536658 88
-52.30092554500008 65.4298074439161 88
-82.81433818365554 -12.57902644145058 88
82.81433818365554 12.57902644145061 88
82.81433818365551 -12.57902644145066 88
52.30092554500025 65.42980744391592 88
-52.30092554500028 -65.42980744391589 88
-82.81433818365551 12.57902644145062 88
-30.51341263865515 78.0088338853667 88
30.51341263865508 -78.00883388536668 88
-24.06341494020535 -80.66853889949203 88
57.82929650303065 -61.17379808976983 88
24.06341494020538 80.66853889949203 88
-57.82929650303064 61.17379808976984 88
-81.89271144323601 -19.49474080972222 88
81.892711443236 19.49474080972226 88
57.82929650303074 61.1737980897698 88
81.89271144323601 -19.49474080972226 88
-81.89271144323601 19.49474080972223 88
-57.82929650303076 -61.17379808976979 88
-24.06341494020516 80.66853889949216 88
24.06341494020521 -80.66853889949218 88
-12.88771978852987 -82.2897509030971 88
64.82115485891066 -52.30596818527077 88
12.88771978852975 82.28975090309709 88
-77.70887464744037 -29.98378271782646 88
-64.82115485891069 52.30596818527066 88
77.70887464744037 29.98378271782653 88
-64.8211548589109 -52.30596818527044 88
77.70887464744024 -29.98378271782666 88
64.82115485891082 52.30596818527046 88
12.88771978852914 -82.28975090309709 88
-12.88771978852924 82.28975090309713 88
-77.7088746474403 29.9837827178266 88
-4.349567516613163 -82.99469231698947 88
-69.7007281674796 45.26418212335704 88
4.349567516613019 82.99469231698949 88
-74.05029568409248 -37.73051019363244 88
-69.7007281674798 -45.26418212335682 88
69.7007281674796 -45.26418212335708 88
74.05029568409245 37.73051019363247 88
69.70072816747975 45.26418212335685 88
-74.05029568409233 37.73051019363261 88
4.349567516612202 -82.99469231698951 88
-4.349567516612399 82.99469231698949 88
74.0502956840923 -37.73051019363265 88
-38.03399235806558 -74.64591296824155 96
45.62826074014665 -70.26136007354887 96
38.03399235806555 74.64591296824153 96
-45.62826074014665 70.26136007354874 96
-83.66225309821218 -4.384552894693018 96
83.66225309821215 4.384552894693037 96
-83.66225309821213 4.384552894693022 96
83.66225309821212 -4.384552894693042 96
45.62826074014694 70.2613600735484 96
-38.03399235806509 74.64591296824165 96
-45.62826074014701 -70.26136007354837 96
38.0339923580649 -74.64591296824162 96
-30.51341263865555 -78.00883388536658 96
52.30092554500006 -65.42980744391613 96
30.5134126386555 78.00883388536658 96
-52.30092554500008 65.4298074439161 96
-82.81433818365554 -12.57902644145058 96
82.81433818365554 12.57902644145061 96
52.30092554500025 65.42980744391593 96
82.81433818365549 -12.57902644145066 96
-52.30092554500028 -65.42980744391589 96
-82.81433818365552 12.57902644145062 96
-30.51341263865515 78.0088338853667 96
30.51341263865508 -78.00883388536668 96
-24.06341494020535 -80.66853889949203 96
57.82929650303065 -61.17379808976983 96
24.06341494020538 80.66853889949203 96
-57.82929650303065 61.17379808976985 96
-81.89271144323601 -19.49474080972222 96
81.892711443236 19.49474080972226 96
57.82929650303074 61.1737980897698 96
81.89271144323601 -19.49474080972226 96
-81.89271144323601 19.49474080972223 96
-57.82929650303076 -61.17379808976979 96
-24.06341494020516 80.66853889949216 96
24.06341494020521 -80.66853889949218 96
-12.88771978852986 -82.2897509030971 96
64.82115485891067 -52.30596818527076 96
12.88771978852975 82.28975090309709 96
-77.70887464744037 -29.98378271782646 96
-64.82115485891069 52.30596818527067 96
77.70887464744037 29.98378271782653 96
-64.8211548589109 -52.30596818527044 96
-12.88771978852924 82.28975090309713 96
64.82115485891082 52.30596818527046 96
77.70887464744024 -29.98378271782666 96
-77.7088746474403 29.9837827178266 96
12.88771978852915 -82.28975090309712 96
-4.349567516613167 -82.99469231698947 96
-69.7007281674796 45.26418212335703 96
74.05029568409243 37.73051019363247 96
4.349567516613027 82.99469231698947 96
-74.05029568409248 -37.73051019363244 96
-69.7007281674798 -45.26418212335682 96
69.70072816747975 45.26418212335685 96
-4.349567516612396 82.99469231698949 96
4.349567516612216 -82.99469231698951 96
69.7007281674796 -45.26418212335708 96
74.0502956840923 -37.73051019363265 96
-74.05029568409233 37.7305101936326 96
-50.64670581189794 -50.6861353963765 100
50.61187081627907 51.02290731071177 100
51.43100991383837 -51.15873140971293 100
-50.72112223169619 50.7211222316964 100
3.579427244621116 -71.81861393554554 100
3.810272501004109 72.45704166393716 100
-71.81142130844434 4.64120781290363 100
72.01005191802432 -3.072750418600425 100
-25.7059118317441 -66.96618981085874 100
-67.1572714397456 -26.69693257990081 100
67.5797320663419 25.93224219262638 100
-26.25722663041758 66.26651633554994 100
-67.35450667884146 25.5146998677051 100
31.94177254649491 -65.47461790036225 100
25.70591183174399 66.96618981085871 100
63.69056297079502 -32.33337890528842 100
18.54356581909478 -69.43556906586376 100
-60.79390922143379 39.22324670609353 100
-40.38063534652039 -60.30663603162319 100
-38.28178986326173 59.62640544076908 100
38.92468990887349 60.27714691940015 100
-10.33698060378556 -72.07913434483768 100
69.6239685010714 -18.28815900299259 100
-70.5542185883823 -11.0033399065072 100
60.16610204343782 39.19522012417734 100
71.2196133360091 10.67597151038644 100
-59.79695781399843 -38.59762805411685 100
-10.83516588849371 71.54953236357873 100
-17.88185325266236 -69.53594428877656 100
-19.12727937813925 -61.6416468061495 100
-26.93206989203621 -58.82970343639866 100
-20.36948694717362 -53.72738788417114 100
-27.97035084242858 -50.45978851875924 100
-21.48321383756674 -45.54603943101908 100
-13.84627084147102 -48.71517335504367 100
-14.95105861495581 -40.52308729991145 100
-22.60012181616364 -37.38138614025979 100
-16.05799485629004 -32.33617195051059 100
-8.408575703050611 -35.47703290188522 100
-9.512260070361219 -27.28298930529178 100
-17.16115213200269 -24.14097095455579 100
-10.61551642386117 -19.08800598518662 100
-2.966708944761705 -22.23021008724069 100
-4.069903362327006 -14.0350908089816 100
-11.71870712464451 -10.89287852791557 100
-5.173076971508403 -5.839925855895467 100
2.475729639484892 -8.982131888499691 100
1.372555494492152 -0.7869681109306801 100
-6.276251573695532 2.355236918910824 100
0.2693812266556419 7.408195397823624 100
7.918188315179854 4.265990412757115 100
-7.379425825621412 10.55040046194441 100
-0.8337929308027437 15.60335914813097 100
-8.482600000692965 18.74556417328566 100
-15.02823291073839 13.69260545384302 100
-1.936967093902581 23.7985228859576 100
-16.13140707345647 21.88776919215546 100
-22.67703998383642 16.83481047169813 100
-23.7802141446957 25.02997421430388 100
-30.32584705475232 19.9770154944023 100
-29.22267289438498 11.78185175073584 100
5.71183997666298 20.65631786229697 100
4.608665815674446 28.85148160479451 100
12.25747288611388 25.70927658085485 100
-3.040141254701723 31.99368662887414 100
3.505491655149381 37.04664534831741 100
-36.87147996481502 14.92405677447 100
-35.76830580436135 6.728893030872016 100
-4.143315415240957 40.18885037236569 100
-31.4290212153172 28.17217923780689 100
-43.41711287474951 9.871098054816979 100
-42.31393871427258 1.675934311205595 100
2.40231749466234 45.24180909192441 100
10.05112456505586 42.09960406788318 100
-34.66513164397044 -1.466270713044575 100
-41.21076455383885 -6.519229432539078 100
-24.88338830541605 33.22513795735583 100
-44.52028703522416 18.0662617984556 100
8.947950404575787 50.29476781150559 100
16.59675747496962 47.15256278746504 100
-5.246489575730532 48.38401411596708 100
-48.859571624195 -3.377024408410739 100
-47.7563974637183 -11.57218815204324 100
-40.10759039335449 -14.71439317615715 100
-46.65322330323959 -19.76735189566998 100
-32.53219537584994 36.36734298130129 100
-25.98656246594343 41.4203017008652 100
-51.06591994514245 13.01330307886025 100
-39.00441624207851 -22.90955692095403 100
-45.55004914429526 -27.96251563949223 100
-37.9012411758001 -31.10472183778139 100
-32.45878333690361 -17.85659822399393 100
13.36064704660191 17.5141128372506 100
19.90627995643924 22.56707155666293 100
21.0094541169228 14.37190781305203 100
27.55508702680925 19.42486653257026 100
28.65826118729769 11.22970278896966 100
35.20389409719571 16.2826615085135 100
36.30706825767235 8.087497764883487 100
29.76143534780226 3.034539045336585 100
37.41024241814989 -0.107665978750454 100
30.86460950826994 -5.160624698328276 100
38.51341657863049 -8.302829722380096 100
31.9677836687153 -13.35578844196653 100
34.10071993671497 24.47782525213391 100
39.61659073910335 -16.49799346600972 100
33.07095782918687 -21.55095218559616 100
42.85270116758487 13.14045648446209 100
40.7197648995793 -24.6931572096379 100
34.17413198966332 -29.7461159292241 100
26.52532491926981 -26.60391090518274 100
27.62849907974726 -34.79907464881033 100
19.97969200935385 -31.65686962476893 100
21.08286616983161 -39.85203336839641 100
45.05904948854067 -3.249871002795759 100
28.73167324022508 -42.99423839243779 100
47.26539780949462 -19.64019849005194 100
13.4340590436143 -36.70982838169624 100
14.53723325061198 -44.90499209420603 100
24.3189765984624 -10.21358341802237 100
41.82293906005657 -32.88832095326555 100
6.888411157634834 -41.76280547512866 100
7.991583552082784 -49.95796343663889 100
12.33088484749369 -28.51466470760761 100
17.69993163544748 38.95739904383774 100
24.24556454536283 44.01035776342313 100
-39.07782828577233 31.31438426169922 100
15.63620906433865 -53.09472299067485 100
-33.63536953634515 44.56250672488691 100
-27.0897366264324 49.61546544446601 100
-52.0784130745397 21.22067365245051 100
-54.21370680788812 -16.61325738672829 100
-44.58612970889176 -36.25068897441329 100
15.46797945611035 55.28540119855726 100
9.089876429964473 -58.14677623573449 100
1.445099993363376 -55.00987604146812 100
-58.18291460578176 16.28084011887933 100
-57.45559062325862 7.990296083555263 100
-36.82127117774482 -39.31539219477764 100
25.34873870584059 35.8151940197956 100
31.8943716157562 40.86815273938155 100
-10.68894832515609 35.13589165278076 100
-19.44092955603942 46.47326042042346 100
-20.60910381115582 54.40347043604588 100
7.975201031921501 58.29967366724373 100
30.72299314260698 48.89729242506213 100
38.19758368157116 45.52918280950718 100
39.50277521213285 37.66062627376337 100
13.83247170247045 63.48395708733706 100
-52.09568205266954 -33.01547435886507 100
-65.33665649836549 11.72274202551789 100
-28.84848358097507 58.36624716426027 100
-43.43663323083567 -44.44131042776017 100
46.9599845029264 43.35002398935588 100
47.18160181887345 34.59984487706141 100
2.588912177064869 -63.26955802590101 100
-4.933165803372042 -59.87828107132698 100
10.34239555606895 -66.1261991929116 100
-35.69678674464511 -47.32983906242752 100
-12.5940749390256 -56.60442706119943 100
-7.304443719069795 -43.67009128083419 100
-23.70621397512396 -29.19267117984116 100
-29.14614226586332 -42.42592145475913 100
-1.863439385761871 -30.42516581062223 100
-0.7600147371420773 -38.61975369222819 100
-18.26433664470802 -15.94582984464396 100
-19.36751583555732 -7.750677108536724 100
-24.80987428652177 -20.99857860594082 100
-30.25509993808929 -34.24530912643503 100
3.578907073191053 -17.17728845221793 100
10.12453719422577 -12.124335850289 100
4.682101010239258 -25.37240891000417 100
9.021362589939695 -3.929173080268898 100
15.56699539266267 1.123785404440106 100
-12.82188365401003 -2.697719981541289 100
-20.47069122939453 0.444483934545142 100
-27.01632422318675 -4.608474969748842 100
-13.92505850298708 5.497442252327739 100
-49.9367520793665 4.823131289278692 100
-56.4107258748915 -0.2199323830163731 100
-53.09581205337622 -24.80643954957448 100
-59.66457343971901 -29.68489773796516 100
-51.27004335827179 -41.53266954753833 100
-41.8261016831183 -52.50246928266075 100
6.815014140212973 12.46115412527752 100
-40.18100244625934 39.50954800530444 100
-46.51340380611544 34.48529298750077 100
-41.89802586598059 48.58149327844257 100
-48.12869922715448 42.78499946060266 100
41.74952700710708 21.33562022808952 100
49.39833407749928 18.19341520404523 100
50.50150823797689 9.998251460417304 100
56.9277835408743 15.01607163332823 100
57.94183115287252 6.824803214495898 100
55.49378400644546 23.06532272581703 100
22.18534060274957 -48.04629163957194 100
29.63853745284325 -50.93510121672413 100
36.21710811558137 -46.11164761679399 100
37.38656175180256 -53.65689877095426 100
40.63788827801386 29.52258076241225 100
-55.374208469868 -8.42552038028478 100
-63.41148685916679 -5.660940160353645 100
18.87651783344142 -23.46170589909694 100
-9.585774163832781 26.94072791103581 100
25.42215075627376 -18.40874716455934 100
23.10115183132843 52.10513794276907 100
29.86130953446132 57.63775180876779 100
22.97128423598652 -55.83920720906804 100
-62.32086815170176 -13.6801172360633 100
18.80310579594847 30.76223530026162 100
48.21698800247927 26.35972024411379 100
55.60925341402361 31.86395666122069 100
-11.79212248564308 43.331055396388 100
1.320880798820417 53.40526318756724 100
-6.28432567114205 56.4939467387207 100
46.16222364901851 -11.44503474642368 100
52.70785655893209 -6.392076026838538 100
53.77519237192107 -14.5920640717417 100
54.56675345963026 -22.84247788105151 100
60.07843202358092 -9.579432883416803 100
26.45191286633108 27.62003027619639 100
35.25007745096797 -37.9371470395708 100
42.92611322053423 -41.08348469689308 100
49.51201748210715 -35.87536992326112 100
-17.23458123468696 30.08293293407008 100
11.15429872556492 33.90444032432488 100
-37.97465412526434 23.11922051815097 100
-18.33775539548083 38.27809667698055 100
43.95587532806316 4.94529274083426 100
32.98940110246492 32.6607348872805 100
58.85796331426781 -1.394173012761345 100
48.29765638822449 -27.82216970319978 100
-12.89524031771924 51.46785499852914 100
-14.45857040233416 59.08741884976462 100
51.50401401344218 1.788704562225303 100
65.93749746883995 3.411223804149282 100
-45.57280909883572 26.26824396406171 100
-35.04870256114762 52.3762304425884 100
0.4972234879368996 60.93511126202424 100
-52.48177041192201 29.53922316694619 100
14.46382120902555 9.318949097825929 100
17.77334378133059 -15.26654193074345 100
-28.11949860329344 3.586688293270652 100
23.21580244217502 -2.01841966525868 100
-25.9131319684091 -12.80359886829563 100
22.11262828264767 6.176744080727603 100
-21.57386568743914 8.639647026070085 100
-33.56195435327719 -9.661427563963199 100
16.67016966646602 -7.071378090023718 100
11.22771528998696 -20.31949095832652 100
-31.3559381590862 -26.05123931582439 100
5.78533365601302 -33.56743782954784 100
-6.148357962713618 -51.78227532506839 100
0.3520463806925839 -46.80046087522773 100
16.74527992468266 -61.07987106187653 100
55.78195658562783 -30.84862536441558 100
58.48097830398044 -39.21930028542911 100
61.73740282148854 -18.66575994099872 100
-4.014379518619835 -67.54055635756514 100
21.6077834781552 60.35301511961471 100
-63.75322478392947 2.961763969402511 100
-61.08434969803905 -21.70875356514507 100
-59.554499496741 25.50165703769168 100
-7.602151288062885 64.94195317375858 100
-17.54979132035331 67.54902060353058 100
24.43191165866917 -63.176513570462 100
43.68399355892937 -48.99850102841005 100
71.34212352092744 -10.65184994375202 100
11.44102465763394 71.24027142385015 100
18.90409296670465 69.07509311449138 100
-55.89342792913599 44.96612295872283 100
-64.44085697101085 32.48966624422526 100
-33.00393897552843 64.96905339866312 100
56.14686871664991 45.56529162462373 100
-68.9206388538594 -18.98775156964001 100
-70.19964438230589 18.24816955278217 100
-45.12268344804736 55.84251155365814 100
33.22482121561347 65.09343731835251 100
67.20049591958072 -25.34453222243861 100
64.6203364848234 32.92570599391078 100
44.96151010124281 56.13760592346331 100
-33.13780380811838 -63.56146945636196 100
69.58834821363165 18.1467054760567 100
-71.18293021233607 -2.886509480449881 100
-3.896736033950341 72.33783384733988 100
45.25640711093471 -56.27165941070695 100
50.73324166147526 -43.53744649390687 100
37.23803949848566 53.09236490764324 100
62.31591077568684 20.26523177500742 100
-34.32395805281115 -55.49831763137189 100
53.21276209918224 38.91486745528781 100
63.5644008923185 11.75668437135981 100
38.38010632365329 -60.93186522878553 100
-53.2518484638553 37.65990765993628 100
73.34687849139338 3.854438698815981 100
6.176761741826896 65.6545502088439 100
-11.36812150512603 -64.33198965797254 100
-72.63772247623598 11.85897831279027 100
60.59543435142447 -26.00695486283857 100
-56.86689815050067 -46.02255716629733 100
56.98462887424165 -46.3445104062275 100
43.59379772010102 49.82641698813627 100
-21.78592982452674 61.20277836526135 100
-65.50238584127001 -33.36953226831631 100
65.32987842989306 -5.246109295053145 100
30.79169566157494 -58.3357006493927 100
11.53418341390612 -72.82396800009188 100
61.01454980233424 27.05731255004216 100
-63.80742684496608 19.9642574130768 100
-46.52296102286358 -57.39340921029184 100
65.56197514140123 -13.13215655824017 100
-58.10457691299259 32.88274016297859 100
26.50612989574778 -69.26370025695641 100
-3.851649366021342 -74.09564200644448 100
-0.3462877199256973 67.38576241525769 100
-40.08780043460932 54.10666017886454 100
-70.38951541088112 -35.86524947942409 97.99762510800478
-78.89173324561135 -4.134540543192535 97.99762510800478
-66.2549748676885 -43.02648376618713 98.00237489199526
-4.134540543192852 -78.89173324561132 97.99762510800478
-78.02737890701587 -12.35832273817826 98.00237489199526
-49.71631089293728 -61.39453095510061 97.99762510800477
-61.39453095510076 -49.71631089293708 97.99762510800477
-35.86524947942437 -70.38951541088097 97.99762510800481
66.2549748676884 -43.02648376618729 97.99762510800478
-76.3081402768364 -20.44670456309914 97.99762510800478
-73.737360917172 -28.35139511506823 98
73.75285369327892 -28.31106801407876 97.99762510800477
49.71631089293692 -61.3945309551009 97.99762510800477
70.40911759663726 -35.82675200549033 98
-20.44670456309951 -76.3081402768363 97.99762510800483
12.35832273817777 -78.02737890701596 97.99762510800478
28.31106801407836 -73.75285369327908 97.99762510800475
35.86524947942389 -70.38951541088122 97.99762510800478
43.02648376618684 -66.25497486768869 97.99762510800475
-43.02648376618717 -66.25497486768849 98.00237489199526
61.39453095510056 -49.71631089293733 97.99762510800475
78.89398240005401 -4.091398423518033 98
78.02737890701587 -12.3583227381783 97.99762510800483
4.13454054319225 -78.89173324561135 97.99762510800481
-55.89197487392051 -55.83087984881698 98
55.89197487392033 -55.83087984881716 98
76.31931003290516 -20.40497282775207 98
20.44670456309879 -76.30814027683648 97.99762510800481
-12.35832273817864 -78.02737890701582 98.00237489199525
-28.31106801407899 -73.75285369327884 98.00237489199509
-64.12412309612407 10.56226233093054 97
63.64525135779917 -11.22237500835203 97
14.73911010397092 62.82382009630917 97
-14.49083559484955 -63.12994843929244 97
-35.82675597737492 54.75683223515908 97
35.80881323162922 -53.28269862442231 97
56.21928027565454 31.43475570161604 97
-56.02655089201505 -32.25830212043974 97
-55.96869474017728 32.31354097443317 97
55.77477974316194 -32.09956823812588 97
-64.74879099407761 -11.06092701181831 97
-35.51316175741973 -53.99513925546309 97
35.84940145272514 55.05618175638225 97
-16.27793426068119 63.61198402420325 97
63.95712874171797 10.20609931914839 97
7.274004817292189 -63.96167243680836 97
-47.13898937188547 44.62617360221844 97
-47.00803594138682 -44.34979456726716 97
22.10376383087146 -60.729592010276 97
46.57321652757825 -45.44714572065519 97
-0.2823088424755007 64.88076251142462 97
47.26315888796061 44.88476878629573 97
62.3667059349204 -19.44714650457924 97
56.06105842781348 -14.40712799152718 97
57.17384842221981 -6.049364918590701 97
49.44484987876871 -9.042554805957217 97
50.66995933382763 -0.7385679418783204 97
42.88555929086031 -3.787754063191584 97
41.65281070031374 -12.06543319699632 97
35.09439632186739 -6.840485487102858 97
36.33302790937154 1.437668273561227 97
28.54220706384645 -1.628189876940939 97
27.30393568311138 -9.908614259734192 97
20.75166477411924 -4.695889515052249 97
21.9898986424399 3.584898011652471 97
14.1993910195345 0.5169327835047863 97
12.96115992736061 -7.763871484670962 97
6.408900006502312 -2.551122638097129 97
7.647133476483075 5.729669386766053 97
-0.1433579842841786 2.661616268852933 97
-1.381591835515031 -5.619173792302547 97
-7.93384954732939 -0.4064363225778145 97
-6.695615679026937 7.874353650836762 97
-9.172083385413774 -8.687226451435226 97
-15.72434101836285 -3.474489387965424 97
-16.96257487129269 -11.75527944037751 97
-10.4103172509922 -16.96801643868547 97
-23.51483249401848 -6.542542429559161 97
-18.20080872661293 -20.03606948047283 97
-11.64855110671505 -25.24880647672769 97
-22.27659864063079 1.738247620496937 97
-30.06709011471303 -1.329805429201119 97
-28.82885626127565 6.950984620595312 97
-31.30532396798828 -9.610595479830977 97
-19.43904258068895 -28.31685952698069 97
-12.88678496058372 -33.5295965243043 97
-5.096293487024822 -30.46154347191712 97
-6.334527340516992 -38.74233352143015 97
1.455964133085135 -35.67428046926535 97
-36.61934773492479 3.882931568670515 97
-35.38111388156896 12.16372161888596 97
-27.59062240798938 15.23177467116781 97
-34.14288002822623 20.44451166916892 97
-26.35238855465007 23.51256472146734 97
-14.12501881406947 -41.81038657385029 97
-41.93337150180741 17.37645861689456 97
2.694197986451436 -27.39349041905461 97
9.246455606652818 -32.60622741690518 97
8.008221753291849 -40.88701746710908 97
15.79871322686932 -37.81896441481629 97
17.03694708022432 -29.53817436458773 97
23.58920470044679 -34.75091136252534 97
-32.90464617487695 28.72530171941756 97
-25.11415470129932 31.79335477170824 97
-18.56189708107326 26.58061777376238 97
-17.32366322772023 34.86140782399158 97
-10.77140560749532 29.64867082604967 97
-9.533171754141385 37.92946087627585 97
-2.980914133916515 32.71672387833409 97
-1.742680280562437 40.99751392855977 97
4.809577339663157 35.78477693061619 97
3.571343486342244 27.50398688038327 97
11.36183495990502 30.57203993266974 97
12.600068813245 38.85282998289917 97
19.15232643347107 33.6400929849554 97
17.91409258012846 25.35930293472641 97
25.70458405369639 28.42735598701179 97
-16.0854293743669 43.14219787421931 97
-7.572761193865859 -47.02312357168027 97
20.39056028682233 41.9208830351831 97
22.35097084709297 -43.03170141275174 97
24.82743867104095 -26.4701212108127 97
31.37969619356511 -31.68285829332513 97
24.46635168468115 20.14656523321078 97
32.25684280092565 23.21461806882827 97
33.49507571510745 31.49540888592248 97
40.0473333666384 26.28267186241667 97
38.80910171696883 18.00187890341739 97
46.59685021770301 21.0664891544394 97
-25.99130020098048 -23.10412252869868 97
-27.22953405446518 -31.38491257824974 97
-33.7817916747479 -26.17217558001286 97
-31.66641232152467 37.00609176965069 97
13.86883652244251 47.05608755908831 97
-35.00005748127831 -34.42786638060419 97
-28.46443990007892 -39.66151941987371 97
21.44644888952344 50.12632700739162 97
-41.36345484449309 -28.97773757505492 97
-40.29924457768472 -20.91569007244274 97
45.36135691437035 12.7891449931813 97
32.61797849405533 -23.40204263308378 97
39.17022574348346 -28.61477500283034 97
18.27518114213207 -21.2573841975051 97
16.67586017267452 17.07851258506184 97
-12.00963946082994 21.3678807758236 97
-39.35374004043994 33.67608224614719 97
-15.98117562003839 -50.14611492398825 97
27.91664537472028 44.80576549054678 97
-47.56488518450375 -23.6277843917541 97
-46.78723019832644 -15.6727922920019 97
-54.692241645884 -19.05582328490572 97
37.75725043211307 -36.45196216398487 97
52.72058385789539 15.91746967167379 97
-52.86084762391093 -10.53300746299098 97
-45.5352741237983 -7.453433797926246 97
-52.0048187476652 -2.14984231888609 97
41.16306062215121 34.17653664716954 97
-37.2133388092752 -43.99101866098556 97
45.94140193908139 -33.54688200833624 97
47.49895367415684 -25.90965787288847 97
58.77052308739498 3.233672271065566 97
-8.977349927689168 -55.87967081085212 97
-1.092753692798427 -52.21876266097306 97
-0.9105890932425309 -60.12372268971939 97
-38.54764965318523 42.27176307035073 97
-30.36789779138955 45.09987024383051 97
55.21568121995674 -22.60010290263072 97
-29.70600176125386 -47.94649267828176 97
-27.37892465088964 -55.99264396198564 97
51.48814206569418 7.786766869507291 97
48.38032591517131 -17.3931226818038 97
44.05148647800298 4.534722910479255 97
29.78045726759201 6.65250910922456 97
33.8572326499942 -15.1232942584838 97
23.22813428987235 11.86567198228482 97
19.51342299202564 -12.97662290411062 97
5.170666245426554 -10.83191316150491 97
15.43762487358562 8.797722833585409 97
1.094875809844622 10.94240662441181 97
-5.457381833066158 16.15514373915178 97
-2.619825670082197 -13.89996393892902 97
3.932431950470504 -19.11270093693987 97
2.333109639293309 19.22319679775092 97
-14.48610716455546 4.806300659949508 97
11.72292528623691 -16.04465500856138 97
-44.35845406309813 0.8341801752434509 97
-50.71963074596449 6.017951449167257 97
-59.12205279064417 2.963040908758802 97
-21.03836478718016 10.0190376702239 97
-43.12263015045903 9.097274832248491 97
-49.47397285800493 14.27695955349222 97
-48.22715498009389 22.33189450834383 97
-55.20983345097927 19.82349402240912 97
-32.53775703514793 -17.88409411167829 97
-24.75209954934012 -14.82211724510291 97
-39.05373524853964 -12.65574403922753 97
48.01087816225424 29.00867875158988 97
-3.858059596315388 -22.18075361370896 97
0.2056885931883531 -43.95222086796252 97
6.711414959912411 -49.05142548385422 97
6.052900168991584 44.05264490183679 97
-0.4611192765534227 49.16828639043255 97
7.558002411191059 51.79854512594694 97
-40.63486466568796 25.57070573750937 97
-47.98015554143652 30.98321472367582 97
-37.82320420884369 -4.38874450037865 97
14.55071721684429 -46.08035745946149 97
13.16079875129278 -55.95041611800521 97
30.11234509690548 -39.88970950028153 97
37.8266159543837 -44.72130893834916 97
-23.86587406848219 40.04297622592719 97
21.52241444891154 -51.65308833372509 97
28.90322846731801 -48.24443841069299 97
-20.67672176626019 -36.59695237487609 97
-8.287716709012027 46.19191466177742 97
-6.885724945547276 54.11758891975599 97
26.89875020740725 36.67761757885714 97
34.4098832455938 39.19742609889732 97
-22.20402821556993 -44.41403419839452 97
-22.51032989328903 48.02494550203713 97
-14.62964915341702 50.87960484452316 97
-20.97518433535413 56.13596480364156 97
-19.80013093432091 18.29982772300691 97
-13.24787330982993 13.08709070316541 97
-4.219147984945398 24.43593381624888 97
10.48468984202801 -24.32543872392564 97
8.88536751308018 14.01045968500186 97
10.12360139190396 22.29124980259901 97
26.06586493872659 -18.1896799106217 97
37.5590072307611 9.724958051806261 97
31.01664916513351 14.93436689146201 97
40.52958786286247 -20.41805427434775 97
54.21290428728253 23.77726799830163 97
60.97596679416598 18.34709009950819 97
-43.05030921472682 -36.88262839028293 97
64.78923845386232 -3.072474012241404 97
15.00486973254904 54.80783739672226 97
22.65171050716347 59.43428133923077 97
49.66510819216439 36.97430311537767 97
1.595212529902432 57.44684599483232 97
5.178590331788332 -56.58473796726963 97
-58.89796640415263 -6.44654109231462 97
28.59666444353208 -56.72524585306748 97
-51.60746658350961 -38.37418491421084 97
-8.361198962564981 64.72995396464043 97
51.17261227705868 -39.39758566643781 97
-62.65096612568735 -18.62202900041315 97
-59.88051711960716 -25.54632301560737 97
7.063351051351265 64.43148338371371 97
42.08385740400191 49.6823251008648 97
15.13821378933495 -64.10461673373671 97
-52.33640393826489 38.91621009403296 97
-42.42787060744618 -50.49194491106775 97
-28.78610399932619 59.01392715280088 97
-41.77861383562662 50.01459379253329 97
-60.04570706748787 25.72235774730442 97
-21.40967754117533 -61.16427263757151 97
42.52269244854821 -50.71498507100979 97
66.20601040807902 3.745197478997827 97
-56.80291290771095 11.80424031684461 97
-6.844645181558914 -64.77697933162391 97
28.39371941360881 53.24942309366968 97
-66.61633643124337 3.60423127476419 97
35.20711328338838 47.09635620808267 97
-62.614541437477 18.41269799168239 97
-20.46983565293874 -54.87690485900081 97
-45.39017888734703 37.57903688799433 97
60.68151403139482 26.09962101866149 97
-48.92109866223898 -31.08723829762444 97
-66.32234451202874 -3.862836682884951 97
-28.90628675589306 51.81709957730058 97
9.192109165792941 58.26170639950487 97
3.29661823465542e-13 -66.74418843746918 97
41.31224833173405 41.39389580722266 97
61.28885238301719 -26.40451875041514 97
30.105047220468 59.55909581522147 97
-23.00120294795863 62.81251473431628 97
-53.67169282329034 26.27534052151788 97
57.28161127747863 11.01099811789853 97
-53.55902057323143 -26.34015084261993 97
-12.10720036382032 57.92965336408467 97
-35.95582604098496 47.89789854047433 97
-4.308613341611475 59.9373744528456 97
-15.81935259460658 -56.97307223753118 97
43.43595312623241 -39.44656371298105 97
-58.48973778069752 -13.71059803286735 97
-23.97853262820444 -50.41449757664852 97
55.7437300854027 -32.0932430439153 96
-56.14618937113055 32.31205767705875 96
36.91051553821273 54.49567444119154 96
-29.00458139739919 -57.75286987836324 96
-62.27862981040681 -18.96381350677661 96
-14.34302203403328 62.305552366423 96
21.16668261571302 -60.33691363541966 96
64.10295016348667 10.47755161275529 96
0.2558703596981957 -64.91759579930584 96
-41.54148752692827 49.50721700192391 96
-47.00803594138682 -44.34979456726715 96
63.64525135779917 -11.22237500835202 96
-64.12412309612183 10.56226233093132 96
43.00311127999068 -49.51119122703975 96
7.214803018278914 64.54145190585379 96
50.49924703090387 38.80520997258693 96
-64.58136614949068 -2.898858973692823 96
-56.02655089201446 -32.25830212043968 96
60.84098696395615 26.51109598826143 96
-14.87337917481878 -63.06368054306093 96
-29.04023258849152 58.51367723519815 96
22.10376383087087 60.72959201027614 96
62.36670593492146 -19.44714650457975 96
56.06105842781433 -14.4071279915276 96
57.17384842221995 -6.049364918590772 96
49.44484987876891 -9.042554805957289 96
50.66995933382772 -0.7385679418783525 96
42.88555929086036 -3.787754063191606 96
41.65281070031365 -12.0654331969959 96
35.09439632186744 -6.840485487102859 96
36.3330279093712 1.437668273560706 96
28.54220706384645 -1.62818987694103 96
27.30393568311132 -9.908614259733923 96
20.75166477411928 -4.695889515052215 96
21.98989864672145 3.584898010564868 96
14.19939101953457 0.5169327835047961 96
12.96115992743653 -7.763871485115251 96
6.408900006790703 -2.551122638184563 96
7.64713348078444 5.729669385679619 96
-0.1433579835358898 2.661616268661537 96
-1.381591835070602 -5.619173792361876 96
-7.933849547329309 -0.4064363225777965 96
-6.695615678933516 7.874353650808215 96
-9.172083385344385 -8.687226451442912 96
-14.48610716504455 4.806300662564362 96
-13.24787331126644 13.08709071065617 96
-21.03836478777168 10.01903767332025 96
-19.80013093392383 18.29982772105634 96
-12.00963946026097 21.36788077291829 96
-2.619825762253488 -13.89996346249166 96
-10.41031724844493 -16.96801645142829 96
-3.858059629813083 -22.18075344098622 96
-11.64855110578873 -25.24880648132769 96
-18.20080872641576 -20.03606948139383 96
-5.096293486227355 -30.46154347588184 96
2.69419798727839 -27.39349042302153 96
-27.59062240791154 15.23177467085451 96
-28.82885626133977 6.950984620974041 96
-18.56189708087456 26.58061777287356 96
-10.77140560734479 29.64867082541569 96
-19.43904258049871 -28.31685952790249 96
-25.99130020104987 -23.10412252832004 96
1.455964133067381 -35.67428046914403 96
9.246455606797948 -32.60622741754412 96
-35.3811138815586 12.16372161891186 96
-36.61934773492914 3.88293156873119 96
-34.14288002819765 20.44451166913621 96
-4.219147987132351 24.4359338275106 96
-2.980914133876806 32.71672387827365 96
3.571343486354865 27.50398688027029 96
4.809577339694471 35.78477693060374 96
11.36183495991907 30.57203993263659 96
-6.334527340355618 -38.74233352220946 96
-17.32366322763993 34.86140782374351 96
-1.742680280524891 40.99751392854418 96
8.0082217533195 -40.88701746720047 96
15.79871322690207 -37.81896441493407 96
12.60006881327672 38.85282998287776 96
19.15232643349792 33.64009298492796 96
-27.22953405444162 -31.38491257834295 96
-33.78179167476956 -26.17217557988833 96
-41.93337150179548 17.37645861694187 96
17.03694708026335 -29.53817436471097 96
23.58920470046228 -34.75091136256053 96
17.91409258013736 25.35930293470159 96
25.70458405371857 28.42735598698097 96
-32.54355782139451 -17.89138552978019 96
-40.33404929499239 -20.95943858196603 96
20.39056028685782 41.92088303515774 96
-40.6951376484322 25.65724866715436 96
22.35097084710605 -43.0317014127727 96
13.83830266663681 47.13362003310654 96
24.82743867105158 -26.47012121083506 96
31.37969619357257 -31.68285829332866 96
24.46635168469475 20.14656523318727 96
32.25684280094264 23.21461806879907 96
33.49507571513391 31.49540888588665 96
40.04733314752112 26.28267204130986 96
38.80910168045665 18.00187893321165 96
-39.09581544163906 -12.67864853174036 96
-31.30532396806074 -9.610595479450085 96
-32.9046461748501 28.72530171942903 96
-20.67727643422156 -36.59764957625103 96
-28.4677679078618 -39.66570262822329 96
-21.86261777880237 -44.81195529277878 96
-41.36678285229974 -28.98192078329311 96
-39.4450040085547 33.90782242587446 96
-31.65252923722023 36.97083942956709 96
-46.78546873290701 -15.76178000651584 96
-45.63126669815009 -7.468424604197229 96
32.61797849405875 -23.40204263308575 96
39.17022574348742 -28.61477500282543 96
18.27518114194798 -21.25738419796035 96
2.333109633005189 19.22319683001158 96
16.67586017694169 17.07851258397418 96
46.53433691874933 21.1433645021861 96
45.35227225152202 12.80067708662474 96
37.85116188406123 -36.69042491320643 96
-48.26880333297574 22.3371355102287 96
-49.48640877440128 14.23629250268784 96
-53.00134177934754 -10.03684282314303 96
-51.81128121453695 -2.123820867279981 96
-55.21884749585554 19.81758968092808 96
41.28556700088168 34.56346209153616 96
34.70321509709574 39.57487523880279 96
42.13891287610366 42.64700625630439 96
52.76007342711272 15.8979448811887 96
21.52209526905081 50.3829690547958 96
45.97175563166673 -33.96105478824968 96
46.96067912118573 -25.54675220565906 96
58.79135471907806 3.27245117014651 96
-30.11520950393499 -49.31097529769867 96
-37.78230851257577 -43.69731247879008 96
47.96853354333047 29.60364125148928 96
55.12079385150239 -22.53856442572437 96
15.07653651999729 55.41441008333335 96
7.44336730868293 51.94687966807897 96
-37.77774279702473 -51.27781480374232 96
51.49668148870497 7.791897903173798 96
48.24453597797506 -17.2869696715731 96
44.0513956046963 4.537500098330309 96
29.78045726830606 6.652509109040307 96
33.85723264999449 -15.12329425848331 96
23.22813429569897 11.86567198080235 96
19.51342299180769 -12.97662290469112 96
5.170666248413712 -10.83191317731612 96
15.43762489926914 8.797722827073866 96
3.932431936218252 -19.11270086459641 96
-30.0670901147064 -1.329805429212178 96
-44.34219656996757 0.836018616146736 96
-50.64508920808707 6.01057592093525 96
-58.78315724852701 3.058372074368235 96
-15.72434101793422 -3.474489390097617 96
-16.96257487007827 -11.75527944647948 96
-23.514832493292 -6.542542433253481 96
1.094875810660128 10.94240662418304 96
8.885367517869264 14.01045968889174 96
10.12360139237124 22.29124980841432 96
14.56047937352463 -46.09975446504524 96
6.769987899947388 -49.16780751733567 96
13.8561637575384 -54.51043682381445 96
5.507870309956163 -57.646296147991 96
-1.147894150634266 -51.95544411027177 96
21.11273699374761 -51.31249146297056 96
29.21838859177745 -48.62865628388779 96
30.11539799191283 -39.82812048874888 96
-5.457381832321325 16.15514373601464 96
-22.27659864056202 1.738247620179808 96
-37.85758158828664 -4.397858481482728 96
-48.19993508658032 31.20849087704574 96
-45.44480281788044 38.3117921272243 96
-43.09754530037067 9.087571833865741 96
6.074031570099998 43.99898742033174 96
26.93780222445724 36.67459203653181 96
-26.35238855450487 23.51256472084528 96
-25.11184085383345 31.78747938140113 96
-23.87555066282262 40.06436233389275 96
-16.3260407901794 43.52316316571083 96
-30.14096659786599 44.7761350498665 96
-9.573273656718921 37.99295509136502 96
-0.473855987280399 49.20062782486524 96
1.625095037732035 58.13617636386478 96
-7.110597614911573 54.72593971716519 96
-5.862223110699848 63.07952175214261 96
-16.2772583799772 53.73612935932861 96
-35.21981562044439 -34.5454078722243 96
-14.11620339590345 -41.79930585172103 96
-15.41056149212799 -49.71053615173725 96
-12.88531572383257 -33.52774973921559 96
0.1964985169136417 -43.90833444296974 96
-8.583951118265396 46.69605484782984 96
-47.45359609265368 -23.65336450430782 96
27.84463894965057 45.1006270656376 96
-7.603947151553632 -46.90331128346563 96
-9.557854360561439 -55.98629684451328 96
-24.75306634671519 -14.82333248311285 96
10.4846895110231 -24.32543743082621 96
11.72292529280788 -16.04465501008424 96
26.06586493866197 -18.18967991079825 96
37.55747796876883 9.727342936956884 96
31.01639428314465 14.93476437699959 96
40.41724378116918 -20.33987782810376 96
-22.98944862582314 48.06983495269048 96
13.99534161570685 -62.69705629457408 96
-43.14460157785105 -36.86215440429183 96
-38.51407817358471 42.2905485419743 96
43.96071080229656 -41.57545485670526 96
64.7927103924762 -3.066010862394589 96
-22.8363890879546 -52.76032367625501 96
51.65120470294372 -39.9382359814181 96
29.21578038971472 55.16196006933535 96
-54.97096355558779 -18.79424550050879 96
-62.07360688630466 -11.52807251198375 96
-51.62318197736212 -38.37077258321275 96
36.15367997725041 -53.49588368102164 96
28.69487188888474 -57.03988897185977 96
14.502636231624 63.13285666774608 96
60.77306960320529 18.45685797788255 96
56.08570101254419 31.81145947334655 96
-7.310609466933817 -64.23139534711351 96
-22.25268963620284 -61.06873180471774 96
-60.15512242173138 -25.94838691711491 96
-22.40677705203524 61.56211399321975 96
-35.56776931302548 54.69141846376267 96
-60.07679184679103 25.72112647416149 96
42.45951079124242 50.07793634776517 96
36.59875812977178 -44.73473107747368 96
66.24003540649215 3.808536347504759 96
-56.75624777452522 11.80916701269425 96
7.28963575178705 -65.60905877085622 96
-66.20036165031188 3.81609304972466 96
35.79097734479819 46.84904618898832 96
-62.61375973402032 18.41243502516075 96
-52.65995290856658 38.8430080195854 96
0.5983126924766538 65.77112024115306 96
-48.92143977439444 -31.08821779825821 96
-48.33348594998709 45.60029215588955 96
53.44942123285293 23.9856418479494 96
-16.98617475033313 -56.51791380405685 96
-2.999197152348311 -58.63645328339065 96
48.36074916812588 45.83801252667938 96
-23.80759600383965 54.64853075480709 96
61.24905178435229 -26.37319897239378 96
-58.11055447013275 -5.039714269292673 96
-29.50853781938443 51.55993596955636 96
-53.73693200799553 26.2895719848795 96
57.28161127749119 11.01099811785832 96
-43.50004026431431 -49.76180282207103 96
9.468212473380003 58.230282903419 96
-53.50553454727635 -26.34850336812588 96
48.6359249232693 -45.93529843117062 96
-35.50521378726079 48.66001936101328 96
-34.88035773922978 -56.4376741973556 96
14.06972953406231 9.649800005430674 33.88999698076636
-24.62145784370424 -17.4247602752237 20.94815380195895
-28.06629172880356 17.91940025288098 49.93341141496822
7.341438390121406 -32.63449376953159 49.83739189874295
-13.40157979157176 34.58124933823415 14.01901469766913
27.58420416769889 -24.74413884467227 13.84793413289546
3.817121142069669 39.68132880229458 56.96850060954578
38.59565363087988 -10.21014189306196 57.03041241686241
-35.48952627778971 -19.96632929386308 57.7306550636283
23.24496429530319 35.26858319101053 8.872021587525474
-41.11517639916405 12.09864005926458 8.114654295615573
-2.895017091949652 -42.9756504920035 7.786740846297732
35.98607424258182 25.04078795925946 59.02637422457761
43.25407571145488 6.8015262945108 14.36806883707196
-2.504301649639343 -1.87635513663331 61.7870402376814
-3.234634388756096 3.56698900235876 5.418494686539901
-21.29846941892162 -42.3210238388051 40.29437308719488
-47.82244713719894 -1.658263011821925 35.47270265945259
-46.88973808836361 -16.19053633649499 1.431958729879316
-20.44395650653051 45.07045104570745 40.8258832337619
25.90886285074982 42.43046133932893 37.39418380863905
35.39129169105054 -34.62791669446747 40.6247948430427
-49.09234709563734 4.951873743860407 66.38145695866606
-30.66708384500973 -40.01559061653141 0.6156585006921738
3.458386613330854 -16.04374279739555 26.73810076434067
-7.083757990202912 -50.24094807679344 67.14685182806659
-28.42923353158804 40.18986787042319 67.80728659324052
28.81327671471871 -34.25351792882696 68.03957084258684
14.92721601145106 -49.10920516983393 28.36608781333145
-41.10300401277581 30.68803192907433 28.87371972949649
2.916649777478226 51.39206330763014 -0.6313291509980337
-13.10957933945903 5.304659521851825 30.84681029751877
22.62220981395166 -2.36635399565689 -0.9484090585480001
2.356822368025263 51.91060308730673 27.75873325103255
49.13648535204917 -15.54063557242615 -0.7250374753816651
45.89364366886861 24.8226074278913 34.08271178274486
-34.44428657987942 39.75262247708276 -1.495165258474927
49.52247702415347 -16.18885385117724 26.96016930685776
-44.48611704937414 -28.58442524453602 34.39231584752673
26.08698662658787 -45.8425510447844 -1.984957071264066
12.73504482708993 18.27510369043582 69.81279278165893
-11.76017654939765 -20.19334957550379 -1.761012645984664
-12.65804707356666 -24.72572381414958 69.77563757018623
48.75566753376266 23.65031421885052 -3.308543788994097
-12.82614115906812 19.9225956151991 70.43211975257341
-13.55589205505054 -18.77260626038527 45.22827297504529
3.046056600083968 26.34178850131542 -3.055188829648255
-31.75600220730959 -43.26832755788032 67.77077597257696
-3.137816686374943 27.71675076515152 35.78200828088224
-25.53537460729929 -1.61888578420144 71.44200755314989
54.18725858877438 3.477070304917118 71.08190378904196
-20.45399800084564 18.80668298005384 -3.609487276236006
26.46273994724677 -11.90660979967118 35.3441392749447
18.20595493177308 -11.9693047694121 71.17629540235089
26.63054731987533 47.62234484160901 61.38453695116525
54.07593943368888 2.808245861793181 42.45245129704912
11.90211795507462 -23.62389433373173 -4.350899856491232
-51.73292519923743 19.01123563355186 46.81010439587622
15.76145471080416 -52.81499055673844 59.94740449005789
-1.761495799810421 -55.28506061108787 44.10134549003794
-28.05628241046442 -3.451813109009713 -4.685079111196898
-21.61185850738906 -51.38048653937307 18.82963692957585
8.51399413453704 55.069824797169 73.30774670275224
-11.97388481119321 55.18085816564942 62.6608490803917
-49.54339594996772 -27.10310369317709 73.83187036053978
20.60384427155532 3.367731645098777 54.66282287846904
-29.85469621299887 48.31573294678146 20.70314113151038
49.96596437043592 -26.8769177052155 66.83981857322595
15.27911820149923 14.48615374172075 11.97754773304563
-48.43583885267178 28.20813249899942 67.98566501455275
35.40026553327785 -44.57701493335675 20.59911980177636
-56.91069234182978 -1.869049097957783 15.17854958017027
-41.15829014254055 39.40026707382798 49.45453227348118
-54.97494195935834 2.800477014235109 -6.26117582128423
-55.692386471956 -11.85898501429887 53.51817125034785
25.93083632778249 19.79489437962019 -6.481710871204594
-3.313346941078282 -36.84807843326166 28.89627239409401
7.17463868907077 -34.30688973082503 73.77511893362556
44.5676795942822 35.65221063177382 14.81815051822408
-18.54504411915654 54.20801994604223 2.866601196509734
7.287101762927344 -56.54416788775611 -6.318594161226198
30.39553390046032 6.015071689649358 74.09643415627869
-28.73917755954292 -3.30987790670239 45.61563962247135
-46.76090618701335 -33.97048733637305 13.63489411848171
-15.5979097780256 -54.89592213010121 -5.91219099086498
17.47938225851671 25.62904591931369 47.96758497249532
38.421253596168 42.73961856396772 -4.815015422306693
12.19749506548479 56.32922161418928 46.31811561753435
21.77962398754089 53.80095750999814 19.24784631871906
44.71368576197921 -36.27674018453402 3.045494885054153
57.93722232937665 3.824817078484325 -3.132568787219972
-50.85340146635048 25.79980550460859 -6.127747506329085
-33.09175486530767 11.21971534190788 27.59979109373028
-55.78331644416388 15.84693169036643 26.4307121940751
8.372910301256711 -11.83583115791322 46.76829309401405
-2.317751519413914 -58.59275957246571 21.66041530810284
26.48235164830713 24.67070751412323 26.51542164888496
-0.7444429362646094 17.24100770089114 53.65091385489835
34.77055802181516 7.188052433566602 34.28748063521007
41.98624199026811 39.26856649598019 74.44350532268575
-6.452454084120073 39.33279396024243 75.27944174845305
55.5619371613588 -17.67000458493661 47.06401346676303
-13.40169747327958 37.56492996872577 -7.950116070622727
-45.85859495951133 -36.94990029446895 53.00487585352017
54.83327187985453 20.87971994120207 52.1084193077541
-32.64336108455955 17.31505330752967 75.63859526028239
32.05007868242788 -24.3387201208532 -7.653953344400744
43.35806526518616 39.89978160873126 47.38412456347234
17.89709633914076 -4.442798837730882 18.60917967094724
5.940870710846506 31.14477862153252 18.19725668498925
17.19448155228578 -29.55455031601686 32.55913519787069
-21.7857301850654 3.740143295648361 12.89341767184491
27.27470024630725 -52.60636663292675 43.64865842921151
-14.41351539588227 31.77181910960763 54.44181958086955
-48.37021001768915 -34.39290020225449 -6.01862254820279
17.41486800349428 37.02476282592346 76.0523682400263
-31.08323111760145 -22.53915706418427 -8.438555811999947
18.40783299293152 42.44049590146965 -8.784215132118213
-37.27765306870224 -46.21470914397558 29.52456499619166
27.35201437025168 -52.48869120821106 76.36404945178853
-7.025836756748799 59.19179437885338 43.41473496097652
39.07471462316072 5.277192987262586 -8.632238462149171
-21.42654679257465 -55.7823329818924 54.7484373033213
-21.86794590789253 27.10298365956229 30.03745731162641
24.27375458198928 -22.69039754300924 51.71593069735605
16.75763545723027 -57.42467915371992 10.76471654817052
37.23315231405424 -12.39772915808786 76.67152799126033
-30.82164536948623 -21.76557363125618 76.7731901247875
8.859758632490582 8.780506823706196 -8.775211434831855
59.42120359384233 0.4968389369554629 23.65297804192114
-43.8338856428735 -15.10543411748945 20.51515712255753
-49.71024143289223 33.48578886112151 11.68055642989799
40.5039935188611 -44.36366633671825 56.48363976424871
8.905525110944513 -29.09711112172442 13.78496827732387
-8.725499744549829 -37.3764592792393 -9.509613171298486
1.301381555667213 -8.657032057320139 -9.367361718208526
-57.36186888100268 -9.384705578666235 76.89472010909203
-14.17027759131731 58.89926415498253 21.67794779364963
-30.83447193703849 27.15379130891514 13.32977206529537
-18.31097254830766 -33.57165371788196 13.39709385470318
0.154906576811519 -12.74846993783015 77.19461431591056
-6.849109564770154 17.32419453800859 17.76569088455922
56.10242230952829 20.61406412719795 18.29235834274353
-10.6396269638497 -36.24388389928241 54.80094954644129
44.33649239711032 19.78384086445124 76.06914183646066
-36.66914271460942 12.3080701992637 -9.916828122984263
-0.5916954303653443 7.791443959563729 77.66078091364545
49.37373358976209 -34.82175639414083 28.24308278467217
-58.31346413237649 -16.50912862963327 31.97122333733989
38.52550616414726 7.82044969602148 52.48760860998163
8.548848764804003 -52.74524298772375 77.34147433431161
-8.811716261990389 -11.52452737981807 14.01730804176273
-59.24389440314714 14.43767748139954 7.203702771870601
19.98213895300317 57.40785125609623 1.481475451685951
-12.39685192401766 3.924637155206625 -10.30058893380689
-28.62540413107773 53.42908665429725 55.03027133536526
-21.17896108161006 -56.61277594052283 77.73179166415311
-33.27538923106975 51.69917026123221 79.38986058979107
43.80558230137428 -41.67043982656939 77.01723577032701
-16.77978226444145 -58.9460913737526 34.59873281221708
-61.34253976969683 3.741046080077161 46.15039678604717
35.73910940353181 -9.057328289711617 9.685572618991301
-13.05857407585296 4.970025043438849 48.87267560545502
37.68195158615552 48.36292126469971 25.32711719912842
34.98363305663293 21.72264684452055 8.868187900732536
-29.73645103354261 -19.28587533437931 37.87499033441039
-58.37606741807556 16.2719094623555 78.0887298652367
55.41202584544945 -25.60148706254852 12.80478710869161
6.852118061625449 61.2812645996655 13.47093662767984
2.151774894811457 2.764592673062683 22.25607991500602
8.516068576392586 40.40307539957881 39.64722695239444
10.26304281547891 -39.83698479520189 -11.03566364955567
2.109965006922326 -20.05188547081822 61.16693031979339
-35.95976215637926 -50.0411793036468 46.65199506866467
7.033146903864045 -11.24013189463979 6.849626127424747
-59.12997612298677 -18.94599285951714 13.36582744397672
-17.46073656676242 -39.27919944640634 78.7441023934492
58.78405442880734 -13.79622782614764 77.28627153196129
-36.48944059328029 50.02872272760715 36.60585948695
-8.637449213407372 60.81662730762169 -10.38709306118891
51.292139266387 -34.40725282398479 47.37596669217005
27.20075962583289 22.66860086869964 78.80664513120981
-33.24723637006494 -24.99988504584675 8.314377476784204
-59.87489182998632 -14.609827703939 -10.71590851216161
53.94792121769063 -29.55119288441542 -10.63406608458527
-42.91983356004531 4.858330632046863 50.46777726534455
-4.411853577267133 -62.01592119541139 4.97777839605745
-16.81050394653219 -11.14817161350582 60.20832155237184
-37.39498772780414 -49.56789106371896 12.90376315099776
-40.68644390412109 -9.450512122596054 70.17654964987283
61.44475779625533 -8.114108805322626 8.830374499769128
-36.50718270514749 -4.082025149912468 9.966234820632486
-27.26436208583046 -32.69864500245614 27.72420004273476
61.38813800414265 -4.217488459506787 56.91090554917682
1.728842736438857 -62.41344989390883 59.15700726173976
-37.16356154272835 -49.82820845996232 -11.529314828927
0.6300431476101416 1.368664713853464 39.75097581507546
35.05824054909185 51.82106255994495 9.012942414233214
2.836695744062316 62.5446550709292 58.99676457900247
0.5346607089120439 24.51234092684827 79.66853464102512
-27.4717966504016 -34.41865229001368 53.96185429009033
20.16072986873593 -41.45979133098808 14.43638431408358
-56.71512104453927 -26.57621874838767 45.62997969525816
13.35174739072554 -61.06307914823655 39.93300190895226
-32.8397985789938 -5.406766642285017 29.12466460886029
41.17214554591229 -46.34948472651769 -10.78246329462365
-12.244679669807 -11.349683989584 30.34374298589481
-42.69613389230134 -7.024071239857314 -11.88282182435058
51.58049067798788 34.746893840279 61.25259947822649
22.44597311754342 -39.31510574723207 52.6249495085352
29.65868054114246 55.6709047449118 46.597655361017
42.31624355022965 -9.195912772344315 40.56597791216115
60.46436816146143 16.11381237323659 34.06798837319184
-61.26318022086105 13.79339967737654 59.36130714267635
20.35759376472873 -26.06065541815789 79.90117712167593
-20.58178369689695 31.47884539842535 79.8313399509077
31.46822742917134 20.82870828770153 43.2894223429719
-9.945035115037955 40.99757854214907 28.79707165172355
15.03890272609038 2.200039336979572 79.41345041359391
-27.42781778246291 51.68059012524631 -11.49004593814844
51.42447187252523 36.80364329515245 -12.08944670924685
-46.70577570827421 41.07840351426265 79.1479889053217
30.79841656610502 52.96968484006241 78.13392882387132
-4.731823675996456 48.40302239506804 13.47773030000206
-31.32021491020417 27.66217320657091 -12.14301050854458
-52.97687074438917 33.68586108394938 39.70729193358791
-62.7957926766298 1.583509671136617 29.96133567692861
-16.02001745816053 -12.1102135140653 79.65724353689006
2.120110266766377 39.83972140448913 -11.94295474887379
35.14240293710615 -23.85628557785644 28.32266304799543
-40.27009986345297 3.553868176429539 80.07064988735632
28.02212754864762 8.12072773369664 19.62529300366186
22.39270320500259 -57.89667822425364 -12.35028942857278
38.29400464487944 -10.2984287031768 -12.62574393423382
10.78918826125937 44.94478068923014 11.71472735666865
21.29222644213688 -13.45863590668006 -12.4511567224114
59.69081829830444 -9.921364967045795 -12.11817706237775
14.69115852514955 61.37218934029309 31.38070431795838
-5.333004705463303 -62.03676280714982 79.42710847456884
29.84550734059334 55.1916636857806 -11.70405351268104
-44.78847609729065 -42.81478578095027 79.00241150413748
-45.19487618876195 44.7926818138639 22.82722019841843
58.69488299693965 21.54718304779094 68.13530313882541
-16.35265731705329 7.927780592112738 80.41793473166403
-44.23492114405995 -15.20723527039471 43.00030535923574
40.14610137385495 -48.76807045552603 35.16771534091473
-7.266612536152961 18.75581738098323 -12.36323125964341
18.84060826683208 38.49866343209568 23.75695945517405
50.00487307272677 39.59262433883023 30.06371962795225
-21.29321178971676 60.01107149048482 35.74250582310953
37.39232437566289 -5.833555631232175 25.30558028346955
-63.18893750467801 -1.550831174742528 63.00279454953135
-42.05072287793221 47.5490563160083 63.33056980269856
28.67856399096631 -56.81586369725269 27.92805807895676
38.59798108523168 -28.68310861774509 54.98246522612669
-39.84775975968946 16.7725328390655 60.74351903207587
-14.82551635259277 18.74842687004234 41.40811015483048
-16.26734804810779 52.76987215428938 78.98079162709379
-34.01361663685289 53.55069532234983 6.318357985411057
-26.37601015184658 -57.94304653922484 5.252504892386209
12.19749097356005 25.27324772557924 33.13013867483428
-21.09010814860273 9.838231214615762 61.54907424272739
-1.293787117099765 -23.98504560923119 -12.77454054956444
-23.92208472819544 -35.73344705988757 -12.83213100294725
39.01326173803732 -50.48156267254538 6.514161838632501
-0.7441873803330612 -25.03888979552722 38.81798438077459
-28.82633616315388 32.0410394418106 43.18193276721209
21.32219369673242 29.47209664677849 62.77148723348614
12.23996202132982 56.66726811601144 -12.41619240470973
-17.01285763542884 -10.69206843030334 -12.88656183488717
-58.52999560655369 -25.47088826642072 61.1299017201606
-5.5859532447358 43.80934940922657 45.27658091760009
36.09385990343985 -27.72230193228514 80.49257104062147
37.16551476352887 29.05027957596604 -12.51982630407331
11.94576440859395 -45.95427652562006 43.28811348356317
18.33743535192733 61.02194719551122 61.39124294836124
-26.04354906621703 25.18893461132648 63.73168628019128
-22.29094331168116 -12.44445875059021 6.495534005831294
-5.628886937149849 -26.0883128370765 18.05937740733784
-5.962627345394782 63.22552771158598 4.79115040218794
14.70174567816176 28.0962558637038 -12.95048326744344
42.40288417173068 47.44681754506375 61.08357600792701
-56.42033392175733 -29.96502830397492 24.8562758936428
30.99819009438001 -55.61233098810235 61.54866760349432
28.88539133920272 36.23534433731588 51.18035720133861
16.09944762793265 -25.75158547584705 64.48301576325622
-43.86543874954585 45.87181536711818 -12.66446478582556
63.01763065574975 8.721121015877337 10.83493178359792
12.63587574324951 -5.608540612493682 33.2330749932471
2.71435435553186 -46.09566856626068 55.52360325006872
-38.61749693287399 19.62009091729779 39.06033206468906
-61.30289015553151 15.84148563063614 -12.75560848413812
62.58104727158617 -10.84557658665402 34.44451914121574
-63.46851102456215 -8.496445624471356 2.938804565904341
24.63918191412028 6.267166826109333 -13.29902350460403
-13.99283638446067 -26.38370655191158 31.52792647340325
-56.28053301350936 30.96861334373532 25.13718284514594
-43.84372544211038 2.497316014814928 21.46461984202813
-55.35976443115814 31.64572840767629 54.72908737178889
-0.9155652252168913 27.55148648313155 64.83412121981776
-4.849608765920055 -63.73709849130073 -12.69213633893326
54.9451193559224 31.64526079174646 80.00943156542803
11.87862496374626 -63.14170244053746 23.81836026326257
-0.4463887203983772 -29.31804504303313 2.031696387343451
60.80297143101887 17.11286793192573 -12.00283138088041
11.18702730909079 -45.33294840188624 2.965851825260994
18.50549825248841 -41.12295662530798 81.36438883234881
-48.05986653906714 -42.33036123053161 39.18746237289763
29.96981250120021 -19.43379777529774 65.32724490869907
-45.21109212194396 -21.71089393041333 -13.31742804591155
-3.372134435533702 -26.77001226022279 81.48059369389804
40.74082981814667 -31.22345055961824 16.61334004276068
55.36962798637008 32.42659392517786 42.70731690806791
32.2026485905707 7.761451984751601 4.38221374682184
25.64297606010774 14.86291853977019 62.92181992465405
-7.256867831483987 17.59707458306405 2.975523908933528
24.58491986193492 -36.06184699713233 -13.21970096126553
-59.08665732919435 -25.4611736035115 -0.2514128719065014
23.52901406551146 -16.88933261694381 1.935246598457857
-2.873871506047463 -43.26769247566841 81.03082457016149
48.31578793570041 9.494749031539236 28.24153797480655
-3.232624627528079 38.39275432901884 2.725486157366254
-21.57649754125357 17.16494280178622 19.09086815018255
-35.62505068607268 31.0158596365693 81.30204272998344
-2.240830521647119 63.48652011041332 80.8370007128492
-0.9622340215409153 13.67435475528442 31.72503526644423
22.47704450352973 -31.9580406116541 1.570857223720383
17.39450346402852 -18.64274122353242 22.61700184877211
59.17158939379381 -25.47290972891354 34.74497797446347
-22.19208650664786 32.07902990339711 2.492053514430943
10.4773193620892 4.280820055695312 65.45751922753463
-16.29830035320483 -42.44750911984851 1.938693848931325
-3.76532316122977 64.93527362859479 30.36496009176662
-2.9475983185537 -40.67005773367254 43.08423767366483
28.91581958749375 57.93037189228176 32.13727978055211
-12.34439202193519 -63.81290088346483 62.96814724313262
60.89000152742012 13.27258954351362 81.07800923943721
-37.84633935370766 24.38901141776338 0.6622072632224318
50.88548117675428 39.71783085211591 2.249991824718915
-33.78121646003698 -2.385954734930066 59.34788015139044
42.98156574672948 1.022314240735746 81.17134245753419
6.027688442792996 -42.24237244079153 19.1989623870452
-34.5811935990671 -36.5342437668863 41.46143924159627
36.08534857557346 34.84706410251137 30.35963006432946
-45.11200723687545 21.49444841866802 18.4059897170197
30.32996983008902 -1.670432169616397 45.00984314486148
-25.26067395626431 58.89750751459212 68.61724574054786
26.32047537606027 -40.66586779147747 31.13620683615562
-44.49848854889748 -46.70980952808763 0.5870073134368143
45.2400794839011 -23.98173728297578 38.87788218828821
11.60079123579465 12.41710877663241 47.8674604927989
48.7424195078485 -6.655715073919549 15.90994646638193
39.28232617941573 19.23411056182916 22.47228089453644
64.1761215954208 9.615755467655815 50.68816561291681
-63.24206434981871 15.9296907616464 38.73814646268686
-46.17363811839463 45.73788483781993 4.683623715891517
-42.2118785647794 -49.27864377021601 59.71576377598295
-14.32488765744706 -63.24207143229564 15.29767284929948
16.45882310386612 43.4953167673679 51.24384379437555
-64.71262651224325 2.326380815940024 81.5599523593697
45.60510775917138 -1.222094818494612 2.542247168256919
48.6188106802947 -43.17581091088615 15.06511706338937
0.9628722548744739 -65.02903773618132 33.9989067499339
-24.56412359192269 8.575028422707351 38.79931932085625
-2.637495778232083 -49.58793271057502 -14.07154606003066
-18.00890696436009 62.51776861591497 51.96125812377961
-58.31786543453241 -28.31604387092795 -14.1579137966427
-5.17107278419628 -7.827385148244327 49.0515086765491
-54.53232666620203 29.46452631729249 82.07245357643012
18.46311767227923 -10.64030678543833 56.89491827701849
10.97167979291638 2.415793502905502 5.73288344584643
47.1509100476637 14.06434610833114 62.73584898275784
-31.75965728913482 -36.00797744474762 80.65935742791959
-12.57315571446747 -63.99821753259429 47.2211064599291
-30.8403067796283 -57.31001151636963 35.59227168420373
40.73969104408121 51.06022490653905 38.95765475517148
-64.66643980134384 -9.655696339973566 42.6996394075443
16.0787133694528 24.89325892108763 2.365713017386986
6.949436330798347 64.98564442700295 -0.7997144146971196
-26.37358717659702 -58.68000445457165 -14.44818019924159
61.86362323512537 -18.31242711570883 62.68166399740067
-11.70010312620591 -6.131238970960279 -0.4016889535378181
38.62403374958645 -23.31254165785835 4.949324993328228
58.4016486281247 28.18034285186548 6.310681257377503
62.60322279000673 -16.01662074658453 20.85569807062177
-32.48693457540057 -8.520955049241334 81.81980549179882
-35.18553668455733 -53.76723970133437 81.47245827102341
-28.87385591704665 8.962405894562512 1.906378769093613
-15.18691682715036 -24.88344566848181 -14.53550347492616
-10.63828478928871 -48.71350932329334 27.18636283055395
5.810781088683319 43.56876610468952 81.58394197881316
-49.78565517808066 -42.32348808963874 24.49577453813321
-39.58032086920824 -31.72629978557306 64.71318497549015
40.71498936246053 1.441014628508531 65.18759248668111
-29.75030232564003 38.66241690472002 30.86371882377162
-23.62477114336757 10.95675810144694 -14.71472981140835
-29.98539698845049 -57.55602172059774 66.2845626859793
25.42295631247021 -6.979228204308939 82.28160244430384
-31.71029609165568 -37.0317640034603 15.22209556440463
3.908844881909856 29.08801777237431 47.80755476224033
-22.43649051024591 -28.81504177985146 0.4534860620429502
-44.21606740063636 -16.66132363099769 81.98379339575456
48.43829780543903 -10.57053599213993 67.66269578997255
30.26971427718384 -58.22787973848797 14.14064528595662
17.77726579697535 -62.17258449643978 71.01336143285231
-41.11368328275508 2.138907399419475 -1.565744856669699
-37.43405834611765 -33.13568476282109 -14.8121689600064
64.47070341562271 -0.9455647530018773 81.48976565450884
-25.21887834378947 -30.74841036088326 67.41773176155202
-17.30948304198464 45.37303598202477 54.37092929888284
30.32727390885518 36.21376814120153 82.12378950106896
-65.02164672948004 9.159788184159204 18.60703594364197
56.61490631735995 -28.81924195708282 80.79400403528737
-18.61472641649893 -25.54314449310959 82.35821176027446
-18.10852700258727 -24.60597642191158 56.99207117863712
-37.10849546591351 39.45088269634743 12.98989467438307
50.76558560811578 0.545754289453753 -14.70078417428507
-5.241341969517626 -36.39312853449526 67.69648945564285
-24.99562064998905 60.99131967924095 13.50587432044936
16.48263244287894 -39.95793142753255 65.15269855821593
-15.05143341012811 32.45119397739878 40.68066391100252
47.26740235931195 14.85878605338757 -14.67366126059515
46.451418090966 14.37002882377356 43.18055637285432
-65.40216588622665 -2.178771398996064 -14.27587098594925
1.922795430363616 -48.92749208794091 32.57456796582731
12.68555621169261 -3.054821104276321 -14.36764972745538
-45.08125634502308 18.89682355761943 82.25906814331067
28.35896470886437 -4.921023917876317 64.81017798961653
-18.8952488896178 -44.45368386276758 62.4905024986896
-54.08753883680595 36.57714702840084 -14.31229359316809
-17.99208733946462 26.79055741520742 -14.96439704317056
27.27489952648454 33.18037467287176 -4.027568048394626
14.00218363796684 23.86758843808637 82.80527475020207
58.73766898466868 28.90122099596135 29.06049620878059
-22.95421572548122 43.445878127958 9.992696950722959
60.79765188932385 -23.38179098947883 -0.003607259811696961
-11.84799274664969 -1.706257500256901 71.79416646828651
20.90626700458196 -61.96605831955783 51.24738677757837
-38.52946582897683 -27.4752572747708 22.24959311461383
32.24218456142206 -38.79421634672354 8.621329131067347
26.30864439312643 -59.42793156691933 0.8848133798966629
7.441162432442274 0.383679638265368 52.74076798995838
52.77423417965986 -39.30857090477376 60.15875865143894
40.87830528518312 -32.83579761273558 -14.42326938269599
10.39530874546162 37.06776571692219 0.7124302403504927
24.15862243773299 10.31182007658643 43.02172608243824
-51.13222391110456 -40.01838135713717 65.90438344580829
-59.60500354912742 27.76364587282346 4.185916279644626
7.626599961943612 18.40751900288869 22.41421810078291
51.26487436907036 12.84561394682392 4.89803016950243
-65.11805725519375 -9.515759647838813 22.66308038739945
30.09965082717843 40.25046369751999 -15.18618000834731
-38.82330344823158 26.121693880836 50.96595560935079
-21.92750804977378 -29.09053154499247 42.87299134940272
13.59214493036324 44.93107204320638 65.30554352126154
3.989055597453797 21.25262324643503 9.332606967578913
-4.197014984747614 11.06315943042866 65.10641469214663
4.366522401288191 65.74596447759353 40.94964403725386
-8.235290767838579 48.03917745244544 -14.71304296751211
8.537784366887788 -65.39383556697624 3.721382618068957
-60.77058019948942 -22.32041366092607 82.11842901655805
12.16758103970436 -11.87817581779897 83.20720141495843
24.28392273151023 0.1156925990982582 29.75041158020063
-0.9837520324107878 48.13766043970716 66.47552186540472
-25.22571404807386 -15.17660312859389 50.64647613350839
-16.2198568001643 -5.907223283175198 41.84486883686832
32.06297841045576 38.60337354485322 18.25250804836968
-12.473527440803 -48.48303748995183 48.1297550951486
-20.72959523941396 -3.245495895967172 24.13306299214038
65.75912766439302 2.395422950736246 -14.38238683653417
-32.7948907866672 -57.38295484956974 22.52004146097087
-47.75097711892751 -17.73519600255419 62.47610647630451
48.4288266362847 -1.326386632828536 54.08454023216115
4.017251882551495 -53.7965359664414 11.05710182662458
45.67600148726127 48.328021449867 83.3132783038147
-29.98820238952845 -11.24207951001602 -15.14086149326434
-13.89208676001685 18.53646042991703 54.62031079437669
-62.47883828924208 22.45933341833554 17.17457048133219
26.16449308443796 45.74107594056807 1.378761530719443
43.55042060574186 26.67667819912738 48.26668533094966
-16.26121650459835 34.49736855891782 67.47010642371784
-15.78463092324742 7.642376835148181 1.85565332485414
-48.59650033981477 11.43167944017185 36.52575519823538
7.525263241742984 -65.32980845190288 82.40229932151493
-64.38810115121808 -14.54939998416789 66.55258392186158
-34.03028569706309 -13.73871176199654 0.8148143078411576
-65.70453945494783 4.466361900747806 1.335275499644513
-28.05391543222674 -13.69057971704277 66.67932326309499
11.21338349137852 64.4456616860969 82.83275892568322
-49.01137409093766 11.11409997568133 -14.80131590752343
15.54890986371049 48.28482825570941 31.85874834903428
-28.9052245232063 38.87353741715476 54.5864002188286
19.91788378955398 10.39536057932772 0.4115813964643511
65.85538194713641 2.287246831192249 35.69086866376691
-10.02838550353136 0.9124070155521871 17.871440720614
-48.57925886954565 45.22129514287917 35.43689100068761
-40.97082788060665 52.45080381932884 50.71927398260658
-24.73932224164276 39.00631528872795 -14.98090894018391
-37.23470778682667 5.318904993358748 38.69389197831007
14.00507572770983 -23.23552774284796 43.58977417852643
-0.5081499255674502 2.701828039802622 -15.48018360033739
32.53312828437892 -21.81622930307093 41.51227323077318
17.97504610502987 26.31798089256937 16.7642646560279
-9.99996836220984 27.91154964393159 24.69537468056719
5.35565456467326 19.40083359207375 -15.40024073743734
40.08708254197876 32.27456652800515 2.943619512475243
9.690106605136846 23.6200398524372 58.27520435817429
49.09581042001678 -3.400283635642477 30.86045459762946
-5.758476514123875 -2.813691306413761 83.32322377266229
32.5409793231893 36.29772292937938 65.41989726281128
-33.47891147727688 1.20315208643165 -15.7420763673966
41.65547648357035 -50.98806922546807 67.87621588181776
2.841575244763505 38.95471802818097 28.07601285373186
-4.374500088613342 66.22927508619294 17.52366576385258
-48.80625151922279 -44.32585109066648 -14.85074793459661
66.68466312191369 1.820247325547458 67.28571428571426
49.18867461731987 -17.77418929940675 -14.95187514088108
9.201746895509869 -16.9265705814086 -15.3526847129043
2.914905472671951 66.04068895488399 -14.86869303184882
-40.17871550819942 -26.60975205938961 47.63823227720167
-12.19159478175264 -51.65969769840009 10.00200432625409
40.42623918202381 -18.19997947855076 17.77955619006148
-19.66777996476536 49.45763558241543 28.52003795374643
-12.96620373200184 64.24553423678748 72.64176196374235
33.92916706064295 14.9921665158701 -15.41966870432036
-4.276050634449453 -25.50585837914077 51.28636397815158
-51.00618868484364 -4.170644352677707 3.89461642001804
41.66629042783558 51.56195452236562 -15.43470582997341
-29.57580122235682 60.0668799842765 25.91013147730045
31.7887965869072 -40.19769884983318 82.72531077215771
-35.70848311260412 6.942262191084107 68.29921155805263
-10.81185809060939 19.32034921951153 83.23966427092172
39.62176506059025 -53.25200374703483 47.21900869460536
-16.45134771660554 -46.00357641477379 -15.25987820863422
-49.66226345371619 13.69045018022199 -1.550665938804512
-55.02268023270467 -37.86842368373355 4.497991834263678
35.24657737019812 13.53646669278353 83.672771623169
18.02325224817957 49.55201655914925 81.31667737829052
-61.01412544608993 25.68203875685839 65.01808912743152
14.24212585117449 -28.67753662952562 -15.87243745282417
9.348991552700163 -21.55733597307334 74.73159582736622
1.879173094115532 51.54957482883384 52.36150349788105
24.77611595053628 29.67152009909772 38.21260707937698
6.089106191557294 -28.56542226731226 26.26387541540231
-54.50976559865669 38.12677226340575 -1.528354057876617
46.77764207060196 -19.76266580600596 82.79025022213622
28.65229964851815 -13.2747346453409 19.53622168803876
7.057361055279956 -36.36464116305174 36.37263995535596
45.6612483120682 48.39729814846723 15.31656252580026
7.941206224942919 -8.986281746788135 64.06421308075782
-37.60547816325875 32.73314014150836 62.19554202243485
-27.92608821172443 3.361072246938491 83.68143316708647
-46.25773906390495 -5.385503993520243 59.32702816065554
4.18296738603037 -66.13444545833401 47.20634660046236
51.19093130039481 -42.97200884134307 37.9045565756021
37.90541227693058 16.73431933230697 -2.877988727672124
19.16507245667385 64.04602907936268 12.2520572814095
63.57862078738429 17.34284944666014 0.8805498052295774
-1.562460295496834 -10.91327642971299 37.24528986706148
-42.55462487503733 22.35430341943498 -15.25682967190038
-31.02580620882204 58.93180460245912 43.8349808707473
-15.70045932978493 -37.25677164559314 25.24077880091952
-27.30184835243344 61.33141060117097 -2.983199002717503
-55.32435671444931 -35.30601887003332 82.86511555341778
56.96087036311246 34.12145201654793 17.53251507334544
-5.952836985219127 30.87151426214877 -15.62092948637964
59.59497402510944 -29.12708064051505 55.85485470378049
21.45054252497761 61.93374190267594 74.45759908234501
-14.8983056509663 -21.87608259886552 10.29594932138789
17.48779646333952 16.23330357527543 -15.95725216677494
-16.43675212270432 23.29462563757341 9.396793846814329
17.86986105905903 -3.776664523957354 44.59580276702523
-65.97816520325316 8.771090895962184 70.36335370908637
-24.46274879181495 35.79873709764832 19.83898054397732
-52.74889187416798 40.06080620094328 64.42974195266507
39.24585091146946 -53.0269898783897 82.82156274268337
-3.179513958285293 -51.35403782884362 -1.612881969605631
-52.5054512464259 -7.53019281321586 25.44771522071489
-63.5896560433553 21.66515841935619 49.87333011873989
57.25270684505192 -34.83267482051294 4.082845296450986
20.50637417150431 12.93167340771082 83.59143661384707
34.79667705087223 -56.52650138715368 -15.23951486925304
-23.44616056243511 19.85495534231012 83.96953218460828
5.746281769390007 36.57699327526237 70.91196430883352
-28.07017246353934 40.96746888125389 83.96668817842807
-10.44453338958754 -66.41636344984904 26.91948557731089
-16.31349468425379 -64.72267815263055 1.915646984211258
-51.17836548724735 10.91284234546911 15.98695854127319
12.51027142679382 -10.27626810374866 -4.25983233937893
-27.11626961203705 61.47204624198019 84.05286939120393
34.25411769866955 -36.35691527478317 -4.168148273514951
13.87653217752316 6.909076778412842 21.75110096196261
41.70126712520032 30.04964405159475 83.64115788003465
-33.42340823022089 6.563052234690002 16.11200721108587
47.359165785009 -19.52275987583768 56.7031493042205
-25.00668245286096 -44.82073348864197 28.75706156032685
-8.976401293209118 48.19755591573576 -2.307952178815554
22.37741178538595 -62.39897467899064 83.1966223082474
23.60228290044002 -31.53000067415591 43.01521459069728
34.5626287539333 56.91173447515022 58.17123070283206
47.17699120189828 24.26164746177144 10.28256523668528
-57.18848980320512 -34.57778058245665 36.26320401990367
-8.673162659375246 52.42632224717209 33.24126808207505
-22.34891083993279 -63.5470284114933 24.6297194909769
-6.275488075075778 -12.6814313299513 66.5826131546434
59.65596227491737 29.29648156000719 -6.185442499050835
59.98743417307123 -30.32403524334483 23.34102575928599
11.89911591084567 -65.16097359345591 -15.00200776239503
-39.9512901372019 54.46272704092073 17.35814700461912
34.6978455766669 -5.010085483480998 -1.995257027664847
21.27800326813901 63.23415400644299 41.63705110594648
-22.69573861777697 43.7470297825497 -2.446394811459259
-52.49852434893674 6.042859996212002 83.25505517384023
2.816462223691161 51.33007056921683 40.06780869199295
19.11926171415196 -30.76873744094727 20.45726494209379
-21.70622868229341 -0.8703939910373442 55.45391846480568
-49.61010142773226 23.39213985839325 33.90721050304465
54.92634720267122 -38.05135156547094 72.46014473583146
-24.52446052532184 -62.37294464956732 44.84435046931498
4.069373745788464 -66.72650069921643 15.06589948594797
-32.27600442996399 23.1594151356995 24.85120961257511
41.2011560865041 -35.99679068958479 65.98298054029559
-8.849875380334787 66.66690890969241 59.20764815643734
-2.828982152277549 9.636263937385042 -5.213669326022877
-14.46932823989007 17.36662722874726 29.08537232409309
4.495021906137271 -45.23667401815473 68.01159917221804
-4.731233048675722 12.03435798463133 43.2833612743353
0.1325143765382624 -17.51135092124823 -1.037442448136093
6.572716178893421 67.01006832835145 24.23482015277494
-38.87867516996531 54.6478542448067 -5.201574607977492
-41.68800057053982 -28.86317824261037 83.45690775158521
33.23538070438202 58.06156287789391 19.36348980265637
4.750123490325297 -32.08100704436798 61.88586964213865
12.79040752107135 -50.93826167553026 -15.87581043519657
22.40686037593537 3.019293222583318 10.03117797277059
-25.70718185727774 -47.99367489340491 -7.365588734803691
-40.47683558743339 -26.20115272209269 -1.492879448749679
-48.95076384167609 -45.83184184981408 11.89692206827601
-10.60740341089198 29.00157837631739 0.2653905237598644
63.98624196445506 12.0714503454392 22.80830876294429
52.39580546424827 -41.12198827747138 -5.760758692628396
-60.05569373128426 -31.09322161067318 13.28345238372209
-36.70550197953163 -55.99440124586172 -0.9853646823749351
15.35792936181804 -19.270625393237 10.63469420243806
66.54233098642675 -5.443811738764929 -2.452452891048559
-3.671520248457268 51.21604859788225 78.38804323311662
-40.11821055551867 -17.54861277879237 31.8167477826794
65.63411869081533 -10.128351273434 46.63761290892343
48.50103268228942 -46.79336663503665 26.62377735110662
-20.96103784252261 62.68193437720089 -14.33790374811768
-7.907563746523674 40.29631642258268 60.22729485378035
8.66591449328449 -55.29341603809427 50.30662673609023
-42.06078008209824 33.75416513646012 -10.12370469839338
25.06455762321549 13.2138327518063 30.22430072151268
37.30078071968003 -35.77585569936991 28.71168556204515
13.44860722339342 -65.93840916194173 60.15704643379866
-29.05083871898466 -46.34202769765711 56.00083114026277
2.27129749276309 -8.334247376628724 17.54118384424549
1.151656873819116 -40.05718526354972 -3.169769615625412
4.824415348001275 19.37473697377181 40.67431271628391
4.253757020623627 9.667275598455026 12.61311704507762
-48.22426618817067 22.49886193678044 6.699893652214064
28.96206897113071 -18.5127639422486 84.14548805297467
10.87656368173039 -33.31415583481957 2.696605140615456
8.25014583634854 -28.70032442932185 84.51991793156756
-52.7518162690682 42.32700726234516 48.08219026043706
6.089043646944007 -66.19258355931738 70.12390554812426
-8.566414024263848 31.25167623641909 84.13537733027287
-53.5911219181243 -3.987204761633506 -16.18163719641867
8.358917552271114 13.15865611584071 83.88812449408105
0.7105488483755167 -35.17062770224846 -16.53728161483845
21.81844951113918 63.28301279270573 -16.00030409114056
24.99252414967508 -62.72732419902036 37.66837089667393
53.06932366994192 25.48881142072325 -16.46349089580321
25.99899274937177 28.90313072131068 -16.87530814333321
-15.92107952201132 65.47558977611946 -1.826964790962307
-47.74446283387047 -22.20821923266771 11.72812505739497
-51.3591178528776 -2.86670222741137 46.86916311013993
5.142691966365589 -2.208397074916949 74.11223107114557
-51.22603306405517 20.65754721453936 58.85780450450912
44.83429758383334 50.12135117381753 2.201769726109766
-6.277466150889192 -13.9717486978513 -16.85550606481764
62.71858478517498 -21.76895167382321 -15.43406035973863
-47.75712185902176 -5.178172366575298 84.18898111724013
-53.84307613709908 5.191264098759312 55.38316658678092
-64.29033390650906 -20.04870031876005 52.17313698239106
-61.76863700453315 27.15336253192348 35.00606386159397
31.90472120944337 58.93485070138734 -0.3246822695115761
-33.13976168213324 -58.49924106857139 54.71986946208236
28.41442770668849 -4.661819291148303 -16.1689359409109
-31.18551445740797 6.558716434255599 51.87629032652261
-47.20136609758993 16.30712806168631 70.49990758001449
-10.19653548512531 -31.21301167061871 42.65238655687047
-36.83429085230436 -10.26286023897439 50.93401831913472
-67.18955280324784 -8.678998915510768 54.31639962163631
-61.56172520470982 27.36736540203662 -16.02984418201862
9.753077729512249 66.15057415643277 68.37010979474981
-26.78640706190669 20.22392132387812 38.36289753296499
39.89239456665788 -54.70723666512702 24.76814282483488
-13.07366916576004 -49.61520483131784 83.87732676562979
43.88080965283157 -25.13279776862719 -5.70236209405234
49.78253673055713 -46.01683320675085 49.28165527280646
35.55560073676143 32.78540575225653 42.01328420336831
-14.98771207177328 45.39136229328848 18.47880106662898
-21.85972888419226 -0.5577598251408402 -16.39973014517744
-33.90121285723698 -14.78597850928402 14.16922842407326
49.17170065464705 11.21292776906035 84.36892427504817
-39.32180149614383 38.23694866137129 37.81741469354522
-56.21731670229035 -34.11674147503766 54.03788544074109
-6.705355473133439 -37.80885302024537 17.65968985558451
53.93071230430561 -40.81700380257615 84.17332322206721
-25.07945311765496 -46.69714492455562 8.572243254687468
60.36369232263181 31.15466723425209 54.15915875413147
43.25108005070351 28.93545449652173 68.04595807615252
29.53504040127475 -43.82747250257302 61.03176552973308
26.91926593553779 -47.4662760730192 -16.36621922644653
12.19067132509432 66.3517195507397 52.7181755787233
-7.267826962726463 25.33219003213505 47.62056493880115
30.31018366574462 -12.85582871861705 48.96262056097356
8.667061937507004 13.32203483658841 2.049075779646072
1.30803040645949 -20.94408381608265 10.11904730266677
42.16012434118711 2.575834399533012 42.42156771491774
13.01914251927049 -17.35792506321254 33.45440840706524
34.72968890593251 46.49562620026673 52.11072316097537
62.93926291717941 23.12183686877504 43.51770210712647
12.05138992433176 -20.31472419779641 54.84044086355688
-11.69703997649321 -31.88230273528513 3.906584587330642
-18.03590749253558 46.49301286695875 68.68539586611941
-7.348748678042421 -55.27899239702332 56.40267190099193
-14.98725983773798 41.59843256682706 83.67687156424155
22.21104144639206 -51.74873231383894 19.60489963751839
-42.03319760055132 -52.04113524626747 71.56407938376168
-23.36503213031202 -10.40045660787915 33.77624609923095
-44.07037259278311 51.4289761220769 84.48856789691227
-64.66045103050521 -21.12566839112944 23.3742223852076
-47.60068463209269 -47.94090795615881 49.43065871908662
36.85363728739559 -56.3374292873366 -3.565378698249892
-64.87472670465355 19.206965899725 -2.015207401040748
17.22794597155014 -64.996400700679 -4.358130047314674
48.42492072602575 28.17311274414786 23.07012551526878
54.44240554263957 40.65526886903309 50.91110281233124
36.45664322980551 14.78333201002889 68.36047330371831
41.71178581975692 52.45339647637453 72.36015391551359
-14.63106981223977 66.0794059344323 12.0187134466273
32.49540130659631 -43.14354740493916 48.07259622210519
24.74306109639156 -23.73141485450435 -16.68943452496248
3.091929937859866 50.58654840490989 -16.64130554486404
-68.10173644524043 -3.984502599673387 12.89388638104156
-12.10201939801565 -58.40267900696838 -16.770900447704
14.73837165551556 13.11347412877626 59.10258998497839
50.70200447625069 45.2438643371479 40.16933165218649
-3.084023986245153 30.27544827409692 10.98786965800258
-36.04851122845383 57.68030044687838 63.12565909827467
-2.328981573196492 59.6894376672599 69.44960558089829
31.7758733724879 2.43564627744934 85.23233455634521
-4.71488321267215 -2.58700225916952 29.86656991563277
-22.29423142703982 -16.32672902738182 -4.345293490057316
-42.6906378133613 -52.40373713260009 37.60022944298637
25.28637966531241 17.90621337881422 51.72660697769516
23.00413359883864 -64.02083470172171 20.95325516410223
-25.92960813626313 -46.18799273899539 84.4449556870421
30.0730449307315 -34.36392198568921 19.73804756765531
-30.72196922258148 46.45730689314327 46.00755751554356
24.19559994222168 -8.400623864835001 9.757427980194302
-37.9945453033727 -6.215765853195038 39.39793165144668
56.14426177405053 6.534038373458094 59.35061239169034
50.95605017632772 44.05883222882545 68.46597744616564
-43.89522759626566 -51.83907644285705 22.05691519437583
67.60263538940862 -0.8750767432077798 15.51626178045383
-41.00929208267391 -36.29734712425594 3.964903956047543
-29.53816311646946 16.01902501524633 10.9194700880924
19.60879747488225 8.964911554576869 70.91893910339229
52.66193558767507 -5.874212104084266 84.50965829229112
-44.29510944264745 12.9891626386139 26.02878182041891
26.47319415569164 46.50090627145703 26.71095580863891
13.76909398020165 47.9459361299299 0.06498968419023932
26.86371178909174 19.08911720701591 16.51402772423669
0.06954439429456283 -68.50066260624662 -3.302730921121584
4.937327658956526 1.02786323665904 85.15797858471898
-2.56928531477042 5.928203141324286 53.39294764318601
53.25634597828946 2.491452980822086 10.41232682412317
3.845659378342289 0.3882341204091362 -2.923149189415073
-44.09066140280388 34.10854465921746 1.565729118976859
39.95093906097799 -22.2319480233275 70.85154516740376
-12.5126350373536 67.06545908847143 37.31308839798036
-67.97468996267769 5.451347002213045 55.31902356249481
-3.861788547265604 38.42877001647984 18.89202779489623
-64.96049683762716 -21.18355160546364 39.93664224097226
-22.25687476288824 13.62012112946119 72.35079661410701
17.1882479966423 65.73918234409443 -5.836636697975552
65.10407408310053 -19.10357069183684 9.921116704811816
6.777965051357372 32.59567682373844 85.07045352073902
20.77058027329918 50.26241156389128 -17.07445902161267
12.04616549228042 38.26962096723273 -17.18984823684136
-2.679778290770258 67.63912320483604 49.68925236612112
-49.383929530968 -26.18922685994041 54.35641024139164
-13.3497783829416 -18.58468424659752 21.66377611415495
10.51972395009451 52.73243921591093 19.94204500396446
35.56923906583408 -58.70214373826387 38.10469995694636
21.92163630690873 64.39411447616357 23.21982644518209
64.97270596873153 18.92055768607959 58.23951718920932
-0.3856871702221341 -26.36310826242621 70.41365106078604
44.84341161480138 50.93861462680815 49.53219985419159
38.31700302659274 -21.03771405468123 -16.69300044899522
-26.52431535974582 -6.288166815090652 14.94619870146169
-7.081087831408139 -16.61987131780657 85.10458610669701
-40.16663621436043 -21.6417873889246 70.1338603211865
-50.99514223648784 -11.15862787833967 12.7472529924805
-22.59652240594185 7.810347184460982 25.29767928720225
49.4018656844549 -46.53109999952996 4.260655007540566
40.77621748183667 35.32081779702293 57.54253991314004
-66.82461891110906 -9.291142553642683 84.74344313252502
5.283933178487684 54.68034399681479 84.92094921597545
-18.17535910142596 -2.311641437487941 84.97421322533353
7.556210489858353 -40.13348513294299 84.57939919271776
33.47935562730425 -44.00473326515922 71.76114352777705
22.54299710800599 -42.62646233021385 41.54326713129692
24.9588208101076 -49.89728985010245 8.554981105038159
-48.18212091192809 -31.64469804708585 -17.48894174718765
-11.20879747459113 -41.24658320142983 35.52841325622402
-15.99361291649046 -65.64317940902295 84.13101494661234
25.44810830495792 45.61129244332896 12.55176048620623
-63.60361519850281 23.34862129269059 85.38787039343995
34.17305234463213 40.74765226108055 7.444467302743424
12.20380665364775 52.31247380393185 56.87248592898246
-52.44514632984769 5.305413772055161 28.01496104281275
30.46685307889565 5.071971574527346 59.93949795289652
13.39928839023645 -38.18572308790323 26.55657538789659
-38.658580477445 55.36087130132053 -16.74478684159983
-54.70000929421401 40.23809284697352 19.07508093401226
-25.04606793980482 -16.42738918454523 84.84721696528406
-55.38322328889944 -15.86990825928989 42.73229628496426
17.60275927311086 -49.84665704754946 70.89157565838894
-66.84178086573411 15.3122095401205 27.72169584470497
-27.85953573598362 -61.87970102097432 85.38713251615306
-14.22029853049965 39.70733834359098 4.143721685404204
-24.95945811643927 28.24747070790307 52.99904215160865
48.95675482068213 -16.60006854083271 10.53148360923718
12.21716481748601 19.27571242342404 -6.648259660572291
67.36628951799614 -9.768198378292755 68.40171299727515
17.41274711845366 -53.17218549493665 -2.413395961790652
30.36667076327157 -2.506495201520944 17.00249275374292
-12.2792878120997 3.179589725850566 59.87131197532464
36.96166057071163 18.12169126457007 33.36170187201094
20.8508424286758 51.66123837524583 41.06500028073942
-3.18345497264131 -48.33544472380525 17.50407289015011
13.41340055141172 33.97571783578952 56.2674557042821
31.90499035218536 -60.13377878227404 51.39557223087723
-49.57863958596936 -21.616417589055 27.42101411084644
25.2806317244114 63.69661541048995 53.04074144060152
-15.96154531898187 -65.89909764595608 -9.814503492728734
-14.74744492626692 12.24043199663336 11.88516365608272
-31.48007150661676 18.09859980764891 -17.76138383777758
-9.195641130660452 52.67335104396859 52.1754900408791
-61.07800742523814 -28.55502635559887 72.17114597938992
-38.81609719687872 15.12862492154932 49.23950408771785
20.30770241722226 19.49186007495929 38.07101641077657
-7.721991355806212 -16.07109065688847 56.08061287678459
-18.81212307028268 -55.11708453886922 66.63781855288738
-6.056111515886856 -56.5092949393361 33.53438207981425
67.16731277483419 -11.65118297762939 84.97881096013319
-31.65515809974508 -42.21473414173975 -17.36180931609718
24.77977121414123 18.86756097391065 5.63639447587826
50.48975967038028 46.40833693991952 -6.600558932804623
41.24970763641486 38.77267494137099 -16.72246930548595
-57.81326265486839 1.210730773241072 72.61336912687688
26.5153217120058 43.58161044918903 72.45007777347134
40.5414560890324 -17.39775844692941 48.0327435630677
7.373026121142727 -53.34220305255096 21.54637638620225
59.28201168294544 32.88683623396314 69.50014504070118
-25.4055297962708 -22.58281712442033 -17.84059773183857
62.69176821248136 -26.23402965341195 45.41808178039586
-25.37437811217303 -63.38007932640406 -4.408111517464992
-67.48918958970151 -5.150379056561248 73.14794817713904
33.64858219548295 27.66850452281745 18.08651045746362
-68.46560325489081 6.262025223254025 38.1503161031963
-26.71448709663624 -27.3820728582146 16.81498379560455
65.33066376781068 19.75750707396951 11.79742211241657
-25.09196369026051 -51.36991360478987 45.32934772122065
37.28021927588146 -15.73650835086574 -3.024510044940363
61.47924474396258 -27.82036225915378 69.91893517723372
53.6020504756014 -8.391523762272737 40.88448560539746
63.17680893436045 24.39382767548668 84.55252123999367
-56.72951485207286 37.93776605226017 74.84582906110813
-4.775037068180519 -68.45536654389032 69.64149251589625
-21.01727406647136 -1.964750564313935 3.574469416085148
-9.418374079436006 -35.32432780393102 85.48651535090922
37.80058961019525 5.126518279129915 23.84796267629096
67.70249458288939 8.963655692339554 -5.430764089548813
29.4806856888789 23.99447141678304 67.99491302356647
24.55667779412356 -21.61268972723313 30.46258980857867
38.80454420099567 -0.6619683349480607 -17.86265973857634
-39.75757985172085 56.15053013330631 28.15801460851726
-39.83378998599851 -38.32213821259943 22.4142425577658
16.41739383360124 35.35345745735996 33.97283198720226
4.791018799944696 30.11763845656871 -17.39116537742262
-45.34555205870674 2.329365288260558 10.6304084643255
47.15188431954284 -6.623209725903228 -7.032938464879443
37.5491607599774 57.82063707493025 85.46222554915283
-39.03696088910463 -40.20393151756571 -6.529124374235875
-23.31668502958361 -64.61911562482933 61.06684355609861
1.769126136699603 18.53821818704351 70.52451460020518
-38.37052294778256 37.45669664062037 72.43245287819788
-16.97772269368811 54.81141579129201 44.30787726381453
57.59511616392298 -36.8661310861534 14.86131760560163
-34.87273718569345 11.84897527016202 84.97233703918866
34.81670879389551 -58.93643562551387 71.37493656174318
20.52626220528782 -14.42466655891753 44.23158497993089
-54.84347048935884 -8.561877411592972 65.92547733446098
-8.958337851923481 -67.59691175927485 37.62234644255047
-2.908415370724043 68.24059124708293 -4.5589786694712
48.94227704498619 -25.90438768870042 21.74674547709301
-27.24087318223544 -62.86394737853693 14.92652397848127
-66.29253734506638 -18.80526778777317 5.134922978022173
41.38463177876201 -55.1232519600865 57.78436877076458
-37.90592279308587 26.27578267979155 71.3793624775758
28.17364754160505 -31.24267508832145 57.46173585180885
29.64283253074548 62.1002294388502 9.877016118101677
-60.52473453595827 32.64996442554295 13.87324037728622
-35.75452902049591 39.61705423818568 -17.44869463894621
-4.774509924329616 -68.71545537124643 53.14455497792804
-51.56294623843935 -9.342476420786621 -5.798500126149285
58.86462543675837 -35.32590663717004 39.51707362607903
-3.899796218115272 -23.80663171768548 28.51769639992461
-2.994368394494946 -7.24835358005283 5.943998985734749
67.63837749358474 -6.92609934840962 24.86966395454229
17.26209010896402 -52.10198926551947 85.03921592715916
-18.31995052781359 51.53648151995495 -17.90413730578697
7.16451280384846 -55.85550696299118 66.25707857890094
16.85527143471007 -30.15788183636397 54.54304291885953
24.15572765467412 -64.14113434156356 61.45904001141166
54.32195592608321 41.52848681194116 85.12999498346147
48.6885476520824 9.401602963589422 -5.227638760646233
49.97691600776072 -26.63670542236491 3.313138160352405
46.93248122868599 24.91588846672751 58.53982698601431
24.7205728501457 -50.72447385797022 54.08566053403904
-57.59668251220994 -6.251128069844716 35.27698221026493
-9.059592946229969 -3.585247342156312 -17.24582668763862
0.5146297846021497 25.77155055912637 25.81840464071177
53.96111532752163 9.764015164004759 18.72554194108459
-43.42669425274709 28.97098636782468 41.60055693185588
-4.366809070591635 35.02013606750334 51.46900380531893
3.60139967836418 -58.17883191355418 -17.15646102423681
48.36886411489522 49.38074013596862 25.92597304259838
18.2802267324403 16.72036971671617 22.60461951713034
-58.42002206359258 5.864517573915601 -17.0468888896397
46.08757937822409 -32.48126712871763 83.484486394608
-29.62103420392098 -24.94560002126812 49.22846807403195
-44.0556058073298 1.979111380048825 -17.64260777960994
50.52041301401781 -38.61105124194292 -16.81650180256256
-13.34565826843566 11.68147215736156 -17.61812712608389
36.76296793438075 -13.95247585384849 32.51478113268622
-28.74722539610325 -26.92499872480132 86.15960298755249
4.873426210603722 -31.03325928659039 -7.578029558164022
-68.02573254743314 -7.359481937814119 32.76753585121952
-19.19082156161841 65.43911784041316 62.38172978291617
12.06315785665083 -40.67146881791857 55.31269547507584
-12.49076844236786 55.57456049092838 11.6171570778093
-15.24306286460662 -33.77572490810335 64.33512737031609
20.6799533562278 32.15932131255467 85.27905345611889
-7.295236097175773 28.69901886292434 73.49231144934444
12.88000233602347 33.15251350575912 10.33216543832729
4.115345123110324 -18.76420968396314 85.22218793136443
-59.1008761521457 -34.77659253507583 -5.607373064774409
18.89182410417099 26.67072045019987 73.01233601702418
-20.58267383931689 65.71609416873866 26.7714581309272
-45.44720068445184 50.56914355497588 73.48367740432343
-35.71551805309713 -19.83938938340894 -17.80685297216198
-25.56657712073097 51.08955671382724 86.36932125128116
-21.12082543388914 -18.92154158098116 73.05199870864992
-19.46616446612612 -40.78701531994834 50.7474956839887
55.86101676405267 -6.558489005536472 -0.4331305039085995
45.41638241597312 34.6149878868746 38.32943371538785
-30.83771531908035 -22.66375254430709 27.83224389835118
-48.17361890733009 -32.60499272726972 43.55017254960768
-61.4028043126731 31.36275867450313 45.8936223402739
-12.96845164202511 38.32048114535271 -18.52453772019184
-30.94248135817254 -46.23345301856203 38.07476761805565
-19.29454224427359 37.20262114793861 32.16241820651585
-39.57636906840182 30.5858748364115 18.33993421593277
14.51965462576076 54.7470497852034 10.16892424291195
-29.91776968519083 15.19216551256586 64.55385755465683
33.06685415832645 -3.376607609882328 34.79371140056669
-56.31148009523437 40.37179286006203 30.03868885388235
-49.6075323954764 -28.71457453821016 3.458020243397568
0.02645313631306401 -53.58506290912154 84.81362967081128
18.48061858070789 35.60215649506422 44.40530523581273
-22.54421325347138 -46.7102691550398 72.54473435452654
1.905141621961858 69.2471140003188 8.541515321380936
-27.59730945074591 22.94390546306139 3.089822627326899
-15.40249280652881 63.38232656051401 84.22672338836227
26.60815207552801 62.18442595874458 85.0525225021043
-6.359472899475041 -27.63997008408334 61.59296209594028
31.48987063413731 60.02700676064868 68.93246275698877
18.92331637788357 -1.532189456905158 68.69478871599974
-55.0450137627146 -18.39976892293217 70.45991902278175
39.59628347809686 -7.918237403939012 86.22655468745566
14.62025453028844 -67.12328820915876 14.40874726453293
-0.8603134696113202 -17.00928775874783 45.9111643103376
-5.867221124490555 -69.0605196114936 17.77677913917915
50.67922356436615 22.44002700675849 85.10077662755202
10.75081117197765 3.637724499245921 41.97477106900842
53.98867676628484 42.68851497443018 11.97774513768774
-2.009178320955713 14.07549825867219 86.14106003078383
-15.41446804004462 -43.43059233649817 15.74705972686064
-53.01577127581347 20.77743256748056 -17.78081412476624
-61.06088695581636 30.90491108457691 -5.941204503246484
-3.369381487849305 38.24170153871868 36.58407659173569
-55.50388288526262 39.926927921437 85.5128230742903
45.01096097399634 -45.13585486577981 86.51697900964292
-4.064280474684598 56.15513265974995 20.57291862496896
-53.38837996625413 -43.59704822388856 -4.262868177269086
18.51126590330426 -52.1193879459755 37.81100672252287
-22.0119889723132 5.014756786272184 -6.194904880615338
68.80837071775694 3.185418268299784 3.610919406585204
-13.6753368439922 8.361501825710773 69.01560949965636
-14.70073479266448 -34.85510388305657 -17.75384871392063
-38.1814425107441 -6.253577229989753 20.11260119772654
-20.69768261238561 37.41567919014342 48.0996293308005
60.09140953006514 33.52623585272653 -17.48318919986047
-37.21985087321602 -39.97463746644275 58.42472170509021
-67.02927794088443 12.64765940580403 85.3483095257392
7.898480697588468 -57.50229879022482 31.71349480728606
-32.41816856606616 28.03379766155958 34.15784851436964
17.57933276790586 -39.58690756450416 -3.310415869235459
-68.4576135880589 -10.04243693860398 -6.350813071654073
-53.2800043598712 6.085029262272924 4.791493919310753
-14.98836415884836 -66.64290440057775 73.24268664119623
-48.92806843789569 -12.31551440889836 34.07277080256855
41.86672570746023 -42.43359357947897 43.37296584176719
-16.34819385178746 53.8904025945775 -7.627135336218833
26.81513421500126 -31.5173371688723 86.37865434306445
44.15055297516224 -52.66341072641373 15.39892887669065
28.94609237564276 -30.7260929575093 33.30223705296689
44.40844129099828 8.488406695084945 73.0065164517644
-49.19845546181412 49.02897215918647 14.14106840770992
2.440057647146496 -11.27135499166062 55.41529394360371
-30.58538917728432 -46.20673345526075 20.05375857587053
-6.12142368550024 8.93072927304304 23.96235476971891
30.02652939334333 -14.8102841837488 -18.265307581485
7.991687152808479 -19.59981676413545 18.02897710090934
-55.48468200116044 -41.78990345876659 46.49752801320033
-49.32703904871578 48.58941433524854 55.80738356643758
20.86425641284169 -27.72229697014176 -7.839761216697505
-21.38334008698565 -0.1642887361277374 34.07666742611364
-10.62899350738286 66.73059020467204 -18.68340844056865
12.65601554221798 67.8407332911743 -18.34787914541488
17.1769811453756 -66.65980164056673 32.04652310190504
-48.68070925060384 -13.03175089991504 -17.98780882146062
-36.46194232716211 -58.37461277682365 -17.84249612099573
-47.9189168278066 -2.545992053660808 73.86333751055676
-18.70431292501257 27.16729992463612 19.04032158395615
20.26458913799077 52.94501666211725 68.43156080987789
-67.71200765396506 7.458987679890082 -9.200271211444596
9.344812492581884 5.766223707334596 -18.69267323458985
-63.65783782682553 -27.64758473909161 31.92328214731312
12.48014135723214 -48.45856329641533 13.90968201518303
-67.51954050698822 12.32101314987166 47.51348450040531
-10.66858909974789 25.38949945677828 61.80482366584793
-28.29713518203888 30.67654186525741 72.55723960801521
-50.91159146924478 -24.03081855502838 85.88864612646813
19.76775794512485 -34.33374122905792 73.42087039241298
20.16651185347479 -9.742399762218149 27.30801003553832
-57.51489709445914 -38.64209848931158 -15.13463269663917
50.86525287584411 46.10259202837057 -17.8936509150802
-27.89484771230921 63.78006129429011 54.85632931909795
68.11074143019263 0.4841000734783698 46.20774032754316
-1.724381625672736 12.52243872639264 -18.46978481300973
35.18409424689892 29.68538639501757 75.1051117852019
4.560378693630824 10.44542557589654 59.49880176247606
40.77876243360583 13.32517424159813 6.580209103641052
38.44555682287312 18.20252616704158 51.55260269267984
48.97514301263997 -30.0082872967828 56.74828420200843
1.784162920619397 -69.51332473355347 24.73825450250781
-4.349133893969451 42.89336674370864 85.29808881972814
45.42248107441733 -34.32835106864035 37.92778221379801
-68.7478109575259 10.70486146817971 9.04742744601808
30.13113649482856 10.34124359492663 -5.471150169584932
22.0545302189962 52.2576491815058 53.07652073777118
17.58493793683939 -41.99712538342273 -18.06872571300512
65.76299895505875 -18.97914327898369 52.70553448482362
-55.99822021565492 -39.96733375480547 16.61240766101511
-36.65518779347003 -34.66462697366819 31.52612725620641
52.40680185999032 19.18643592708426 28.03967618949396
53.24570469760811 -10.8103400184799 54.89929100564618
6.752903200442453 2.728610972466128 31.52274194865114
-52.2985756374752 8.73800032027162 45.79546640040488
20.52983797307191 -66.42247455196443 5.912672504146386
35.02536258685039 43.09407966715339 42.19328301885836
9.096543075513267 46.90155294725817 -9.087590177295757
-19.48375505748864 -19.45068520277932 36.82275139531775
33.38306285954691 -39.30904397112566 -18.02979143058441
63.83665301706642 -23.23755516421278 86.20112774633431
-31.40432527954363 -32.63098881554961 -6.499873186379686
-35.02514893740637 -60.05225776099191 44.56084394596821
3.927013099326643 52.26133292613164 9.544795995158278
-57.97975789223303 7.244157537647154 37.0781370951218
-36.36684856278943 16.09290877413009 18.60434963756664
8.871977086919504 -0.7588633563089893 15.29836565792494
-16.66830727584081 -5.140254239155878 12.31445455152783
-35.45550986642811 -59.22009963648954 9.918422284883317
8.965454375492417 9.672815897860357 74.16170500696781
-17.96640687131757 -27.73408677521592 22.16505731328654
48.78608220041887 10.57386500661249 52.83025087365985
-36.63624376395657 39.12089828148498 23.24981638835283
4.295022236232717 44.59301192713507 19.63881730022324
52.77188694016755 22.4410100197648 41.49532485148318
56.91105003414961 12.93026372301555 43.49204247983087
0.187725778369999 -33.82452724051445 11.21115754118695
-8.579917264541903 -18.91695702741412 36.24370390738671
27.25638609445104 -4.607079852699298 54.48687186153294
-38.73121346321636 -15.70169618875435 -8.096281428011014
2.704139163106333 38.71109126304153 11.05137563417894
-65.38207760032471 -20.8090456017971 -17.88413098450953
-9.623646964895375 1.674505146381949 39.78566690535365
10.34546886551506 -9.017710431985783 23.83247414751085
27.50163387538485 -15.17467681766834 74.44525745815938
-24.84550865848511 17.16487357049697 28.79014618639496
1.225716869153645 57.51663497011345 -8.984201023572933
-18.70199096350625 -9.213877405972427 70.14519862415241
8.552306380552878 26.9696157194558 73.58555031970479
-30.36239470648508 19.43096022045762 -6.124583151878065
-45.10567842802083 52.79037529707272 41.37205151178959
66.14476473435577 12.9551101739245 70.68123580678038
28.61808464707626 -25.51083975971543 73.63591191815686
-21.58580878631263 10.10193448366704 51.31643413696862
-33.41457390069202 49.39494208483438 69.09792589185415
68.25791075408297 -7.384929823722436 -18.12408851807697
-14.39199022881888 -29.84146854389383 -5.688227805168838
55.96075077223193 9.404895773408217 -17.54279904799837
-54.09751556255959 -24.88335080519796 35.93854888837561
13.80727733141368 0.7321951815939411 -4.986332356454377
33.14816770468929 25.5245333339027 -0.498631470567994
14.46654887346637 -36.0648874023892 43.3853361091727
-54.89452158943126 41.58156571166973 8.117030590714633
2.024615706743883 -8.731033047764098 86.45574451850266
67.60748008771162 7.554381534202124 86.46417556639679
42.50258687632996 22.94794143069229 -18.80026034256731
18.54684704959067 -28.96965479748082 10.4212513740205
-14.20835673850461 -57.55458959705625 23.70440373529316
46.73317558195026 -8.288065153269971 -18.25004952724838
58.83089853564326 37.61546051637048 34.68888197906776
65.06469493763649 24.57143119734337 21.94888867338176
-3.36949137680458 33.54792496552705 -6.184611543428945
-36.73349378618813 58.46905704774584 86.43228807955983
34.14411746908281 -19.43597290697035 55.90529171437345
32.72315327076331 -61.08789005415899 84.64831697517113
-1.480326273913277 -68.78794139202088 86.39969364378811
38.92316754557052 56.82909922413211 30.79845080088773
-44.40311861077812 33.82179545048322 86.48464630456118
-23.2710401155886 65.6928698955207 43.90048853101737
-33.36327460385474 22.02222516783822 85.83076117581864
-19.61056039265639 -34.41334610482915 34.16280568450289
51.12149458426077 -46.50879376818438 67.58696929984058
-44.15880826367567 -17.54449816232962 52.93001963853623
-45.07607947637985 -51.58737781684867 85.40607140139943
-49.69324275391606 -29.94973749093224 63.93724190690649
-11.16768944264327 68.72788628787136 24.59800317826043
-41.93607844308642 -7.962917188681139 -1.816687995229458
-23.11340930456905 31.94291099947122 -7.722937985895825
-56.37622107915742 12.045388920843 68.31534468108052
-68.89188555628947 0.4324024299594172 21.96530152688695
-26.50541804786672 51.34873200665272 35.72240445610996
37.8517413476676 -8.307183208658731 67.18039551771581
-52.50976128815959 -20.22194640143688 -6.202088100306664
34.29461506857721 10.89668520118978 43.75521197264301
-34.99690406399137 -18.75255307310299 86.04510452307765
55.16740893866778 42.97779489460697 22.06084793627771
-7.64926321434499 -12.61072759162028 -6.967619063501301
-38.80653348089093 21.62983260822909 10.52034060186147
-12.574248021906 13.028265994616 -6.015504093256925
46.18520027688174 -52.020841303573 -3.819658216086172
47.41471161674813 1.438159122180336 22.01277272289556
-56.66230374196203 -15.90206479900641 4.037395144126833
22.1959118922171 38.79812475054273 58.54700307226632
30.10878542895649 -49.35561859072826 34.54472290035842
11.00186968513478 -38.89084089001131 11.09503924059876
35.25567629747284 13.58193062346647 15.07968583588019
44.42373367394454 32.35333722252057 -6.236007835615482
4.784143362527889 -44.22000968055378 -18.26299575727348
38.73557258706239 -2.208457172498354 50.73324066370066
-7.112983984284887 -45.21470508871325 58.23417096799384
56.3225751610701 4.650952058527286 32.56293456973822
26.07769028726768 34.31796089268617 29.37398991848065
39.40772095106666 40.16533351319811 86.01887092040408
60.0879488767326 -34.0109293277293 -18.1822389226683
-5.078750237772418 -11.98937242588578 23.3322965463387
-34.84554317945101 32.65224727390247 5.773807876882707
31.51426333425033 -4.164454131606901 74.53317855016275
42.1390089318562 39.47761475048647 23.79716151935656
69.18092421770106 2.750177748743138 57.17389145806536
-46.3360367527638 35.74510877457097 57.59590802350748
40.46658768666899 55.69585746623123 -5.719929232910912
14.0384956461503 -68.01551557199231 47.13487491997775
14.84745625498953 40.78202923718437 85.99457518829624
-53.61650231447944 -43.99346892132112 56.76306937260627
-36.31669970878488 45.70212847196642 86.61708107137504
-53.68053692552939 -13.81018503639704 85.7830543005235
26.01989396620862 45.06869174471267 47.16212604959862
-39.45660241155016 -57.94878661642922 29.94435411664742
66.5720874145227 -15.97885915367193 -5.891575173520636
14.60038221046247 -21.10016790069432 86.57710127314132
-65.7917094601848 -22.58566365714612 -7.652728846447587
4.822396801526196 60.3191248070464 32.56796306489532
-68.08962505140985 -11.04740359501507 -18.40042607687172
56.15809355970325 -40.86435504453747 23.96181167023378
15.61994282321277 -6.429646385649678 4.959559904197705
-67.73199755274 -13.90383902223932 14.07080712196441
55.5975342478845 -8.948659319200667 23.11269580653743
21.34690607289 52.03789494519404 -7.063181170854246
28.28664193390512 -11.95005357565458 -5.40275040262634
52.8797057993531 -17.60837395938356 36.51441476055871
-63.02957717475883 27.81523306810775 75.48937401800021
35.57515804634583 -59.90938471487738 5.755886862300457
2.373573079116305 -9.634910053930838 -19.22395021772001
-0.5735355083491385 -36.61467282989125 54.63354340507943
-26.64910488009613 -22.445022851969 61.8874444278166
-40.22464423016056 -34.44464531313246 74.76499750617003
-15.06478558355871 -49.94454209337876 38.58845632199152
-23.84417067398312 -54.713685125276 28.99004655982342
11.72945165889957 68.36207222473089 7.245807035113373
-10.3313597167453 -32.67792997118067 75.69566287621525
-21.41541751011524 52.99443371108352 18.23991277524335
-29.77573833032783 -29.19283997954131 36.71809858516507
41.12978086572811 43.01606099371352 33.07001797592175
8.715546186214828 -69.65796792061924 38.13171983450288
35.2807188472613 59.92624330472758 39.54795305205955
0.1626659853083212 69.13244679057243 66.36754439616566
-8.643956412299003 -17.27850095042346 75.19932862812688
-66.56458676439773 19.15030090455059 70.92729370611221
-1.909567241743663 -58.57263512977135 70.33634334855743
-5.187368308618735 -1.72392635750684 -6.464535610215204
-34.13834909407657 61.11473511337594 34.66441677877734
46.56445596473195 16.14092368534307 16.22466581879331
-12.18307864290601 68.91743523907678 47.07289003556536
32.2853691835782 27.14608845247728 86.51798411602124
-24.95026896219529 -65.05245432322654 71.21660702514777
13.5313620973833 68.43304079361918 38.25599698333366
-41.15197000446444 4.325209253099083 60.31081621664596
17.40625070739822 32.1346828850028 -4.29418245183692
53.22031234333059 14.3943290482825 73.79338683421845
-44.9213985126853 -53.65633027424931 -6.560822200564063
-50.00634361822743 -48.82263726801563 31.96586482452469
37.8600109066465 0.661469883502658 8.593071743399911
-66.23426952228351 21.44596542420695 8.03446984272191
-8.387373185924542 6.375798847598698 86.25971713429578
67.59024089019807 11.61247695364169 40.71151909011343
-4.71511598139565 56.60509303773851 -18.63483813329951
13.41875163411612 30.24717633304711 24.64269752741538
-25.1250150547613 -49.67518536852037 -18.5915758136823
27.11414649521789 27.17007020987792 54.97135233345877
-69.31003222602467 -2.102333202746712 47.17945286430944
-6.718800886550613 -29.22003485970855 -19.14318581415677
-14.63822437520806 -10.4466055833077 50.5393077645008
5.898602452970657 30.94096223519056 38.2747804878109
-46.75936133526634 -31.94110244983907 25.38750893944204
-9.965389050555473 -69.26850576577385 8.775376402368213
-44.92108047272096 -52.90502630704812 -18.48192755252773
-7.782971758019288 -42.15852303095104 -18.13827914654526
-24.58776681320477 -64.94419607777257 35.31348425545045
-56.09471833124088 -16.19495726340399 22.35250281840508
-57.88368378782825 -4.145812729035256 85.74420995755314
69.18696732549741 3.12500956376957 24.73206645272841
66.55339637039972 -18.1903796780041 40.38178256349396
-33.29484357516199 -13.87335887135573 24.06106517218889
-41.92953834663638 -12.2718912667815 9.010243875127697
-21.83036220400801 -34.23770946780397 86.28224045017141
-28.63392226453403 -42.25007654765082 46.97305282006776
-47.81323617705347 12.92009087319987 53.62453715610764
-6.704271514730698 -16.90990596163103 6.036263652995019
-25.57976391431632 46.1932171494766 75.5574857051857
28.06201377610126 -63.16061794109595 -18.90302693663613
3.664568051182861 69.92412388609745 86.26813221475356
-36.66742704086673 14.56291049506792 -0.325127739898825
-26.11101082299233 -34.63853898579436 7.487869660196299
66.34662273458834 -19.52916369612954 29.97677264135732
-21.50229390595775 23.46736194778683 73.91834255822815
-10.78356443700476 -46.2087187077119 -5.431354859238541
57.75502108189264 -5.556037493548562 66.79559750915747
-44.66342713373469 -53.59789961226581 7.622166051751657
-42.58969835999225 -6.816614870931501 28.90724491274104
8.496229738263951 -25.89914417810106 35.45718877843781
47.3253890585171 -51.36155607274277 41.38634030101603
-12.82289352536019 -42.54758343055978 70.36151921537667
-53.49550222269546 15.85311797074963 86.89618035306232
49.03130016624809 -33.11878763115796 11.44020171984912
-4.916748047674101 53.42545926437995 4.997246150881255
-21.5724492049147 14.80132967811121 5.294530661598442
-5.460749222720517 8.51436019717498 13.6212440096571
-12.59527183475482 25.72347362191951 33.93202788079808
-34.57003042441927 59.98110808976801 73.18797968146302
32.23156826582735 31.19695401016629 8.982037146451148
-59.22095141511337 11.00426231174428 -2.49912717482126
31.1951977333563 61.94324976386449 -18.77656492621605
-39.60071280570752 10.58699628846692 -19.11157824945967
-59.39004535270646 -2.712579164478294 53.35420093298637
-35.30879510272054 -1.674001971504412 73.23115656256941
-65.00337043382365 26.50372229350264 25.75818539561958
32.45505924887234 48.9771610781027 34.10239112163551
48.66737602777644 -24.80566385688748 48.22540728735811
16.15129425529482 -3.753978100735099 87.26549020298512
-23.14884992822891 65.57817825835532 4.932859596160394
31.19964384987394 -17.64328241413575 8.063111886126592
-24.59797913239004 46.58487209128087 61.1257200731083
-21.16887289436602 25.67031170586755 44.30733031778657
6.966687002626074 43.96801116000901 48.6884957359233
51.59471554391391 47.32892262393506 57.56316660895197
-47.52129680798481 34.52070047378167 22.52834958318436
61.57913481457147 -32.28587334325479 -4.651908734946301
32.60952776132051 -29.43395147295314 -18.74565676390202
8.035815798862853 33.17887697704633 -7.933317291024558
-26.57335634652133 -8.979189522908065 58.16907529303963
56.1743103151708 -18.32701330945062 -7.550614385410392
16.992502946384 -32.87132429481814 86.65745057400177
26.95298204074298 -48.71111445105113 85.94545744735545
-35.38906973082636 46.23963889074627 56.0875718572541
-50.36762762390615 47.07796072838217 -4.692166304339151
17.89629481310488 -53.38137340032581 47.53543617972446
-23.43714310097717 -39.56241920483536 19.7484899986808
2.635322645084631 -68.31456891348688 -17.91344458314333
-18.96561436781879 -51.89078340321998 2.848228748200889
-38.30875817570467 -11.01030230289554 60.61675114825794
9.684902450373251 -55.61632762781066 3.1986758306779
-37.96034450459546 2.91248940525802 29.25307023772661
18.99507431418883 -57.96549175245646 28.02112969136413
-43.56644146635495 54.45948822513197 8.267546681732849
39.92132205702858 -44.0379365073327 -1.109757909831165
26.21975825697583 33.53143240399314 72.71682241726012
-16.67786300445165 -68.34012203321606 54.94635518428523
8.996878722449129 -24.01060895794792 4.954986664697534
-11.37662424093078 -54.8803792608368 75.2326292354076
26.11202312410984 19.4306595141883 -19.21573698022664
30.26937402015146 -62.97131981874786 -7.982473134936913
-42.04966000963827 -55.60295371611789 51.91020629300521
63.67436306314584 -29.48164208888841 9.214894463503011
5.279114477830084 -27.03287245858912 -19.25396444752389
-31.10167553135241 49.14859540583132 -2.17016969697213
19.63530630737279 -46.85717602314883 -9.698274081337562
-46.87072396644423 30.89208816131099 -18.55369688868011
-35.8062862875444 -29.60663661297841 55.90153084401838
-24.08968592891844 -21.97018211396668 7.147910350654382
31.76203702307669 -29.18968765172845 47.95131865185787
-8.699831866984722 13.03443431169972 76.03558975669537
-19.89021815969388 -64.80313825826707 -19.14857719800529
-53.50380716049082 26.27804979301748 17.04779111059518
4.877169114539717 30.64209760592081 5.449970063708509
-39.30569185270105 -58.13212695265842 63.02830444315686
21.58223455739565 37.33745561339148 -18.87647054900799
-67.41865372184427 -16.11569206572036 76.6180016190811
-8.838565438284814 -61.80819971231067 -3.856995035026184
-58.29031444562305 -39.01821380539855 27.73139171881824
42.46887430386339 55.5880069621472 20.98209035910225
49.38898658987201 -49.51192976847592 58.4247475254669
19.98951648780899 3.07480882966264 37.98943232446429
-45.27852881646312 28.15870514830376 78.10236814965162
25.07706388036552 32.09448474472522 19.98176605503705
3.867661397695465 60.48432272456602 49.10259257499094
-43.04616328566361 19.39592144204205 -5.9474970582053
-29.26376878242894 1.179816994480088 22.9983217507072
40.74133214107651 8.847398408181258 -18.69099474873853
-40.40646624003629 21.06966935829833 29.66253429146824
-55.6069833289936 -19.9886603319238 -18.6418172374552
-54.45299742270814 -42.37888059018417 75.39252281877766
12.15580834363168 31.3931351772437 65.62812406158653
35.17482774129768 -27.74979821476681 64.1983921170922
64.68661806967498 24.36594752258327 -18.1494438011711
-39.69583438759805 -38.32781970829477 86.55913993454602
14.14680906048639 -2.257263247576133 59.26708791389506
-27.46486313534178 29.84256635325964 86.65598639618385
11.40470086428588 -43.19340329420561 74.79244612322684
26.72370676221991 63.54959567084721 -7.39677661168024
-4.640450236268944 46.9402282959085 23.36007285600964
0.6228920977811079 -70.09322898274323 6.682343438412104
-32.14248034961643 13.31175387635044 42.47926312323546
31.16385671946558 -29.45154827706097 6.1190143603093
35.5347630466228 45.54130047360425 68.27954490152361
4.838189737193795 -47.38787315535629 -8.317800153053541
-67.92699664536235 -16.89965224837384 31.39745103909096
57.62376775133029 38.76266759211811 -4.778585332142227
-33.4548443770319 -48.52881494830489 4.170125600138121
20.53202532416761 66.89529618302454 3.137761547557695
15.3859802101127 -42.21239519929858 35.09195609692289
-20.48962348450642 37.61245429484608 59.2884788324306
2.81306738541018 17.32673514186135 -6.369936718708853
7.067661696086134 -53.79492898724439 40.56081277333855
50.74339536566951 -18.8851358469381 73.31113408788858
68.51514830851519 -10.64199535852639 15.15308320130097
-35.42440913688742 -18.16076755133736 45.58169651493697
43.6501151997724 42.42605193957772 8.018556842202504
-3.584415016082596 70.42187276604358 38.32055758834871
38.54132113806256 58.30026807183689 49.44426098651597
28.96753482096513 6.271432619070215 50.4236256912656
50.91308887033667 31.70240542435858 52.07394456159105
-33.7158256421091 61.74880796211984 17.42463038538224
-22.07935106723809 19.25598356732547 -19.26557738348433
42.60547412312972 -36.59784511352219 51.0770801579819
-11.40870660229309 44.36069511271758 37.66656443775246
25.97801720996456 -43.20897235967786 21.878627011542
43.4357136486724 -39.56357909722462 22.33069334636073
14.31782983189281 68.86967815430914 18.93950451260308
14.2361995012587 -16.31008206779664 63.4960271090529
-22.41015120864918 -37.51781400889474 -3.544769736866689
48.0676736229501 -27.10692097500068 -18.32873495433859
-69.56189990374286 5.024040401769891 -19.18943546850301
46.11823397108527 -7.628840064742304 77.03182166395787
69.12323474190715 -10.70053349922317 58.39614349835587
-41.74887584391663 -42.37275662962516 68.73141148081592
56.30609802926758 3.782203227453357 85.8994352193252
-8.674006703670219 -69.42454089416283 -19.25805085795111
4.217820646961735 69.7714567359354 76.10612481690281
22.21704992111503 3.764838747889899 86.29518040713181
-32.63349515135186 22.22240713237772 57.29827588613882
47.67860341636489 -50.94189312520159 75.98462145117634
8.873706464932875 -11.07387859302527 73.43184559105403
-40.87367882480449 -41.8107483547261 46.41192731586677
-31.24694824173658 61.24019424075159 -12.54996920367651
-15.54895950432449 35.56421552828755 23.28068246048971
-23.64373842284902 -31.94082792524555 76.97352689852693
-60.78073584069798 5.687610969495667 10.76195194400801
-35.71631986315946 -1.156167418868694 87.16184973337955
23.24634543229572 65.59906267051282 32.59839949336933
-1.589633856184669 26.66326769753896 55.29686817552819
27.05270522612159 15.0945442078701 72.60637532507945
-29.24941551883301 -31.19110163044585 -19.31609173600977
57.00194742715808 -15.93751274133297 5.042746597197786
33.87884587703017 26.96603263985041 35.59548748268583
5.841145217087176 54.6498428835869 63.91501331144104
-20.69257043829869 -55.85551146557869 87.2317259196569
44.08796679641307 -53.08567166731815 -17.97942454747323
5.726204856390918 22.03229926391875 87.41487489904763
-32.88279785478343 4.705282264801138 -5.609868622580214
-1.413075693255875 -0.2972893647620234 13.95109690877328
-18.71425546417182 -3.907744859128984 -6.435054054635766
8.065717788906088 16.77140375681571 31.8074454633997
-18.71731468580103 19.04097064765531 62.90396563213066
-48.26365214733607 27.4717903082373 49.76945027437655
-3.835672328510185 40.93777291270182 -19.30425715731632
12.36575247426458 -11.20366179181237 14.7646426053683
4.479671137009922 10.04203058354209 38.68088807500813
0.137181033181268 -34.2398413145304 86.52543918504598
-15.07800518636898 9.475383886150206 39.19448017778159
-22.7519520025794 -27.03207300053804 -9.211288549706651
-31.35472578992963 30.52103236936356 -2.945897765937059
-3.624274102720034 2.86937065477754 70.02777995452367
21.28461551088905 -2.152777267964231 -10.37512539622381
29.83204634393111 46.35992062705547 -7.614945086538455
30.7349570018422 0.6412126524098598 -8.583473206603587
-28.61345624603847 6.844515951997518 74.76351304129875
23.99664988132529 -43.06717059096583 73.60189118030357
56.80946290472063 40.34362972343017 75.58358540044036
-30.32453939577526 -0.1880407958244872 3.923431841465576
22.74171029858185 -22.58280031302635 39.78837429314714
11.82053083377863 47.62422096554436 -19.28147721842891
31.79574327619392 5.518441599049426 -19.47508247895771
-2.4774842578152 22.91339580101139 -19.39290567774905
-35.13759604589522 -44.74832848437548 77.09275448791448
11.45743015028382 56.77875093826554 -2.861106708922788
3.687526737384653 -7.02494922313634 30.32946146414055
-12.0261639686424 2.292869031753075 8.713228511907582
15.25312086126033 -10.76330027086713 -19.22142779955627
-47.97337295053067 36.36298503040776 32.11185790470578
-13.34151039704376 23.90393629303567 -7.234569009794146
68.01192613551784 14.8231415720132 -18.72944622164177
-52.66511010284803 -44.8515009207041 85.07571278178183
5.779360081005649 -23.36493410305885 48.36906854318747
32.74047456367143 49.04061169148697 -18.90505280120516
23.98224164285908 54.49603614790212 9.573369978347198
19.01257344951468 21.57307658169692 57.92457880658207
27.2396181163384 45.92958123231433 85.35492348834319
-18.17721869864677 -14.13234601428275 14.84954658608467
44.03331002378813 -27.04670264168535 29.88757449015878
-20.8990846853682 1.916701931775651 44.48278123748015
3.338790545130613 42.2239711474317 -2.88081066884744
-40.0367654046882 -40.50183863621283 12.38051602268584
-44.31627766614353 10.17345991045533 86.4362012985396
-31.85866770485528 44.22611315173312 6.564274467024925
38.24525138815523 -17.53858332889263 86.92787808169908
20.3408738425669 -16.18170664513832 80.71122776940803
-5.732644311885217 -48.40482298905288 38.40334156644254
-27.9452442529613 3.639227220098729 63.86915518261709
-62.7691857194349 -2.527925509880163 -4.543247261411804
-16.35611685083272 26.31519850306129 86.69158598761219
-19.31358374470118 54.37157259690956 56.67847953594592
42.99738813719037 -30.95944104257998 74.25560019586941
18.53031243077605 43.12948608038982 6.634635192609375
22.12959822440559 -40.67574658667927 5.072774235326082
11.08518779663504 54.76335279874263 37.07565641508707
5.043847818809773 -17.56054824449093 38.53949619185815
41.1378893344616 20.75785749801122 86.84149637748439
-19.03803038645399 -1.575179747212439 64.53006190280428
34.36062824144139 13.8013810461787 59.04329877611469
66.37207047154652 -19.13280048598145 72.69613748270415
-9.856626513271305 -5.536741577152436 57.07378719228071
-59.53731601803524 -35.04543403879518 63.79876029071037
3.036641562946837 -47.31958854539869 46.15160785659994
-2.830538943596899 54.92608289714649 59.9425681420044
60.49145408477526 -34.78950721767466 63.47982245651618
29.34155695222837 -52.43816308340411 -8.32473181854904
27.47512022975816 -13.1953896305263 58.58488600104764
-47.37814166699127 7.996815351915711 75.34648041017387
20.34188552622454 -21.22856213426669 71.70219862439352
-36.22062840307612 47.4609908981672 27.56694505283662
44.15381349204753 -10.19464458882308 5.378106153349367
18.22587680974353 2.780419356911469 -19.1940946847943
-22.85346060817996 10.78815740649837 86.71506780414887
34.15685117813719 -61.6041339458322 21.99284321078056
-4.760799170653723 -56.73555048010935 12.76203951824271
-5.037816304105601 -29.44537647852679 -6.139191342852082
-7.517864779963349 -39.51463793755114 0.386996341719831
-13.26429446208637 60.26021373457341 30.90910842248775
-9.407769785363724 50.38381596867481 70.65163380683926
-6.412403958350133 19.01928682503033 37.21622038186252
45.1960058116079 -9.19818317474299 49.69693417810447
49.39752734719759 30.39338109619952 3.363694930041961
-36.56042716415801 60.12191416948095 54.01775125406724
-37.34325227470241 30.33231573237926 -19.06709916357562
-14.8191408726565 11.01831056477118 21.1740828219119
7.178527020568585 20.49360986157848 49.77072784894587
-1.124832937854141 48.27796734694273 -8.545107327764665
-25.16395004715189 52.56264246121205 9.340158303351245
0.9046512043025903 -70.07278421164997 77.19902637552617
22.48003621676562 22.96304228929304 87.09814846812783
3.803571919276527 69.95510718480115 32.64285727030686
-64.23632559550825 28.5478495384599 56.48187212342456
-20.75183555288739 -67.23261862230629 9.773577975865756
29.25882807054576 -1.655668080570599 5.645931834491021
-0.8102608136073446 -31.81662063706273 45.28858895386644
-9.924123517533008 25.87040412455515 15.57938159437688
-13.92243528614336 -9.055029292925795 21.44130823392177
-25.6070434877761 30.55023940708848 -19.07253491756234
1.442194943836371 -34.2072371574104 20.45493721462883
-28.98552924809588 -53.55872465748833 13.5438355790955
-6.528401819240811 -25.82827366345848 8.775312807637077
-30.31787711485745 -0.6754316886670289 36.78458882613965
24.87070796120964 27.92444735598119 3.320490405917474
-40.904657878274 -40.9687097425529 -18.77452141646328
26.57410320292118 11.36201617395024 10.95272359763789
-37.48056177143939 -24.40071476477965 38.94063310914111
-14.72190977419955 -16.95232650190483 -19.37515354137249
55.83325571009762 -17.13358716553936 86.31290476060079
53.66303599559073 -18.28881365197142 18.60368430008548
-17.72605920213774 -68.20072218684376 40.70150087390373
39.64268186728647 -43.17515072929873 12.35619330469438
-46.95090787266776 51.73908997871758 -19.35315134455605
-18.39294680084442 45.15290635421171 -10.83075808811567
68.61913143778568 10.36247837112697 31.1305590314693
-24.96090530436381 -11.23084715111056 76.87085985659081
-33.41839737397431 -61.20510110342761 74.97620342101109
-25.87365530275059 34.6069926400553 10.68895906780255
-38.40419922607151 -11.02646360789954 -19.10349320784277
54.97001128783069 16.3546215215647 -3.214483242932122
60.29023936571863 34.37648840295098 87.52440010597529
16.83066687627866 -19.92466000974231 -19.72721478722175
64.38510953707932 26.21273804157471 74.84007469674007
20.87733627815009 55.08883838541113 28.41645182773503
32.59439396946367 48.94004162933671 17.53307265144846
-10.72770841624967 57.63546306368048 -1.082218024917532
-58.74207556820637 13.70352177976288 50.37391418660486
51.28858130370797 25.95878918148479 72.8676749940623
17.78319360855956 45.54323546951661 17.7968728735403
-43.13148483328526 25.56081284648813 59.39047002206878
-17.06013876471791 -56.07258208714655 45.30348891199087
-64.56355933980996 -28.93000995654916 54.94426792039133
8.93477983865446 -69.04366927467206 -6.800743580158169
41.76583749491771 -16.2458380778685 63.67499749757653
10.94864638736448 42.89079155137822 25.87520692043453
-17.71001358598667 -31.61021206341929 50.82076479982121
58.89654618895205 -2.917726574829258 -18.91291174819263
-0.8482065106435588 -49.9575830486782 74.44520437552742
40.42346983319189 -2.447148807615463 17.08158509693148
-12.09402366922798 21.51544165212428 -19.75619342365557
6.040735947243444 -6.191185432712468 39.75930332533701
4.83034117981386 -41.22565632810701 28.32795349684547
34.03324984565847 -50.66314163955094 54.20544945731267
-1.991599424047832 58.95541035829373 11.98929201705605
-47.71925878854373 51.48153848428958 28.68862355402452
65.10943984638831 -24.92685759420576 17.43039742226586
-22.56974302965562 65.57245097633451 75.87146254557324
-18.81189171929518 39.53633227185712 75.11330023907634
17.93164831138299 10.60413518805297 -8.624937120900549
-67.11452232331902 -21.84637294798944 61.4298878467352
56.03940882977628 -3.903008345621525 48.94179682670121
34.45906210084743 49.88815545436097 -0.1683776822673142
-16.10951675682028 -17.91537085048729 87.14168452378851
45.55583322046053 -34.50066485172287 -6.283874800902196
33.53841801064621 13.01801462143608 26.36198561396932
6.092740261202995 45.94087088074935 72.40162504081144
-33.78108894024545 -61.11864494787569 -8.682691666971476
-61.05718675175284 -34.66483297695341 44.64609438370516
6.285517999876738 -69.67483052873797 55.54706468045626
-2.833918461685364 36.4474606105849 67.11769090963412
14.29548285775099 -17.08639537357092 1.721618647769138
-31.58612647964394 62.45524220277932 7.156934424131823
-60.72042949980507 35.15358105568267 66.56814984347415
-7.640689775461011 68.7137773843254 87.2796332832884
65.20805630888771 24.35887407876348 34.3585344443797
-62.77306606051709 -30.55475368882937 86.67256711479018
1.285534741835759 37.3247770224411 44.52205370085956
22.55473662677099 -55.89128346386259 65.66835912515218
-12.61606021175837 -39.93577409638674 44.58186316840394
-19.73405123885412 -56.75689767630768 11.55898785986591
-0.03602397820260261 12.19066526507648 4.857895871814311
0.5228786785613683 33.7733789703444 78.18080876463202
65.16545440111827 26.32566237105092 0.4630890877562301
-46.24087528617222 4.446274769404837 -8.958846932845658
40.52437118037651 6.294451876939773 0.4977194830372857
-26.81845326869259 -11.6904965075349 42.24394624100452
-38.16954869118609 -30.67437256110556 13.62915517870028
12.5698193432073 5.75242176613194 87.67001997135652
42.83232442184504 56.21656419214531 11.32292803953512
-40.15432524094297 -9.889108695759766 87.08486612539154
-62.65544958363489 -32.58918683899441 4.500919961629732
27.86929627140334 -25.99339883056424 23.0136043270527
-48.44832973516096 -23.4045736895058 43.06974151105815
40.17871360141693 27.16764607929027 27.1756912242971
60.73066762621069 -36.15709842970115 30.48926424250717
34.97310955562153 29.28992330063627 50.56436262820505
40.74930542180841 0.6560796414204733 31.44964880386136
-56.46010753200904 42.16797434218406 39.05305783192239
-44.92351756404639 -38.66090229854123 31.37355436162232
-9.135154083401382 -30.82540918923465 25.11261014677311
-42.18894163999954 -3.739868190964737 47.2246748642998
11.71438987278248 38.28299835284739 17.96811588086751
69.68476025194104 -6.003992827233636 38.88087860551144
60.21997802075176 -34.76802052087417 87.84033169449718
-57.1414508194528 40.71748456529542 56.1907069693907
40.80872790095945 -29.14648722837969 45.82014745118934
57.58372577685444 -40.7432367772645 50.67458154885769
-61.68869414500625 33.01664273085252 87.01508365288744
-27.97878029562568 -38.05547656025898 35.14364990561164
-59.99015051326116 -9.68480072540534 11.38952041873395
-70.83483294729837 1.491143091959576 67.28571428571428
46.40498521570242 31.40845393679067 -19.20528931741693
9.105452404268942 69.37971446614881 -8.741011052843175
-48.63381530812211 -12.55926091662779 74.53528869512019
-21.70106324907896 -22.04492055893058 28.31132551199378
-33.54493230449915 -28.86253897752313 71.28863374194864
-11.81611414074871 -8.666391836110874 87.13897745459084
57.65270856428413 -21.77448149474861 26.30007373939274
17.72277452467157 57.94619240137251 86.71259455747683
0.9882981904157484 -18.64651063468345 -19.83060864492277
42.10687323067314 21.70945934716421 -9.560605171256135
-0.4469545710128378 23.81832412661173 16.92278430172405
35.38412776334074 -36.95672693622574 58.79543148158543
34.73721710039293 -35.37588477031309 75.23230528477566
-56.04051402153896 20.03395553445083 0.5795164984648817
-32.55672288641286 23.78446287270314 44.51931044714975
-53.5842032714033 -24.07326722607332 18.48931556560459
-70.16352921870758 6.930990693545395 29.19877266007317
63.60519757143433 27.72862629323837 62.58097103625441
-44.03746717781168 55.42744942559965 58.9892978558071
-49.34993740740542 -49.38999626954076 66.04499754902204
-8.919688624139674 11.29765344963986 57.25198121852887
0.3643737914031391 -70.91690454707701 62.44776739076669
33.57580185017504 24.69308045617968 -19.81197397595818
32.84581501141935 -49.45510761042363 13.24531566366162
6.340453177319505 10.04243021948995 25.86667680971514
17.15014108851427 43.3969210539772 39.82140587417651
-1.42386320321719 -34.85978564212768 77.30342889879296
56.41225225500202 19.46304859994664 9.024512536997303
-26.01586403732171 -38.45000252737884 62.23477527141495
-5.923389435787918 19.36135914842724 26.60605521059246
4.186099841717236 7.085099206260346 47.33326966033265
-17.81006939568271 -19.24591179264677 64.4693223563326
-3.760579120762512 -6.006070634331909 72.35533857822037
44.95949878716264 -24.85140489308964 11.46265522210512
41.82516588090427 23.18467253611719 2.808377139007251
-9.654275123380904 51.50786364282794 86.65313330758887
-68.68210985727364 14.69458031177418 -18.96647079973937
43.57836318814966 9.16632916721688 36.13884910176459
-54.85163822579425 21.95911242020812 71.28293497350644
59.44986579432701 38.84592886930795 59.02671685607134
-68.92802344119598 16.7238352822431 55.37735596904175
-56.83173557442656 -16.40239728898941 61.47426911106334
56.0436676633086 16.56045000497814 60.48922204573989
-55.95477155471176 25.32776339108539 41.780186601167
49.48961702908432 -1.995284915871723 63.56424493935005
-36.88949942168955 -14.80295598841419 76.67585186144628
-28.1942677038865 40.42284042052506 39.66662479849458
-10.63675844664496 -25.27460723732871 86.88117785120485
23.52681030885825 -0.005648580639135758 76.54450280527584
43.9023695646919 -41.09313287731337 32.02952389754635
69.20721931259828 6.230339741767753 76.97956417052173
-3.39324108536733 -70.19145837604036 44.30063167661272
-12.83309203895693 46.69827729908223 9.760968076991849
50.66617697831898 -47.61193322648189 -12.91340223872833
-0.1006941436343398 -52.5845376859612 61.51700427763755
30.63088813843082 64.01989436577828 25.66186949740064
-70.74395034191086 -3.006430901397153 2.70889888059742
66.31375019019212 23.30673450720191 -8.108252703111759
26.44619639980398 -61.73303139068496 74.71051486540318
41.03122424591538 7.416194866199222 87.6659243554779
9.40098676085597 -35.64796027296674 -19.0086173510001
-11.18288506448782 -39.48359166112041 8.789750607698098
70.02790850861479 -5.679258190001634 6.1755476606952
32.29828167175254 -43.57627862721611 -9.780278426767197
25.77004204327782 -66.07313049870041 29.30892211642504
50.02100028132261 34.94841573832009 70.50167861045529
-8.039519322342422 -70.31509676685465 -7.149178047453342
-4.920085011279253 22.28929666382608 -4.384642313921976
11.99892914786222 23.30063794707888 -20.10215335871276
-39.41667460146251 -21.8666988524667 15.2198271491536
3.115746832487307 -17.12415741222899 69.7525962704578
51.63935114194792 13.9560911066084 35.58173306434225
-47.05212602655217 -5.438668443256955 18.54033577716513
59.1313657268017 37.5147975219044 6.104726636633364
-31.10389945368717 32.12705612690657 24.75981829091353
15.99774755988555 -68.01243094990677 78.53894767010003
-31.46520947901746 43.25586298927856 -9.800747370440828
-4.316791320986336 33.5074366664569 28.94477172616064
22.37961998652323 -20.55046192601134 60.38367437812354
-0.9433360894152614 -18.38180708391147 18.47887270919149
63.57218218836512 28.82223740114693 13.91078613646247
-30.42947502303032 -63.58812858052868 28.59883049898948
-26.5499756515723 -4.743716542429991 87.60289869167534
-6.487633771639612 -30.47176141222136 34.45025963502594
57.40554564918261 -3.683916271448692 15.75592322642103
-33.51513817400317 -31.61481669286712 2.201308661618146
-0.7947031847745958 28.41006519591042 88.01996651744427
8.201004480902295 69.85334097002267 60.1589065721353
-30.13469102376498 -21.84381134343807 0.483054344038008
34.66475036947208 44.09993510860109 78.54789344532031
60.2518193942461 0.125485957670902 4.950041864009125
-70.54836515913495 4.108974356370059 88.14831028194368
-1.75363198561023 46.67746138162676 33.84222283393736
-48.73291819940996 26.02490120129283 25.32004935485356
2.095803275144749 59.08858948381411 3.968063005117127
-12.07300029762581 39.50133474863745 49.89285610763011
15.46620322512043 2.042989158685733 29.20485307997054
-6.895838223447999 70.51464734331825 10.00757298191881
-17.62002006280803 -42.39377908328542 87.45620074889418
-39.6068451228908 12.43949857456268 33.70549953001503
-66.73170319919716 23.69494997723458 41.6796336078953
-3.795702405603921 19.5027029972025 61.86487147861688
16.29298347709603 -58.56234160923453 -19.7571706154965
19.05491468153324 37.27434101491737 67.03017576927773
-30.81985163846769 8.835093393953716 -19.63124205017313
35.72611779359782 -48.14357307312376 -18.85691739380991
10.19337651374791 35.56629806694079 47.98515558984261
70.61595423917571 -2.579028303512034 74.44239356068908
-9.225846707603175 -11.58811212789169 41.93723098850946
-58.94720125835647 3.519086122549845 22.07540602625425
52.9366258367148 -28.51052399598079 40.63983526839343
34.68198359270979 -41.62612733697859 35.02055349671815
13.81014438693389 60.6633055434471 22.49462219379859
48.50432478713196 51.87337043001878 34.54128151313553
-4.53372264053826 5.623726848297085 33.5182770829297
-45.56836837024448 4.221482575698172 41.89548815151993
-22.93773714126859 49.91110925512634 48.97850764549693
-40.83182820193986 -20.71552152103794 6.232286288701195
-21.07742119583621 67.65237114554964 18.03819515265458
-71.29348645912405 -2.042837705612474 58.99999999999999
3.055658109885593 -8.226596217395642 -0.5916954034145983
43.64278458032527 39.34482121973522 65.35223489319701
9.476912130680311 -70.23856682632967 29.24035001321708
19.24083198739618 18.13298450924768 76.205323053783
-23.19573227632549 -14.23297928389198 -20.10587265268372
37.61286422447882 -34.26517072342868 86.98308893922422
9.676208800813178 -59.76585578640395 15.73540027677275
-43.1703301404594 41.13396943941994 -4.513772895343807
23.87350996378276 -49.2664865892436 28.12341473867556
-7.055623133620689 39.92624488089052 10.66884144511797
28.88133761379544 -7.432114815884942 27.87821543828766
13.20640544449446 69.96413516886152 29.4675836651218
-27.14147923961747 46.85535538522544 -19.53949289268839
-30.1881044069058 -51.95851825372411 73.77555570452068
-63.96430338867928 -1.398275348689211 39.29690796541196
41.40791946598472 21.55610816391597 41.17536161340937
-65.83161236059313 -24.55694841038797 15.21020511357559
-51.30293021622404 50.4768755433937 65.59995890384759
19.51372695947081 -19.12218533822071 -5.74906776191059
12.70899373953021 22.90077007462648 10.40130958990947
23.63364663736508 -16.74728822958364 12.97294295916963
-4.955375499280912 -57.33895980923927 -19.98788056302919
-39.29426703127863 -43.0941444587528 37.64769946169518
43.44239316553278 55.53680493811825 57.18741585725004
-9.088073081585755 61.6309271762947 51.79291594079684
-14.72110811168146 -50.05374132669133 56.74687036262095
33.31996038699992 -10.01624745768038 40.92442627800912
8.322198506126458 -49.36161492876809 86.64286001687344
-69.354604955401 10.97520647834059 62.30415183051814
-2.604332905795075 25.15164243351368 3.722096633086809
17.3742871101365 -6.433393217878631 78.24808853655887
-10.61294225064543 -55.06873232658844 1.829443299440573
34.19867154464522 33.63251903843118 -19.62869696735109
19.10149976783123 67.49268829193275 86.87554953296659
-27.1674678570393 -64.93321407436932 52.99833763616475
4.299918836572152 58.63930776467772 22.2815673703781
-42.3675697352408 9.822639728328484 16.62824618108315
6.883500651882905 -16.6907540345401 -6.769334309037266
-59.26696135575853 -0.776639886815218 4.73036399989793
-52.94251514434644 17.30030927726734 -9.305441996171051
-0.06169568157957173 25.78836118330838 -11.35065779519718
-6.47144901751089 32.94988266584898 43.0553996926393
-45.73410154098428 40.82888577313553 14.84382559126468
-37.71737031369656 4.065463012097764 6.416394447168464
-17.46614417825689 17.5596519301535 -11.87432280007177
18.78965830948239 68.28407587167095 67.26420082954057
-17.63053149610526 -68.88179393729709 31.48525337363793
-39.48254064279524 46.45955897703231 44.23437320225608
5.40610155175156 31.33173752539984 59.75793232174131
-40.70094491511552 -6.437833042747569 78.69213699632196
-49.85073480679006 13.79168636471516 7.660348541213891
4.601687057475299 -39.16618832323933 4.956043499075278
3.079369760030743 70.98866193277468 17.14074584614554
-14.41118288034738 3.0979153414506 -19.45804493723802
-71.23231461028037 -1.589422183280228 -7.285714285714356
37.16863009022943 59.57104379059439 76.31265257288611
-3.139187654961945 44.31937118292238 53.84471500101079
42.68867010433623 -56.9970946262214 33.13125163856112
25.29308799517978 -34.51653778716662 12.21340678404889
56.43077675564206 -42.70325915055646 8.210589298413955
27.93952732780063 11.06300514722203 88.34904847711412
-10.33268731338826 -58.35126693942358 86.73646896925165
-42.68797063062548 -24.71805851312844 60.10315654135921
20.6822079792558 -32.71109434123441 -20.44291239698492
26.07320716644375 -65.95149991788172 12.84109585991635
-26.28505353337759 -49.53601080929668 64.06780345762169
58.02736666692714 41.03081795518247 42.82103308694906
-2.696221816344909 -45.08884893073807 25.72441571737667
-13.52243660140463 -11.30122755264195 6.537023292367418
52.50147718928803 -7.863604455500565 7.817942542663099
7.930243260728288 60.11043136543668 -19.73673662325176
15.98403539656796 -67.44194839550617 87.95084813895485
43.92816845171179 -11.10840823096122 22.07322268768282
-32.0072190708939 -39.98114153559448 26.15415878361832
-11.17418610938087 69.67637003156618 -8.720922198218755
7.048173672497272 46.17476867874013 33.10499241608863
-2.096486537163313 -60.41254180307028 51.37124998757882
54.92144061554104 -12.28747605530893 -19.64421312355145
69.74959563784243 7.888219683657415 16.95568977353654
-1.349407464356291 -56.57449823317535 -8.639601782455468
31.25462382424602 -10.72887344588499 87.98223210518501
22.17960390769736 4.892871470434358 63.35625238683537
-24.49247916841983 42.86960366410835 25.14032820667853
19.79761901640975 -67.2275095118285 -19.28305008588952
2.974939994469453 -48.46383303209247 4.062817350303417
-32.21329356973271 -63.32222344073976 1.262480019837297
0.8005678458724432 13.40377664531211 19.84739498890406
-20.76337136630682 -38.20429873922472 69.98914378205848
29.8342435008627 -10.35399893836856 3.188788442265843
7.492751909707675 -24.67417709525715 66.57880353337787
-68.87802620950831 16.55119666402005 15.67395955951965
-51.79211097227489 43.51683362872113 -20.05110313030446
21.45670562725339 -32.79342342074854 63.16325597683623
-8.74978588137528 4.24747689763719 77.63104811191076
-16.57481469185504 -69.30275094189346 21.28572773209941
61.00552788746362 -3.045272324115583 41.31418425278257
68.38197500610123 16.74094810918443 85.33376880836072
57.26645267528067 -4.420404078113203 76.26758494843244
-20.73198052788064 -22.58284481957245 48.77085135680202
-21.42615403339093 36.42204501939874 88.09118670180615
-17.00094603865111 55.41086073427898 70.26059701660671
31.15557131252582 -51.94829882823235 2.318955491916099
-34.1466542954672 -50.18570391918804 -20.38449918075629
71.05884227958575 0.8271057437112068 -7.285714285714356
26.46642482487769 27.62577852774634 45.83456689454864
52.67613762040197 -18.12504156132966 64.22707805870373
10.28481509475534 14.33113034592862 -20.61822234568418
37.35272852496222 -27.13380379006518 36.27753411445453
56.3926431717067 -20.55966576703175 55.70335706569734
13.4804253357273 -32.18839583906532 -5.898312140276923
-47.41379147081585 -9.432212744913787 51.54108421717945
-34.64073937177602 -7.916497733111013 -8.45048348754521
14.58954189672794 5.763186812899372 13.04052459433334
65.97744609054396 -26.00537481946143 62.6679230470877
27.14927830103869 -65.07334738598885 45.87458762015865
26.92671794724634 64.59851714773642 62.18842417665549
-40.1696434763186 12.83636440697324 77.75175144032244
-41.53286921427528 -57.84283551111841 16.10278628270634
64.78069825468123 9.976292079271234 61.67528218202511
7.713782012692215 18.86348779251906 77.1134019337033
-41.9950360668994 -1.088737742292016 67.35250241752202
25.3959377085319 26.52383127825387 12.00887941890489
-9.298923699308853 70.58342516409894 1.129016312410677
49.55616456648874 33.6784389490463 87.56539123156817
-38.66393098031055 -58.78565112579163 88.13546479766282
-11.50511033921613 -50.85489453890014 18.7169099565573
-45.68819243902387 42.22718385545494 69.79058463151402
-46.92061556757619 39.64040088070622 42.04910582596784
-64.58526060945812 -30.33425506751817 21.68529614611116
-41.13491983308255 -26.59630665706278 -19.40933800372474
-58.38962523080891 -11.24518921382817 -19.13668446701491
-38.49668721526875 48.0269956017051 11.51783552036121
-8.939920452074327 -20.71073403232913 -10.0354156631995
-13.14367867296592 -3.129085915135244 33.32134618325621
5.611633248035949 70.26503869072019 48.38998652908276
-62.80254754310597 -15.58134619931845 -2.352961142064188
4.387703091951369 -2.947286949110229 7.929174237232989
10.81765250602466 -58.39454177998989 87.92817970206741
50.01879819419306 50.00032727268442 75.40053848525213
30.22521413151816 -22.50441003615102 0.7735547969932464
-34.37322652832817 33.71251404874848 49.89137652495808
48.33819409332571 52.09554870332211 65.76384356646047
-33.74282942993243 -12.20276162743094 34.59810402085117
-28.6815223135038 33.53968643239441 61.79394988342196
29.38511266514817 14.99821352513873 37.69460679923159
-25.01368546913159 55.31837720635894 77.18213291780947
-52.61405748821789 -46.61786806959797 3.950464002953703
56.61597713950054 43.52978995886207 -11.74769383530183
60.26704168167778 37.01525131825417 26.03343074884418
-0.03488898281089448 -0.7393725290520266 48.25770682931218
-71.13710418911714 4.120201719500903 14.32870956998607
-55.32160282670322 16.86333349736064 35.11782280578239
21.5873945818662 -47.05061366156547 63.43329858735455
-56.67661718031908 -43.14432525345638 37.94132434857502
35.2277330355857 19.03227415645744 76.36407275913344
-22.57022242696976 -41.31992124341971 -19.47099859586451
-47.6903645788199 -34.21900858344492 87.59995580719715
40.13480648730617 57.79709165055665 2.95550545137101
63.41720948503547 32.85749173465739 46.13117746088398
-55.53225235440008 -20.4662149950932 51.81658736082116
-9.540761409003949 -58.23050724856689 41.37712657981942
-69.21352300991276 -16.40940676667395 45.91602459643114
66.12380709571629 -13.30491964551064 2.878421997412453
-4.141420179859781 -49.17128255477169 50.91804225519229
-35.20201474235135 -36.28590375608491 50.22339569138413
-55.4496236151331 18.29400967696281 14.06921332014035
-49.59616188889011 -50.04063893185749 76.23281195092706
-23.56820011779854 -50.72285858091539 36.75385601869658
13.20760389376151 19.65172467217527 43.19812550019039
-48.79268337334413 12.90950687086135 62.45085655112017
19.83420591686305 11.11826612533068 50.61668608335582
13.63921313506251 -11.33540181045856 39.78571705934935
-4.265449102856688 -71.18480726274255 30.76357865193001
-28.15873547577805 -55.17035760449239 -2.905037333784719
-54.4368540089384 -0.6155181665931817 62.0410516100424
36.88079336166153 56.09736116920631 -20.55124975380013
37.32409630355549 60.10083934238582 -12.69548160065678
70.6079918193885 -3.630326158146463 87.71949284196495
13.0882338582182 -6.193617641132557 51.51941075838758
-5.26573608787299 69.68997553859946 74.21924547907038
35.86523713020818 34.34487661382938 -5.599114996105329
42.19498117754058 25.76174738948596 17.36279789674897
6.290987228886232 31.09886759335327 29.57525929090272
4.975742170466456 44.77630912003017 5.260726429988253
-56.22376869707992 -25.24038019747396 8.019341741727306
-22.21309976684994 15.03268016002416 44.15819527602839
21.61495164496378 38.45233987530954 -0.03005249678689115
-14.11549639368939 25.73526015998687 78.20006036120898
-18.80853692459589 0.4025349555954103 76.67218858997282
-30.50839479850088 -9.968355329504606 7.795344457562477
41.66745133539205 20.90665184822959 64.51184446920894
-42.43771044222618 29.4539360353408 8.835138813712227
29.45966886773489 64.11733559879713 44.48647541282022
2.414490756976674 -60.62422541359677 -0.309823692925641
52.32616787089427 30.69288822362265 34.70967580685503
6.311835585845357 -39.42623355072678 44.48857854940048
14.03482807592542 29.06918362694757 40.74817388352374
-39.65860739378408 58.64427684361009 44.76946997792767
-11.86289191110274 51.34594276399568 25.25284124314019
20.44379164222103 20.92662943760753 66.5599683937029
15.74552621283777 69.22961392689382 76.11684260101811
21.54028080945531 2.757047277584899 21.90867102969701
-34.5282975227307 9.968254563502541 59.23053152817555
-61.16586995008921 35.78193696203675 35.56057528005766
-29.22513798241191 65.0500820790776 63.56037697156307
22.90082653865797 -23.60439422368489 87.93266717215458
36.3018092293042 -24.4658131084648 13.29538131254033
-10.86191619277093 70.52186430739843 66.85187287372935
35.51312189592483 -2.141236805446594 58.9809826926563
-12.02481239253351 13.52822349196583 47.7672676916306
38.67536052251797 43.24994895053339 15.08430418601067
-46.20225363933311 53.57804547356331 -0.2137814120297541
41.35731824974872 -25.99366632625337 87.63243165239057
-38.50121472267355 15.26194839563162 69.34696395725541
-30.67294054470021 -40.99217636563634 -8.801335552400092
57.96135346160286 -3.979633769188452 31.19453902812997
-2.915316083587295 58.3175532933126 35.86086208190697
-65.30690925000425 -26.64852709309862 46.63325792597393
-0.09664978023725768 70.65249126959198 57.49038998835344
42.14275621552216 -41.70454070650584 -18.54234426586848
-13.23176627385122 58.41392902795825 -20.05976666639549
20.69683858141857 -5.485426933754695 36.53461384833439
15.46002004992222 -44.53112078752464 21.03198912758713
-39.04229545394188 45.2434421920192 76.90642309460235
-35.61869064761385 61.76193439591505 -0.5074259145413342
52.65605958481805 47.72237728348451 5.053162792936683
17.17733786247418 -25.24584099310907 2.343066244781698
47.8233307124133 -15.47340780054467 43.42842611825156
21.00190136335506 32.70808080538222 52.2103959516509
44.35374242932454 -14.88592604606428 -8.190045390101663
24.64762183523943 -54.99640865186611 -20.38015266566462
5.137309288160149 -1.557648948275257 -20.4059472911712
32.26358053137431 -52.60778563739307 21.27735787294216
-13.62559334154691 46.97300233565858 45.80751174322255
-16.65858293658331 51.42548416681623 36.37084494375324
4.909741836986038 42.45133364738352 -19.69445496352387
-48.28613739841725 25.63483756103303 87.49947883020201
-8.482740371026606 4.392621523086141 -1.366548966108695
-17.91737068244512 -45.47550077389984 23.90259028568318
10.57860140300615 54.41303464380152 28.39399790420307
25.08312654733564 10.97787510539708 -20.49286784070712
-28.7173805350795 12.47385211859243 20.27264156021296
24.50374927687799 -40.00799377288387 87.88124068810315
39.43614393890603 -31.43152455366238 8.002190605216491
-32.62371850683476 18.44499030114143 32.27593199273341
10.00594780971838 47.89131203634589 88.06282623303339
19.49393385992556 68.22742132291931 48.47442571522721
-52.20247412031673 -49.20969592557476 42.2735555823046
-2.714594568605462 69.11542566437411 -20.33855426169005
45.02399106354317 -11.00904493238128 32.42366583872752
22.41856143713909 27.16476476906712 -9.234232585196615
-70.30334971790118 8.428189732082648 78.17944511862154
-25.65043330530129 -10.17882619157121 25.47999597380411
28.26983351419543 65.71983302758386 17.56284329460491
9.496856869062423 -46.79970836272349 61.00540593413157
65.97466802054676 24.77276671218308 51.67039465630369
-28.76759568065274 24.52432281244372 78.7913048859938
19.15994718231051 21.46413488792933 29.75364809631561
50.54166728892743 -35.37252895240405 19.67223263643888
24.65694804135867 -33.64424252578951 26.4117802139218
-29.22362027336338 -53.55188486602587 88.17224035279568
-34.87939517656734 -46.27097717936945 86.96508557748962
34.94183867136502 4.728848047293418 15.66498671687257
40.11500562821244 -2.226750894461868 73.27991303629956
34.70985074645663 -48.65862479579955 41.84313597658266
-53.57580956953868 46.57455997434636 24.76409644580041
-61.3150793944702 35.65385429771541 -19.72316781737317
-51.54656125837159 -49.00733652232699 19.42474150509059
-14.41894025447582 12.64484209722561 87.42527955298505
57.27960105279758 21.40230523780063 78.1569202661004
-51.27825834680627 29.1528638434905 1.930144081999424
-1.427708013692361 -41.57346675173438 -11.22312444295766
65.57106565829523 -24.76323056742254 -7.472842942106492
-36.08330601531376 36.83311606334268 88.16116690990727
-27.70112761337476 11.35092420467883 -7.183549010301865
38.73621919715653 -59.32531654890122 15.09162483735049
55.64819400653989 25.82845102217847 59.33898154513487
-1.549762624266231 70.58485795447868 24.3288640264385
47.30540292009727 -12.31741252704784 87.86563355372404
17.66703890451902 59.66659252942946 52.14527494745846
9.223258213769151 -70.6387214844824 20.66397314156589
-65.02898906930345 -29.41961164312593 -19.77945559261959
19.06590808939443 -68.3466116327444 40.21936699784694
-0.4557821152976258 -41.11020659135633 62.11919318169663
35.62927844975246 42.09198856733698 59.6259879614496
-24.54765150606783 22.36863302855752 -11.68069483308101
-35.64249529946099 1.744708671317396 46.3368469969209
-44.86227894231678 15.39540100756853 43.1568204080361
-62.20789742208476 35.45671778008739 1.290979903990137
-27.06742918707919 65.28171735236592 32.30928711808269
-29.19082339076361 41.50844127278465 15.54076866764925
-38.72132142141312 -26.19660559116118 -9.906597320387563
-60.26056883829315 7.097606431314151 87.94593280224828
-52.07787617212669 47.71365634576372 82.28991931212398
-35.90068389355271 41.2769697613188 63.31753625499462
43.10147289056567 -56.92408582868299 2.540827538751867
-21.50881908264875 57.30206232862841 25.72155198332952
59.32384570795169 9.964307188317132 2.976776518608925
51.75160203303525 -48.82511835963214 89.09734254625734
-3.767965900329978 -3.697127219413558 21.43836748589752
51.94539567561721 34.44221035164198 10.5318530085053
-18.57367328968817 28.82050818944922 61.39949983595089
14.99407899992491 -58.96148430957522 79.08609735606153
22.90550150599497 -67.05937218237904 -10.92265277845876
35.19075566321935 -16.20598705507765 24.33835408970299
28.58749456692723 -49.95858944689488 67.71255612393975
-20.27082541256392 15.33759354449946 35.77350383382942
40.06951596682851 57.7042873171233 65.24155228525052
46.58486026101868 5.615040692673833 59.91698759150763
-66.66619692871669 22.68055037314483 -10.19082977793734
53.64660245425554 17.50248957373251 -20.15874068395445
-32.06738890983918 -21.31690727656958 19.50468693319642
-20.36079058246921 -18.4950308357906 -12.34225661723776
-31.89664774002892 53.90637081021797 14.58190701294054
19.31258349450348 68.37496265748975 57.04819943681478
34.64983857911177 -62.32794846165267 30.4591778245796
9.410430147351985 -58.498579682793 58.31955066691287
-27.98192630528109 5.645449823947509 31.55131712640636
38.92257903005405 -30.01922981423217 -0.5357643912227452
13.00495343553212 -23.79606936019313 27.83385623563998
6.809890044065871 17.59828742431814 63.65433263829745
35.98532192833131 48.75249201508748 86.43691573347252
3.134809481779812 7.808906598556363 68.15010777211127
33.52702457597337 21.67404505047569 -10.03190810836821
-33.27228796602203 -6.855400450101589 66.67700968036394
-35.02697944038218 -50.66197555499325 64.4775295017796
14.82390865708877 45.34229619004469 74.13151449039789
-66.84452996815337 -20.01193858331743 88.32889686001737
-6.007125620639034 41.39365425148644 -9.837320872793873
-20.95080341800215 -29.51648212241015 -19.84944982705044
-16.95448414162509 -39.53097718110468 -9.757871598186359
55.89160033669594 -2.893955716069879 -8.431776912984922
-28.59323953170567 -4.352842936755577 -19.87529895496458
8.177918475353469 21.80128779261457 1.963982407544581
21.22226525086497 -36.10944341168832 36.21785427551912
-50.80979807914539 50.5574137156059 47.25970090348372
-14.00086759992205 20.41375504809029 21.16448812471785
-6.597720412042436 -71.36970287331046 1.207623345955259
26.60740275433553 -36.01385500441872 -3.24449002354532
11.18025868913517 48.59535793681463 42.93001118543113
12.11889089979015 -35.24668024181578 18.68836131280651
11.83679416063592 -32.88664554717594 66.69008723864013
-14.11894508265534 -60.1979142331469 54.70897583686056
-46.45795093509435 53.82097043983373 -9.722327027623546
36.33611823255296 -46.10212965506481 87.34371250247848
-69.80248162128177 12.25783032080835 0.3952797546138082
-45.63801550247898 16.42732016061206 -20.54654756761937
-68.20690821166812 21.38562047005232 62.6842080109498
-53.35047874808706 -47.76659720009965 -20.76762553760008
67.08218472434011 18.48933415866663 28.02887668070242
-5.609010109369476 51.16716475244652 41.05212549043801
22.91541401422636 -12.73094936091314 88.12988992141607
-11.0535153926855 41.38168396386221 68.22814047323514
-22.75599945559804 31.40387242449981 37.29320220331505
-22.45272873250882 -7.186757024772474 49.8183973229109
-41.25117940583985 41.11403991093003 30.07814954446039
-24.95725856641464 16.40511268675103 57.72647738968016
46.99603319557322 40.59888052992232 55.06317197427732
16.96032532865605 -45.33084390785051 50.13858480200594
28.39371741812759 4.084150299507137 39.02221358007634
-12.6404748505454 29.93266612611825 -20.69478217824743
49.75315286864559 36.43464376359028 21.52023408709461
-50.75250044242037 -27.4535132501304 -10.34310040965266
69.13152985951432 11.92444537109098 5.227221917487543
56.67942875309232 11.6595286798807 27.46461329010105
10.34983112106301 60.25767465404288 5.315404780603115
-20.11957475659648 -10.3211280257666 88.20293756632398
-17.53813048179244 16.25825566675362 78.96123119572913
27.80763856129094 36.15062751602442 42.76861362811654
56.58023945407674 40.58861165048706 -20.79739362551613
26.9653375381296 -32.80929831847246 77.87637033810539
2.906238259983974 -26.52855491459708 55.71807894337983
-9.203855460776396 58.33735392877021 78.32174949113964
23.57550009860281 5.006875602381895 -4.996149093381557
-30.50767805839044 38.33082395651734 76.04532722386193
-67.65938239138069 21.26286879955982 33.65096774256811
-19.45393830100565 43.36534340803505 -20.88741588597996
-60.74662422375788 9.757403046688426 29.51234116546455
-8.792036561035811 9.879070571663076 5.998660749016092
-15.34768342161692 69.98740660780983 54.80698263461051
35.50234409023017 -48.34668287488631 28.14154927528862
-21.74460253501523 5.691607145192613 69.31631879367448
-24.4210480990825 -9.670926116099807 -9.031612765353682
44.23033091184264 16.94734286932398 29.04196420875869
-59.54695344627273 6.198241794285247 62.9231418802548
5.899812044920017 -1.21968394521459 60.91810589087871
-34.47026613557662 -46.88733269268266 -4.067412420402499
-9.404746850375588 -19.93277297044633 63.45644440705911
13.54027588007838 -28.9367630628969 75.64555578447433
7.958062023693158 -24.40908061954136 -11.73160607753629
22.70457029514633 35.4551179469338 -10.73615717872176
-24.07152854926185 22.15705529227816 12.77708390973904
36.46474501416073 -10.23305932428212 18.08159235164552
-39.01058131104566 0.1572525255353625 -9.477229503844141
-66.84638914459569 -22.17334254496753 70.23686070484736
25.98988463030413 56.21705882929325 59.82534913627267
-41.87829276828273 57.58589043768023 78.11110110013797
-44.81581714252311 42.7777730060757 88.08746166283909
-26.11192947485594 56.62738053078286 -19.40780494296013
1.163371166694706 -21.17556617589354 76.95433241636071
-7.96382121550892 -9.619069226097317 78.77180875882918
46.76899825663903 19.08268762099664 50.21799420259666
3.435950638930284 -63.49880795664431 -10.4020292015637
-2.902592573052161 57.66379934952023 87.96941668011571
55.39603538327891 -21.04925690840064 -20.25356955380317
49.33835942300017 -51.87500097299979 33.25287072915216
43.1497907536037 -25.35318224549906 61.62692606868251
31.57654435589625 39.53540664670912 -0.5003644546589607
0.07044045534434407 -41.17938183153943 35.25575093889436
-11.53585838434542 34.02817241882993 33.21335214483602
23.52254419613163 -9.970697414780307 -20.46289938576085
20.21125788039003 10.29911619147765 17.3638270086536
-4.282973455189859 20.28398977530172 10.34633050273903
38.29400464487944 -10.2984287031768 -21.05404069086549
-56.64323094728887 23.690112446427 29.31955041459311
2.742533846185415 -26.11839096915839 18.63908117309835
-6.969443798711306 9.914518962703141 -12.48637573016491
42.49232110247983 -56.66560676994434 -10.19864060947155
9.720767796007179 -0.6284239164912306 23.66853856095092
-31.8929423871671 -21.04820084719061 68.39698672411339
12.89289161034425 6.706400766489361 53.93783160480152
-39.01226968130956 48.87281778272896 1.144340295330357
5.207783512652957 -1.43277213356571 -10.97737896641727
56.46633947870338 10.05503776292245 -8.939342570481127
3.913919595759532 23.91982205769323 33.26716441669343
2.919700385671296 -59.51674298439184 77.64521584192188
-13.19511175359307 46.80983558973828 61.68678657980609
-38.46438994483226 26.41567993430397 -7.618683251738195
-63.42870446049609 33.65573090160399 21.67462735609339
-48.21207171018671 -1.878370934939111 -3.73121431211381
40.06129229722197 -16.33659102763615 9.52798901659312
-47.85680461170535 -7.87366698256895 41.11404974715182
6.762098589563909 46.85337615577919 60.55130064165578
-24.67213209086667 58.13553549143253 49.28862810568165
-9.013085701353905 -47.05743112333164 3.74647048888226
-48.86233322439565 -35.60592070006159 76.01121670452304
1.796901782697468 -30.67932447614248 33.15347979419211
-60.68283958261702 -8.997087715988165 59.76988311405681
-14.41880639758381 21.64562068617445 1.444669430817269
59.17839806344792 -38.30698721360859 -10.57696302471844
-70.59639108989626 -10.19849880236542 7.0778674918517
-24.07125147205008 -45.19892048083177 0.3766410514694766
33.08787891921976 41.39812156980021 26.08354105373822
39.66060179059544 -17.62707082199609 39.5948574407826
-5.194995847789698 20.62573090627854 74.82738683241617
4.942559400384722 -44.66541613684734 11.2592347604009
-11.14615929340465 -24.70003213766802 78.44004339730579
52.54840762481874 48.18217880717564 47.78373480953859
-23.93278346134413 53.52016373452001 -3.722124418949024
17.07599992884033 -58.34327179648659 19.35976755484178
-43.7696104492621 1.534270678073485 87.54848971567863
33.03215324593992 -16.53296139198611 -10.60870770794994
-10.00981497270126 -70.96860575729113 59.28651498419192
19.06173116765853 18.3737348487847 -1.933765634342255
2.82558997353271 39.41268201593064 88.47681896392831
-51.49949162810584 -19.877862817781 78.26622726858018
-11.39525566834946 -49.77339751064608 -19.77791945074541
-44.24009526895038 -44.27043767420103 18.5898550139394
-45.8120121969151 -27.0717953892369 18.2153763580653
54.74885577654605 4.478431834282834 50.98823768585669
-5.992392908345913 32.11795874233537 59.93384812000299
38.21975334807619 -43.87379598500059 64.67977291937814
70.33028970194883 -8.909659767898507 -9.65843287668228
-8.73424843458338 -69.93560505279476 81.47751690364767
29.00391549037525 51.50735708183969 69.00314595553736
29.9450276687659 19.32811736659511 88.8255172591535
-47.10804687642683 -20.34998337340329 35.41806761571794
20.65491610897034 -10.35407694910758 -2.402897361685164
-29.44046619791098 -36.3190566106335 72.40058536005363
18.53903846795838 46.96484708465469 58.71002723219904
17.08584605672517 -50.72788522179501 5.650579520259201
-22.69910418349949 -8.744422509231477 -0.9449483492404429
-10.26985862299203 -31.42890604819512 13.67019620851756
56.16745935238245 14.51535315361754 88.19303780394958
-16.59141259379978 -6.036754106318013 -19.75604755318031
32.25520409984016 -63.60468092780714 59.09634082913677
31.16900642886602 0.0951309791642605 24.94504542285659
-6.652450820862722 6.011539510878155 -19.98057756094712
56.82373842241243 44.36814443197915 30.09996051318459
48.22276595122026 -2.978570040419277 44.70109479101948
25.39734929775758 -40.10760769661936 -20.549924234793
46.39359207102345 6.157379243338319 6.560707967876345
32.44400016429152 -25.33892119038421 87.75554611691776
-1.017088842896662 -13.07977656759645 11.54506087004162
-6.83960678933877 -21.13505094675393 -21.00515515214612
-54.70227330948612 0.09600120900126008 39.83476578317969
-44.08909463036441 39.10717406052959 -20.48994019643088
-41.79464538182278 58.15665583202807 35.96019130555052
39.66286131556581 -3.104932017503108 -8.502316639416239
-52.63128331482313 45.564808130208 73.86323855548221
67.55561795008208 20.9737721305914 66.94316547060947
-19.90565071158709 -53.40804415048372 -13.08649010702461
67.92498713443125 17.08204524536674 47.69305938278681
12.54345884128883 -46.00356300465526 -5.290280960412691
-23.46447339180866 -66.91428456404505 79.67759871462941
-44.90433343926916 -5.924403903206249 -20.11749447799523
33.90089997359258 -20.13155946394653 77.47141136346129
14.8888184920513 -24.40594633520964 17.16420025848261
32.31411096266233 16.06116417780137 3.31277512397856
-22.6709029475514 67.64361107528156 -7.174486497845173
-12.59878498601717 -24.99881473363742 50.72041076391452
53.24382535513903 -48.06776527292898 19.92722135800881
56.88460054600376 -43.40999525712299 31.85128185975123
-59.40094552843551 21.69847270440819 57.16853117427006
-19.97596638282042 69.05111525203343 34.32625042872741
25.31966771054464 -12.54596272300571 66.70205927450085

CELLS 28853 137579
1 0
1 1
1 2
1 3
1 4
1 5
1 6
1 7
1 8
1 9
1 10
1 11
1 12
1 13
1 14
1 15
2 0 16
2 16 17
2 17 18
2 18 19
2 19 20
2 20 21
2 21 22
2 22 23
2 23 24
2 24 25
2 25 26
2 26 27
2 27 28
2 28 29
2 29 30
2 30 31
2 31 32
2 32 33
2 33 34
2 34 35
2 35 36
2 36 37
2 37 38
2 38 39
2 39 40
2 40 41
2 41 42
2 42 43
2 43 44
2 44 1
2 0 2
2 2 45
2 45 46
2 46 47
2 47 48
2 48 49
2 49 50
2 50 51
2 51 52
2 52 53
2 53 54
2 54 55
2 55 56
2 56 57
2 57 58
2 58 59
2 59 60
2 60 61
2 61 62
2 62 63
2 63 64
2 64 65
2 65 66
2 66 67
2 67 68
2 68 69
2 69 70
2 70 71
2 71 72
2 72 73
2 73 3
2 1 3
2 4 74
2 74 75
2 75 76
2 76 77
2 77 78
2 78 79
2 79 80
2 80 81
2 81 82
2 82 83
2 83 84
2 84 85
2 85 86
2 86 87
2 87 88
2 88 89
2 89 90
2 90 91
2 91 92
2 92 93
2 93 94
2 94 95
2 95 96
2 96 97
2 97 98
2 98 99
2 99 100
2 100 101
2 101 102
2 102 103
2 103 104
2 104 105
2 105 5
2 5 6
2 7 106
2 106 107
2 107 108
2 108 109
2 109 110
2 110 111
2 111 112
2 112 113
2 113 114
2 114 115
2 115 116
2 116 117
2 117 118
2 118 119
2 119 120
2 120 121
2 121 122
2 122 123
2 123 124
2 124 125
2 125 126
2 126 127
2 127 128
2 128 129
2 129 130
2 130 131
2 131 132
2 132 133
2 133 134
2 134 135
2 135 136
2 136 137
2 137 6
2 4 7
2 8 138
2 138 139
2 139 140
2 140 141
2 141 142
2 142 143
2 143 144
2 144 145
2 145 146
2 146 147
2 147 148
2 148 149
2 149 150
2 150 151
2 151 152
2 152 153
2 153 154
2 154 155
2 155 156
2 156 157
2 157 158
2 158 159
2 159 160
2 160 161
2 161 162
2 162 163
2 163 164
2 164 165
2 165 166
2 166 9
2 8 167
2 167 168
2 168 169
2 169 170
2 170 171
2 171 172
2 172 173
2 173 174
2 174 175
2 175 176
2 176 177
2 177 178
2 178 179
2 179 10
2 11 180
2 180 181
2 181 182
2 182 183
2 183 184
2 184 185
2 185 186
2 186 187
2 187 188
2 188 189
2 189 190
2 190 191
2 191 192
2 192 193
2 193 194
2 194 195
2 195 196
2 196 197
2 197 198
2 198 199
2 199 200
2 200 201
2 201 202
2 202 203
2 203 204
2 204 205
2 205 206
2 206 207
2 207 208
2 208 10
2 9 209
2 209 210
2 210 211
2 211 212
2 212 213
2 213 214
2 214 215
2 215 216
2 216 217
2 217 218
2 218 219
2 219 220
2 220 221
2 221 11
2 9 222
2 222 223
2 223 224
2 224 225
2 225 226
2 226 227
2 227 228
2 228 229
2 229 230
2 230 231
2 231 232
2 232 233
2 233 234
2 234 235
2 235 236
2 236 237
2 237 238
2 238 239
2 239 240
2 240 241
2 241 242
2 242 243
2 243 244
2 244 245
2 245 246
2 246 247
2 247 248
2 248 249
2 249 250
2 250 8
2 10 251
2 251 252
2 252 253
2 253 254
2 254 255
2 255 256
2 256 257
2 257 258
2 258 259
2 259 260
2 260 261
2 261 262
2 262 263
2 263 264
2 264 265
2 265 266
2 266 267
2 267 268
2 268 269
2 269 270
2 270 271
2 271 272
2 272 273
2 273 274
2 274 275
2 275 276
2 276 277
2 277 278
2 278 279
2 279 11
2 5 280
2 280 281
2 281 282
2 282 283
2 283 284
2 284 285
2 285 286
2 286 287
2 287 288
2 288 289
2 289 290
2 290 291
2 291 292
2 292 293
2 293 294
2 294 295
2 295 296
2 296 297
2 297 298
2 298 299
2 299 300
2 300 301
2 301 302
2 302 303
2 303 304
2 304 305
2 305 306
2 306 307
2 307 308
2 308 309
2 309 310
2 310 311
2 311 4
2 6 312
2 312 313
2 313 314
2 314 315
2 315 316
2 316 317
2 317 318
2 318 319
2 319 320
2 320 321
2 321 322
2 322 323
2 323 324
2 324 325
2 325 326
2 326 327
2 327 328
2 328 329
2 329 330
2 330 331
2 331 332
2 332 333
2 333 334
2 334 335
2 335 336
2 336 337
2 337 338
2 338 339
2 339 340
2 340 341
2 341 342
2 342 343
2 343 7
2 3 344
2 344 345
2 345 346
2 346 347
2 347 348
2 348 349
2 349 350
2 350 351
2 351 352
2 352 353
2 353 354
2 354 355
2 355 356
2 356 357
2 357 358
2 358 359
2 359 360
2 360 361
2 361 362
2 362 363
2 363 364
2 364 365
2 365 366
2 366 367
2 367 368
2 368 369
2 369 370
2 370 371
2 371 372
2 372 2
2 1 373
2 373 374
2 374 375
2 375 376
2 376 377
2 377 378
2 378 379
2 379 380
2 380 381
2 381 382
2 382 383
2 383 384
2 384 385
2 385 386
2 386 387
2 387 388
2 388 389
2 389 390
2 390 391
2 391 392
2 392 393
2 393 394
2 394 395
2 395 396
2 396 397
2 397 398
2 398 399
2 399 400
2 400 401
2 401 0
2 12 13
2 13 402
2 402 403
2 403 404
2 404 405
2 405 406
2 406 407
2 407 408
2 408 409
2 409 410
2 410 411
2 411 412
2 412 413
2 413 414
2 414 415
2 415 416
2 416 417
2 417 418
2 418 419
2 419 420
2 420 421
2 421 422
2 422 423
2 423 424
2 424 425
2 425 426
2 426 427
2 427 14
2 15 14
2 12 428
2 428 429
2 429 430
2 430 431
2 431 432
2 432 433
2 433 434
2 434 435
2 435 436
2 436 437
2 437 438
2 438 439
2 439 440
2 440 441
2 441 442
2 442 443
2 443 444
2 444 445
2 445 446
2 446 447
2 447 448
2 448 449
2 449 450
2 450 451
2 451 452
2 452 453
2 453 15
2 14 454
2 454 455
2 455 456
2 456 457
2 457 458
2 458 459
2 459 460
2 460 461
2 461 462
2 462 463
2 463 464
2 464 465
2 465 466
2 466 467
2 467 468
2 468 469
2 469 470
2 470 471
2 471 472
2 472 473
2 473 474
2 474 475
2 475 476
2 476 477
2 477 478
2 478 479
2 479 13
2 15 480
2 480 481
2 481 482
2 482 483
2 483 484
2 484 485
2 485 486
2 486 487
2 487 488
2 488 489
2 489 490
2 490 491
2 491 492
2 492 493
2 493 494
2 494 495
2 495 496
2 496 497
2 497 498
2 498 499
2 499 500
2 500 501
2 501 502
2 502 503
2 503 504
2 504 505
2 505 12
3 2 511 0
3 0 511 16
3 1 520 3
3 44 520 1
3 45 511 2
3 3 520 73
3 16 512 17
3 16 511 45
3 45 512 16
3 17 516 18
3 17 512 46
3 46 516 17
3 18 508 19
3 47 508 18
3 18 516 47
3 19 510 20
3 19 508 48
3 48 510 19
3 20 515 21
3 20 510 49
3 49 515 20
3 21 506 22
3 50 506 21
3 21 515 50
3 22 507 23
3 22 506 51
3 51 507 22
3 23 509 24
3 23 507 52
3 52 509 23
3 24 521 25
3 24 509 53
3 53 521 24
3 25 522 26
3 25 521 54
3 54 522 25
3 26 517 27
3 55 517 26
3 26 522 55
3 27 523 28
3 27 517 56
3 56 523 27
3 28 513 29
3 57 513 28
3 28 523 57
3 29 518 30
3 29 513 58
3 58 518 29
3 30 525 31
3 30 518 59
3 59 525 30
3 31 528 32
3 31 525 60
3 60 528 31
3 32 524 33
3 61 524 32
3 32 528 61
3 33 531 34
3 33 524 62
3 62 531 33
3 34 527 35
3 63 527 34
3 34 531 63
3 35 519 36
3 64 519 35
3 35 527 64
3 36 529 37
3 36 519 65
3 65 529 36
3 37 514 38
3 66 514 37
3 37 529 66
3 38 535 39
3 38 514 67
3 67 535 38
3 39 532 40
3 68 532 39
3 39 535 68
3 40 530 41
3 69 530 40
3 40 532 69
3 41 534 42
3 41 530 70
3 70 534 41
3 42 526 43
3 71 526 42
3 42 534 71
3 43 533 44
3 43 526 72
3 72 533 43
3 73 520 44
3 44 533 73
3 46 512 45
3 47 516 46
3 48 508 47
3 49 510 48
3 50 515 49
3 51 506 50
3 52 507 51
3 53 509 52
3 54 521 53
3 55 522 54
3 56 517 55
3 57 523 56
3 58 513 57
3 59 518 58
3 60 525 59
3 61 528 60
3 62 524 61
3 63 531 62
3 64 527 63
3 65 519 64
3 66 529 65
3 67 514 66
3 68 535 67
3 69 532 68
3 70 530 69
3 71 534 70
3 72 526 71
3 73 533 72
3 4 553 7
3 74 553 4
3 6 568 5
3 5 568 105
3 137 568 6
3 7 553 106
3 75 559 74
3 106 553 74
3 74 559 106
3 76 551 75
3 75 551 107
3 107 559 75
3 77 554 76
3 108 551 76
3 76 554 108
3 78 555 77
3 109 554 77
3 77 555 109
3 79 548 78
3 78 548 110
3 110 555 78
3 80 556 79
3 111 548 79
3 79 556 111
3 81 539 80
3 80 539 112
3 112 556 80
3 82 565 81
3 113 539 81
3 81 565 113
3 83 546 82
3 82 546 114
3 114 565 82
3 84 560 83
3 115 546 83
3 83 560 115
3 85 557 84
3 84 557 116
3 116 560 84
3 86 564 85
3 117 557 85
3 85 564 117
3 87 541 86
3 86 541 118
3 118 564 86
3 88 562 87
3 119 541 87
3 87 562 119
3 89 547 88
3 88 547 120
3 120 562 88
3 90 563 89
3 121 547 89
3 89 563 121
3 91 542 90
3 90 542 122
3 122 563 90
3 92 566 91
3 123 542 91
3 91 566 123
3 93 558 92
3 92 558 124
3 124 566 92
3 94 561 93
3 125 558 93
3 93 561 125
3 95 540 94
3 94 540 126
3 126 561 94
3 96 549 95
3 127 540 95
3 95 549 127
3 97 537 96
3 96 537 128
3 128 549 96
3 98 567 97
3 129 537 97
3 97 567 129
3 99 538 98
3 98 538 130
3 130 567 98
3 100 543 99
3 131 538 99
3 99 543 131
3 101 550 100
3 132 543 100
3 100 550 132
3 102 536 101
3 101 536 133
3 133 550 101
3 103 544 102
3 134 536 102
3 102 544 134
3 104 552 103
3 135 544 103
3 103 552 135
3 105 545 104
3 104 545 136
3 136 552 104
3 137 545 105
3 105 568 137
3 106 559 107
3 107 551 108
3 108 554 109
3 109 555 110
3 110 548 111
3 111 556 112
3 112 539 113
3 113 565 114
3 114 546 115
3 115 560 116
3 116 557 117
3 117 564 118
3 118 541 119
3 119 562 120
3 120 547 121
3 121 563 122
3 122 542 123
3 123 566 124
3 124 558 125
3 125 561 126
3 126 540 127
3 127 549 128
3 128 537 129
3 129 567 130
3 130 538 131
3 131 543 132
3 132 550 133
3 133 536 134
3 134 544 135
3 135 552 136
3 136 545 137
3 8 1017 138
3 167 1017 8
3 166 1015 9
3 9 1015 209
3 10 1016 179
3 208 1016 10
3 11 1014 180
3 221 1014 11
3 138 601 139
3 138 1017 601
3 139 962 140
3 601 962 139
3 140 593 141
3 140 962 593
3 141 955 142
3 593 955 141
3 142 579 143
3 142 955 579
3 143 996 144
3 579 996 143
3 144 809 145
3 144 996 809
3 145 570 146
3 145 809 570
3 146 951 147
3 570 951 146
3 147 592 148
3 147 951 592
3 148 947 149
3 592 947 148
3 149 572 150
3 149 947 572
3 150 998 151
3 572 998 150
3 151 589 152
3 151 998 589
3 152 992 153
3 589 992 152
3 153 580 154
3 153 992 580
3 154 944 155
3 580 944 154
3 155 990 156
3 944 990 155
3 156 573 157
3 156 990 573
3 157 997 158
3 573 997 157
3 158 594 159
3 158 997 594
3 159 957 160
3 594 957 159
3 160 577 161
3 160 957 577
3 161 956 162
3 577 956 161
3 162 1003 163
3 956 1003 162
3 163 587 164
3 163 1003 587
3 164 999 165
3 587 999 164
3 165 813 166
3 165 999 813
3 813 1015 166
3 168 969 167
3 969 1017 167
3 169 597 168
3 597 969 168
3 170 835 169
3 169 835 597
3 171 583 170
3 583 835 170
3 172 848 171
3 171 848 583
3 173 849 172
3 172 849 848
3 174 576 173
3 576 849 173
3 175 854 174
3 174 854 576
3 176 853 175
3 853 854 175
3 177 586 176
3 586 853 176
3 178 823 177
3 177 823 586
3 179 599 178
3 599 823 178
3 179 1016 599
3 180 971 181
3 180 1014 971
3 181 598 182
3 181 971 598
3 182 961 183
3 598 961 182
3 183 584 184
3 183 961 584
3 184 972 185
3 584 972 184
3 185 978 186
3 972 978 185
3 186 569 187
3 186 978 569
3 187 948 188
3 569 948 187
3 188 590 189
3 188 948 590
3 189 946 190
3 590 946 189
3 190 581 191
3 190 946 581
3 191 973 192
3 581 973 191
3 192 974 193
3 973 974 192
3 193 571 194
3 193 974 571
3 194 952 195
3 571 952 194
3 195 943 196
3 195 952 943
3 196 591 197
3 196 943 591
3 197 949 198
3 591 949 197
3 198 574 199
3 198 949 574
3 199 953 200
3 574 953 199
3 200 595 201
3 200 953 595
3 201 954 202
3 595 954 201
3 202 578 203
3 202 954 578
3 203 958 204
3 578 958 203
3 204 1004 205
3 958 1004 204
3 205 588 206
3 205 1004 588
3 206 1000 207
3 588 1000 206
3 207 825 208
3 207 1000 825
3 825 1016 208
3 209 600 210
3 209 1015 600
3 210 602 211
3 600 602 210
3 211 585 212
3 211 602 585
3 212 851 213
3 585 851 212
3 213 852 214
3 851 852 213
3 214 575 215
3 214 852 575
3 215 966 216
3 575 966 215
3 216 942 217
3 216 966 942
3 217 582 218
3 217 942 582
3 218 960 219
3 582 960 218
3 219 596 220
3 219 960 596
3 220 842 221
3 596 842 220
3 842 1014 221
3 569 978 844
3 844 983 569
3 569 983 948
3 809 994 570
3 865 951 570
3 570 994 865
3 571 974 888
3 888 987 571
3 571 987 952
3 906 908 572
3 572 984 906
3 908 998 572
3 947 984 572
3 806 807 573
3 573 808 806
3 807 997 573
3 573 990 808
3 949 950 574
3 950 976 574
3 574 976 953
3 852 909 575
3 909 965 575
3 965 966 575
3 576 1009 849
3 854 855 576
3 855 1009 576
3 577 957 803
3 803 980 577
3 577 980 956
3 954 1005 578
3 578 986 958
3 578 1005 986
3 579 863 802
3 802 996 579
3 579 981 863
3 955 981 579
3 914 970 580
3 580 992 914
3 580 945 944
3 580 970 945
3 800 973 581
3 581 988 800
3 946 988 581
3 811 933 582
3 582 942 811
3 933 960 582
3 583 1007 835
3 848 1008 583
3 583 1008 1007
3 797 972 584
3 584 991 797
3 961 991 584
3 602 603 585
3 603 604 585
3 604 851 585
3 823 832 586
3 832 833 586
3 833 853 586
3 587 816 814
3 814 999 587
3 587 817 816
3 587 1003 817
3 588 828 826
3 826 1000 588
3 588 829 828
3 588 1004 829
3 908 913 589
3 589 998 908
3 913 914 589
3 914 992 589
3 590 1002 946
3 948 1024 590
3 590 1024 1002
3 943 1023 591
3 591 982 949
3 591 1023 982
3 904 947 592
3 592 977 904
3 951 977 592
3 799 955 593
3 593 1018 799
3 962 1018 593
3 807 890 594
3 594 997 807
3 890 985 594
3 594 985 957
3 595 953 796
3 796 989 595
3 595 989 954
3 810 843 596
3 596 960 810
3 596 843 842
3 835 836 597
3 836 837 597
3 837 969 597
3 598 971 843
3 843 995 598
3 598 995 961
3 599 824 823
3 599 825 824
3 599 1016 825
3 600 812 602
3 600 813 812
3 600 1015 813
3 837 962 601
3 601 969 837
3 601 1017 969
3 602 812 603
3 603 605 604
3 603 815 605
3 812 815 603
3 605 606 604
3 606 898 604
3 604 898 851
3 605 607 606
3 605 712 607
3 605 815 712
3 607 608 606
3 608 760 606
3 760 898 606
3 607 609 608
3 607 820 609
3 712 820 607
3 609 610 608
3 610 896 608
3 608 896 760
3 609 611 610
3 609 680 611
3 609 820 680
3 611 612 610
3 612 660 610
3 660 896 610
3 611 613 612
3 611 841 613
3 680 841 611
3 613 614 612
3 614 876 612
3 612 876 660
3 613 615 614
3 613 661 615
3 613 841 661
3 615 616 614
3 616 620 614
3 620 876 614
3 615 617 616
3 615 858 617
3 661 858 615
3 617 618 616
3 618 927 616
3 616 927 620
3 617 619 618
3 617 621 619
3 617 858 621
3 619 901 618
3 901 916 618
3 916 927 618
3 621 622 619
3 622 623 619
3 623 901 619
3 620 935 876
3 927 931 620
3 931 935 620
3 621 875 622
3 858 911 621
3 621 911 875
3 622 624 623
3 622 625 624
3 622 875 625
3 624 874 623
3 874 900 623
3 900 901 623
3 625 626 624
3 626 627 624
3 627 874 624
3 625 664 626
3 625 665 664
3 625 875 665
3 626 628 627
3 626 873 628
3 664 873 626
3 628 629 627
3 629 662 627
3 662 874 627
3 628 630 629
3 628 631 630
3 628 873 631
3 630 880 629
3 629 663 662
3 629 880 663
3 631 632 630
3 632 633 630
3 633 880 630
3 631 870 632
3 869 870 631
3 631 873 869
3 632 634 633
3 632 635 634
3 632 870 635
3 634 883 633
3 633 882 880
3 633 883 882
3 635 636 634
3 636 637 634
3 637 883 634
3 635 886 636
3 870 871 635
3 871 886 635
3 636 638 637
3 636 639 638
3 636 886 639
3 638 860 637
3 637 860 859
3 859 883 637
3 639 640 638
3 640 641 638
3 641 860 638
3 639 921 640
3 886 887 639
3 887 921 639
3 640 642 641
3 640 643 642
3 640 921 643
3 642 891 641
3 641 862 860
3 641 891 862
3 643 644 642
3 644 645 642
3 645 891 642
3 643 923 644
3 921 922 643
3 922 923 643
3 644 646 645
3 644 647 646
3 644 923 647
3 646 846 645
3 846 892 645
3 645 892 891
3 647 648 646
3 648 649 646
3 649 846 646
3 647 930 648
3 923 926 647
3 926 930 647
3 648 650 649
3 648 651 650
3 648 930 651
3 650 667 649
3 667 668 649
3 668 846 649
3 651 652 650
3 652 899 650
3 650 899 667
3 651 653 652
3 651 845 653
3 651 930 845
3 653 654 652
3 654 655 652
3 655 899 652
3 653 656 654
3 653 659 656
3 653 845 659
3 654 910 655
3 656 657 654
3 657 910 654
3 655 920 899
3 910 937 655
3 655 937 920
3 656 658 657
3 656 834 658
3 659 834 656
3 658 669 657
3 669 670 657
3 670 910 657
3 658 673 669
3 658 677 673
3 658 834 677
3 821 834 659
3 659 866 821
3 845 866 659
3 876 939 660
3 660 959 896
3 939 959 660
3 841 932 661
3 661 929 858
3 661 932 929
3 663 671 662
3 671 893 662
3 662 893 874
3 663 674 671
3 663 881 674
3 880 881 663
3 665 666 664
3 666 868 664
3 868 873 664
3 665 678 666
3 665 895 678
3 875 895 665
3 678 681 666
3 681 682 666
3 682 868 666
3 667 672 668
3 667 897 672
3 667 899 897
3 672 679 668
3 679 847 668
3 668 847 846
3 669 675 670
3 673 902 669
3 669 902 675
3 675 676 670
3 676 840 670
3 840 910 670
3 674 685 671
3 685 686 671
3 686 893 671
3 672 687 679
3 672 688 687
3 672 897 688
3 677 683 673
3 683 684 673
3 684 902 673
3 674 689 685
3 674 690 689
3 674 881 690
3 675 691 676
3 675 928 691
3 902 928 675
3 691 692 676
3 692 693 676
3 693 840 676
3 677 708 683
3 677 717 708
3 677 834 717
3 678 709 681
3 678 710 709
3 678 895 710
3 687 703 679
3 703 704 679
3 704 847 679
3 820 967 680
3 680 936 841
3 680 967 936
3 681 701 682
3 681 963 701
3 709 963 681
3 701 702 682
3 702 720 682
3 720 868 682
3 683 715 684
3 708 838 683
3 683 838 715
3 715 716 684
3 716 755 684
3 755 902 684
3 685 706 686
3 689 877 685
3 685 877 706
3 706 707 686
3 707 738 686
3 738 893 686
3 688 705 687
3 687 861 703
3 705 861 687
3 688 783 705
3 688 784 783
3 688 897 784
3 690 713 689
3 713 800 689
3 800 877 689
3 690 714 713
3 690 732 714
3 690 881 732
3 691 795 692
3 691 1010 795
3 928 1010 691
3 692 694 693
3 692 1013 694
3 795 1013 692
3 694 695 693
3 695 839 693
3 839 840 693
3 694 696 695
3 694 711 696
3 694 1013 711
3 696 697 695
3 697 699 695
3 699 839 695
3 696 698 697
3 696 1019 698
3 711 1019 696
3 698 993 697
3 697 700 699
3 697 993 700
3 698 1011 827
3 827 1020 698
3 698 1020 993
3 698 1019 1011
3 700 940 699
3 699 938 839
3 699 940 938
3 700 993 830
3 830 1021 700
3 700 941 940
3 700 1021 941
3 701 979 702
3 963 968 701
3 968 979 701
3 702 721 720
3 702 722 721
3 702 979 722
3 703 782 704
3 703 796 782
3 703 861 796
3 782 919 704
3 704 918 847
3 704 919 918
3 783 788 705
3 788 790 705
3 790 861 705
3 706 879 707
3 877 878 706
3 878 879 706
3 707 739 738
3 707 740 739
3 707 879 740
3 717 718 708
3 718 863 708
3 708 863 838
3 710 764 709
3 764 806 709
3 806 963 709
3 710 765 764
3 710 766 765
3 710 895 766
3 711 1012 833
3 833 1019 711
3 855 1012 711
3 711 1013 855
3 815 816 712
3 816 818 712
3 818 820 712
3 714 888 713
3 713 801 800
3 713 888 801
3 732 733 714
3 733 771 714
3 771 888 714
3 715 770 716
3 715 799 770
3 715 838 799
3 716 793 755
3 770 1006 716
3 716 1006 793
3 717 719 718
3 717 821 719
3 717 834 821
3 719 792 718
3 792 802 718
3 802 863 718
3 719 822 792
3 821 864 719
3 719 864 822
3 721 872 720
3 720 869 868
3 720 872 869
3 722 723 721
3 723 724 721
3 724 872 721
3 722 934 723
3 722 970 934
3 722 979 970
3 723 725 724
3 723 726 725
3 723 934 726
3 725 885 724
3 871 872 724
3 724 885 871
3 726 727 725
3 727 728 725
3 728 885 725
3 726 907 727
3 726 913 907
3 726 934 913
3 727 729 728
3 727 730 729
3 727 907 730
3 729 924 728
3 728 887 885
3 728 924 887
3 730 731 729
3 731 734 729
3 734 924 729
3 730 905 731
3 730 906 905
3 730 907 906
3 731 735 734
3 731 736 735
3 731 905 736
3 732 884 733
3 881 882 732
3 882 884 732
3 733 772 771
3 733 773 772
3 733 884 773
3 735 925 734
3 922 924 734
3 734 925 922
3 736 737 735
3 737 754 735
3 754 925 735
3 736 903 737
3 736 904 903
3 736 905 904
3 737 759 754
3 737 763 759
3 737 903 763
3 739 912 738
3 738 900 893
3 738 912 900
3 740 741 739
3 741 742 739
3 742 912 739
3 740 856 741
3 740 857 856
3 740 879 857
3 741 743 742
3 741 744 743
3 741 856 744
3 743 779 742
3 779 916 742
3 742 916 912
3 744 745 743
3 745 894 743
3 743 894 779
3 744 746 745
3 744 844 746
3 744 856 844
3 746 747 745
3 747 748 745
3 748 894 745
3 746 797 747
3 746 798 797
3 746 844 798
3 747 749 748
3 747 915 749
3 797 915 747
3 749 750 748
3 750 889 748
3 889 894 748
3 749 751 750
3 749 753 751
3 749 915 753
3 751 752 750
3 752 756 750
3 756 889 750
3 751 917 752
3 753 762 751
3 762 917 751
3 752 757 756
3 752 758 757
3 752 917 758
3 753 789 762
3 753 791 789
3 753 915 791
3 759 780 754
3 780 926 754
3 754 926 925
3 793 794 755
3 794 928 755
3 755 928 902
3 757 939 756
3 756 935 889
3 756 939 935
3 758 761 757
3 761 959 757
3 757 959 939
3 758 781 761
3 758 811 781
3 758 917 811
3 763 864 759
3 759 866 780
3 864 866 759
3 896 964 760
3 760 909 898
3 760 964 909
3 781 965 761
3 761 964 959
3 761 965 964
3 789 810 762
3 810 933 762
3 762 933 917
3 822 864 763
3 763 865 822
3 763 903 865
3 765 890 764
3 764 807 806
3 764 890 807
3 766 767 765
3 767 768 765
3 768 890 765
3 766 929 767
3 895 911 766
3 911 929 766
3 767 769 768
3 767 932 769
3 929 932 767
3 769 803 768
3 803 985 768
3 768 985 890
3 769 804 803
3 769 936 804
3 932 936 769
3 799 1018 770
3 975 1006 770
3 770 1018 975
3 772 775 771
3 775 987 771
3 771 987 888
3 773 774 772
3 774 867 772
3 772 867 775
3 773 776 774
3 773 859 776
3 773 884 859
3 776 777 774
3 777 778 774
3 778 867 774
3 867 1001 775
3 952 987 775
3 775 1001 952
3 776 862 777
3 859 860 776
3 860 862 776
3 777 785 778
3 777 787 785
3 777 862 787
3 785 786 778
3 786 805 778
3 805 867 778
3 894 931 779
3 779 927 916
3 779 931 927
3 780 866 845
3 845 930 780
3 780 930 926
3 811 942 781
3 942 966 781
3 781 966 965
3 796 976 782
3 782 950 919
3 782 976 950
3 784 940 783
3 783 941 788
3 940 941 783
3 897 920 784
3 920 938 784
3 938 940 784
3 785 919 786
3 787 918 785
3 918 919 785
3 786 982 805
3 919 950 786
3 950 982 786
3 862 891 787
3 891 892 787
3 892 918 787
3 788 1005 790
3 941 1022 788
3 788 1022 1005
3 791 995 789
3 789 843 810
3 789 995 843
3 790 989 861
3 954 989 790
3 790 1005 954
3 915 991 791
3 791 991 961
3 961 995 791
3 792 809 802
3 792 994 809
3 822 994 792
3 793 1007 794
3 793 1006 836
3 836 1007 793
3 794 1008 850
3 850 1010 794
3 794 1010 928
3 1007 1008 794
3 850 1009 795
3 795 1010 850
3 795 1009 855
3 855 1013 795
3 861 989 796
3 953 976 796
3 798 972 797
3 797 991 915
3 844 978 798
3 798 978 972
3 838 981 799
3 799 981 955
3 801 973 800
3 800 988 877
3 888 974 801
3 801 974 973
3 809 996 802
3 804 980 803
3 957 985 803
3 804 967 819
3 819 980 804
3 936 967 804
3 805 1001 867
3 982 1023 805
3 805 1023 1001
3 808 963 806
3 944 968 808
3 808 990 944
3 808 968 963
3 810 960 933
3 917 933 811
3 813 814 812
3 814 815 812
3 813 999 814
3 814 816 815
3 817 818 816
3 817 819 818
3 817 956 819
3 817 1003 956
3 819 967 818
3 818 967 820
3 956 980 819
3 821 866 864
3 865 994 822
3 824 832 823
3 825 826 824
3 826 827 824
3 827 832 824
3 825 1000 826
3 826 828 827
3 828 1020 827
3 827 1011 832
3 829 830 828
3 830 1020 828
3 829 831 830
3 829 958 831
3 829 1004 958
3 831 1021 830
3 993 1020 830
3 958 986 831
3 986 1022 831
3 831 1022 1021
3 832 1011 833
3 833 1012 853
3 1011 1019 833
3 835 1007 836
3 836 1006 837
3 837 975 962
3 837 1006 975
3 863 981 838
3 839 937 840
3 839 938 937
3 840 937 910
3 841 936 932
3 843 971 842
3 971 1014 842
3 856 983 844
3 847 892 846
3 847 918 892
3 849 850 848
3 850 1008 848
3 849 1009 850
3 851 898 852
3 898 909 852
3 853 1012 854
3 854 1012 855
3 857 983 856
3 879 1002 857
3 857 1024 983
3 1002 1024 857
3 858 929 911
3 859 884 883
3 903 977 865
3 865 977 951
3 869 873 868
3 869 872 870
3 870 872 871
3 885 886 871
3 893 900 874
3 875 911 895
3 935 939 876
3 877 988 878
3 878 1002 879
3 878 988 946
3 946 1002 878
3 880 882 881
3 883 884 882
3 885 887 886
3 887 924 921
3 889 931 894
3 889 935 931
3 959 964 896
3 899 920 897
3 900 912 901
3 912 916 901
3 904 977 903
3 905 984 904
3 904 984 947
3 906 984 905
3 907 908 906
3 907 913 908
3 964 965 909
3 913 934 914
3 934 970 914
3 937 938 920
3 921 924 922
3 922 925 923
3 925 926 923
3 1021 1022 941
3 952 1001 943
3 1001 1023 943
3 945 968 944
3 945 979 968
3 970 979 945
3 983 1024 948
3 949 982 950
3 975 1018 962
3 1005 1022 986
3 8 1472 167
3 250 1472 8
3 209 1469 9
3 9 1469 222
3 179 1470 10
3 10 1470 251
3 11 1471 221
3 279 1471 11
3 167 1055 168
3 167 1472 1055
3 168 1290 169
3 1055 1290 168
3 169 1042 170
3 169 1290 1042
3 170 1318 171
3 1042 1318 170
3 171 1319 172
3 1318 1319 171
3 172 1031 173
3 172 1319 1031
3 173 1321 174
3 1031 1321 173
3 174 1322 175
3 1321 1322 174
3 175 1038 176
3 175 1322 1038
3 176 1301 177
3 1038 1301 176
3 177 1050 178
3 177 1301 1050
3 178 1308 179
3 1050 1308 178
3 1308 1470 179
3 210 1309 209
3 1309 1469 209
3 211 1051 210
3 1051 1309 210
3 212 1402 211
3 211 1402 1051
3 213 1039 212
3 1039 1402 212
3 214 1400 213
3 213 1400 1039
3 215 1423 214
3 214 1423 1400
3 216 1032 215
3 1032 1423 215
3 217 1316 216
3 216 1316 1032
3 218 1315 217
3 1315 1316 217
3 219 1043 218
3 1043 1315 218
3 220 1056 219
3 219 1056 1043
3 221 1054 220
3 1054 1056 220
3 221 1471 1054
3 222 1427 223
3 222 1469 1427
3 223 1053 224
3 223 1427 1053
3 224 1418 225
3 1053 1418 224
3 225 1041 226
3 225 1418 1041
3 226 1429 227
3 1041 1429 226
3 227 1434 228
3 1429 1434 227
3 228 1027 229
3 228 1434 1027
3 229 1264 230
3 1027 1264 229
3 230 1449 231
3 1264 1449 230
3 231 1046 232
3 231 1449 1046
3 232 1446 233
3 1046 1446 232
3 233 1026 234
3 233 1446 1026
3 234 1479 235
3 1026 1479 234
3 235 1458 236
3 1267 1458 235
3 235 1479 1267
3 236 1036 237
3 236 1458 1036
3 237 1473 238
3 1036 1473 237
3 238 1047 239
3 238 1473 1047
3 239 1410 240
3 1047 1410 239
3 240 1029 241
3 240 1410 1029
3 241 1415 242
3 1029 1415 241
3 242 1049 243
3 242 1415 1049
3 243 1417 244
3 1049 1417 243
3 244 1033 245
3 244 1417 1033
3 245 1416 246
3 1033 1416 245
3 246 1455 247
3 1416 1455 246
3 247 1045 248
3 247 1455 1045
3 248 1451 249
3 1045 1451 248
3 249 1292 250
3 249 1451 1292
3 1292 1472 250
3 251 1428 252
3 251 1470 1428
3 252 1052 253
3 252 1428 1052
3 253 1420 254
3 1052 1420 253
3 254 1040 255
3 254 1420 1040
3 255 1273 256
3 1040 1273 255
3 256 1459 257
3 1273 1459 256
3 257 1028 258
3 257 1459 1028
3 258 1456 259
3 1028 1456 258
3 259 1275 260
3 259 1456 1275
3 260 1034 261
3 260 1275 1034
3 261 1408 262
3 1034 1408 261
3 262 1409 263
3 1408 1409 262
3 263 1025 264
3 263 1409 1025
3 264 1414 265
3 1025 1414 264
3 265 1444 266
3 1414 1444 265
3 266 1035 267
3 266 1444 1035
3 267 1412 268
3 1035 1412 267
3 268 1048 269
3 268 1412 1048
3 269 1413 270
3 1048 1413 269
3 270 1030 271
3 270 1413 1030
3 271 1426 272
3 1030 1426 271
3 272 1442 273
3 1426 1442 272
3 273 1037 274
3 273 1442 1037
3 274 1286 275
3 1037 1286 274
3 275 1457 276
3 1286 1457 275
3 276 1044 277
3 276 1457 1044
3 277 1452 278
3 1044 1452 277
3 278 1279 279
3 278 1452 1279
3 1279 1471 279
3 1409 1481 1025
3 1025 1454 1414
3 1025 1481 1454
3 1334 1425 1026
3 1026 1446 1334
3 1425 1430 1026
3 1430 1479 1026
3 1027 1438 1264
3 1027 1434 1312
3 1312 1438 1027
3 1263 1271 1028
3 1028 1272 1263
3 1271 1456 1028
3 1028 1459 1272
3 1410 1411 1029
3 1411 1432 1029
3 1029 1432 1415
3 1413 1453 1030
3 1030 1483 1426
3 1453 1483 1030
3 1319 1320 1031
3 1320 1465 1031
3 1031 1465 1321
3 1316 1317 1032
3 1317 1422 1032
3 1422 1423 1032
3 1033 1441 1416
3 1417 1460 1033
3 1033 1460 1441
3 1275 1435 1034
3 1277 1408 1034
3 1034 1435 1277
3 1035 1433 1412
3 1035 1482 1433
3 1444 1482 1035
3 1266 1345 1036
3 1036 1458 1266
3 1345 1346 1036
3 1346 1473 1036
3 1037 1436 1286
3 1037 1480 1436
3 1442 1480 1037
3 1038 1462 1301
3 1322 1463 1038
3 1038 1463 1462
3 1268 1396 1039
3 1039 1400 1268
3 1396 1402 1039
3 1040 1420 1261
3 1261 1437 1040
3 1040 1437 1273
3 1258 1429 1041
3 1041 1447 1258
3 1418 1447 1041
3 1290 1299 1042
3 1299 1300 1042
3 1300 1318 1042
3 1056 1057 1043
3 1057 1058 1043
3 1058 1315 1043
3 1044 1282 1280
3 1280 1452 1044
3 1044 1284 1282
3 1044 1457 1284
3 1045 1295 1293
3 1293 1451 1045
3 1045 1296 1295
3 1045 1455 1296
3 1262 1333 1046
3 1046 1449 1262
3 1333 1334 1046
3 1334 1446 1046
3 1346 1347 1047
3 1047 1473 1346
3 1347 1439 1047
3 1047 1439 1410
3 1048 1412 1260
3 1260 1443 1048
3 1048 1443 1413
3 1049 1415 1257
3 1257 1445 1049
3 1049 1445 1417
3 1301 1302 1050
3 1302 1303 1050
3 1303 1308 1050
3 1265 1310 1051
3 1051 1402 1265
3 1051 1310 1309
3 1052 1428 1303
3 1303 1431 1052
3 1052 1474 1420
3 1431 1474 1052
3 1053 1427 1310
3 1310 1450 1053
3 1053 1450 1418
3 1054 1278 1056
3 1054 1279 1278
3 1054 1471 1279
3 1055 1291 1290
3 1055 1292 1291
3 1055 1472 1292
3 1056 1278 1057
3 1057 1059 1058
3 1057 1281 1059
3 1278 1281 1057
3 1059 1060 1058
3 1060 1375 1058
3 1058 1375 1315
3 1059 1061 1060
3 1059 1188 1061
3 1059 1281 1188
3 1061 1062 1060
3 1062 1216 1060
3 1216 1375 1060
3 1061 1063 1062
3 1061 1288 1063
3 1188 1288 1061
3 1063 1064 1062
3 1064 1367 1062
3 1062 1367 1216
3 1063 1065 1064
3 1063 1138 1065
3 1063 1288 1138
3 1065 1066 1064
3 1066 1115 1064
3 1115 1367 1064
3 1065 1067 1066
3 1065 1307 1067
3 1138 1307 1065
3 1067 1068 1066
3 1068 1337 1066
3 1066 1337 1115
3 1067 1069 1068
3 1067 1112 1069
3 1067 1307 1112
3 1069 1070 1068
3 1070 1074 1068
3 1074 1337 1068
3 1069 1071 1070
3 1069 1311 1071
3 1112 1311 1069
3 1071 1072 1070
3 1072 1361 1070
3 1070 1361 1074
3 1071 1073 1072
3 1071 1387 1073
3 1311 1387 1071
3 1073 1075 1072
3 1075 1121 1072
3 1121 1361 1072
3 1073 1076 1075
3 1073 1077 1076
3 1073 1387 1077
3 1074 1397 1337
3 1361 1381 1074
3 1381 1397 1074
3 1076 1335 1075
3 1075 1122 1121
3 1075 1335 1122
3 1077 1078 1076
3 1078 1079 1076
3 1079 1335 1076
3 1077 1369 1078
3 1077 1382 1369
3 1077 1387 1382
3 1078 1080 1079
3 1078 1081 1080
3 1078 1369 1081
3 1080 1365 1079
3 1079 1339 1335
3 1079 1365 1339
3 1081 1082 1080
3 1082 1083 1080
3 1083 1365 1080
3 1081 1350 1082
3 1081 1368 1350
3 1081 1369 1368
3 1082 1084 1083
3 1082 1085 1084
3 1082 1350 1085
3 1084 1118 1083
3 1118 1119 1083
3 1119 1365 1083
3 1085 1086 1084
3 1086 1331 1084
3 1084 1331 1118
3 1085 1087 1086
3 1085 1116 1087
3 1085 1350 1116
3 1087 1088 1086
3 1088 1089 1086
3 1089 1331 1086
3 1087 1342 1088
3 1116 1117 1087
3 1117 1342 1087
3 1088 1090 1089
3 1088 1343 1090
3 1342 1343 1088
3 1090 1091 1089
3 1091 1231 1089
3 1231 1331 1089
3 1090 1092 1091
3 1090 1093 1092
3 1090 1343 1093
3 1092 1355 1091
3 1091 1332 1231
3 1091 1355 1332
3 1093 1094 1092
3 1094 1095 1092
3 1095 1355 1092
3 1093 1362 1094
3 1343 1344 1093
3 1344 1362 1093
3 1094 1096 1095
3 1094 1097 1096
3 1094 1362 1097
3 1096 1370 1095
3 1095 1357 1355
3 1095 1370 1357
3 1097 1098 1096
3 1098 1099 1096
3 1099 1370 1096
3 1097 1373 1098
3 1362 1372 1097
3 1372 1373 1097
3 1098 1100 1099
3 1098 1101 1100
3 1098 1373 1101
3 1100 1313 1099
3 1313 1383 1099
3 1099 1383 1370
3 1101 1102 1100
3 1102 1103 1100
3 1103 1313 1100
3 1101 1392 1102
3 1373 1390 1101
3 1390 1392 1101
3 1102 1104 1103
3 1102 1105 1104
3 1102 1392 1105
3 1104 1123 1103
3 1123 1124 1103
3 1124 1313 1103
3 1105 1106 1104
3 1106 1374 1104
3 1104 1374 1123
3 1105 1107 1106
3 1105 1398 1107
3 1392 1398 1105
3 1107 1108 1106
3 1108 1109 1106
3 1109 1374 1106
3 1107 1110 1108
3 1107 1113 1110
3 1107 1398 1113
3 1108 1379 1109
3 1110 1111 1108
3 1111 1379 1108
3 1109 1389 1374
3 1379 1403 1109
3 1109 1403 1389
3 1110 1114 1111
3 1113 1289 1110
3 1110 1289 1114
3 1114 1125 1111
3 1125 1126 1111
3 1126 1379 1111
3 1307 1395 1112
3 1112 1393 1311
3 1112 1395 1393
3 1269 1289 1113
3 1113 1399 1269
3 1398 1399 1113
3 1114 1130 1125
3 1114 1134 1130
3 1114 1289 1134
3 1337 1401 1115
3 1115 1407 1367
3 1401 1407 1115
3 1116 1128 1117
3 1116 1351 1128
3 1350 1351 1116
3 1128 1135 1117
3 1135 1139 1117
3 1139 1342 1117
3 1118 1120 1119
3 1118 1330 1120
3 1118 1331 1330
3 1120 1136 1119
3 1136 1203 1119
3 1203 1365 1119
3 1120 1142 1136
3 1120 1143 1142
3 1120 1330 1143
3 1122 1129 1121
3 1129 1364 1121
3 1121 1364 1361
3 1122 1133 1129
3 1122 1336 1133
3 1335 1336 1122
3 1123 1127 1124
3 1123 1371 1127
3 1123 1374 1371
3 1127 1137 1124
3 1137 1314 1124
3 1124 1314 1313
3 1125 1131 1126
3 1130 1378 1125
3 1125 1378 1131
3 1131 1132 1126
3 1132 1305 1126
3 1305 1379 1126
3 1127 1146 1137
3 1127 1147 1146
3 1127 1371 1147
3 1128 1144 1135
3 1128 1145 1144
3 1128 1351 1145
3 1133 1148 1129
3 1148 1149 1129
3 1149 1364 1129
3 1134 1151 1130
3 1151 1152 1130
3 1152 1378 1130
3 1131 1157 1132
3 1131 1391 1157
3 1378 1391 1131
3 1157 1158 1132
3 1158 1159 1132
3 1159 1305 1132
3 1133 1150 1148
3 1133 1156 1150
3 1133 1336 1156
3 1134 1153 1151
3 1134 1189 1153
3 1134 1289 1189
3 1135 1140 1139
3 1135 1352 1140
3 1144 1352 1135
3 1142 1173 1136
3 1173 1358 1136
3 1136 1358 1203
3 1146 1169 1137
3 1169 1170 1137
3 1170 1314 1137
3 1138 1288 1287
3 1287 1419 1138
3 1138 1419 1307
3 1140 1141 1139
3 1141 1366 1139
3 1139 1366 1342
3 1140 1175 1141
3 1140 1219 1175
3 1140 1352 1219
3 1175 1176 1141
3 1176 1190 1141
3 1190 1366 1141
3 1143 1154 1142
3 1154 1353 1142
3 1142 1353 1173
3 1143 1155 1154
3 1143 1329 1155
3 1143 1330 1329
3 1145 1185 1144
3 1185 1236 1144
3 1236 1352 1144
3 1145 1186 1185
3 1145 1194 1186
3 1145 1351 1194
3 1147 1174 1146
3 1146 1327 1169
3 1174 1327 1146
3 1147 1238 1174
3 1147 1239 1238
3 1147 1371 1239
3 1148 1167 1149
3 1150 1328 1148
3 1148 1328 1167
3 1167 1168 1149
3 1168 1380 1149
3 1149 1380 1364
3 1156 1220 1150
3 1220 1247 1150
3 1247 1328 1150
3 1151 1171 1152
3 1153 1306 1151
3 1151 1306 1171
3 1171 1172 1152
3 1172 1205 1152
3 1205 1378 1152
3 1189 1221 1153
3 1221 1246 1153
3 1246 1306 1153
3 1155 1222 1154
3 1222 1229 1154
3 1229 1353 1154
3 1155 1223 1222
3 1155 1224 1223
3 1155 1329 1224
3 1156 1240 1220
3 1156 1338 1240
3 1336 1338 1156
3 1157 1252 1158
3 1157 1464 1252
3 1391 1464 1157
3 1158 1160 1159
3 1158 1467 1160
3 1252 1467 1158
3 1160 1161 1159
3 1161 1304 1159
3 1304 1305 1159
3 1160 1162 1161
3 1160 1187 1162
3 1160 1467 1187
3 1162 1163 1161
3 1163 1165 1161
3 1165 1304 1161
3 1162 1164 1163
3 1162 1476 1164
3 1187 1476 1162
3 1164 1448 1163
3 1163 1166 1165
3 1163 1448 1166
3 1164 1468 1294
3 1294 1475 1164
3 1164 1475 1448
3 1164 1476 1468
3 1166 1405 1165
3 1165 1404 1304
3 1165 1405 1404
3 1166 1448 1297
3 1297 1477 1166
3 1166 1406 1405
3 1166 1477 1406
3 1167 1177 1168
3 1167 1312 1177
3 1167 1328 1312
3 1177 1178 1168
3 1178 1179 1168
3 1179 1380 1168
3 1169 1234 1170
3 1169 1257 1234
3 1169 1327 1257
3 1234 1385 1170
3 1170 1384 1314
3 1170 1385 1384
3 1171 1230 1172
3 1171 1261 1230
3 1171 1306 1261
3 1172 1250 1205
3 1230 1461 1172
3 1172 1461 1250
3 1353 1425 1173
3 1173 1359 1358
3 1173 1425 1359
3 1238 1244 1174
3 1244 1248 1174
3 1248 1327 1174
3 1175 1348 1176
3 1219 1253 1175
3 1253 1348 1175
3 1176 1191 1190
3 1176 1192 1191
3 1176 1348 1192
3 1177 1258 1178
3 1177 1259 1258
3 1177 1312 1259
3 1178 1180 1179
3 1178 1386 1180
3 1258 1386 1178
3 1180 1181 1179
3 1181 1354 1179
3 1354 1380 1179
3 1180 1182 1181
3 1180 1184 1182
3 1180 1386 1184
3 1182 1183 1181
3 1183 1206 1181
3 1206 1354 1181
3 1182 1388 1183
3 1184 1218 1182
3 1218 1388 1182
3 1183 1207 1206
3 1183 1208 1207
3 1183 1388 1208
3 1184 1245 1218
3 1184 1249 1245
3 1184 1386 1249
3 1186 1341 1185
3 1185 1260 1236
3 1185 1341 1260
3 1194 1195 1186
3 1195 1196 1186
3 1196 1341 1186
3 1187 1466 1300
3 1300 1476 1187
3 1320 1466 1187
3 1187 1467 1320
3 1281 1282 1188
3 1282 1283 1188
3 1283 1288 1188
3 1189 1237 1221
3 1189 1269 1237
3 1189 1289 1269
3 1191 1363 1190
3 1190 1363 1344
3 1344 1366 1190
3 1192 1193 1191
3 1193 1198 1191
3 1198 1363 1191
3 1192 1394 1193
3 1348 1349 1192
3 1349 1394 1192
3 1193 1199 1198
3 1193 1200 1199
3 1193 1394 1200
3 1194 1376 1195
3 1351 1368 1194
3 1368 1376 1194
3 1195 1197 1196
3 1195 1202 1197
3 1195 1376 1202
3 1197 1325 1196
3 1325 1326 1196
3 1326 1341 1196
3 1202 1209 1197
3 1209 1210 1197
3 1210 1325 1197
3 1199 1377 1198
3 1198 1372 1363
3 1198 1377 1372
3 1200 1201 1199
3 1201 1204 1199
3 1204 1377 1199
3 1200 1276 1201
3 1200 1277 1276
3 1200 1394 1277
3 1201 1214 1204
3 1201 1215 1214
3 1201 1276 1215
3 1202 1232 1209
3 1202 1382 1232
3 1376 1382 1202
3 1338 1339 1203
3 1203 1358 1338
3 1339 1365 1203
3 1214 1233 1204
3 1233 1390 1204
3 1204 1390 1377
3 1250 1251 1205
3 1251 1391 1205
3 1205 1391 1378
3 1207 1401 1206
3 1206 1397 1354
3 1206 1401 1397
3 1208 1217 1207
3 1217 1407 1207
3 1207 1407 1401
3 1208 1235 1217
3 1208 1268 1235
3 1208 1388 1268
3 1209 1211 1210
3 1209 1393 1211
3 1232 1393 1209
3 1211 1212 1210
3 1212 1255 1210
3 1255 1325 1210
3 1211 1213 1212
3 1211 1395 1213
3 1393 1395 1211
3 1213 1424 1212
3 1212 1256 1255
3 1212 1424 1256
3 1213 1419 1324
3 1324 1424 1213
3 1395 1419 1213
3 1215 1340 1214
3 1214 1399 1233
3 1340 1399 1214
3 1215 1274 1270
3 1270 1340 1215
3 1215 1276 1274
3 1317 1375 1216
3 1216 1421 1317
3 1367 1421 1216
3 1235 1422 1217
3 1217 1421 1407
3 1217 1422 1421
3 1245 1265 1218
3 1265 1396 1218
3 1218 1396 1388
3 1219 1254 1253
3 1219 1360 1254
3 1352 1360 1219
3 1240 1333 1220
3 1220 1262 1247
3 1220 1333 1262
3 1237 1263 1221
3 1221 1272 1246
3 1263 1272 1221
3 1223 1345 1222
3 1222 1266 1229
3 1222 1345 1266
3 1224 1225 1223
3 1225 1226 1223
3 1226 1345 1223
3 1224 1356 1225
3 1329 1332 1224
3 1332 1356 1224
3 1225 1227 1226
3 1225 1228 1227
3 1225 1356 1228
3 1227 1347 1226
3 1226 1346 1345
3 1226 1347 1346
3 1228 1241 1227
3 1241 1242 1227
3 1242 1347 1227
3 1228 1243 1241
3 1228 1357 1243
3 1356 1357 1228
3 1266 1267 1229
3 1267 1430 1229
3 1229 1430 1353
3 1261 1474 1230
3 1431 1461 1230
3 1230 1474 1431
3 1329 1330 1231
3 1231 1332 1329
3 1330 1331 1231
3 1232 1387 1311
3 1311 1393 1232
3 1382 1387 1232
3 1233 1392 1390
3 1233 1398 1392
3 1233 1399 1398
3 1257 1432 1234
3 1234 1411 1385
3 1234 1432 1411
3 1268 1400 1235
3 1400 1423 1235
3 1235 1423 1422
3 1260 1433 1236
3 1236 1360 1352
3 1236 1433 1360
3 1237 1270 1263
3 1269 1340 1237
3 1237 1340 1270
3 1239 1405 1238
3 1238 1406 1244
3 1405 1406 1238
3 1371 1389 1239
3 1389 1404 1239
3 1404 1405 1239
3 1240 1359 1333
3 1338 1358 1240
3 1358 1359 1240
3 1241 1385 1242
3 1243 1384 1241
3 1384 1385 1241
3 1242 1439 1347
3 1385 1411 1242
3 1411 1439 1242
3 1357 1370 1243
3 1370 1383 1243
3 1383 1384 1243
3 1244 1460 1248
3 1406 1478 1244
3 1244 1478 1460
3 1249 1450 1245
3 1245 1310 1265
3 1245 1450 1310
3 1272 1273 1246
3 1273 1437 1246
3 1246 1437 1306
3 1262 1264 1247
3 1264 1438 1247
3 1247 1438 1328
3 1248 1445 1327
3 1417 1445 1248
3 1248 1460 1417
3 1386 1447 1249
3 1249 1447 1418
3 1418 1450 1249
3 1250 1462 1251
3 1250 1461 1302
3 1302 1462 1250
3 1251 1463 1323
3 1323 1464 1251
3 1251 1464 1391
3 1462 1463 1251
3 1252 1465 1320
3 1320 1467 1252
3 1252 1464 1323
3 1323 1465 1252
3 1254 1414 1253
3 1253 1454 1348
3 1414 1454 1253
3 1360 1482 1254
3 1254 1444 1414
3 1254 1482 1444
3 1256 1483 1255
3 1255 1453 1325
3 1255 1483 1453
3 1424 1480 1256
3 1256 1442 1426
3 1426 1483 1256
3 1256 1480 1442
3 1327 1445 1257
3 1415 1432 1257
3 1259 1429 1258
3 1258 1447 1386
3 1312 1434 1259
3 1259 1434 1429
3 1341 1443 1260
3 1412 1433 1260
3 1306 1437 1261
3 1420 1474 1261
3 1262 1449 1264
3 1270 1271 1263
3 1265 1402 1396
3 1266 1458 1267
3 1267 1479 1430
3 1388 1396 1268
3 1269 1399 1340
3 1270 1274 1271
3 1274 1275 1271
3 1275 1456 1271
3 1272 1459 1273
3 1274 1435 1275
3 1276 1435 1274
3 1277 1435 1276
3 1394 1440 1277
3 1277 1440 1408
3 1279 1280 1278
3 1280 1281 1278
3 1279 1452 1280
3 1280 1282 1281
3 1282 1284 1283
3 1284 1285 1283
3 1285 1287 1283
3 1287 1288 1283
3 1284 1286 1285
3 1284 1457 1286
3 1286 1436 1285
3 1285 1324 1287
3 1285 1436 1324
3 1324 1419 1287
3 1291 1299 1290
3 1292 1293 1291
3 1293 1294 1291
3 1294 1299 1291
3 1292 1451 1293
3 1293 1295 1294
3 1295 1475 1294
3 1294 1468 1299
3 1296 1297 1295
3 1297 1475 1295
3 1296 1298 1297
3 1296 1416 1298
3 1296 1455 1416
3 1298 1477 1297
3 1448 1475 1297
3 1416 1441 1298
3 1441 1478 1298
3 1298 1478 1477
3 1299 1468 1300
3 1300 1466 1318
3 1468 1476 1300
3 1301 1462 1302
3 1302 1461 1303
3 1303 1428 1308
3 1303 1461 1431
3 1304 1403 1305
3 1304 1404 1403
3 1305 1403 1379
3 1307 1419 1395
3 1428 1470 1308
3 1310 1427 1309
3 1427 1469 1309
3 1328 1438 1312
3 1314 1383 1313
3 1314 1384 1383
3 1315 1375 1316
3 1316 1375 1317
3 1421 1422 1317
3 1318 1466 1319
3 1319 1466 1320
3 1321 1323 1322
3 1321 1465 1323
3 1323 1463 1322
3 1324 1436 1424
3 1325 1453 1326
3 1326 1443 1341
3 1413 1443 1326
3 1326 1453 1413
3 1355 1356 1332
3 1333 1359 1334
3 1359 1425 1334
3 1335 1339 1336
3 1336 1339 1338
3 1397 1401 1337
3 1342 1366 1343
3 1343 1366 1344
3 1344 1363 1362
3 1348 1454 1349
3 1349 1440 1394
3 1349 1481 1440
3 1454 1481 1349
3 1350 1368 1351
3 1353 1430 1425
3 1354 1381 1380
3 1354 1397 1381
3 1355 1357 1356
3 1433 1482 1360
3 1364 1381 1361
3 1363 1372 1362
3 1380 1381 1364
3 1407 1421 1367
3 1369 1376 1368
3 1369 1382 1376
3 1374 1389 1371
3 1372 1377 1373
3 1377 1390 1373
3 1403 1404 1389
3 1477 1478 1406
3 1408 1440 1409
3 1440 1481 1409
3 1410 1439 1411
3 1436 1480 1424
3 1460 1478 1441
3 10 1490 208
3 251 1767 10
3 10 1767 1490
3 180 1779 11
3 11 1491 279
3 11 1779 1491
3 181 1510 180
3 1510 1779 180
3 182 1765 181
3 181 1765 1510
3 183 1494 182
3 1494 1765 182
3 184 1761 183
3 183 1761 1494
3 185 1507 184
3 1507 1761 184
3 186 1756 185
3 185 1756 1507
3 187 1485 186
3 1485 1756 186
3 188 1762 187
3 187 1762 1485
3 189 1504 188
3 1504 1762 188
3 190 1760 189
3 189 1760 1504
3 191 1498 190
3 1498 1760 190
3 192 1752 191
3 191 1752 1498
3 193 1751 192
3 1751 1752 192
3 194 1489 193
3 1489 1751 193
3 195 1766 194
3 194 1766 1489
3 196 1511 195
3 1511 1766 195
3 197 1747 196
3 196 1747 1511
3 198 1495 197
3 1495 1747 197
3 199 1755 198
3 198 1755 1495
3 200 1503 199
3 1503 1755 199
3 201 1759 200
3 200 1759 1503
3 202 1487 201
3 1487 1759 201
3 203 1753 202
3 202 1753 1487
3 204 1501 203
3 1501 1753 203
3 205 1754 204
3 204 1754 1501
3 206 1496 205
3 1496 1754 205
3 207 1758 206
3 206 1758 1496
3 208 1782 207
3 207 1782 1758
3 1490 1782 208
3 252 1508 251
3 1508 1767 251
3 253 1757 252
3 252 1757 1508
3 254 1493 253
3 1493 1757 253
3 255 1791 254
3 254 1791 1493
3 256 1509 255
3 1509 1791 255
3 257 1775 256
3 256 1775 1509
3 258 1484 257
3 1484 1775 257
3 259 1793 258
3 258 1793 1484
3 260 1502 259
3 1502 1793 259
3 261 1763 260
3 260 1763 1502
3 262 1492 261
3 1492 1763 261
3 263 1512 262
3 262 1512 1492
3 264 1505 263
3 1505 1512 263
3 265 1797 264
3 264 1797 1505
3 266 1488 265
3 1488 1797 265
3 267 1789 266
3 266 1789 1488
3 268 1500 267
3 1500 1789 267
3 269 1796 268
3 268 1796 1500
3 270 1497 269
3 1497 1796 269
3 271 1777 270
3 270 1777 1497
3 272 1769 271
3 1769 1777 271
3 273 1486 272
3 1486 1769 272
3 274 1784 273
3 273 1784 1486
3 275 1740 274
3 1740 1784 274
3 276 1499 275
3 1499 1740 275
3 277 1764 276
3 276 1764 1499
3 278 1506 277
3 1506 1764 277
3 279 1750 278
3 278 1750 1506
3 1491 1750 279
3 1626 1662 1484
3 1484 1665 1626
3 1662 1775 1484
3 1484 1793 1665
3 1686 1756 1485
3 1485 1785 1686
3 1762 1785 1485
3 1749 1769 1486
3 1486 1770 1749
3 1486 1784 1770
3 1487 1627 1625
3 1625 1759 1487
3 1487 1753 1627
3 1488 1632 1630
3 1630 1742 1488
3 1488 1789 1632
3 1742 1797 1488
3 1489 1780 1751
3 1766 1798 1489
3 1489 1798 1780
3 1490 1744 1671
3 1671 1782 1490
3 1490 1767 1744
3 1491 1779 1694
3 1694 1787 1491
3 1491 1787 1750
3 1512 1513 1492
3 1513 1514 1492
3 1514 1763 1492
3 1663 1768 1493
3 1493 1791 1663
3 1493 1768 1757
3 1761 1790 1494
3 1494 1772 1765
3 1494 1790 1772
3 1495 1755 1668
3 1668 1786 1495
3 1495 1786 1747
3 1745 1754 1496
3 1496 1792 1745
3 1758 1792 1496
3 1497 1788 1748
3 1748 1796 1497
3 1777 1788 1497
3 1498 1743 1724
3 1724 1760 1498
3 1498 1752 1743
3 1739 1740 1499
3 1499 1783 1739
3 1764 1783 1499
3 1500 1738 1632
3 1632 1789 1500
3 1500 1748 1738
3 1500 1796 1748
3 1501 1778 1753
3 1754 1795 1501
3 1501 1795 1778
3 1502 1773 1665
3 1665 1793 1502
3 1763 1773 1502
3 1629 1668 1503
3 1503 1799 1629
3 1668 1755 1503
3 1759 1799 1503
3 1504 1760 1724
3 1724 1771 1504
3 1504 1771 1762
3 1505 1781 1512
3 1742 1781 1505
3 1505 1797 1742
3 1741 1764 1506
3 1506 1794 1741
3 1750 1794 1506
3 1684 1761 1507
3 1507 1774 1684
3 1756 1774 1507
3 1508 1656 1655
3 1655 1767 1508
3 1508 1757 1656
3 1509 1662 1624
3 1624 1663 1509
3 1509 1775 1662
3 1663 1791 1509
3 1510 1776 1694
3 1694 1779 1510
3 1765 1776 1510
3 1511 1747 1746
3 1746 1766 1511
3 1512 1781 1513
3 1513 1515 1514
3 1513 1634 1515
3 1513 1781 1634
3 1515 1516 1514
3 1516 1773 1514
3 1514 1773 1763
3 1515 1517 1516
3 1515 1518 1517
3 1515 1634 1518
3 1517 1637 1516
3 1516 1637 1633
3 1633 1773 1516
3 1518 1519 1517
3 1519 1520 1517
3 1520 1637 1517
3 1518 1635 1519
3 1634 1736 1518
3 1518 1736 1635
3 1519 1521 1520
3 1519 1522 1521
3 1519 1635 1522
3 1521 1636 1520
3 1636 1643 1520
3 1520 1643 1637
3 1522 1523 1521
3 1523 1524 1521
3 1524 1636 1521
3 1522 1638 1523
3 1635 1639 1522
3 1522 1639 1638
3 1523 1525 1524
3 1523 1526 1525
3 1523 1638 1526
3 1525 1640 1524
3 1524 1642 1636
3 1640 1642 1524
3 1526 1527 1525
3 1527 1528 1525
3 1528 1640 1525
3 1526 1644 1527
3 1638 1646 1526
3 1526 1646 1644
3 1527 1529 1528
3 1527 1530 1529
3 1527 1644 1530
3 1529 1648 1528
3 1528 1641 1640
3 1528 1648 1641
3 1530 1531 1529
3 1531 1532 1529
3 1532 1648 1529
3 1530 1647 1531
3 1644 1645 1530
3 1645 1647 1530
3 1531 1533 1532
3 1531 1534 1533
3 1531 1647 1534
3 1533 1535 1532
3 1535 1651 1532
3 1532 1651 1648
3 1534 1652 1533
3 1533 1536 1535
3 1533 1652 1536
3 1647 1727 1534
3 1534 1725 1652
3 1534 1727 1725
3 1536 1537 1535
3 1537 1538 1535
3 1538 1651 1535
3 1536 1539 1537
3 1536 1545 1539
3 1536 1652 1545
3 1537 1540 1538
3 1539 1716 1537
3 1537 1716 1540
3 1540 1541 1538
3 1541 1726 1538
3 1538 1726 1651
3 1545 1546 1539
3 1546 1709 1539
3 1709 1716 1539
3 1540 1542 1541
3 1540 1548 1542
3 1540 1716 1548
3 1542 1543 1541
3 1543 1544 1541
3 1544 1726 1541
3 1542 1677 1543
3 1548 1559 1542
3 1559 1677 1542
3 1543 1555 1544
3 1543 1566 1555
3 1543 1677 1566
3 1555 1556 1544
3 1556 1729 1544
3 1544 1729 1726
3 1545 1547 1546
3 1545 1657 1547
3 1652 1657 1545
3 1547 1549 1546
3 1549 1552 1546
3 1552 1709 1546
3 1547 1550 1549
3 1547 1551 1550
3 1547 1657 1551
3 1548 1560 1559
3 1548 1620 1560
3 1548 1716 1620
3 1550 1678 1549
3 1549 1561 1552
3 1549 1678 1561
3 1551 1553 1550
3 1553 1565 1550
3 1565 1678 1550
3 1551 1554 1553
3 1551 1718 1554
3 1657 1718 1551
3 1561 1562 1552
3 1562 1710 1552
3 1552 1710 1709
3 1554 1557 1553
3 1557 1679 1553
3 1553 1679 1565
3 1554 1558 1557
3 1554 1569 1558
3 1554 1718 1569
3 1555 1563 1556
3 1555 1658 1563
3 1566 1658 1555
3 1563 1564 1556
3 1564 1567 1556
3 1567 1729 1556
3 1558 1698 1557
3 1557 1680 1679
3 1557 1698 1680
3 1569 1570 1558
3 1570 1578 1558
3 1578 1698 1558
3 1560 1591 1559
3 1591 1608 1559
3 1608 1677 1559
3 1560 1592 1591
3 1560 1719 1592
3 1620 1719 1560
3 1561 1586 1562
3 1561 1607 1586
3 1561 1678 1607
3 1586 1599 1562
3 1599 1621 1562
3 1621 1710 1562
3 1563 1717 1564
3 1658 1659 1563
3 1659 1717 1563
3 1564 1568 1567
3 1564 1587 1568
3 1564 1717 1587
3 1565 1708 1678
3 1679 1720 1565
3 1565 1720 1708
3 1566 1702 1658
3 1677 1703 1566
3 1566 1703 1702
3 1568 1731 1567
3 1650 1729 1567
3 1567 1731 1650
3 1587 1588 1568
3 1588 1589 1568
3 1589 1731 1568
3 1569 1571 1570
3 1569 1619 1571
3 1569 1718 1619
3 1571 1572 1570
3 1572 1700 1570
3 1570 1700 1578
3 1571 1573 1572
3 1571 1699 1573
3 1619 1699 1571
3 1573 1574 1572
3 1574 1585 1572
3 1585 1700 1572
3 1573 1575 1574
3 1573 1598 1575
3 1573 1699 1598
3 1575 1576 1574
3 1576 1711 1574
3 1574 1711 1585
3 1575 1577 1576
3 1575 1669 1577
3 1598 1669 1575
3 1577 1579 1576
3 1579 1594 1576
3 1594 1711 1576
3 1577 1580 1579
3 1577 1581 1580
3 1577 1669 1581
3 1578 1690 1688
3 1688 1698 1578
3 1578 1700 1690
3 1580 1600 1579
3 1579 1713 1594
3 1600 1713 1579
3 1581 1582 1580
3 1582 1701 1580
3 1580 1701 1600
3 1581 1583 1582
3 1581 1705 1583
3 1669 1705 1581
3 1583 1584 1582
3 1584 1593 1582
3 1593 1701 1582
3 1583 1596 1584
3 1583 1606 1596
3 1583 1705 1606
3 1584 1672 1593
3 1596 1597 1584
3 1597 1672 1584
3 1585 1695 1692
3 1692 1700 1585
3 1585 1711 1695
3 1586 1706 1599
3 1607 1614 1586
3 1614 1706 1586
3 1587 1653 1588
3 1587 1654 1653
3 1587 1717 1654
3 1588 1590 1589
3 1588 1612 1590
3 1588 1653 1612
3 1590 1595 1589
3 1595 1605 1589
3 1605 1731 1589
3 1590 1601 1595
3 1590 1664 1601
3 1612 1664 1590
3 1592 1666 1591
3 1591 1610 1608
3 1591 1666 1610
3 1592 1667 1666
3 1592 1721 1667
3 1719 1721 1592
3 1672 1673 1593
3 1673 1674 1593
3 1674 1701 1593
3 1697 1711 1594
3 1594 1712 1697
3 1594 1713 1712
3 1601 1602 1595
3 1602 1734 1595
3 1595 1734 1605
3 1596 1603 1597
3 1596 1735 1603
3 1606 1735 1596
3 1603 1604 1597
3 1604 1609 1597
3 1609 1672 1597
3 1598 1728 1669
3 1699 1732 1598
3 1598 1732 1728
3 1599 1622 1621
3 1599 1623 1622
3 1599 1706 1623
3 1701 1715 1600
3 1600 1714 1713
3 1600 1715 1714
3 1601 1613 1602
3 1601 1624 1613
3 1601 1664 1624
3 1613 1618 1602
3 1618 1643 1602
3 1643 1734 1602
3 1603 1737 1604
3 1603 1735 1639
3 1639 1737 1603
3 1604 1616 1609
3 1604 1617 1616
3 1604 1737 1617
3 1642 1730 1605
3 1605 1734 1642
3 1730 1731 1605
3 1606 1733 1646
3 1646 1735 1606
3 1705 1733 1606
3 1607 1615 1614
3 1607 1708 1615
3 1678 1708 1607
3 1610 1611 1608
3 1611 1703 1608
3 1608 1703 1677
3 1616 1738 1609
3 1609 1676 1672
3 1609 1738 1676
3 1610 1625 1611
3 1610 1629 1625
3 1610 1666 1629
3 1625 1627 1611
3 1627 1628 1611
3 1628 1703 1611
3 1653 1656 1612
3 1656 1768 1612
3 1612 1768 1664
3 1613 1626 1618
3 1624 1662 1613
3 1613 1662 1626
3 1615 1743 1614
3 1614 1707 1706
3 1614 1743 1707
3 1708 1723 1615
3 1723 1724 1615
3 1724 1743 1615
3 1617 1630 1616
3 1630 1632 1616
3 1632 1738 1616
3 1617 1631 1630
3 1617 1736 1631
3 1617 1737 1736
3 1626 1633 1618
3 1633 1637 1618
3 1637 1643 1618
3 1619 1727 1699
3 1718 1725 1619
3 1725 1727 1619
3 1709 1710 1620
3 1620 1716 1709
3 1710 1719 1620
3 1622 1721 1621
3 1621 1719 1710
3 1621 1721 1719
3 1623 1746 1622
3 1622 1722 1721
3 1622 1746 1722
3 1706 1780 1623
3 1623 1798 1746
3 1780 1798 1623
3 1624 1664 1663
3 1629 1799 1625
3 1625 1799 1759
3 1626 1665 1633
3 1627 1778 1628
3 1753 1778 1627
3 1702 1703 1628
3 1628 1704 1702
3 1628 1778 1704
3 1666 1668 1629
3 1631 1742 1630
3 1631 1736 1634
3 1634 1781 1631
3 1631 1781 1742
3 1665 1773 1633
3 1635 1737 1639
3 1736 1737 1635
3 1642 1734 1636
3 1636 1734 1643
3 1639 1735 1638
3 1638 1735 1646
3 1641 1730 1640
3 1640 1730 1642
3 1648 1649 1641
3 1649 1650 1641
3 1650 1730 1641
3 1644 1733 1645
3 1646 1733 1644
3 1645 1732 1647
3 1728 1732 1645
3 1645 1733 1728
3 1647 1732 1727
3 1648 1651 1649
3 1649 1729 1650
3 1651 1726 1649
3 1726 1729 1649
3 1650 1731 1730
3 1652 1725 1657
3 1654 1655 1653
3 1655 1656 1653
3 1654 1744 1655
3 1654 1717 1670
3 1670 1744 1654
3 1744 1767 1655
3 1757 1768 1656
3 1657 1725 1718
3 1658 1660 1659
3 1658 1702 1660
3 1660 1661 1659
3 1661 1670 1659
3 1670 1717 1659
3 1660 1745 1661
3 1702 1704 1660
3 1704 1745 1660
3 1661 1671 1670
3 1661 1792 1671
3 1745 1792 1661
3 1664 1768 1663
3 1667 1668 1666
3 1667 1786 1668
3 1721 1722 1667
3 1722 1786 1667
3 1669 1728 1705
3 1671 1744 1670
3 1758 1782 1671
3 1671 1792 1758
3 1672 1676 1673
3 1673 1675 1674
3 1673 1788 1675
3 1676 1788 1673
3 1675 1749 1674
3 1674 1715 1701
3 1674 1749 1715
3 1675 1769 1749
3 1675 1777 1769
3 1675 1788 1777
3 1738 1748 1676
3 1748 1788 1676
3 1680 1681 1679
3 1681 1720 1679
3 1680 1682 1681
3 1680 1683 1682
3 1680 1698 1683
3 1682 1686 1681
3 1686 1687 1681
3 1687 1720 1681
3 1683 1684 1682
3 1684 1774 1682
3 1682 1774 1686
3 1683 1685 1684
3 1683 1688 1685
3 1683 1698 1688
3 1685 1790 1684
3 1684 1790 1761
3 1688 1689 1685
3 1689 1772 1685
3 1772 1790 1685
3 1686 1785 1687
3 1686 1774 1756
3 1687 1723 1720
3 1687 1771 1723
3 1687 1785 1771
3 1688 1690 1689
3 1690 1691 1689
3 1691 1776 1689
3 1689 1776 1772
3 1690 1692 1691
3 1690 1700 1692
3 1692 1693 1691
3 1693 1694 1691
3 1694 1776 1691
3 1692 1695 1693
3 1693 1787 1694
3 1695 1696 1693
3 1696 1787 1693
3 1695 1697 1696
3 1695 1711 1697
3 1697 1741 1696
3 1741 1794 1696
3 1696 1794 1787
3 1712 1741 1697
3 1727 1732 1699
3 1704 1795 1745
3 1778 1795 1704
3 1728 1733 1705
3 1707 1780 1706
3 1743 1752 1707
3 1707 1752 1751
3 1751 1780 1707
3 1720 1723 1708
3 1713 1739 1712
3 1739 1783 1712
3 1712 1783 1741
3 1714 1739 1713
3 1715 1770 1714
3 1714 1740 1739
3 1714 1770 1740
3 1749 1770 1715
3 1746 1747 1722
3 1747 1786 1722
3 1723 1771 1724
3 1770 1784 1740
3 1741 1783 1764
3 1745 1795 1754
3 1746 1798 1766
3 1787 1794 1750
3 1771 1785 1762
3 1772 1776 1765
3 7 1832 4
3 4 1832 311
3 5 1813 6
3 280 1813 5
3 6 1813 312
3 343 1832 7
3 281 1820 280
3 312 1813 280
3 280 1820 312
3 282 1814 281
3 281 1814 313
3 313 1820 281
3 283 1830 282
3 314 1814 282
3 282 1830 314
3 284 1810 283
3 283 1810 315
3 315 1830 283
3 285 1815 284
3 316 1810 284
3 284 1815 316
3 286 1811 285
3 285 1811 317
3 317 1815 285
3 287 1812 286
3 318 1811 286
3 286 1812 318
3 288 1817 287
3 319 1812 287
3 287 1817 319
3 289 1816 288
3 288 1816 320
3 320 1817 288
3 290 1824 289
3 321 1816 289
3 289 1824 321
3 291 1800 290
3 290 1800 322
3 322 1824 290
3 292 1831 291
3 323 1800 291
3 291 1831 323
3 293 1806 292
3 292 1806 324
3 324 1831 292
3 294 1825 293
3 325 1806 293
3 293 1825 325
3 295 1802 294
3 294 1802 326
3 326 1825 294
3 296 1821 295
3 327 1802 295
3 295 1821 327
3 297 1803 296
3 296 1803 328
3 328 1821 296
3 298 1826 297
3 329 1803 297
3 297 1826 329
3 299 1801 298
3 298 1801 330
3 330 1826 298
3 300 1822 299
3 331 1801 299
3 299 1822 331
3 301 1827 300
3 332 1822 300
3 300 1827 332
3 302 1807 301
3 301 1807 333
3 333 1827 301
3 303 1819 302
3 334 1807 302
3 302 1819 334
3 304 1808 303
3 303 1808 335
3 335 1819 303
3 305 1828 304
3 336 1808 304
3 304 1828 336
3 306 1809 305
3 305 1809 337
3 337 1828 305
3 307 1818 306
3 338 1809 306
3 306 1818 338
3 308 1804 307
3 307 1804 339
3 339 1818 307
3 309 1823 308
3 340 1804 308
3 308 1823 340
3 310 1829 309
3 341 1823 309
3 309 1829 341
3 311 1805 310
3 310 1805 342
3 342 1829 310
3 343 1805 311
3 311 1832 343
3 312 1820 313
3 313 1814 314
3 314 1830 315
3 315 1810 316
3 316 1815 317
3 317 1811 318
3 318 1812 319
3 319 1817 320
3 320 1816 321
3 321 1824 322
3 322 1800 323
3 323 1831 324
3 324 1806 325
3 325 1825 326
3 326 1802 327
3 327 1821 328
3 328 1803 329
3 329 1826 330
3 330 1801 331
3 331 1822 332
3 332 1827 333
3 333 1807 334
3 334 1819 335
3 335 1808 336
3 336 1828 337
3 337 1809 338
3 338 1818 339
3 339 1804 340
3 340 1823 341
3 341 1829 342
3 342 1805 343
3 74 4 1839
3 4 311 1840
3 1839 4 1840
3 5 105 1838
3 280 5 1837
3 1837 5 1838
3 8 138 1839
3 250 8 1840
3 8 1839 1840
3 166 9 1838
3 9 222 1837
3 9 1837 1838
3 75 74 1850
3 74 1839 1850
3 76 75 1862
3 75 1850 1862
3 77 76 1874
3 140 76 1862
3 76 140 1874
3 78 77 1887
3 77 1874 1887
3 79 78 1888
3 78 1887 1888
3 80 79 1888
3 81 80 1877
3 1877 80 1888
3 82 81 1863
3 81 144 1863
3 144 81 1877
3 83 82 1852
3 1852 82 1863
3 84 83 1841
3 1841 83 1852
3 85 84 1835
3 1835 84 1841
3 86 85 1847
3 85 1835 1847
3 87 86 1859
3 86 1847 1859
3 88 87 1871
3 150 87 1859
3 87 150 1871
3 89 88 1883
3 88 1871 1883
3 90 89 1891
3 89 1883 1891
3 91 90 1891
3 92 91 1879
3 1879 91 1891
3 93 92 1867
3 92 154 1867
3 154 92 1879
3 94 93 1855
3 1855 93 1867
3 95 94 1843
3 1843 94 1855
3 96 95 1836
3 1836 95 1843
3 97 96 1848
3 96 1836 1848
3 98 97 1860
3 97 1848 1860
3 99 98 1873
3 160 98 1860
3 98 160 1873
3 100 99 1882
3 99 1873 1882
3 101 100 1889
3 100 1882 1889
3 102 101 1889
3 103 102 1880
3 1880 102 1889
3 104 103 1865
3 103 164 1865
3 164 103 1880
3 105 104 1854
3 1854 104 1865
3 1838 105 1854
3 138 139 1850
3 1839 138 1850
3 139 140 1862
3 1850 139 1862
3 140 141 1874
3 141 142 1887
3 1874 141 1887
3 142 143 1888
3 1887 142 1888
3 143 144 1877
3 143 1877 1888
3 144 145 1863
3 145 146 1852
3 145 1852 1863
3 146 147 1841
3 146 1841 1852
3 147 148 1835
3 147 1835 1841
3 148 149 1847
3 1835 148 1847
3 149 150 1859
3 1847 149 1859
3 150 151 1871
3 151 152 1883
3 1871 151 1883
3 152 153 1891
3 1883 152 1891
3 153 154 1879
3 153 1879 1891
3 154 155 1867
3 155 156 1855
3 155 1855 1867
3 156 157 1843
3 156 1843 1855
3 157 158 1836
3 157 1836 1843
3 158 159 1848
3 1836 158 1848
3 159 160 1860
3 1848 159 1860
3 160 161 1873
3 161 162 1882
3 1873 161 1882
3 162 163 1889
3 1882 162 1889
3 163 164 1880
3 163 1880 1889
3 164 165 1865
3 165 166 1854
3 165 1854 1865
3 166 1838 1854
3 222 223 1849
3 1837 222 1849
3 223 224 1861
3 1849 223 1861
3 224 225 1872
3 224 282 1861
3 282 224 1872
3 225 226 1884
3 1872 225 1884
3 226 227 1885
3 1884 226 1885
3 227 228 1875
3 227 1875 1885
3 228 229 1866
3 287 228 1866
3 228 287 1875
3 229 230 1853
3 229 1853 1866
3 230 231 1842
3 230 1842 1853
3 231 232 1833
3 231 1833 1842
3 232 233 1845
3 1833 232 1845
3 233 234 1857
3 1845 233 1857
3 234 235 1869
3 234 293 1857
3 293 234 1869
3 235 236 1881
3 1869 235 1881
3 236 237 1890
3 1881 236 1890
3 237 238 1878
3 237 1878 1890
3 238 239 1868
3 298 238 1868
3 238 298 1878
3 239 240 1856
3 239 1856 1868
3 240 241 1844
3 240 1844 1856
3 241 242 1834
3 241 1834 1844
3 242 243 1846
3 1834 242 1846
3 243 244 1858
3 1846 243 1858
3 244 245 1870
3 244 304 1858
3 304 244 1870
3 245 246 1886
3 1870 245 1886
3 246 247 1892
3 1886 246 1892
3 247 248 1876
3 247 1876 1892
3 248 249 1864
3 309 248 1864
3 248 309 1876
3 249 250 1851
3 249 1851 1864
3 250 1840 1851
3 281 280 1849
3 280 1837 1849
3 282 281 1861
3 281 1849 1861
3 283 282 1872
3 284 283 1884
3 283 1872 1884
3 285 284 1885
3 284 1884 1885
3 286 285 1885
3 287 286 1875
3 1875 286 1885
3 288 287 1866
3 289 288 1853
3 1853 288 1866
3 290 289 1842
3 1842 289 1853
3 291 290 1833
3 1833 290 1842
3 292 291 1845
3 291 1833 1845
3 293 292 1857
3 292 1845 1857
3 294 293 1869
3 295 294 1881
3 294 1869 1881
3 296 295 1890
3 295 1881 1890
3 297 296 1890
3 298 297 1878
3 1878 297 1890
3 299 298 1868
3 300 299 1856
3 1856 299 1868
3 301 300 1844
3 1844 300 1856
3 302 301 1834
3 1834 301 1844
3 303 302 1846
3 302 1834 1846
3 304 303 1858
3 303 1846 1858
3 305 304 1870
3 306 305 1886
3 305 1870 1886
3 307 306 1892
3 306 1886 1892
3 308 307 1892
3 309 308 1876
3 1876 308 1892
3 310 309 1864
3 311 310 1851
3 1851 310 1864
3 1840 311 1851
3 2 1898 45
3 372 1900 2
3 2 1900 1898
3 73 1899 3
3 3 1897 344
3 3 1899 1897
3 6 1899 137
3 312 1897 6
3 1897 1899 6
3 106 1898 7
3 7 1900 343
3 1898 1900 7
3 45 1910 46
3 1898 1910 45
3 46 1922 47
3 1910 1922 46
3 47 1934 48
3 47 1922 108
3 108 1934 47
3 48 1943 49
3 1934 1943 48
3 49 1947 50
3 1943 1947 49
3 50 1937 51
3 50 1947 1937
3 51 1923 52
3 113 1923 51
3 51 1937 113
3 52 1911 53
3 52 1923 1911
3 53 1901 54
3 53 1911 1901
3 54 1895 55
3 54 1901 1895
3 55 1907 56
3 1895 1907 55
3 56 1919 57
3 1907 1919 56
3 57 1931 58
3 57 1919 119
3 119 1931 57
3 58 1944 59
3 1931 1944 58
3 59 1948 60
3 1944 1948 59
3 60 1936 61
3 60 1948 1936
3 61 1927 62
3 124 1927 61
3 61 1936 124
3 62 1915 63
3 62 1927 1915
3 63 1902 64
3 63 1915 1902
3 64 1896 65
3 64 1902 1896
3 65 1908 66
3 1896 1908 65
3 66 1920 67
3 1908 1920 66
3 67 1933 68
3 67 1920 130
3 130 1933 67
3 68 1942 69
3 1933 1942 68
3 69 1952 70
3 1942 1952 69
3 70 1939 71
3 70 1952 1939
3 71 1925 72
3 135 1925 71
3 71 1939 135
3 72 1914 73
3 72 1925 1914
3 73 1914 1899
3 107 1910 106
3 106 1910 1898
3 108 1922 107
3 107 1922 1910
3 109 1934 108
3 110 1943 109
3 109 1943 1934
3 111 1947 110
3 110 1947 1943
3 112 1947 111
3 113 1937 112
3 1937 1947 112
3 114 1923 113
3 115 1911 114
3 1911 1923 114
3 116 1901 115
3 1901 1911 115
3 117 1895 116
3 1895 1901 116
3 118 1907 117
3 117 1907 1895
3 119 1919 118
3 118 1919 1907
3 120 1931 119
3 121 1944 120
3 120 1944 1931
3 122 1948 121
3 121 1948 1944
3 123 1948 122
3 124 1936 123
3 1936 1948 123
3 125 1927 124
3 126 1915 125
3 1915 1927 125
3 127 1902 126
3 1902 1915 126
3 128 1896 127
3 1896 1902 127
3 129 1908 128
3 128 1908 1896
3 130 1920 129
3 129 1920 1908
3 131 1933 130
3 132 1942 131
3 131 1942 1933
3 133 1952 132
3 132 1952 1942
3 134 1952 133
3 135 1939 134
3 1939 1952 134
3 136 1925 135
3 137 1914 136
3 1914 1925 136
3 1899 1914 137
3 313 1909 312
3 312 1909 1897
3 314 1921 313
3 313 1921 1909
3 315 1932 314
3 346 1921 314
3 314 1932 346
3 316 1945 315
3 315 1945 1932
3 317 1946 316
3 316 1946 1945
3 318 1946 317
3 319 1935 318
3 1935 1946 318
3 320 1926 319
3 319 1926 350
3 350 1935 319
3 321 1913 320
3 1913 1926 320
3 322 1903 321
3 1903 1913 321
3 323 1893 322
3 1893 1903 322
3 324 1905 323
3 323 1905 1893
3 325 1917 324
3 324 1917 1905
3 326 1929 325
3 356 1917 325
3 325 1929 356
3 327 1941 326
3 326 1941 1929
3 328 1949 327
3 327 1949 1941
3 329 1949 328
3 330 1940 329
3 1940 1949 329
3 331 1928 330
3 330 1928 360
3 360 1940 330
3 332 1916 331
3 1916 1928 331
3 333 1904 332
3 1904 1916 332
3 334 1894 333
3 1894 1904 333
3 335 1906 334
3 334 1906 1894
3 336 1918 335
3 335 1918 1906
3 337 1930 336
3 366 1918 336
3 336 1930 366
3 338 1950 337
3 337 1950 1930
3 339 1951 338
3 338 1951 1950
3 340 1951 339
3 341 1938 340
3 1938 1951 340
3 342 1924 341
3 341 1924 370
3 370 1938 341
3 343 1912 342
3 1912 1924 342
3 1900 1912 343
3 344 1909 345
3 1897 1909 344
3 345 1921 346
3 1909 1921 345
3 346 1932 347
3 347 1945 348
3 1932 1945 347
3 348 1946 349
3 1945 1946 348
3 349 1935 350
3 349 1946 1935
3 350 1926 351
3 351 1913 352
3 351 1926 1913
3 352 1903 353
3 352 1913 1903
3 353 1893 354
3 353 1903 1893
3 354 1905 355
3 1893 1905 354
3 355 1917 356
3 1905 1917 355
3 356 1929 357
3 357 1941 358
3 1929 1941 357
3 358 1949 359
3 1941 1949 358
3 359 1940 360
3 359 1949 1940
3 360 1928 361
3 361 1916 362
3 361 1928 1916
3 362 1904 363
3 362 1916 1904
3 363 1894 364
3 363 1904 1894
3 364 1906 365
3 1894 1906 364
3 365 1918 366
3 1906 1918 365
3 366 1930 367
3 367 1950 368
3 1930 1950 367
3 368 1951 369
3 1950 1951 368
3 369 1938 370
3 369 1951 1938
3 370 1924 371
3 371 1912 372
3 371 1924 1912
3 372 1912 1900
3 16 2247 0
3 0 1960 401
3 0 2247 1960
3 1 1959 44
3 373 2236 1
3 1 2236 1959
3 17 1978 16
3 1978 2247 16
3 18 2235 17
3 17 2235 1978
3 19 1963 18
3 1963 2235 18
3 20 2232 19
3 19 2232 1963
3 21 1977 20
3 1977 2232 20
3 22 2226 21
3 21 2226 1977
3 23 1954 22
3 1954 2226 22
3 24 2233 23
3 23 2233 1954
3 25 1973 24
3 1973 2233 24
3 26 2230 25
3 25 2230 1973
3 27 1967 26
3 1967 2230 26
3 28 2222 27
3 27 2222 1967
3 29 2221 28
3 2221 2222 28
3 30 1958 29
3 1958 2221 29
3 31 2237 30
3 30 2237 1958
3 32 1980 31
3 1980 2237 31
3 33 2217 32
3 32 2217 1980
3 34 1964 33
3 1964 2217 33
3 35 2225 34
3 34 2225 1964
3 36 1972 35
3 1972 2225 35
3 37 2229 36
3 36 2229 1972
3 38 1956 37
3 1956 2229 37
3 39 2223 38
3 38 2223 1956
3 40 1970 39
3 1970 2223 39
3 41 2224 40
3 40 2224 1970
3 42 1965 41
3 1965 2224 41
3 43 2228 42
3 42 2228 1965
3 44 2250 43
3 43 2250 2228
3 1959 2250 44
3 374 1976 373
3 1976 2236 373
3 375 2227 374
3 374 2227 1976
3 376 1962 375
3 1962 2227 375
3 377 2256 376
3 376 2256 1962
3 378 1979 377
3 1979 2256 377
3 379 2252 378
3 378 2252 1979
3 380 1953 379
3 1953 2252 379
3 381 2262 380
3 380 2262 1953
3 382 1971 381
3 1971 2262 381
3 383 2234 382
3 382 2234 1971
3 384 1961 383
3 1961 2234 383
3 385 1981 384
3 384 1981 1961
3 386 1974 385
3 1974 1981 385
3 387 2266 386
3 386 2266 1974
3 388 1957 387
3 1957 2266 387
3 389 2259 388
3 388 2259 1957
3 390 1969 389
3 1969 2259 389
3 391 2265 390
3 390 2265 1969
3 392 1966 391
3 1966 2265 391
3 393 2245 392
3 392 2245 1966
3 394 2238 393
3 2238 2245 393
3 395 1955 394
3 1955 2238 394
3 396 2253 395
3 395 2253 1955
3 397 2209 396
3 2209 2253 396
3 398 1968 397
3 1968 2209 397
3 399 2231 398
3 398 2231 1968
3 400 1975 399
3 1975 2231 399
3 401 2220 400
3 400 2220 1975
3 1960 2220 401
3 2105 2135 1953
3 1953 2136 2105
3 2135 2252 1953
3 1953 2262 2136
3 2106 2226 1954
3 1954 2254 2106
3 2233 2254 1954
3 2219 2238 1955
3 1955 2239 2219
3 1955 2253 2239
3 1956 2141 2140
3 2140 2229 1956
3 1956 2223 2141
3 1957 2110 2108
3 2108 2211 1957
3 1957 2259 2110
3 2211 2266 1957
3 1958 2248 2221
3 2237 2267 1958
3 1958 2267 2248
3 1959 2213 2103
3 2103 2250 1959
3 1959 2236 2213
3 1960 2247 2188
3 2188 2257 1960
3 1960 2257 2220
3 1981 1982 1961
3 1982 1983 1961
3 1983 2234 1961
3 2134 2214 1962
3 1962 2256 2134
3 2214 2227 1962
3 2232 2260 1963
3 1963 2241 2235
3 1963 2260 2241
3 1964 2225 2104
3 2104 2255 1964
3 1964 2255 2217
3 2215 2224 1965
3 1965 2261 2215
3 2228 2261 1965
3 1966 2258 2218
3 2218 2265 1966
3 2245 2258 1966
3 1967 2212 2159
3 2159 2230 1967
3 1967 2222 2212
3 2208 2209 1968
3 1968 2251 2208
3 2231 2251 1968
3 1969 2207 2110
3 2110 2259 1969
3 1969 2218 2207
3 1969 2265 2218
3 1970 2246 2223
3 2224 2264 1970
3 1970 2264 2246
3 1971 2242 2136
3 2136 2262 1971
3 2234 2242 1971
3 1972 2190 2104
3 2104 2225 1972
3 1972 2268 2190
3 2229 2268 1972
3 1973 2230 2159
3 2159 2240 1973
3 1973 2240 2233
3 1974 2249 1981
3 2211 2249 1974
3 1974 2266 2211
3 2210 2231 1975
3 1975 2263 2210
3 2220 2263 1975
3 1976 2161 2154
3 2154 2236 1976
3 1976 2227 2161
3 2164 2232 1977
3 1977 2243 2164
3 2226 2243 1977
3 1978 2244 2188
3 2188 2247 1978
3 2235 2244 1978
3 2102 2134 1979
3 1979 2135 2102
3 2134 2256 1979
3 1979 2252 2135
3 1980 2217 2216
3 2216 2237 1980
3 1981 2249 1982
3 1982 1984 1983
3 1982 2112 1984
3 1982 2249 2112
3 1984 1985 1983
3 1985 2242 1983
3 1983 2242 2234
3 1984 1986 1985
3 1984 1987 1986
3 1984 2112 1987
3 1986 2115 1985
3 1985 2115 2111
3 2111 2242 1985
3 1987 1988 1986
3 1988 1989 1986
3 1989 2115 1986
3 1987 2113 1988
3 2112 2205 1987
3 1987 2205 2113
3 1988 1990 1989
3 1988 1991 1990
3 1988 2113 1991
3 1990 2114 1989
3 2114 2121 1989
3 1989 2121 2115
3 1991 1992 1990
3 1992 1993 1990
3 1993 2114 1990
3 1991 2116 1992
3 2113 2117 1991
3 1991 2117 2116
3 1992 1994 1993
3 1992 1995 1994
3 1992 2116 1995
3 1994 2118 1993
3 1993 2120 2114
3 2118 2120 1993
3 1995 1996 1994
3 1996 1997 1994
3 1997 2118 1994
3 1995 2122 1996
3 2116 2124 1995
3 1995 2124 2122
3 1996 1998 1997
3 1996 1999 1998
3 1996 2122 1999
3 1998 2127 1997
3 1997 2119 2118
3 1997 2127 2119
3 1999 2000 1998
3 2000 2001 1998
3 2001 2127 1998
3 1999 2125 2000
3 2122 2123 1999
3 2123 2125 1999
3 2000 2002 2001
3 2000 2003 2002
3 2000 2125 2003
3 2002 2004 2001
3 2004 2130 2001
3 2001 2130 2127
3 2003 2137 2002
3 2002 2005 2004
3 2002 2137 2005
3 2125 2126 2003
3 2126 2193 2003
3 2003 2193 2137
3 2005 2006 2004
3 2006 2007 2004
3 2007 2130 2004
3 2005 2008 2006
3 2005 2014 2008
3 2005 2137 2014
3 2006 2009 2007
3 2008 2156 2006
3 2006 2156 2009
3 2009 2010 2007
3 2010 2199 2007
3 2007 2199 2130
3 2014 2015 2008
3 2015 2017 2008
3 2017 2156 2008
3 2009 2011 2010
3 2009 2177 2011
3 2156 2177 2009
3 2011 2012 2010
3 2012 2013 2010
3 2013 2199 2010
3 2011 2022 2012
3 2011 2029 2022
3 2011 2177 2029
3 2012 2019 2013
3 2012 2179 2019
3 2022 2179 2012
3 2019 2020 2013
3 2020 2195 2013
3 2195 2199 2013
3 2014 2016 2015
3 2014 2045 2016
3 2014 2137 2045
3 2016 2178 2015
3 2015 2018 2017
3 2015 2178 2018
3 2045 2046 2016
3 2046 2162 2016
3 2162 2178 2016
3 2018 2021 2017
3 2021 2094 2017
3 2094 2156 2017
3 2018 2025 2021
3 2018 2026 2025
3 2018 2178 2026
3 2019 2023 2020
3 2019 2030 2023
3 2019 2179 2030
3 2023 2024 2020
3 2024 2027 2020
3 2027 2195 2020
3 2025 2033 2021
3 2033 2165 2021
3 2021 2165 2094
3 2029 2038 2022
3 2038 2079 2022
3 2079 2179 2022
3 2023 2131 2024
3 2030 2040 2023
3 2040 2131 2023
3 2024 2028 2027
3 2024 2034 2028
3 2024 2131 2034
3 2026 2031 2025
3 2031 2166 2025
3 2025 2166 2033
3 2026 2032 2031
3 2026 2077 2032
3 2026 2178 2077
3 2028 2200 2027
3 2129 2195 2027
3 2027 2200 2129
3 2034 2035 2028
3 2035 2036 2028
3 2036 2200 2028
3 2029 2039 2038
3 2029 2180 2039
3 2177 2180 2029
3 2030 2083 2040
3 2030 2189 2083
3 2179 2189 2030
3 2032 2086 2031
3 2086 2097 2031
3 2097 2166 2031
3 2077 2078 2032
3 2078 2158 2032
3 2032 2158 2086
3 2033 2185 2165
3 2166 2167 2033
3 2167 2185 2033
3 2034 2153 2035
3 2131 2132 2034
3 2132 2153 2034
3 2035 2037 2036
3 2035 2084 2037
3 2035 2153 2084
3 2037 2041 2036
3 2041 2044 2036
3 2044 2200 2036
3 2037 2042 2041
3 2037 2133 2042
3 2084 2133 2037
3 2039 2081 2038
3 2038 2138 2079
3 2081 2138 2038
3 2039 2082 2081
3 2039 2095 2082
3 2039 2180 2095
3 2083 2089 2040
3 2089 2090 2040
3 2090 2131 2040
3 2042 2043 2041
3 2043 2203 2041
3 2041 2203 2044
3 2042 2085 2043
3 2042 2102 2085
3 2042 2133 2102
3 2085 2091 2043
3 2091 2121 2043
3 2121 2203 2043
3 2120 2197 2044
3 2044 2203 2120
3 2197 2200 2044
3 2045 2047 2046
3 2045 2193 2047
3 2137 2193 2045
3 2047 2048 2046
3 2048 2173 2046
3 2046 2173 2162
3 2047 2049 2048
3 2047 2198 2049
3 2193 2198 2047
3 2049 2050 2048
3 2050 2057 2048
3 2057 2173 2048
3 2049 2051 2050
3 2049 2052 2051
3 2049 2198 2052
3 2051 2060 2050
3 2050 2142 2057
3 2060 2142 2050
3 2052 2053 2051
3 2053 2181 2051
3 2051 2181 2060
3 2052 2054 2053
3 2052 2196 2054
3 2052 2198 2196
3 2054 2055 2053
3 2055 2067 2053
3 2067 2181 2053
3 2054 2056 2055
3 2054 2072 2056
3 2054 2196 2072
3 2056 2058 2055
3 2058 2168 2055
3 2055 2168 2067
3 2056 2059 2058
3 2056 2157 2059
3 2072 2157 2056
3 2142 2152 2057
3 2152 2182 2057
3 2057 2182 2173
3 2059 2061 2058
3 2061 2069 2058
3 2069 2168 2058
3 2059 2062 2061
3 2059 2063 2062
3 2059 2157 2063
3 2060 2143 2142
3 2060 2144 2143
3 2060 2181 2144
3 2062 2073 2061
3 2061 2184 2069
3 2073 2184 2061
3 2063 2064 2062
3 2064 2174 2062
3 2062 2174 2073
3 2063 2065 2064
3 2063 2155 2065
3 2063 2157 2155
3 2065 2066 2064
3 2066 2068 2064
3 2068 2174 2064
3 2065 2070 2066
3 2065 2076 2070
3 2065 2155 2076
3 2066 2148 2068
3 2070 2071 2066
3 2071 2148 2066
3 2168 2169 2067
3 2169 2187 2067
3 2067 2187 2181
3 2148 2149 2068
3 2149 2150 2068
3 2150 2174 2068
3 2069 2170 2168
3 2069 2171 2170
3 2069 2184 2171
3 2070 2074 2071
3 2070 2204 2074
3 2076 2204 2070
3 2074 2075 2071
3 2075 2080 2071
3 2080 2148 2071
3 2072 2194 2157
3 2072 2201 2194
3 2196 2201 2072
3 2174 2175 2073
3 2175 2176 2073
3 2176 2184 2073
3 2074 2206 2075
3 2074 2204 2117
3 2117 2206 2074
3 2075 2087 2080
3 2075 2088 2087
3 2075 2206 2088
3 2076 2202 2124
3 2124 2204 2076
3 2155 2202 2076
3 2077 2092 2078
3 2077 2162 2092
3 2077 2178 2162
3 2092 2093 2078
3 2093 2098 2078
3 2098 2158 2078
3 2138 2139 2079
3 2139 2189 2079
3 2079 2189 2179
3 2087 2207 2080
3 2080 2160 2148
3 2080 2207 2160
3 2082 2190 2081
3 2081 2140 2138
3 2081 2190 2140
3 2095 2096 2082
3 2096 2104 2082
3 2104 2190 2082
3 2083 2215 2089
3 2189 2192 2083
3 2192 2215 2083
3 2084 2214 2133
3 2153 2161 2084
3 2161 2214 2084
3 2085 2105 2091
3 2102 2135 2085
3 2085 2135 2105
3 2086 2101 2097
3 2086 2212 2101
3 2158 2212 2086
3 2088 2108 2087
3 2108 2110 2087
3 2110 2207 2087
3 2088 2109 2108
3 2088 2205 2109
3 2088 2206 2205
3 2089 2103 2090
3 2089 2261 2103
3 2215 2261 2089
3 2103 2213 2090
3 2090 2132 2131
3 2090 2213 2132
3 2105 2111 2091
3 2111 2115 2091
3 2115 2121 2091
3 2092 2182 2093
3 2162 2173 2092
3 2173 2182 2092
3 2093 2099 2098
3 2093 2100 2099
3 2093 2182 2100
3 2094 2177 2156
3 2165 2180 2094
3 2094 2180 2177
3 2095 2185 2096
3 2095 2180 2165
3 2165 2185 2095
3 2096 2255 2104
3 2185 2186 2096
3 2186 2255 2096
3 2101 2248 2097
3 2097 2191 2166
3 2097 2248 2191
3 2099 2240 2098
3 2098 2159 2158
3 2098 2240 2159
3 2100 2106 2099
3 2106 2254 2099
3 2099 2254 2240
3 2100 2107 2106
3 2100 2152 2107
3 2100 2182 2152
3 2212 2222 2101
3 2101 2222 2221
3 2221 2248 2101
3 2133 2134 2102
3 2228 2250 2103
3 2103 2261 2228
3 2105 2136 2111
3 2107 2243 2106
3 2106 2243 2226
3 2152 2163 2107
3 2163 2164 2107
3 2164 2243 2107
3 2109 2211 2108
3 2109 2205 2112
3 2112 2249 2109
3 2109 2249 2211
3 2136 2242 2111
3 2113 2206 2117
3 2205 2206 2113
3 2120 2203 2114
3 2114 2203 2121
3 2117 2204 2116
3 2116 2204 2124
3 2119 2197 2118
3 2118 2197 2120
3 2127 2128 2119
3 2128 2129 2119
3 2129 2197 2119
3 2122 2202 2123
3 2124 2202 2122
3 2123 2201 2125
3 2194 2201 2123
3 2123 2202 2194
3 2125 2201 2126
3 2126 2198 2193
3 2196 2198 2126
3 2126 2201 2196
3 2127 2130 2128
3 2128 2195 2129
3 2130 2199 2128
3 2128 2199 2195
3 2129 2200 2197
3 2132 2154 2153
3 2132 2213 2154
3 2133 2214 2134
3 2138 2141 2139
3 2140 2141 2138
3 2141 2246 2139
3 2139 2192 2189
3 2139 2246 2192
3 2190 2268 2140
3 2140 2268 2229
3 2223 2246 2141
3 2143 2163 2142
3 2142 2163 2152
3 2144 2145 2143
3 2145 2147 2143
3 2147 2163 2143
3 2144 2146 2145
3 2144 2187 2146
3 2181 2187 2144
3 2146 2244 2145
3 2145 2241 2147
3 2145 2244 2241
3 2146 2187 2183
3 2183 2188 2146
3 2188 2244 2146
3 2147 2164 2163
3 2147 2260 2164
3 2241 2260 2147
3 2148 2160 2149
3 2149 2151 2150
3 2149 2258 2151
3 2160 2258 2149
3 2151 2219 2150
3 2150 2175 2174
3 2150 2219 2175
3 2151 2238 2219
3 2151 2245 2238
3 2151 2258 2245
3 2154 2161 2153
3 2213 2236 2154
3 2157 2194 2155
3 2194 2202 2155
3 2159 2212 2158
3 2207 2218 2160
3 2218 2258 2160
3 2161 2227 2214
3 2164 2260 2232
3 2166 2191 2167
3 2167 2186 2185
3 2167 2216 2186
3 2191 2216 2167
3 2168 2170 2169
3 2170 2172 2169
3 2172 2183 2169
3 2183 2187 2169
3 2171 2210 2170
3 2170 2210 2172
3 2184 2208 2171
3 2208 2251 2171
3 2171 2251 2210
3 2172 2257 2183
3 2210 2263 2172
3 2172 2263 2257
3 2175 2239 2176
3 2219 2239 2175
3 2176 2208 2184
3 2176 2209 2208
3 2176 2239 2209
3 2183 2257 2188
3 2216 2217 2186
3 2217 2255 2186
3 2191 2267 2216
3 2248 2267 2191
3 2192 2264 2215
3 2246 2264 2192
3 2239 2253 2209
3 2210 2251 2231
3 2215 2264 2224
3 2216 2267 2237
3 2257 2263 2220
3 2240 2254 2233
3 2241 2244 2235
3 0 2290 2
3 401 2290 0
3 3 2270 1
3 1 2270 373
3 2 2290 372
3 344 2270 3
3 345 2273 344
3 373 2270 344
3 344 2273 373
3 346 2278 345
3 374 2273 345
3 345 2278 374
3 347 2279 346
3 375 2278 346
3 346 2279 375
3 348 2269 347
3 347 2269 376
3 376 2279 347
3 349 2271 348
3 377 2269 348
3 348 2271 377
3 350 2275 349
3 378 2271 349
3 349 2275 378
3 351 2293 350
3 379 2275 350
3 350 2293 379
3 352 2274 351
3 351 2274 380
3 380 2293 351
3 353 2288 352
3 381 2274 352
3 352 2288 381
3 354 2276 353
3 353 2276 382
3 382 2288 353
3 355 2298 354
3 383 2276 354
3 354 2298 383
3 356 2283 355
3 355 2283 384
3 384 2298 355
3 357 2297 356
3 385 2283 356
3 356 2297 385
3 358 2272 357
3 357 2272 386
3 386 2297 357
3 359 2292 358
3 387 2272 358
3 358 2292 387
3 360 2284 359
3 359 2284 388
3 388 2292 359
3 361 2296 360
3 389 2284 360
3 360 2296 389
3 362 2285 361
3 361 2285 390
3 390 2296 361
3 363 2286 362
3 391 2285 362
3 362 2286 391
3 364 2287 363
3 392 2286 363
3 363 2287 392
3 365 2281 364
3 364 2281 393
3 393 2287 364
3 366 2294 365
3 394 2281 365
3 365 2294 394
3 367 2289 366
3 366 2289 395
3 395 2294 366
3 368 2277 367
3 367 2277 396
3 396 2289 367
3 369 2282 368
3 397 2277 368
3 368 2282 397
3 370 2280 369
3 369 2280 398
3 398 2282 369
3 371 2295 370
3 399 2280 370
3 370 2295 399
3 372 2291 371
3 371 2291 400
3 400 2295 371
3 372 2290 401
3 401 2291 372
3 373 2273 374
3 374 2278 375
3 375 2279 376
3 376 2269 377
3 377 2271 378
3 378 2275 379
3 379 2293 380
3 380 2274 381
3 381 2288 382
3 382 2276 383
3 383 2298 384
3 384 2283 385
3 385 2297 386
3 386 2272 387
3 387 2292 388
3 388 2284 389
3 389 2296 390
3 390 2285 391
3 391 2286 392
3 392 2287 393
3 393 2281 394
3 394 2294 395
3 395 2289 396
3 396 2277 397
3 397 2282 398
3 398 2280 399
3 399 2295 400
3 400 2291 401
3 428 13 12
3 402 13 428
3 15 14 453
3 14 427 453
3 429 403 402
3 429 402 428
3 404 403 430
3 430 403 429
3 431 405 404
3 431 404 430
3 432 406 405
3 432 405 431
3 407 406 432
3 408 407 433
3 433 407 432
3 409 408 435
3 408 433 434
3 435 408 434
3 436 410 409
3 436 409 435
3 411 410 436
3 438 412 411
3 411 436 437
3 438 411 437
3 413 412 438
3 440 414 413
3 413 438 439
3 440 413 439
3 415 414 441
3 441 414 440
3 416 415 441
3 417 416 443
3 442 416 441
3 443 416 442
3 418 417 443
3 419 418 445
3 418 443 444
3 445 418 444
3 446 420 419
3 446 419 445
3 421 420 447
3 447 420 446
3 448 422 421
3 448 421 447
3 449 423 422
3 449 422 448
3 450 424 423
3 450 423 449
3 425 424 450
3 452 426 425
3 425 450 451
3 452 425 451
3 427 426 452
3 453 427 452
3 13 479 12
3 12 479 505
3 454 14 15
3 480 454 15
3 481 455 454
3 481 454 480
3 482 456 455
3 482 455 481
3 457 456 482
3 458 457 484
3 457 482 483
3 484 457 483
3 459 458 485
3 485 458 484
3 460 459 485
3 461 460 486
3 460 485 486
3 488 462 461
3 487 461 486
3 488 461 487
3 463 462 488
3 490 464 463
3 489 463 488
3 490 463 489
3 465 464 491
3 491 464 490
3 492 466 465
3 492 465 491
3 467 466 492
3 468 467 494
3 467 492 493
3 494 467 493
3 469 468 494
3 470 469 495
3 469 494 495
3 497 471 470
3 496 470 495
3 497 470 496
3 472 471 497
3 499 473 472
3 498 472 497
3 499 472 498
3 474 473 499
3 475 474 500
3 500 474 499
3 502 476 475
3 501 475 500
3 502 475 501
3 477 476 502
3 504 478 477
3 477 502 503
3 504 477 503
3 479 478 504
3 505 479 504
3 428 12 2538
3 12 505 2531
3 12 2531 2538
3 15 453 2504
3 480 15 2527
3 15 2504 2527
3 429 428 2309
3 2309 428 2538
3 430 429 2515
3 429 2309 2515
3 431 430 2516
3 430 2515 2516
3 432 431 2306
3 2306 431 2516
3 433 432 2512
3 432 2306 2512
3 434 433 2316
3 2316 433 2512
3 435 434 2521
3 434 2316 2521
3 436 435 2310
3 2310 435 2521
3 437 436 2437
3 436 2310 2437
3 438 437 2525
3 437 2437 2525
3 439 438 2302
3 2302 438 2525
3 440 439 2529
3 439 2302 2529
3 441 440 2541
3 440 2529 2541
3 442 441 2314
3 2314 441 2541
3 443 442 2519
3 442 2314 2519
3 444 443 2317
3 2317 443 2519
3 445 444 2511
3 444 2317 2511
3 446 445 2304
3 2304 445 2511
3 447 446 2526
3 446 2304 2526
3 448 447 2318
3 2318 447 2526
3 449 448 2514
3 448 2318 2514
3 450 449 2308
3 2308 449 2514
3 451 450 2543
3 450 2308 2543
3 452 451 2321
3 2321 451 2543
3 453 452 2300
3 2300 452 2321
3 453 2300 2504
3 481 480 2313
3 2313 480 2527
3 482 481 2502
3 481 2313 2502
3 483 482 2536
3 482 2502 2536
3 484 483 2305
3 2305 483 2536
3 485 484 2507
3 484 2305 2507
3 486 485 2320
3 2320 485 2507
3 487 486 2518
3 486 2320 2518
3 488 487 2311
3 2311 487 2518
3 489 488 2544
3 488 2311 2544
3 490 489 2506
3 2506 489 2544
3 491 490 2301
3 2301 490 2506
3 492 491 2517
3 491 2301 2517
3 493 492 2319
3 2319 492 2517
3 494 493 2513
3 493 2319 2513
3 495 494 2312
3 2312 494 2513
3 496 495 2545
3 495 2312 2545
3 497 496 2522
3 2522 496 2545
3 498 497 2303
3 2303 497 2522
3 499 498 2523
3 498 2303 2523
3 500 499 2315
3 2315 499 2523
3 501 500 2520
3 500 2315 2520
3 502 501 2307
3 2307 501 2520
3 503 502 2524
3 502 2307 2524
3 504 503 2533
3 503 2524 2533
3 505 504 2299
3 2299 504 2533
3 505 2299 2531
3 2456 2299 2528
3 2299 2456 2531
3 2528 2299 2533
3 2300 2321 2322
3 2300 2322 2323
3 2300 2323 2504
3 2505 2301 2506
3 2301 2505 2540
3 2517 2301 2540
3 2302 2430 2529
3 2430 2302 2552
3 2302 2525 2552
3 2303 2522 2539
3 2523 2303 2550
3 2303 2539 2550
3 2478 2304 2481
3 2304 2478 2526
3 2481 2304 2511
3 2465 2305 2501
3 2305 2465 2507
3 2501 2305 2536
3 2512 2306 2537
3 2306 2516 2548
3 2537 2306 2548
3 2473 2307 2520
3 2307 2473 2546
3 2524 2307 2546
3 2308 2427 2428
3 2427 2308 2514
3 2308 2428 2435
3 2308 2435 2543
3 2510 2309 2538
3 2309 2510 2554
3 2515 2309 2554
3 2310 2426 2436
3 2426 2310 2521
3 2310 2436 2437
3 2311 2518 2532
3 2530 2311 2532
3 2311 2530 2544
3 2312 2490 2545
3 2490 2312 2549
3 2312 2513 2549
3 2429 2313 2527
3 2313 2429 2547
3 2502 2313 2547
3 2314 2432 2509
3 2432 2314 2541
3 2476 2314 2509
3 2314 2476 2519
3 2433 2315 2523
3 2315 2433 2535
3 2520 2315 2535
3 2426 2316 2503
3 2316 2426 2521
3 2503 2316 2512
3 2317 2476 2480
3 2476 2317 2519
3 2317 2480 2511
3 2478 2318 2526
3 2318 2478 2553
3 2514 2318 2553
3 2508 2319 2517
3 2319 2508 2551
3 2513 2319 2551
3 2320 2507 2542
3 2518 2320 2542
3 2322 2321 2435
3 2435 2321 2543
3 2323 2322 2324
3 2324 2322 2439
3 2322 2435 2439
3 2323 2324 2325
3 2323 2325 2429
3 2323 2429 2504
3 2325 2324 2326
3 2326 2324 2327
3 2327 2324 2439
3 2325 2326 2440
3 2429 2325 2438
3 2438 2325 2440
3 2326 2327 2328
3 2326 2328 2329
3 2326 2329 2440
3 2328 2327 2442
3 2327 2439 2500
3 2442 2327 2500
3 2329 2328 2330
3 2330 2328 2331
3 2331 2328 2442
3 2329 2330 2441
3 2440 2329 2498
3 2329 2441 2498
3 2330 2331 2332
3 2330 2332 2333
3 2330 2333 2441
3 2332 2331 2444
3 2331 2442 2497
3 2444 2331 2497
3 2333 2332 2334
3 2334 2332 2335
3 2335 2332 2444
3 2333 2334 2446
3 2441 2333 2443
3 2443 2333 2446
3 2334 2335 2336
3 2334 2336 2337
3 2334 2337 2446
3 2336 2335 2445
3 2335 2444 2453
3 2445 2335 2453
3 2337 2336 2338
3 2338 2336 2339
3 2339 2336 2445
3 2337 2338 2447
3 2446 2337 2495
3 2337 2447 2495
3 2338 2339 2340
3 2338 2340 2341
3 2338 2341 2447
3 2340 2339 2342
3 2342 2339 2449
3 2339 2445 2449
3 2341 2340 2452
3 2340 2342 2343
3 2340 2343 2452
3 2447 2341 2448
3 2448 2341 2492
3 2341 2452 2492
3 2343 2342 2344
3 2344 2342 2345
3 2345 2342 2449
3 2343 2344 2346
3 2343 2346 2349
3 2343 2349 2452
3 2344 2345 2347
3 2346 2344 2463
3 2344 2347 2463
3 2347 2345 2348
3 2348 2345 2466
3 2345 2449 2466
3 2349 2346 2350
3 2350 2346 2352
3 2352 2346 2463
3 2347 2348 2353
3 2347 2353 2398
3 2347 2398 2463
3 2353 2348 2354
3 2354 2348 2355
3 2355 2348 2466
3 2349 2350 2351
3 2349 2351 2457
3 2452 2349 2457
3 2351 2350 2358
3 2350 2352 2474
3 2358 2350 2474
3 2351 2358 2359
3 2351 2359 2360
3 2351 2360 2457
3 2462 2352 2463
3 2352 2462 2464
3 2352 2464 2474
3 2353 2354 2482
3 2398 2353 2399
3 2399 2353 2482
3 2354 2355 2356
3 2354 2356 2363
3 2354 2363 2482
3 2356 2355 2357
3 2357 2355 2365
3 2365 2355 2466
3 2356 2357 2467
3 2363 2356 2387
3 2387 2356 2467
3 2357 2365 2366
3 2357 2366 2367
3 2357 2367 2467
3 2359 2358 2458
3 2358 2454 2458
3 2454 2358 2474
3 2360 2359 2361
3 2361 2359 2364
3 2364 2359 2458
3 2360 2361 2362
3 2360 2362 2491
3 2457 2360 2491
3 2362 2361 2371
3 2361 2364 2472
3 2371 2361 2472
3 2362 2371 2372
3 2362 2372 2373
3 2362 2373 2491
3 2363 2387 2415
3 2363 2415 2487
3 2482 2363 2487
3 2364 2458 2459
3 2364 2459 2460
3 2364 2460 2472
3 2366 2365 2494
3 2450 2365 2466
3 2365 2450 2494
3 2367 2366 2368
3 2368 2366 2369
3 2369 2366 2494
3 2367 2368 2475
3 2467 2367 2468
3 2468 2367 2475
3 2368 2369 2370
3 2368 2370 2389
3 2368 2389 2475
3 2370 2369 2390
3 2390 2369 2411
3 2411 2369 2494
3 2389 2370 2477
3 2370 2390 2391
3 2370 2391 2477
3 2372 2371 2401
3 2401 2371 2414
3 2414 2371 2472
3 2373 2372 2374
3 2374 2372 2479
3 2372 2401 2479
3 2373 2374 2375
3 2373 2375 2413
3 2373 2413 2491
3 2375 2374 2376
3 2376 2374 2386
3 2386 2374 2479
3 2375 2376 2377
3 2375 2377 2493
3 2413 2375 2493
3 2377 2376 2378
3 2378 2376 2483
3 2376 2386 2483
3 2377 2378 2379
3 2377 2379 2380
3 2377 2380 2493
3 2379 2378 2469
3 2469 2378 2470
3 2470 2378 2483
3 2380 2379 2381
3 2381 2379 2382
3 2382 2379 2469
3 2380 2381 2496
3 2380 2451 2493
3 2451 2380 2496
3 2381 2382 2383
3 2381 2383 2384
3 2381 2384 2496
3 2383 2382 2388
3 2388 2382 2402
3 2402 2382 2469
3 2384 2383 2385
3 2385 2383 2485
3 2383 2388 2485
3 2384 2385 2392
3 2384 2392 2412
3 2384 2412 2496
3 2392 2385 2393
3 2393 2385 2394
3 2394 2385 2485
3 2386 2479 2488
3 2483 2386 2489
3 2386 2488 2489
3 2415 2387 2430
3 2430 2387 2431
3 2431 2387 2467
3 2388 2402 2405
3 2388 2405 2416
3 2388 2416 2485
3 2475 2389 2480
3 2389 2477 2481
3 2480 2389 2481
3 2391 2390 2409
3 2409 2390 2497
3 2390 2411 2497
3 2391 2409 2410
3 2391 2410 2420
3 2391 2420 2477
3 2392 2393 2499
3 2412 2392 2443
3 2443 2392 2499
3 2393 2394 2395
3 2393 2395 2396
3 2393 2396 2499
3 2395 2394 2425
3 2425 2394 2486
3 2394 2485 2486
3 2396 2395 2397
3 2397 2395 2465
3 2395 2425 2465
3 2396 2397 2408
3 2396 2408 2498
3 2396 2498 2499
3 2408 2397 2421
3 2421 2397 2501
3 2397 2465 2501
3 2398 2399 2400
3 2398 2400 2462
3 2398 2462 2463
3 2400 2399 2403
3 2403 2399 2404
3 2404 2399 2482
3 2400 2403 2406
3 2400 2406 2407
3 2400 2407 2462
3 2401 2414 2433
3 2401 2433 2434
3 2401 2434 2479
3 2405 2402 2505
3 2402 2469 2471
3 2402 2471 2505
3 2403 2404 2426
3 2406 2403 2503
3 2403 2426 2503
3 2426 2404 2436
3 2436 2404 2487
3 2404 2482 2487
3 2416 2405 2530
3 2405 2505 2506
3 2405 2506 2530
3 2407 2406 2417
3 2417 2406 2537
3 2406 2503 2537
3 2407 2417 2418
3 2407 2418 2464
3 2462 2407 2464
3 2408 2421 2438
3 2408 2438 2440
3 2408 2440 2498
3 2410 2409 2500
3 2442 2409 2497
3 2409 2442 2500
3 2420 2410 2427
3 2427 2410 2428
3 2428 2410 2500
3 2444 2411 2453
3 2411 2444 2497
3 2453 2411 2494
3 2412 2443 2446
3 2412 2446 2495
3 2412 2495 2496
3 2413 2448 2492
3 2448 2413 2493
3 2491 2413 2492
3 2433 2414 2535
3 2414 2472 2473
3 2414 2473 2535
3 2415 2430 2552
3 2487 2415 2555
3 2534 2415 2552
3 2415 2534 2555
3 2485 2416 2486
3 2486 2416 2532
3 2416 2530 2532
3 2418 2417 2419
3 2419 2417 2548
3 2417 2537 2548
3 2418 2419 2422
3 2418 2422 2423
3 2418 2423 2464
3 2422 2419 2554
3 2515 2419 2516
3 2419 2515 2554
3 2516 2419 2548
3 2420 2427 2553
3 2477 2420 2478
3 2478 2420 2553
3 2438 2421 2547
3 2421 2501 2502
3 2421 2502 2547
3 2423 2422 2424
3 2424 2422 2510
3 2510 2422 2554
3 2423 2424 2454
3 2423 2454 2474
3 2464 2423 2474
3 2454 2424 2455
3 2455 2424 2456
3 2456 2424 2510
3 2465 2425 2507
3 2425 2486 2542
3 2507 2425 2542
3 2427 2514 2553
3 2435 2428 2439
3 2439 2428 2500
3 2429 2438 2547
3 2504 2429 2527
3 2430 2431 2432
3 2430 2432 2529
3 2432 2431 2509
3 2431 2467 2468
3 2431 2468 2509
3 2529 2432 2541
3 2434 2433 2550
3 2433 2523 2550
3 2479 2434 2488
3 2488 2434 2539
3 2539 2434 2550
3 2437 2436 2555
3 2436 2487 2555
3 2525 2437 2534
3 2534 2437 2555
3 2441 2443 2499
3 2498 2441 2499
3 2449 2445 2450
3 2450 2445 2453
3 2447 2448 2451
3 2447 2451 2495
3 2451 2448 2493
3 2449 2450 2466
3 2450 2453 2494
3 2495 2451 2496
3 2452 2457 2492
3 2454 2455 2458
3 2455 2456 2528
3 2458 2455 2459
3 2459 2455 2528
3 2456 2510 2538
3 2531 2456 2538
3 2457 2491 2492
3 2460 2459 2461
3 2461 2459 2528
3 2460 2461 2546
3 2472 2460 2473
3 2473 2460 2546
3 2524 2461 2533
3 2461 2524 2546
3 2461 2528 2533
3 2468 2475 2476
3 2468 2476 2509
3 2469 2470 2471
3 2471 2470 2508
3 2470 2483 2484
3 2470 2484 2508
3 2505 2471 2540
3 2471 2508 2540
3 2473 2520 2535
3 2476 2475 2480
3 2477 2478 2481
3 2480 2481 2511
3 2484 2483 2489
3 2484 2489 2549
3 2508 2484 2551
3 2484 2549 2551
3 2486 2532 2542
3 2489 2488 2490
3 2490 2488 2539
3 2489 2490 2549
3 2522 2490 2539
3 2490 2522 2545
3 2502 2501 2536
3 2503 2512 2537
3 2530 2506 2544
3 2508 2517 2540
3 2549 2513 2551
3 2532 2518 2542
3 2525 2534 2552
3 402 2572 13
3 13 2786 479
3 2572 2786 13
3 14 2763 427
3 454 2783 14
3 14 2783 2763
3 403 2768 402
3 402 2768 2572
3 404 2560 403
3 2560 2768 403
3 405 2777 404
3 404 2777 2560
3 406 2573 405
3 2573 2777 405
3 407 2769 406
3 406 2769 2573
3 408 2566 407
3 2566 2769 407
3 409 2803 408
3 408 2803 2566
3 410 2808 409
3 2693 2803 409
3 409 2808 2693
3 411 2559 410
3 2559 2808 410
3 412 2776 411
3 411 2776 2559
3 413 2575 412
3 2575 2776 412
3 414 2775 413
3 413 2775 2575
3 415 2564 414
3 2564 2775 414
3 416 2785 415
3 415 2785 2564
3 417 2759 416
3 2759 2785 416
3 418 2562 417
3 2562 2759 417
3 419 2771 418
3 418 2771 2562
3 420 2770 419
3 2770 2771 419
3 421 2569 420
3 2569 2770 420
3 422 2806 421
3 421 2806 2569
3 423 2765 422
3 2765 2806 422
3 424 2556 423
3 2556 2765 423
3 425 2798 424
3 424 2798 2556
3 426 2578 425
3 2578 2798 425
3 427 2567 426
3 2567 2578 426
3 427 2763 2567
3 455 2563 454
3 2563 2783 454
3 456 2773 455
3 455 2773 2563
3 457 2574 456
3 2574 2773 456
3 458 2774 457
3 457 2774 2574
3 459 2571 458
3 2571 2774 458
3 460 2796 459
3 459 2796 2571
3 461 2781 460
3 2781 2796 460
3 462 2558 461
3 2558 2781 461
3 463 2766 462
3 462 2766 2558
3 464 2577 463
3 2577 2766 463
3 465 2772 464
3 464 2772 2577
3 466 2570 465
3 2570 2772 465
3 467 2790 466
3 466 2790 2570
3 468 2739 467
3 2739 2790 467
3 469 2561 468
3 2561 2739 468
3 470 2778 469
3 469 2778 2561
3 471 2576 470
3 2576 2778 470
3 472 2779 471
3 471 2779 2576
3 473 2565 472
3 2565 2779 472
3 474 2792 473
3 473 2792 2565
3 475 2789 474
3 2789 2792 474
3 476 2557 475
3 2557 2789 475
3 477 2780 476
3 476 2780 2557
3 478 2788 477
3 477 2788 2780
3 479 2568 478
3 2568 2788 478
3 479 2786 2568
3 2556 2685 2684
3 2684 2765 2556
3 2556 2690 2685
3 2556 2798 2690
3 2725 2789 2557
3 2557 2801 2725
3 2780 2801 2557
3 2766 2787 2558
3 2558 2787 2781
3 2559 2764 2687
3 2687 2808 2559
3 2559 2776 2764
3 2767 2768 2560
3 2560 2777 2767
3 2738 2739 2561
3 2561 2740 2738
3 2561 2778 2740
3 2562 2719 2716
3 2716 2759 2562
3 2562 2771 2719
3 2686 2783 2563
3 2563 2802 2686
3 2773 2802 2563
3 2564 2785 2717
3 2717 2795 2564
3 2564 2795 2775
3 2565 2792 2761
3 2761 2807 2565
3 2565 2807 2779
3 2688 2760 2566
3 2566 2803 2688
3 2760 2769 2566
3 2567 2579 2578
3 2567 2580 2579
3 2567 2763 2580
3 2707 2784 2568
3 2568 2786 2707
3 2784 2788 2568
3 2762 2782 2569
3 2569 2806 2762
3 2569 2782 2770
3 2570 2790 2737
3 2737 2804 2570
3 2570 2804 2772
3 2571 2681 2679
3 2679 2689 2571
3 2571 2796 2681
3 2689 2774 2571
3 2707 2786 2572
3 2572 2799 2707
3 2768 2799 2572
3 2769 2791 2573
3 2573 2805 2777
3 2791 2805 2573
3 2574 2793 2773
3 2774 2793 2574
3 2575 2775 2750
3 2750 2794 2575
3 2575 2794 2776
3 2576 2797 2778
3 2779 2800 2576
3 2576 2800 2797
3 2577 2691 2683
3 2683 2766 2577
3 2577 2772 2691
3 2579 2690 2578
3 2690 2798 2578
3 2580 2581 2579
3 2581 2695 2579
3 2579 2695 2690
3 2580 2582 2581
3 2580 2686 2582
3 2580 2763 2686
3 2582 2583 2581
3 2583 2584 2581
3 2584 2695 2581
3 2582 2696 2583
3 2686 2694 2582
3 2694 2696 2582
3 2583 2585 2584
3 2583 2586 2585
3 2583 2696 2586
3 2585 2698 2584
3 2584 2757 2695
3 2698 2757 2584
3 2586 2587 2585
3 2587 2588 2585
3 2588 2698 2585
3 2586 2697 2587
3 2696 2755 2586
3 2586 2755 2697
3 2587 2589 2588
3 2587 2590 2589
3 2587 2697 2590
3 2589 2700 2588
3 2588 2754 2698
3 2700 2754 2588
3 2590 2591 2589
3 2591 2592 2589
3 2592 2700 2589
3 2590 2702 2591
3 2697 2699 2590
3 2699 2702 2590
3 2591 2593 2592
3 2591 2594 2593
3 2591 2702 2594
3 2593 2701 2592
3 2592 2753 2700
3 2701 2753 2592
3 2594 2595 2593
3 2595 2596 2593
3 2596 2701 2593
3 2594 2711 2595
3 2702 2712 2594
3 2594 2712 2711
3 2595 2597 2596
3 2595 2598 2597
3 2595 2711 2598
3 2597 2599 2596
3 2599 2605 2596
3 2605 2701 2596
3 2598 2600 2597
3 2597 2708 2599
3 2600 2708 2597
3 2598 2601 2600
3 2598 2722 2601
3 2711 2722 2598
3 2599 2606 2605
3 2599 2709 2606
3 2708 2709 2599
3 2601 2602 2600
3 2602 2723 2600
3 2600 2723 2708
3 2601 2603 2602
3 2601 2604 2603
3 2601 2722 2604
3 2603 2612 2602
3 2612 2613 2602
3 2613 2723 2602
3 2604 2614 2603
3 2603 2730 2612
3 2614 2730 2603
3 2604 2615 2614
3 2604 2623 2615
3 2604 2722 2623
3 2606 2607 2605
3 2607 2703 2605
3 2605 2703 2701
3 2606 2608 2607
3 2606 2609 2608
3 2606 2709 2609
3 2608 2610 2607
3 2610 2611 2607
3 2611 2703 2607
3 2609 2616 2608
3 2608 2744 2610
3 2616 2744 2608
3 2609 2617 2616
3 2609 2751 2617
3 2709 2751 2609
3 2610 2618 2611
3 2610 2628 2618
3 2610 2744 2628
3 2618 2619 2611
3 2619 2752 2611
3 2611 2752 2703
3 2612 2620 2613
3 2612 2622 2620
3 2612 2730 2622
3 2620 2621 2613
3 2621 2704 2613
3 2704 2723 2613
3 2615 2629 2614
3 2629 2731 2614
3 2614 2731 2730
3 2623 2624 2615
3 2624 2735 2615
3 2615 2735 2629
3 2617 2635 2616
3 2635 2658 2616
3 2658 2744 2616
3 2617 2636 2635
3 2617 2642 2636
3 2617 2751 2642
3 2618 2631 2619
3 2628 2745 2618
3 2618 2745 2631
3 2631 2632 2619
3 2632 2638 2619
3 2638 2752 2619
3 2620 2727 2621
3 2622 2637 2620
3 2637 2727 2620
3 2621 2724 2704
3 2705 2724 2621
3 2621 2727 2705
3 2622 2645 2637
3 2622 2657 2645
3 2622 2730 2657
3 2623 2625 2624
3 2623 2669 2625
3 2623 2722 2669
3 2625 2626 2624
3 2626 2630 2624
3 2630 2735 2624
3 2625 2627 2626
3 2625 2713 2627
3 2669 2713 2625
3 2627 2633 2626
3 2626 2728 2630
3 2633 2728 2626
3 2627 2634 2633
3 2627 2640 2634
3 2627 2713 2640
3 2628 2744 2742
3 2742 2749 2628
3 2628 2749 2745
3 2629 2732 2731
3 2629 2733 2732
3 2629 2735 2733
3 2728 2736 2630
3 2630 2746 2735
3 2736 2746 2630
3 2631 2714 2632
3 2631 2715 2714
3 2631 2745 2715
3 2632 2639 2638
3 2632 2646 2639
3 2632 2714 2646
3 2634 2644 2633
3 2644 2647 2633
3 2647 2728 2633
3 2640 2641 2634
3 2641 2729 2634
3 2634 2729 2644
3 2636 2741 2635
3 2635 2659 2658
3 2635 2741 2659
3 2642 2643 2636
3 2643 2661 2636
3 2661 2741 2636
3 2645 2674 2637
3 2674 2675 2637
3 2675 2727 2637
3 2639 2648 2638
3 2648 2668 2638
3 2668 2752 2638
3 2646 2721 2639
3 2639 2649 2648
3 2639 2721 2649
3 2640 2650 2641
3 2640 2670 2650
3 2640 2713 2670
3 2650 2651 2641
3 2651 2652 2641
3 2652 2729 2641
3 2642 2655 2643
3 2642 2656 2655
3 2642 2751 2656
3 2655 2664 2643
3 2643 2747 2661
3 2664 2747 2643
3 2644 2683 2647
3 2644 2748 2683
3 2729 2748 2644
3 2657 2662 2645
3 2662 2725 2645
3 2645 2725 2674
3 2714 2719 2646
3 2719 2720 2646
3 2720 2721 2646
3 2683 2691 2647
3 2691 2692 2647
3 2692 2728 2647
3 2649 2666 2648
3 2666 2754 2648
3 2648 2754 2668
3 2649 2667 2666
3 2649 2673 2667
3 2649 2721 2673
3 2650 2756 2651
3 2670 2699 2650
3 2699 2756 2650
3 2651 2653 2652
3 2651 2654 2653
3 2651 2756 2654
3 2653 2679 2652
3 2679 2680 2652
3 2680 2729 2652
3 2654 2671 2653
3 2671 2689 2653
3 2653 2689 2679
3 2654 2672 2671
3 2654 2755 2672
3 2654 2756 2755
3 2656 2724 2655
3 2655 2665 2664
3 2655 2724 2665
3 2656 2710 2704
3 2704 2724 2656
3 2656 2751 2710
3 2657 2663 2662
3 2657 2731 2663
3 2730 2731 2657
3 2659 2660 2658
3 2660 2742 2658
3 2742 2744 2658
3 2659 2687 2660
3 2659 2688 2687
3 2659 2741 2688
3 2687 2764 2660
3 2660 2743 2742
3 2660 2764 2743
3 2661 2760 2741
3 2747 2791 2661
3 2661 2791 2760
3 2663 2761 2662
3 2662 2726 2725
3 2662 2761 2726
3 2731 2732 2663
3 2732 2734 2663
3 2734 2761 2663
3 2665 2676 2664
3 2676 2767 2664
3 2664 2767 2747
3 2665 2677 2676
3 2665 2705 2677
3 2665 2724 2705
3 2667 2757 2666
3 2698 2754 2666
3 2666 2757 2698
3 2673 2684 2667
3 2684 2685 2667
3 2685 2757 2667
3 2700 2753 2668
3 2668 2754 2700
3 2668 2753 2752
3 2711 2712 2669
3 2669 2722 2711
3 2712 2713 2669
3 2670 2702 2699
3 2670 2712 2702
3 2670 2713 2712
3 2672 2682 2671
3 2682 2793 2671
3 2671 2793 2689
3 2672 2694 2682
3 2672 2696 2694
3 2672 2755 2696
3 2673 2762 2684
3 2721 2782 2673
3 2673 2782 2762
3 2674 2678 2675
3 2674 2801 2678
3 2725 2801 2674
3 2678 2784 2675
3 2706 2727 2675
3 2675 2784 2706
3 2677 2799 2676
3 2676 2768 2767
3 2676 2799 2768
3 2705 2706 2677
3 2706 2707 2677
3 2707 2799 2677
3 2780 2788 2678
3 2678 2801 2780
3 2678 2788 2784
3 2679 2681 2680
3 2681 2787 2680
3 2680 2748 2729
3 2680 2787 2748
3 2781 2787 2681
3 2681 2796 2781
3 2694 2802 2682
3 2773 2793 2682
3 2682 2802 2773
3 2748 2766 2683
3 2762 2765 2684
3 2690 2695 2685
3 2695 2757 2685
3 2686 2802 2694
3 2763 2783 2686
3 2688 2693 2687
3 2693 2808 2687
3 2688 2803 2693
3 2741 2760 2688
3 2689 2793 2774
3 2691 2804 2692
3 2772 2804 2691
3 2692 2736 2728
3 2692 2737 2736
3 2692 2804 2737
3 2697 2756 2699
3 2755 2756 2697
3 2703 2753 2701
3 2752 2753 2703
3 2710 2723 2704
3 2705 2727 2706
3 2706 2784 2707
3 2708 2710 2709
3 2708 2723 2710
3 2710 2751 2709
3 2715 2716 2714
3 2716 2719 2714
3 2715 2717 2716
3 2715 2718 2717
3 2715 2745 2718
3 2717 2759 2716
3 2718 2795 2717
3 2717 2785 2759
3 2745 2749 2718
3 2749 2750 2718
3 2750 2795 2718
3 2719 2771 2720
3 2720 2782 2721
3 2720 2771 2770
3 2770 2782 2720
3 2726 2789 2725
3 2761 2792 2726
3 2726 2792 2789
3 2733 2758 2732
3 2732 2758 2734
3 2735 2746 2733
3 2733 2746 2740
3 2740 2758 2733
3 2758 2800 2734
3 2734 2807 2761
3 2800 2807 2734
3 2737 2738 2736
3 2738 2746 2736
3 2737 2739 2738
3 2737 2790 2739
3 2740 2746 2738
3 2740 2797 2758
3 2778 2797 2740
3 2743 2749 2742
3 2743 2750 2749
3 2743 2794 2750
3 2764 2794 2743
3 2767 2805 2747
3 2747 2805 2791
3 2748 2787 2766
3 2775 2795 2750
3 2797 2800 2758
3 2760 2791 2769
3 2762 2806 2765
3 2776 2794 2764
3 2777 2805 2767
3 2779 2807 2800
4 2878 3692 3030 4687
4 2837 4190 3233 4193
4 3129 3696 3161 4042
4 2840 3433 4320 4555
4 3794 3956 3292 4698
4 2878 3030 3692 4163
4 3277 3303 2920 4325
4 1737 1617 1736 3988
4 2927 3279 3846 4028
4 3214 3000 3335 3967
4 3241 3389 2670 3478
4 3214 3335 3000 3705
4 3380 4162 3810 4731
4 3230 3333 2930 3364
4 2927 3183 3279 4028
4 772 3719 3187 3797
4 3574 4483 4049 4679
4 1497 3188 1048 4152
4 2852 3029 3482 3987
4 2909 3769 3476 4748
4 3009 3262 3151 3756
4 2909 3476 4387 4748
4 2954 4082 3343 4413
4 3557 4086 3173 5017
4 2956 4279 3137 4447
4 3783 4428 2847 4583
4 1127 3510 3341 4161
4 916 3844 3417 4384
4 3487 3587 3270 4591
4 2906 3468 3435 3526
4 2845 3224 3164 3591
4 3151 3783 2847 4583
4 3343 4082 3214 4413
4 215 3684 3763 4457
4 2840 3433 4249 4320
4 2874 3380 3254 4200
4 215 3684 214 3763
4 2909 4387 3769 4748
4 3245 3413 2996 4301
4 999 3631 3830 4038
4 2915 3399 3125 4118
4 3009 3223 3217 4469
4 2749 3128 3508 3695
4 3384 3624 3320 3715
4 2840 4320 4249 4555
4 3293 3682 3060 4560
4 2927 3846 3404 4028
4 3514 4149 3086 4278
4 2875 3971 3337 4310
4 2810 4149 3514 4278
4 675 3950 4404 4719
4 3277 2920 3617 4325
4 3093 3318 4059 4425
4 3628 4027 3404 4799
4 772 733 3719 3797
4 3223 3767 3217 4469
4 3169 3741 3706 5049
4 3213 3464 1226 3475
4 1127 3341 3723 4161
4 2914 4256 3597 4313
4 2936 3615 3439 4486
4 2821 4059 3318 4425
4 2993 3388 3742 4393
4 3268 3282 2995 3428
4 3448 3686 1013 4639
4 3260 2895 3673 4274
4 2714 2632 3115 3623
4 3440 3583 3143 4363
4 1313 1124 3607 3656
4 1122 3566 3544 4142
4 1497 1748 3188 4152
4 2813 3379 3138 3447
4 2884 3103 3378 4140
4 3706 3741 3169 4892
4 3544 3566 1122 4808
4 1656 3491 1757 3936
4 2875 3337 3971 4857
4 2884 3333 3103 4140
4 3293 3503 1265 4560
4 3341 3607 1124 3656
4 2914 3597 3391 4313
4 2930 3741 3169 5049
4 169 1290 3648 4214
4 3140 2948 3520 3813
4 3781 4423 3057 4755
4 3277 3303 2840 4694
4 2832 4188 3207 4282
4 2888 3484 3552 4365
4 2829 3299 3056 3703
4 3277 4337 3303 4694
4 916 3417 901 4384
4 3476 3024 4387 4748
4 1576 1594 3776 3857
4 2819 3343 3214 3835
4 3180 3051 3743 4367
4 3151 3262 3009 4076
4 3605 4444 3015 4813
4 2893 3173 3557 4086
4 3118 3776 1594 3857
4 3143 3440 2972 3583
4 1617 3751 1736 3988
4 2818 4164 3630 4368
4 1594 3776 3118 4690
4 1441 3426 1033 3519
4 2954 3214 4082 4413
4 2897 3583 3440 4363
4 2829 3056 3299 3583
4 1283 1188 1288 3126
4 2874 3380 3810 4731
4 3152 3057 3781 4423
4 2888 3552 3766 4365
4 169 1290 3324 3648
4 2814 3127 4700 4787
4 3093 3619 3318 4425
4 3203 3971 3787 4643
4 3027 3587 3487 4591
4 1353 3144 3709 3836
4 3221 3354 2690 4348
4 1689 3754 3298 3814
4 3238 3353 746 3815
4 3134 4320 3433 4555
4 3050 4310 3913 4692
4 3166 2995 3395 4592
4 2875 3913 4310 4692
4 3171 3362 3012 4193
4 2847 3247 3782 3891
4 2564 3956 3794 4698
4 3333 3364 3230 4450
4 3258 3364 2852 3741
4 2828 3787 3203 3971
4 2821 3318 3619 4425
4 214 1400 3763 4575
4 2868 3362 3171 4193
4 3029 3414 2852 3482
4 3254 4162 3380 4731
4 3180 4367 3743 4751
4 2874 3254 3380 4731
4 2914 3724 3235 3960
4 2904 3111 3831 3882
4 1353 3709 1173 3836
4 3140 3520 2948 4083
4 3297 2871 3376 4448
4 2826 3634 3291 4132
4 2832 3520 3207 4188
4 2763 2580 3216 3669
4 2883 3185 3486 3640
4 2893 3557 3173 4640
4 780 930 845 3184
4 1288 1283 3126 3772
4 2582 4216 3149 4500
4 3787 3971 3331 4643
4 1692 3298 3754 3757
4 2847 3247 3455 3782
4 1292 3648 3669 4548
4 2595 3812 3587 4054
4 1542 4140 3483 4509
4 2796 460 459 3283
4 3767 4375 3779 4469
4 2580 3581 3216 3669
4 3601 4261 3077 4631
4 3303 4337 3564 4694
4 2900 4454 3815 4600
4 2928 3624 3384 3715
4 2890 3345 3149 3843
4 3071 2944 3977 4598
4 2900 3238 3353 3461
4 2845 3164 3224 4284
4 1690 3298 1692 3757
4 1687 3637 3728 4573
4 2814 4700 4183 4787
4 2878 3030 4163 4687
4 3261 4244 4077 4369
4 2828 3971 3203 4487
4 1227 1347 3213 3464
4 2925 4672 3294 4943
4 3649 3896 2934 4131
4 909 3684 3642 4936
4 780 930 3184 4199
4 3653 4107 3583 4363
4 3196 3402 2920 3579
4 2833 3918 3367 3995
4 2858 4523 4355 4749
4 2875 3971 3331 4857
4 2858 3360 4523 4749
4 2840 3303 3277 4325
4 780 3184 845 4199
4 2828 3331 3787 3971
4 3933 4519 3117 4653
4 3439 3615 3210 4486
4 3561 3775 890 4459
4 4309 4519 3933 4653
4 1362 3568 3111 3856
4 3203 3787 2828 4487
4 2899 3169 3741 4892
4 2847 3891 3782 4346
4 3154 4587 3716 4782
4 2920 3613 3402 4259
4 2854 3074 3334 3501
4 1548 1542 3483 4509
4 2874 4731 3810 4981
4 4279 4810 3760 5004
4 3547 3896 3649 4131
4 1692 3298 1690 3754
4 3106 3396 2880 4550
4 3233 3356 3083 4190
4 3057 4423 3548 4755
4 2845 3138 3420 4284
4 1548 3483 3089 4509
4 1713 1594 4170 4690
4 3176 3005 3367 3923
4 3417 4310 3050 4692
4 1176 3547 3268 3896
4 2868 3171 4492 4721
4 3235 3960 3724 4163
4 3241 3478 2670 4238
4 3029 2852 3414 3987
4 3664 4077 3261 4244
4 3183 2927 3786 4028
4 2607 2611 3119 3771
4 1193 3547 3249 4141
4 3158 4810 4279 5004
4 1548 3089 3602 4509
4 904 3376 3802 4616
4 3283 3740 2796 3993
4 2971 3274 3176 4062
4 3110 3740 2908 4684
4 3110 3678 981 4362
4 2908 3740 3110 4258
4 3815 4600 4454 4870
4 2920 3579 3131 3660
4 420 243 3384 4859
4 2996 4298 3245 4301
4 3724 3960 3132 4163
4 1283 1188 3126 4011
4 169 3648 3324 4214
4 3404 3786 2927 4028
4 214 4060 1400 4575
4 2853 3824 4243 4461
4 3160 3169 4052 5042
4 2920 3402 3196 4259
4 3009 3756 3151 4725
4 3819 3914 3904 4596
4 3071 3977 3436 4598
4 904 3800 3376 4616
4 930 4035 3184 4199
4 3337 3971 3701 4310
4 2812 4090 3356 4335
4 3223 3273 2996 4062
4 3186 3647 2855 4119
4 2875 4310 3417 4692
4 909 3163 3684 4936
4 4052 4378 3160 5042
4 955 3110 981 4362
4 2813 3447 3138 3644
4 2822 3696 3129 4042
4 3041 3416 2889 3442
4 2846 3330 4279 4865
4 2999 4349 4525 4630
4 1689 3100 3754 3814
4 2871 3084 3505 3861
4 3478 3587 2711 3812
4 2829 3583 3653 4107
4 2900 3815 3504 4600
4 3121 4404 3950 4719
4 2922 3526 3285 4113
4 3176 3923 3367 4549
4 1775 1459 3758 4494
4 3092 3723 3715 5036
4 2809 3159 3254 4729
4 690 3552 881 4110
4 3815 4454 3546 4870
4 2814 4183 3947 4787
4 3395 4409 3166 4592
4 3186 4048 3647 4119
4 1051 3682 3293 4560
4 3440 3726 847 4418
4 3230 3482 2852 4359
4 3089 3483 1548 4156
4 3642 3684 3163 4936
4 2852 3482 3414 4359
4 2859 3574 4049 4679
4 1226 3213 1347 3464
4 2853 3265 3824 4461
4 2924 3199 3392 3600
4 3118 3857 3730 3920
4 789 3862 3546 4906
4 3719 4365 3927 4535
4 981 3678 3110 4258
4 3566 3903 1076 4008
4 242 420 243 3384
4 3198 4028 4027 4799
4 3552 4110 690 4683
4 4025 4148 3217 4445
4 1186 1145 3681 4333
4 3680 3731 1165 4436
4 3434 4178 2886 4467
4 2811 3645 3285 4113
4 846 3440 847 4418
4 3302 3734 173 4432
4 2999 4349 3193 4525
4 3243 3420 3138 4284
4 3137 4279 4020 4447
4 3719 3088 4365 4535
4 3089 1548 3602 4156
4 2818 3770 4164 4431
4 1219 3586 4128 4507
4 3486 3640 3185 3745
4 2895 3260 4254 4274
4 2850 3086 3565 4149
4 2925 3294 3565 4943
4 237 415 416 3292
4 3233 4190 3083 4193
4 2854 3104 3501 3899
4 3117 3933 4309 4519
4 3126 1288 3772 4420
4 3033 3461 4251 4517
4 2850 3377 3086 4149
4 2999 3599 3193 4349
4 2999 4233 3599 4349
4 2850 3565 3190 3977
4 2852 3364 3258 4475
4 3057 3152 3998 4423
4 2923 3344 3157 3578
4 2975 3421 3168 3674
4 4028 4728 4027 4799
4 2801 2678 3631 4797
4 1240 3497 3205 3709
4 1283 3126 3772 4011
4 2635 3181 3761 4075
4 3793 4416 3578 4558
4 2847 3782 3455 4346
4 3291 3634 3582 4132
4 1548 3602 1620 4509
4 1722 4261 3601 4631
4 3312 3595 3747 4451
4 3029 2895 3672 3673
4 881 3552 690 4683
4 2908 3283 4258 4699
4 3701 3971 3337 4041
4 3283 2908 3740 3993
4 2749 2628 3128 3695
4 2825 3404 3628 4027
4 2920 3579 3660 4096
4 3078 4040 3746 4241
4 3160 3589 3169 5042
4 2890 4231 3389 4621
4 1318 3999 3875 4214
4 2880 3386 3259 4069
4 169 1042 1290 4214
4 3154 3716 3380 4782
4 2996 3413 3245 3928
4 3083 3356 3233 4969
4 2874 3810 3380 4981
4 3299 3653 3583 4363
4 1576 3776 1594 4690
4 1184 1386 1180 4371
4 3491 3936 1656 4638
4 3732 3918 2833 3995
4 3303 3564 2840 4694
4 3323 3708 3157 4050
4 3016 3730 3857 3920
4 2980 3472 3467 5054
4 3279 3909 1376 4678
4 2854 3501 3104 3918
4 2749 3695 3508 4539
4 2883 3486 3185 4104
4 3178 3534 3845 4739
4 4454 4600 3546 4870
4 1184 1386 4371 4389
4 3165 2912 3255 3829
4 3589 3160 4378 5042
4 2964 3155 3935 4112
4 2880 4069 3259 4439
4 3217 3201 4148 4469
4 3207 3520 2997 4188
4 3402 3613 3000 4259
4 1564 3225 1717 4168
4 2623 3476 3340 4290
4 2595 2711 3587 3812
4 2944 3326 3234 3397
4 2829 3583 3299 3653
4 2951 3373 3192 4861
4 2810 3685 3377 3911
4 1382 3279 1376 4678
4 1132 3415 3137 4084
4 1497 1796 1748 4152
4 2871 3505 3376 3861
4 1717 3225 3938 4168
4 2960 3087 3377 4341
4 2909 3538 3454 4319
4 3273 4062 3223 4659
4 1188 1061 3126 3722
4 2951 3192 3409 4861
4 3740 4258 3283 4699
4 3185 4104 3486 4575
4 3395 3681 1145 4333
4 3007 3525 3084 3633
4 3106 2880 3396 3705
4 2810 4444 3605 4813
4 2896 3266 3525 4046
4 2975 3168 3381 3674
4 3977 4040 3078 4241
4 3701 3971 2987 4310
4 1292 3669 3648 4300
4 1713 4170 3627 4690
4 2904 3831 3171 3882
4 1717 3938 1659 4168
4 2816 3211 3893 4485
4 2908 3283 3740 4258
4 169 3324 3999 4214
4 3155 3561 2964 3935
4 3149 2859 3515 4216
4 2868 3171 3362 4492
4 2917 3355 3136 4581
4 2904 3233 3668 3831
4 3138 3243 4284 4357
4 2812 3942 3356 4090
4 1122 3903 3566 4142
4 3137 4279 2956 4551
4 3316 3530 2864 4478
4 772 3187 773 3797
4 3071 2944 3490 3977
4 1591 3260 3601 4156
4 3546 3862 789 4870
4 1045 3689 3901 4300
4 3714 4256 2914 4313
4 2854 3104 3899 3918
4 3078 3977 3746 4040
4 3740 3993 2908 4684
4 3279 3721 1376 3909
4 1278 3834 4011 4013
4 2623 3340 2604 4290
4 2840 3277 3617 4325
4 3015 4337 3605 4813
4 2845 3138 4284 4357
4 2866 3387 3107 4484
4 3201 3217 4148 4445
4 2890 3345 4231 4621
4 2643 3439 3210 3975
4 2948 3813 3140 4502
4 2819 3214 3705 3835
4 3547 4141 1193 4864
4 173 3734 3302 4071
4 3336 3673 2895 4274
4 981 3110 955 4258
4 1335 1076 3566 3903
4 2813 3447 3560 4336
4 1515 1517 1518 3888
4 1033 1441 1460 3426
4 3246 3464 1228 3739
4 851 852 3866 4060
4 3429 3860 2947 4515
4 753 3256 751 3546
4 2888 3552 3484 4110
4 2987 3971 3701 4041
4 1186 4333 3681 4646
4 668 846 847 4418
4 3226 4377 3434 4467
4 1153 3388 3449 4620
4 772 773 733 3797
4 2853 4461 4243 4542
4 3165 2982 3465 3497
4 3760 4279 2846 4810
4 2930 3230 3225 4168
4 1690 3298 1689 3754
4 3041 2889 3416 3547
4 3376 3505 3084 3861
4 1190 3268 3428 3806
4 3088 3766 3552 4365
4 3145 3216 2859 4491
4 2855 3647 3186 4894
4 1376 1382 1369 3279
4 2993 3449 3388 4393
4 3074 2854 3334 3807
4 3149 3345 2890 3563
4 2866 4077 3664 4244
4 3486 4104 2969 4575
4 1416 3426 3519 4433
4 2711 3478 2594 3587
4 2814 4581 3127 4787
4 3329 3166 4409 4592
4 3210 3439 2643 3869
4 3201 3255 2912 3829
4 3399 3900 3125 4118
4 2813 3379 3447 4336
4 2812 4273 4090 4335
4 2960 3087 4341 4520
4 2947 3224 4515 4851
4 3261 4077 3664 4369
4 461 460 2781 3283
4 2815 3263 3392 4172
4 3165 3544 1148 4004
4 1515 1518 3442 3888
4 3724 3790 3064 4220
4 3716 4587 2861 4782
4 2924 3241 3600 3929
4 3904 3914 3606 4596
4 3961 4032 3899 4444
4 1396 3494 3503 4389
4 1105 3507 3457 3841
4 3380 3178 3716 3919
4 3180 3743 3051 4483
4 735 754 3408 3658
4 3118 4170 1594 4690
4 2997 3207 4188 4282
4 2947 3224 3788 4515
4 2611 3473 3119 3771
4 1318 3875 3456 4214
4 3190 3565 2850 4629
4 2944 3071 4449 4598
4 1497 3188 1788 3858
4 2924 3600 3392 3929
4 2890 3202 3236 3635
4 1105 3841 3457 5062
4 2812 3308 3942 4090
4 882 880 3552 3966
4 3158 2846 4279 4810
4 2836 3933 3117 4653
4 1591 3601 3260 4274
4 2993 3742 3388 4117
4 1431 3936 3491 5023
4 2887 4100 3314 4742
4 2797 3777 2778 3799
4 1190 3428 3268 4181
4 3435 3526 3468 4320
4 3089 3647 4119 4601
4 3192 4359 3414 4412
4 420 2569 421 4859
4 3504 4600 3815 4870
4 1013 3686 3448 3951
4 738 4202 4134 4401
4 3593 3959 3712 4043
4 3414 4187 3987 4322
4 1258 3663 3372 4171
4 3003 3537 3144 4039
4 2956 3720 4279 4447
4 882 3966 3552 4538
4 2809 3254 3159 3810
4 2814 3947 4581 4787
4 2871 3505 3084 4235
4 2982 3165 3829 4223
4 3346 3376 2871 4448
4 2623 3812 3340 4527
4 3128 4092 3226 4377
4 1153 3449 1189 4620
4 3085 3790 3724 4220
4 3468 3526 2906 4326
4 2567 2580 3669 4348
4 3622 4313 2600 4829
4 2785 416 415 3292
4 611 3784 3474 4434
4 3439 3975 2936 4486
4 2960 4341 4078 4520
4 2973 3314 4100 4742
4 2930 3225 3230 3741
4 3157 3708 3323 3820
4 2796 3283 459 3740
4 3611 4554 845 5008
4 2696 4216 2582 4500
4 2714 3623 3115 4588
4 3154 3527 3380 3716
4 2855 3253 3186 4119
4 1515 3888 3442 4791
4 3336 3672 2895 3673
4 3312 4336 3595 4451
4 1515 1517 3888 4791
4 2888 3552 3227 3766
4 3137 3680 1159 4072
4 2889 3041 3442 3649
4 765 3561 890 4459
4 3812 4680 2955 5005
4 824 4271 3697 4498
4 2853 3265 4461 4542
4 2854 3501 3262 3899
4 1169 3715 3723 5036
4 3259 3386 3035 3745
4 3952 4154 3253 4281
4 2971 4062 3176 4301
4 3253 3952 2855 4154
4 2944 3071 3490 4449
4 3256 3546 753 3815
4 3408 3658 754 4199
4 3642 3684 909 4457
4 2855 3952 3253 4119
4 3035 3386 3259 4550
4 1389 3731 3363 4436
4 1564 3700 3225 4168
4 1121 1122 3566 4808
4 3129 3161 3696 4944
4 3270 3587 3487 3944
4 2881 4244 3474 4688
4 3178 3845 3358 4739
4 3221 3519 3426 4433
4 2583 3149 2582 3581
4 3120 3463 3038 3570
4 3718 4492 3171 4721
4 3253 4119 3952 4281
4 420 421 243 4859
4 3375 3680 1165 4436
4 3274 3899 2854 4415
4 3684 3866 852 4060
4 3176 3274 2971 3923
4 2780 2801 2678 3631
4 3041 2889 3547 3649
4 3497 3709 1240 4595
4 3361 4047 3148 4430
4 3262 3501 3104 3899
4 2888 3227 3552 4110
4 844 4125 3238 4652
4 2813 3560 3447 4570
4 3088 3552 3484 4365
4 1687 3637 3095 3728
4 3320 3384 2967 3624
4 1045 3689 3221 3901
4 3130 4095 3405 4570
4 3113 3414 3482 4359
4 2878 3692 4402 4479
4 2892 3446 3344 3578
4 3262 4076 3151 4438
4 3157 3344 2923 3820
4 2915 3252 3399 4118
4 3103 2884 3378 4388
4 2892 3091 3450 3890
4 2869 3967 3294 4259
4 3071 3436 3762 4950
4 3344 3578 3446 4707
4 3137 3415 1132 4424
4 3257 3264 2877 3469
4 3388 3449 2993 4117
4 2846 4020 4776 4810
4 2809 3254 3665 4729
4 3038 4279 3330 4865
4 1227 1226 1347 3464
4 209 3168 1469 3682
4 2909 3538 4319 4387
4 3291 4132 3582 4540
4 3899 3961 3262 4032
4 3588 4301 2971 4710
4 2826 4132 3291 4556
4 3226 3128 4377 4467
4 2982 3497 3165 4142
4 2583 3149 3581 3805
4 2975 3674 3969 4308
4 1494 1772 3504 4477
4 3176 2971 4301 4710
4 3071 3762 3436 4316
4 711 1013 3686 4639
4 3032 3130 4095 4744
4 2960 3377 4078 4341
4 3316 2864 3991 4478
4 1369 1376 3279 3721
4 3273 4025 3223 4472
4 2866 3107 4244 4484
4 3000 3335 3967 4074
4 2890 3550 3202 3635
4 3214 3343 2819 4082
4 2932 3131 3429 3860
4 2854 4062 3274 4415
4 3159 2894 4276 4731
4 4095 4493 3405 4570
4 3107 3347 2878 4402
4 2996 3273 3223 4472
4 2999 4233 4349 4630
4 2855 4119 3647 4601
4 1219 4128 1254 4507
4 3084 3861 2871 4235
4 2894 3159 4276 4326
4 2810 3377 3685 4149
4 3061 2881 3851 4124
4 3483 4140 3089 4509
4 2623 3340 3476 4527
4 3019 3532 3184 4199
4 2818 3186 3770 4747
4 3285 3645 2922 4113
4 2973 3409 3314 4742
4 2996 3666 3223 4062
4 2881 4000 3474 4244
4 2881 3061 3851 4000
4 3380 3527 3154 3919
4 3486 3185 4575 5046
4 2892 3450 3091 4456
4 890 3775 3561 4099
4 923 644 647 3143
4 1776 1689 3100 3754
4 1362 3856 3111 4563
4 3602 3704 1620 4509
4 3311 4164 3770 4431
4 2837 3821 4190 4193
4 2836 3117 4173 4653
4 3178 3358 2862 4176
4 1589 3612 3325 4974
4 2952 3142 4024 4724
4 2971 4062 3424 4915
4 3145 2859 3216 4216
4 3302 3875 2864 4656
4 3107 3387 2866 5064
4 2857 3468 3208 3526
4 3186 4048 3770 4747
4 2971 3274 4062 4915
4 2876 3251 3426 3430
4 3089 3313 3647 4601
4 2845 3996 3138 4357
4 3378 4140 3103 4801
4 1497 1413 3188 3858
4 2864 3875 3302 4055
4 2971 3424 4062 4301
4 420 3384 2569 4859
4 3178 2933 3534 3716
4 2832 3207 3578 4282
4 3137 3158 4020 4279
4 3436 3977 2944 4598
4 1173 1353 1142 5013
4 2893 3173 4086 4640
4 2986 3669 3648 4548
4 2982 3165 3465 3829
4 2822 3161 3696 4042
4 3253 4048 3186 4119
4 3198 4027 3628 4799
4 3154 3527 3716 4587
4 2952 4408 3142 4724
4 2607 2611 2610 3119
4 1103 3607 3341 4091
4 2980 3833 3472 5054
4 416 237 3292 4632
4 3278 3697 599 4271
4 904 592 3800 4616
4 2832 3578 3207 4526
4 2880 3616 3386 4069
4 3725 4173 3117 4653
4 3380 3716 3527 3919
4 2816 3893 3281 4485
4 461 3283 2781 3707
4 3401 4367 3522 4506
4 3637 4517 3728 4573
4 3029 2895 3673 3987
4 2923 3215 3708 4344
4 1399 1113 3618 3841
4 1362 4563 3111 4841
4 1148 3544 3165 4142
4 2994 3148 4047 4430
4 1142 4137 1173 5013
4 3010 3248 4206 4464
4 3170 3618 1113 3841
4 4077 4244 3488 4369
4 1497 1748 1788 3188
4 1223 3464 4398 4462
4 2904 3668 3171 3831
4 2941 3430 3251 4204
4 2823 3413 3245 4301
4 1460 3519 3426 4221
4 2917 3136 3355 3871
4 1206 4397 3864 4778
4 2925 3920 3294 4672
4 2878 3177 3692 4479
4 2975 3421 3674 4308
4 3404 3628 3370 3961
4 2930 3230 3364 3741
4 749 3256 753 3815
4 3034 3474 3107 4244
4 3190 4241 3565 5032
4 3106 4513 3634 4550
4 3210 3975 3439 4486
4 3565 4629 3190 5032
4 2880 3616 4069 4439
4 3103 3333 2884 3886
4 3157 3820 3323 4050
4 2914 3724 3085 3790
4 2854 3074 3501 3918
4 3107 2878 3383 4402
4 3137 3158 4279 4551
4 3223 4062 3666 5061
4 2685 3354 3221 3755
4 1260 3188 3681 4152
4 3612 4118 1602 4211
4 2844 4423 3781 4755
4 3015 4444 3541 4813
4 2628 2745 3128 4248
4 2811 4113 3285 4746
4 3071 4598 3436 4950
4 3057 3998 3548 4423
4 3110 2908 4258 4506
4 2740 3777 2797 3799
4 3018 3553 3407 4150
4 3149 2859 4216 4658
4 2896 4046 3525 4807
4 3089 4140 3378 4509
4 3344 3450 1065 3890
4 1668 4102 3601 4274
4 3207 3247 3001 3685
4 3064 3790 3724 4774
4 3113 3482 3230 4359
4 3103 4140 3333 4801
4 1132 1159 3137 4424
4 3528 3590 3179 4410
4 3998 4423 3683 4742
4 2763 3669 3216 4738
4 2869 3214 3967 4259
4 2815 3655 3263 4172
4 923 3143 647 4035
4 2611 3119 3473 4248
4 2850 3086 3377 4629
4 3128 3508 2985 4092
4 3152 3683 3275 3998
4 3209 3377 2948 3535
4 3436 3762 3112 4316
4 1590 3325 1589 3612
4 2819 3343 3470 4082
4 3663 3965 2873 4996
4 2816 3893 3211 4373
4 3703 4057 3992 4818
4 2860 3968 3138 4270
4 2825 4076 3262 4438
4 3012 3362 3171 4034
4 3019 4007 3653 4107
4 3217 3223 3009 4025
4 1190 3268 3806 3896
4 3118 3920 3730 3973
4 3503 4560 3293 4998
4 3225 3741 3706 4892
4 1158 3137 1159 4072
4 2813 3447 3644 4570
4 749 751 753 3256
4 3691 3809 2574 4360
4 3208 3526 3468 4326
4 3131 3660 3579 4096
4 2900 3461 3353 3591
4 1304 1165 3680 3731
4 1265 3503 3293 4389
4 3215 2923 3627 4344
4 1659 3938 3230 4168
4 611 3474 3784 4427
4 2927 3279 3183 4008
4 3634 4513 3386 4550
4 2992 3730 3477 4289
4 2810 3377 4149 4278
4 3370 3628 3404 4799
4 3140 3535 3209 4083
4 2850 3377 3209 3535
4 1497 1413 1048 3188
4 3401 3522 2908 4506
4 3486 4575 2969 5046
4 3018 3725 3553 4150
4 3559 4554 3611 5008
4 3364 3879 3258 4475
4 847 3440 846 3726
4 3128 3623 2745 4588
4 2960 3377 3087 3605
4 4027 4728 3404 4799
4 2852 3414 3192 4359
4 2904 3668 3233 4628
4 3033 3728 3461 4517
4 3779 4375 3009 4469
4 3165 3255 2912 4004
4 3467 3472 3114 5054
4 2850 3565 3209 4149
4 2947 3860 3429 4952
4 3166 3395 2995 4065
4 2829 3897 3152 4107
4 2570 3297 3621 4081
4 2877 3400 3257 3469
4 3484 690 4110 4683
4 3242 3892 3021 3915
4 2895 3029 3672 3987
4 2873 3210 3439 3615
4 3061 4000 2881 4124
4 882 3322 3966 4538
4 3108 4172 3929 4881
4 2862 3358 3178 4209
4 1122 1335 3566 3903
4 2991 3578 4416 4558
4 3183 1076 3903 4008
4 2860 4270 3138 4999
4 1722 1721 3601 4261
4 2749 3508 3128 3794
4 3245 2996 3928 4298
4 2811 3285 3645 4917
4 3184 3532 3019 3897
4 3257 2918 3311 4580
4 3001 3247 3207 4634
4 3252 3900 3399 4118
4 2917 3136 4246 4581
4 3184 845 3611 4554
4 2887 3998 3683 4742
4 2830 3553 3407 3625
4 3002 3456 3889 3893
4 2992 3477 3232 4289
4 2847 3410 3939 4064
4 2895 3672 3147 3987
4 2845 3224 3591 3996
4 3131 3579 2920 4802
4 3627 4170 3118 4690
4 3133 3297 2871 4218
4 3151 2847 3783 4346
4 1103 3341 1123 4091
4 3085 3724 2914 3868
4 2994 4047 3361 4430
4 3152 3683 3998 4423
4 3767 3779 3237 4469
4 1589 3325 3949 4974
4 2932 3429 3131 3926
4 2821 3123 4059 4299
4 1227 3464 3213 3739
4 1389 1404 3731 4436
4 2696 2694 4216 4500
4 3178 2862 3803 4176
4 3223 4659 4062 5061
4 2749 3128 2745 3794
4 3046 3419 3653 4363
4 3032 3904 3819 3914
4 2824 3179 3590 4410
4 2670 3478 3389 4417
4 1051 3293 1265 4560
4 2989 3731 3680 4436
4 2995 3282 3268 4754
4 2886 3623 3115 4949
4 3467 3472 2980 4670
4 3193 4349 4017 4525
4 1124 1137 3341 3656
4 145 3283 461 3707
4 3139 3487 3358 3803
4 214 3763 3684 4575
4 1278 4011 3922 4013
4 3470 4082 3343 4166
4 2937 3528 3590 3940
4 3061 3775 3561 4459
4 2971 4280 3274 4915
4 3179 3590 3528 3940
4 3623 4122 3115 4949
4 3093 2916 3532 3619
4 4302 4371 1386 4389
4 3246 3481 3012 4126
4 2934 3249 3212 4625
4 2936 3439 3615 4445
4 2960 4240 3733 4267
4 4030 4226 2851 4648
4 3940 4015 3590 4561
4 3184 3611 845 4199
4 1399 3841 3618 4856
4 2810 3911 3377 4278
4 3091 3939 3410 4064
4 2880 4513 3106 4550
4 2846 4020 3101 4776
4 3143 3653 3419 4363
4 2859 4049 3932 4679
4 2582 3581 3149 4216
4 1365 1079 3903 4068
4 2937 3309 3432 3876
4 3947 4183 3135 4787
4 3084 3007 3633 4235
4 923 644 3143 4229
4 1772 3100 1689 3814
4 3567 4059 3123 4299
4 2890 3236 3202 3997
4 2868 3171 3668 4193
4 3348 4579 4361 4950
4 2825 3628 3404 3961
4 2991 3445 3578 4558
4 2890 3345 3843 4715
4 2937 3234 4312 4388
4 2600 4054 3622 4829
4 3171 3831 3668 4193
4 3052 4313 3622 4829
4 751 3546 3256 4053
4 2839 3405 3130 4095
4 1564 1587 3225 3700
4 1416 3221 3426 4433
4 1494 3504 961 4477
4 3140 2948 3535 4083
4 2611 2610 3119 4248
4 2822 3696 3161 3986
4 3315 4172 3108 4881
4 2948 3377 3209 4149
4 2823 3358 3413 3845
4 3086 3613 3514 4278
4 1563 1717 1659 4168
4 2829 3703 3056 3992
4 2931 3687 3465 3779
4 1588 1589 1590 3949
4 2971 3923 3435 4710
4 3252 1602 4118 4211
4 3397 4015 3940 4561
4 3249 2934 3649 3896
4 2827 3920 3445 3973
4 2628 2745 2749 3128
4 3334 3666 2981 3807
4 3323 3872 1770 4909
4 3172 4280 3499 4847
4 3552 3966 3322 4538
4 420 3384 242 3955
4 2989 3680 3375 4436
4 965 3642 909 4457
4 2855 3186 3253 4154
4 746 3353 3238 4125
4 1589 3325 1590 3949
4 3110 3401 2908 4506
4 2906 3435 3468 4471
4 4021 4402 3692 4479
4 2924 3768 3219 4277
4 1386 4302 1180 4371
4 2839 4095 3130 4744
4 3160 4525 4349 4630
4 1365 3903 3427 4068
4 3358 3803 3487 4222
4 3581 3669 2580 4348
4 3060 3293 4560 4998
4 2839 4365 4095 4535
4 3130 3032 4095 4570
4 3445 3793 3578 4558
4 3019 3653 3143 4107
4 2822 3589 4378 5042
4 3240 3260 3082 4951
4 1772 3504 3100 3814
4 2874 3154 3380 4200
4 3202 4299 3550 4869
4 3410 3011 3864 4397
4 2574 3809 2793 4360
4 1775 1459 1273 3758
4 3391 3714 2914 4313
4 2812 3308 4090 4273
4 3149 4216 3581 4658
4 1362 3111 3568 4841
4 2952 3779 3767 4375
4 2939 3455 3247 4073
4 2839 3927 4365 4535
4 2859 3149 3515 3843
4 2637 3714 3235 3960
4 1384 3246 1243 3739
4 3029 3987 3414 4187
4 1173 3836 3709 4045
4 209 1469 3168 4532
4 2886 4178 3623 4467
4 1396 3503 1265 4389
4 2937 3876 3432 4192
4 1416 3221 1296 3426
4 3663 4302 3965 4996
4 2971 3435 3588 4710
4 3151 3783 3328 4346
4 1065 3450 3344 4420
4 3874 4291 3764 4765
4 2980 3472 3833 4670
4 3129 4042 3161 4944
4 2923 3708 3323 4344
4 2914 4085 3085 4817
4 3553 4150 3725 4452
4 2846 4017 3101 4447
4 3117 4519 3725 4653
4 2904 3677 3233 3831
4 1561 1586 1607 3267
4 3319 3513 3204 3822
4 3034 3425 3105 4269
4 3120 3570 3038 4421
4 3133 2871 3297 3621
4 3897 4033 3152 4107
4 1307 3344 1065 3890
4 3454 3538 3066 4319
4 2562 3406 3735 4123
4 3646 4349 4233 4630
4 3260 3483 3082 4951
4 2895 4254 3336 4274
4 3294 3967 3000 4259
4 3217 4025 3009 4148
4 2854 3273 4062 4415
4 2882 3298 3754 4600
4 2932 3506 4098 4113
4 2938 3748 3096 4525
4 2813 3138 3379 4357
4 3377 3911 3605 4278
4 3595 4336 3560 4451
4 2846 3101 4017 4776
4 3038 3120 4421 4767
4 2632 3115 3623 4122
4 2780 3177 2801 3631
4 3417 4134 738 4202
4 2981 3807 3666 3845
4 3106 3634 3386 4089
4 1091 4034 3171 4492
4 2924 4003 3768 4277
4 2632 2714 3115 4803
4 2644 2729 3768 4277
4 2891 4280 3172 4847
4 3434 4815 3441 4902
4 2845 4284 3996 4357
4 3220 2902 3396 4726
4 3430 3881 3251 4204
4 2878 4163 3711 4687
4 3220 3286 2902 4726
4 4183 4700 3135 4787
4 1386 3663 4302 4389
4 3240 3082 3483 4951
4 3897 4007 3019 4107
4 2830 4552 3625 4895
4 2741 2635 3181 3761
4 2829 3056 3583 3992
4 824 599 3697 4271
4 3065 4098 3506 4113
4 2912 3255 3201 3965
4 3189 3375 4666 4669
4 1031 173 3734 4432
4 1497 1048 1796 4152
4 2918 3257 4451 4580
4 2890 3389 4219 4621
4 3889 3893 3189 4214
4 2867 3739 3246 3744
4 1396 1218 3494 4389
4 3034 3105 3425 4975
4 3446 3578 3157 4707
4 3123 4200 3635 4731
4 3085 4085 3868 4817
4 3249 3547 1193 3896
4 2947 4515 3382 4851
4 3268 3896 3547 4131
4 3697 4271 3113 4498
4 3767 4030 2851 4648
4 3208 3315 2894 3655
4 2850 3209 3377 4149
4 3252 4118 3612 4211
4 2846 4020 4279 4447
4 743 3943 745 4125
4 2933 3178 3527 3716
4 2871 3297 3621 4448
4 3710 2955 4680 5005
4 2810 3605 3911 4278
4 3506 4098 3065 4867
4 2929 3712 3593 4318
4 3484 4110 3552 4683
4 1455 3221 1416 4433
4 3593 3712 2929 4043
4 3034 3474 4244 4688
4 2876 4666 3375 4669
4 3319 3822 3204 4835
4 3317 3622 2597 4054
4 2959 3128 3623 4178
4 2960 3303 4240 4267
4 2878 3359 4000 4687
4 3177 3235 2975 4479
4 3353 3461 3238 4568
4 3002 3893 3889 4214
4 1443 1260 3188 3681
4 1692 3754 3477 3757
4 2924 3600 3241 3768
4 2914 3085 3868 4817
4 1103 1124 1123 3341
4 1283 3772 3175 4011
4 2905 3152 3683 3992
4 3335 3705 3616 4074
4 2855 3186 4154 4894
4 1362 3568 3806 4841
4 2809 3254 3810 4162
4 2841 3301 3179 3443
4 3659 3681 3188 4152
4 2888 3420 3405 3644
4 3094 4650 3534 4932
4 3143 4107 3653 4363
4 3445 3920 3118 3973
4 2892 3091 3890 4064
4 3175 3772 1285 3872
4 3323 3627 2923 4344
4 1061 3126 3722 4420
4 3379 3447 4336 4590
4 2985 3796 3569 5029
4 3110 2908 3401 4684
4 2832 3207 3520 4083
4 3067 4134 4202 4401
4 1540 4140 1542 4509
4 3098 3460 4303 4919
4 2941 3962 3251 5022
4 3123 3550 2890 3635
4 2670 3389 3241 4330
4 2887 3314 3409 4742
4 3601 4102 3048 4274
4 1228 3464 3246 4002
4 1602 1595 3612 4211
4 2937 3940 3234 4388
4 627 3337 662 4559
4 3132 3960 3958 4797
4 2904 3233 3677 4628
4 2864 3162 3875 4055
4 2925 3284 4672 4943
4 2887 3275 3683 3998
4 3128 3623 4178 4467
4 1576 3857 3776 4358
4 2954 3343 4082 4166
4 3094 3441 4650 4932
4 3275 3683 3152 4164
4 2932 4098 3506 4867
4 2891 3499 4280 4847
4 3130 4154 3952 4281
4 4361 4579 3326 4950
4 1159 3731 3137 4424
4 2623 2615 3476 4290
4 2967 3338 3624 4905
4 1722 1667 3480 3601
4 2818 3770 3311 4164
4 415 3292 237 3956
4 999 814 3631 4038
4 918 3496 3726 4189
4 3033 4251 3968 4517
4 3167 4993 3655 5030
4 3119 3614 2607 3771
4 2627 3241 3600 3768
4 3222 3639 2617 4392
4 3560 4336 3447 4590
4 1223 1226 3464 4462
4 2846 4776 3316 4810
4 3690 4776 4020 4810
4 3274 3899 3015 4549
4 3131 3429 3860 4952
4 2869 3513 3319 3822
4 3807 3845 2981 4273
4 3892 3915 3242 4755
4 2956 3137 3731 4424
4 3364 3741 3258 3879
4 2819 3705 3214 4604
4 2931 3687 3779 4586
4 2906 3468 4326 4471
4 2956 3137 3415 4447
4 1257 3715 3384 4221
4 3486 3745 3185 5046
4 2934 3212 3249 3626
4 1561 3267 1607 4937
4 1127 3341 3510 4091
4 3082 3260 3240 4741
4 3509 3742 2993 4121
4 2995 3385 4315 4645
4 2890 3843 3550 4715
4 1317 3543 3259 4186
4 2957 3386 3259 3745
4 1188 3722 3126 4011
4 3485 4416 3793 4558
4 3214 3835 3343 4413
4 1562 3267 3555 4056
4 1211 3820 1213 4707
4 2785 416 3292 4632
4 3550 4299 3180 4869
4 3319 4239 3822 4835
4 3384 3818 2569 4859
4 3500 3724 3064 4369
4 3143 3019 3419 3653
4 582 4497 3885 4711
4 798 844 3238 4652
4 3835 4413 3214 4990
4 2862 3997 4489 4591
4 675 3950 670 4404
4 1689 3298 1690 4907
4 2904 3198 3668 4628
4 1213 3820 1211 4050
4 2936 3181 3439 4445
4 3151 3756 3262 4032
4 3141 3819 3411 4318
4 2878 3347 3107 3488
4 3116 4428 3783 4583
4 3276 3779 3687 4586
4 2918 3747 3595 4451
4 2862 3803 4489 5066
4 2834 3144 3537 4039
4 3074 2854 3807 3918
4 3919 4176 3236 4642
4 3128 2745 3794 4588
4 2597 3622 3317 4446
4 3198 2968 4027 4028
4 2981 3807 4273 4932
4 2981 3334 3807 4932
4 3337 4202 662 4559
4 3769 4387 3289 4748
4 2862 4489 3997 5066
4 3262 3779 3009 4076
4 1045 1296 3221 3689
4 3457 3507 2879 3841
4 3067 4134 3417 4202
4 3000 3613 3402 4167
4 2896 3419 4046 4807
4 4315 4645 3385 4995
4 145 461 146 3707
4 1079 3183 1076 3903
4 2937 3528 3432 3590
4 3015 3367 3918 3995
4 1225 1223 3464 4398
4 2600 3622 2723 4313
4 3268 3428 2995 4181
4 1211 4050 3820 4707
4 2712 2670 3478 4238
4 1698 1557 3368 3661
4 3239 3306 2911 3785
4 2893 4158 3557 4640
4 3460 3362 4002 4877
4 3358 3803 2862 4176
4 3432 3590 3528 4410
4 3295 3885 582 4497
4 3188 3858 1443 4396
4 3743 4367 3051 4837
4 844 746 798 3238
4 2875 3971 4310 4643
4 3246 3460 4002 4877
4 2916 3549 3121 3559
4 3045 3936 3491 4638
4 737 735 754 3408
4 3234 3326 2944 4023
4 2657 2645 3132 3960
4 2809 3400 3462 4537
4 3064 3724 3500 4774
4 2825 3779 3262 4076
4 2854 4062 4659 5061
4 2880 3259 3386 4550
4 1113 3618 3170 4620
4 2832 3207 4083 4526
4 3327 3719 987 4809
4 2994 3486 3361 3493
4 2890 3389 3580 4489
4 3050 3417 3844 4384
4 3084 3505 3007 4235
4 1057 3722 3834 5001
4 3000 3826 3613 4167
4 2980 3125 3348 4670
4 3137 2956 3731 4551
4 1403 3363 1389 3731
4 1684 3504 3814 4147
4 2570 4081 3621 4964
4 3000 3402 3826 4167
4 2780 2801 3177 4437
4 2623 2604 2615 4290
4 1687 1723 3637 4573
4 3238 4147 3504 4827
4 1269 1399 1113 3618
4 461 145 460 3283
4 3111 3806 3568 4841
4 2847 3410 4064 4428
4 3715 3739 1385 4499
4 3457 3841 2879 4207
4 1403 1389 1404 3731
4 1041 3372 1258 3663
4 3429 4802 3906 4952
4 2991 3578 3445 4526
4 3098 3460 4637 4724
4 3133 2871 3562 4218
4 3083 4190 3821 4193
4 2902 3286 3220 3642
4 2826 3386 3634 4089
4 2913 3912 3162 4483
4 2810 3514 3613 4278
4 1255 3858 4050 4396
4 2685 2690 3221 3354
4 2713 3241 2670 4238
4 3171 2904 3394 3668
4 3705 3616 4074 4513
4 169 3999 1042 4214
4 3763 3970 215 4457
4 3206 4489 3997 4591
4 3674 3859 3421 4070
4 844 746 3238 4125
4 3411 3819 3141 4777
4 774 3598 3187 4442
4 3051 4483 3743 4837
4 2988 3405 3267 4327
4 2623 2722 3340 3812
4 3532 3611 3184 4199
4 406 227 226 3372
4 3318 4136 3877 4530
4 3233 3356 4190 4381
4 1206 3864 1207 4778
4 3527 3716 3178 3919
4 1572 4358 3319 5056
4 4171 4302 3663 4996
4 2888 3243 3420 3644
4 2872 3431 3332 3562
4 3622 4054 3052 4829
4 1772 1689 3100 4477
4 2829 3152 3897 4929
4 1169 3715 3320 3723
4 2846 3330 3720 4279
4 2941 3251 3962 4161
4 1538 3378 4312 4801
4 3335 3000 3705 4074
4 3703 3992 3351 4818
4 2967 3624 3384 4905
4 2869 3967 3214 4672
4 3410 4159 4064 4428
4 3683 3992 3152 4164
4 920 899 3357 3976
4 2848 4135 3248 4662
4 2921 3481 3246 4126
4 3094 4519 4309 4653
4 2823 3413 3358 4473
4 3739 3744 2867 4407
4 3362 4398 4002 4877
4 3378 1538 4312 4667
4 2876 3189 3375 4666
4 3515 4216 2694 4500
4 3441 4815 3765 4902
4 3606 4363 3299 4368
4 3021 3242 3915 4404
4 1061 4420 3722 4577
4 3038 3330 3120 4767
4 2995 4315 3282 4645
4 3179 3590 4015 4561
4 923 3143 4035 4229
4 1662 1775 3758 4494
4 3414 3828 830 4498
4 3214 3705 3000 4604
4 1394 1193 4141 4864
4 3038 3463 3120 4279
4 1137 3341 3656 3723
4 3079 4302 3663 4389
4 2866 4244 3107 5064
4 3246 3481 2921 4675
4 1201 3249 1199 4022
4 221 1471 1491 3232
4 3093 2916 3619 4425
4 2895 3314 3147 4197
4 2904 3111 3677 3831
4 3106 3402 3000 3705
4 2801 3631 3177 4797
4 2936 3439 3181 3761
4 2586 2583 3805 4500
4 2933 3527 3178 4307
4 3196 3290 2920 3694
4 2932 3860 3429 4515
4 3567 3974 3880 4200
4 2821 3698 3318 4059
4 2876 3375 3189 3689
4 2883 3494 3185 3640
4 1649 3498 1729 4312
4 3122 4334 3443 4934
4 1296 3426 3221 3689
4 3180 4049 3574 4483
4 1103 3607 4091 4618
4 3462 4537 3400 4762
4 3146 4082 3470 4166
4 3775 4099 890 4957
4 3567 4200 3123 4731
4 2875 3337 3417 3701
4 1330 3182 1120 3729
4 3062 3821 3481 3984
4 2917 3443 4015 4673
4 1775 1028 1459 4494
4 1687 3095 3637 4352
4 1385 3739 3715 5036
4 3274 3541 3015 3899
4 3147 3314 2895 3987
4 2857 3468 3526 4320
4 3537 4370 3276 4721
4 3144 3693 1353 5013
4 3009 3217 4148 4469
4 1564 1587 1717 3225
4 3122 3443 3301 4934
4 851 3866 3594 4060
4 3100 3504 1772 4477
4 2917 4015 3907 4673
4 3553 4204 4150 4452
4 1057 1059 1281 4696
4 2834 3537 3144 3667
4 3719 4635 987 4809
4 2981 3413 3358 3845
4 2888 3243 3644 4493
4 3557 4158 3109 4640
4 2864 3916 3162 4055
4 2845 3164 4284 4982
4 3234 3863 2937 4312
4 1235 4186 3185 4722
4 3008 4680 3812 5005
4 3007 3525 3633 4165
4 2937 3301 3528 3940
4 2617 3639 3222 3761
4 2985 3569 3181 5029
4 3416 3442 3041 4543
4 2749 2742 3695 4539
4 2877 3528 3186 5014
4 3179 3528 3301 3940
4 2914 3790 3085 4085
4 3690 3316 4776 4810
4 3590 3940 3179 4015
4 3533 3915 3121 4755
4 3065 3285 3526 4113
4 1771 1687 1723 3637
4 664 3369 625 4041
4 3098 3460 4495 4637
4 3323 3820 1424 4050
4 2980 3348 3125 3888
4 797 3238 746 3815
4 2959 3128 4178 4377
4 3461 2845 4251 4517
4 1562 3555 3267 4245
4 2586 3805 3563 4500
4 3770 4048 3253 4747
4 3192 3366 4359 4412
4 2836 4173 3725 4653
4 2967 3430 3426 3962
4 3066 4319 3538 4387
4 3064 3664 4077 4369
4 1757 3491 1052 3936
4 1124 1314 1137 3656
4 3110 4367 3401 4506
4 243 4221 3384 4859
4 2564 2795 3794 3956
4 3091 3543 2957 4069
4 1133 1148 1150 3165
4 3000 3402 3106 3826
4 2875 3331 3971 4643
4 1262 1264 3195 3540
4 2822 3986 3161 4042
4 3318 3698 3076 4059
4 2948 4083 3520 4127
4 2848 3399 3248 4135
4 3182 3718 1330 4350
4 1317 3259 3543 4016
4 3004 3708 3323 4050
4 3498 4262 1729 4312
4 2982 4223 3829 4725
4 2829 4107 3152 5003
4 3655 4993 3263 5030
4 761 4106 3642 4651
4 1103 1124 3341 3607
4 218 3295 582 4497
4 3121 3242 3950 4404
4 221 3232 1491 4212
4 1292 1055 3648 4548
4 3343 4166 2954 4413
4 3567 4200 3880 4299
4 778 774 3598 4189
4 2810 3514 4149 4872
4 3098 4637 4495 4724
4 3303 3564 4337 4860
4 3058 3593 3712 4318
4 4370 4721 3537 4903
4 1175 1141 3268 4181
4 3236 3919 3178 4176
4 2815 4399 3392 4993
4 2714 3115 3735 4588
4 3233 3831 2837 4193
4 3189 3689 3375 4674
4 3101 4020 2846 4447
4 2909 4387 4319 4913
4 1314 1124 1313 3656
4 3189 2986 4087 4666
4 3426 3430 3251 3962
4 3312 3747 3595 4518
4 3104 3015 3605 4444
4 2822 4378 4052 5042
4 1132 1157 3415 4084
4 3270 3944 3487 4222
4 2877 3264 3257 4580
4 3796 4092 3508 4139
4 3193 4195 1464 4385
4 2962 3496 3287 4018
4 3836 4039 3144 4139
4 2714 3735 3115 4803
4 1119 3427 4137 4350
4 3264 4451 3257 4580
4 2967 3384 3320 4221
4 2745 3623 3128 4248
4 3511 3897 3152 4929
4 3541 3782 4703 4813
4 2834 3144 4039 4139
4 1605 3612 3848 4118
4 2941 4161 3962 5022
4 2997 3520 3207 3846
4 3520 3813 2948 4127
4 2916 3559 3121 3781
4 3558 4276 3159 4326
4 3068 3681 4333 4646
4 1226 3475 3464 4462
4 2830 3407 3553 4150
4 3123 3698 2821 4059
4 1587 3225 3700 3949
4 3038 3699 3310 3760
4 2901 3402 3106 4597
4 2851 3778 3217 4226
4 3194 3639 2656 3975
4 1676 4152 3557 5052
4 2952 3237 3767 3779
4 3155 3764 4291 4765
4 1649 1650 1729 3498
4 2815 4172 3392 4609
4 2834 3226 4092 4377
4 2809 3462 3400 3753
4 3712 3959 3174 4043
4 2947 3429 3906 4952
4 3527 3989 4321 4587
4 1384 3246 3739 5036
4 3221 3354 4194 4292
4 2876 3426 3221 4292
4 2736 3883 3621 4806
4 2580 2763 3216 4216
4 3177 4021 3692 4479
4 210 209 3682 4812
4 754 4199 3658 4753
4 2810 3605 4337 4813
4 2644 3768 4003 4277
4 1572 3319 4358 4893
4 3085 3724 3359 4220
4 3420 3968 3138 4251
4 2869 3294 3967 4672
4 745 3943 3353 4125
4 2657 3132 2645 4834
4 3711 4163 3030 4687
4 2818 4368 4293 4431
4 2982 3829 3465 4725
4 2931 3779 3465 4586
4 3083 3233 4303 4969
4 3199 3621 3883 4806
4 2920 3196 3579 4096
4 3474 4000 3107 4244
4 1689 3814 3298 4907
4 2993 3742 3244 4121
4 2783 3216 2763 4216
4 2813 3379 3860 4357
4 2717 2564 3794 4698
4 2911 3306 3239 3968
4 2833 3732 4090 4296
4 2628 3128 3695 4248
4 1272 3758 1459 4494
4 2637 3235 2645 3960
4 2678 4093 3631 4797
4 2905 3683 3152 4423
4 2988 3405 4327 4365
4 3164 3591 3224 4603
4 1262 3540 3195 4356
4 2971 3176 3923 4710
4 3177 3817 2557 3958
4 2826 3634 3106 4089
4 3721 4333 1194 4646
4 863 3575 3678 4258
4 2589 2587 3206 4219
4 3257 3311 2918 4057
4 2845 3420 3138 4251
4 2874 3635 4200 4731
4 2779 3953 2800 4005
4 3091 2957 3657 4069
4 3137 4020 3158 4551
4 2779 2800 2807 4005
4 3182 1330 3718 4492
4 664 4041 625 4850
4 1718 3204 1619 3759
4 1206 1401 3864 4397
4 1235 3763 3185 4186
4 3185 3494 2883 3503
4 3121 3559 3549 4627
4 3008 3929 3108 4411
4 3107 3474 3034 3784
4 3863 3876 2937 4667
4 1243 3246 1384 4675
4 3313 2937 3876 4667
4 1175 3268 3586 4181
4 2910 3456 3101 3690
4 2886 3119 3473 4960
4 2869 3822 3319 4239
4 3418 4255 3122 4414
4 3246 1384 4675 5036
4 2954 3661 3368 3930
4 2874 4176 3919 4642
4 1260 3681 3659 4152
4 3118 3730 3857 3973
4 1739 3175 3627 4170
4 1676 3188 4152 5052
4 2933 3407 3725 3738
4 2902 3220 3396 4550
4 2912 3165 3544 4223
4 2850 3209 3565 4250
4 1586 3267 1562 4056
4 897 920 899 3357
4 1189 3449 1237 3618
4 2939 4073 3247 4872
4 2982 3544 3165 4223
4 1739 3627 3175 3872
4 3018 3725 3407 3738
4 3567 4729 3665 4731
4 3447 3560 3130 4570
4 1320 3101 1465 4084
4 2890 4219 3389 4489
4 3101 3734 1465 4084
4 2877 3311 3585 4682
4 674 690 881 4110
4 3275 3152 3992 4164
4 3533 3121 4404 4755
4 3382 2947 3860 4515
4 3992 4057 2905 4818
4 3096 3577 2938 4525
4 3160 4052 3169 4311
4 1065 3344 1138 4420
4 2645 3958 3960 4797
4 3688 3706 3418 4311
4 2829 3653 4007 4107
4 3002 3189 3893 4214
4 3098 4303 3765 4919
4 3407 3553 3018 3625
4 3318 3983 3093 4059
4 3578 2991 4416 4526
4 2877 3585 3671 4682
4 2998 3361 3280 3717
4 3095 3728 3637 4517
4 3368 3661 1557 4324
4 3419 4229 3143 4363
4 3440 2897 4363 4496
4 3143 3440 4363 4496
4 1678 4338 3785 4937
4 3171 3394 2904 3882
4 1557 4324 3661 4338
4 3151 3328 3756 4346
4 3640 3745 3486 4992
4 2972 3583 3440 4364
4 3310 3699 2861 3760
4 1033 3426 1460 3519
4 2592 3944 2593 4109
4 3128 2985 4030 4092
4 2905 3652 3161 4423
4 3195 3540 1264 3964
4 2562 2771 3406 4123
4 2910 3101 3456 4072
4 3151 3756 4032 4346
4 3810 4162 3254 4731
4 2901 3106 3402 4132
4 1075 1122 1335 3566
4 1776 3100 1689 4477
4 3033 3968 3306 4517
4 1358 1240 3709 4595
4 3140 4083 3209 4210
4 3075 3749 3516 3832
4 2607 3119 2610 4488
4 2645 3958 3132 3960
4 2866 3895 3163 4712
4 3414 3987 2852 4322
4 3092 3656 3246 3744
4 3712 4318 2929 4795
4 1105 3457 1107 5062
4 3699 3355 4571 4865
4 1065 1307 1138 3344
4 3111 2904 3428 3882
4 3184 3611 3559 4554
4 3987 4441 3482 4450
4 3198 3370 3518 4799
4 2938 3448 3096 3748
4 1219 3586 1253 4128
4 3148 3502 3361 4430
4 3008 3108 3769 4411
4 3169 3741 2930 4414
4 2864 3231 3530 3912
4 599 1016 3278 4271
4 669 3950 675 4719
4 1260 1443 3188 4152
4 3344 3157 3578 4707
4 1465 3734 3101 4432
4 3410 3864 1401 4397
4 3093 2863 3532 4007
4 2913 3162 3912 3916
4 705 3489 861 3672
4 2995 3428 3282 4315
4 3247 3702 3207 4634
4 2972 3440 3143 3957
4 2915 3125 3399 4899
4 3404 4728 4028 4799
4 4255 4334 3122 4934
4 2912 3829 3165 4223
4 3106 3634 3396 4550
4 2612 3714 3391 4313
4 3177 4163 3235 4479
4 2988 4327 3927 4365
4 3724 4220 3064 4369
4 2911 3130 3405 3644
4 3965 4302 3255 4996
4 3184 3897 3019 4107
4 3104 3961 3899 4444
4 3168 3620 1469 3682
4 3115 3735 3641 4257
4 3456 3875 3002 4214
4 2899 3169 3589 5042
4 3300 2881 4701 4855
4 3174 3874 682 3959
4 1159 3680 3137 3731
4 839 4521 693 4709
4 1284 1285 3175 3772
4 2908 3318 3877 4530
4 3148 3424 2891 3499
4 3161 2905 3585 4394
4 3035 3763 3684 4457
4 3271 3462 2907 5037
4 1120 3729 3182 4137
4 2570 2790 4081 4964
4 2971 3424 4280 4915
4 3875 3999 3002 4214
4 3359 4701 2881 4855
4 3641 3735 2928 4257
4 2975 3235 3177 4093
4 3541 3782 2974 4703
4 3249 3649 3547 3896
4 2659 3181 2635 4075
4 2749 2742 2628 3695
4 1240 3205 3497 4155
4 3089 3378 4140 4811
4 2670 3389 2702 4417
4 3198 3518 3813 4799
4 3196 4259 3402 4604
4 2841 3443 4334 4934
4 3533 4404 3915 4755
4 3180 2953 4367 4751
4 2850 3565 3078 4873
4 3885 4497 3295 4711
4 1132 1159 1158 3137
4 3765 4815 3228 4902
4 1676 4058 3188 5052
4 2847 3455 3247 3657
4 2763 2567 2580 3669
4 3355 3871 3699 4571
4 923 4229 4035 4753
4 3109 4128 3586 4507
4 2834 3667 3144 4139
4 3147 3672 3029 3987
4 3216 3581 2580 4216
4 3247 3455 2939 3657
4 2712 2670 2702 4417
4 3537 4721 3276 4724
4 3492 3421 3859 4070
4 3078 3565 2850 3977
4 3508 3796 2985 4092
4 2627 2640 3241 3768
4 3010 3626 3248 4464
4 2815 3655 3167 4993
4 2880 3705 3106 4513
4 2871 3454 3133 3562
4 2878 3724 3500 4369
4 3159 4729 2894 4731
4 2995 3808 3428 4315
4 3119 2886 3473 4467
4 1235 1400 3185 3763
4 3636 3156 4569 4783
4 3391 3714 2612 3960
4 3007 3505 3084 4528
4 2880 3396 3705 3835
4 3500 3724 3235 4677
4 2871 3621 3346 4448
4 2712 3478 2670 4417
4 2765 3755 3519 3818
4 2819 3470 3146 4082
4 2962 3287 3496 4275
4 1714 3323 3627 3872
4 2952 3276 4408 4724
4 2859 4049 3515 4216
4 3216 3324 2859 4491
4 2892 3793 3485 4416
4 955 4258 3110 4360
4 2866 4244 3664 4848
4 3104 3899 3015 4444
4 2955 3487 3317 4252
4 3192 3373 2951 4521
4 665 3874 3369 3959
4 2922 3229 3526 4113
4 3003 3144 3537 3729
4 3822 4096 2860 4835
4 2850 3078 4693 4873
4 3034 3495 3105 4975
4 469 3398 155 3799
4 1091 3171 1090 4733
4 2886 4467 3119 4960
4 2818 4343 3186 4747
4 2929 3422 3350 4911
4 2600 2597 3622 4054
4 1619 3759 3204 4614
4 3219 3768 2729 4277
4 2830 3553 3625 4552
4 2820 4645 4315 4995
4 3007 3084 3525 4528
4 2830 3625 3407 4895
4 3829 4148 3201 4469
4 2897 4363 3606 4368
4 2850 3078 3977 4693
4 3537 4039 3003 4495
4 1079 3183 3903 4068
4 218 4497 582 4711
4 2817 3201 4148 4980
4 3198 3518 3370 4628
4 2815 3392 3263 4993
4 3413 4037 3928 4472
4 1721 4261 1722 4631
4 3089 4140 3483 4811
4 1163 3680 3375 3889
4 3234 3397 3326 4268
4 2774 2574 2793 4360
4 3141 3593 632 3966
4 3305 3369 2964 3571
4 1175 1141 1176 3268
4 2570 3297 2804 3621
4 2842 3819 3411 4777
4 2741 3439 2636 3761
4 3244 3599 1172 4723
4 3092 3246 3739 3744
4 3553 3725 3018 4452
4 4149 4529 2991 4750
4 2929 3350 3422 4165
4 2894 3208 3655 4547
4 1284 3175 1283 3772
4 3079 4371 4302 4389
4 3512 4643 4031 4851
4 3251 3962 3430 5022
4 2595 3587 3317 4054
4 2878 3711 3359 4687
4 2890 4219 3563 4621
4 2850 3436 3112 4316
4 3121 3521 2913 3533
4 13 3620 222 4532
4 1662 1484 1775 4494
4 3145 3932 4362 4657
4 3794 3956 2795 4622
4 2894 3315 3208 4326
4 3179 3301 2841 3940
4 960 582 218 3295
4 3025 3254 3567 3665
4 3096 3748 3589 4525
4 2741 3439 3761 4175
4 1057 3834 3722 4696
4 3883 4806 2736 5015
4 3462 4394 2907 5037
4 2975 3830 3631 4038
4 2594 3587 3478 4417
4 2866 3163 3895 4366
4 1091 1090 3171 4034
4 2821 3522 3318 3698
4 1561 3785 3267 4937
4 2862 3178 3803 5066
4 3248 2879 4206 4464
4 2877 3186 3528 4580
4 1698 3661 3368 4907
4 3505 3562 2871 4218
4 3672 3673 3336 3873
4 3235 3714 2637 4283
4 2860 3798 3138 3968
4 1335 1076 1075 3566
4 3285 4243 3645 4917
4 909 3163 760 3866
4 680 3784 611 4434
4 3114 3472 3467 4612
4 3197 2943 4061 4316
4 3232 3477 1693 3754
4 3317 4252 3487 4473
4 3003 3144 3693 4039
4 669 670 675 3950
4 2740 3066 3777 3799
4 2891 3853 3274 4415
4 3133 3454 2871 3621
4 3298 2954 4166 4413
4 3387 3784 3107 4484
4 3144 3836 3693 4039
4 3541 4444 3782 4813
4 2853 4085 3289 4862
4 2930 3333 3230 4168
4 1698 1558 3661 4907
4 2592 3270 3944 4109
4 3987 4187 3147 4322
4 2627 3768 3600 4003
4 1366 3428 1190 4181
4 670 3950 3242 4404
4 3249 1199 4022 4625
4 3358 3413 2981 4511
4 3091 2957 3543 3864
4 2850 3112 3535 4316
4 2890 3123 3635 4642
4 3164 3943 743 4125
4 1076 3183 1079 4522
4 2944 3326 3397 4598
4 4090 4273 3074 4335
4 3032 4570 3130 4744
4 3648 3669 2986 4300
4 3058 3712 3593 3959
4 2920 3290 3196 4096
4 665 666 3874 3959
4 3184 3559 2916 4033
4 3197 3937 2943 4316
4 1133 3165 1150 4155
4 2868 4721 3537 4724
4 420 242 419 3955
4 1210 3451 4050 4088
4 3780 4233 4121 4723
4 2937 4312 3863 4388
4 2878 3692 3177 4163
4 3605 3732 3015 3918
4 3242 3121 3950 4755
4 2845 3968 3420 4251
4 3379 4590 4336 4973
4 3199 4806 3883 5015
4 789 810 3862 4906
4 3730 3920 2827 3973
4 3473 4122 3623 4949
4 3368 3930 3661 4988
4 1320 1465 3101 4432
4 2934 3896 3249 4625
4 1693 3477 3232 4691
4 1207 3864 3596 4778
4 2593 3944 3587 4109
4 3182 3537 4721 4903
4 3733 3908 2960 4267
4 2864 3916 3302 3991
4 2860 3822 3290 4096
4 2816 3403 3893 4373
4 1455 1045 1296 3221
4 2960 3605 3087 4520
4 632 3593 3141 4198
4 2783 3945 3216 4216
4 2825 3404 4027 4728
4 3223 3756 3009 4025
4 3625 4552 3156 4895
4 2935 3592 3211 4194
4 2823 3845 3413 4301
4 1394 3547 1193 4864
4 2911 3447 3138 3968
4 2916 3511 3093 3897
4 680 4402 4332 4434
4 3093 3511 2916 4425
4 3074 4090 3732 4296
4 2852 4359 3192 4468
4 2850 3535 3112 4341
4 412 3629 233 3643
4 210 3682 4440 4812
4 2878 3107 3383 4000
4 3178 3803 3236 4176
4 2858 3194 3360 4105
4 1237 3618 3449 3980
4 2952 4024 3990 4724
4 2850 3937 3209 4250
4 2881 3300 4124 4855
4 2975 3381 3168 4812
4 3282 3428 3268 4567
4 3093 3983 2863 4007
4 3180 4049 3051 4367
4 2954 3930 3368 4988
4 845 4554 653 5008
4 2837 3636 3156 4569
4 2944 4449 3326 4598
4 470 471 156 3953
4 3267 3405 2988 3839
4 3724 4677 3500 4774
4 3145 2859 3932 4491
4 2844 3548 4423 4755
4 647 3143 644 4496
4 3441 4815 3434 4844
4 1200 1193 3249 4141
4 1451 3901 3669 4300
4 2896 3422 3266 4295
4 1176 3268 3547 4372
4 3452 3572 3127 4015
4 3091 4064 3410 4159
4 1292 3648 1291 4300
4 3689 4194 3189 4666
4 3256 3815 749 4849
4 2918 4451 3264 4580
4 1739 3872 3175 4842
4 1148 3165 1133 4142
4 3122 4255 3418 4334
4 3012 3460 4002 4126
4 3046 4229 3419 4363
4 3104 3605 3015 3918
4 3664 4244 3261 4848
4 3138 3968 3447 4270
4 3514 3613 3086 4750
4 1546 1709 1552 3374
4 882 3322 633 3966
4 3367 4549 3923 4694
4 3527 4321 3676 4587
4 2696 2694 2582 4216
4 1057 1281 3834 4696
4 1045 3221 1455 3901
4 909 3642 965 4936
4 3246 4002 3464 4877
4 1212 1424 3820 4050
4 1241 1384 1243 3739
4 1153 1134 3388 4620
4 2817 4148 4025 4980
4 3732 3918 3074 4296
4 3086 2850 3565 4629
4 3183 3903 3566 4008
4 3165 3829 3255 4215
4 2909 3289 3769 4387
4 3242 4404 3121 4755
4 3299 4363 3583 4368
4 3645 4243 3285 4862
4 2941 3251 3430 5022
4 1282 1283 3175 4011
4 1032 1422 3259 3763
4 1197 3909 3451 4088
4 1469 3620 3168 4532
4 3149 3805 2583 4500
4 3452 4581 3947 4787
4 2929 3350 4165 4585
4 3186 4343 4048 4747
4 2963 3746 4040 4241
4 3096 3448 2938 4639
4 3143 3419 3019 4753
4 3297 3376 2871 4761
4 3151 4076 3009 4725
4 3027 3389 3580 3910
4 2903 3534 3308 3716
4 2852 3409 3258 4468
4 3239 3374 2911 4270
4 1041 3372 3663 4405
4 2847 3783 3410 4428
4 3279 3576 2927 3846
4 2914 3724 3960 4817
4 3344 3450 2892 4745
4 2896 3266 3422 4165
4 2823 3358 3487 4473
4 942 3970 3220 4457
4 1148 3165 4004 4460
4 2862 3997 3925 5066
4 1292 1055 1291 3648
4 2917 3355 3650 4571
4 841 611 3474 4434
4 2951 3448 3096 3686
4 2876 3221 4194 4292
4 1627 3873 3673 4441
4 2929 3662 3350 4585
4 772 774 773 3187
4 916 3844 4384 4826
4 2814 4767 3355 4865
4 2643 2636 3439 3975
4 3452 4015 3127 4400
4 855 3448 1013 4639
4 2974 3782 3541 4444
4 1562 3555 1599 4056
4 3246 4002 3460 4126
4 3668 3831 3233 4193
4 1684 3504 4147 4827
4 3512 4031 3243 4851
4 2915 3554 4579 5012
4 2873 3372 3269 3663
4 3530 3316 4426 4478
4 2975 3674 3381 3969
4 975 4362 3932 4657
4 2712 2713 2670 4238
4 2871 3376 3346 3861
4 3385 4592 4315 4995
4 2916 3093 3532 3897
4 920 3357 3811 3976
4 3196 4096 3822 4835
4 2957 3745 3259 3763
4 4183 4767 3570 4804
4 3027 3487 3139 3803
4 1148 1129 3544 4142
4 2595 2711 3812 4054
4 693 4521 3951 4709
4 3388 2898 3742 4393
4 1679 1565 1720 3728
4 1368 3412 3721 4522
4 3131 4802 3429 4952
4 3567 3123 4200 4299
4 1076 4008 3183 4522
4 3294 4259 3000 4750
4 3873 4441 1627 4930
4 2878 3488 3107 4369
4 1317 1421 3543 4186
4 2912 3517 3255 3965
4 1133 4142 3165 4155
4 3335 3730 3102 4289
4 2854 4415 3899 4659
4 1073 4008 3576 4051
4 2901 3106 3582 4597
4 1227 3213 1242 3739
4 2661 2643 2636 3439
4 1353 3693 3144 3836
4 1776 3754 3100 4477
4 2953 3515 3345 3843
4 3025 3254 3665 4705
4 3423 4783 4206 4820
4 2924 3219 3675 4277
4 2842 3141 3819 4777
4 2904 3111 3428 4567
4 3410 3864 3011 3939
4 2858 3296 4120 4298
4 1716 1620 3704 4509
4 3567 3665 3254 4731
4 2905 3665 3462 4705
4 1591 1666 3601 4274
4 3514 4149 2991 4750
4 3132 4784 3030 4834
4 1671 3938 3278 4271
4 1565 3306 1720 3728
4 887 4695 4046 4807
4 2903 3807 3176 4380
4 1491 3232 1471 4013
4 839 3373 4521 4709
4 3221 3901 3689 4300
4 3096 3448 2951 3748
4 3068 4333 3721 4646
4 1386 3663 4389 4955
4 2853 3289 4085 4748
4 3423 3636 4783 4820
4 1152 3244 4117 4143
4 1389 3363 3510 4436
4 3160 4052 4311 4378
4 2887 3683 3275 4100
4 3906 4802 3579 4952
4 3015 3732 3605 3995
4 1153 3449 3388 4117
4 3386 3634 3035 3745
4 3096 2938 3577 4639
4 3187 4265 3927 4442
4 3169 2899 3741 5042
4 3367 3923 3564 4694
4 2864 3530 3316 5040
4 2859 3574 3180 4049
4 3455 3782 3247 4073
4 3256 3727 750 4053
4 2897 3440 3583 4364
4 3499 4182 3172 4847
4 221 1054 1471 3232
4 3255 3829 3201 4215
4 1607 3267 1586 3736
4 3361 3493 3486 4104
4 3306 3728 1565 4338
4 3487 4222 3803 4591
4 2911 3405 3130 4889
4 4192 4590 4410 4894
4 4051 4428 4159 4714
4 3294 2991 4529 4750
4 2958 3281 3530 3912
4 2617 3222 2616 3761
4 3259 3745 3035 3763
4 2814 4421 4767 4865
4 3095 3637 3438 4517
4 3358 4473 3413 4511
4 2937 3313 3876 4192
4 3132 3960 3724 4817
4 1172 3599 3244 4143
4 3000 3967 3214 4259
4 3012 4002 3246 4126
4 4086 4891 3444 5002
4 2926 3253 3898 4119
4 3142 2952 4335 4408
4 1057 3722 1059 4696
4 2925 3284 3920 4672
4 2813 3243 3382 3512
4 1415 3384 1257 3715
4 897 3357 4418 4786
4 2903 3845 3534 4739
4 2989 3375 3680 4108
4 1416 1455 1296 3221
4 3477 3757 3754 4413
4 1059 4011 1281 4696
4 2928 3338 4123 4905
4 3104 3732 3605 3918
4 2864 3302 3916 4055
4 2818 4293 3770 4431
4 2910 3889 3456 3893
4 646 3957 3440 4160
4 9 13 222 4532
4 1619 3513 3204 4545
4 3481 3821 3012 4126
4 2953 4049 3180 4367
4 3402 3579 3196 4604
4 3321 3703 2979 4743
4 1119 4137 3427 4595
4 2834 3434 3226 4377
4 3767 3990 3226 4092
4 1033 3519 1460 4221
4 2993 3244 3742 4117
4 3217 3201 4469 5029
4 3460 3083 4303 4919
4 3044 4579 3554 5012
4 2851 3222 3778 4226
4 3384 3955 2770 4123
4 2911 3374 3952 4270
4 1201 3249 4022 4141
4 4355 4523 3622 4749
4 1368 3721 1369 4522
4 2837 3233 4190 4381
4 3018 3625 3553 3744
4 1313 3656 3607 4675
4 3246 4675 3656 5036
4 1368 1081 3412 4522
4 827 824 3697 4498
4 3130 3405 2839 4281
4 3255 4302 4171 4996
4 2911 3420 3138 3644
4 1679 1565 3728 4338
4 2909 3476 3538 4387
4 1318 170 3999 4214
4 3447 3130 3644 4570
4 3325 3706 3045 3949
4 1509 1775 1273 3758
4 3149 4216 3515 4500
4 2819 3343 3835 4611
4 2891 3148 3502 4120
4 2880 3386 4513 4550
4 3266 3525 4046 4695
4 3026 3331 3512 4643
4 3775 3935 3561 4099
4 2815 3272 4399 4993
4 752 750 3727 4053
4 827 3697 3366 4498
4 1125 4143 3713 4385
4 3622 4749 3317 4961
4 2892 3578 3793 4416
4 3101 4017 3193 4447
4 3287 4018 3496 4391
4 3516 3749 3075 4701
4 1538 4312 1726 4801
4 2859 3145 4049 4216
4 3190 4040 3977 4241
4 3266 4046 2896 4295
4 3203 4310 3971 4643
4 774 773 3187 4029
4 2861 3699 4571 4865
4 3852 4361 3348 4579
4 1258 3663 4171 4302
4 1778 1627 4441 4930
4 2845 3420 3968 4517
4 3488 3969 4479 5064
4 2887 3275 3632 4100
4 904 947 3376 3800
4 3462 3665 2905 4818
4 3501 4335 2952 4408
4 3155 4112 2964 4291
4 2852 3258 3741 4359
4 3462 3585 2905 4394
4 897 4418 672 4786
4 2910 4020 3101 4072
4 1739 3627 1712 4170
4 2899 3589 3169 4531
4 3491 3936 3045 5023
4 3026 3512 4225 4643
4 2829 3992 3152 4929
4 3108 4172 3315 4609
4 3138 4270 3447 4999
4 2818 3275 3630 4164
4 3120 3570 4767 4804
4 3248 4183 3570 4804
4 3084 3633 3861 4235
4 2902 3396 3153 3582
4 2894 3159 4326 4729
4 2656 3639 3194 4523
4 2823 3245 3651 4301
4 3303 2960 3908 4267
4 2887 3632 3275 4771
4 3194 4355 4486 4885
4 2888 3644 3405 4493
4 2837 3636 4569 4783
4 2879 3570 3248 4206
4 3400 3753 3462 4762
4 3200 4159 4051 4428
4 3184 2916 3897 4033
4 3413 3845 3666 4301
4 3120 2879 3570 4351
4 2875 3417 3337 4874
4 3567 3880 3025 4425
4 670 3242 676 4404
4 3359 4220 3724 4369
4 1318 170 3875 3999
4 2607 3614 3119 4488
4 1125 3713 3415 4385
4 3288 3781 3121 3915
4 3370 3813 3518 4799
4 3248 3010 4206 4619
4 3130 2911 3447 3644
4 4243 4461 3285 4542
4 3298 4166 3343 4413
4 3221 3755 3354 4292
4 3273 4415 2854 4659
4 3146 3470 2819 3978
4 861 3672 3489 4001
4 882 633 880 3966
4 3148 2891 3424 4120
4 1429 1258 3372 4171
4 1595 1602 3612 4118
4 3176 3807 3367 4380
4 3308 3534 2933 3716
4 2852 3987 3482 4450
4 3076 3983 3318 4059
4 3245 3317 4749 4961
4 2958 3180 3880 4299
4 3386 3634 3106 4513
4 3251 3426 1478 4305
4 3237 3990 3767 4092
4 3344 2892 3793 4745
4 3253 3770 3186 4048
4 3140 3520 3329 3813
4 1662 4494 3758 4780
4 3189 4194 3689 4300
4 3128 3226 4092 4467
4 2685 3354 3755 4773
4 3224 3913 4515 4851
4 3480 3598 3077 4018
4 2880 3396 3835 4227
4 2859 3324 3216 4658
4 2770 3384 4123 4905
4 2908 3522 3401 3877
4 1396 1265 1218 4389
4 3351 3152 3992 4929
4 2905 3161 3652 4394
4 3192 2951 3409 4468
4 1619 3204 3513 4614
4 3746 4023 1531 4792
4 920 3357 897 3811
4 2878 3107 4000 4369
4 3538 3777 2733 4476
4 2911 3405 3420 3644
4 3406 2771 3955 4123
4 3274 4415 4062 4915
4 3371 4328 4110 4401
4 3182 3537 4637 4721
4 3567 4059 3880 4425
4 3796 4264 3569 5029
4 4206 4569 3156 4783
4 2946 3141 3819 3966
4 2962 3789 3584 4293
4 2868 4637 3537 4721
4 2837 3156 3636 4190
4 1118 1330 3718 4350
4 2910 3690 3101 4020
4 1422 1317 1032 3259
4 3159 3810 3254 4731
4 3308 3407 2933 3738
4 2878 3383 3692 4687
4 3211 3592 2935 4373
4 3366 3686 1019 4412
4 1311 4678 4088 4828
4 2888 4110 3371 4328
4 2994 3148 4430 4847
4 3533 4404 3121 4719
4 3376 3505 2871 4761
4 3311 3753 3257 4580
4 2901 3582 3106 4132
4 960 3862 3295 4615
4 3189 2986 3648 4087
4 2867 3464 3213 4877
4 1687 3728 3095 5047
4 2844 3781 3288 3915
4 2972 3143 3583 4107
4 3273 4062 4415 4915
4 2893 4086 3444 5002
4 3472 3833 3114 5054
4 3258 3748 3096 4468
4 627 3774 3337 4559
4 1307 3344 3890 4707
4 2986 4548 3648 4658
4 3165 3497 3465 4886
4 3011 3864 3596 3939
4 2953 3522 3401 4367
4 3515 4049 3145 4216
4 2962 4275 3789 4293
4 3120 4207 2956 4279
4 3257 3469 3400 4465
4 2645 3960 3235 4797
4 890 3561 764 4099
4 1175 3268 1176 4372
4 3584 2839 3904 4926
4 3326 3397 3044 4268
4 2882 4413 3835 4990
4 3518 3198 3813 4686
4 742 743 3164 3844
4 3152 4107 4033 5003
4 3415 4084 1157 4385
4 570 3283 3707 4616
4 3189 4194 2986 4666
4 2818 3770 3186 4682
4 3407 3738 3308 3942
4 2959 3623 3128 4588
4 3439 4026 3615 4445
4 2613 3714 3360 4228
4 1032 215 3763 3970
4 1194 3909 3721 4646
4 3236 3803 3178 5066
4 3754 3757 3298 4413
4 2876 3430 3426 4292
4 214 1400 1423 3763
4 3138 3447 2911 3644
4 1317 3543 1216 4016
4 2957 3864 3091 3939
4 2595 2596 3317 3587
4 413 2775 3956 5024
4 3267 3736 1607 4937
4 2729 3768 3219 4044
4 3434 3228 4815 4902
4 3242 3915 4404 4755
4 1783 3175 1739 4170
4 1162 3680 1163 3889
4 2891 4342 3853 4415
4 3105 3495 3034 4764
4 3120 3463 4207 4279
4 3000 3705 4074 4513
4 2940 3256 3943 4831
4 1255 4050 1325 4396
4 3297 3505 2871 4218
4 3224 3913 3788 4515
4 3449 3618 1189 4620
4 1032 3259 1316 3970
4 2890 3580 3389 4231
4 2613 2621 3714 4228
4 2778 3777 3398 3799
4 2882 3343 3835 4413
4 2940 3256 3727 3943
4 3012 3481 3246 4843
4 3209 3535 3140 4210
4 3005 3564 3367 3923
4 3698 4059 3123 4276
4 2877 3257 3753 4580
4 2905 3462 3652 4705
4 2600 2597 2708 3622
4 2816 3281 3893 4321
4 3971 4557 3712 4994
4 3115 3623 2886 4178
4 2915 3125 3554 4118
4 3274 3853 3541 4415
4 3233 4193 3083 4303
4 2956 3415 3137 4424
4 3024 3289 4387 4748
4 2923 3445 3708 4852
4 2921 3553 3625 3744
4 570 3551 3283 4616
4 1553 1557 3661 4338
4 3426 3519 2967 4221
4 967 820 680 4332
4 3261 4244 3749 4848
4 3067 4202 3417 4874
4 3587 3812 2955 4054
4 1175 3586 3268 4372
4 3297 2871 3505 4761
4 2861 3716 3531 4260
4 3146 4166 3470 4831
4 2880 3616 3335 3705
4 1744 3278 1671 3938
4 2934 3896 3268 4131
4 1350 1351 3721 4655
4 3247 4073 3782 4872
4 3452 3127 4581 4787
4 2905 3652 4234 4705
4 3152 3351 4234 4929
4 1338 3497 1240 4595
4 1449 1262 1264 3195
4 960 582 3295 3885
4 3481 3821 3062 4133
4 627 662 3337 4202
4 1422 1317 3259 4186
4 2886 3226 3441 4844
4 3025 3665 3567 4665
4 2853 3769 3289 4748
4 653 4554 3559 5008
4 2940 3256 3470 4153
4 1709 4245 3704 4796
4 3722 4696 3834 5001
4 1490 3278 1016 4271
4 2962 3287 4275 4293
4 1320 4072 3101 4084
4 743 742 3164 4772
4 3328 3783 3151 4725
4 2900 3238 3504 3815
4 3353 3238 4125 4568
4 3022 3347 3969 5064
4 3019 3532 3408 3887
4 3128 4092 4030 4467
4 2826 3106 3634 4132
4 2911 3447 3968 4270
4 2867 3213 3737 4877
4 3530 3912 3281 5020
4 2814 3355 4421 4865
4 2949 3487 3317 3944
4 2645 3132 3958 4834
4 3217 3767 3223 4472
4 1770 3323 1714 3872
4 1228 3246 1243 4002
4 2831 3339 4047 4730
4 843 789 3862 4870
4 1039 4060 3503 4722
4 2838 3832 3749 4169
4 3347 4479 3969 5064
4 676 693 3951 4709
4 3029 3673 3672 3873
4 3179 4561 4015 4697
4 3241 2924 3773 3929
4 1284 3175 1285 3872
4 2840 3617 3172 4867
4 2866 3425 3749 4848
4 3091 2892 4456 5019
4 3389 3580 3910 4564
4 2975 3235 4093 4308
4 3530 5020 3281 5040
4 2867 3464 3246 3739
4 3722 4577 4420 4745
4 942 966 3970 4457
4 3353 3591 3461 4568
4 3199 3600 2924 4003
4 2562 3735 2719 4123
4 2979 4406 3422 4533
4 3168 3682 209 4812
4 666 682 3874 3959
4 2800 3953 3777 4005
4 2896 4046 3419 4295
4 2652 3219 3993 4044
4 3269 3372 2873 3869
4 3733 3977 3436 4078
4 2854 3501 3334 5061
4 1255 4050 3858 4066
4 3488 4479 3347 5064
4 967 4332 680 4402
4 3189 3893 3889 4669
4 2858 4120 4288 4298
4 2735 3476 2629 3538
4 3033 3306 3728 4517
4 2636 3761 3439 3975
4 3300 4701 3359 4855
4 2939 3386 3657 3837
4 3429 3788 2947 3906
4 2890 3635 3236 4642
4 3092 3739 3715 4407
4 2995 4645 3282 4754
4 2905 3161 3585 3683
4 909 3684 3163 3866
4 1199 3249 1193 3896
4 3027 3478 3389 3910
4 3221 3901 2798 4433
4 1194 4333 1186 4646
4 3068 3681 3395 4333
4 3581 4213 2986 4839
4 3030 3132 3711 4784
4 3458 4224 581 4959
4 3428 3808 2995 4181
4 3208 2906 3526 4326
4 1690 3298 1700 4103
4 1307 3890 3446 4707
4 2828 3229 4205 4536
4 3436 3977 3071 4693
4 1478 3426 3251 3962
4 3236 4176 3803 4642
4 4394 4478 3696 4944
4 1226 1225 1223 3464
4 3176 3005 3923 4710
4 3340 3812 3008 4527
4 3413 4037 3610 4511
4 3345 3843 3515 4500
4 1268 4060 1039 4722
4 3937 4317 3140 4891
4 3109 4217 1254 4507
4 3019 3143 4035 4107
4 3770 4580 3186 4682
4 2975 3500 3235 4308
4 2740 2797 2778 3799
4 3190 4241 3290 4798
4 1163 3889 3375 4674
4 3610 4037 3413 4948
4 2629 3538 3476 4660
4 2982 3465 4076 4725
4 2985 3508 3128 3695
4 3120 3570 3248 4351
4 2880 3616 3705 4513
4 1722 1667 1786 3480
4 2935 3117 3925 3972
4 3202 3635 3550 4299
4 3908 4267 3733 4629
4 2914 3235 3724 4677
4 2747 2643 3439 3869
4 3370 3961 3628 4524
4 2959 3737 3475 4986
4 3018 3523 4653 4713
4 2858 4288 4120 4885
4 899 3752 3357 3976
4 2949 3487 3944 4222
4 2957 3091 3657 3939
4 3927 4265 3077 4442
4 1557 1698 3368 4324
4 3783 4223 3151 4725
4 3162 3912 3574 4483
4 1282 4011 3175 4842
4 3413 4511 3610 4948
4 955 4360 3110 4362
4 2947 3906 3579 4952
4 3188 3444 3004 4734
4 3048 3601 3480 4102
4 2869 3319 3513 4893
4 3022 3969 3488 5064
4 3635 4200 3123 4299
4 1422 3259 3763 4186
4 2911 3138 3420 3968
4 2905 3992 3683 4164
4 2831 3339 4730 4774
4 2823 3487 3358 4946
4 2589 2587 2588 3206
4 752 3727 3286 4053
4 3370 3518 2885 4628
4 3356 4381 3233 4969
4 3159 4276 3558 4731
4 1032 3763 3259 3970
4 3256 3470 4153 4726
4 1736 3751 3442 3988
4 3180 2958 3880 3912
4 3089 3704 3602 4509
4 1353 1173 1425 3836
4 3249 3896 1199 4625
4 2981 3534 3845 4209
4 4017 4349 3160 4525
4 1400 4060 1268 4722
4 3323 3708 2923 3820
4 2955 4252 3317 4654
4 1709 3374 1546 3704
4 1668 3601 1666 4274
4 1402 1265 3503 4560
4 2872 3332 3431 3764
4 738 4401 4134 4785
4 676 3951 3242 4709
4 179 3278 1767 3936
4 2827 3973 3793 3982
4 2818 3186 4343 4682
4 743 741 742 4772
4 3462 4762 3753 4972
4 1586 1562 1599 4056
4 3294 3514 2991 4750
4 3190 3694 3290 4241
4 1113 4620 3170 5062
4 2587 3563 3206 4219
4 3090 4184 3408 4845
4 2896 3525 3266 4165
4 967 4402 680 4434
4 1400 3185 4060 4722
4 1149 1148 3544 4004
4 1089 1091 1090 4733
4 3242 3373 2951 3548
4 3749 3832 3099 4169
4 1690 1700 3298 3757
4 3102 3730 3335 3982
4 2885 3370 3198 3628
4 2816 4485 3281 4769
4 1555 3946 3333 4168
4 2852 3482 3230 4450
4 1200 1199 1201 3249
4 3151 4223 3783 4583
4 3537 3667 2834 4586
4 1548 1540 1542 4509
4 1548 1620 1716 4509
4 3248 4135 3073 4662
4 1460 3426 3962 4221
4 2962 3584 3287 4293
4 2917 4571 3650 4762
4 3496 4275 3287 4391
4 3122 4255 3886 4414
4 2852 3741 3364 4450
4 3329 3813 3654 4502
4 2833 3732 3352 4090
4 2816 3117 3972 4307
4 2825 3262 3779 4408
4 2959 3475 3737 4863
4 3080 3422 4406 4533
4 2902 3153 3396 4726
4 1220 4155 3540 4356
4 3017 3522 3743 4837
4 3189 3002 3893 4087
4 3067 3371 4328 5009
4 2858 3928 3296 4298
4 2873 3615 3439 4026
4 2850 3937 4250 4873
4 1165 3375 1163 3680
4 4002 4398 3464 4877
4 3190 3977 3733 4078
4 3637 3028 4517 4573
4 2877 3301 3528 5014
4 2817 4025 3273 4120
4 2890 3550 3123 4231
4 226 406 3372 4405
4 2933 3725 3407 4150
4 3089 3647 4048 4119
4 3067 4328 3371 4401
4 3298 3757 1700 4103
4 3066 2740 3777 4476
4 2856 4469 3201 5029
4 3682 4440 3060 4560
4 2843 3742 3509 4121
4 3024 3538 3476 4387
4 2637 2645 3235 4797
4 1713 1712 3627 4170
4 4112 4291 3155 4661
4 3245 3928 3413 4961
4 2763 3216 2783 4738
4 3870 4309 3933 4653
4 2882 3477 3730 4289
4 3040 4394 3462 5037
4 469 470 155 3398
4 2894 3665 3567 4729
4 2870 3948 3412 4409
4 2870 3412 3279 3721
4 4159 4428 3410 4714
4 757 3286 4106 4651
4 2952 3990 3276 4724
4 3182 4721 4370 4903
4 175 3577 853 3823
4 1327 3723 3320 4161
4 3009 3779 3262 4375
4 3465 3497 2982 3687
4 3125 2915 3554 3852
4 2948 3140 3535 4502
4 2875 3224 3913 4692
4 2932 4113 4098 4914
4 3157 4188 3578 4282
4 2892 3446 3578 4282
4 2995 3385 4645 4754
4 1228 3464 4002 4398
4 3002 3889 3456 4214
4 2815 3655 4172 4609
4 2922 3645 3285 4862
4 2900 3591 3353 4831
4 1459 1272 1273 3758
4 2874 3380 3154 3919
4 3198 3370 2885 4628
4 2958 3635 3202 4299
4 2846 4017 3316 4776
4 3018 4653 3228 4713
4 3046 3653 3419 4295
4 2839 3405 4095 4365
4 2823 3245 3413 4473
4 3411 2929 4318 4795
4 3503 4389 3494 4998
4 1073 3576 1071 4051
4 3400 3753 4762 4972
4 3082 3240 4811 4884
4 3152 4234 3511 4929
4 3595 3747 2918 4518
4 3082 3240 3483 4811
4 3083 4303 4756 4969
4 1200 1394 1193 4141
4 1693 3232 1787 4691
4 3140 4891 4086 5002
4 1619 1571 3513 4545
4 3044 3397 3326 4579
4 2958 4299 3202 4869
4 3853 4342 3541 4415
4 3194 4105 4355 4885
4 3124 4410 4192 4590
4 3438 4568 4517 4982
4 696 1019 3686 4412
4 2774 2793 3809 4360
4 1160 1159 3680 4072
4 2956 3415 3720 4447
4 2905 4234 3652 4423
4 3666 4062 2854 5061
4 3423 3010 4206 4783
4 3196 3930 3798 4096
4 746 3353 747 3815
4 2860 3798 3930 4096
4 2891 3172 4342 4847
4 3548 3892 3161 4042
4 3314 3409 2973 4475
4 3091 4064 2892 5019
4 3045 3706 3325 4121
4 1775 1484 1028 4494
4 3025 3351 4234 4705
4 2951 4910 3892 4925
4 3248 3135 4183 4899
4 2927 3576 4008 4051
4 2891 3502 3148 4847
4 3015 3899 3104 3918
4 2952 3226 3767 3990
4 2820 3329 3654 4502
4 2616 2744 4075 4488
4 2920 3131 3617 4325
4 773 3797 3187 4029
4 735 3658 3408 4676
4 1070 3200 1068 4159
4 2893 3681 3395 4129
4 2900 3353 3238 3815
4 3426 3430 2967 4292
4 2953 3401 3522 3877
4 3139 3558 2849 3580
4 413 3629 2775 5024
4 3168 3421 2975 4853
4 2958 3530 3154 3974
4 2869 4672 3319 4893
4 1694 3232 1693 3754
4 2921 3481 3821 3984
4 3154 3791 3530 4587
4 3410 3783 3116 4428
4 2824 3469 3179 4410
4 3563 3805 3149 4500
4 3131 2920 3617 4802
4 3213 3737 3475 4863
4 3040 3462 3271 5037
4 3032 3766 3512 4759
4 2931 3497 3465 3687
4 3004 3444 3188 4058
4 3438 3637 3028 4517
4 3345 3149 3843 4500
4 3035 3970 3763 4457
4 3199 2909 3454 4395
4 2814 3127 4111 4700
4 3579 3978 3798 4082
4 3602 4048 2926 4119
4 2865 4579 3348 4950
4 3142 4335 3501 4408
4 2995 4315 3385 4592
4 3427 3497 2931 3687
4 3392 3600 3199 4411
4 1323 3734 3193 4084
4 2948 3377 3685 3911
4 3235 3724 3500 4163
4 2902 4153 3153 4726
4 3408 4184 2863 4845
4 2830 4150 3553 4204
4 3230 3364 3741 4450
4 2886 3473 3623 4949
4 1190 3806 1191 3896
4 3015 3918 3732 3995
4 1602 1601 1595 4211
4 2921 3821 3481 4126
4 1431 3491 4009 5023
4 3309 2937 3863 3876
4 1013 3951 3448 4910
4 2869 3284 4672 4893
4 3361 3717 2998 4681
4 3100 4600 3504 4870
4 2994 3664 3307 4556
4 2823 3845 4710 4946
4 2869 4893 3513 4943
4 3567 4276 2894 4731
4 3749 3832 3075 4455
4 3943 4831 3256 4849
4 2994 3493 3361 4047
4 3189 2986 4194 4300
4 1132 3137 1158 4084
4 2964 3935 3561 4124
4 1161 1165 1163 3680
4 3256 4153 3286 4726
4 3584 3904 3789 4926
4 2863 3093 3532 4845
4 3391 4313 3597 4928
4 1318 1042 170 4214
4 3441 3765 3738 4902
4 2858 4120 3296 4885
4 1649 3498 4312 4971
4 3017 4367 3522 4837
4 3245 4298 3651 4301
4 3345 3563 3149 4500
4 3299 3583 3056 4368
4 2852 3258 3409 4475
4 3891 4032 3782 4346
4 470 156 3398 3953
4 2892 3890 3200 4064
4 241 419 242 3955
4 3176 3367 3005 4710
4 2589 3206 4109 4219
4 3217 2851 3767 4472
4 2960 3908 3733 4629
4 3302 3991 3916 4055
4 3394 3882 3171 4733
4 1003 817 3692 4437
4 2911 3130 3447 3952
4 3361 3493 4104 4735
4 3136 3699 3355 3871
4 3664 3307 4556 4848
4 1449 3195 1264 4685
4 2951 3096 3748 4468
4 3258 3589 3096 3748
4 3320 3715 3092 3723
4 4047 4730 3339 4774
4 3032 3819 3766 4759
4 2827 3920 3294 4558
4 1493 1420 3491 3994
4 471 157 156 3953
4 989 790 861 3672
4 2930 3886 3333 4262
4 3120 2956 3720 4279
4 3384 3715 3320 4221
4 1280 3922 1278 4011
4 2810 4149 3685 4872
4 2652 3993 3401 4044
4 3070 4243 3824 4461
4 1190 3806 3428 4841
4 1591 3601 1592 4156
4 1554 1553 3661 4203
4 420 2770 3384 3955
4 627 874 662 4202
4 3321 3595 2918 4518
4 2850 4250 3565 4873
4 3025 3665 3351 4705
4 2899 3589 4858 5042
4 623 3701 3417 4202
4 1185 1145 3395 3681
4 3257 3753 3311 4057
4 2836 4257 3228 4713
4 2861 3531 3699 4260
4 3201 2856 3829 4469
4 2729 2641 3768 4044
4 2904 3394 3166 3808
4 2817 3273 3502 4120
4 1443 3188 1413 3858
4 3050 3913 3224 4692
4 3255 3517 2912 4004
4 2964 4112 3935 4124
4 3146 2900 4166 4831
4 3248 4183 3399 4899
4 2722 2604 2623 3340
4 2997 3157 4088 4282
4 3419 3653 3019 4840
4 3157 2997 4188 4282
4 627 3337 874 4202
4 2981 3845 3358 4209
4 2624 4527 3476 5015
4 3005 3435 3923 4710
4 3633 4165 3525 4840
4 1594 3118 3857 4170
4 2816 3527 3989 4321
4 2827 3445 3920 4558
4 1484 4494 1662 4780
4 1190 3428 1366 4841
4 2947 3906 3788 3978
4 1257 3320 3715 4221
4 3149 4213 2859 4658
4 2952 3767 3237 3990
4 2822 4042 3748 5042
4 1166 4305 3375 4436
4 3625 3744 3018 4919
4 2844 3511 3781 4234
4 3332 3562 3431 4768
4 646 3440 3957 4496
4 2926 4048 3602 4951
4 3350 4304 4165 4585
4 2904 3166 3394 3948
4 2967 3430 3962 5022
4 3389 3910 3478 4564
4 3556 3970 2880 4227
4 1041 1429 1258 3372
4 847 4418 3726 4718
4 1254 4128 3109 4507
4 765 764 890 3561
4 3224 4603 3591 4752
4 3294 3920 3445 4558
4 2886 3473 3349 4960
4 2927 3846 3576 5018
4 3615 4130 2998 4980
4 3448 3991 2938 4354
4 3202 3550 2890 3843
4 2809 4242 3753 4465
4 3234 3044 3397 4268
4 3305 2881 3851 4896
4 1210 4050 1211 4088
4 2819 3196 3579 4604
4 4073 4703 3782 4813
4 829 830 3828 4498
4 2914 3597 3790 4085
4 3181 3761 3439 4175
4 2864 3912 3530 5020
4 2968 3198 3948 4028
4 3121 2913 3521 4201
4 1326 1443 3858 4396
4 3445 3902 3708 4852
4 2956 3363 3731 3884
4 3166 3412 3948 4409
4 3335 4289 3102 4599
4 3951 4521 3373 4709
4 2901 4182 4540 4878
4 1649 1650 3498 4971
4 611 613 3474 4427
4 3038 4767 4421 4865
4 1049 3384 243 4221
4 3068 3395 3681 4129
4 3161 3892 3548 4944
4 1153 1189 1134 4620
4 3355 4421 3136 4581
4 2997 3576 3279 3846
4 3288 3781 2916 4201
4 3027 3580 3389 4489
4 2886 3434 3226 4844
4 2853 3289 3769 3867
4 3608 4363 2897 4496
4 2968 4068 3427 4728
4 3311 3056 4164 4431
4 814 4021 3631 4038
4 3446 4088 3157 4282
4 3181 3569 4264 5029
4 3561 3775 3061 3935
4 3161 4042 3892 4944
4 3003 3693 3144 4462
4 2948 3209 4083 4149
4 214 3684 4060 4575
4 2875 4031 4643 4851
4 1628 1778 1627 4441
4 3093 3318 3619 4845
4 2841 3301 3443 4934
4 3141 2946 3819 4318
4 2624 3476 3883 5015
4 1048 3188 1443 4152
4 2869 3284 4893 4943
4 1350 1351 1368 3721
4 3578 4188 3157 4947
4 2917 3871 3355 4571
4 1530 1531 3746 4023
4 2980 3833 3125 4670
4 3164 3224 4284 4692
4 967 820 4332 4402
4 2958 3880 4200 4299
4 2988 3927 3719 4365
4 1553 3661 4203 4338
4 2690 2798 3221 3901
4 3422 4165 3266 4777
4 3250 4380 3810 4739
4 3695 4075 2744 4488
4 2832 3578 4188 4282
4 735 3408 737 4676
4 3296 2998 4130 4980
4 3042 3498 4019 4255
4 2832 4188 3578 4947
4 3027 3487 3803 4591
4 4237 4494 1484 4780
4 2850 3197 3937 4873
4 1294 3189 3648 4214
4 3121 2916 3781 4201
4 3384 3715 1415 3955
4 2843 3646 3191 3742
4 1606 1733 1705 3197
4 3259 3556 1316 3970
4 1304 1165 3731 4436
4 3073 3618 3841 4856
4 2852 4322 3409 4468
4 3257 3753 4057 4818
4 3508 3794 2749 4622
4 3715 4407 3739 4499
4 2935 3805 3997 4641
4 3012 3831 3171 4193
4 2701 3270 2753 3771
4 2943 3825 3197 4061
4 1555 1658 3946 4168
4 700 3414 4412 4514
4 3311 4580 3770 4682
4 3128 2985 3695 4030
4 3497 3687 3427 3903
4 3200 3890 3091 4064
4 2974 3899 4415 4659
4 618 916 901 4384
4 2880 4227 3970 4550
4 3322 3819 3141 3966
4 3159 3878 3558 4326
4 900 623 3417 4202
4 3285 4113 3065 4746
4 3793 3973 3126 3982
4 418 240 239 3406
4 3318 3698 3522 3877
4 2927 3566 3183 3786
4 3176 2903 4380 4710
4 3907 4015 3179 4673
4 1131 1132 1157 3415
4 2987 3971 3203 4310
4 3877 4715 3698 4751
4 1471 3232 1054 4013
4 595 3336 1759 3873
4 3020 3530 3316 4426
4 3470 4166 2900 4831
4 3071 3977 3490 4693
4 3198 3518 4628 4686
4 3429 3788 3153 4169
4 2836 3117 3933 4173
4 3063 4204 3881 4452
4 1705 3197 1733 4347
4 1572 3319 3757 5056
4 2826 3634 3386 3745
4 728 4695 887 4807
4 2837 3831 3821 4193
4 1635 1518 3888 3988
4 2945 3859 3674 4070
4 2840 3564 3303 3847
4 406 227 3372 4272
4 3163 3387 2866 4484
4 3530 3791 3020 4587
4 2878 4000 3383 4687
4 3471 3840 3023 3933
4 2848 3248 3399 4899
4 3144 3667 3537 4903
4 1362 1094 3856 4563
4 3748 4042 3258 5042
4 2840 3172 3617 3853
4 1468 3189 1294 4214
4 3261 3749 3099 4848
4 3083 4756 3356 4969
4 3586 4128 3109 4963
4 1195 3909 1194 4646
4 3480 3598 805 3855
4 4025 4120 3296 4472
4 1418 3663 3269 4405
4 3248 3570 3120 4804
4 3444 4086 3342 4891
4 2853 3289 3867 4862
4 2959 3475 4863 4986
4 3462 3585 3040 3753
4 599 3697 3278 4664
4 3264 3469 3257 4647
4 1432 1029 3715 4499
4 3226 3434 2886 4467
4 2956 3884 3731 4551
4 1281 4011 3834 4696
4 3003 4462 3144 5013
4 2816 3972 3117 4373
4 2901 4805 4182 4878
4 2741 2635 2659 3181
4 1029 1432 3715 3955
4 2854 3899 3274 4549
4 3216 3945 2783 4738
4 3765 4815 3441 4844
4 3703 3321 4374 4743
4 3563 3997 2890 4824
4 3154 3530 2958 3989
4 3089 3602 4048 4951
4 3084 3633 3525 4840
4 666 868 682 3959
4 2915 3399 3252 4879
4 3522 4367 3743 4837
4 3448 2938 3991 4925
4 3183 3566 2982 3786
4 3696 4394 2907 4478
4 3251 3510 2941 4204
4 2828 4536 4205 4794
4 2725 3177 2557 3958
4 2852 3192 4322 4468
4 3129 3316 3991 4478
4 2958 3880 3974 4200
4 2879 3156 3463 4206
4 3698 4276 3123 4760
4 3528 4580 3186 4894
4 3351 3992 3152 4234
4 3089 4048 3602 4119
4 2886 3441 3434 4844
4 3928 4037 3778 4472
4 3196 3290 3822 4096
4 3040 3585 3462 4394
4 3325 3949 3045 4638
4 3820 4050 3157 4707
4 2932 3787 3382 4515
4 583 3162 1008 3875
4 2634 3768 2627 4003
4 1298 1416 1296 3426
4 2643 3975 3210 4419
4 4249 4320 3435 4555
4 1228 4002 1356 4398
4 2986 4348 3581 4839
4 3262 3899 3104 3961
4 3574 3912 3162 5020
4 2851 4226 4030 5007
4 3142 2952 4024 4335
4 2588 2589 3206 4912
4 1350 3721 3412 4655
4 1284 1283 1285 3772
4 2927 4008 3566 4051
4 2899 4664 3453 4892
4 3361 3486 2994 4430
4 3129 3696 4478 4944
4 2896 4165 3633 4840
4 1406 3251 1478 4305
4 3598 4018 3480 4179
4 2819 3146 3978 4082
4 2933 3527 3310 3716
4 3171 3831 3111 3882
4 918 919 3496 4189
4 3089 3704 3313 4601
4 3262 4375 3779 4408
4 3442 3888 1518 3988
4 2597 2708 3622 4446
4 3190 3977 4040 4561
4 3250 4710 3845 4946
4 3108 3008 3710 3929
4 3358 4222 4473 4511
4 1634 3442 1736 3751
4 3317 3487 2955 3587
4 2866 3387 3163 4366
4 2944 3746 3309 4023
4 591 1495 949 3480
4 2951 3951 3892 4910
4 3840 3933 3471 5043
4 2844 3511 4234 4576
4 1281 1278 3834 4011
4 3230 3938 3225 4168
4 3675 4136 3318 4530
4 3554 4361 3852 4579
4 1057 1058 3722 5001
4 3087 3605 3377 3911
4 3928 4120 3296 4298
4 3248 4206 3570 4619
4 3111 3171 3882 4563
4 3401 2908 3993 4684
4 2877 3186 3671 5014
4 3183 4028 3786 4728
4 1368 1369 1081 4522
4 1185 1186 1145 3681
4 4266 4296 3531 4732
4 2902 3425 3582 4534
4 3415 3713 1125 4014
4 644 3143 4229 4496
4 3613 4167 3826 4813
4 3038 4279 3760 5004
4 2588 3206 2587 4641
4 2895 4001 3336 4254
4 3276 4370 3537 4903
4 2837 3677 3233 4381
4 3194 4486 4105 4885
4 3860 4357 3379 4952
4 3464 3737 3213 4877
4 3305 4608 2881 4896
4 2915 3852 3125 4899
4 1505 1025 3416 4128
4 1282 3175 1284 4842
4 1090 3171 4034 4563
4 1010 4055 4404 4910
4 3892 3951 3242 4910
4 1219 1253 1254 4128
4 2905 3585 3462 3753
4 3217 4445 3201 5029
4 3342 3444 2893 4086
4 705 687 861 3489
4 2939 4069 3616 4456
4 3928 4037 3413 4961
4 904 592 947 3800
4 1704 3828 1778 4441
4 3370 3104 3961 4524
4 3230 3741 2852 4450
4 1159 1305 3731 4424
4 2915 3135 3852 4899
4 3355 3699 3136 4421
4 3053 3640 4422 4720
4 3454 3538 2909 3883
4 2741 2661 2636 3439
4 2998 3717 3280 4443
4 3111 3831 3171 4563
4 1149 1148 1129 3544
4 2886 3115 4178 4949
4 2989 3510 3251 4204
4 3717 3859 2998 4681
4 3881 4204 3430 4452
4 3947 3985 3472 4294
4 3667 4586 3537 4903
4 2896 3653 3887 4900
4 1211 3157 4050 4707
4 155 470 156 3398
4 3656 4675 1384 5036
4 930 3184 3957 4554
4 1351 4333 3721 4655
4 411 412 233 3643
4 2820 3282 4315 4645
4 3316 3530 3020 5040
4 3167 3887 3653 4900
4 4304 4617 3272 4987
4 595 1759 1487 3873
4 3021 3916 3991 4055
4 2740 3066 3799 4476
4 3417 3701 901 4384
4 2951 3686 3096 4468
4 2774 4360 3809 4684
4 3149 3563 2890 4824
4 3225 4892 3938 4984
4 1704 1795 1778 3828
4 3190 3733 3977 4561
4 2643 3210 2664 4419
4 3299 3606 4368 4374
4 2828 3827 3229 4536
4 2902 3153 4153 4534
4 3642 4106 3286 4651
4 4035 4229 3143 4753
4 1282 1283 1284 3175
4 3211 4087 2986 4666
4 3092 3715 3739 5036
4 3053 4422 3963 4720
4 1316 3556 3259 4016
4 3317 3587 2596 3944
4 2623 2669 3812 4527
4 2930 4255 3886 4262
4 2851 3222 4226 5007
4 3143 3019 4035 4753
4 3323 4050 1256 4066
4 2822 3129 3748 4042
4 961 4477 3504 4870
4 2867 3460 4815 4919
4 3786 4028 3404 4728
4 1560 4156 1592 4261
4 3912 3916 3162 5020
4 1739 1713 1712 3627
4 2819 3579 3402 4604
4 2899 3278 4664 4892
4 853 3823 3577 4639
4 2997 4088 3446 4282
4 2929 4165 3422 4777
4 3346 3621 3199 4806
4 2939 3616 3485 4456
4 1687 3095 4352 5047
4 2948 3685 3377 4149
4 1070 4051 3200 4159
4 3508 3569 2985 3796
4 3093 3619 3532 4845
4 2910 3137 4020 4072
4 1724 1760 3637 4959
4 1144 1236 3395 4507
4 4018 4254 3496 4391
4 3121 3781 3288 4201
4 2809 3753 3400 4465
4 3308 2919 3407 3942
4 3570 4421 3120 4767
4 4492 4637 2868 4721
4 3877 4136 3219 4530
4 831 3414 1021 4187
4 3448 2938 4071 4354
4 4030 4092 3226 4467
4 3066 3536 4319 4387
4 2906 3159 3878 4471
4 2825 3961 3262 4408
4 2813 3644 3138 4357
4 3459 3272 4617 4987
4 2920 3579 3402 4802
4 3034 4269 3105 4764
4 3069 3703 3351 4818
4 3541 3899 3274 4415
4 3793 3973 3445 4923
4 2920 3303 3277 3908
4 3337 3701 623 4202
4 2839 3130 4281 4744
4 743 3164 3844 3943
4 2887 3683 4100 4742
4 3112 3917 3535 4317
4 3867 4243 3285 4542
4 1253 3586 4372 4963
4 3070 3499 3424 4288
4 1324 3820 1436 3872
4 3326 4579 3397 4598
4 2883 3280 3361 3717
4 2924 3675 3346 4277
4 2833 3531 3136 3924
4 2969 3905 3163 4366
4 2823 3845 3176 4710
4 3412 3721 2870 4409
4 2904 3677 3111 4567
4 2905 4057 3992 4164
4 3087 3911 3377 5033
4 2980 3125 3833 3888
4 1076 1079 1078 4522
4 3941 4450 3987 4475
4 1733 3197 1606 5045
4 711 855 1013 4639
4 2861 3531 3716 4732
4 3427 4068 3183 4728
4 1707 3854 3458 4781
4 3018 3407 3725 4150
4 2905 3652 3462 4394
4 840 693 676 4709
4 2965 3569 3508 3796
4 3045 3780 3706 4121
4 3411 4318 3819 4759
4 2652 3219 2680 3993
4 2893 4129 4086 5002
4 2853 4243 3867 4542
4 3194 3975 2656 4419
4 1625 3673 3336 4274
4 3513 3746 2963 4241
4 4220 4701 3359 4704
4 2646 3735 2714 4803
4 2935 4194 3211 4213
4 2902 3582 3425 4712
4 3169 2899 3780 4892
4 2677 3492 3421 5011
4 3388 3449 2898 4393
4 3271 4162 3462 4537
4 2659 3569 3181 4075
4 930 845 3184 4554
4 2951 3448 4910 4925
4 2627 3600 3241 4238
4 2937 3432 3309 4983
4 3821 4190 3625 4569
4 778 3598 774 4442
4 1505 3416 1025 4644
4 3317 3487 2949 4473
4 3270 4222 3487 4591
4 2987 3203 3971 4487
4 4266 4380 4296 4732
4 3121 3781 3559 3950
4 3149 2890 3843 4824
4 3174 2929 3712 4043
4 2725 2557 3177 4797
4 2844 3781 3511 4576
4 2946 3552 3322 3766
4 2888 3405 3420 3839
4 1205 3599 1172 4143
4 2882 3298 3343 4413
4 2896 3887 3167 4900
4 3336 2895 3672 4001
4 2723 3622 3360 4313
4 2861 3699 3531 3871
4 3201 3965 3255 4996
4 3278 3938 3225 4892
4 2785 3292 415 3956
4 3548 4423 3998 4742
4 3929 4172 2849 4881
4 960 3295 219 4615
4 2940 3470 3256 4831
4 2816 3972 3211 4485
4 2758 2732 3393 4660
4 3258 3741 2899 5042
4 1441 1416 3426 3519
4 1572 4358 1574 4893
4 2884 3378 3647 4811
4 3746 4241 3513 5035
4 3621 3883 2736 4964
4 2875 3337 3701 4310
4 3309 3746 1531 4792
4 3310 2933 3716 4260
4 3299 3703 2829 4466
4 2911 3420 3405 4353
4 2895 3147 3489 4197
4 3583 4363 2897 4368
4 2899 3169 3780 4531
4 1316 3259 1317 4016
4 2925 3776 4232 4852
4 2624 3476 2735 3883
4 3063 3881 3430 4452
4 3408 3887 3532 4956
4 2741 3761 3181 4175
4 2809 3462 4162 4537
4 2829 4007 3897 4107
4 1386 4389 1184 4955
4 3106 2826 4089 4132
4 3487 3587 3317 3944
4 3370 4429 3104 4524
4 3019 4035 3184 4107
4 3123 4642 3558 4731
4 2836 3523 4257 4713
4 2884 3103 3886 4388
4 2893 4086 3385 4640
4 2817 3280 3615 4130
4 3097 4266 3531 4732
4 3172 3934 3499 4280
4 3534 2981 3845 4273
4 3001 4032 3961 4444
4 1066 3890 3450 4689
4 649 646 3440 4160
4 1718 1619 1725 3759
4 3029 4441 3873 4930
4 3290 4241 3822 4798
4 4065 4333 1116 4655
4 3665 4729 3254 4731
4 1684 3504 1685 3814
4 3057 3548 3998 4922
4 2859 4485 4213 4824
4 2562 2719 2771 4123
4 2819 3470 3343 4611
4 3310 3527 2933 3954
4 1327 1146 3723 4161
4 1201 4022 3545 4141
4 3252 3399 3014 4393
4 3822 4241 2963 4798
4 2816 3202 3972 4485
4 2834 4092 4139 4377
4 2918 3595 3560 4451
4 3307 4540 4182 4878
4 178 3278 179 3936
4 3260 3601 2926 4254
4 2669 4238 3812 4527
4 3460 3003 4495 4637
4 1737 4582 3173 5017
4 2900 3591 3146 4988
4 2861 3760 3699 4865
4 3361 4104 3486 4671
4 3279 1369 3721 4522
4 3275 3056 3992 5003
4 3246 2867 4126 4877
4 220 1054 221 3232
4 3263 3861 3633 4235
4 3375 3689 2876 4305
4 3499 3934 3172 4182
4 3275 3583 3056 5003
4 756 3286 752 3727
4 3518 3917 3150 5006
4 3207 3578 4416 4526
4 956 1003 3692 4437
4 2923 3445 3578 3708
4 2881 4000 3359 4855
4 3106 3826 3402 4167
4 3015 3899 3541 4444
4 1575 3776 1669 4565
4 3863 4312 3378 4388
4 3708 3902 3445 4526
4 3780 4121 4009 4723
4 3432 3876 3309 4977
4 3436 3977 3733 4561
4 2911 3374 3239 4921
4 1413 1443 1048 3188
4 3262 3961 3501 4408
4 1406 1478 3251 3962
4 3425 3582 3291 4712
4 2849 3558 3139 4881
4 2871 3272 3454 3562
4 1152 4117 1151 4143
4 1211 4050 3157 4088
4 3156 3625 4190 4569
4 960 3295 218 4497
4 3521 3533 3121 4719
4 2677 3421 3492 4070
4 2803 3964 4175 4822
4 3395 1144 4507 4898
4 3588 3651 2971 4301
4 4145 4284 3420 4328
4 3003 3144 3729 5013
4 2924 3346 4003 4277
4 3794 4139 3508 4377
4 3246 4126 3460 4877
4 2910 3680 3137 4072
4 2882 3335 3730 4990
4 3601 1592 4156 4261
4 2809 4247 3159 4729
4 3324 3932 2859 4491
4 2936 3217 3778 4226
4 1231 1091 1089 4492
4 1213 1211 1212 4050
4 3353 4831 3943 4849
4 2587 3206 3563 4641
4 3243 3420 4284 4328
4 3061 4000 4124 4855
4 3289 3868 3085 4085
4 1066 1065 3450 3890
4 2831 4308 3339 4774
4 2859 4213 3149 4824
4 889 3638 3727 3943
4 2599 3944 2605 4446
4 1029 3955 3715 4499
4 2887 3632 3314 4100
4 3238 4125 3095 4652
4 2951 3373 3242 3951
4 3184 3611 3532 3897
4 1342 3808 3428 4181
4 2946 3766 3322 3819
4 3286 3256 3727 4153
4 1045 1295 3689 4300
4 3424 3499 3070 3934
4 3095 4517 3438 4568
4 942 3220 3970 4711
4 2605 3944 3614 4446
4 3661 4324 3033 4338
4 3192 4359 3366 4468
4 3382 4643 3512 4851
4 1242 3739 3213 4499
4 844 3095 4125 4652
4 3042 4019 3418 4255
4 1051 4440 3682 4560
4 2947 3382 4357 4851
4 3559 3781 2916 4033
4 3798 3978 3146 4082
4 1431 1052 3491 3936
4 2882 3343 3298 4600
4 3256 3727 3943 4849
4 2994 3664 4556 4848
4 1287 3344 1419 3772
4 3369 3571 3305 4758
4 3151 4032 3262 4438
4 3578 3708 3445 4526
4 3179 3590 4561 4697
4 4252 4473 3317 4654
4 3089 4119 3704 4601
4 3064 3261 3664 4369
4 3003 3729 3537 4637
4 931 3638 889 3943
4 2937 3590 3432 4983
4 3058 4318 3712 4795
4 3272 3454 2909 4395
4 3308 2919 3942 4090
4 3156 3570 3463 4206
4 2866 3749 3425 4484
4 3213 3464 2867 4407
4 3116 2912 3783 3850
4 2964 3369 3305 4323
4 3079 3804 3663 3965
4 3315 4276 3558 4326
4 3082 4811 3483 4884
4 2834 3226 3434 4844
4 904 4606 905 4676
4 3938 4892 3278 4984
4 3293 4389 3503 4998
4 2866 3488 4077 4244
4 2861 3871 3531 4782
4 3870 4178 3115 4949
4 3244 1172 4009 4723
4 3169 3418 3706 4311
4 3566 3903 2982 4142
4 1778 4441 3828 4930
4 696 4412 3686 4521
4 3007 4165 4304 4585
4 750 751 3256 4053
4 3182 3729 1330 4492
4 3151 3756 3328 4725
4 2923 3344 3578 3793
4 3134 3847 3433 4470
4 3257 4057 3069 4818
4 3306 3785 3239 4338
4 829 3828 4174 4498
4 2912 3850 3116 4223
4 2812 3738 3441 3765
4 1242 1227 1347 3213
4 2815 3263 3655 4993
4 3182 4137 3427 4350
4 1131 3415 1157 4385
4 2879 3463 3156 4941
4 2834 4039 3537 4495
4 3494 3503 3185 4722
4 2895 3489 3147 3672
4 1154 1353 3693 5013
4 2701 2592 3270 3944
4 2837 3156 4190 4569
4 1733 4347 3197 5045
4 1298 3426 1296 3689
4 1327 3320 3962 4161
4 697 4412 696 4521
4 2915 3252 3509 4879
4 2861 3531 4732 4782
4 2958 3974 3154 4200
4 3166 4333 4065 4655
4 2854 3666 3807 4549
4 3209 3535 2948 4083
4 1173 1425 3836 4045
4 2897 4275 3365 4814
4 2926 3602 3601 4156
4 1760 946 1504 3637
4 2935 3354 3592 4194
4 2863 3983 3093 4845
4 827 832 3366 3697
4 1490 1767 179 3278
4 1678 1565 4338 4937
4 2817 4623 3201 4980
4 733 3719 3797 4683
4 2926 3898 3602 4119
4 1148 1150 3165 4460
4 2872 3431 3174 3764
4 1560 3602 4156 4261
4 2714 2631 2632 3623
4 3035 3634 3386 4550
4 3123 2890 4231 4642
4 3199 2909 4395 4411
4 3065 3229 3526 4098
4 717 708 718 4480
4 1158 3137 4072 4084
4 2852 3741 3230 4359
4 2882 3730 3335 4289
4 3038 3330 4767 4865
4 3524 3888 1517 4791
4 2912 3116 3783 4223
4 3426 3755 3221 4292
4 3310 3954 2933 4150
4 4192 4508 3124 4590
4 3170 3841 1113 5062
4 3046 3653 4295 4363
4 3201 3255 4026 4996
4 3396 4227 3220 4726
4 3106 3705 3000 3826
4 3482 3987 3029 4441
4 3584 4265 2839 4926
4 1254 3109 4128 4217
4 1113 1289 3618 4620
4 647 3957 3143 4496
4 3325 4121 3706 4790
4 3399 4700 4183 4879
4 2940 3591 3164 4603
4 1132 1305 1159 4424
4 4182 4805 3172 4878
4 3189 4087 3893 4666
4 3026 3787 3331 4643
4 1396 3503 3494 4722
4 2947 4357 3224 4851
4 2900 3146 3591 4831
4 3392 3108 3929 4411
4 2879 3463 3570 4206
4 649 3957 646 4160
4 2904 3677 3654 4628
4 1304 1165 1161 3680
4 3480 3855 1722 4631
4 1610 3673 3260 4593
4 2837 3150 3677 4381
4 3251 2876 3426 4305
4 3170 3841 3457 4207
4 2901 4540 4182 4805
4 3271 4537 3462 4762
4 3392 3929 3600 4411
4 2823 3588 3265 3878
4 2811 3285 3934 4746
4 3535 4317 3917 4502
4 2932 3506 4113 4914
4 2934 3249 3649 5031
4 2906 3526 3435 4770
4 2884 3301 3886 5059
4 3895 3905 3163 4712
4 3102 4289 3730 4696
4 2877 3443 3301 4345
4 2884 3671 3301 5059
4 3076 4059 3698 4276
4 2876 3689 3189 4666
4 2842 3819 3141 4596
4 3020 4321 3989 4587
4 1558 4103 3661 4907
4 3160 4349 3646 4630
4 2915 4700 3399 4879
4 939 4764 4106 4989
4 2969 3594 3493 4366
4 2670 2713 2640 3241
4 3514 2991 4149 4872
4 760 3163 909 4936
4 3680 4108 3375 4669
4 1443 3681 3188 4396
4 2816 3202 4485 4769
4 2865 3852 3348 4579
4 2970 3160 4953 4991
4 3991 4354 3448 4925
4 3438 4517 4145 4982
4 420 419 2770 3955
4 2902 3582 3153 4534
4 1193 1199 1200 3249
4 2899 4858 3258 5042
4 2652 2729 2680 3219
4 3139 3487 3027 3910
4 2809 3254 3462 3665
4 3112 3917 3472 4138
4 3673 3873 3029 4441
4 1788 3188 4058 4663
4 2846 3158 4020 4810
4 3153 2819 4597 4611
4 3220 3642 781 4457
4 817 4021 3692 4437
4 3243 3382 3512 4851
4 3355 4111 3330 4767
4 1307 1112 3446 3890
4 1397 3410 1401 4397
4 1127 3341 1137 3723
4 2845 3968 4251 4517
4 2911 3785 3374 4921
4 1597 3825 3342 4067
4 2886 3610 4467 4960
4 1200 3249 1201 4141
4 3544 3566 2982 4142
4 3783 4223 3116 4583
4 2902 3286 3642 4106
4 3177 3692 3030 4163
4 1127 3510 1371 4091
4 179 1016 1490 3278
4 3821 3984 3062 4569
4 2875 3701 3417 4310
4 3645 4701 4220 4704
4 3171 2868 3668 4721
4 3176 3807 3666 4549
4 1350 1368 3412 3721
4 3523 3553 3018 4452
4 3932 4491 601 4657
4 3372 4171 3663 4996
4 1714 3627 3323 4344
4 2873 3615 3280 3804
4 2911 3239 3785 4921
4 2912 3965 3201 4623
4 1190 3268 1141 4181
4 2926 3601 3260 4156
4 2916 3121 3549 4201
4 2816 3676 3527 4321
4 2883 3280 3717 4482
4 3494 3185 3640 4722
4 1757 1428 1508 3936
4 2931 3497 3205 4626
4 3315 4172 2849 4760
4 680 609 3784 4332
4 2887 3548 3409 4861
4 3128 3794 3508 4377
4 3785 4338 3306 4937
4 2848 4294 3248 4899
4 944 155 990 4386
4 3582 3634 3106 4132
4 4088 4678 3446 4828
4 2833 3136 3531 4880
4 3056 3275 3992 4164
4 2845 3138 3996 4251
4 2776 3629 412 3643
4 2681 3283 2796 3993
4 1605 1642 1734 3554
4 2935 3117 3592 5057
4 2868 3668 3233 4193
4 3188 3004 4396 4734
4 2964 3561 3155 4765
4 2844 3915 3288 4576
4 3296 4486 4355 4885
4 3150 3654 3518 5006
4 3159 2906 3878 4326
4 2812 3308 3738 3942
4 2701 3270 3771 3944
4 2671 2682 2672 3515
4 1493 3491 1663 3994
4 3520 4083 3207 4127
4 2898 3248 3399 4135
4 3618 4094 3170 4620
4 1419 3772 3344 3820
4 3754 3862 2882 4101
4 3724 3868 3085 4704
4 1063 4420 1061 4577
4 2956 3731 3363 5063
4 1269 1399 3618 4856
4 2822 3129 3696 3981
4 945 3332 944 4386
4 2845 3224 3996 4284
4 3193 4017 3734 4525
4 2873 3280 3615 3965
4 459 460 144 3283
4 2989 4108 3680 4551
4 2957 3185 3763 4186
4 2937 3378 3313 3647
4 1042 3999 170 4214
4 1572 3757 3319 4103
4 2886 3434 3441 4902
4 3800 4277 3031 4882
4 2843 3706 3780 4121
4 3346 3800 3376 4448
4 3026 4225 3787 4643
4 3273 3756 2974 4659
4 3346 4277 3800 4448
4 3867 4542 3108 5005
4 2686 2783 2763 4216
4 1669 3776 3679 4565
4 3140 4210 3937 4891
4 2713 2627 2640 3241
4 3076 4276 3698 4760
4 2982 3165 3544 4142
4 3014 3399 3252 4504
4 3342 3825 1597 4716
4 2994 3307 3664 4847
4 3193 3734 4195 4525
4 2878 4402 3347 4479
4 3307 3172 4182 4847
4 1553 1557 1554 3661
4 2898 3449 3388 3618
4 844 3095 4352 4904
4 851 213 852 4060
4 3086 4149 3514 4750
4 3423 3699 3136 4880
4 2570 3621 2737 4964
4 3177 3631 2780 4437
4 3502 4430 3148 4847
4 3321 2918 3747 4518
4 960 3295 3862 4906
4 3092 3744 3739 4407
4 3358 2862 3803 4222
4 3177 4093 3235 4797
4 1147 3510 1127 4161
4 3214 3335 3705 3835
4 1698 1558 1557 3661
4 3299 4363 3606 4800
4 2758 3393 3777 4660
4 1788 3188 1676 4058
4 2595 3317 2597 4054
4 3537 3729 3144 4903
4 2942 3472 3917 4138
4 3047 3956 3794 4622
4 3003 3460 4495 4877
4 3305 3851 2881 4124
4 2990 3768 3219 4136
4 1323 3193 1464 4084
4 700 4187 3414 4514
4 2913 3121 3533 3915
4 2642 2656 3639 3975
4 1389 3510 3363 4091
4 2685 3221 2556 3755
4 1358 1338 1240 4595
4 2887 3548 3998 4742
4 3886 4255 3103 4262
4 3447 4590 3379 4999
4 2994 3499 3148 4847
4 3069 4057 3703 4818
4 3105 4269 3792 4764
4 3663 3804 2873 3965
4 3036 4749 3622 4961
4 3157 3578 3446 4282
4 580 3799 3332 4740
4 2946 3227 3552 3766
4 3140 3937 3535 4317
4 2595 2711 2594 3587
4 930 3957 651 4554
4 844 4125 3095 4904
4 3199 3454 3621 4395
4 2583 3805 3581 4839
4 3359 3724 3085 4704
4 2775 4622 3956 5024
4 3136 2814 4421 5058
4 2853 4542 3867 5005
4 2920 3402 3613 4167
4 2713 2627 3241 4238
4 3625 3984 3821 4569
4 3334 4273 3807 4932
4 3442 3888 3524 4791
4 3587 3944 3270 4109
4 676 3242 670 4709
4 3075 3300 4487 4701
4 3080 4406 3816 4533
4 1032 1317 1316 3259
4 3032 4493 4095 4570
4 3571 4608 3305 4758
4 3370 3628 4429 4524
4 3970 4227 3556 4711
4 1685 1684 1790 3504
4 1329 1332 3362 4398
4 2629 3476 4290 4660
4 3571 4487 3300 4701
4 3675 3983 3318 4544
4 3029 3147 3987 4187
4 3035 3684 3763 4575
4 2974 4415 3273 4659
4 2896 3525 4165 4840
4 1651 4312 1538 4667
4 2860 3979 3822 4605
4 1465 3734 1323 4084
4 1253 4128 3586 4963
4 3097 4380 4266 4732
4 2914 3724 3790 4774
4 2862 4222 3349 4286
4 1292 1451 3669 4300
4 2844 3288 3781 4576
4 3185 4186 3596 4722
4 3108 3710 3008 5005
4 3707 3800 3031 4882
4 1240 1333 3205 4155
4 3221 2986 3901 4300
4 2987 3516 3203 4487
4 3465 3779 3237 4586
4 3474 3851 2881 4896
4 2979 3816 4406 4533
4 3295 3556 4227 4711
4 2861 3699 3871 4571
4 2671 3515 2672 4297
4 3417 4202 3337 4874
4 235 413 414 3956
4 3108 3929 3710 4881
4 4185 4645 4131 5054
4 3197 4250 3937 4873
4 3834 4013 1054 4615
4 2819 3153 3978 4611
4 3336 3673 1625 3873
4 1226 3475 1346 4516
4 2729 3219 2652 4044
4 2900 3504 3814 4600
4 3356 4335 4090 4997
4 2675 3235 2637 4283
4 3467 3762 3472 4670
4 1124 1137 1127 3341
4 2919 3699 3423 4880
4 2941 3430 4204 4452
4 3201 4026 3255 4215
4 3460 4126 2867 4877
4 1190 1366 1344 4841
4 2674 2637 2675 3235
4 2898 3170 3618 4094
4 748 3943 3727 4849
4 2684 3755 2765 3818
4 4253 3234 4312 4971
4 3371 2888 4328 5009
4 1213 1212 3820 4050
4 3067 4401 4202 4874
4 2841 4334 4255 4934
4 3472 3762 3112 4138
4 2863 3675 3263 4544
4 3148 3499 2891 4847
4 3203 3516 2987 4916
4 3085 3289 4085 4862
4 3245 3317 4654 4749
4 2827 3445 3793 3973
4 3307 4342 3172 4847
4 3153 3788 3429 3906
4 3292 3956 3794 4986
4 4784 4834 3132 4935
4 2928 4123 3384 4905
4 659 845 653 5008
4 3513 4545 1571 4893
4 2904 3282 3428 4315
4 2905 3665 3351 4818
4 3216 3669 3581 4658
4 3234 3397 3044 4253
4 2927 3183 3566 4008
4 3654 4628 3518 4686
4 3553 3625 4552 4825
4 3477 3754 2882 4413
4 2891 3274 3853 4280
4 3427 4595 4137 4903
4 1320 3101 4072 4432
4 3075 3300 3827 4487
4 3164 4125 743 4772
4 2982 3566 3183 3903
4 2860 4605 3822 4835
4 3469 4465 3257 4647
4 3044 3326 4361 4579
4 3330 3355 4767 4865
4 3259 3386 2957 4069
4 2877 3301 3443 4673
4 3132 3030 3958 4834
4 3572 4015 3452 4246
4 3491 3045 4009 5023
4 3196 3694 2920 4259
4 748 889 3727 3943
4 1625 1610 3673 4274
4 3211 3893 3403 4373
4 3021 3892 3242 4910
4 3597 4256 3052 4313
4 2996 3296 4120 4472
4 2889 4131 4185 4645
4 2753 3270 2700 4010
4 2870 3279 3412 4028
4 3001 3685 3247 3782
4 2943 4317 3937 4891
4 3031 3346 3376 3861
4 2800 2576 3777 3953
4 3446 4678 3576 4828
4 2842 3914 3819 4596
4 3011 3604 3517 3783
4 2872 3174 3431 4585
4 3560 4336 4590 4973
4 904 3376 4606 4676
4 3095 4125 3238 4568
4 3741 3879 3364 4414
4 2879 3120 3570 4207
4 3197 3825 2943 3937
4 3278 3697 3113 4984
4 3227 2888 3766 4328
4 3027 3587 3478 3910
4 3522 4715 3877 4751
4 1572 3319 1570 4103
4 1010 4055 3533 4404
4 3070 3651 3934 4461
4 465 150 3297 4081
4 2975 4093 3421 4308
4 1342 3428 1366 4181
4 3600 3768 2924 4003
4 2905 3351 3992 4818
4 3163 760 3866 4541
4 1152 3244 1171 4117
4 3487 3587 3027 3910
4 4590 4973 3379 4999
4 1329 3362 3729 4398
4 4090 4335 3074 4997
4 2870 3329 3520 3813
4 2935 3997 3206 4641
4 2958 3530 3231 3912
4 3198 2904 3668 3948
4 3180 3880 3743 4962
4 3496 4018 3048 4254
4 2871 3621 3454 4395
4 3329 3520 3140 4129
4 2931 3465 3497 4626
4 3292 4329 3475 4516
4 955 3691 4360 4362
4 3100 3546 4600 4870
4 2851 3217 3778 4472
4 2988 3854 4635 4809
4 1033 1417 3519 4221
4 3010 4206 3626 4464
4 1008 3875 3162 4055
4 4135 4306 3545 4662
4 2912 3517 3604 3783
4 3769 3867 3108 5005
4 3163 3905 3895 4366
4 2883 3185 3503 4104
4 2955 3587 3478 3812
4 3149 3581 4213 4658
4 1160 1158 1159 4072
4 2940 3591 4603 4752
4 3301 3940 2937 4388
4 3280 3804 3615 4443
4 823 3697 599 4664
4 3502 4196 3573 4415
4 3298 2954 3368 4166
4 3075 4487 3516 4701
4 2905 3161 3683 4423
4 3104 3501 3262 3961
4 3176 4380 3367 4710
4 611 4427 3784 4764
4 3313 3378 2937 4667
4 235 413 3956 5024
4 1262 3195 1449 4356
4 3653 3887 3019 4840
4 2898 4094 3618 4620
4 3220 3970 4227 4550
4 2824 3590 3733 4040
4 1010 4354 4055 4910
4 2904 3428 3282 4567
4 1065 1066 3450 4689
4 3344 2892 3450 3890
4 3298 4103 1690 4907
4 3009 4025 3756 4148
4 1642 4361 3848 4971
4 2917 3572 3355 4581
4 3522 3877 3698 4751
4 3830 4038 2975 4812
4 2877 3753 3311 4580
4 2770 3955 2771 4123
4 3108 3008 3769 5005
4 2824 3733 3190 4040
4 2700 4010 3270 4912
4 1569 1619 1718 3204
4 1235 3596 4186 4722
4 3349 4222 3270 4286
4 783 4187 4514 4786
4 3013 3826 4167 4813
4 3095 844 4352 4652
4 752 756 757 3286
4 2889 4185 4131 5054
4 3641 3735 3115 4178
4 2877 3257 3400 3753
4 2919 3356 3352 3636
4 2869 4672 3214 4954
4 2944 3397 3234 4983
4 1610 3260 3673 4274
4 2976 3388 3244 4143
4 615 3304 3931 4896
4 3545 4306 4135 4504
4 3360 4256 3714 4313
4 1073 3566 4008 4051
4 1717 3225 1654 3938
4 3347 3022 3969 4038
4 2940 3164 3591 3943
4 3195 3964 1264 4685
4 2876 3251 3430 3881
4 2880 3970 3259 4550
4 2813 3243 3644 4357
4 3315 2849 4172 4881
4 2814 3136 4421 4581
4 4145 4328 3420 5009
4 3833 3888 3125 4146
4 3257 3069 4057 4743
4 2838 3153 3788 4169
4 3769 3867 3289 5021
4 3099 3291 3425 4540
4 3162 3875 3002 5020
4 3367 4380 3005 4710
4 2853 3867 3769 5005
4 2570 2737 2790 4964
4 3140 4086 4129 5002
4 3933 4173 3592 4453
4 2970 4311 3160 4991
4 2758 2740 2733 3777
4 1396 1218 1388 3494
4 3127 3572 3452 4581
4 3113 3697 3278 4271
4 2912 3783 3328 4725
4 2895 3632 3314 4197
4 3452 2983 3529 3849
4 3904 4383 3819 4596
4 2957 3596 3185 4186
4 3384 4221 3818 4859
4 2935 3925 3117 5057
4 2921 3744 3625 4919
4 2680 3219 2729 4277
4 2946 3819 3322 3966
4 2580 2567 2579 4348
4 2849 3139 3910 4881
4 945 580 944 3332
4 1057 1058 1059 3722
4 1664 4211 3994 4965
4 3250 4380 2903 4710
4 3442 3988 3751 4185
4 2848 3248 3626 4662
4 2888 3420 3243 4328
4 2824 4040 3190 4798
4 2820 3917 3518 5006
4 1235 3185 1400 4722
4 2595 2598 2711 4054
4 3749 4455 3075 4701
4 3467 2980 3762 4670
4 2805 3869 2573 4405
4 3131 2932 3926 4897
4 2893 3444 3342 5052
4 3380 3716 3178 4739
4 3178 3534 2933 4519
4 2828 3787 3331 4205
4 3232 1054 4013 4615
4 2990 4621 3345 5026
4 2985 3222 3695 4030
4 3875 4390 3002 5020
4 3006 4275 3496 4391
4 2892 3450 4456 4745
4 3706 4311 3688 4790
4 3181 4226 2985 5029
4 3181 3569 2659 4822
4 3676 4321 3020 4587
4 2908 4258 3575 4699
4 2874 3380 3919 4739
4 756 757 3286 4989
4 707 738 4134 4785
4 3143 3957 647 4035
4 4319 4387 3536 4913
4 1243 4002 3246 4675
4 2798 2556 3221 4433
4 3252 2915 3509 3612
4 871 4198 886 4695
4 2926 3601 3602 4261
4 1667 1722 1721 3601
4 3190 4040 3733 4561
4 3443 3572 2917 4015
4 2939 3657 3455 3837
4 3138 3379 4357 4952
4 3326 4023 3234 4268
4 3191 3646 2843 4991
4 2557 3177 2801 4437
4 2903 3845 3250 4710
4 3575 3678 3017 4480
4 3625 3156 3984 4569
4 2823 3265 3588 3651
4 1346 3475 4329 4516
4 2906 3526 3285 4230
4 632 3593 631 3966
4 2864 5020 3530 5040
4 2990 3773 3768 4136
4 671 3227 662 4202
4 3203 2987 4310 4916
4 2820 4315 3329 4995
4 3263 2871 3861 4235
4 2670 3241 2640 4330
4 2911 3952 3447 4270
4 2958 3530 3281 3989
4 1714 3627 1739 3872
4 1772 1776 1689 4477
4 2881 4124 4000 4855
4 2994 3148 3499 4047
4 3775 4459 3061 4578
4 2929 3266 4165 4777
4 3223 3009 3756 4659
4 1619 3204 1569 4545
4 3031 3376 3346 3800
4 3121 3950 3559 4627
4 1120 1119 4137 4350
4 2905 3152 4234 4423
4 1152 1172 3244 4143
4 3886 4255 3122 4934
4 2923 3126 3793 4923
4 2879 3507 3457 4941
4 2892 3578 3344 3793
4 3190 3733 4267 4629
4 901 3417 623 3701
4 886 4198 3266 4695
4 697 4412 3192 4514
4 179 599 1016 3278
4 3352 3636 3423 4880
4 3165 2912 3544 4004
4 3084 3505 3376 4606
4 2983 4138 3436 4400
4 402 222 13 3620
4 1242 3213 1439 4499
4 874 3337 623 4202
4 2955 3587 3487 3910
4 3440 3608 2897 4496
4 4135 4504 4306 4662
4 3362 2868 4492 4637
4 830 1021 831 3414
4 973 3458 1752 3854
4 3221 3426 2876 3689
4 2850 3436 4316 4693
4 3661 3930 3033 4988
4 3386 3837 2939 4089
4 3145 3932 2859 4049
4 3392 4395 2909 4411
4 1332 4034 1091 4492
4 1294 3189 1468 4674
4 3474 3784 3107 4434
4 3769 3289 4399 5021
4 2841 3443 3179 4015
4 1066 4159 3890 4689
4 1752 3458 1707 3854
4 1337 3864 3410 4159
4 3115 4122 2632 4803
4 843 789 810 3862
4 2968 3427 4370 4728
4 2809 3462 3254 4162
4 3007 3633 3350 4165
4 2912 3201 4148 4623
4 772 3187 3719 4442
4 841 611 613 3474
4 3676 3954 3310 4150
4 2890 3997 3202 4824
4 2914 3868 3724 4817
4 1011 827 832 3366
4 1671 3278 1490 4271
4 2952 3501 3334 4335
4 2929 4043 3174 4585
4 1166 3375 1165 4436
4 2956 4424 3731 5063
4 2929 3350 3662 4911
4 3230 3741 3225 4984
4 1641 4312 4268 4971
4 671 662 893 4202
4 1376 3721 1194 3909
4 2991 3514 3294 4558
4 1737 1604 4582 5017
4 1059 3722 1188 4011
4 2994 3664 4077 4763
4 1605 1642 3554 3848
4 2906 4230 3285 4542
4 2874 3558 4642 4731
4 2599 2596 3944 4446
4 2973 3986 4042 4742
4 3216 4216 2859 4658
4 1190 1344 3806 4841
4 2863 3318 3675 3983
4 2820 3518 3654 5006
4 3022 3493 3594 4366
4 1357 4002 1243 4675
4 2814 4111 3355 4767
4 742 4134 3164 4772
4 3244 3388 2976 3742
4 3191 2843 3688 4991
4 3298 3368 2954 4103
4 3481 3607 3062 3984
4 1162 3680 3889 4072
4 3245 3413 4473 4961
4 3840 3023 3933 4931
4 2817 3296 4025 4120
4 3252 3900 1602 4780
4 3559 3781 3057 3950
4 1090 3171 4563 4733
4 3557 4582 3173 4640
4 2865 3762 3472 4138
4 3199 2924 3392 4887
4 1787 1693 1694 3232
4 3047 3693 3836 4039
4 2633 2634 2627 4003
4 2877 3469 3264 3528
4 2879 4207 3841 4351
4 4046 4695 3525 4807
4 744 743 745 4125
4 2877 3671 3301 5014
4 901 900 623 3417
4 2637 2622 3714 3960
4 2980 3888 3833 4146
4 2830 3842 3407 4150
4 1712 1783 1739 4170
4 3394 3668 2904 3948
4 3053 3573 3455 3837
4 3230 3946 1658 4168
4 806 963 4386 4765
4 2820 3282 3654 4315
4 4037 4472 3413 4948
4 1237 1189 1221 3449
4 919 4179 3496 4189
4 3439 3761 2936 3975
4 3810 4380 3380 4739
4 3120 4207 2879 4351
4 2811 3934 3285 4917
4 3161 4394 3696 4944
4 904 3802 3376 4676
4 1332 3362 4034 4492
4 2873 3615 3804 5016
4 3181 2659 4175 4822
4 3407 3842 3310 4150
4 3601 4156 3602 4261
4 2975 3168 3830 4812
4 3057 3152 3781 4033
4 2967 3962 3320 5022
4 3239 4338 3785 4921
4 3010 3985 4294 5031
4 1337 1115 3864 4159
4 2939 3657 3386 4069
4 2912 4223 3783 4725
4 3667 3836 3144 4139
4 3607 4876 3062 4941
4 3101 4020 3690 4776
4 2804 3621 3297 4448
4 3362 4002 1332 4034
4 3840 4931 3933 5043
4 3200 4051 1070 4828
4 3205 3497 2931 3709
4 1627 1625 3673 3873
4 2888 3420 4328 5009
4 1242 1385 3739 4499
4 2870 3520 3329 4409
4 751 749 750 3256
4 1468 3189 3889 4674
4 1737 3173 4067 5017
4 3359 3868 3724 4704
4 2957 3185 3745 3763
4 697 4514 3192 4521
4 2749 2745 2718 3794
4 3654 3813 3518 4502
4 831 3828 3414 4187
4 2952 3237 3779 4586
4 3286 4053 3256 4726
4 665 3369 3874 4323
4 3099 3425 4169 4540
4 1337 1401 3410 3864
4 2838 3749 3425 4169
4 2817 4130 3615 4980
4 3114 4294 3985 5031
4 1264 3964 3540 4727
4 2923 3708 3215 4852
4 3743 3880 3180 4751
4 2952 3779 3276 4586
4 2781 3707 3283 4882
4 2828 4205 3331 4795
4 2803 3964 2566 4175
4 1273 3758 1272 5000
4 2894 4729 3567 4731
4 1255 1453 3858 4396
4 2920 3660 3131 4325
4 2952 3801 3226 4024
4 3478 2955 3812 4680
4 3223 4375 3009 4659
4 1137 3723 3656 5036
4 3607 4618 4876 4941
4 1550 1678 1565 4338
4 2927 3200 3576 4051
4 1540 3378 4140 4509
4 3172 4182 3934 4746
4 3131 3860 2932 4897
4 3617 3853 3172 4878
4 3917 4317 3112 4612
4 3220 2961 4651 4726
4 2675 2674 3235 4093
4 2956 4207 3120 4819
4 1138 1419 1287 3344
4 3333 3886 3103 4262
4 2992 3730 4289 4696
4 1294 3648 1299 4214
4 3521 3549 673 4719
4 2880 3556 3259 3970
4 3358 4222 3487 4473
4 1151 4117 3388 4143
4 704 847 3726 4718
4 2952 3223 3767 3801
4 426 3669 249 3901
4 924 728 887 4807
4 2850 3535 3209 3937
4 3481 4675 3246 4843
4 615 3304 617 3931
4 3317 3944 2596 4446
4 1418 3269 3663 4955
4 2717 2564 2795 3794
4 1327 3962 1174 4161
4 2616 4075 3222 4488
4 1465 1031 3734 4432
4 3047 4039 3836 4139
4 3344 3772 1287 4420
4 1498 3458 581 4959
4 2893 3681 4129 4734
4 3125 3888 3348 4624
4 3286 3727 756 4989
4 2995 4065 3808 4315
4 931 889 894 3943
4 916 4384 618 4826
4 1508 1656 1757 3936
4 2657 3960 3132 4177
4 3284 2925 4873 4943
4 3139 3580 3027 3803
4 1041 3663 1418 4405
4 2889 3442 3416 3751
4 2967 3755 3426 4292
4 2747 2643 2661 3439
4 3212 2934 4625 5010
4 2822 3748 3129 3981
4 3085 3868 3289 4704
4 673 3549 3521 4480
4 2971 3934 3651 4461
4 3864 4159 1115 4689
4 1229 1154 1353 3693
4 3580 4231 2890 4642
4 2881 3749 4244 4688
4 2814 4111 3127 4581
4 1634 3442 3751 4543
4 3100 3862 3754 4101
4 2927 3702 3846 5018
4 3556 3295 4497 4711
4 1781 1631 3751 4543
4 3177 3958 2725 4797
4 597 3999 3324 4679
4 1642 3554 3848 4361
4 1424 3820 3323 3872
4 3178 3919 3380 4739
4 1691 1690 1689 3754
4 3220 3642 3286 4651
4 3066 3777 3538 4476
4 2812 3441 3738 4932
4 2935 3354 4194 4213
4 1273 1509 3758 3994
4 1652 3759 3876 4379
4 3206 4641 2588 4912
4 3129 3748 2938 3981
4 2585 3563 2586 3805
4 2883 4104 3361 4671
4 3232 3754 1694 4212
4 3538 3777 3393 4660
4 3152 3275 3992 5003
4 1713 1594 1712 4170
4 144 459 3283 3740
4 3660 4939 4096 4999
4 2930 3886 4255 4414
4 1195 1376 1194 3909
4 3082 4441 3987 4450
4 1527 3326 1528 4023
4 2923 3578 3157 3708
4 2910 4108 3680 4669
4 2985 3695 3222 4075
4 3348 3852 3554 4361
4 2823 3878 3265 4883
4 3751 3988 3173 4185
4 968 3332 3764 4768
4 3431 3764 3332 4768
4 3166 3721 3412 4409
4 2956 3120 3720 4819
4 2814 3570 4183 4767
4 3599 4195 3193 4385
4 2859 3843 3515 4049
4 1237 3980 3449 4494
4 1562 3267 1586 4245
4 3589 3748 3258 5042
4 3365 4275 3726 4814
4 2992 3857 3730 3973
4 3455 2939 3837 4089
4 2813 3595 3312 4336
4 3516 3832 3203 4487
4 2886 4178 3870 4949
4 801 3458 973 3854
4 2983 4400 3436 4598
4 2941 3510 3341 3838
4 1330 1120 1143 3729
4 660 4106 939 4764
4 3723 4382 3092 5022
4 671 4202 893 4401
4 1439 1410 4499 4516
4 3821 3062 4133 4569
4 3443 3179 4015 4673
4 3296 4130 2998 4885
4 2621 3714 4228 5011
4 2817 3615 3280 4623
4 1138 3344 1287 4420
4 2974 3262 3899 4659
4 3138 3420 3243 3644
4 2903 4380 3250 4739
4 1111 1125 3713 4014
4 2997 3576 3846 5018
4 2850 3977 3190 4078
4 2809 4242 4247 4729
4 1648 4268 1641 4312
4 3248 3570 4183 4619
4 3117 3954 3725 4519
4 1355 1332 4002 4034
4 3015 3564 3367 3995
4 3581 3669 2986 4658
4 1240 1220 1333 4155
4 3075 3832 3516 4487
4 3147 4514 4187 4786
4 3808 4065 2995 4181
4 900 3417 738 4202
4 3577 3823 175 4503
4 3599 4233 2976 4349
4 2956 4279 3884 4551
4 3263 3675 2863 3861
4 1533 3309 3863 3876
4 3974 4478 3652 4576
4 3336 4001 3048 4254
4 1504 946 590 3637
4 3746 3977 2944 4040
4 4633 4953 3160 4991
4 1415 3715 1432 3955
4 3095 3238 3461 4568
4 2872 3431 3562 4304
4 2982 3687 3497 3903
4 2585 3563 3805 4641
4 1120 4137 3182 4350
4 2775 3629 4622 5024
4 2823 4301 3588 4710
4 2904 3166 3948 4315
4 2597 2595 2596 3317
4 3345 2890 3563 4621
4 3449 4117 1153 5000
4 1631 1781 3751 4128
4 4096 4939 3290 4999
4 2932 3203 3787 4515
4 3045 3949 3706 4892
4 3173 3988 1737 4067
4 2817 4120 3502 4130
4 1206 1397 1401 4397
4 4268 4312 3234 4971
4 2861 3310 3716 4260
4 2930 3225 3700 4168
4 4134 4401 3067 4785
4 3080 3422 4114 4406
4 3136 3699 3423 4421
4 3571 3827 3300 4487
4 3038 4668 4279 5004
4 2969 3163 3866 4366
4 3427 4137 3182 4903
4 1176 3547 1192 4372
4 2967 3519 3426 3755
4 2917 3871 4571 4762
4 742 3844 3164 4134
4 3170 3841 4207 4351
4 3513 4893 4565 4943
4 2921 3607 3481 3984
4 3175 3872 1284 4842
4 3425 3105 4269 4534
4 671 3227 4202 4401
4 3220 4227 3970 4711
4 1034 3390 1763 4080
4 3650 4762 4571 5037
4 2902 4153 3286 4975
4 2873 3210 3615 5016
4 3014 3545 4135 4504
4 3615 4443 3804 5016
4 4389 4482 3494 4998
4 2944 3746 3490 3977
4 3289 3085 4704 4862
4 3046 3419 4046 4295
4 3050 4384 3844 4826
4 3256 4454 3470 4726
4 3393 3777 3538 4079
4 1710 4245 1709 4796
4 2945 3492 3859 4070
4 3126 2923 3772 4923
4 2916 3559 3184 3611
4 2912 3604 3517 3965
4 1342 1139 3808 4181
4 1210 1211 1209 4088
4 3310 3699 3038 3842
4 2852 3258 4359 4468
4 2800 2779 2576 3953
4 778 774 867 4442
4 3513 4565 3078 4943
4 606 3866 760 4541
4 3065 3526 3229 4113
4 2918 3747 3257 4057
4 2920 3303 3660 4325
4 2669 2712 3812 4238
4 3567 3665 2894 4665
4 3004 4050 3858 4396
4 3123 4231 3580 4642
4 2820 4317 3917 4612
4 3478 3587 3027 4417
4 2973 3879 3409 4042
4 1619 1725 3759 4614
4 2931 4595 3427 4903
4 2969 3866 3684 4060
4 3535 3937 3140 4210
4 3536 4291 4112 4661
4 1357 4002 4675 4843
4 2816 3954 3117 4307
4 1349 4372 3547 4864
4 2867 3246 3464 4877
4 938 699 839 3373
4 2903 3176 3845 4710
4 3082 3483 3260 4593
4 2840 3172 4249 4867
4 2946 3141 3966 4318
4 944 3332 3799 4386
4 2952 3276 3990 4586
4 1502 1773 1763 3390
4 3247 3001 3891 4634
4 3135 3248 4294 4899
4 606 3387 3866 4541
4 806 4386 4099 4765
4 3424 4120 2891 4915
4 1204 3212 1377 4836
4 3319 3204 4545 4835
4 2915 4019 4579 4700
4 2971 3651 3424 4301
4 2820 3654 3329 4315
4 3279 1077 4008 4678
4 3322 3819 3766 4383
4 1575 3284 3776 4565
4 852 214 3684 4060
4 2930 3364 3333 3886
4 2813 3382 3243 4357
4 1690 1692 1700 3757
4 3478 3812 2712 4238
4 3678 4367 3017 4837
4 1313 3607 1099 4675
4 670 3242 3950 4709
4 3672 4187 783 4786
4 2889 3268 3547 4131
4 1236 3659 3395 4507
4 3368 4103 3298 4907
4 3139 3580 2849 3910
4 2843 3509 3191 3688
4 2935 3206 3925 4641
4 853 3577 175 4639
4 2909 3272 4395 4399
4 672 4418 3489 4786
4 3261 4000 3359 4701
4 2926 3601 3898 4018
4 2700 3270 2592 4912
4 2962 3726 3496 4189
4 2952 3223 3801 5061
4 2929 3174 3712 4585
4 465 3297 150 4594
4 3529 3917 3112 4138
4 2989 3251 3375 3881
4 3414 4174 3828 4498
4 1788 3858 3188 4663
4 774 3187 772 4442
4 2827 3982 3793 4745
4 3273 4025 3756 4659
4 2824 3179 3469 4697
4 3287 4254 4018 4391
4 3275 3630 3583 4364
4 2912 3328 3604 4148
4 2891 4120 3502 4915
4 1113 1289 4620 5062
4 3157 3708 3578 4947
4 3006 3726 3440 4418
4 3068 4129 3681 4734
4 2573 3869 3372 4405
4 2857 3526 3208 4602
4 3667 4092 3796 4139
4 1262 1220 3540 4356
4 2885 4429 3628 4524
4 3285 3526 2922 3867
4 3333 3946 1555 4463
4 2882 3232 3477 4289
4 3251 1238 4161 4436
4 615 4427 3304 4896
4 1128 1116 4065 4333
4 3355 3572 2917 3650
4 2857 3208 3468 4063
4 3347 4402 4021 4479
4 1317 1421 1216 3543
4 3290 3822 2860 3979
4 3255 4215 4026 4996
4 2915 3852 3135 4700
4 3002 4087 3189 4214
4 2857 4098 3526 4602
4 3217 2936 3778 4980
4 2948 4083 3685 4149
4 3307 4182 3664 4847
4 1600 1701 1580 3215
4 4335 4969 4524 4997
4 3925 3972 3117 5066
4 2994 4077 4047 4763
4 2918 4431 3321 4743
4 3085 3790 3597 4085
4 2883 3361 3280 4671
4 3622 4654 3317 4749
4 2684 2765 2762 3818
4 1033 3519 1417 4859
4 3899 3918 3015 4549
4 3526 3867 3285 4230
4 3257 3069 4743 4985
4 3422 4012 3266 4295
4 2923 3126 3772 3793
4 3211 2986 4194 4666
4 2837 3677 3150 4783
4 2846 4279 3720 4447
4 3027 3389 4219 4489
4 1105 1398 3507 3841
4 2675 4093 3235 4283
4 2843 3191 3509 3742
4 146 570 145 3707
4 3229 4205 4536 4602
4 3027 3580 3139 3910
4 1206 1401 1207 3864
4 835 3999 597 4679
4 3192 3414 2852 4322
4 2949 3944 3270 4222
4 3326 4449 3071 4598
4 3153 4597 3396 4611
4 3235 3500 2975 4479
4 3631 4093 3177 4797
4 3100 4477 3862 4870
4 3326 2944 4023 4449
4 3454 3883 3621 4964
4 3626 4206 3539 4464
4 3446 3890 3344 4707
4 1257 3384 1049 4221
4 982 805 3480 3598
4 3181 4026 3439 4445
4 2874 3380 4739 4981
4 3030 3711 3132 4163
4 3012 3460 3362 4002
4 1718 1569 3204 4203
4 3322 3141 3819 4596
4 2946 3227 3766 4031
4 930 651 845 4554
4 2935 3925 3471 4641
4 2900 3238 3461 4147
4 3043 3789 3584 3904
4 3350 3662 4304 4585
4 2998 3615 3280 4130
4 3183 4068 1079 4522
4 2919 3423 3699 4820
4 1560 1719 3602 4261
4 1737 3988 1639 4067
4 2988 3267 3927 4327
4 2924 3768 3241 3773
4 3318 3522 2821 3619
4 3258 4042 3748 4468
4 1280 1278 3922 4013
4 1671 1744 1490 3278
4 1400 1039 1268 4060
4 922 923 3419 4229
4 3211 2935 3972 4373
4 3270 4109 2592 4912
4 3471 3925 3206 4641
4 178 179 1308 3936
4 3063 3954 3676 4150
4 1618 1602 3900 4780
4 2982 3183 3687 3903
4 3421 4093 3235 4308
4 2838 3153 4169 4534
4 3006 3287 4275 4391
4 3526 4098 2857 4320
4 3123 2821 3698 4299
4 3106 3402 4132 4167
4 2886 3441 3226 3610
4 2831 3500 4308 4774
4 3018 4713 3765 4919
4 3248 3570 2879 4351
4 3423 3636 3352 4901
4 2931 3497 3427 4595
4 3231 3530 2958 3974
4 583 1008 848 3875
4 3262 2974 3756 4659
4 3031 3800 3346 4277
4 2682 3515 2671 3809
4 579 4258 955 4360
4 2964 3300 3571 4557
4 3253 3584 2926 3898
4 3094 4309 3870 4653
4 3116 3410 4428 4714
4 3124 4939 3660 4999
4 2877 3469 3528 4673
4 687 861 3489 4001
4 2610 3119 4248 4488
4 2880 3705 3335 3835
4 992 3133 4081 4403
4 1281 1280 1278 4011
4 3301 2937 3528 4388
4 2908 3401 3219 3877
4 2838 3203 3516 3832
4 2863 3983 3675 4544
4 2961 3220 4227 4726
4 3578 4282 3207 4416
4 3408 3802 737 4676
4 233 3643 3629 5055
4 3638 3792 935 4989
4 3852 4700 4579 4787
4 2629 3476 2615 4290
4 1575 1577 1669 3776
4 3957 4033 2972 4554
4 3511 3152 3897 4033
4 2982 4076 4223 4725
4 3484 3839 3371 5060
4 2809 3753 4242 4818
4 1788 1748 1676 3188
4 2865 3326 4579 4950
4 3290 3694 3196 3822
4 3139 3803 3358 4176
4 2816 3117 3954 4373
4 2873 3269 3869 5016
4 3278 3113 3938 4984
4 2903 3534 3845 4273
4 3418 3706 3688 5049
4 4087 4485 3211 4658
4 2933 3534 3308 3738
4 1262 1220 1247 3540
4 3579 3798 3196 4082
4 3012 3362 3460 4193
4 3826 4073 3613 4813
4 779 3638 931 3943
4 3933 4931 3081 5043
4 1099 3607 3481 4675
4 2871 3454 3272 4395
4 215 214 1423 3763
4 3157 3344 3820 4707
4 3370 3628 2885 4429
4 3021 3991 3302 4055
4 1204 1377 3212 4625
4 704 3726 3496 4718
4 2827 3920 3730 3967
4 3078 4241 3746 5035
4 2921 3607 3341 3656
4 1590 3325 3612 4211
4 3129 2938 3748 4925
4 1250 1172 3599 4723
4 1112 1307 3446 4707
4 3039 4308 3339 4681
4 2766 3800 4277 4448
4 3607 3656 2921 4675
4 3004 4058 3188 4663
4 2850 4693 3197 4873
4 587 3631 814 4021
4 721 3603 3431 4940
4 2902 3396 3634 4550
4 1652 3876 1545 4379
4 3038 3570 3463 4421
4 2942 3917 3529 4138
4 1329 3729 3362 4492
4 1569 3204 4203 4545
4 3322 3766 3552 4383
4 3142 4524 4335 4969
4 2895 3632 4197 4391
4 3526 4098 3229 4602
4 3062 3568 3539 4793
4 4051 4159 1070 4714
4 2850 4078 3190 4629
4 2965 3796 3508 4139
4 2911 3130 3952 4889
4 3179 3528 3469 4673
4 3414 3192 4412 4514
4 2677 2707 3421 4070
4 1335 1079 1076 3903
4 3071 4316 3436 4693
4 3470 3978 3153 4611
4 2928 3624 3715 4866
4 3301 3671 2884 5014
4 1645 3490 1530 3746
4 620 935 3638 3792
4 2902 3291 3582 4712
4 2941 3341 3553 3838
4 1059 3722 4011 4696
4 3043 3904 3584 4744
4 2864 3875 3162 5020
4 1228 1225 3464 4398
4 3349 3771 3270 4222
4 1778 3828 1795 4930
4 3622 4523 3360 4749
4 1378 4143 1125 4385
4 3232 4013 3834 4615
4 2902 3396 3582 3634
4 3116 4428 4051 4714
4 2847 3657 3247 4064
4 1253 4372 4128 4963
4 3056 3299 4368 4374
4 3153 3788 3906 3978
4 3232 3477 2992 4691
4 3865 3985 3010 5031
4 2830 3407 3842 4895
4 215 575 214 3684
4 575 3684 215 4457
4 1311 1232 4088 4678
4 1105 3457 3507 4966
4 2838 3788 3429 4169
4 3400 3469 2877 4673
4 1591 1608 3260 4156
4 3441 3738 3094 4902
4 3080 3422 3350 4114
4 3086 4629 3565 5032
4 1251 1464 4195 4385
4 3554 3848 3612 4118
4 3079 3517 4371 4720
4 2859 3149 3843 4824
4 1560 1592 1719 4261
4 2913 3121 3915 4201
4 1159 1304 3680 3731
4 1710 1552 1709 4245
4 2843 4311 3688 4991
4 3106 4132 3826 4167
4 1572 1574 1573 4893
4 3035 3745 3634 5046
4 3599 4195 1250 4723
4 1342 1366 1139 4181
4 2836 3870 3933 4653
4 3539 3568 3212 4793
4 3208 3526 2906 4230
4 3793 3982 3126 4745
4 3210 2873 3439 5016
4 721 4043 3603 4940
4 1528 4023 3326 4268
4 923 922 3419 4753
4 3062 3984 3607 4941
4 3215 4232 3776 4852
4 3081 3592 3354 4292
4 2982 3687 3183 3786
4 3455 3837 3573 4089
4 3182 4637 4492 4721
4 923 3419 4229 4753
4 2900 3470 3343 4166
4 3280 3361 2998 4130
4 3102 3730 3982 4696
4 2740 2733 3777 4476
4 239 417 418 3406
4 1639 3988 3479 4067
4 2671 3809 3515 4297
4 2910 3137 3680 4551
4 779 3844 3638 3943
4 1141 1190 1176 3268
4 3012 3821 3481 4133
4 3036 3245 4749 4961
4 2907 3462 3271 4920
4 2700 2753 2592 3270
4 1635 3988 3888 4501
4 2819 3579 3196 4082
4 3227 4110 671 4559
4 2817 3756 3273 4025
4 1399 4836 3841 4856
4 3153 3788 2940 4153
4 3320 3723 3092 5022
4 2887 3409 3548 4742
4 1204 3212 4022 4625
4 3711 4784 3132 4935
4 3169 3589 3160 4630
4 667 3357 899 4160
4 1143 3729 1120 4137
4 3488 3500 3064 4369
4 1008 848 3875 4055
4 3532 3887 2863 4956
4 2621 4283 3714 5011
4 3371 3839 3484 5009
4 2873 3804 3280 3965
4 3025 3880 3567 3974
4 2869 3214 4239 4954
4 1528 4023 4268 4792
4 2881 3851 3474 4000
4 3688 4311 3418 4649
4 173 172 3302 4432
4 952 3327 1766 3855
4 1238 1239 4161 4436
4 3010 3985 3947 4294
4 852 213 214 4060
4 3230 3225 3938 4984
4 3309 4023 3746 4792
4 2840 3433 3617 4867
4 2923 3627 3323 3872
4 823 824 599 3697
4 3902 4232 2925 4250
4 2869 4672 3284 4943
4 1254 4217 1482 4507
4 3391 4290 2603 4829
4 3187 3719 3327 3927
4 2665 4006 3492 4419
4 418 240 3406 3955
4 2985 3508 3695 4539
4 3331 3787 3026 4205
4 3261 3359 4220 4701
4 1455 3901 3221 4433
4 1299 1468 1294 4214
4 992 4081 3133 4740
4 2860 3138 3798 4999
4 3898 4119 3253 4281
4 1077 3279 1382 4678
4 3157 2923 3708 3820
4 3445 3973 3118 4923
4 3064 4730 4047 4774
4 1075 1121 1122 3566
4 3427 3903 3183 4068
4 2837 3150 4381 4783
4 2932 3382 3860 4515
4 2664 4006 2665 4419
4 3223 3666 2996 4472
4 2816 3972 3202 4769
4 3205 4155 1333 4356
4 1724 1760 1504 3637
4 1561 1586 3267 4245
4 3184 2916 3611 3897
4 611 612 4427 4764
4 3357 3752 899 4160
4 3593 631 3966 5065
4 3232 2882 3754 3862
4 2905 4057 3311 4818
4 2842 3141 4012 4596
4 3267 2988 3927 4056
4 1029 1410 3955 4499
4 754 3658 735 4753
4 1781 3751 3416 4543
4 3010 3539 3626 4206
4 2845 3591 3461 4251
4 3193 4195 2999 4525
4 2939 3247 3657 5019
4 167 1017 4491 4738
4 243 1417 4221 4859
4 3376 4594 947 4761
4 2915 4579 4019 5012
4 465 151 150 4081
4 2949 3771 3349 4222
4 2969 3895 3905 4366
4 2881 3261 4000 4244
4 3136 3849 2833 3924
4 1169 1257 3320 3715
4 4000 4687 3359 4855
4 2940 3727 3256 4153
4 3073 4464 3248 4662
4 2828 3229 3827 4914
4 2973 4042 3409 4742
4 1586 3736 3267 4781
4 707 4134 4772 4785
4 3126 3973 3175 4011
4 3478 3587 2955 3910
4 3267 4056 3927 4327
4 3110 4360 3691 4362
4 1382 1077 1369 3279
4 3169 3780 3706 4892
4 848 3302 172 3875
4 3060 3682 3293 3717
4 2633 2627 3600 4003
4 1577 3776 1580 4232
4 3324 3002 3999 4214
4 2922 3526 3229 4602
4 869 3959 3593 4043
4 1333 1240 3205 4045
4 3706 3780 3045 4892
4 1639 3479 1735 4067
4 2556 2685 2690 3221
4 2967 3818 4566 4905
4 3276 2825 3687 3779
4 2881 3749 3261 4244
4 663 671 4110 4559
4 1608 3260 4156 4593
4 2964 4112 3300 4557
4 2898 3618 3170 4351
4 887 3266 886 4046
4 3278 3936 178 4664
4 2955 4151 3812 5005
4 2925 3776 3679 4232
4 3257 4057 3747 4743
4 2812 4335 3356 4756
4 3719 3927 3187 4535
4 3717 4681 3361 4735
4 2988 3839 3405 4365
4 999 814 587 3631
4 3578 3708 2832 4947
4 2854 3666 3334 3807
4 3235 4163 3500 4479
4 1464 4084 3193 4385
4 3260 3240 4741 4968
4 2838 3788 3153 4534
4 2928 3406 3955 4123
4 3361 4047 3493 4735
4 2599 2596 2605 3944
4 3476 3538 2735 3883
4 1709 3704 1620 4796
4 2930 3169 4414 5049
4 831 830 3414 3828
4 2637 2622 2620 3714
4 1707 3458 1743 4781
4 1162 1160 3680 4072
4 3781 3897 2916 4033
4 3152 3781 3511 4234
4 3034 3784 3474 4427
4 1324 1424 1436 3820
4 2918 4057 4431 4743
4 3212 4625 3568 5010
4 3345 3515 2953 4297
4 3240 4747 4254 4951
4 2605 2607 3614 3771
4 2587 3563 2585 4641
4 3129 3981 2938 3991
4 3808 4065 1116 4655
4 3285 4230 3867 4542
4 737 3802 3408 4868
4 2878 3500 3488 4369
4 3202 3843 2890 4824
4 3040 3271 3462 4762
4 4058 5017 3342 5052
4 1494 1765 1772 4477
4 677 3549 673 4480
4 3135 3947 3472 4294
4 3304 4384 2987 4916
4 2883 3640 4671 4720
4 2820 3917 4317 4502
4 3264 4154 2918 4580
4 3024 3868 3289 4085
4 2619 2632 3623 4122
4 3810 4380 3250 4710
4 2838 3425 3749 4269
4 982 3598 3480 4179
4 1739 3175 1783 4842
4 2872 3562 3332 4661
4 3134 3747 3257 4470
4 2989 3375 3251 4436
4 3439 3869 2873 4996
4 2898 3248 4135 4351
4 2838 3516 3749 3832
4 2906 3285 3526 4770
4 1519 1635 3888 4501
4 3455 3053 4196 4703
4 2869 4239 3214 4259
4 2917 3136 3924 4246
4 3842 4421 3463 4820
4 3231 4478 3974 4576
4 2848 3626 3248 4294
4 1290 168 169 3324
4 2944 3234 4023 4983
4 3657 3939 3091 4064
4 1790 1494 1772 3504
4 3798 3930 3196 4082
4 2908 4184 3318 4530
4 1272 3758 4494 5000
4 3077 3898 3601 4018
4 698 3366 1019 4412
4 1613 3252 1602 4780
4 1580 4232 3776 4690
4 1546 3704 3374 4263
4 1346 4329 3292 4516
4 3335 3835 3214 4990
4 3376 3800 3031 4616
4 3907 4015 2917 4246
4 3474 2881 4608 4896
4 2854 3262 3501 5061
4 3098 4024 3765 4756
4 3280 3804 3079 3965
4 2629 2735 2615 3476
4 3172 4805 3926 4878
4 2752 3473 2611 3771
4 3570 3463 4421 4820
4 1460 3426 1441 3962
4 2905 3311 4057 4164
4 3159 4326 3468 4471
4 3164 4692 4284 4982
4 938 699 3373 4514
4 2990 3241 3768 3773
4 3327 3719 3187 4442
4 3106 3582 3396 3634
4 2872 4319 3562 4661
4 3204 3759 1718 4203
4 1220 1247 3540 4155
4 3880 4299 3180 4751
4 1406 1244 1478 3962
4 3764 4291 2872 4661
4 3432 3528 2937 4192
4 3079 3604 3517 4720
4 616 3792 3304 4427
4 3384 2928 3715 3955
4 3077 3601 3480 4018
4 1451 1045 3901 4300
4 3353 3591 3164 3943
4 1478 1441 3426 3962
4 1229 3693 1353 3836
4 580 4403 3799 4740
4 3444 4716 3072 4891
4 3464 3739 2867 4407
4 3743 4367 3522 4751
4 3368 3661 3033 4988
4 3330 4111 3355 4953
4 1606 3197 1705 4890
4 2908 3219 3401 3993
4 3489 3672 2895 4001
4 2824 3590 3432 4410
4 2923 3215 3627 4852
4 2983 3452 3529 4138
4 3376 3031 3802 4616
4 3065 4098 3526 4320
4 3789 4293 3630 4368
4 3361 3502 3148 4130
4 3317 3587 2955 4054
4 3213 2928 3641 4863
4 987 775 771 3719
4 3133 3621 3297 4081
4 3676 3063 4150 4435
4 2885 3732 3352 4339
4 3271 4571 3871 4762
4 1781 3416 1505 4644
4 3859 4681 3717 4735
4 3345 2953 3843 4715
4 579 981 955 4258
4 3155 4291 3764 4661
4 2917 4246 3572 4581
4 3502 4120 3273 4915
4 3565 4873 2925 4943
4 658 673 3549 4719
4 2883 3361 4104 4735
4 3257 4743 3747 4985
4 2868 3460 3362 4193
4 2912 4148 3604 4623
4 3322 3141 4596 4838
4 1736 3442 1518 3988
4 1388 1396 3494 4722
4 3179 3443 3301 4673
4 2817 3502 3273 4196
4 3001 3961 3911 4444
4 2863 4184 3408 5025
4 3878 4326 2906 4881
4 3185 3596 2957 3640
4 3525 4695 728 4807
4 2979 4114 3422 4406
4 3114 4131 4645 5054
4 4030 4226 3222 5007
4 3103 4262 3498 4312
4 3593 3959 869 5065
4 1528 1529 4023 4792
4 2954 4413 4103 4954
4 3583 3992 3056 5003
4 3227 4202 3337 4559
4 3416 3751 1781 4128
4 2814 3136 4581 5058
4 3081 3933 3592 4453
4 3808 4065 3166 4315
4 2998 3296 4486 4980
4 1424 1436 3820 3872
4 1505 3416 1781 4128
4 2878 3692 3383 4402
4 2917 3136 3871 3924
4 3189 3648 2986 4300
4 3360 4105 3194 4228
4 2820 3654 3518 4502
4 886 3266 887 4695
4 3138 4357 3798 4952
4 3007 3562 3431 4304
4 2944 3309 3746 4040
4 1356 1332 3362 4002
4 2914 4677 3724 4774
4 2956 4207 3463 4279
4 3267 3839 2988 4781
4 3018 3228 3765 4713
4 3685 4149 2991 4872
4 1329 3362 1332 4492
4 1169 1234 3715 5036
4 465 3297 2570 4081
4 3278 3938 3113 4271
4 3191 3742 3646 4474
4 2780 2557 2801 4437
4 1228 1356 1225 4398
4 2812 3738 3308 4273
4 2935 3997 3805 4824
4 2955 3710 3265 4151
4 3889 3893 2910 4669
4 3517 3011 4371 4720
4 876 4764 939 4989
4 3510 4161 1239 4436
4 1740 3872 1739 4842
4 2993 3742 3509 4393
4 2657 4177 3132 4834
4 930 3957 3184 4035
4 3458 3854 801 4635
4 3078 4565 3513 5035
4 3124 3290 4939 4999
4 3227 4031 3337 4874
4 2823 3176 4301 4710
4 1294 3648 3189 4300
4 3738 3765 3018 4653
4 2970 3418 4311 4649
4 2986 3669 3581 4348
4 3089 3647 3378 4811
4 4106 4764 3105 4989
4 2927 3576 3279 4008
4 2925 3565 3294 4529
4 3165 1150 4155 4460
4 570 3283 145 3707
4 3461 4251 3591 4988
4 3388 3742 3244 4117
4 2891 3502 3573 4415
4 3129 4426 3316 4478
4 3699 4421 3355 4865
4 1166 1405 4305 4436
4 1515 3442 4543 4791
4 1701 3215 3670 4232
4 3233 4381 3677 4628
4 220 3232 221 4212
4 3086 3294 3565 4529
4 3327 3927 3077 4442
4 1417 3519 4221 4859
4 3749 4244 2866 4848
4 2831 4730 3500 4774
4 3035 3259 3970 4550
4 413 2775 414 3956
4 3439 4717 3869 4996
4 1619 1571 1699 3513
4 2833 3531 4266 4296
4 3529 4078 4341 4520
4 2912 3604 3965 4623
4 1528 1527 1525 3326
4 3517 3783 2912 3850
4 3101 3193 4084 4447
4 2937 3863 3378 4388
4 2884 3647 3378 5014
4 2941 3510 3251 4161
4 3260 4254 3240 4968
4 2963 3513 3204 4614
4 2978 3469 3400 3907
4 2869 4259 3294 4750
4 2572 3620 3168 4070
4 2952 3990 3237 4586
4 3252 3758 1613 4211
4 3029 3672 3147 4187
4 3268 2889 3547 4372
4 3266 4012 4046 4295
4 2766 4277 3800 4882
4 2918 3321 3747 4743
4 2712 2594 2711 3478
4 2911 3968 3239 4270
4 2858 4355 4105 4885
4 3760 4633 2846 4865
4 3189 4087 3648 4214
4 3212 3539 2934 5010
4 3320 3715 3624 4866
4 2876 3881 3375 4305
4 3875 2864 4656 5020
4 3099 3664 3261 4848
4 2892 4456 3485 4745
4 3041 3442 3649 4146
4 3099 3749 3425 4848
4 2749 3794 2718 4622
4 3423 4421 3699 4820
4 3137 2910 4020 4551
4 3122 3443 4334 4823
4 1698 3368 1680 4147
4 1577 3679 1669 3776
4 2959 3794 3128 4377
4 2883 3640 3486 4671
4 741 743 4125 4772
4 3283 3551 570 4699
4 3011 3596 3494 3640
4 3290 3694 3190 4267
4 2556 3519 2765 3755
4 3544 3566 3116 4223
4 2816 3893 3403 4321
4 3031 3675 3346 3861
4 3279 2870 3846 4028
4 2961 3256 4053 4726
4 3147 4322 4187 4514
4 2845 3591 3164 4568
4 3325 3509 2993 4121
4 2915 3554 3852 4579
4 3810 4731 3159 4981
4 1349 3416 4372 4864
4 1171 1152 1172 3244
4 2963 3204 3513 3822
4 3372 3869 2573 4717
4 3142 4303 4024 4724
4 775 3719 3327 4442
4 3445 3920 3294 4529
4 2916 3288 3619 4425
4 3018 3738 3407 3942
4 960 596 3862 4615
4 3783 3850 3517 4397
4 3899 4032 2974 4444
4 2817 3296 4120 4130
4 2835 3289 3868 4704
4 2909 4395 3392 4399
4 3268 4131 3282 4567
4 3478 4564 3910 4680
4 210 600 209 4812
4 3281 4485 3202 4769
4 2566 4175 3964 4272
4 2926 4254 4747 4951
4 992 4218 4081 4740
4 1298 3426 3689 4305
4 3180 3912 3880 4962
4 2882 4101 3343 4600
4 3168 2975 3830 4853
4 3187 3719 3088 3797
4 3295 4227 3556 4599
4 2855 3647 4192 4601
4 3019 3887 3408 4956
4 960 219 3295 4497
4 3354 3592 4194 4292
4 3536 4112 3155 4661
4 2766 3800 3707 4882
4 3267 3785 1561 4245
4 3045 4009 3780 4121
4 2712 3478 2711 3812
4 1347 1226 1346 4516
4 1151 1153 3388 4117
4 2878 4163 3177 4479
4 2940 3788 3153 4752
4 2701 2593 2592 3944
4 3674 3682 3060 3717
4 1549 4245 3785 4921
4 3441 4024 3765 4844
4 2982 3566 3544 4223
4 2895 4197 3489 4391
4 2863 3532 3408 4845
4 624 623 874 3337
4 3647 4048 3186 4811
4 2815 3272 3459 4399
4 3645 4243 3085 4917
4 1538 1651 1726 4312
4 3469 3528 3179 4410
4 2923 3793 3445 4923
4 1530 3746 3490 4023
4 2993 4117 3994 4833
4 1626 1484 1662 4780
4 2958 3154 3989 4200
4 2701 2592 2753 3270
4 2609 2617 3639 4392
4 3100 3862 3546 4870
4 3282 4131 3268 4754
4 3228 3018 3765 4653
4 3511 3781 3152 4033
4 2996 3413 3928 4472
4 4150 4204 3063 4452
4 3464 3475 3213 3737
4 2616 3222 4392 4488
4 2604 2603 4290 4829
4 696 698 1019 4412
4 3090 3408 4184 4868
4 3070 3934 3285 4461
4 2888 3405 4095 4493
4 3181 3569 2985 4075
4 2954 3368 4166 4988
4 650 3957 3752 4554
4 2987 4384 4310 4916
4 2928 3735 3641 4863
4 3335 2882 4289 4599
4 1693 3477 1692 3754
4 3315 4276 4172 4760
4 2877 3671 3186 4580
4 2823 4252 3487 4946
4 2856 3201 4026 5029
4 3187 3927 3327 4442
4 921 922 3419 4229
4 1519 1635 1518 3888
4 3511 3897 3781 4033
4 3152 3057 3998 4033
4 3526 2922 3867 4230
4 1572 1574 4358 5056
4 1611 1625 1610 3673
4 3538 3777 3066 4079
4 3794 3956 3047 4986
4 2821 3880 4059 4425
4 2961 4454 3256 4726
4 3155 4079 3536 4661
4 675 670 676 4404
4 3421 3235 4283 4308
4 3038 3463 3842 4421
4 2817 4148 3201 4623
4 3477 3730 2992 3857
4 1073 1072 3566 4051
4 3248 4464 3626 4662
4 2919 3352 3356 4090
4 3325 3612 3042 4974
4 3417 3701 3337 4202
4 1680 3368 1698 4324
4 3300 2964 3571 4124
4 3946 3482 4441 4450
4 2632 2646 2714 4803
4 2741 3181 2659 4175
4 2853 4243 4085 4862
4 1774 3238 4147 4652
4 2598 3812 2711 4054
4 1783 3175 4170 4842
4 1377 3212 1390 4836
4 3122 4052 3418 4414
4 3540 4155 1150 4460
4 2904 3808 3166 4315
4 2990 3768 3241 4330
4 2690 2798 2556 3221
4 3852 3135 4700 4787
4 2920 3694 3613 4259
4 2642 2656 2751 3639
4 4253 4268 3234 4971
4 2906 3435 3588 4770
4 2837 3233 3677 3831
4 2889 3649 3442 5054
4 3085 3597 3790 4243
4 2910 3893 3456 4390
4 3247 3782 3685 4872
4 2973 3986 3879 4042
4 3491 4638 1656 4965
4 2983 3397 4400 4598
4 2680 3993 3219 4277
4 2881 3749 3516 4701
4 3910 4881 3139 4883
4 2616 3761 3222 4075
4 2896 3633 3167 3887
4 3647 4811 3186 5014
4 2971 3424 3651 3934
4 3344 3446 2892 3890
4 1169 3320 1327 3723
4 2958 3180 4299 4869
4 3016 4413 3477 4990
4 3420 3839 3405 4353
4 3526 4320 3435 4770
4 1597 3342 1672 5017
4 3168 3620 2572 4532
4 3197 4316 4061 4693
4 3232 2882 3862 4289
4 3313 4192 3647 4601
4 987 3327 775 3719
4 1076 1078 4008 4522
4 2827 3616 3335 3982
4 2947 3146 3798 3978
4 944 3799 155 4386
4 1701 1580 3215 4232
4 1220 1333 4155 4356
4 3085 4243 3645 4862
4 805 3855 3598 4442
4 2919 3531 3308 4260
4 3433 3926 2932 4897
4 1731 1567 3498 4974
4 2827 3793 3485 4745
4 3199 3454 2909 3883
4 912 738 3417 4134
4 3110 3809 3401 4367
4 3002 3324 3574 4087
4 3378 2884 4140 4811
4 797 746 747 3815
4 608 3387 3784 4332
4 3685 3911 3001 4127
4 1687 4352 1785 5047
4 750 3256 749 4849
4 1436 3872 3323 4909
4 580 944 3332 3799
4 3070 3651 3424 3934
4 2896 3633 3350 4114
4 2952 4024 3226 4844
4 2843 3244 3742 4121
4 3009 4148 3829 4469
4 231 410 232 3643
4 3260 4741 4254 4968
4 3214 3000 4259 4604
4 2935 3592 3354 5057
4 2949 3270 3771 4222
4 1626 4237 1484 4780
4 1565 1720 3306 4573
4 3011 3783 3517 4397
4 3753 4242 3257 4465
4 2912 3544 3850 4223
4 3093 3983 3318 4845
4 3856 4034 3831 4563
4 1525 3326 4144 4361
4 2906 3315 4230 4542
4 3343 3470 2900 4454
4 2814 4183 3570 4619
4 1592 1591 1666 3601
4 417 3406 239 4632
4 178 599 179 3278
4 2876 3221 3689 4194
4 2669 2712 2711 3812
4 3858 4050 3004 4066
4 3788 4116 2940 4153
4 3284 4565 4893 4943
4 2934 3539 3212 3626
4 2846 4633 3330 4865
4 3423 3636 2919 4880
4 3378 4312 3863 4667
4 3229 2922 3827 4113
4 2951 3892 3548 4042
4 3822 4605 3204 4835
4 2981 3666 3413 3845
4 3406 4499 1410 4516
4 2848 4504 4135 4662
4 3042 4255 3418 5049
4 3018 3523 3725 4653
4 2863 4007 3983 5030
4 2829 3152 3992 5003
4 3425 4169 3582 4534
4 3612 3509 4790 5012
4 3129 3892 3748 4042
4 2891 3502 3273 4915
4 2983 4561 3397 4598
4 780 845 3611 4199
4 1235 1423 1400 3763
4 880 3552 3966 4559
4 2670 2699 3389 4330
4 3337 4041 3971 4850
4 2897 3365 3789 4553
4 1362 3568 1372 3806
4 4252 4883 3487 4946
4 886 885 871 4695
4 2801 3177 2557 4797
4 1624 3994 1664 4211
4 3314 4197 2887 4861
4 3174 682 3874 4940
4 3136 2833 3849 4880
4 3101 3734 3193 4017
4 3175 3973 2992 4011
4 2557 3817 3177 4437
4 2930 4255 3418 4414
4 3662 4617 4304 4987
4 3223 4025 3217 4472
4 1045 1295 1296 3689
4 3499 4763 3070 4917
4 3525 3266 4165 4695
4 3108 4230 3315 4542
4 3400 3469 2978 4465
4 3398 3777 3066 3799
4 760 4541 3163 4936
4 3352 3732 2885 4997
4 3981 4017 3316 4633
4 1235 3596 1217 4186
4 3022 3493 4077 4730
4 2959 3735 3641 4178
4 3972 4307 3117 5066
4 1717 1587 1654 3225
4 3176 3274 3923 4549
4 3002 3875 3162 3999
4 3032 3904 3914 3921
4 1723 3637 4573 4959
4 3399 3125 3900 4504
4 219 3295 4497 4615
4 1759 1799 3336 4736
4 839 3373 699 4521
4 3004 3670 3444 4058
4 3389 3478 3027 4417
4 3367 3995 3564 4266
4 3114 3985 3865 5031
4 2904 3428 3808 4315
4 3251 3510 2989 4436
4 1310 3293 1051 3682
4 3562 4319 3332 4661
4 1356 3362 1332 4398
4 2950 3660 3379 4973
4 4103 4413 3757 4954
4 2851 3767 3223 3801
4 2847 3151 3891 4346
4 2695 2690 3354 4348
4 3058 3337 3971 4850
4 3129 3991 2938 4925
4 3685 3782 3001 4444
4 3030 3132 3958 4163
4 3342 4716 3444 4891
4 3463 3570 3120 4207
4 4332 4402 3107 4434
4 1273 3994 3758 5000
4 616 3304 615 4427
4 3124 4973 4590 4999
4 3019 3658 3408 4199
4 2918 3595 3321 3914
4 1411 3715 1385 4499
4 3101 4020 3137 4072
4 1269 1113 1289 3618
4 2834 4092 3667 4139
4 1390 3212 1377 4314
4 2833 3995 3367 4266
4 2939 3247 4510 4872
4 2988 3484 3458 3839
4 1567 3700 3498 4974
4 1321 1031 173 3734
4 176 175 3823 4503
4 3457 4207 2879 4941
4 1247 3540 1150 4460
4 3423 4421 2814 5058
4 3490 3746 2944 4023
4 3733 4040 3590 4561
4 1326 1443 1413 3858
4 1787 3232 1491 4013
4 2983 3436 4561 4598
4 1237 3449 1221 4494
4 1714 3323 1770 4344
4 2677 3421 2706 5011
4 3070 3499 4288 4763
4 3308 3738 3534 4273
4 1560 3602 1548 4156
4 3014 4306 3545 4504
4 3310 3842 3038 4668
4 3085 4085 3597 4243
4 2906 3588 4461 4770
4 3348 3888 2980 4501
4 1123 3341 1127 4091
4 3382 3787 2932 4225
4 3732 4339 2885 4429
4 2920 4167 3617 4802
4 1343 3428 1342 3882
4 1599 4056 3555 4631
4 3418 4052 3122 4334
4 2898 4135 3618 4351
4 1077 1387 4008 4678
4 2931 3667 3205 3709
4 3479 4061 1735 4067
4 3752 2972 4033 4554
4 3253 2926 4048 4119
4 2859 3932 3324 4679
4 3236 3972 3202 3997
4 4173 4292 3592 4453
4 3114 3472 3985 4294
4 1539 3704 3313 4509
4 3290 4267 3190 4798
4 665 3369 664 3959
4 1257 1415 1049 3384
4 3468 4247 4242 4729
4 1757 1493 1420 3491
4 3110 3809 3691 4360
4 4064 4159 3200 4428
4 2813 3312 3595 4225
4 2826 3634 3745 5046
4 1620 3704 3602 4796
4 4099 4386 3155 4765
4 3018 3765 3738 3942
4 1487 954 595 3873
4 3352 4090 3732 4997
4 3494 3640 3596 4722
4 581 3458 988 4224
4 2824 3190 3733 4267
4 2807 2565 2779 4005
4 1252 1465 1323 4084
4 2815 3167 4114 4993
4 2849 3580 3558 4760
4 3225 4376 3278 4892
4 3785 4245 3374 4921
4 2864 3530 3231 4478
4 3383 3851 3061 4000
4 3225 3949 3045 4892
4 1685 1790 1772 3504
4 3368 3814 2900 4147
4 3511 3781 3288 4576
4 3789 4275 3630 4293
4 3365 3608 891 4208
4 2619 3623 3473 4122
4 2643 2664 2655 4419
4 3232 2882 3477 3754
4 2846 4020 3158 4279
4 918 785 919 4189
4 3141 3966 632 4838
4 2959 3128 3794 4588
4 3199 3621 3454 3883
4 2876 3375 3881 4669
4 1533 3863 3309 4792
4 2877 3585 3311 3753
4 2947 3798 3146 3996
4 3519 3755 2556 4433
4 2828 3787 3229 4914
4 3588 3651 3265 4461
4 2864 3991 4478 4512
4 3495 4106 660 4764
4 826 4271 824 4498
4 3207 3685 3001 4127
4 3752 3957 2972 4554
4 3314 3632 2887 4197
4 938 3373 937 3976
4 1074 1070 4159 4714
4 1648 3234 4268 4312
4 1651 3863 4312 4667
4 3225 1654 3938 4376
4 2902 3286 4153 4726
4 3077 4018 3598 4265
4 2936 3778 3222 4226
4 1168 1177 4004 4302
4 1663 1493 1768 3491
4 3138 3968 3798 4251
4 1502 1773 3390 4237
4 2775 2795 3956 4622
4 2906 3315 4542 4881
4 3945 4491 1017 4738
4 2846 4633 3760 4810
4 3876 4263 1545 4379
4 3948 4028 3198 4799
4 757 4106 3286 4989
4 2866 3488 4244 5064
4 3286 4106 2902 4975
4 3150 3677 4381 4628
4 3159 3254 4729 4731
4 3367 3015 4549 4694
4 699 4514 697 4521
4 2872 3764 3174 4291
4 4031 4328 3766 4493
4 3486 4430 3361 4671
4 1684 3814 1683 4147
4 3240 4100 3941 4968
4 3248 3626 3010 4294
4 2567 3669 2578 4348
4 2811 4220 3664 4763
4 2953 3180 3550 4751
4 3337 3227 4559 4857
4 243 1049 242 3384
4 858 615 617 3931
4 1771 3637 1723 4959
4 3101 4084 4020 4447
4 3280 3615 2998 4443
4 3435 4247 3468 4471
4 1149 3544 1364 4004
4 3253 3770 3043 3921
4 3108 3392 4399 4411
4 3225 3938 3278 4376
4 3664 4182 3307 4848
4 232 411 233 3643
4 3530 3791 3154 4920
4 2804 2570 2772 3297
4 3857 3973 2992 4170
4 3221 2690 3901 4348
4 3104 3911 3961 4444
4 2978 4465 3847 4555
4 2812 3765 4024 4756
4 2935 4213 3805 4839
4 3106 3705 3826 4513
4 3171 3668 3394 3718
4 707 4134 739 4772
4 3324 3932 597 4679
4 1054 3232 220 4615
4 3048 3496 4254 4391
4 249 3669 1451 3901
4 3547 4372 3416 4864
4 2809 3665 4242 4729
4 3443 3122 4345 4823
4 3289 3024 4085 4748
4 3221 2556 3755 4433
4 2974 3756 3273 4196
4 3082 4741 3240 4884
4 2989 3363 3731 4436
4 3091 3890 3200 4159
4 1127 1147 1371 3510
4 2983 3529 3436 4138
4 2920 3660 3303 4267
4 3072 3937 3825 4250
4 3520 3207 3846 4127
4 3247 3891 3702 4634
4 3354 3592 3081 5057
4 3101 3734 3302 4432
4 3240 4741 3941 4884
4 3146 3978 2947 3996
4 2920 3277 3617 4167
4 3959 4043 868 4940
4 3615 3965 3280 4623
4 3315 3108 4542 4881
4 473 159 3542 4854
4 3544 3850 1364 4004
4 3033 3728 3306 4338
4 2892 3200 3702 4064
4 3112 3529 3436 4341
4 909 852 3684 3866
4 1596 1597 3825 4716
4 3589 3780 3169 4531
4 4024 4303 3098 4724
4 2881 4000 3261 4701
4 3099 3425 3291 4848
4 3577 4525 3096 4531
4 3154 3791 4587 4782
4 3065 4320 3526 4770
4 3050 4116 4269 4826
4 3260 3673 2895 4741
4 2850 3937 3197 4693
4 3134 4470 3257 4647
4 900 912 738 3417
4 2891 3499 3424 4280
4 2828 3827 4487 4914
4 3314 4322 4197 4861
4 1570 4103 3319 4545
4 2918 4154 3770 4580
4 1596 3825 1597 4067
4 2938 3981 3748 4525
4 3434 3641 2959 3737
4 942 781 3220 4651
4 3302 3734 3101 4776
4 3725 3954 3117 4173
4 3314 3941 4100 4968
4 3236 3635 3202 4769
4 3143 2972 3957 4107
4 3064 4077 3664 4763
4 3621 4081 3133 4964
4 3253 4293 3770 4747
4 1290 168 3324 4548
4 2856 4026 3201 4215
4 3490 4023 2944 4449
4 3242 3892 2951 3951
4 2707 2706 2677 3421
4 1122 3544 1129 4142
4 1333 1359 1240 4045
4 858 615 3931 4896
4 3507 4876 4618 4941
4 3831 3856 3012 4034
4 3247 3685 3207 4416
4 1323 3193 3734 4195
4 3169 3160 4311 4630
4 3385 4158 2893 4640
4 1577 3679 3776 4232
4 3356 3942 2919 4090
4 1185 1144 1236 3395
4 3246 3656 2921 3744
4 2873 3201 3615 4026
4 3543 4016 3259 4069
4 3381 4440 3682 4812
4 2813 3512 3382 4225
4 3857 3920 3118 4358
4 3000 3826 3705 4513
4 2864 3231 3912 3916
4 3781 3950 3121 4755
4 3278 3938 1744 4376
4 240 1410 239 3406
4 781 3642 3220 4651
4 3150 3917 3518 4339
4 3776 3857 3118 4358
4 3418 4052 2970 4311
4 2876 3251 3881 4305
4 3000 3967 3294 4074
4 2847 3939 3657 4064
4 1137 3656 1314 5036
4 1204 4022 1199 4625
4 3000 3705 3402 4604
4 3058 3971 4041 4850
4 809 3740 3283 4699
4 1235 1208 1217 3596
4 3200 4051 2927 4428
4 3026 3512 3595 4225
4 1602 3900 3252 4118
4 2670 2650 2699 4330
4 1768 1757 1656 3491
4 3792 4269 4116 4826
4 3243 3512 2813 4493
4 2814 4421 3355 4581
4 3112 3472 3467 3762
4 2939 3386 3616 4069
4 3188 3681 3659 5052
4 2893 3659 3681 5052
4 2915 3509 3612 5012
4 13 2572 3620 4532
4 897 672 688 4786
4 968 3764 3332 4386
4 2890 3236 3997 4489
4 3080 4536 4205 4602
4 1668 1667 1666 3601
4 1701 3215 1600 4344
4 1123 1103 4091 4618
4 173 3302 849 4071
4 1356 4002 3362 4398
4 1528 4268 1648 4792
4 227 1429 226 3372
4 3890 4159 3091 4689
4 3003 3362 3460 4877
4 3056 3311 4057 4431
4 2870 3721 3279 4340
4 2886 3349 3610 4960
4 3284 2925 3679 4873
4 3167 3633 2896 4900
4 1539 3313 3704 4263
4 2819 3214 4082 4604
4 3231 4478 4576 4944
4 1533 3863 1535 3876
4 2898 3618 3388 4620
4 2837 3677 4783 5010
4 3121 3915 3781 4755
4 2915 3191 3688 4700
4 3103 4312 4253 4388
4 3161 3683 2973 3986
4 3734 4071 2938 4776
4 1684 1685 1683 3814
4 1389 1371 3510 4091
4 2842 4012 3141 4777
4 2788 3830 3631 4093
4 3425 3749 3099 4169
4 1431 1303 3936 5023
4 4410 4590 3264 4894
4 2838 3516 3203 4916
4 2818 3630 4293 4368
4 1645 3490 3746 5035
4 3436 4400 4138 4598
4 3140 3813 3329 4502
4 859 4029 776 4613
4 1752 1743 1707 3458
4 4124 4323 3305 4459
4 3066 3538 3454 4476
4 3212 1377 4314 4625
4 3766 3819 2946 4759
4 2848 3833 3649 5031
4 3658 4199 3019 4753
4 1123 1124 1127 3341
4 3016 3319 4358 5056
4 3086 4529 4149 4750
4 3545 4022 3249 4141
4 3408 3532 2863 4956
4 2874 4200 3254 4731
4 1439 1242 1347 3213
4 3388 3618 3449 4620
4 3628 3961 3501 4524
4 3123 3558 3580 4760
4 891 3608 3365 4814
4 1233 4836 1399 4856
4 1564 1568 1587 3700
4 3358 3487 3139 4946
4 4565 4893 3513 5035
4 573 3398 4099 4386
4 1704 3482 3828 4441
4 3344 3772 3126 3793
4 3169 4052 3418 4311
4 3597 4313 3052 4928
4 3529 4078 3436 4341
4 912 3417 916 3844
4 3528 4388 3647 5014
4 3349 3473 2886 4949
4 3941 3987 3314 4475
4 3432 4192 3876 4977
4 3330 4953 4633 4991
4 3748 3981 3589 4525
4 3231 4576 4512 4944
4 2844 3915 3892 4755
4 3013 3277 3853 4813
4 2809 3462 3753 4818
4 3713 4620 1110 5062
4 3476 4527 4411 5015
4 3610 4511 2981 4948
4 3184 4033 3957 4554
4 2822 3748 3589 5042
4 3243 4328 4031 4493
4 3347 3107 3488 5064
4 2827 3485 3616 3982
4 3003 3460 3362 4637
4 3551 3575 2908 4562
4 2850 3377 3535 4341
4 2751 3639 2656 4523
4 2772 2570 465 3297
4 2883 3494 3640 4720
4 1341 3681 1443 4396
4 3084 3376 3861 4676
4 1240 3497 1156 4155
4 3288 3511 2916 3781
4 3455 4196 3053 4346
4 2923 4852 3627 4923
4 3235 4093 3421 4283
4 3486 4671 3640 4992
4 797 798 746 3238
4 2612 2613 3714 4313
4 3015 3541 3277 4813
4 3222 3778 3036 5007
4 3225 3949 1587 4376
4 2984 4016 3543 4069
4 1560 1620 1548 3602
4 3315 3655 3208 4609
4 3001 3404 3370 3961
4 3198 2968 3668 4027
4 3524 4146 3442 4791
4 1287 3772 1419 3820
4 2804 3621 4448 4806
4 3532 3611 2916 3897
4 1600 3627 3215 4690
4 3830 4093 2788 4853
4 1749 3323 1770 4909
4 1255 1325 1453 4396
4 1272 1459 1028 4494
4 3055 4270 3374 4379
4 2861 4571 3760 4865
4 3522 2953 4715 4751
4 1679 3728 4324 4338
4 3006 3440 4275 4364
4 2824 3590 3179 4697
4 3493 3594 2969 4104
4 921 643 922 4229
4 3301 4388 3528 5014
4 3448 4354 4071 4639
4 3109 4582 3557 4640
4 1131 1125 3415 4385
4 3039 3492 3421 3859
4 3699 3760 3038 4865
4 2916 3619 3288 4201
4 3137 4020 4084 4447
4 688 672 3489 4786
4 3221 2986 4194 4348
4 3050 3224 4603 4692
4 1304 3731 1404 4436
4 2570 2804 2737 3621
4 1645 1530 1647 3746
4 3378 3863 2937 4667
4 2919 3308 3407 4260
4 3618 3841 3170 4351
4 3266 4012 3422 4777
4 3004 3323 3708 4344
4 4184 4868 3408 5025
4 4019 4579 3044 5012
4 1737 1604 1617 4582
4 3273 3223 4025 4659
4 1328 1247 1150 4460
4 2818 4100 4343 4968
4 3197 3825 1606 4061
4 1680 4147 3368 4324
4 3226 3801 3441 4024
4 3406 3955 1410 4499
4 2970 4311 4052 4378
4 2809 3810 3159 4247
4 2884 4811 3647 5014
4 3374 4270 3239 4379
4 987 4635 888 4809
4 1606 3825 3197 4890
4 1320 1465 1252 4084
4 677 658 673 3549
4 3488 4077 3022 4366
4 2833 3531 3924 4266
4 3756 4025 3223 4659
4 3340 3476 3008 5005
4 3725 3954 2933 4519
4 3004 3708 4050 4947
4 3365 2977 3789 4553
4 3249 3649 3626 4662
4 3018 3553 3523 3744
4 2906 4326 3159 4471
4 3012 3481 3856 4133
4 3460 2868 4637 4724
4 2826 3573 4089 4132
4 3493 3022 4077 4366
4 3576 4008 1387 4678
4 3120 4094 3170 4351
4 2901 3906 3402 4597
4 3186 3528 4894 5014
4 1290 3324 3648 4548
4 3115 4178 3735 4588
4 3657 3837 3386 4069
4 3379 3798 3138 4999
4 635 4331 4198 4838
4 1011 827 3366 4498
4 3423 4901 3352 5058
4 3187 3797 3088 4535
4 675 4404 3533 4719
4 3169 3780 3589 4630
4 3434 4178 3228 4902
4 936 3383 4402 4434
4 2827 3485 3982 4745
4 1240 1338 1156 3497
4 3984 4552 3625 4825
4 3153 4116 3788 4153
4 3157 4050 3708 4947
4 2987 3304 3931 4384
4 1365 1339 3427 3903
4 1600 3215 3627 4344
4 3462 3040 4762 4972
4 2821 3522 3698 4751
4 2878 3359 3711 3724
4 666 665 664 3959
4 809 996 3740 4699
4 3090 3408 3532 4845
4 3259 2957 3763 4186
4 1172 3244 4009 4833
4 3237 3667 2834 4092
4 3199 4395 3392 4411
4 3601 4254 3260 4274
4 956 1003 817 3692
4 2934 3649 4131 5031
4 3306 3968 3420 4517
4 3302 4071 3734 4776
4 1710 1709 1620 4796
4 1188 1059 1061 3722
4 3573 4415 4196 4703
4 3517 3604 3011 4720
4 3077 3598 3480 3855
4 3550 3635 3123 4299
4 3230 3482 3113 4871
4 3925 3997 3972 5066
4 3561 4323 4124 4459
4 3039 4105 3360 4228
4 3685 3001 3911 4444
4 2900 3461 3591 4988
4 3402 3705 3106 4597
4 843 3862 4477 4870
4 2993 3994 3491 4833
4 1203 1365 1339 3427
4 3002 3574 3162 5020
4 3191 2915 3688 4879
4 2889 3547 3649 4131
4 2915 3191 4700 4879
4 1338 1339 1336 3903
4 3732 4090 3074 4997
4 2945 3620 3269 4006
4 2769 406 3372 4272
4 2843 4311 3706 4790
4 3308 2933 3407 4260
4 2897 4275 3440 4364
4 1468 3889 3189 4214
4 3350 3633 3007 4235
4 1634 3751 1631 4543
4 936 4402 967 4434
4 3113 3482 3414 4174
4 1211 4088 3157 4707
4 151 998 150 4081
4 3204 3513 3319 4545
4 3123 4059 3567 4276
4 2644 4003 2683 4277
4 2920 3402 4167 4802
4 3764 3874 682 4940
4 3726 4418 3006 4718
4 3480 3601 3048 4018
4 1599 3555 1622 4631
4 1544 1555 3333 4262
4 3373 4514 699 4521
4 3671 3186 4580 4682
4 2935 3354 4213 4839
4 1551 3239 1550 4338
4 780 845 866 3611
4 2951 3548 3409 4742
4 3299 4374 3703 4636
4 3531 3699 3136 3871
4 3245 2823 3651 4252
4 2619 2632 2631 3623
4 3358 4739 3845 4946
4 3325 3042 3949 4974
4 3197 4061 1606 5045
4 3288 3915 3121 4201
4 2812 3738 3534 4932
4 1338 1336 3497 3903
4 2859 4485 4087 4658
4 3310 3676 3527 3954
4 3073 3841 3618 4351
4 1792 4271 4174 4871
4 3237 2834 3667 4586
4 2572 4070 3168 4853
4 3402 4259 3000 4604
4 2793 2774 3809 4684
4 3008 3476 3340 4527
4 3421 4070 2707 4853
4 777 3365 862 4029
4 3369 3571 2987 3971
4 2875 3337 4031 4874
4 3318 4184 3675 4530
4 750 3727 3256 4849
4 2979 3816 3321 4063
4 2907 3791 3530 4920
4 1587 3700 1568 3949
4 3352 4880 3423 5058
4 4196 4346 3455 4703
4 1586 3267 4056 4781
4 1543 1544 1555 3333
4 2957 3185 3640 3745
4 3126 3175 3973 4923
4 3153 3906 3429 4169
4 1076 1075 3566 4008
4 3097 3924 3531 4266
4 3288 3619 2821 3743
4 625 664 665 3369
4 3809 4360 3110 4684
4 1649 4312 1641 4971
4 3371 3438 3028 4145
4 3630 4275 3789 4368
4 2881 3359 4000 4701
4 3372 2873 3869 4996
4 3462 4162 3271 4920
4 2831 3493 4047 4735
4 3022 3594 3493 4945
4 3512 3766 2946 4759
4 3116 3850 3544 4223
4 2855 4590 4192 4894
4 2646 4123 3735 4803
4 608 3784 609 4332
4 2923 3772 3344 3793
4 3498 4253 4312 4971
4 3395 3659 1185 3681
4 3130 3405 4281 4889
4 3357 4364 4160 4418
4 3703 4374 4057 4743
4 3300 3827 3571 4557
4 3948 4315 3166 4686
4 1276 1435 3390 4978
4 3076 4172 4276 4760
4 2823 3176 3845 4301
4 3126 3973 3793 4923
4 3688 4790 3509 5012
4 3626 3649 2848 4662
4 2560 4006 3269 4888
4 1787 1491 3232 4212
4 1720 3728 3306 4573
4 938 3811 3373 3976
4 3145 4362 3691 4657
4 3022 4077 3488 4730
4 1217 3596 1207 3864
4 998 3297 150 4081
4 797 3238 3815 4827
4 3444 3072 4716 4775
4 3067 4134 4785 4982
4 3222 3639 3036 3778
4 3360 3714 2613 4313
4 3401 3809 2953 4367
4 3326 2865 4579 4598
4 3064 4047 4077 4763
4 3175 3772 3126 4011
4 3132 3958 4163 4797
4 2951 3409 4042 4742
4 2975 3177 3631 4093
4 3017 4367 3678 4506
4 1235 1208 3596 4722
4 1608 4156 1559 4593
4 2851 4037 3610 4948
4 1441 1416 1298 3426
4 1590 3612 1595 4211
4 2796 2781 460 3283
4 2923 3323 3820 3872
4 3126 3772 3175 4923
4 3825 3937 3197 4250
4 2922 3459 3289 5021
4 1217 3596 3864 4186
4 4120 4288 3148 4885
4 3603 4043 872 4198
4 1164 3889 1163 4674
4 650 3752 3957 4160
4 2863 3887 4007 5030
4 3551 4530 3283 4882
4 753 3815 3546 4870
4 3669 3901 2986 4300
4 3213 1439 4499 4516
4 1203 3427 1339 4595
4 2954 4082 3214 4239
4 3219 3768 2990 4044
4 3367 3564 3015 4694
4 2864 4478 3231 4512
4 2565 3953 2779 4005
4 3108 4399 3769 4411
4 3223 3767 2851 4472
4 3086 3565 3294 5032
4 3266 4046 887 4695
4 3302 2938 4071 4776
4 2750 2749 2718 4622
4 2897 3630 3583 4368
4 2879 3570 3463 4207
4 3277 3541 3015 4694
4 580 3332 945 4740
4 2607 2703 2611 3771
4 1483 1255 3858 4066
4 2936 3639 3222 3778
4 3463 4552 3156 4941
4 3090 3575 3551 4562
4 3426 3519 3221 3755
4 3001 3782 3247 3891
4 2970 3160 4378 4953
4 876 3792 4764 4989
4 1380 3517 1179 4004
4 2681 2781 2796 3283
4 3057 4709 3242 4922
4 2602 2600 2723 4313
4 3154 3974 3530 4920
4 1251 4195 3599 4385
4 3015 3277 4337 4813
4 1418 4157 3269 4955
4 3161 3986 3696 4394
4 3572 4246 3452 4581
4 1552 1546 3374 4921
4 2953 3550 3180 3843
4 3641 3737 3434 4815
4 2891 3273 3502 4415
4 3372 3869 4717 4996
4 2958 3880 3231 3974
4 3144 4462 3693 5013
4 3007 3603 4165 4585
4 2861 4587 3791 4782
4 2922 3229 4536 4602
4 472 159 158 3542
4 787 862 777 3365
4 3941 4811 3240 4884
4 2835 3711 3359 3868
4 3012 3831 3821 4133
4 2844 3781 3915 4755
4 3303 3847 3564 4860
4 2951 4042 3548 4742
4 984 904 947 3376
4 2870 3520 3846 4127
4 1552 1549 1546 4921
4 3302 3875 848 4055
4 1163 3375 1448 4674
4 3129 3892 4042 4944
4 1537 1539 1536 3313
4 3655 3263 4172 4544
4 3481 3607 1099 4876
4 3170 4094 2898 4351
4 1204 1377 1390 4836
4 2901 4132 3402 4167
4 3220 4651 3286 4726
4 3046 4046 4012 4295
4 2894 4276 3315 4326
4 1473 3292 237 4632
4 1740 1739 1499 4842
4 4254 4747 3240 4968
4 2952 3334 4024 4335
4 2819 3978 3579 4082
4 1490 1016 1782 4271
4 3125 3852 3348 4670
4 3258 3879 3741 4414
4 4420 4577 3450 4745
4 830 829 828 4498
4 3509 3612 3325 4211
4 2803 4175 2688 4822
4 3694 3822 3290 4241
4 871 3603 872 4198
4 3276 3687 2825 4027
4 3394 3668 2968 3718
4 2730 3391 2612 3960
4 1023 3480 805 3855
4 829 4174 828 4498
4 2583 3581 2581 4839
4 909 760 898 3866
4 1366 1342 1343 3428
4 237 3292 1036 3956
4 3160 4017 3981 4633
4 1580 1600 3215 4690
4 3426 2967 3962 4221
4 3167 4114 3633 4900
4 3465 3497 4626 4886
4 2887 3811 3357 4922
4 3548 4042 3161 4742
4 3193 3599 2999 4195
4 2952 3334 3501 5061
4 3061 4687 4000 4855
4 4055 3021 4404 4910
4 2960 4520 4078 5044
4 3598 4018 2962 4265
4 2835 3868 3289 4387
4 3134 3433 4320 4470
4 2622 2612 3714 3960
4 1685 3504 1772 3814
4 3212 3249 4022 4625
4 2664 3210 4006 4419
4 3077 3598 3855 4442
4 3598 4189 3187 4926
4 2904 4315 3948 4686
4 3563 4219 2890 4489
4 3253 3921 3043 4744
4 2634 2644 2729 3768
4 3532 3611 3090 4918
4 2835 3536 3289 4191
4 3389 4330 2699 4621
4 2862 4286 3349 4309
4 1153 1134 1151 3388
4 2828 3229 3787 4205
4 3088 3552 3766 4383
4 3335 3616 2827 4074
4 2717 2785 2564 4698
4 2835 3868 3359 4704
4 2983 3849 4246 5044
4 3520 4083 3140 5002
4 1144 3395 1128 4065
4 2812 3356 3942 4756
4 3798 4357 2947 4952
4 2869 4750 3294 5032
4 3041 3547 3249 3649
4 3554 3044 4361 4579
4 871 3603 4198 4695
4 3391 4177 2730 4290
4 1609 1597 1672 5017
4 3605 3995 3732 4520
4 3200 2892 3702 5018
4 2875 3913 3224 4851
4 3006 3440 3726 4275
4 859 776 860 4613
4 3101 3137 4020 4084
4 1057 3834 1043 5001
4 1117 1116 3808 4065
4 3086 3294 4529 4750
4 3134 3847 4465 4555
4 2656 4228 3194 4419
4 3419 3143 4229 4753
4 2864 3690 3316 4776
4 1010 3533 4055 5053
4 897 3811 3357 4786
4 2908 3318 3522 3877
4 1128 3395 1144 4333
4 2655 3975 2643 4419
4 1464 3193 1323 4195
4 1699 3513 1571 4893
4 3642 4936 4712 4975
4 1701 3670 3215 4344
4 999 813 814 4812
4 1443 1341 1260 3681
4 2922 3289 3459 4191
4 662 3227 671 4559
4 2897 3583 3630 4364
4 3003 3729 4462 5013
4 667 897 899 3357
4 2869 3294 4943 5032
4 2978 4266 3466 4979
4 3424 3499 3148 4288
4 937 938 839 3373
4 1544 3333 1543 4140
4 2950 3379 3660 4897
4 2894 3655 3315 4276
4 1366 1190 1141 4181
4 2900 3146 4166 4988
4 3641 4178 3228 4815
4 3007 3505 3562 4235
4 2762 4566 3818 4905
4 2903 3845 3807 4273
4 1150 3540 1247 4155
4 3329 3654 3813 4686
4 2878 3500 3724 4163
4 3168 3674 3421 4070
4 2851 3801 3223 4948
4 3020 3791 3530 4426
4 3381 3682 3168 4812
4 2907 4394 3652 4478
4 3401 4044 3877 4715
4 2916 3511 3288 4425
4 3032 3921 4570 4744
4 787 3365 777 4189
4 2753 3771 3270 4010
4 3230 3938 1659 4871
4 3002 3162 3574 3999
4 2619 3473 3623 4248
4 3312 3433 2932 4897
4 2861 3699 3310 4260
4 3213 3641 2928 4407
4 1360 1254 1482 4507
4 2977 4208 4029 4613
4 3217 4025 3778 4472
4 3745 4575 3185 5046
4 772 771 775 3719
4 640 641 3608 4572
4 3565 4943 3294 5032
4 3196 3822 3694 4259
4 697 700 4412 4514
4 883 633 882 3322
4 3007 3431 3562 4036
4 3322 3552 2946 3966
4 3770 4293 2818 4747
4 3470 4153 3153 4752
4 3340 4748 3476 5005
4 240 1410 3406 3955
4 3014 3252 3900 4504
4 2869 3294 4672 4943
4 2992 3232 3834 4289
4 3013 3853 3541 4813
4 3506 3926 3172 4805
4 209 9 1469 4532
4 2605 3771 3614 3944
4 411 232 410 3643
4 3160 4311 2970 4378
4 3133 4403 992 4740
4 1770 3872 1740 4909
4 3258 3879 3409 4475
4 3633 4114 2896 4900
4 169 3324 597 3999
4 783 4187 941 4514
4 3025 3567 3254 3974
4 681 682 3764 3874
4 3584 3904 2839 4744
4 2978 3894 4465 4555
4 3167 3655 2815 4114
4 3376 3800 947 4594
4 2853 3265 4542 5005
4 1523 1525 4144 4361
4 753 751 762 3546
4 3484 3552 3088 4683
4 1531 3746 3309 5038
4 3427 3903 1339 4595
4 3550 3698 2821 4299
4 1525 4144 3326 4449
4 3205 3667 2931 4626
4 3401 4297 4044 4715
4 2902 4106 3642 4975
4 3652 4478 4394 4944
4 4005 4834 4784 4935
4 3308 3531 2919 4090
4 2998 3859 3717 4443
4 3241 3768 2640 4330
4 2868 3537 4637 4724
4 3194 4228 2656 4523
4 4772 4785 4134 4982
4 3473 4010 2752 4122
4 4512 4576 2844 4944
4 3032 3914 3819 4180
4 2879 3156 4206 4941
4 3064 4077 3488 4369
4 3509 3688 2915 4879
4 3226 4024 3441 4844
4 2815 3459 3272 4617
4 3458 3839 3371 5009
4 2958 4769 3989 4869
4 2870 3813 3520 4127
4 2969 3594 3866 4060
4 2962 3496 4018 4179
4 2954 4103 3319 4954
4 2745 2618 3623 4248
4 2804 3297 2772 4448
4 2849 3315 3558 4881
4 3706 4790 3688 5049
4 2939 3616 3386 4513
4 2911 3968 3420 4353
4 2965 3569 4574 4821
4 3269 3663 3372 4405
4 3171 3668 3718 4721
4 3446 3576 2997 5018
4 3181 2936 3761 4226
4 2877 3301 3671 4345
4 2786 2572 4532 4853
4 3147 4187 3672 4786
4 3157 2997 4088 4188
4 3161 3585 3683 3986
4 2936 4355 3296 4486
4 2623 3476 2615 4527
4 1313 1314 3656 4675
4 1618 1613 1602 4780
4 2928 3338 3624 4257
4 2913 3162 3609 4483
4 2968 3198 3668 3948
4 2883 3717 3361 4735
4 772 3719 775 4442
4 3006 4197 3632 4391
4 1523 4144 3348 4361
4 2967 4566 3338 4905
4 178 4664 3936 5023
4 3399 4135 3014 4393
4 1749 4066 3323 4909
4 1632 3557 4217 4582
4 2874 3919 3154 4200
4 2871 3562 3505 4235
4 3019 3658 3419 4840
4 2851 3226 3610 4030
4 2573 3869 2805 4717
4 2848 4294 3833 5031
4 3324 4087 4548 4658
4 1329 1224 1332 4398
4 2849 3558 3315 4276
4 3503 4060 3185 4722
4 3315 2906 4326 4881
4 921 3419 4046 4229
4 2863 4544 3263 5030
4 737 3408 754 4199
4 2978 3466 4266 4860
4 787 3726 3365 4189
4 3301 3671 4345 5059
4 3994 4117 1261 4833
4 704 918 3496 3726
4 3403 3893 3211 4666
4 3803 4222 2862 4591
4 3252 3612 3509 4211
4 2848 4306 4504 4662
4 3163 3684 2969 3866
4 3444 4716 3670 4775
4 3019 3184 4035 4199
4 2962 4018 3598 4179
4 3468 4063 3208 4757
4 909 898 852 3866
4 3372 3663 2873 4996
4 3455 3573 3053 4703
4 1781 1634 1631 4543
4 3419 3653 2896 4295
4 2919 3699 3531 4260
4 3041 3442 4146 4791
4 2930 3700 3225 5049
4 3198 2885 3628 4628
4 3120 3170 4207 4351
4 640 3608 4229 4572
4 3015 3564 4337 4694
4 3431 3603 721 4779
4 2872 4291 3536 4661
4 595 4736 3336 4737
4 3300 3218 3827 4557
4 3764 4386 968 4765
4 3335 3730 2827 3982
4 3301 4345 3122 5059
4 2862 3270 4222 4286
4 3064 3500 3488 4730
4 4198 4331 3141 4838
4 3095 3461 3238 5047
4 3311 4057 3753 4818
4 1539 1536 3313 4263
4 1238 3962 3251 4161
4 2925 3920 3445 4529
4 2943 3479 4061 4316
4 3301 3443 3122 4345
4 3476 4411 3883 5015
4 3002 3456 3893 4390
4 3226 2851 3610 3801
4 2842 3411 3819 4180
4 2823 3878 4883 4946
4 3240 4254 3260 4951
4 3449 3758 3014 4393
4 2777 3869 2805 4405
4 2937 3647 3528 4388
4 3464 3475 3003 4462
4 1362 1093 1094 4563
4 2652 2679 3401 3993
4 2946 3766 3512 4031
4 1313 1383 1314 4675
4 2987 4384 3931 5048
4 2859 3180 3574 4869
4 2642 3639 2617 3975
4 3219 2924 3675 4136
4 2927 3576 3200 5018
4 3324 4548 3216 4658
4 3324 4087 3648 4548
4 2894 4326 3208 4757
4 3081 3592 4292 4453
4 3034 3749 3425 4269
4 3265 3710 2955 4883
4 3491 3994 1261 4833
4 3428 3808 1342 3882
4 2928 3213 4499 4863
4 4015 4246 3907 4697
4 3293 3682 2945 3717
4 912 901 916 3417
4 2873 3615 3201 3965
4 3697 3823 2899 4664
4 942 4651 3220 4711
4 1509 1662 1775 3758
4 2946 3552 3227 4559
4 2614 2603 2730 4290
4 2898 3388 4094 4620
4 1292 3669 1472 4548
4 1401 1397 1337 3410
4 2893 3681 4734 5052
4 3363 3510 2989 3838
4 3037 3602 3898 4119
4 3220 4227 3396 4550
4 3017 3522 4367 4506
4 3138 3798 3379 4952
4 3011 3640 3494 4720
4 3556 4497 3295 4599
4 2603 3391 2730 4290
4 2910 3456 3690 4390
4 3141 4318 3411 4777
4 1770 3323 1749 4344
4 3252 2915 3612 4118
4 3127 4579 4700 4787
4 3181 2936 4226 4445
4 3153 2819 3978 4597
4 3453 3780 3045 4009
4 3365 4029 777 4189
4 2989 3510 3363 4436
4 889 3638 935 4989
4 2833 4090 3352 4880
4 1162 1161 1163 3680
4 2928 3955 3384 4123
4 2926 3898 3601 4261
4 3780 4531 3589 4630
4 2809 4242 3665 4818
4 2940 3153 4153 4752
4 1494 598 1765 4477
4 2917 3572 3443 3650
4 3016 3920 3857 4358
4 3005 4471 3435 4710
4 3161 2973 3683 4742
4 2901 3582 3906 4597
4 3266 2929 3603 4198
4 3142 3628 3501 4524
4 2896 3653 3419 4840
4 3034 4244 3749 4688
4 1185 3395 1236 3659
4 590 3637 946 4224
4 3676 4150 3310 4435
4 3453 2899 3823 4664
4 1570 3319 1572 4545
4 2988 3327 4056 4809
4 1308 178 3936 5023
4 1692 3757 3477 5056
4 2886 4178 3434 4902
4 3532 3619 2916 4918
4 1162 3889 1187 4072
4 3865 4783 3677 5010
4 1065 3450 1064 4689
4 3267 3736 3839 4781
4 3649 3833 3114 5031
4 3489 4418 3357 4786
4 3057 3950 3781 4755
4 3069 3351 3665 4818
4 2589 4109 3206 4912
4 3496 4179 2962 4189
4 3828 4187 831 4708
4 2866 3163 4484 4712
4 2926 3584 3287 4018
4 2969 3684 3163 3905
4 2604 4290 3340 4829
4 697 3192 4412 4521
4 3721 3909 3068 4646
4 3280 2883 3963 4720
4 3104 3918 3501 4524
4 2886 3623 3473 4467
4 3458 3371 3839 5060
4 3410 3783 2847 3939
4 2881 3571 3300 4701
4 2703 2752 2611 3771
4 2815 3392 4399 4609
4 3201 4623 3615 4980
4 2845 4517 4568 4982
4 3499 3934 3424 4280
4 1766 3327 952 4809
4 3118 3973 3857 4170
4 3557 4152 1632 4217
4 3262 3756 2974 4032
4 1148 1133 1129 4142
4 3300 4112 3218 4557
4 835 597 836 4679
4 3876 4192 3055 4977
4 3508 4139 3794 4622
4 2866 4712 3425 4848
4 3287 3584 2962 4018
4 3607 3054 4618 4941
4 2638 2752 4010 4122
4 1664 3994 1663 4965
4 2657 2645 2662 4834
4 3280 3963 3361 4130
4 2821 3619 3288 4425
4 1111 3713 1110 4014
4 3629 3643 2776 4236
4 3168 4532 2572 4853
4 3661 4103 3368 4907
4 3258 4858 3589 5042
4 3639 3761 2617 3975
4 4036 4768 722 4779
4 2881 3300 3571 4124
4 2823 3588 3878 4946
4 1065 1064 1066 4689
4 859 3797 4029 4613
4 3031 3675 3861 5025
4 2837 3831 3677 4133
4 2962 4189 3598 4926
4 2915 3688 3509 5012
4 2683 4003 3346 4277
4 3336 4254 3048 4274
4 999 3830 813 4812
4 1357 1228 1243 4002
4 3021 3302 3991 4354
4 1464 1157 4084 4385
4 2859 3843 3180 4869
4 3818 4221 3519 4859
4 3455 4089 3573 4703
4 3481 3607 2921 4675
4 3232 4013 1787 4691
4 3394 3808 2904 3882
4 2951 3448 3951 4910
4 1276 3390 1435 4141
4 2840 3847 3303 4325
4 733 3797 4538 4683
4 2747 3439 2661 4717
4 4129 4409 3395 4592
4 1168 1380 1179 4004
4 2976 3244 3742 4233
4 2889 3442 3751 4185
4 2918 3914 3321 4431
4 2859 3574 3324 4087
4 2831 3339 4308 4681
4 3016 3757 3477 4413
4 3050 3701 3417 4384
4 3143 3583 4107 4363
4 2881 3261 3749 4701
4 2895 3314 3632 4968
4 640 641 642 3608
4 3365 3726 2962 4189
4 711 4639 3686 4924
4 176 175 853 3823
4 2881 3474 4608 4688
4 3522 2953 3877 4715
4 1729 4312 4262 4801
4 3243 2813 3644 4493
4 3202 3635 2958 4769
4 3006 3489 4197 4391
4 3235 2914 3960 4677
4 649 646 846 3440
4 3124 3979 3290 4999
4 3156 3463 3570 4820
4 3136 4421 3423 5058
4 3532 3019 3897 4007
4 2992 3973 3175 4170
4 1128 4065 3395 4333
4 2899 3589 4531 4858
4 2985 3181 4075 4226
4 3722 4420 3126 4745
4 3648 4548 4087 4658
4 3599 4349 2976 4385
4 3119 4467 3610 4960
4 2813 3595 3512 4225
4 617 615 616 3304
4 640 3608 642 4229
4 2962 3726 3365 4275
4 3893 4087 3211 4666
4 2900 3461 3368 4147
4 3275 2818 3630 3632
4 3465 3779 3687 4076
4 3264 3560 2918 4154
4 3351 3665 3025 4665
4 1261 3491 1420 3994
4 3155 4079 4661 4706
4 3056 3992 4057 4164
4 2623 2669 2722 3812
4 3182 4637 3537 4903
4 3762 4316 3479 4832
4 886 4046 3266 4331
4 3417 3701 3050 4310
4 1424 3323 1436 3872
4 3431 722 4768 4779
4 2896 3422 3350 4165
4 3020 3791 4426 4810
4 2884 4811 3941 4884
4 1555 4168 3333 4262
4 889 3727 3638 4989
4 3142 3628 4524 4969
4 1007 3609 3162 4679
4 3409 3879 3258 4042
4 3350 3422 2896 4900
4 1692 1690 1691 3754
4 3250 3845 2903 4739
4 668 649 846 4160
4 3796 2985 4648 5029
4 2871 3861 3346 4887
4 3812 4238 3008 4527
4 1362 1093 4563 4841
4 3183 3687 3427 4728
4 4478 3652 4576 4944
4 2884 3378 4388 5014
4 3323 4066 1749 4344
4 1170 1137 1314 5036
4 1645 4347 3490 5035
4 2893 3444 4129 5002
4 2843 3688 4311 4790
4 3427 3687 3183 3903
4 2891 3172 4280 4342
4 3819 4318 2946 4759
4 3207 2991 3685 4083
4 3811 3976 3357 4922
4 2841 3418 4255 4334
4 1648 4268 3234 4792
4 2804 4448 2691 4806
4 1591 1559 1608 4156
4 929 3305 766 4459
4 1110 4014 3713 5062
4 3623 4248 3473 4467
4 762 3546 751 4053
4 210 4440 600 4812
4 3868 4177 3024 4935
4 3138 3996 3798 4357
4 2954 4166 3930 4988
4 3118 3920 3445 4852
4 1204 4022 3212 4836
4 1051 1265 1402 4560
4 961 995 4477 4870
4 1731 1567 1650 3498
4 3114 3833 3472 4294
4 1077 1369 3279 4522
4 2932 3433 3312 4098
4 938 3373 3811 4514
4 3423 4206 3570 4820
4 2863 3887 3532 4007
4 3257 3069 4242 4818
4 2948 3377 3911 5033
4 1548 3483 1559 4156
4 1515 3442 1518 4543
4 3499 3070 3934 4917
4 708 838 3678 4480
4 1738 3557 1676 4152
4 2644 2647 2683 4003
4 3270 4010 3349 4286
4 3112 3467 3472 4612
4 1659 1658 3230 4871
4 3002 3574 3324 3999
4 3706 3780 3169 4311
4 3016 4358 3319 4672
4 465 2772 3297 4594
4 3182 4370 3427 4903
4 3677 3831 3111 4133
4 3538 3883 3454 4476
4 2973 3683 3585 3986
4 1082 4068 3412 4522
4 2622 2612 2620 3714
4 2912 3201 3829 4148
4 3114 3833 3649 5054
4 2653 2652 3401 4044
4 2816 3527 3919 3989
4 2968 3668 3394 3948
4 3077 4265 3598 4442
4 694 3686 1013 3951
4 2897 3365 3608 4814
4 2945 3804 3269 4157
4 848 849 172 3302
4 1580 3776 1577 4690
4 3381 2975 4038 4812
4 3618 4135 3073 4351
4 1530 1531 1647 3746
4 3113 4359 3230 4984
4 2934 3539 3626 3865
4 3381 3674 3168 3682
4 3217 3778 4025 4980
4 2769 406 2573 3372
4 3370 3404 3001 4127
4 2850 3535 3937 4316
4 2858 4105 3360 4256
4 3464 3003 4398 4462
4 2858 3194 4105 4355
4 3702 4282 3846 5018
4 2910 3403 3893 4788
4 3802 3861 3376 4676
4 2902 3220 4550 4938
4 3207 4416 4083 4526
4 2909 3454 3272 4319
4 2872 4291 3174 4585
4 3145 4362 3932 4830
4 2945 3269 3620 4157
4 2845 4145 4517 4982
4 924 887 4046 4807
4 3241 3008 3600 3929
4 2963 3204 3759 4614
4 3389 3478 3241 4564
4 846 3726 3440 4814
4 964 909 965 4936
4 3312 4225 2932 4970
4 2722 2604 3340 4829
4 3050 4269 3304 4826
4 2965 4574 3195 4821
4 1327 3962 3320 4221
4 3039 3714 3360 4256
4 851 3594 212 4060
4 167 4491 3216 4738
4 4608 4688 3474 4896
4 3088 3719 3187 4535
4 3290 3979 2860 4999
4 3010 3626 3539 3865
4 2817 3273 3756 4196
4 2905 3152 3992 4234
4 3435 4471 3588 4710
4 2880 3835 3335 4599
4 700 1021 3414 4187
4 2573 3372 406 4405
4 2987 3516 4487 4608
4 827 826 824 4498
4 2934 3806 3268 3896
4 1748 1676 3188 4152
4 2949 4473 4222 4511
4 3374 4270 3055 4601
4 1439 3213 1347 4516
4 3573 4196 3053 4703
4 2815 3750 3208 4609
4 3718 4492 1089 4733
4 472 473 159 3542
4 3819 3914 2842 4180
4 929 3851 3305 4459
4 3242 3951 676 4404
4 1337 3410 1397 4714
4 2810 3613 3514 4073
4 975 962 4362 4657
4 777 4029 774 4189
4 4279 4668 3158 5004
4 2964 4124 3561 4323
4 2872 3536 4291 4987
4 3023 3840 3471 4766
4 2989 3251 3881 4204
4 1110 3713 1114 4620
4 2917 3871 4537 4979
4 3360 3052 4256 4313
4 3357 3006 4364 4418
4 2702 3389 2699 4219
4 929 911 766 3305
4 1169 1257 1327 3320
4 1472 4548 3669 4738
4 1046 3643 4356 4685
4 3350 3422 3080 4911
4 3082 3673 3260 4741
4 3006 4197 3489 4418
4 3444 4058 3670 4716
4 2988 4056 3854 4809
4 2902 4534 4153 4975
4 1337 4159 3410 4714
4 3843 4485 3202 4869
4 411 2776 412 3643
4 3023 3349 4010 4286
4 3466 4246 3849 5044
4 1063 1061 1062 4577
4 3461 4517 3728 4568
4 2983 3849 3452 4246
4 2818 4343 3240 4968
4 3287 3630 2818 3632
4 4175 4272 2566 4717
4 3231 4512 4478 4944
4 3059 4426 3791 4810
4 1555 1543 3333 4463
4 1331 1089 3718 4492
4 3016 3730 3920 3967
4 2945 3682 3674 3717
4 2841 4019 4253 4255
4 2616 4392 2609 4488
4 1258 4171 1177 4302
4 945 3332 968 4768
4 3875 4656 4390 5020
4 747 3815 3353 4849
4 4213 4485 3211 4824
4 573 3398 3953 4099
4 2914 3714 3391 3960
4 2880 3386 3616 4513
4 3298 2882 3754 4413
4 3525 2896 4807 4840
4 3366 3697 832 4924
4 2998 4486 3615 4980
4 3036 4037 3928 4961
4 3063 3676 3403 4108
4 3264 3257 4451 4647
4 3734 3577 4195 4525
4 2959 3641 3434 4178
4 1705 4347 3679 4890
4 1324 3772 3820 3872
4 3396 4227 2880 4550
4 3172 3926 3506 4867
4 3214 4239 4082 4604
4 3010 4783 3423 4901
4 2983 4246 4015 4697
4 2974 3541 3899 4444
4 1311 1232 1393 4088
4 3477 3857 2992 4691
4 2851 3778 3222 5007
4 3529 3849 2983 5044
4 1635 1736 1518 3988
4 711 1012 4639 4924
4 3003 4398 3362 4877
4 3551 2908 4184 4562
4 3557 3659 3109 4158
4 3795 4007 3167 4789
4 3613 4278 3908 4337
4 2926 3584 3253 4747
4 3098 4495 3460 4877
4 1118 1330 1331 3718
4 1540 3378 1541 4140
4 1747 1495 591 3480
4 2924 4544 3392 4887
4 3222 4075 3695 4488
4 1269 3618 1340 4856
4 3186 3770 3253 4154
4 2931 3427 4370 4903
4 3065 3285 4746 4770
4 663 4110 3552 4559
4 1572 1700 3757 4103
4 3195 2965 3643 4356
4 1192 3547 1349 4372
4 3073 4135 3248 4351
4 2915 4579 3852 4700
4 174 3577 1322 3734
4 598 1494 961 4477
4 780 3611 866 4199
4 3065 4249 3433 4320
4 3044 4253 3397 5028
4 1569 4203 3661 4545
4 3301 3122 3886 5059
4 2934 3626 3249 5031
4 3218 4617 3662 4987
4 1139 4065 3808 4181
4 3374 3704 3037 4601
4 2722 3340 3812 4829
4 3202 3997 3972 4824
4 3391 4085 3597 4817
4 778 777 774 4189
4 1292 1293 1451 4300
4 3613 3908 3277 4337
4 3198 3813 4686 4799
4 1642 1640 4361 4971
4 3193 4349 3599 4385
4 3161 4042 3986 4742
4 3096 4525 3589 4531
4 3286 3727 3256 4053
4 3198 3628 4287 4628
4 698 3366 4412 4498
4 3403 4321 3893 4788
4 3203 2932 3832 4515
4 3558 3567 3123 4731
4 3392 4544 3263 4887
4 3347 4038 3969 4479
4 1704 1745 1795 3828
4 2674 3235 4093 4797
4 3067 4145 3371 5009
4 2931 3667 3709 4903
4 2637 3235 2674 4797
4 242 3384 1415 3955
4 3105 4764 3792 4989
4 3222 3036 3639 4392
4 3370 2948 3911 5033
4 2823 3487 4252 4473
4 3385 4086 3467 4832
4 2834 3226 3990 4092
4 1551 4203 3239 4338
4 3242 3548 2951 3892
4 3105 4106 3495 4764
4 3103 3378 4312 4388
4 2916 3611 3532 4918
4 1528 3326 1525 4268
4 2859 3324 3574 4679
4 1436 3323 1424 4909
4 3594 4104 3493 4945
4 1576 1594 1579 4690
4 2932 3203 3832 4914
4 3420 3968 3306 4353
4 4287 4628 3628 4969
4 4160 4364 3440 4418
4 1324 1287 1419 3820
4 680 609 611 3784
4 3227 3337 4202 4874
4 1493 1791 1040 3994
4 2631 2745 2618 3623
4 3069 3665 3351 4757
4 3304 3792 616 4826
4 1799 1625 1759 3336
4 2938 3981 3316 3991
4 3081 3354 3755 4292
4 3080 3662 3350 4911
4 3374 3037 3952 4601
4 1603 1639 1735 4067
4 2811 3664 3499 4763
4 4335 3356 4969 4997
4 1197 3451 3909 4646
4 968 3764 979 4768
4 1019 3686 3366 4924
4 3917 3535 4502 5033
4 2864 3316 3690 5040
4 3483 4140 2884 4811
4 1613 3758 3252 4780
4 3043 3914 3904 3921
4 1757 1768 1493 3491
4 3532 4845 3619 4918
4 2914 3391 3597 4817
4 3254 4162 3462 4920
4 3299 3056 3703 4374
4 3562 4036 3431 4768
4 2605 2703 2607 3771
4 1441 1033 1416 3519
4 3505 4036 726 4528
4 712 820 818 3347
4 3605 3732 3087 4520
4 1090 4563 3882 4733
4 1632 1616 3557 4582
4 1572 1570 1700 4103
4 3293 4482 4389 4998
4 2843 3706 4121 4790
4 1081 1082 3412 4522
4 3498 4253 4019 4255
4 3224 4692 2875 4851
4 2984 3616 4069 4456
4 3434 4178 3641 4815
4 1528 1648 1529 4792
4 3352 2919 3636 4880
4 2843 3780 3706 4311
4 3255 4004 1177 4302
4 3006 3357 4197 4418
4 779 931 894 3943
4 3542 3953 2565 4005
4 982 786 3598 4179
4 1405 3251 4305 4436
4 1550 3239 1551 4921
4 2888 3484 3839 5009
4 3290 2860 4096 4999
4 3765 4303 3098 4756
4 1744 3936 3278 4376
4 2895 4001 4254 4391
4 2837 4783 3539 5010
4 3765 4024 3098 4844
4 3137 4084 3415 4447
4 2583 2582 2581 3581
4 879 3438 1002 4224
4 4315 4592 3329 4995
4 2929 4043 3603 4198
4 2593 4109 3587 4417
4 3039 3714 4256 4677
4 1478 1460 1441 3962
4 1535 3876 3863 4667
4 3144 3709 3667 4903
4 2976 3599 3244 4233
4 3989 4769 3281 4869
4 3385 4086 3173 4640
4 3072 3825 3937 4891
4 1318 1319 1466 3456
4 1318 170 171 3875
4 3249 3626 3212 4662
4 2828 3827 4536 4794
4 848 849 3302 4055
4 2952 3226 3990 4844
4 3601 3898 3077 4261
4 820 3347 712 4332
4 2627 2634 2640 3768
4 769 4434 3851 4578
4 658 3549 4627 4719
4 3162 3916 2913 5053
4 3087 4339 3732 4429
4 2995 3166 4065 4315
4 3035 3634 3905 5046
4 2897 3608 3440 4814
4 2920 3613 3277 4167
4 2917 3924 3871 4979
4 1166 1165 1405 4436
4 2913 4483 3743 4962
4 2884 4140 3483 4884
4 2968 4027 4028 4728
4 632 870 3593 4198
4 3580 2890 4489 4642
4 3299 4295 3653 4363
4 3088 3797 3719 4683
4 3798 3996 2947 4357
4 2842 3606 3914 4596
4 2883 3717 4735 4998
4 2893 3659 3557 4158
4 2976 3244 3599 4143
4 1426 1030 1769 3858
4 3289 3868 3024 4387
4 2923 3872 3772 4923
4 1011 3366 832 4924
4 2925 4232 3679 4250
4 3392 3929 3108 4172
4 3486 4992 3745 5046
4 2902 3582 3291 3634
4 616 614 3792 4427
4 1275 1502 3390 4237
4 1392 3507 1398 3841
4 836 597 3932 4679
4 3306 4338 1565 4937
4 418 3406 2771 3955
4 3191 3688 3509 4879
4 3351 3703 3069 4757
4 3501 4375 3262 4408
4 2899 3278 4892 4984
4 2928 3735 3406 4123
4 3162 3875 583 3999
4 3469 4647 3264 4973
4 3164 3943 2940 4603
4 3172 3853 2840 4249
4 3039 3339 4105 4681
4 1653 1587 3949 4376
4 3743 4483 3180 4962
4 2790 4403 4081 4964
4 3211 4194 3592 4373
4 3227 4110 2888 4328
4 3924 4537 3871 4979
4 3636 3423 4783 4901
4 3361 3963 3280 4671
4 3059 3981 3316 4633
4 3490 3746 3078 3977
4 3115 3623 4178 4588
4 3687 4370 3427 4728
4 3026 3595 3512 4180
4 804 967 936 4402
4 3221 4194 3354 4348
4 1087 3808 3394 4733
4 3227 2946 4559 4857
4 3467 4316 3762 4832
4 2729 2652 2641 4044
4 3393 4834 4005 4935
4 3064 4047 3339 4774
4 1426 3858 1769 4066
4 3223 3666 4472 4948
4 3101 4072 3137 4084
4 3018 3744 4713 4919
4 2904 3948 3198 4686
4 1194 1145 1186 4333
4 1325 1210 3451 4050
4 2812 3738 3765 3942
4 3093 3167 4007 4789
4 3067 4328 4145 5009
4 1114 1110 1111 3713
4 3642 4712 2902 4975
4 889 931 935 3638
4 3092 4382 3523 5022
4 2926 3287 3584 4747
4 2767 3269 2560 4006
4 3442 3524 3888 4146
4 1663 3994 3491 4965
4 3335 3102 3982 4439
4 617 3304 616 4384
4 1578 1690 1700 4103
4 3458 4635 801 5060
4 1788 4058 1673 4663
4 1340 3618 1269 3980
4 2996 4120 3928 4298
4 818 3347 820 4402
4 3013 4073 3826 4813
4 766 895 3305 4758
4 804 936 3383 4402
4 3398 3777 2576 3953
4 3360 3622 2723 4523
4 2587 2586 2585 3563
4 1767 3278 1744 3936
4 3360 4105 3039 4256
4 3287 3630 3006 4275
4 3537 4637 3729 4903
4 3222 4030 2985 4226
4 3265 3651 2823 4252
4 3411 3819 4180 4759
4 2908 3522 3318 4562
4 3058 3971 3369 4041
4 3347 4332 820 4402
4 787 3365 3726 4814
4 3039 4256 3339 4677
4 1130 3713 3388 4620
4 1787 3232 1694 4212
4 835 169 597 3999
4 3688 4649 4111 4991
4 3227 3766 4031 4328
4 907 3505 726 4528
4 1262 1247 1264 3540
4 1768 3491 1656 4965
4 3613 3826 3514 4073
4 1494 1790 1761 3504
4 3414 4359 3113 4498
4 2977 4383 3904 4596
4 1324 3772 1287 3820
4 3150 3677 3654 5006
4 1119 1136 4137 4595
4 3210 3869 2664 4006
4 2560 2767 2777 3269
4 650 651 3957 4554
4 1603 1737 1639 4067
4 3664 4182 3499 4847
4 4084 4385 3415 4447
4 3498 3042 4019 5012
4 3037 3704 3374 4245
4 3010 4294 3947 4619
4 3089 4048 3647 4811
4 2816 3972 3236 4307
4 2770 2569 420 3384
4 922 921 3419 4807
4 3016 3757 3319 5056
4 3209 3937 3535 4210
4 3431 3007 4304 4585
4 3512 3243 4031 4493
4 3523 3018 3725 4452
4 3595 4225 3312 4518
4 3120 4094 4351 4804
4 2803 2566 2688 4175
4 881 4538 3552 4683
4 4015 4561 2983 4697
4 3268 2934 4131 4567
4 3132 4177 3868 4935
4 849 4071 3302 4354
4 2984 3485 3616 4456
4 2981 3666 3334 3801
4 3100 3814 3504 4600
4 2862 4489 3803 4591
4 3654 3677 3282 5006
4 4082 4239 3196 4604
4 1087 1088 3808 4733
4 3403 3676 3063 3954
4 2888 3371 3484 5009
4 4083 4416 2991 4526
4 3962 4161 3320 5022
4 3335 2827 3967 4074
4 2974 3899 3262 4032
4 2973 3161 3986 4742
4 3167 3655 4114 4547
4 2934 3268 3806 4567
4 646 3957 647 4496
4 1192 1193 3547 3896
4 3469 4097 4647 4973
4 2813 3560 3595 4336
4 3033 4324 3728 4338
4 3747 3321 4518 4743
4 3357 3998 2887 4922
4 3090 3551 4184 4562
4 3041 3649 3249 4306
4 3708 3902 3215 4852
4 921 4046 3419 4807
4 2920 3660 3290 4096
4 2610 4248 3695 4488
4 2766 4277 2683 4448
4 2914 3597 4085 4817
4 3501 3961 3628 4408
4 3386 3106 4089 4513
4 3476 3769 3008 5005
4 3021 3892 4910 4925
4 2910 3893 3690 4788
4 948 1762 590 3637
4 2905 3311 3585 3753
4 3483 4811 2884 4884
4 2591 4109 2593 4417
4 2851 3778 4037 4472
4 2984 3616 3485 3982
4 3415 3713 2976 4385
4 1648 3234 4312 4792
4 4024 4303 3142 4756
4 963 968 4386 4765
4 174 3577 3734 4071
4 1417 1049 243 4221
4 3215 3776 4232 4690
4 3059 3791 3760 4810
4 1689 1690 1688 4907
4 3000 4074 3826 4513
4 3476 4748 3769 5005
4 3044 3848 3498 4019
4 862 3365 891 4208
4 3178 3527 3919 4307
4 2824 3190 4267 4798
4 2864 3916 3912 5020
4 3551 3575 3090 4702
4 3370 3911 4429 5033
4 2970 3355 3572 4111
4 610 3784 3495 4764
4 3163 3684 3642 4938
4 3195 1449 4356 4685
4 2974 4196 3273 4415
4 1325 4050 3451 4396
4 3169 3706 3418 5049
4 3410 3116 3783 3850
4 2859 3180 3843 4049
4 3113 4174 3414 4498
4 1340 3618 3980 4856
4 2963 3746 3513 4614
4 2987 3304 3516 4608
4 3039 3859 3421 4308
4 462 148 147 3800
4 2661 3439 2741 4175
4 3127 4579 4019 4700
4 625 3369 665 4758
4 1161 1159 1304 3680
4 3366 3697 3113 4498
4 3199 3392 4395 4887
4 3187 4189 4029 4926
4 2923 3627 3872 4923
4 2962 3598 4265 4926
4 630 3966 631 5065
4 2877 3528 3264 4580
4 3399 3900 3252 4504
4 3116 3566 3544 4808
4 1566 1555 3946 4463
4 3017 4115 3575 4480
4 2986 3211 4213 4658
4 3023 3471 3925 4286
4 2928 4123 3338 4257
4 3157 4050 3451 4088
4 3077 3855 3480 4631
4 3043 3770 3253 4293
4 3368 3661 2954 4103
4 2751 3639 4523 4927
4 2927 3200 3702 5018
4 2997 3520 3846 4340
4 3607 3984 3054 4941
4 3605 3732 3104 4429
4 597 3932 3324 4491
4 1466 3456 1320 4072
4 1325 3451 1197 4646
4 2993 3509 3325 4211
4 759 3408 737 4199
4 3543 4069 3091 4456
4 3606 2977 3904 4596
4 1310 3293 3682 4157
4 2997 3846 4282 5018
4 2860 3968 4270 4846
4 2645 3958 2662 4834
4 3515 3843 3149 4500
4 3368 3814 1683 4907
4 1181 3517 1179 4397
4 173 172 849 3302
4 3279 3576 2997 4678
4 3252 4211 3509 4393
4 2913 3916 3533 5053
4 1578 1690 4103 4907
4 3698 4715 3550 4751
4 3474 4000 3851 4434
4 3392 2924 3929 4172
4 3399 4183 3248 4879
4 3150 3654 3677 4628
4 3300 4112 2964 4124
4 2906 3208 4230 4326
4 1204 1199 1377 4625
4 3713 4143 2976 4385
4 3419 4807 2896 4840
4 3246 2867 3744 4126
4 1086 4607 3718 4733
4 1670 1744 1671 3938
4 3082 3946 4441 4450
4 3622 3036 4355 4749
4 3032 3819 3904 4383
4 3349 3270 3771 4010
4 3349 2862 4209 4222
4 596 960 219 4615
4 1774 4652 4147 5047
4 2867 4126 3460 4919
4 3023 3925 3471 3933
4 2815 4114 3655 4547
4 929 3305 3851 4896
4 743 3844 779 3943
4 3186 4811 4343 5014
4 2699 2702 2670 3389
4 3414 3482 3029 3828
4 3343 4166 3298 4600
4 3575 4258 2908 4506
4 2950 4336 3379 4897
4 2924 3346 3675 4887
4 3022 4038 3347 4908
4 1374 1389 3363 4091
4 3382 3860 2947 4357
4 4081 4218 3133 4740
4 2965 4356 3195 4574
4 3893 4321 3690 4788
4 3650 4334 3443 4823
4 3447 3952 3130 4590
4 3255 3965 3517 4302
4 2815 3208 3750 4406
4 3087 3732 4339 4976
4 3412 3721 3166 4655
4 4071 4354 855 4639
4 3613 4259 3694 4750
4 3392 4395 3263 4993
4 1398 1392 1105 3507
4 2778 3398 469 3799
4 3497 3205 4626 4886
4 922 643 923 4229
4 2812 3765 3441 4024
4 1610 1611 3673 4593
4 707 738 739 4134
4 3964 4175 3049 4272
4 2952 3767 3223 4375
4 3585 3986 3161 4394
4 3778 3928 3036 4037
4 231 410 3643 4685
4 3721 4333 3166 4655
4 1372 3806 3568 4625
4 3014 4393 3758 4780
4 3531 3871 3136 3924
4 3004 3188 3858 4663
4 3703 4063 2979 4743
4 1406 1405 3251 4305
4 617 3931 3304 4384
4 1359 1358 1240 3709
4 3772 3872 3175 4923
4 1587 1654 3225 4376
4 1708 3306 1565 4937
4 918 3726 787 4189
4 2985 3569 3508 4539
4 2965 3195 3643 4821
4 2898 4351 4094 4804
4 879 3438 4224 4785
4 1043 3834 4497 5001
4 766 3305 911 4758
4 2950 3379 4336 4973
4 996 4258 3740 4699
4 3166 4065 3808 4655
4 2878 3724 3711 4163
4 3768 3773 2924 4136
4 2949 3349 3771 4960
4 3498 3700 1567 4262
4 722 723 4036 4779
4 1661 4271 1792 4871
4 2619 3623 2618 4248
4 2986 3221 3901 4348
4 3190 2963 4241 4798
4 3689 4305 3375 4674
4 2957 3837 3657 4069
4 2920 3277 3613 3908
4 2815 3208 4406 4547
4 2722 3812 4054 4829
4 3332 4740 3799 4933
4 1266 1229 1267 3693
4 1235 1400 1268 4722
4 2919 3942 3356 4895
4 3476 3024 4290 4660
4 1357 1243 1370 4675
4 2888 4095 3766 4493
4 4047 4077 3493 4730
4 3519 3818 2967 4221
4 1357 4675 1370 4843
4 1512 1781 1505 4644
4 2968 3412 3948 4607
4 1703 3946 4441 4593
4 3002 3574 3281 4485
4 2967 3818 3755 4566
4 2913 3533 3521 4816
4 3178 2933 4307 4519
4 1276 3390 4141 4978
4 872 3603 721 4043
4 2976 3720 3415 4447
4 2894 4729 4326 4757
4 3188 4734 3681 5052
4 2829 3703 3351 3795
4 748 894 889 3943
4 2968 3948 3394 4607
4 2672 4297 3515 4500
4 2777 3269 3869 4405
4 2988 3719 3484 4365
4 3162 2913 3609 5053
4 2918 3560 3264 4451
4 3242 3951 3373 4709
4 2828 3712 3971 4557
4 3297 4081 998 4218
4 3935 4079 2835 4112
4 3130 3560 3447 4590
4 1145 1144 3395 4333
4 1403 3363 3731 5063
4 2908 3283 3551 4530
4 3006 3630 3287 3632
4 3171 4034 3362 4492
4 3349 4209 2862 4309
4 610 3495 3784 4541
4 3828 4441 3029 4930
4 3834 4696 3102 5001
4 3096 3589 3258 4858
4 3021 3242 4404 4910
4 3227 662 4202 4559
4 2697 2755 3563 4621
4 2903 3176 3807 3845
4 2939 3455 4073 4089
4 1455 247 3901 4433
4 2976 3415 4385 4447
4 3626 3649 3249 5031
4 2917 4015 3572 4246
4 761 3642 781 4651
4 2928 3213 4407 4499
4 1061 3722 1060 4577
4 1105 3507 4618 4966
4 748 3727 750 4849
4 2734 2758 2732 3393
4 2894 3655 4276 4789
4 2983 4015 3452 4400
4 3558 4642 3139 4981
4 3008 4238 3812 4680
4 3448 855 4354 4639
4 1630 4217 4128 4582
4 2892 3200 3890 5018
4 2843 3742 3244 4233
4 2935 3972 3925 3997
4 3794 3047 4139 4377
4 3003 3693 3475 4039
4 2866 4244 3749 4484
4 1565 1708 1720 4573
4 2915 3612 3554 5012
4 3284 3679 2925 3776
4 2813 3860 3382 4357
4 2953 3843 3180 4049
4 3037 3704 4119 4601
4 2887 3548 4861 4922
4 1498 1752 973 3458
4 2880 3259 3556 4439
4 3460 4303 2868 4724
4 3917 4339 3985 4901
4 1571 1572 3319 4545
4 3172 4182 3506 4805
4 3099 3832 3749 4455
4 3154 3989 3527 4587
4 3058 3971 3337 4857
4 3171 3831 3012 4034
4 3475 3693 3003 4462
4 3662 4557 3712 4794
4 3394 3948 3412 4607
4 3171 3718 3394 4733
4 3124 3432 4192 4410
4 766 911 895 4758
4 3801 4948 3666 5061
4 3115 4122 3870 4949
4 1023 591 3480 3855
4 2812 3534 3738 4273
4 3554 3612 2915 4118
4 3452 4015 2983 4246
4 3373 4861 3548 4922
4 3662 4291 3712 4557
4 3107 3488 4244 4369
4 1046 4356 1449 4685
4 853 3823 4639 4924
4 1063 3450 4420 4577
4 2834 3990 3226 4844
4 4293 4368 3043 4431
4 154 469 155 3799
4 1512 1505 1025 4644
4 3037 4119 3952 4601
4 3482 3828 3414 4174
4 2817 3296 4130 4980
4 3139 4642 4176 4981
4 3261 3359 4000 4369
4 911 3305 929 4896
4 3231 3880 2958 3912
4 3390 4546 1773 4791
4 3305 3571 2964 4124
4 3145 3691 4362 4830
4 3054 4091 3607 4618
4 2838 3203 3913 4916
4 795 4354 1010 4910
4 3252 3014 3900 4780
4 2889 4185 3385 4645
4 3240 4343 4100 4968
4 3066 3777 3398 4706
4 2841 3179 3940 4015
4 3508 3569 2965 4236
4 2981 4273 3534 4932
4 2866 3291 3895 4712
4 218 3556 4497 4711
4 3196 3798 3579 4096
4 2921 4126 3744 4919
4 2784 2788 4093 4853
4 3196 4239 3822 4259
4 3112 3535 3917 4341
4 1331 3718 1089 4733
4 2869 3822 4239 4259
4 1217 1207 1407 3864
4 2905 3311 3753 4818
4 1648 4312 3863 4792
4 2745 3623 2631 4588
4 960 3885 3295 4906
4 3461 3728 3033 4324
4 3017 3678 3575 4506
4 3123 3567 3558 4276
4 3003 3475 3464 4877
4 873 869 3959 5065
4 766 3305 895 4323
4 3507 3062 4876 4941
4 3180 3051 4049 4483
4 3334 3666 2854 5061
4 3236 4307 3972 5066
4 4182 4540 3307 4848
4 1229 3693 3836 5024
4 3180 2958 3912 4869
4 3269 3804 2945 5016
4 1337 1397 1074 4714
4 3904 3921 3032 4744
4 3647 4388 3378 5014
4 1362 1372 1363 3806
4 3138 3644 3243 4357
4 3622 4054 3317 4654
4 3028 3438 3371 4224
4 3601 4018 2926 4254
4 3260 3673 3082 4593
4 982 805 1023 3480
4 3314 3987 3941 4741
4 3296 2998 4486 4885
4 3174 4043 3959 4940
4 3218 4536 3662 4617
4 1565 3306 1708 4573
4 2845 4568 3164 4982
4 1689 1688 3814 4907
4 3314 4741 3941 4968
4 1145 1128 1144 4333
4 3369 3959 3058 4850
4 1798 1623 4631 4809
4 3006 3440 4364 4418
4 2964 3874 3561 4765
4 841 680 611 4434
4 3448 3686 2951 3951
4 2815 3208 4547 4609
4 2921 3625 4126 4919
4 3332 4319 3562 4933
4 3098 3460 4815 4877
4 1709 3704 1546 4263
4 3473 3771 2752 4010
4 3411 2929 4795 4911
4 1086 1084 3718 4607
4 3662 3218 4557 4794
4 1077 3279 4008 4522
4 925 754 735 4753
4 3259 3543 2957 4186
4 2833 4090 3531 4296
4 3282 3654 2904 3677
4 3093 4007 3795 4789
4 1533 1532 3863 4792
4 649 3440 846 4160
4 3338 4123 3115 4257
4 3509 4121 3325 4790
4 1196 1325 1197 4646
4 788 783 3672 4187
4 3591 4251 3146 4988
4 838 683 4458 4480
4 2941 3553 3341 4382
4 3735 4178 2959 4588
4 2810 3613 4073 4813
4 3333 3946 3230 4168
4 2973 4100 3683 4742
4 3107 4244 3488 5064
4 2883 3280 3963 4671
4 1311 3576 4678 4828
4 3381 3969 3022 4038
4 2952 3334 3801 4024
4 3424 4288 4120 4298
4 2722 4054 2598 4829
4 2630 2624 3883 5015
4 3079 4389 3663 4955
4 3385 3173 4086 4832
4 2882 4101 3862 4289
4 2819 3835 3705 4611
4 1705 3197 4347 4890
4 3431 4768 4036 4779
4 3233 4287 4193 4303
4 3662 3218 4291 4557
4 1337 1074 4159 4714
4 2630 2624 2735 3883
4 3673 3987 2895 4741
4 3692 4021 3177 4437
4 3370 3911 3001 3961
4 960 3862 596 4906
4 3222 3639 2936 3761
4 4061 4144 1646 5045
4 3458 3839 3484 5060
4 3155 4386 3764 4765
4 2993 3509 4211 4393
4 3352 3636 3356 4381
4 3268 2889 4372 4754
4 2696 2583 2586 4500
4 3091 3450 3890 4689
4 3983 4007 3167 5030
4 2869 4259 4750 5032
4 3831 4034 3171 4563
4 1011 3366 698 4498
4 1770 1714 1740 3872
4 2818 3311 3770 4682
4 2919 3356 4190 4895
4 3782 2974 4032 4444
4 1300 3456 1187 3889
4 3081 3755 3354 4773
4 1051 1310 1265 3293
4 3540 4155 3205 4356
4 3780 4009 3453 4723
4 2864 3316 3991 4776
4 1318 3456 1300 4214
4 3257 4242 3753 4818
4 3259 2957 3543 4069
4 1214 4836 1233 4856
4 2872 3332 3764 4661
4 2558 461 2781 3707
4 1365 1079 1339 3903
4 2833 3531 4090 4880
4 1152 1205 1172 4143
4 595 953 4736 4737
4 3565 4250 3209 4529
4 2888 3484 3371 4110
4 3402 3579 2819 3906
4 1179 1180 4302 4371
4 838 4458 3678 4480
4 2614 2730 4177 4290
4 3416 3547 2889 4372
4 1130 3388 3713 4143
4 1597 1672 3342 4716
4 2655 2656 3975 4419
4 3170 3120 4207 4819
4 3711 3724 3359 3868
4 2825 3262 3961 4438
4 3989 4200 3919 4769
4 3014 3390 3545 4306
4 3434 3228 4178 4815
4 3518 3654 3150 4628
4 1348 1192 1349 4372
4 4060 4104 3594 4560
4 2903 3308 3534 4273
4 3313 3055 3876 4192
4 1275 1034 1435 3390
4 797 3815 3504 4827
4 3489 4197 3357 4418
4 3036 4392 3222 5007
4 1179 4302 3517 4371
4 2987 3516 3304 4916
4 3315 2849 4276 4760
4 1738 1632 3557 4152
4 2810 3782 4444 4813
4 3339 3148 4288 4885
4 3227 3337 4031 4857
4 2755 4500 3563 4621
4 2908 3551 3283 4699
4 2829 3795 3351 4929
4 1505 1781 1742 4128
4 3095 3728 4517 4568
4 604 3594 851 3866
4 3091 4069 3657 4456
4 625 4041 3369 4758
4 1740 1286 3872 4842
4 3295 3862 4101 4289
4 1162 1187 1160 4072
4 1714 1739 1740 3872
4 1300 1466 1187 3456
4 4270 4508 3055 4601
4 3276 3142 4408 4724
4 4116 4153 3153 4534
4 1143 3729 4137 5013
4 3337 4559 3774 4857
4 3014 4135 3449 4393
4 3032 4095 3904 4744
4 1190 1363 1191 3806
4 2948 3685 3207 4127
4 3069 4242 3665 4729
4 3879 3122 4052 4823
4 3218 3459 4617 4987
4 3044 3848 4361 4971
4 3770 4293 3043 4431
4 2961 4227 3396 4726
4 2818 3632 3275 4100
4 3213 3739 3464 4407
4 2944 4023 3309 4983
4 3225 3700 3949 5049
4 3484 4365 3719 4683
4 3280 3604 3079 4482
4 3212 4314 1390 4836
4 3255 4171 1177 4460
4 2757 4285 3354 4773
4 2841 3940 3301 4934
4 3584 4018 3898 4265
4 3211 4194 2986 4213
4 2948 3911 3685 4127
4 2876 3689 3426 4305
4 2974 4032 3756 4346
4 3405 4353 3267 4889
4 3272 4617 4304 4993
4 2811 3934 3499 4182
4 3407 3310 3842 4260
4 3150 3985 3917 4339
4 3561 3935 3061 4124
4 3079 3604 3280 3965
4 3882 4563 3171 4733
4 1002 3438 3637 4224
4 677 717 3549 4480
4 1350 1368 1081 3412
4 1539 3313 1537 4509
4 3016 3477 3730 4990
4 2904 3282 3677 4567
4 2839 3898 3927 4265
4 3295 4227 3885 4711
4 2714 2631 3623 4588
4 2869 3694 3822 4259
4 2854 4659 3262 5061
4 3631 4021 2975 4038
4 2873 3663 3269 5016
4 3104 3501 3961 4524
4 3241 4564 3478 4680
4 3498 4019 3848 5012
4 3401 3809 2689 4297
4 3143 3957 3440 4496
4 2831 4681 3859 4735
4 3167 4114 4466 4547
4 3207 2991 4083 4416
4 3070 3285 4243 4461
4 3146 3470 4752 4831
4 1304 1404 1165 4436
4 3032 3512 4180 4759
4 3358 4176 4739 4946
4 3645 4220 3261 4455
4 2723 3360 2613 4313
4 3411 4318 2929 4777
4 2744 4075 3695 4539
4 3007 3562 3505 4036
4 3044 3848 3554 4361
4 2747 3869 3439 4717
4 3699 3842 3310 4260
4 3076 3698 3318 4136
4 3105 3286 4153 4975
4 3755 4453 2967 4566
4 2952 3767 3226 3801
4 2990 3219 3877 4136
4 3001 3911 3370 4127
4 2831 4047 3361 4735
4 3353 3943 3164 4125
4 3421 3492 3039 5011
4 2942 3917 3985 4901
4 3160 4311 3646 4991
4 2990 3345 4231 4715
4 2702 3389 4219 4417
4 3331 3026 3512 4759
4 3645 3827 2922 4113
4 3679 4347 3197 4890
4 3231 3974 3880 4576
4 220 3232 4212 4615
4 2837 3821 3831 4133
4 3053 3573 3502 4196
4 3339 4681 3148 4885
4 2818 4100 3275 4164
4 3591 3996 3224 4752
4 472 3542 158 3953
4 3321 2979 4063 4743
4 3923 4249 3853 4280
4 3438 4785 4772 4982
4 2828 4487 3787 4914
4 3375 4305 3251 4436
4 2979 4466 4114 4547
4 2933 3310 4150 4260
4 4183 4804 3248 4879
4 3799 4403 3133 4740
4 3352 4339 3636 4381
4 2975 3969 3500 4308
4 3056 3992 3703 4057
4 2830 4150 4204 4435
4 2927 4428 4051 4583
4 2857 3208 4063 4602
4 3680 3731 2989 4551
4 2996 3296 3928 4120
4 3170 4094 3120 4819
4 3227 4031 2946 4857
4 2942 4339 3917 4901
4 2752 3771 2753 4010
4 3237 3779 3465 4469
4 2619 2631 2618 3623
4 2818 3240 4747 4968
4 3867 4230 2922 5021
4 913 726 907 3505
4 2972 3357 3752 3998
4 3145 4491 3932 4657
4 1320 4072 3456 4432
4 3380 3810 3097 4380
4 1769 1030 1777 3858
4 982 786 805 3598
4 935 3792 876 4989
4 3320 3092 4866 5022
4 2957 3386 3837 4069
4 2976 4385 4349 4447
4 903 3802 737 4868
4 2888 4095 3405 4365
4 1217 3864 1407 4186
4 1451 1293 1045 4300
4 2836 3523 3624 4257
4 2898 3449 3618 4135
4 3295 3835 2961 4227
4 2991 3207 3685 4416
4 1403 1389 3363 5063
4 3031 4530 3551 4882
4 575 909 3684 4457
4 759 737 754 4199
4 2976 4349 3720 4447
4 2962 3496 3726 4275
4 3350 2896 4114 4900
4 3828 4708 986 4930
4 3032 4180 3819 4759
4 913 726 3505 4036
4 3246 2921 3656 4675
4 1466 1320 3456 4432
4 2853 4151 3265 5005
4 3305 4323 3369 4758
4 3935 4079 3155 4706
4 3493 4047 2994 4077
4 218 217 3556 4711
4 1170 3723 1137 5036
4 3158 4020 4810 5004
4 1300 1318 1466 3456
4 2644 3768 2634 4003
4 2578 3669 3901 4348
4 3485 3793 2892 4745
4 415 237 236 3956
4 3766 4328 2888 4493
4 1766 3327 1746 3855
4 3778 4037 3036 5007
4 3194 3639 3975 4486
4 3225 3706 3949 4892
4 2884 3886 3301 4388
4 2905 3585 3311 4164
4 3501 3918 3074 4524
4 2927 3702 3200 4428
4 3146 4752 3591 4831
4 3316 3981 2938 4017
4 2907 3530 3974 4920
4 2816 3211 3972 4373
4 3436 3529 3112 4138
4 2816 3281 3989 4769
4 3401 3877 2953 4715
4 3794 4139 3047 4622
4 1590 1589 1595 3612
4 3033 3661 3368 4324
4 2862 4209 3178 5066
4 2562 3735 3406 4698
4 1611 1627 1625 3673
4 2871 3272 3562 4235
4 3118 4852 3445 4923
4 1523 3348 1524 4361
4 3369 3058 3959 4994
4 3116 4223 3566 4583
4 2752 2703 2753 3771
4 3222 3761 2936 4226
4 2936 3975 3639 4486
4 3712 4795 2929 4911
4 1343 3428 3882 4841
4 2921 3246 3744 4126
4 2834 3990 3237 4092
4 1683 3814 3368 4147
4 3077 3855 3327 4442
4 3845 4739 3250 4946
4 4343 4811 2884 5014
4 1146 1127 3723 4161
4 3014 3980 3449 4135
4 3112 4317 3467 4612
4 3269 4157 3804 4955
4 1773 1763 3390 4080
4 2831 4047 3493 4730
4 1025 3416 1481 4644
4 3382 2932 3860 4225
4 2901 3926 4805 4878
4 2575 2775 413 3629
4 3317 4446 3622 4961
4 454 138 14 3945
4 2918 3595 3914 3921
4 2823 3651 3588 4301
4 3051 4367 3678 4837
4 3084 3861 3633 5030
4 997 573 3953 4957
4 3404 3846 2870 4028
4 2818 3287 3632 4968
4 1525 3326 1527 4449
4 2940 4116 3638 4153
4 3074 3334 3501 4335
4 2912 3604 3328 3783
4 745 3353 746 4125
4 3017 3575 4115 4918
4 2757 3354 2695 4773
4 1448 3375 1166 4674
4 3799 4740 3133 4933
4 422 423 245 3519
4 3269 3804 3663 4955
4 3638 4116 3105 4153
4 3252 4393 3014 4780
4 3163 4712 3642 4936
4 1559 1548 1542 3483
4 3006 3726 3496 4275
4 3308 3531 3716 4260
4 3334 3801 3666 5061
4 1011 1019 698 3366
4 704 847 918 3726
4 1041 1447 1418 3663
4 1007 3162 3609 5053
4 2919 3356 3636 4190
4 2836 3725 3523 4653
4 2899 3278 3697 4664
4 3686 4412 3192 4521
4 3445 4529 3294 4558
4 3105 3727 3638 4153
4 3316 3020 3690 5040
4 3043 3921 3904 4744
4 2941 4382 3723 5022
4 1663 3491 1768 4965
4 2917 3650 3443 4762
4 2865 3436 4138 4598
4 1177 4171 3255 4302
4 1703 4463 3946 4593
4 2613 3360 2704 4228
4 1631 1742 1781 4128
4 3694 3908 3190 4267
4 1557 1679 4324 4338
4 3514 4074 3294 4558
4 2989 3881 3375 4108
4 1776 1691 1689 3754
4 1673 1788 1676 4058
4 2728 2736 4806 5015
4 952 1766 1511 3855
4 3942 4190 3356 4895
4 144 460 145 3283
4 3153 4611 3396 4726
4 3093 3167 3983 4007
4 2951 4468 3192 4521
4 3113 3697 3366 4984
4 2843 4121 3509 4790
4 2836 3870 3228 4257
4 3935 4099 3775 4957
4 4102 4274 1668 4736
4 3503 4104 4060 4560
4 1624 1663 1664 3994
4 2897 3789 3606 4553
4 2933 3954 3725 4150
4 3234 4268 4023 4792
4 717 4115 3549 4480
4 3504 3815 3238 4827
4 3021 3915 3533 4404
4 2743 2794 4236 4622
4 2722 3812 2598 4054
4 1634 1736 1631 3751
4 3449 3980 3618 4135
4 2838 3203 3832 4515
4 2889 4645 3385 4754
4 2940 4153 3470 4752
4 834 677 717 3549
4 3330 4111 4953 4991
4 4144 4449 1646 5045
4 1309 1469 3620 3682
4 706 877 3371 4224
4 3153 3470 4611 4726
4 4105 4486 2998 4885
4 3558 3580 3139 4642
4 2970 3572 3355 3650
4 2941 3553 3523 4452
4 1536 1537 3313 4667
4 990 155 156 3398
4 3067 3371 4145 4785
4 3307 4182 3172 4878
4 3209 2991 4083 4149
4 1610 3260 1608 4593
4 2767 2777 3269 3869
4 3010 3947 3985 4901
4 3352 4339 3732 4976
4 2942 3917 3472 4612
4 3241 3600 3008 4238
4 3293 3060 3717 4998
4 3649 4146 3442 5054
4 1427 3682 3620 4157
4 3312 2932 4098 4970
4 3084 4676 3861 4956
4 3302 3021 4055 4354
4 2948 3207 3685 4083
4 3154 3791 4782 4920
4 1320 1467 4072 4084
4 3014 3545 3390 4978
4 3044 4019 3498 4253
4 3223 4948 3801 5061
4 3071 4061 3479 4316
4 2930 3741 3364 4414
4 3138 3447 3379 4999
4 3345 4297 2654 4500
4 750 752 751 4053
4 3249 3547 3041 4141
4 2955 3910 3710 4680
4 3093 3983 3167 4789
4 1648 1641 1649 4312
4 2939 3826 4074 4513
4 4192 4410 3528 4894
4 3095 3461 3728 4568
4 3195 4574 3569 4821
4 3776 3118 3920 4358
4 3103 4312 3378 4801
4 3417 3844 912 4134
4 3048 3480 4018 4179
4 3152 3998 3275 5003
4 3098 4303 4024 4756
4 3552 2946 3966 4559
4 3833 4294 3114 5031
4 3567 3254 3974 4200
4 3154 3919 3527 3989
4 3769 4399 3289 4913
4 3476 3538 3024 4660
4 3214 4672 3967 4954
4 248 426 249 3901
4 2672 2654 4297 4500
4 3994 4211 2993 4965
4 3471 4766 3840 5043
4 3645 4455 3261 4701
4 1634 1518 1736 3442
4 2947 4357 3860 4952
4 3281 3893 3002 4485
4 3319 4103 3757 4954
4 3263 3675 3861 4887
4 3704 4245 3037 4796
4 1591 1608 1610 3260
4 3636 3156 4820 4895
4 3413 2981 4511 4948
4 903 737 3802 4676
4 2743 2764 2660 4236
4 2932 3433 4098 4867
4 3261 4455 3749 4701
4 2989 3731 3363 3884
4 3217 4226 2936 4445
4 1406 1405 1238 3251
4 1757 1052 1428 3936
4 3130 4570 3921 4744
4 584 1494 1761 3504
4 2866 3664 4077 4848
4 895 4323 3305 4758
4 1642 3848 1730 4971
4 4063 4518 3816 4743
4 2721 3338 3840 4566
4 3172 4867 3617 4878
4 3312 2932 3860 4897
4 1698 1683 3368 4147
4 675 3533 902 4719
4 3249 3212 4022 4662
4 3012 3856 3831 4133
4 2841 3418 4019 4255
4 1687 3728 1720 4573
4 3220 2961 3885 4651
4 2929 4198 3266 4777
4 3154 3380 4162 4782
4 2802 2563 4216 5034
4 3349 4286 3023 4309
4 2843 4121 3780 4233
4 1356 1355 1332 4002
4 3210 4443 3615 5016
4 3812 4238 3478 4680
4 1380 3850 3517 4004
4 3215 3670 3072 4775
4 3020 3760 3791 4810
4 2682 3515 3809 5034
4 2917 4537 3871 4762
4 2961 3835 3295 4101
4 2620 2637 3714 4283
4 3047 3836 3629 4139
4 3366 3697 4858 4984
4 2781 3283 2681 4882
4 8 14 138 3945
4 982 1023 591 3480
4 3685 4083 2991 4149
4 3373 3548 3242 4922
4 3026 4225 3595 4518
4 1099 4505 3481 4876
4 3430 3881 3063 4967
4 1392 1101 1102 3507
4 3935 4124 4112 4855
4 2932 3832 3429 4805
4 1214 1233 1399 4856
4 2929 3266 3603 4165
4 3131 4096 3579 4952
4 1316 3556 217 3970
4 1067 1066 1068 3890
4 2965 3836 3667 4139
4 1066 1068 3890 4159
4 3520 3068 4188 5002
4 2965 3629 3836 4139
4 2613 2621 2620 3714
4 737 3408 759 4584
4 2848 3649 3626 5031
4 798 4652 3238 4827
4 3335 3982 3616 4439
4 1102 3507 1101 4876
4 2560 2768 4006 4888
4 1088 3882 3808 4733
4 3457 4490 4207 4941
4 3269 4006 3620 4888
4 3451 4088 3909 4188
4 2954 3298 4103 4413
4 2721 3840 3338 4803
4 2943 4061 3479 4067
4 1581 3679 1577 4232
4 1197 1325 1210 3451
4 1448 1163 1166 3375
4 2743 4236 2660 4539
4 1054 1056 3834 4615
4 3401 3993 3219 4044
4 3938 4271 1661 4871
4 2809 3665 3462 4818
4 4078 4520 3529 5044
4 2851 4472 4037 4948
4 1407 3864 3543 4186
4 3021 3915 3892 4512
4 687 688 672 3489
4 3118 4170 3627 4923
4 2833 3352 3732 4976
4 1041 1258 1447 3663
4 2894 3208 4547 4757
4 209 4532 3168 4812
4 173 1031 172 4432
4 2991 3209 4083 4526
4 3068 3395 4129 4409
4 3076 3318 3983 4544
4 1396 1402 1265 3503
4 625 665 875 4758
4 3985 4339 3150 4901
4 2929 3593 4043 4198
4 3748 3892 2951 4042
4 1749 4344 4066 4663
4 3973 3982 3730 4696
4 1738 1609 1676 3557
4 3871 3924 3097 4537
4 701 681 682 3764
4 3363 3838 2989 3884
4 1498 973 581 3458
4 3150 4339 3518 4628
4 3285 3065 3526 4770
4 2902 3642 3220 4938
4 2933 4150 3407 4260
4 859 3797 776 4029
4 3153 3978 3906 4597
4 1054 3834 1278 4013
4 3218 3459 4536 4617
4 3028 3371 4145 5009
4 2923 3820 3772 3872
4 3216 4491 167 4548
4 2817 3756 4025 4148
4 2896 3350 3633 4165
4 2886 3610 3226 4467
4 708 838 863 3678
4 687 3489 672 4718
4 2964 3571 3369 4994
4 172 3875 3302 4432
4 3488 4479 3969 4730
4 1300 3456 3889 4214
4 3807 3918 3367 4296
4 2934 3865 3626 5031
4 3431 3603 3007 4585
4 1435 3390 1034 4080
4 3214 4413 2954 4954
4 3469 4410 4097 4973
4 3216 4548 167 4738
4 2960 4240 3303 4860
4 3072 3670 3215 4232
4 3098 4303 3460 4724
4 2983 3733 3436 5044
4 1394 1192 1193 3547
4 2868 3362 3460 4637
4 3367 3564 3005 4266
4 3558 3878 3159 4981
4 1294 4300 3189 4674
4 2701 3771 2605 3944
4 1575 3776 3284 4358
4 2838 3749 3516 4269
4 3400 3907 3469 4673
4 3494 3596 3011 4778
4 462 147 3707 3800
4 1622 3555 4261 4631
4 3313 3876 1536 4667
4 3614 4446 3944 4961
4 616 615 614 4427
4 2946 4031 3512 4759
4 3373 3951 2951 4521
4 3074 3918 3807 4296
4 3267 2988 4056 4781
4 2929 4318 3593 4777
4 3313 3647 3378 4509
4 3863 4312 3234 4792
4 2578 3669 426 3901
4 2963 3190 4040 4798
4 3841 4836 3073 4856
4 1156 3497 1336 4142
4 3361 4130 3963 4671
4 2849 4172 3773 4760
4 3505 4036 3562 4218
4 1373 3568 4314 4625
4 3580 4489 3803 4642
4 1332 1091 1231 4492
4 1336 3903 1122 4142
4 3071 4061 4316 4693
4 3816 4063 2857 4518
4 3548 3892 3242 4755
4 2906 3588 3435 4471
4 3323 4066 1256 4909
4 3378 3647 3089 4509
4 3898 4018 3077 4265
4 3507 4314 1101 4876
4 2660 4236 3569 4539
4 3324 3999 3574 4679
4 984 3376 947 4761
4 2965 3667 3205 4574
4 2943 3479 4316 4832
4 4571 4762 3271 5037
4 3072 4232 3902 4250
4 3452 3849 3529 4138
4 3245 3651 3824 4252
4 3010 3423 3947 4901
4 1101 3507 1392 4314
4 2980 3762 3348 4501
4 141 3691 457 4360
4 3041 4146 3524 4791
4 3079 3804 3293 4955
4 3695 4030 3222 5007
4 3311 3770 2918 4431
4 3193 3734 3101 4084
4 3012 3246 4002 4843
4 1596 1584 1597 4716
4 2868 3233 3668 4287
4 3328 3604 4148 4623
4 3747 3257 4470 4647
4 2940 3638 3727 4153
4 3061 3383 4000 4687
4 1524 3554 4361 4624
4 3539 4783 3865 5010
4 3004 3708 3670 4344
4 2859 4485 3843 4869
4 3485 2827 3616 4074
4 2867 4713 3744 4919
4 3068 4734 4188 5002
4 3573 3837 3053 4992
4 3097 3810 4162 4537
4 1731 3848 3498 4971
4 3487 4883 3139 4946
4 2684 2556 2765 3755
4 3507 3841 1392 4836
4 1698 3368 1683 4907
4 3259 3763 3035 3970
4 2910 3680 4108 4551
4 2683 4448 3346 4806
4 3209 4149 3565 4529
4 3333 4140 1544 4801
4 3048 4018 3496 4179
4 3112 3472 3917 4612
4 3883 4476 2736 4964
4 3511 4425 3025 4576
4 2837 4133 3677 5010
4 3274 3015 3541 4694
4 2927 4438 3891 4583
4 1571 1570 1572 4545
4 3410 3850 3783 4397
4 1164 1162 1163 3889
4 2976 3415 3720 4819
4 3517 3604 3079 3965
4 3132 3868 4177 4817
4 860 638 637 3437
4 3097 3810 3380 4162
4 1554 3661 1569 4203
4 897 3357 667 4418
4 3134 3435 4320 4555
4 4171 4460 4215 4727
4 3880 3912 3231 4962
4 1385 3715 1234 5036
4 2755 3345 2654 4500
4 3098 4815 4495 4877
4 633 3322 883 4838
4 2828 3571 3827 4557
4 1242 1411 1385 4499
4 2841 3572 3443 4015
4 2877 3671 3585 4345
4 2952 3801 3334 5061
4 3036 3245 3928 4749
4 209 1469 1309 3682
4 1337 1115 1401 3864
4 2974 4346 4196 4703
4 1072 1075 1073 3566
4 834 3549 717 4115
4 3555 4056 3927 4631
4 2979 3321 3816 4636
4 2927 4051 3566 4583
4 2976 4233 3646 4349
4 3941 4100 3240 4343
4 3114 3865 3282 4131
4 3489 4418 672 4718
4 2954 4545 3661 4835
4 3944 4446 3317 4961
4 1107 1105 1106 3457
4 937 3373 839 4709
4 3851 4434 3383 4578
4 2580 2579 3581 4348
4 2942 3472 3985 4612
4 3003 3737 3475 4877
4 3474 3304 4427 4896
4 2891 4280 3853 4342
4 3107 4244 4000 4369
4 891 3365 787 4814
4 2893 3659 3395 3681
4 3498 3848 1731 4974
4 2834 3237 3990 4586
4 3253 4293 3584 4744
4 2868 4193 4287 4303
4 3094 4209 3349 4309
4 3458 3484 2988 4635
4 3147 4197 3314 4322
4 3311 2918 4057 4431
4 2903 3716 3308 4732
4 3564 3995 3015 4337
4 2605 2701 2703 3771
4 3871 4537 3271 4762
4 3219 3768 2924 4136
4 2840 3617 3433 4325
4 3120 4351 3248 4804
4 839 693 840 4709
4 2811 3934 4182 4746
4 3123 3698 3550 4299
4 2830 3553 3838 4204
4 3004 4050 3323 4066
4 2941 3523 3553 4382
4 3861 4676 3802 4956
4 2812 3534 4273 4932
4 3166 3395 4333 4409
4 1131 1378 1125 4385
4 1427 1309 3620 3682
4 1292 1472 1055 4548
4 2712 2594 3478 4417
4 2857 4518 4063 4743
4 2944 4040 3977 4561
4 3330 4349 3720 4474
4 1747 3480 591 3855
4 2612 2613 2620 3714
4 709 4099 3561 4765
4 3212 3568 3539 5010
4 660 610 896 3495
4 764 3561 709 4099
4 3636 4339 3352 4901
4 4112 4291 3536 4987
4 1345 3693 3475 4462
4 2750 3508 2749 4622
4 610 896 3495 4541
4 2855 4508 4192 4590
4 3806 4625 2934 5010
4 3370 3198 3628 4799
4 3927 4265 3187 4535
4 3945 4216 2563 5034
4 2978 3564 3894 4555
4 3596 3640 3185 4722
4 1070 4051 1071 4828
4 3342 4058 3444 4716
4 3079 3293 3804 4482
4 2778 470 469 3398
4 3048 4254 3601 4274
4 3339 4288 4105 4885
4 3349 4222 4209 4511
4 2835 3289 3536 4387
4 3381 4038 3022 4589
4 2673 4566 2762 4905
4 3401 2953 4297 4715
4 3416 3751 3442 4543
4 3290 4096 3660 4939
4 3070 3824 3651 4461
4 2723 2704 2613 3360
4 3405 4327 4281 4889
4 932 3851 769 4434
4 3390 4237 1773 4546
4 1373 4314 1377 4625
4 1776 4212 3754 4477
4 1524 1636 3554 4624
4 1660 3482 1702 3946
4 3319 4545 3513 4893
4 3017 4562 3575 4918
4 1325 4396 3451 4646
4 3499 3664 2994 4763
4 3558 4276 2849 4760
4 3296 2936 4486 4980
4 3180 4483 3912 4962
4 2872 3431 4304 4585
4 2955 3710 4151 5005
4 4146 4504 3125 4899
4 3941 4741 3240 4968
4 769 3383 4434 4578
4 3642 3684 4457 4938
4 1216 4016 3543 4577
4 3360 4256 3052 4749
4 2925 3445 3902 4529
4 3124 3979 3432 4939
4 1181 4371 3517 4397
4 3606 4374 3299 4800
4 2977 3322 4596 4613
4 654 4627 3559 5039
4 2810 4278 3613 4813
4 4044 4715 4297 5026
4 3292 4863 3475 4986
4 2922 4191 3459 4536
4 1759 3336 595 4736
4 3613 3694 3086 4750
4 1375 3556 1316 4016
4 1172 1461 4009 4723
4 3339 4105 4681 4885
4 3206 2935 3925 3997
4 3338 2967 4453 4566
4 1786 1747 1722 3480
4 1670 1744 3938 4376
4 3045 4376 3225 4892
4 3584 3898 3253 4281
4 783 941 940 4514
4 4083 4210 3140 5002
4 1229 1267 3693 5024
4 2971 3934 4461 4770
4 2865 4138 4400 4598
4 665 3369 4323 4758
4 3131 3660 3379 4897
4 860 638 3437 4208
4 3042 3688 4790 5049
4 2878 3500 4163 4479
4 3214 2954 4239 4954
4 1079 4068 1080 4522
4 590 1002 3637 4224
4 1422 1421 1317 4186
4 2911 4353 3405 4889
4 2963 4040 3190 4241
4 1212 1424 1213 3820
4 787 891 862 3365
4 956 3692 3817 4437
4 3096 3686 3448 4639
4 3253 3043 4293 4744
4 1266 3693 1267 5024
4 3710 4542 3265 5005
4 4256 4288 3790 4942
4 1139 1117 3808 4065
4 3168 3620 2945 4070
4 2900 3368 3461 4988
4 1073 1387 3576 4008
4 2706 3421 4093 4283
4 2811 4220 4763 4917
4 3575 4562 4115 4918
4 4205 4602 3229 4970
4 3653 3887 3167 4007
4 2932 3429 3926 4805
4 2758 3393 2734 3777
4 4495 4637 3537 4724
4 1110 4620 1289 5062
4 883 3322 882 4538
4 3773 3929 2924 4172
4 2923 3578 3445 3793
4 3263 4544 3675 4887
4 3233 4287 4303 4969
4 3324 4491 3216 4548
4 3972 3997 3236 5066
4 3207 3846 3702 4282
4 3043 4293 3789 4368
4 1536 3876 3313 4263
4 3917 4341 3535 5033
4 2777 2560 3269 4888
4 649 648 646 3957
4 3255 4004 3165 4460
4 2764 3569 2660 4236
4 1493 1040 1420 3994
4 3140 4210 4891 5002
4 3013 4089 3573 4132
4 3725 4519 3738 4653
4 4125 4568 3438 4982
4 3604 4482 3280 4720
4 3623 2959 4178 4588
4 2922 3289 4862 5021
4 2706 3421 2707 4853
4 855 1013 3448 4910
4 3636 4190 3156 4895
4 1622 3555 1621 4261
4 1389 3510 1239 4436
4 3531 3699 2919 4880
4 3004 3670 4058 4663
4 3028 3458 3371 5009
4 704 3496 703 4718
4 3833 3852 3125 4670
4 3459 4191 3218 4536
4 2939 3826 3514 4074
4 3325 3612 3509 4790
4 3243 2888 4328 4493
4 3178 3358 4176 4739
4 2944 4561 3397 4983
4 3528 4192 3432 4410
4 2942 3352 4901 5058
4 3393 3024 4177 4935
4 2945 3620 3168 3682
4 1557 1553 1679 4338
4 3019 3532 3887 4007
4 1389 1109 1374 3363
4 3696 4426 3129 4478
4 3512 3595 3032 4180
4 3333 4168 2930 4262
4 3750 4230 3208 4609
4 1427 1309 1469 3620
4 1333 4045 3205 4356
4 1653 4376 3949 4638
4 3368 3298 4166 4600
4 3190 4267 3908 4629
4 949 3480 1495 4102
4 1061 1060 1062 4577
4 3715 3955 2928 4499
4 3330 4349 3646 4633
4 2882 3477 4413 4990
4 2844 3892 3548 4755
4 3087 3732 3605 4429
4 3097 3894 3810 4537
4 575 965 909 4457
4 220 4212 3862 4615
4 2875 4031 3337 4857
4 3039 3859 4308 4681
4 3032 3595 3512 4570
4 3044 4268 4253 4971
4 3078 3513 4241 5035
4 1301 4503 3453 4723
4 3475 3737 3464 4877
4 3204 3661 4545 4835
4 1511 943 952 3855
4 3403 3211 4373 4666
4 3237 3796 3667 4092
4 1038 4195 3577 4503
4 2822 3879 4052 4823
4 3304 4269 3792 4826
4 170 583 171 3875
4 3360 3622 3052 4313
4 2932 3506 3832 4805
4 2952 4375 3223 5061
4 721 872 724 3603
4 3216 4491 3945 4738
4 2916 3781 3511 3897
4 3116 3850 3410 4714
4 2838 3913 3203 4515
4 3185 4060 3503 4104
4 3825 4250 3197 4890
4 3764 3874 3174 4291
4 3072 4250 3825 4890
4 2942 3985 3917 4612
4 996 144 809 3740
4 3330 2846 3720 4349
4 1692 3477 1695 5056
4 3288 4425 3511 4576
4 1740 1499 1286 4842
4 2829 3351 3703 3992
4 676 670 840 4709
4 3457 3841 3170 5062
4 1238 3251 1405 4436
4 3277 3853 3541 4694
4 705 3489 3672 4786
4 3438 4568 4125 4904
4 2947 3788 3224 3996
4 2976 3742 3646 4233
4 3502 3361 4430 4671
4 1435 3390 4080 4141
4 2889 4131 4645 4754
4 3281 4769 3202 4869
4 2824 3733 4240 4267
4 1610 1591 3260 4274
4 163 476 477 4437
4 869 868 3959 4043
4 144 3283 809 3740
4 1366 3428 1343 4841
4 3677 4133 3111 5010
4 2911 3306 3968 4353
4 2840 3617 3277 3853
4 2885 3518 3370 4429
4 3000 3514 3613 3826
4 3676 4108 3063 4435
4 1559 4156 3483 4593
4 3211 4087 3893 4485
4 3931 4384 617 5048
4 1372 1363 3806 4625
4 3126 3772 3344 4420
4 3195 4356 3643 4685
4 1365 4068 3427 4350
4 3173 4067 4086 4832
4 1773 4080 3390 4791
4 3633 4114 3167 4993
4 2718 3794 2745 4588
4 2982 4076 3786 4223
4 2852 3987 4450 4475
4 3879 3986 3122 4823
4 1082 3412 4068 4607
4 3329 3166 4315 4686
4 3501 4335 3142 4524
4 1516 1773 4546 4791
4 4108 4551 3158 4788
4 3927 4056 3327 4631
4 3468 4247 3159 4471
4 3598 3187 4265 4926
4 1365 3427 1119 4350
4 3091 4159 3864 4689
4 3151 3786 4076 4223
4 3079 4482 3604 4720
4 3486 3493 2994 3895
4 3147 4197 4322 4861
4 2876 4194 3689 4666
4 2567 426 2578 3669
4 3199 3883 2909 4411
4 3123 3580 3558 4642
4 2932 3787 3203 4914
4 3345 2890 4231 4715
4 3350 4304 4617 4993
4 876 660 939 4764
4 3620 4006 2768 4888
4 2816 3676 3403 3954
4 2646 2719 2714 3735
4 3512 3595 2813 4570
4 3558 3878 3139 4881
4 1576 1711 1594 3857
4 610 3495 660 4764
4 3788 4116 3153 4534
4 3077 3927 3898 4265
4 4020 3158 4551 4788
4 2655 2656 2642 3975
4 2987 4487 3571 4608
4 2689 2653 3401 4297
4 3292 4516 3475 4863
4 3370 4429 3518 5033
4 3285 4461 3934 4770
4 3313 3089 3647 4509
4 1327 1174 1146 4161
4 1718 3759 1657 4203
4 1490 1744 1767 3278
4 1331 1231 1089 4492
4 3124 4192 3432 4508
4 3392 4172 3108 4609
4 1130 1151 3388 4143
4 3339 4308 3039 4677
4 3086 3565 4149 4529
4 3485 4456 2892 5019
4 3513 4614 3746 5035
4 3277 3908 3303 4337
4 3406 3735 2928 4863
4 3024 4177 3868 4817
4 3405 3839 3267 4353
4 2898 3248 4351 4804
4 4128 4217 3109 4582
4 3995 4337 3564 4860
4 3055 3876 3759 4379
4 1346 1036 3292 4329
4 2810 3782 3685 4444
4 1126 1132 3415 4424
4 1130 3713 1125 4143
4 2839 4265 3927 4535
4 2958 4200 3989 4769
4 3168 3674 2945 3682
4 2580 2686 2763 4216
4 2986 4087 3211 4658
4 4297 4715 3345 5026
4 3395 4065 1144 4898
4 3030 3692 3177 3817
4 2938 3448 4071 4639
4 3029 4187 3828 4708
4 3523 3744 3553 4382
4 3105 4534 3425 4975
4 2821 3619 3522 3743
4 3712 3959 3058 4994
4 2901 3906 3582 4169
4 2847 3247 3891 4064
4 2914 3339 3790 4256
4 2908 3575 3551 4699
4 3286 4651 2961 4726
4 3168 2945 3674 4070
4 2861 3310 3760 4587
4 2593 2596 3587 3944
4 1007 3162 3999 4679
4 936 769 3383 4434
4 3030 3958 3177 4163
4 3392 4172 3263 4544
4 3091 3200 4064 4159
4 637 860 3437 4613
4 2899 3697 3278 4984
4 804 3692 3383 5050
4 1708 4573 3306 4937
4 3792 4116 3638 4826
4 2815 4617 3272 4993
4 3239 4379 1551 4921
4 3026 3321 3595 4180
4 830 1020 993 4412
4 3349 3771 3473 4010
4 3445 4526 3902 4529
4 2882 3835 4101 4599
4 3622 4523 4355 4927
4 2856 3201 3829 4215
4 1701 3670 1582 4232
4 3701 4310 2987 4384
4 707 4772 740 4785
4 3979 4798 3432 4939
4 1502 1665 1773 4237
4 599 3278 178 4664
4 3052 4054 3622 4654
4 1393 3446 1112 4828
4 641 4208 3608 4572
4 2565 3542 472 3953
4 1205 1250 1172 3599
4 2965 3205 3667 4045
4 1196 4396 1325 4646
4 1642 1730 1640 4971
4 700 1021 830 3414
4 2883 3280 4482 4720
4 3454 4476 3883 4964
4 3304 3474 4688 4896
4 1131 1126 1132 3415
4 3418 4414 3169 5049
4 2958 3989 3281 4869
4 3870 4122 3115 4931
4 573 4099 3953 4957
4 3403 4666 3881 4669
4 871 724 3603 4695
4 1375 1316 3556 5001
4 2901 3429 3906 4169
4 2972 4160 3357 4364
4 3125 3852 3833 4899
4 2839 4281 3405 4327
4 2595 2593 2596 3587
4 3462 3753 3040 4972
4 3279 4008 3576 4678
4 3056 4057 3311 4164
4 1103 1313 1124 3607
4 3568 4625 3806 5010
4 851 212 213 4060
4 3556 4016 1375 5001
4 1153 1221 1189 3449
4 604 3594 3866 4481
4 1468 3889 1164 4674
4 626 664 625 4850
4 3134 4465 3894 4555
4 2864 3231 3916 4512
4 2936 3217 4445 4980
4 3079 3804 3280 4482
4 3359 4687 3711 4855
4 2952 3276 3779 4408
4 2918 3747 4057 4743
4 3341 2921 3656 4382
4 3039 4228 3714 5011
4 3017 3522 3619 3743
4 2951 3748 4042 4468
4 3572 4111 3355 4581
4 2948 3535 3377 5033
4 2872 3662 4291 4585
4 2851 3610 4037 5007
4 2851 3226 3767 3801
4 3435 3468 3134 4320
4 2938 4071 3577 4639
4 3297 4218 998 4761
4 3084 3633 3887 5030
4 1071 4051 3576 4828
4 3252 3399 4393 4879
4 2958 3202 4769 4869
4 1072 1121 3566 4808
4 2647 2691 2683 4806
4 2701 2753 2703 3771
4 1556 4168 1555 4262
4 602 3381 600 4440
4 3069 3665 4242 4818
4 3421 3859 3674 4308
4 3174 3712 3662 4291
4 3040 3753 3585 4972
4 2562 2771 418 3406
4 3096 3258 4468 4858
4 2980 3348 3762 4670
4 3491 3994 2993 4965
4 816 3347 818 4021
4 585 4440 4560 4589
4 2978 3303 3847 4097
4 3304 616 4384 4826
4 3050 3224 3913 4603
4 1429 1259 1258 4171
4 3131 3660 4096 4952
4 756 752 750 3727
4 3919 3989 3154 4200
4 3265 3824 3651 4252
4 1582 4232 3670 4716
4 3327 3855 3077 4631
4 3606 3789 2977 4553
4 1086 3394 4607 4733
4 2819 4082 3196 4604
4 3108 3867 3769 5021
4 3028 4145 3438 4517
4 3261 4220 3645 4701
4 3612 3848 3554 5012
4 3109 3659 3557 4217
4 949 982 591 3480
4 2908 3877 3219 4530
4 3085 4085 4243 4862
4 3001 3782 4032 4444
4 3388 4117 3244 4143
4 3340 3008 3812 5005
4 2926 4254 3287 4747
4 3373 3242 4709 4922
4 1704 3482 1745 3828
4 3504 4477 3100 4870
4 2925 3284 3776 3920
4 2863 3263 3861 5030
4 2976 3713 3415 4819
4 2743 3508 4236 4539
4 919 785 4179 4189
4 3444 3670 3004 4775
4 1322 3577 1038 4195
4 1036 237 1473 3292
4 1531 1533 3309 4792
4 1647 3746 1531 5038
4 3095 4568 3438 4904
4 3215 3072 3902 4775
4 3174 3874 3764 4940
4 2939 3485 3616 4074
4 3207 4127 3001 4634
4 3106 3396 3582 4597
4 3409 4322 3192 4468
4 1147 1239 3510 4161
4 3407 3625 3018 3942
4 3050 3304 4269 4916
4 3346 3861 3675 4887
4 2893 4158 3385 4592
4 3129 3316 3981 3991
4 1715 1770 1749 4344
4 1363 1191 3806 3896
4 634 635 632 4838
4 2835 4191 3289 4704
4 917 933 762 4053
4 1782 1016 825 4271
4 3646 4349 3160 4633
4 3369 3058 4041 4850
4 2848 3399 4135 4504
4 2819 3978 3470 4611
4 862 4029 3365 4208
4 1427 1309 3682 4157
4 1177 3255 1167 4004
4 3660 4096 3379 4999
4 986 3828 831 4708
4 3105 4106 3286 4975
4 3188 3004 3858 4396
4 942 811 4651 4711
4 3466 4266 3924 4979
4 1331 3718 1330 4492
4 1657 3759 1652 4379
4 3352 3849 2833 4880
4 1336 1335 1122 3903
4 1167 4004 3255 4460
4 2975 4021 3177 4479
4 4055 4354 3021 4910
4 3928 4355 3036 4749
4 3719 4365 3088 4683
4 3134 3468 3435 4247
4 3314 3987 3147 4322
4 2706 4093 3421 4853
4 3225 3949 3706 5049
4 3163 3387 4484 4541
4 1523 1521 1524 3348
4 2947 3996 3224 4357
4 3777 3953 2966 4005
4 2891 3573 3502 4430
4 2878 3347 3488 4479
4 3625 3984 3156 4552
4 3674 3682 3381 4440
4 1462 1250 4195 4723
4 1538 1541 1540 3378
4 3085 4220 3359 4704
4 814 812 4038 4812
4 2719 3735 2646 4123
4 3441 3610 2981 3801
4 164 3631 478 3830
4 860 4208 3437 4613
4 2947 3798 3579 3978
4 2897 3789 4275 4368
4 2747 2661 2791 4717
4 3040 3650 3443 4823
4 3369 3971 2987 4041
4 3075 3300 3645 3827
4 3577 3823 3096 4639
4 170 583 3875 3999
4 2791 2573 2805 4717
4 3816 4602 4205 4970
4 818 816 712 3347
4 2723 2704 3360 4523
4 1605 3848 3612 4974
4 3001 3782 3891 4032
4 2919 3407 3942 4895
4 3475 3693 1345 4329
4 3610 4511 4037 4960
4 1731 3498 1650 4971
4 2918 3770 3311 4580
4 1493 1663 1791 3994
4 3664 4220 3064 4763
4 964 760 909 4936
4 850 4055 1010 4354
4 808 806 963 4386
4 4203 4338 3661 4846
4 3279 3721 3412 4522
4 1429 3372 227 4272
4 3540 4356 3205 4574
4 933 762 4053 4906
4 870 4043 3593 4198
4 1298 3689 1297 4305
4 585 4560 3594 4589
4 3408 4584 737 4868
4 3383 3692 804 4402
4 1175 3586 1140 4181
4 2983 3436 3529 5044
4 3393 4079 3538 4387
4 2992 3834 3232 4013
4 3308 3716 3531 4732
4 3050 3844 3417 4692
4 3088 4095 4365 4535
4 3256 3546 3815 4454
4 4125 3438 4772 4982
4 1010 3533 928 4404
4 1346 3475 1345 4329
4 3097 3871 3531 3924
4 4110 4328 3227 4401
4 1527 3326 4023 4449
4 2810 4337 4278 4813
4 1711 3857 1576 4358
4 3002 3875 3456 4390
4 2933 3738 3725 4519
4 3432 3979 3124 4508
4 1019 3366 1011 4924
4 862 776 4029 4208
4 2932 3926 3506 4805
4 3098 4815 3765 4844
4 3414 3828 3029 4187
4 2622 2637 2645 3960
4 2697 2755 2586 3563
4 2846 3316 4017 4633
4 1474 1420 1261 3491
4 3066 4386 3332 4661
4 1365 1203 1119 3427
4 3366 4858 4359 4984
4 2994 3664 3499 4847
4 1172 1171 3244 4833
4 2888 3839 3420 5009
4 3219 4136 3675 4530
4 1047 239 1410 3406
4 3513 3822 2869 4241
4 3030 3817 3177 3958
4 3428 3806 3268 4567
4 2907 4426 3696 4478
4 1698 1680 1683 4147
4 2927 3891 4438 4634
4 3878 4471 3159 4981
4 2779 2565 472 3953
4 3139 4176 3358 4946
4 2981 4209 3358 4511
4 2781 2558 3707 4882
4 3548 2887 3998 4922
4 3467 4086 3385 4317
4 3598 4265 3187 4442
4 3113 3366 4359 4984
4 216 1316 217 3970
4 2910 3456 3889 4072
4 1672 4058 3342 4716
4 3321 4063 3816 4743
4 3376 3297 4448 4594
4 3541 3853 3277 4813
4 3330 3646 4349 4474
4 2997 3846 3207 4282
4 3154 4782 4162 4920
4 1007 836 3609 4679
4 4012 4331 4046 4572
4 3056 4057 3703 4374
4 1605 3612 1589 4974
4 1187 3889 3456 4072
4 3228 3870 2836 4653
4 3140 4317 4086 4891
4 3273 4196 3502 4415
4 2868 4193 3233 4287
4 1175 1140 1141 4181
4 3019 3408 3658 4956
4 3320 3092 3715 4866
4 3635 3919 3236 4642
4 2896 3887 3653 4840
4 3378 3647 2937 4388
4 2832 3209 4210 4526
4 3365 2897 3608 4553
4 3776 4690 3215 4852
4 703 3496 4001 4718
4 3543 3864 1407 4689
4 3192 3686 3366 4412
4 1073 1387 1071 3576
4 3541 4415 4342 4703
4 2909 3769 3289 4913
4 2965 3667 3836 4045
4 3117 4173 3954 4373
4 2633 4003 3600 5015
4 3765 3942 3018 4919
4 3167 4466 4114 4900
4 3205 4155 3540 4886
4 1156 3497 4142 4155
4 3142 4335 3356 4969
4 1301 3453 1302 4723
4 3526 3750 2922 4230
4 3758 3994 1624 4211
4 2818 3240 4343 4747
4 2824 3733 3590 4697
4 3762 4501 4144 4950
4 2929 3593 4198 4777
4 2829 3992 3583 5003
4 1105 1106 3457 4966
4 3033 4251 3461 4988
4 3064 3664 3261 4220
4 2853 3824 3265 4151
4 3013 4342 3853 4878
4 3424 2996 4062 4301
4 2755 2756 2654 3345
4 1266 4329 3693 5024
4 3009 3465 3779 4469
4 2858 3296 4355 4885
4 1155 4398 3729 4462
4 3812 4054 3340 4151
4 630 632 631 3966
4 888 4635 3854 4809
4 2903 3308 4273 4296
4 2993 3325 4121 4965
4 1543 4140 3333 4463
4 2926 4156 3260 4951
4 2871 3263 3861 4887
4 3762 3348 4501 4950
4 2824 3469 4240 4697
4 3186 4048 4343 4811
4 3284 4565 1575 4893
4 3207 3702 3247 4416
4 4328 4284 4851 4874
4 2821 3698 3550 4751
4 242 1415 241 3955
4 3063 3725 3954 4150
4 3223 3666 4948 5061
4 3437 4596 3141 4838
4 3114 3282 3865 5006
4 3340 4290 3391 4829
4 3008 3710 4680 5005
4 1119 3427 1203 4595
4 2827 3294 3920 3967
4 2758 2733 2732 4660
4 3371 706 4224 4785
4 1715 1714 1770 4344
4 935 620 876 3792
4 3153 3582 3396 4597
4 3467 3112 4316 4317
4 1421 1407 3543 4186
4 3427 4350 2968 4370
4 3629 4139 2965 4622
4 3433 3617 3926 4325
4 615 661 4427 4896
4 1562 3555 4245 4796
4 782 3496 4179 4737
4 1315 3556 1316 5001
4 139 3945 454 4657
4 3408 3532 3019 4199
4 2579 2581 3581 4839
4 1298 1297 1477 4305
4 2923 3445 4852 4923
4 2845 4517 3461 4568
4 1744 1655 3936 4376
4 1699 1619 3513 4614
4 3533 4055 3021 4404
4 3084 4956 3861 5030
4 3016 3730 3477 3857
4 402 13 2572 3620
4 3042 3498 4255 5049
4 3303 4097 2978 4240
4 3610 4960 4037 5007
4 3934 4249 2971 4280
4 3054 3507 3457 4966
4 3400 3753 3257 4465
4 3884 4279 3158 4551
4 3274 3923 3853 4280
4 2777 2805 2573 4405
4 991 3504 797 3815
4 786 3598 4179 4189
4 2828 3827 3571 4487
4 607 3387 608 4332
4 3251 4161 3510 4436
4 3252 4393 3509 4879
4 2992 4289 3834 4696
4 3433 3926 3131 4325
4 1258 1259 1177 4171
4 2903 3308 4296 4732
4 4012 4046 3046 4572
4 3234 3940 3397 4253
4 3201 3965 3615 4623
4 2883 4735 4104 4998
4 1375 1315 1316 5001
4 3787 2932 4225 4970
4 3250 3878 3588 4946
4 2880 3335 3616 4439
4 3096 3686 3366 4468
4 3349 4209 3094 4650
4 1251 1250 3599 4195
4 3993 4277 2680 4882
4 3536 2835 4079 4112
4 4174 4271 3113 4871
4 1774 4147 1682 5047
4 3636 4381 4339 4901
4 2867 3737 3641 4815
4 2938 3577 3734 4525
4 3173 3385 4185 4832
4 2836 4173 3933 4453
4 1575 4358 3284 4893
4 2874 4176 4642 4981
4 3333 1544 4262 4801
4 1473 1346 1036 3292
4 2927 3786 4438 4583
4 2876 3592 4194 4373
4 4207 4490 3463 4941
4 3076 4136 3318 4544
4 3252 3758 4393 4780
4 2982 3566 4223 4583
4 3611 4199 3532 4584
4 3006 3357 4364 4771
4 3622 4446 3036 4961
4 3902 4210 3209 4526
4 3408 3532 4199 4584
4 2811 4763 3499 4917
4 2931 3709 3497 4595
4 3036 4037 4392 5007
4 2977 3365 4208 4553
4 2970 4111 4649 4991
4 3522 3619 3318 4562
4 2611 3473 2619 4248
4 4249 4280 3934 4746
4 2919 3407 3842 4260
4 2835 4112 3536 4191
4 3347 818 4021 4402
4 1541 3378 1538 4801
4 3523 4866 3092 5022
4 630 3966 3774 4559
4 3669 4548 3216 4738
4 576 855 4071 4354
4 3026 3595 3321 4518
4 1345 1222 3693 4462
4 2990 3877 3219 4044
4 3530 3974 3231 4478
4 3929 4564 3241 4680
4 2882 3730 3477 4990
4 3565 4241 3078 4943
4 2969 3493 3486 3895
4 3100 3546 3862 4101
4 2913 3912 4483 4962
4 934 722 723 4036
4 2878 3488 3500 4479
4 3925 3933 3023 4309
4 226 3372 1429 4405
4 2876 3881 4666 4669
4 2866 4484 3425 4712
4 163 3631 1003 4437
4 584 961 1494 3504
4 3036 4037 3614 4392
4 3215 4232 1580 4690
4 2968 4370 4350 4721
4 2851 3767 3226 4030
4 1276 1201 3545 4141
4 1307 1419 3344 4707
4 3614 4392 4037 5007
4 1261 4117 3994 5000
4 1134 1130 3388 4620
4 870 872 4043 4198
4 2883 3503 3494 4998
4 1717 1654 1670 3938
4 3652 3974 2907 4478
4 2935 3211 3972 4213
4 2833 3849 3466 3924
4 1502 1456 1793 4237
4 3534 4650 2981 4932
4 3096 4468 3366 4858
4 3269 4157 1418 4888
4 2851 3223 4472 4948
4 248 249 1451 3901
4 2943 3825 4061 4067
4 3256 3815 2900 4454
4 3357 2972 4364 4771
4 3788 4603 3224 4752
4 3341 3607 2921 4825
4 3569 4075 2659 4539
4 3022 3488 3969 4730
4 3023 4286 3925 4309
4 3005 4380 3810 4710
4 3014 3758 3449 4494
4 2821 3288 3743 3880
4 1147 1238 1239 4161
4 786 4179 785 4189
4 2924 3199 4003 4887
4 2706 4093 2675 4283
4 1354 1181 1179 4397
4 3164 3591 3353 4568
4 164 478 165 3830
4 3554 3848 3044 5012
4 665 3874 678 4323
4 1179 3517 1181 4371
4 3312 3860 2932 4225
4 1433 4152 3659 4217
4 932 3474 3851 4434
4 4097 4939 3660 4973
4 3316 3020 4426 4810
4 3444 4891 4210 5002
4 3611 4115 821 4584
4 3666 3845 3176 4301
4 3851 4000 3383 4434
4 1419 1138 1307 3344
4 3090 4845 3532 4918
4 2600 4313 2602 4829
4 3529 4341 3917 4976
4 3937 4316 3197 4693
4 217 3970 3556 4711
4 1638 3479 1639 4501
4 1214 4022 4836 4856
4 3131 3926 3617 4325
4 3022 3493 4730 4945
4 4339 4381 3150 4901
4 1007 3609 793 5053
4 3354 4285 2935 5057
4 2945 3293 3804 4157
4 3655 3983 3167 5030
4 3353 3943 745 4849
4 2814 4421 3570 4767
4 3338 4257 3115 4931
4 3540 4574 3205 4886
4 3540 3964 3049 4727
4 2884 4388 3301 5014
4 3619 3743 3288 4201
4 2922 3229 3827 4536
4 2562 3406 4632 4698
4 928 902 675 3533
4 1523 1521 3348 4501
4 2987 3701 4384 5048
4 4390 4656 2864 5020
4 2992 3922 3175 4011
4 3302 4055 849 4354
4 2828 3971 3571 4557
4 2849 4564 3929 4680
4 3061 3851 3305 4124
4 3447 4270 3952 4508
4 3467 2943 4316 4832
4 2967 3755 4292 4453
4 2905 3683 3585 4164
4 3722 4016 1060 4577
4 3418 4052 3169 4414
4 2924 4172 3392 4544
4 945 968 3332 4386
4 3786 4223 3151 4583
4 3090 3532 3408 4584
4 3690 4321 3893 4390
4 1322 175 1038 3577
4 3893 4087 3002 4485
4 3002 4087 3574 4485
4 2979 4114 4466 4900
4 2895 4254 3260 4741
4 2851 4030 3610 5007
4 1324 1285 3772 3872
4 1112 3446 1393 4707
4 3040 3443 4345 4823
4 1046 231 3643 4685
4 1269 3618 1237 3980
4 3081 4285 3354 5057
4 3349 4010 3473 4949
4 3060 4104 3594 4945
4 1564 1717 1563 4168
4 2909 4399 3769 4913
4 3114 4645 3282 5006
4 3023 4122 3870 4931
4 3765 4756 3942 4919
4 3086 3694 3613 3908
4 3148 4120 3424 4288
4 3209 2832 4083 4526
4 3076 4276 3655 4789
4 2721 3840 2649 4566
4 3966 4318 3593 5065
4 3209 4526 2991 4529
4 2983 3436 3733 4561
4 2938 3734 4017 4525
4 3446 3890 1112 4828
4 608 3784 3387 4541
4 3765 4713 3228 4815
4 937 3976 3373 4709
4 2788 3631 2678 4093
4 1658 3946 3230 4871
4 933 4053 3885 4906
4 1388 1218 1182 3494
4 3084 3887 4956 5030
4 3543 4577 4456 4689
4 2939 3657 4069 4456
4 2883 4671 3963 4720
4 2993 4121 3244 4833
4 2960 3733 4240 5044
4 3695 3222 4488 5007
4 1352 4507 1144 4898
4 2966 4099 3935 4957
4 2817 3615 4623 4980
4 3104 3911 3370 3961
4 163 477 3631 4437
4 3044 3234 4253 4268
4 2913 4816 3609 5053
4 2967 3320 3624 5022
4 234 413 235 5024
4 2818 3632 4100 4968
4 1638 1639 1522 4501
4 2616 2609 2608 4488
4 1590 4638 3325 4965
4 1109 1374 3363 4966
4 2891 3573 4430 4847
4 457 141 456 3691
4 2906 4461 3285 4770
4 946 581 988 4224
4 1670 3938 1654 4376
4 2936 3778 3296 4355
4 2879 3841 3507 4793
4 2931 4586 3667 4903
4 3258 4042 3879 5042
4 2922 3750 3526 4602
4 3241 3929 3773 4564
4 3452 4246 3136 4581
4 975 3932 4362 5051
4 406 407 227 4272
4 3541 3853 3013 4342
4 2817 3328 3963 4196
4 1151 1152 1171 4117
4 1418 3663 1249 4955
4 3332 4661 4319 4933
4 2910 3690 3893 4390
4 2938 4017 3981 4525
4 3333 3230 3946 4450
4 3505 4218 3297 4761
4 2864 3162 3916 5020
4 2950 4097 3660 4973
4 1038 3577 175 4503
4 2836 3430 3624 5022
4 3064 3339 4047 4763
4 2863 3318 3983 4845
4 3107 4000 3474 4434
4 3064 4077 4047 4730
4 917 3885 933 4053
4 955 3691 141 4360
4 2939 3657 4456 5019
4 3474 4427 3304 4688
4 872 871 724 3603
4 2983 4246 3466 5044
4 3854 4056 1780 4809
4 3659 4152 3557 4217
4 3425 4712 3291 4848
4 687 705 688 3489
4 2814 4581 3947 5058
4 3679 4347 1705 4565
4 2948 3207 4083 4127
4 8 3945 1017 4738
4 2960 4240 3466 5044
4 2902 3634 3291 4712
4 3634 3905 3291 4712
4 733 3797 884 4538
4 1613 3758 1624 4211
4 3235 3960 3714 4677
4 1646 4061 1638 4144
4 815 812 603 4589
4 2911 3785 3306 4353
4 2850 3377 4078 4629
4 2964 3305 4124 4323
4 2586 3563 2755 4500
4 3627 4170 3175 4923
4 1170 1169 3723 5036
4 3673 3987 3082 4441
4 1738 1632 1616 3557
4 3909 4088 2997 4188
4 3597 4256 3790 4942
4 2906 3878 3588 4471
4 3125 4146 3524 4504
4 2876 3881 3403 4666
4 2857 4098 3312 4470
4 3204 3661 4835 4846
4 681 3874 3764 4765
4 2985 4075 3222 4226
4 3308 3716 2933 4260
4 3640 4671 3053 4992
4 3023 4010 3349 4949
4 3157 4088 3451 4188
4 4342 4415 3573 4703
4 2823 3265 4252 4883
4 1415 1257 1432 3715
4 1699 1727 1619 4614
4 2979 4533 3422 4636
4 3520 4129 3329 4409
4 218 217 1315 3556
4 711 1013 694 3686
4 3294 3000 4074 4750
4 2818 4747 3287 4968
4 2889 4185 3751 4640
4 3905 4712 3634 4938
4 841 3474 932 4434
4 2841 3443 3572 4334
4 2853 3824 3597 4243
4 3754 3862 3100 4477
4 2816 4307 3236 4769
4 3332 3764 3155 4386
4 3282 3114 4131 4645
4 3069 3257 4242 4985
4 2625 3600 2627 4238
4 2563 4657 3945 5034
4 3339 3039 4105 4256
4 3261 3664 3099 4455
4 3166 4409 3948 4686
4 3475 4516 3213 4863
4 648 650 651 3957
4 3095 4125 4568 4904
4 3515 4297 3345 4500
4 2942 3849 3452 4138
4 4118 4624 1643 5041
4 3409 4042 3258 4468
4 3327 3719 2988 3927
4 1073 3566 1075 4008
4 1539 1716 3704 4509
4 2941 3320 3723 4161
4 1001 3327 3855 4442
4 815 4038 812 4589
4 1029 1415 1432 3955
4 4026 4175 3439 4996
4 3066 3799 3332 4386
4 3190 3908 3694 4629
4 2663 4177 3393 4660
4 2978 3847 3564 4555
4 3255 4215 4171 4460
4 2817 3756 3328 4196
4 3729 3144 4903 5013
4 2870 4028 3948 4799
4 3037 4119 3898 4281
4 2883 3486 4104 4671
4 3467 4185 3385 4832
4 599 825 1016 4271
4 3888 4501 3348 4624
4 886 639 4046 4331
4 3245 3036 3928 4961
4 3423 3010 3947 4619
4 2906 3878 3265 4461
4 139 138 454 3945
4 1072 3566 4051 4808
4 3636 3150 4381 4901
4 1113 1110 1289 5062
4 2920 3613 3694 3908
4 3573 4132 3307 4342
4 2857 3312 3747 4470
4 2958 3635 4200 4769
4 592 3707 147 3800
4 3342 4067 2943 4086
4 3346 2683 4277 4448
4 2914 3790 3597 4256
4 2931 3667 4586 4626
4 3518 3813 3654 4686
4 2992 3175 3922 4170
4 3433 3926 3617 4867
4 1100 1099 3607 4876
4 1723 1687 1720 4573
4 3211 4485 3972 4824
4 2969 3866 3594 4366
4 880 3966 630 4559
4 2827 3793 3445 4558
4 2612 3391 2603 4313
4 3309 4040 3432 4977
4 3054 4618 3507 4966
4 2925 4250 3565 4529
4 1001 3327 952 3855
4 2883 3494 4482 4998
4 1539 3704 1709 4263
4 4241 4943 3565 5032
4 2685 2695 2690 3354
4 3337 3774 627 4850
4 2942 3529 3849 4138
4 942 811 781 4651
4 2894 3351 3665 4757
4 3379 4096 3798 4999
4 3013 4132 3573 4342
4 3328 4148 2912 4725
4 1069 1070 1071 4828
4 752 4053 3286 4651
4 3239 4203 1551 4379
4 1561 1562 1586 4245
4 1321 1465 1031 3734
4 2849 3773 3929 4564
4 3059 3316 3981 4426
4 3153 3582 3906 4169
4 3036 3622 4355 4927
4 3570 4206 3156 4820
4 3171 4492 3718 4733
4 3653 4466 3167 4900
4 625 875 4041 4758
4 3099 4540 4182 4848
4 3055 3979 3432 4508
4 3488 3500 4479 4730
4 748 889 750 3727
4 3138 3798 3996 4251
4 1412 1500 4152 4217
4 1533 1531 3309 5038
4 2996 4472 3666 4948
4 2579 3581 4348 4839
4 633 3966 3322 4838
4 3582 4169 3153 4534
4 3917 4341 3087 4976
4 632 870 631 3593
4 1622 4261 1721 4631
4 3289 4913 4399 5021
4 2910 3889 3680 4072
4 1525 1526 4144 4449
4 3104 3911 3605 4429
4 3339 3790 4256 4288
4 3660 3303 4097 4325
4 2832 3209 4083 4210
4 3210 3615 4443 4486
4 218 3556 1315 4497
4 2911 3785 4353 4889
4 724 721 3603 4779
4 4175 4717 3439 4996
4 1182 3494 1218 4389
4 2879 4464 3841 4793
4 3002 3281 3574 5020
4 3484 3719 2988 4635
4 3538 4079 3066 4387
4 473 474 160 4854
4 812 600 602 3381
4 1734 3554 1636 4118
4 2603 2612 2730 3391
4 705 688 3489 4786
4 606 3866 3387 4481
4 2561 4476 3799 4964
4 2950 4451 3312 4470
4 2885 3628 4628 4969
4 3278 3045 3936 5023
4 1171 4117 3244 4833
4 3072 3215 3902 4232
4 2671 2689 3809 4297
4 3564 3894 3005 4266
4 3234 3397 3940 4983
4 3633 3861 3263 5030
4 1544 1556 1555 4262
4 2836 3523 4452 5022
4 1229 3836 1430 5024
4 2887 3998 3357 4771
4 3175 3872 3627 4923
4 3167 3653 4007 4466
4 1722 3480 1747 3855
4 2676 3492 2665 4006
4 3048 4254 4001 4391
4 2833 3466 3995 4266
4 630 3774 3966 5065
4 1432 1411 1029 4499
4 4457 4550 3220 4938
4 3177 2975 3631 4021
4 2814 3355 4111 4581
4 3267 4353 3785 4889
4 3304 4688 3931 4896
4 740 4772 3438 4785
4 2891 4430 3502 4847
4 3706 3949 3325 4790
4 14 3945 8 4738
4 2876 4373 4194 4666
4 234 3629 413 5024
4 1636 4118 3554 4624
4 801 800 973 3458
4 1066 1115 4159 4689
4 2967 3624 3430 5022
4 2950 4336 3312 4451
4 2985 4226 4030 4648
4 3972 4485 3202 4824
4 3170 4620 3713 5062
4 3750 2922 4230 5021
4 3101 3734 4017 4776
4 3670 3708 3215 4344
4 2826 4556 3291 5046
4 2879 4207 3463 4941
4 2973 3409 3879 4475
4 3397 2983 4015 4561
4 3111 3856 3831 4563
4 2767 3869 3269 4006
4 3033 3661 4338 4846
4 2691 4448 2683 4806
4 3482 3946 1660 4871
4 3080 4114 3350 4617
4 3937 4316 3535 4317
4 2850 3436 3977 4078
4 1645 3746 1647 5035
4 3031 3861 3376 5025
4 663 662 671 4559
4 2941 3320 4161 5022
4 3546 4454 4101 4600
4 1233 3841 1399 4836
4 3679 3776 3284 4565
4 2913 3916 3912 4962
4 3029 3987 3673 4441
4 741 743 744 4125
4 3751 4185 3173 4640
4 3054 3457 3507 4941
4 2689 3809 3401 4684
4 1163 1165 1166 3375
4 646 846 3440 4496
4 1072 1121 1075 3566
4 2927 3566 3786 4583
4 3389 4231 3580 4564
4 3065 3433 4249 4867
4 712 3347 816 4908
4 3155 3764 3332 4661
4 911 3931 3305 4896
4 1367 3543 1407 4689
4 2996 3413 4472 4948
4 1676 1609 1672 4058
4 1524 1636 1642 3554
4 2991 4149 3209 4529
4 3264 4410 3469 4973
4 3591 3996 3146 4251
4 1466 1187 3456 4072
4 624 874 627 3337
4 3432 3055 4192 4977
4 3347 3107 4332 4402
4 3101 3690 3456 4656
4 2981 3801 3610 4948
4 3220 4457 3970 4550
4 3126 3344 3793 4420
4 3391 3960 2730 4177
4 3166 3329 4409 4686
4 2989 3731 3884 4551
4 1657 4203 3759 4379
4 1790 3504 1684 4827
4 3276 4287 3142 4724
4 2706 2784 4093 4853
4 2849 3929 3773 4172
4 3472 3833 3135 4294
4 1321 3734 173 4071
4 948 590 1024 3637
4 3687 4027 3276 4370
4 3022 3594 3866 4366
4 2987 3971 3571 4487
4 2979 3816 4533 4636
4 812 4038 3381 4589
4 1525 4268 3326 4361
4 2822 3589 3748 3981
4 3060 3674 3381 4440
4 2926 3253 4048 4747
4 3025 3974 3652 4576
4 3465 3829 3165 4886
4 3208 4406 4063 4602
4 1571 3319 1572 4893
4 2833 3732 4520 4976
4 1555 1563 1658 4168
4 3754 4212 3862 4477
4 3382 4225 3512 4643
4 4144 4501 3348 4950
4 836 3609 4679 5051
4 2832 4210 3902 4526
4 2997 4340 3279 4678
4 3397 4253 3940 5028
4 3321 3816 4518 4743
4 3510 3838 2941 4204
4 2641 3768 4044 4330
4 3559 3057 4033 4554
4 3026 3321 4180 4533
4 2921 3821 3625 3984
4 2775 2795 2564 3956
4 2971 4249 3934 4770
4 2987 3369 4041 4758
4 3430 3624 2967 4453
4 3241 3008 3929 4680
4 3254 3025 3974 4705
4 2792 474 473 4854
4 3096 3686 4639 4924
4 2943 4086 4067 4832
4 2751 2609 2617 3639
4 1074 1070 1068 4159
4 3021 3991 3916 4512
4 2950 4647 4097 4973
4 3280 3963 3604 4720
4 2603 4313 3391 4829
4 3165 4155 3497 4886
4 2875 4328 4851 4874
4 3412 3948 2870 4028
4 216 1032 1316 3970
4 3226 3610 3441 3801
4 2836 4452 3430 5022
4 3018 3744 3523 4713
4 2823 4883 4252 4946
4 2961 3220 3885 4227
4 2993 4121 3491 4965
4 1322 3734 3577 4195
4 1169 1327 1146 3723
4 3079 3663 3804 4955
4 3075 3645 3300 4701
4 606 898 760 3866
4 3025 3511 4234 4665
4 2892 3890 3446 5018
4 2961 3286 4053 4651
4 1312 1177 4171 4460
4 3573 4089 3837 4992
4 2569 3818 3384 4905
4 2838 3425 4269 4534
4 1590 1612 1588 4638
4 3265 4151 3710 5005
4 2990 3241 3773 4564
4 3631 3830 2975 4093
4 3606 3904 3043 3914
4 3108 3769 4399 5021
4 3258 2899 3741 4858
4 473 160 159 4854
4 3853 3923 2840 4249
4 936 932 769 4434
4 3264 4647 4451 4973
4 3534 3738 2933 4519
4 1526 1646 4144 4449
4 800 3458 801 5060
4 3274 3923 4549 4694
4 3678 4458 3017 4480
4 3066 3398 3799 4706
4 1562 1621 1599 3555
4 1454 3416 1025 4128
4 3102 4439 3335 4599
4 2926 3602 3898 4261
4 709 4323 678 4765
4 2840 3433 3847 4325
4 2971 3588 3435 4770
4 2955 3478 3910 4680
4 3301 3886 3122 4934
4 3931 4688 4608 4896
4 3870 4309 3094 4949
4 3311 4164 3585 4682
4 3535 4316 3112 4317
4 2904 3808 3428 3882
4 2961 3835 3396 4227
4 3569 4264 3796 4574
4 3676 4321 3403 4788
4 1336 3497 3903 4142
4 3695 4248 3119 4488
4 3350 4114 3422 4900
4 3282 4645 4131 4754
4 2922 4536 3750 4602
4 3265 2955 4151 4252
4 685 3371 4401 4785
4 3325 3042 3612 4790
4 2918 3257 3747 4451
4 1037 1740 3872 4909
4 3262 2854 3899 4659
4 3584 4293 3043 4744
4 3263 2871 4235 4395
4 3357 3998 2972 4771
4 2922 3285 3867 4862
4 2833 4266 3367 4296
4 3340 4151 4054 4829
4 2941 3838 3553 4204
4 973 1752 1751 3854
4 4540 4556 3307 4848
4 3113 4271 3938 4871
4 2926 3260 4254 4951
4 3498 3848 3042 5012
4 1783 4170 3922 4842
4 592 3707 3800 4616
4 3323 3004 4066 4344
4 1363 3896 3806 4625
4 841 661 932 3474
4 2947 3788 3429 4515
4 3534 4209 2981 4650
4 928 3533 1010 5053
4 3403 2910 4108 4788
4 473 3542 2792 4854
4 1032 215 1423 3763
4 3072 4210 3444 4891
4 4262 4312 3103 4801
4 3947 4581 3452 5058
4 709 3561 4323 4765
4 3219 3993 2908 4530
4 2658 4075 2744 4539
4 3043 3584 3789 4293
4 977 592 904 4616
4 4171 4215 3049 4727
4 3558 4276 3567 4731
4 600 4440 3381 4812
4 2940 4603 3788 4752
4 2939 4510 3247 5019
4 1393 1112 1311 4828
4 3120 3330 3720 4474
4 2854 3918 3899 4549
4 2953 3809 3515 4049
4 3040 3443 3650 4762
4 3438 4145 3371 4785
4 1257 1445 3320 4221
4 3191 4474 3646 4991
4 2888 3839 3484 4365
4 798 3238 797 4827
4 3014 3390 4306 4546
4 3840 3115 4122 4931
4 2978 3564 3847 4860
4 3042 3700 3498 5049
4 881 882 880 3552
4 2959 3641 3735 4863
4 2820 3329 4502 4995
4 3655 4547 3208 4609
4 2900 3815 3256 4831
4 1600 3627 1714 4344
4 3151 4032 3891 4346
4 3451 4396 3004 4734
4 3546 4101 3100 4600
4 763 737 759 4584
4 2663 3393 4177 4834
4 3878 3139 4881 4883
4 994 3551 570 4616
4 3934 4746 3285 4770
4 2754 2698 2666 3471
4 2918 3921 3914 4431
4 2833 3849 3352 4976
4 2902 3634 4712 4938
4 2821 3880 3743 4751
4 1185 3659 1260 3681
4 3035 3970 4457 4550
4 866 3611 821 4584
4 2845 3996 3591 4251
4 2817 3963 3328 4623
4 2881 3516 3749 4688
4 3930 4835 3661 4846
4 3035 4550 4457 4938
4 2914 4256 3714 4677
4 2965 3569 3796 4574
4 168 597 169 3324
4 2988 3839 3458 4781
4 3774 4318 3966 5065
4 2984 3982 3485 4745
4 2935 3805 4213 4824
4 3617 4867 3926 4878
4 1504 590 1762 3637
4 3087 3605 3911 4429
4 2818 3630 3287 4293
4 2877 4673 3443 4972
4 3097 4537 3924 4979
4 893 4202 738 4401
4 212 4060 3594 4560
4 2642 2751 2617 3639
4 2996 3424 4298 4301
4 2877 3443 4345 4972
4 3718 4607 3394 4733
4 2827 3485 3793 4558
4 2898 3449 4135 4393
4 2960 3466 4240 4860
4 424 3901 247 4433
4 1484 4237 1028 4494
4 3826 4132 3013 4167
4 1245 1265 3293 4389
4 3029 3828 3482 4441
4 3663 3804 3269 5016
4 2836 3624 3523 5022
4 239 3406 1047 4632
4 2966 3953 3398 4099
4 1327 1248 3962 4221
4 2653 2652 2679 3401
4 2863 3983 4544 5030
4 945 4740 3332 4768
4 3747 4470 4451 4647
4 2943 4086 4317 4891
4 3316 3690 3020 4810
4 1126 1131 1125 3415
4 3273 4415 2891 4915
4 2846 4349 3330 4633
4 832 827 824 3697
4 3115 4123 3338 4803
4 2884 3671 3941 4343
4 2820 3654 3282 5006
4 3004 3451 4050 4396
4 2821 3550 4299 4751
4 1134 1130 1151 3388
4 2856 4264 3796 5029
4 3041 4141 3547 4864
4 2982 4223 3786 4583
4 3626 3865 3010 5031
4 3060 3594 4589 4945
4 3198 4027 3668 4287
4 2800 2734 2807 4005
4 1539 1709 1546 4263
4 223 1053 1427 3620
4 3081 4453 3755 4566
4 1524 4361 3348 4624
4 3610 4030 3119 5007
4 3128 4030 3695 4467
4 2900 3814 3368 4600
4 945 968 979 4768
4 2804 2692 3621 4806
4 1682 1774 1684 4147
4 1156 1338 1336 3497
4 3194 4228 4105 4610
4 1735 3479 1638 4061
4 1582 3670 1593 4716
4 3437 4596 3322 4613
4 719 717 718 4115
4 3666 3801 2981 4948
4 2822 3879 4042 5042
4 3182 4350 4370 4721
4 2947 3579 3906 3978
4 1780 3854 1706 4056
4 2926 4018 3287 4254
4 1073 1071 1072 4051
4 2964 4557 3571 4994
4 3096 3823 3577 4531
4 2837 4381 3636 4783
4 4066 4344 3004 4663
4 2816 3954 3403 4373
4 2664 2676 2665 4006
4 998 4594 3297 4761
4 2843 3646 3742 4233
4 2963 3746 3309 4040
4 1590 1612 4638 4965
4 1365 1083 4068 4350
4 2989 3884 3838 4204
4 2993 3244 4117 4833
4 2614 4177 2731 4660
4 1185 1145 1144 3395
4 3907 4246 3466 4697
4 3074 4273 4090 4296
4 2980 3467 3762 4832
4 3520 4129 3068 5002
4 3419 3658 3019 4753
4 3906 3978 2819 4597
4 3352 4381 3356 4997
4 2614 4290 4177 4660
4 4407 4499 3715 4866
4 1036 3956 3292 4329
4 2988 3327 3927 4056
4 1674 4344 1749 4663
4 4308 4677 3339 4774
4 3012 3821 3831 4193
4 671 4110 3227 4401
4 2980 3762 3479 4832
4 1247 1264 3540 4727
4 3462 3665 3254 4705
4 1583 4716 3825 4890
4 2982 3786 3566 4583
4 3335 3214 3967 4990
4 3371 4110 685 4401
4 3080 3350 3662 4617
4 3339 4256 2914 4677
4 3001 3404 3961 4438
4 1774 3238 4652 4827
4 3674 3859 3717 4735
4 3914 4368 3606 4374
4 240 1029 1410 3955
4 892 847 846 3726
4 3393 2966 4079 4935
4 3178 3919 3236 4307
4 3047 4139 3629 4622
4 3291 4556 4540 4848
4 3065 3229 4098 4113
4 654 657 4627 5039
4 3022 3866 3594 4481
4 1598 1575 4565 4893
4 2846 3316 4633 4810
4 3131 3926 3429 4802
4 2926 3898 3584 4018
4 3282 2904 3654 4315
4 2930 3700 4255 4262
4 3788 4116 3913 4603
4 3163 3642 4712 4938
4 3190 4078 3733 4629
4 3561 4124 3061 4459
4 3497 3903 3427 4595
4 720 868 4043 4940
4 3210 3439 3869 5016
4 3179 3907 3469 4697
4 3702 4416 2892 5019
4 2921 3984 3625 4825
4 3381 4038 812 4812
4 3235 4163 3177 4797
4 2875 3331 4031 4857
4 3418 3688 3042 5049
4 1583 1582 4716 4890
4 3377 3605 2960 4278
4 3011 3783 3410 3939
4 3347 4038 816 4908
4 3667 3796 2965 4139
4 3597 3052 4256 4942
4 3205 4045 2965 4574
4 2943 4316 3937 4317
4 3733 4078 3436 5044
4 2920 3290 3660 4267
4 2983 3466 4246 4697
4 475 162 161 3817
4 3483 4811 3240 4951
4 1320 1252 1467 4084
4 3290 2920 3694 4267
4 2967 3624 3338 4453
4 1373 4314 3568 4505
4 1481 3416 1349 4644
4 2903 3716 4732 4739
4 2990 3773 3698 4760
4 3055 4263 3876 4379
4 2864 4656 3690 4776
4 2962 3365 4189 4926
4 1375 1316 1317 4016
4 1735 1596 1603 4067
4 3040 3986 3585 4394
4 630 3774 629 4559
4 3270 2949 3771 3944
4 705 3672 783 4786
4 3090 3611 3532 4584
4 3159 4247 3468 4729
4 3096 4639 3823 4924
4 3107 4402 3383 4434
4 1099 1098 4505 4876
4 1638 4061 3479 4144
4 3107 3784 3387 4332
4 2888 3766 4095 4365
4 2626 2633 3600 5015
4 2842 3321 3914 4374
4 2894 3665 3351 4665
4 422 3519 245 4859
4 1276 1274 1435 4978
4 3662 4617 4536 4794
4 679 4418 847 4718
4 2939 3485 4074 4510
4 3462 4705 3254 4920
4 2853 3867 4243 4862
4 1252 1323 1464 4084
4 2825 3961 3404 4438
4 892 3726 846 4814
4 2952 3501 4375 5061
4 2907 3530 3791 4426
4 3942 4756 3083 4919
4 3282 3865 2934 4131
4 3610 3119 4960 5007
4 1473 1346 3292 4516
4 2829 3653 3299 4466
4 2957 3640 3596 3939
4 2873 3869 3439 5016
4 748 745 3943 4849
4 913 3505 907 4218
4 2720 2770 2771 4123
4 2990 3698 4231 4760
4 2628 2618 2745 4248
4 2939 4456 3485 5019
4 2765 3519 2556 4433
4 3490 3078 4347 4693
4 3239 3968 3306 4338
4 3367 4266 3005 4380
4 1392 3841 1398 4836
4 867 774 772 4442
4 3121 3549 3521 4719
4 2987 4758 4041 5048
4 3529 3087 4341 4976
4 3887 3167 4007 5030
4 932 3474 661 4896
4 3014 4306 4504 4546
4 744 745 746 4125
4 4073 4089 3455 4703
4 3072 3444 4210 4775
4 4249 4746 3934 4770
4 1693 1695 1692 3477
4 932 3851 3474 4896
4 2874 3919 3635 4642
4 3011 3596 3640 3939
4 3071 3479 3762 4316
4 2857 4320 4470 4985
4 3052 4749 4256 4942
4 3870 4178 3228 4257
4 1266 1222 3693 4329
4 3179 4015 3907 4697
4 3322 4596 3437 4838
4 4121 4638 3491 4965
4 886 887 885 4695
4 3082 4441 3946 4593
4 1197 3909 1195 4646
4 641 891 3608 4208
4 3366 3686 3192 4468
4 1695 3477 1693 4691
4 1168 1177 1167 4004
4 1647 1531 1534 5038
4 3964 3195 4264 4822
4 2928 4499 3406 4863
4 2830 3463 3884 4552
4 2997 3846 3279 4340
4 2941 4204 3553 4452
4 3079 3965 3663 4302
4 3333 4140 2884 4884
4 249 426 427 3669
4 669 4627 3950 4719
4 3266 4198 886 4331
4 3291 3905 3895 4712
4 2880 3335 4439 4599
4 3057 3781 3559 4033
4 2698 2666 3471 5043
4 3279 3846 2870 4340
4 3221 3755 3519 4433
4 4191 4913 3459 4987
4 1008 583 1007 3162
4 3451 3909 3068 4188
4 2715 2718 2745 4588
4 3371 3458 3028 4224
4 3286 3105 4153 4989
4 1462 4195 4503 4723
4 4173 4292 3430 4967
4 1149 1129 1364 3544
4 3057 3998 3752 4922
4 3261 4000 4244 4369
4 1351 1116 4333 4655
4 782 4001 3496 4737
4 3642 2902 4712 4938
4 2831 3969 3674 4308
4 2984 4577 3722 4745
4 3010 3248 4294 4619
4 2906 3588 3878 4461
4 2909 3289 4387 4913
4 925 735 3658 4753
4 3053 3502 3573 4430
4 3294 4074 3514 4750
4 661 3474 4427 4896
4 1429 3372 1041 4405
4 3081 4292 3755 4453
4 3671 4343 3186 4682
4 3349 4511 4209 4650
4 2921 3625 3553 4825
4 778 3598 786 4189
4 3692 4021 817 4402
4 2770 4123 2720 4905
4 2842 4012 3422 4295
4 2677 3492 2676 4070
4 3536 4913 4191 4987
4 3807 3918 2854 4549
4 3384 3818 2967 4905
4 3597 3824 3070 4243
4 1239 1389 1371 3510
4 2995 3268 4181 4754
4 2907 4394 3696 5037
4 3375 3881 3251 4305
4 1053 3620 223 4888
4 1327 1257 1445 3320
4 3004 4734 3444 4947
4 3930 3033 4251 4846
4 2775 3629 2575 4622
4 592 147 148 3800
4 3289 3459 4913 5021
4 1702 3946 3482 4441
4 2817 3963 3280 4130
4 3490 3977 3078 4693
4 620 935 931 3638
4 961 995 598 4477
4 1037 1784 1740 4909
4 2654 3345 2756 5026
4 3573 4342 2891 4415
4 3285 3934 3070 4917
4 2886 3610 3349 4650
4 3659 4152 3188 5052
4 2893 4129 3444 4734
4 2900 3353 3815 4831
4 3413 3666 2996 4301
4 2735 2624 2615 3476
4 3182 4492 3718 4721
4 3206 3925 4286 4591
4 3216 3945 3145 4216
4 3670 3708 3004 4775
4 3062 3539 3568 4133
4 3482 3946 3230 4450
4 3902 4526 3209 4529
4 2879 3248 4351 4464
4 3099 3749 3261 4455
4 3338 4566 2721 4905
4 3051 3932 4362 4830
4 1276 4141 3545 4978
4 3469 2978 4465 4647
4 3060 4589 4440 4945
4 1535 1536 3876 4667
4 3700 4255 3498 5049
4 1114 3713 1130 4620
4 1008 4055 3162 5053
4 3485 4510 4416 4558
4 2823 3358 3845 4946
4 3660 4939 3124 4973
4 3256 4454 2900 4831
4 232 233 1446 3643
4 3355 4111 2970 4953
4 150 3297 998 4594
4 2970 3650 3355 4953
4 3289 3459 4191 4913
4 1483 1255 1453 3858
4 3352 2942 4976 5058
4 2977 3365 4029 4208
4 2836 3523 3725 4452
4 2909 3538 3476 3883
4 2626 2633 2627 3600
4 898 851 852 3866
4 2977 4029 3797 4613
4 1246 1272 1221 5000
4 855 3448 4354 4910
4 916 927 3844 4826
4 676 3951 692 4404
4 3705 4597 3402 4604
4 2939 4073 3826 4089
4 1540 1538 3378 4667
4 3913 4310 3203 4643
4 2810 3605 4278 4337
4 3785 4353 3267 4937
4 2830 3838 3553 4552
4 2996 3928 3296 4472
4 3271 2907 3791 5037
4 869 3593 870 4043
4 1087 3394 1086 4733
4 2836 3624 3430 4453
4 3234 2937 3863 4983
4 1614 3736 1586 4781
4 3050 4603 3844 4692
4 2978 3894 3564 4266
4 2827 3730 3973 3982
4 2990 4231 4564 4760
4 3167 4466 3795 4547
4 3479 4144 3762 4501
4 3289 4191 3536 4913
4 3346 4448 3621 4806
4 1385 1411 1234 3715
4 3880 3974 3025 4576
4 2990 4564 3773 4760
4 1109 3363 1389 5063
4 1776 1694 3754 4212
4 1087 3394 3808 4655
4 2973 3585 3671 4345
4 1583 1582 1584 4716
4 778 786 785 4189
4 2743 2749 3508 4539
4 4025 4445 3217 4980
4 1086 1084 1331 3718
4 2961 3396 3835 4611
4 4086 4317 3467 4832
4 3799 4403 2739 4964
4 1519 4501 3888 4624
4 2743 4236 3508 4622
4 2875 4310 3913 4643
4 871 885 724 4695
4 3178 4307 3236 5066
4 1590 1595 1601 4211
4 2816 3403 3676 4321
4 3430 4292 4173 4453
4 3062 3607 3481 4876
4 1524 3348 1521 4624
4 3074 3807 3334 4273
4 1422 3763 1235 4186
4 660 3495 959 4106
4 1197 1202 1195 3909
4 3097 4162 3380 4782
4 2827 3730 3335 3967
4 3131 3926 3433 4897
4 2919 3842 3407 4895
4 3063 3403 3954 4967
4 2885 4339 3352 4381
4 3127 4015 3572 5028
4 611 612 613 4427
4 4098 4113 3229 4914
4 3425 3749 3034 4484
4 2930 4414 3418 5049
4 994 570 3551 4699
4 2842 3321 4374 4636
4 2575 3629 2776 4236
4 2567 3669 2763 4738
4 2816 3236 3972 4769
4 3049 3964 4264 4822
4 3525 4528 728 4695
4 3350 3007 4165 4304
4 636 637 3437 4838
4 3175 4170 3973 4923
4 2850 4078 3377 4341
4 3486 3493 2969 4104
4 2825 3628 3961 4408
4 3606 3914 3043 4368
4 2869 3513 4241 4943
4 3004 3451 4734 4947
4 3379 4096 3660 4952
4 1095 3856 1092 4034
4 2811 4220 3645 4455
4 725 728 4528 4695
4 2848 4504 4146 4899
4 3666 3807 3176 3845
4 2854 4062 3273 4659
4 3995 4266 3466 4860
4 3279 4340 3909 4678
4 3310 3527 3676 4587
4 3309 3876 1533 5038
4 730 4606 4528 4875
4 2575 412 2776 3629
4 2977 3322 4383 4596
4 1307 1067 1112 3890
4 2810 4073 3782 4813
4 2866 4077 3488 4366
4 247 1045 1455 3901
4 656 3559 654 4627
4 650 3957 648 4160
4 3242 4709 3057 4755
4 3089 4156 3602 4951
4 1249 1418 1447 3663
4 1257 1049 1445 4221
4 1597 4067 3342 5017
4 1300 1187 1476 3889
4 3662 3712 3174 4585
4 4232 4716 1582 4890
4 636 637 638 3437
4 831 829 830 3828
4 936 769 804 3383
4 3131 3579 4802 4952
4 2870 3948 4409 4686
4 2961 3470 4454 4726
4 2877 3585 3753 4972
4 3021 4354 3991 4925
4 2613 2704 2621 4228
4 3141 4198 3593 4777
4 3042 3688 3418 4019
4 2895 3987 3314 4741
4 4129 4734 3068 5002
4 2569 3384 2770 4905
4 1625 3336 1799 4736
4 167 8 1017 4738
4 1269 1189 1237 3618
4 2866 4366 3488 5064
4 2885 4524 3628 4969
4 2562 418 417 3406
4 3923 4249 3435 4555
4 3247 4416 3702 5019
4 3559 4554 654 5039
4 3131 3379 3660 4952
4 1148 4004 1167 4460
4 638 636 3437 4572
4 3125 3852 3554 4624
4 2937 3647 3313 4192
4 2886 3870 4178 4902
4 3963 4422 3604 4720
4 3264 3528 3469 4410
4 3228 4178 3870 4902
4 3533 4816 2913 5053
4 2844 3892 3915 4512
4 1085 1086 1087 3394
4 1192 1191 1193 3896
4 2788 2568 3830 4853
4 1639 3479 3988 4501
4 3039 4105 4228 4610
4 3017 4480 4458 4837
4 1106 1108 3457 5063
4 4226 4648 2985 5029
4 3380 4732 3716 4739
4 3073 4351 3248 4464
4 3455 3782 2974 4346
4 3283 3993 2681 4882
4 3079 3293 4389 4955
4 3266 4198 3603 4695
4 2769 3372 2573 4717
4 1630 4128 3751 4582
4 3069 4063 3468 4757
4 2727 4283 2621 5011
4 1745 4174 3482 4871
4 3040 3271 4762 5037
4 2743 2742 2749 4539
4 1644 1530 3490 4023
4 3073 3980 3545 4135
4 3134 4470 4320 4985
4 3454 3562 3272 4319
4 2722 2598 2601 4829
4 3717 3804 3280 4443
4 3007 3603 3431 4779
4 754 926 4199 4753
4 1429 4171 3372 4272
4 2842 3914 3606 4374
4 1752 1498 1743 3458
4 1272 4494 1221 5000
4 64 63 527 471
4 354 353 2276 410
4 608 3387 606 4541
4 761 781 758 4651
4 2897 3606 4363 4553
4 3521 3549 3121 4201
4 3710 3910 2955 4883
4 2877 3753 3400 4972
4 3440 3608 4496 4814
4 1167 3255 1177 4460
4 2996 4062 3273 4915
4 1562 1621 3555 4796
4 1032 216 215 3970
4 742 779 743 3844
4 3410 3091 3864 3939
4 3752 4033 3057 4554
4 3218 3662 4536 4794
4 3216 3145 3945 4491
4 3968 4251 3033 4846
4 3060 3682 3674 4440
4 3801 4024 3334 4932
4 915 749 753 3815
4 3068 4333 3395 4409
4 3012 4126 3821 4193
4 1550 4338 3239 4921
4 3057 3752 3976 4922
4 3747 4451 3257 4647
4 3111 3882 3428 4841
4 591 943 1511 3855
4 903 736 737 4676
4 2989 3838 3510 4204
4 863 718 3575 4258
4 1216 1060 4016 4577
4 1671 1661 3938 4271
4 2840 4249 3433 4867
4 3463 4490 3884 4552
4 2957 3596 3864 3939
4 3224 3164 4603 4692
4 1745 3828 3482 4174
4 2990 4044 3768 4330
4 3011 3410 3783 4397
4 1495 3480 1786 4102
4 419 241 240 3955
4 3491 4121 3045 4638
4 3543 4456 3091 4689
4 3286 4153 3727 4989
4 1636 1643 4118 4624
4 3476 2909 3883 4411
4 220 842 3862 4212
4 1120 1118 1119 4350
4 2722 2601 2604 4829
4 2862 4286 3925 4591
4 2288 353 352 410
4 471 64 65 519
4 2768 4006 3620 4070
4 3907 4240 3469 4697
4 3592 4292 4173 4967
4 3083 3821 3625 4126
4 1631 3751 1630 4128
4 3360 3714 3039 4228
4 2878 4000 3359 4369
4 3733 4561 3590 4697
4 2885 4381 3352 4997
4 3714 3960 2914 4677
4 3215 3708 3670 4775
4 3374 4379 3239 4921
4 3838 4204 3884 4435
4 3024 3393 4387 4935
4 3129 4478 3991 4512
4 1665 1773 4237 4546
4 1726 4312 1729 4801
4 3810 3894 3097 4380
4 1519 1521 4501 4624
4 709 3561 710 4323
4 3140 4502 3329 4995
4 3000 3514 3826 4074
4 3122 4334 4052 4823
4 3028 3839 3458 5009
4 3024 4387 3393 4660
4 3646 4311 2843 4991
4 2960 3995 3605 4520
4 1168 1179 1178 4302
4 1215 3545 1201 4856
4 3134 3257 4465 4647
4 3710 3108 4542 5005
4 3115 3735 4123 4803
4 3057 4709 3950 4755
4 3006 3632 3287 4391
4 2735 3538 2746 3883
4 3915 3916 2913 4962
4 797 3504 991 4827
4 3275 3632 3630 4364
4 245 3519 423 4433
4 3969 4479 3500 4730
4 3770 4154 3186 4580
4 3050 3638 4116 4826
4 1337 1066 1115 4159
4 1349 4644 3416 4864
4 2827 3294 3967 4074
4 3326 2865 4598 4950
4 2842 3914 3321 4180
4 3460 2867 4815 4877
4 2873 3804 3663 5016
4 4788 4810 4020 5004
4 3315 3208 4230 4609
4 3560 3595 2918 3921
4 3954 4373 4173 4967
4 1039 3503 4060 4560
4 1082 1350 3412 4655
4 3006 4197 3357 4771
4 2600 2708 2723 3622
4 2872 3662 4304 4987
4 3165 4142 3497 4155
4 3347 4021 816 4038
4 3297 4594 3376 4761
4 3372 3869 3269 4405
4 3519 3755 2967 3818
4 2788 478 3631 3830
4 3555 3898 3077 3927
4 2884 3941 3671 5059
4 1278 1054 1056 3834
4 3015 4337 3277 4694
4 3295 4101 3835 4599
4 3635 3919 4200 4769
4 3161 3548 4423 4944
4 3296 3928 2858 4355
4 3460 4126 3012 4193
4 1007 836 793 3609
4 344 13 3 2270
4 3357 3811 2887 4197
4 3232 2992 4013 4691
4 2921 3744 3656 4382
4 3335 3835 2882 4599
4 3264 4580 3528 4894
4 2974 3756 4196 4346
4 3787 4205 3229 4970
4 3770 3921 3253 4154
4 763 737 4584 4868
4 586 3823 3697 4664
4 3833 4146 3649 5054
4 3512 4031 3766 4493
4 210 209 1309 3682
4 3169 4311 3780 4630
4 3660 4097 3303 4267
4 3038 4421 3699 4865
4 3050 4310 3701 4384
4 2919 3636 4820 4895
4 1479 3836 3629 5024
4 2824 3432 3590 4798
4 3529 4341 3087 4520
4 2748 2680 2729 4277
4 2906 3285 4461 4542
4 3375 4108 3881 4669
4 2853 3597 3824 4928
4 2581 2580 2579 3581
4 1734 1642 1636 3554
4 600 3381 812 4812
4 3554 3852 3348 4624
4 1639 1638 1735 3479
4 3440 3957 2972 4160
4 1340 1269 1237 3980
4 3160 3981 4017 4525
4 162 3817 475 4437
4 1582 1701 1593 3670
4 2948 3370 3911 4127
4 924 4046 921 4807
4 1172 1250 1461 4723
4 3683 3585 4164 4682
4 3555 4245 3037 4327
4 2876 3881 3430 4967
4 3364 4450 3333 4884
4 2718 3794 2795 4622
4 1704 1702 1660 3482
4 730 907 4528 4606
4 2800 3777 2734 4005
4 3450 4456 4577 4689
4 2823 4252 3245 4473
4 2648 4122 2638 4766
4 3039 3714 4283 5011
4 3016 3319 3757 4954
4 3380 4380 3097 4732
4 572 947 4594 4761
4 2837 4190 3636 4381
4 1644 4023 3490 4449
4 3784 4427 3034 4764
4 3504 3815 991 4870
4 595 3336 796 4737
4 14 2 45 511
4 73 3 13 520
4 3553 3744 2921 4382
4 2957 3745 3640 3837
4 2876 4194 3592 4292
4 3508 4236 2965 4622
4 3032 3914 3595 3921
4 3321 4533 3816 4636
4 1466 3456 1319 4432
4 3352 4976 3849 5058
4 2937 3234 3940 4983
4 899 3752 650 4160
4 3061 3935 3775 4784
4 3275 3632 4364 4771
4 1393 3446 4088 4707
4 1540 3378 4509 4667
4 1762 3637 948 4352
4 2968 3394 3718 4607
4 1245 1265 1310 3293
4 2585 2586 2583 3805
4 1773 1514 4080 4791
4 3319 1571 4545 4893
4 3371 3067 4401 4785
4 2810 3685 3911 4444
4 678 4323 3874 4765
4 3499 2994 4047 4763
4 1610 1608 1611 4593
4 2909 4319 3272 4913
4 3545 4022 1201 4856
4 972 4652 798 4827
4 3276 3142 4287 4408
4 2872 4304 3562 4319
4 1065 1063 3450 4420
4 1007 3162 583 3999
4 2809 3810 3894 4537
4 2648 3840 4122 4766
4 2633 2728 4806 5015
4 3508 2965 4139 4622
4 3553 4552 3838 4825
4 2826 4089 3573 4992
4 1444 1797 1488 4128
4 3369 3959 3874 4994
4 1395 1112 1393 4707
4 2987 3931 3304 4608
4 1767 1744 1655 3936
4 3407 4150 3310 4260
4 3281 3912 2958 4869
4 2887 3275 3998 4771
4 2962 3789 3365 4926
4 3063 3954 3725 4173
4 1082 3412 4607 4655
4 2656 2724 4228 4419
4 3333 3886 3364 4884
4 3093 3897 3511 4929
4 4023 4792 3309 4983
4 1419 3820 3344 4707
4 1460 1478 1244 3962
4 2730 2612 2622 3960
4 3073 4836 4022 4856
4 372 2 14 2290
4 2984 4069 3616 4439
4 3130 4154 3560 4590
4 2893 4129 3395 4592
4 3465 3687 2982 4076
4 2853 3824 4151 4928
4 1390 1377 1373 4314
4 3466 3924 3849 4246
4 3023 3933 3870 4309
4 1004 3828 1754 4174
4 1703 4441 3673 4593
4 3557 4152 3659 5052
4 3662 3712 2929 4911
4 2830 3884 3463 4668
4 3515 4049 3809 4830
4 704 782 703 3496
4 3550 4231 2890 4715
4 2697 3563 2587 4219
4 3134 3894 4247 4555
4 636 4331 3437 4572
4 722 4036 934 4768
4 1598 4893 4565 5035
4 1146 1147 1127 4161
4 1327 3320 1445 4221
4 3452 4138 2983 4400
4 607 608 609 4332
4 2856 4026 4264 5029
4 1365 1080 1079 4068
4 2889 3442 4185 5054
4 3281 3989 3530 5040
4 3439 4175 2661 4717
4 2837 4190 3821 4569
4 4106 4936 3642 4975
4 3625 3821 2921 4126
4 3677 3865 3282 5006
4 2698 3471 4285 5043
4 3589 3981 3160 4525
4 3048 4001 3496 4391
4 3247 4064 3657 5019
4 2819 3906 3579 3978
4 2914 3790 3339 4774
4 2942 3472 3947 3985
4 2842 4374 3606 4800
4 1388 3494 1182 4778
4 2909 3272 4399 4913
4 3071 3326 4598 4950
4 3277 3853 3617 4878
4 3298 3814 3368 4907
4 3057 4554 3559 5039
4 2961 4611 3470 4726
4 4368 4374 3914 4431
4 3287 4747 4254 4968
4 1772 1689 1685 3814
4 806 764 709 4099
4 1524 3554 1642 4361
4 2689 2671 2653 4297
4 2916 3619 4201 4918
4 424 425 247 3901
4 3950 4627 657 5039
4 1412 4152 1433 4217
4 3633 4993 3167 5030
4 3051 4483 3609 4679
4 3722 3102 4696 5001
4 4692 4851 4284 4874
4 1505 1414 1025 4128
4 3461 4147 3238 5047
4 2939 4074 3616 4513
4 1174 3962 1238 4161
4 3545 3980 3073 4856
4 2990 4715 4044 5026
4 2810 3685 3782 4872
4 727 728 729 3525
4 2956 4490 3457 5063
4 2943 3467 4316 4317
4 2845 3461 3591 4568
4 2842 4295 3422 4636
4 1369 1368 1376 3721
4 2929 4165 3603 4585
4 3310 4587 3676 5004
4 3499 4047 3148 4763
4 1792 4174 1745 4871
4 3367 4296 4266 4380
4 2839 4535 3904 4926
4 3364 4450 3941 4475
4 4090 4273 3308 4296
4 1702 3482 1704 4441
4 2815 4609 4399 5021
4 4038 3022 4589 4908
4 4081 4403 3133 4964
4 2835 3935 3711 4935
4 2831 3859 3674 4735
4 1576 1579 3776 4690
4 2989 3884 4204 4435
4 2849 3910 3580 4564
4 3119 3473 4248 4467
4 3917 3985 3150 5006
4 865 3551 994 4616
4 2901 3429 4169 4805
4 1551 1553 4203 4338
4 2848 3649 3833 4146
4 3435 3923 2971 4249
4 3150 3865 3677 5006
4 2673 2721 4566 4905
4 2912 3517 3850 4004
4 3274 2891 4415 4915
4 3573 3307 4556 4847
4 1095 3856 4034 4843
4 4125 4772 3438 4904
4 237 1036 236 3956
4 3624 4257 3523 4866
4 2792 3817 474 4854
4 2957 3837 3640 5027
4 3356 4335 3142 4756
4 2880 3556 4227 4599
4 2927 3846 3702 4634
4 2991 3294 4529 4558
4 3094 3738 3534 4519
4 3309 2963 4040 4977
4 2816 3989 3919 4769
4 940 783 4514 4786
4 3694 4750 4259 5032
4 3675 3318 4136 4544
4 3387 4332 607 4481
4 3517 4004 3255 4302
4 3545 3980 3014 4135
4 3074 4273 3334 4335
4 2822 3986 3879 4823
4 2919 3842 3699 4260
4 3022 3488 4366 5064
4 709 806 4099 4765
4 3364 3886 2930 4414
4 3912 3916 3231 4962
4 3389 2990 4231 4564
4 2864 3916 3991 4512
4 3160 4349 4017 4633
4 2956 3463 3884 4279
4 3141 3437 4012 4596
4 3437 4553 4012 4596
4 3615 4026 3201 4445
4 2974 3455 4346 4703
4 1691 1693 1692 3754
4 2942 3529 3917 4976
4 2887 4197 3632 4771
4 661 3474 613 4427
4 3082 3987 3673 4741
4 3255 3165 4215 4460
4 1637 3524 1516 4546
4 3352 3849 4880 5058
4 3341 2921 4382 4825
4 3637 3028 4573 4959
4 1403 1109 1389 5063
4 3092 4407 3715 4866
4 3457 4014 3170 4207
4 2976 3388 3713 4094
4 2838 3429 3788 4515
4 4528 4606 3084 4875
4 687 4001 3489 4718
4 2973 3986 3585 4345
4 2992 3973 3730 4696
4 3853 3923 3274 4694
4 2899 3453 3823 4531
4 2816 3919 3527 4307
4 2755 3345 4500 4621
4 4399 4913 3459 5021
4 3441 3801 2981 4932
4 3437 3046 4012 4553
4 3661 4203 3204 4545
4 2859 4087 3324 4658
4 1064 3450 1063 4577
4 1263 1270 3980 4978
4 2616 2608 2744 4488
4 3112 3917 3529 4341
4 3237 4586 3667 4626
4 3315 4230 3108 4609
4 3831 3856 3111 4133
4 3202 3972 3236 4769
4 3112 3762 3467 4316
4 3044 3848 4019 5012
4 2856 4264 3540 4886
4 3109 4217 3557 4582
4 3277 3617 4167 4878
4 3114 3865 4131 5031
4 3080 4205 3816 4602
4 1331 1084 1118 3718
4 1118 3718 1084 4350
4 3052 3622 3360 4749
4 2791 2805 3869 4717
4 2866 3291 4712 4848
4 3194 4105 4486 4610
4 624 3337 627 4850
4 2832 3708 3578 4526
4 3573 4556 4430 4847
4 3267 4245 3555 4327
4 2927 3786 3404 4634
4 3496 3726 3006 4718
4 1159 1305 1304 3731
4 2957 3640 3939 5027
4 1082 1350 1081 3412
4 3061 3851 3383 4578
4 1614 1607 1586 3736
4 3028 3637 3438 4224
4 3212 4464 4022 4662
4 3313 3704 3089 4509
4 2996 3273 4120 4915
4 1007 3999 835 4679
4 1033 1460 1417 4221
4 3867 4862 3289 5021
4 170 1042 169 3999
4 3340 3812 4151 5005
4 819 3692 817 4402
4 729 727 3525 4875
4 2849 3710 3929 4881
4 2780 2678 2788 3631
4 3008 3241 4238 4680
4 3116 4051 4428 4583
4 2826 4430 3573 4556
4 3139 4946 3878 4981
4 1053 1418 4157 4888
4 2980 3888 3442 3988
4 3685 4416 3247 4872
4 3275 4100 3683 4164
4 3489 3357 4197 4786
4 3315 4230 3208 4326
4 2809 4162 3810 4537
4 3003 3475 3737 4039
4 3132 3393 4177 4935
4 3515 3145 4830 5034
4 795 850 1010 4354
4 1050 1301 177 4664
4 2897 4275 3630 4368
4 2943 4317 4086 4832
4 3201 4445 4026 5029
4 3549 3559 2916 5008
4 2672 2755 2654 4500
4 3340 4054 3812 4829
4 3525 3007 4528 4695
4 3501 3628 3142 4408
4 3026 3816 3321 4533
4 3502 4120 3148 4130
4 2897 3789 3365 4275
4 3105 3792 3638 4989
4 3433 2932 3926 4867
4 901 3701 619 4384
4 2817 3328 4148 4623
4 1643 3900 1602 4118
4 3231 3916 3915 4962
4 3344 3772 2923 3820
4 2747 2791 3869 4717
4 3136 3699 3531 4880
4 915 991 3815 4870
4 2998 4443 3615 4486
4 2869 3319 4672 4954
4 812 3381 602 4589
4 1589 1605 1595 3612
4 3416 4128 1454 4372
4 1718 1554 1569 4203
4 1313 1100 1099 3607
4 1039 4060 212 4560
4 1454 1349 3416 4372
4 3521 4458 4480 4837
4 3935 4784 3711 4935
4 2857 4063 3816 4602
4 1156 4142 1133 4155
4 2715 2745 2631 4588
4 3293 2945 3682 4157
4 2912 3850 3544 4004
4 3032 3512 3766 4493
4 2769 407 406 4272
4 915 3815 753 4870
4 3316 3059 4633 4810
4 3049 4175 4026 4996
4 3615 4445 3201 4980
4 3670 4716 3072 4775
4 2961 4101 3295 4906
4 2830 3838 3884 4435
4 3359 3724 2878 4369
4 1374 4091 3363 4966
4 2996 3424 4062 4915
4 2978 3469 4097 4647
4 3041 4146 3649 4306
4 2826 3745 3386 3837
4 2829 3583 4107 5003
4 1345 3693 1222 4329
4 2945 3293 3717 3804
4 3034 3749 4244 4484
4 3372 2769 4272 4717
4 2892 4416 3485 5019
4 1623 1780 4056 4809
4 3368 3814 3298 4600
4 2815 3750 4609 5021
4 2814 3570 3423 4619
4 4347 4693 3078 4873
4 1546 4379 4263 4921
4 3043 4368 3914 4431
4 3432 4192 3055 4508
4 973 1751 974 3854
4 3346 3675 3031 4277
4 2567 2578 2579 4348
4 3265 4151 3824 4252
4 3331 4031 3512 4643
4 3870 4122 3023 4949
4 590 946 1002 4224
4 2843 3244 4121 4233
4 2850 3977 3436 4693
4 2633 4806 4003 5015
4 3239 4270 3968 4846
4 3517 3965 3079 4302
4 3080 4536 4617 4794
4 2840 3564 3847 4555
4 3849 3924 3136 4246
4 3788 3913 3224 4603
4 3256 2961 4053 4454
4 3305 3931 911 4758
4 3006 3630 3632 4364
4 1639 3988 1635 4501
4 3030 3958 4834 4958
4 1517 3888 3524 5041
4 649 648 3957 4160
4 3375 4305 1166 4674
4 3265 3878 3588 4461
4 2897 3630 4275 4364
4 1363 1198 3896 4625
4 1398 1113 3841 5062
4 3022 4366 3866 4481
4 3532 3897 3093 4007
4 1098 4314 1373 4505
4 455 139 454 4657
4 766 3305 4323 4459
4 706 879 878 4785
4 740 3438 879 4785
4 883 3322 4538 4613
4 1457 1286 1499 4842
4 1245 3293 1310 4955
4 2928 3715 4499 4866
4 2977 4596 3437 4613
4 1112 1395 1307 4707
4 3274 4549 3015 4694
4 3386 4089 2939 4513
4 2978 4097 3469 4240
4 4063 4406 3816 4602
4 2854 3274 4062 4549
4 1176 1192 1348 4372
4 2927 4438 3786 4634
4 3539 4464 4206 4793
4 2981 4209 4511 4650
4 3262 4375 3501 5061
4 3748 3892 3129 4925
4 3334 2981 3801 4932
4 1247 1438 1264 4727
4 606 3387 607 4481
4 2976 3713 3388 4143
4 2842 4180 3321 4533
4 2911 3374 3785 4889
4 3073 4464 4022 4836
4 2947 3788 3996 4752
4 2961 4454 3470 4611
4 3521 4480 3017 4837
4 3348 4144 1523 4501
4 864 4584 4115 4702
4 3396 4597 3705 4611
4 1393 4088 1211 4707
4 3051 4049 3932 4830
4 660 896 959 3495
4 576 4071 855 4639
4 233 1446 3643 5055
4 622 3701 623 4041
4 2821 4299 3880 4751
4 3791 3271 4782 4920
4 2616 2635 3761 4075
4 1085 3394 1087 4655
4 164 477 478 3631
4 730 4528 727 4875
4 2699 4219 3389 4621
4 1540 1541 1542 4140
4 3562 4304 3272 4319
4 815 4038 4589 4908
4 703 3496 782 4001
4 3662 4794 3712 4911
4 2906 4230 3315 4326
4 606 608 607 3387
4 1374 1371 1389 4091
4 3049 4272 4175 4717
4 3823 4503 3577 4531
4 3328 3783 3604 4422
4 2856 4026 4215 4264
4 636 3437 4331 4838
4 3316 3129 3981 4426
4 3395 4065 3166 4333
4 3028 3736 3458 3839
4 882 3552 881 4538
4 2829 3351 3992 4929
4 2817 3328 3756 4148
4 1293 1292 1291 4300
4 2819 3705 4597 4611
4 3630 4275 3287 4293
4 2844 4423 3548 4944
4 2833 3466 3849 4520
4 1622 1621 1721 4261
4 2863 3675 3318 4184
4 3338 3115 4803 4931
4 3005 3894 3564 4555
4 3203 4515 3913 4643
4 2869 4239 3319 4954
4 2830 3884 3838 4552
4 1699 4893 1598 5035
4 3403 4108 3676 4788
4 2960 3303 4337 4860
4 165 478 479 3830
4 2818 4100 4164 4682
4 1670 1654 1744 4376
4 3577 4071 174 4639
4 2767 2805 2777 3869
4 3884 4490 3838 4552
4 3300 4701 3645 4704
4 3122 3886 3364 4414
4 1496 1758 1000 4174
4 3640 3837 3745 4992
4 3376 3084 4606 4676
4 2892 4064 3702 5019
4 2574 457 3691 4360
4 3019 3658 3887 4956
4 3271 3791 2907 4920
4 873 869 868 3959
4 3300 3359 4701 4704
4 667 899 650 4160
4 3099 3291 4540 4848
4 2957 3543 3864 4186
4 2816 3919 4307 4769
4 3305 3851 3061 4459
4 879 4224 878 4785
4 3135 4294 3248 4619
4 3242 3950 4709 4755
4 3533 4719 3521 4816
4 4012 4596 4553 4800
4 3127 4400 4015 5028
4 3495 4712 4936 4975
4 2829 3703 3795 4466
4 3559 3611 2916 5008
4 3019 3887 3658 4840
4 3080 4617 3662 4794
4 897 667 672 4418
4 3465 3829 3009 4725
4 2840 3853 3277 4694
4 2939 3514 4073 4872
4 627 629 3774 4559
4 209 1015 4532 4812
4 2692 2736 3621 4806
4 4363 4553 3606 4800
4 3688 4111 3191 4991
4 2804 2691 2692 4806
4 3224 3996 3788 4752
4 2828 3971 3712 4795
4 3910 4564 2849 4680
4 683 3521 684 4458
4 2956 3720 3415 4819
4 2961 3295 3885 4906
4 2939 4510 3514 4872
4 1185 1260 1341 3681
4 3319 4103 2954 4545
4 3862 4101 3546 4906
4 3066 4386 4661 4706
4 3387 3107 4332 5064
4 3515 3145 4049 4830
4 3266 4198 3141 4777
4 2839 3927 3898 4327
4 2724 4419 2665 5011
4 3044 4019 4253 5028
4 1782 1671 1490 4271
4 938 920 3811 3976
4 3651 4298 3424 4301
4 3177 3817 3692 4437
4 3279 4028 3183 4522
4 862 860 776 4208
4 3741 4414 3169 5042
4 3078 3746 3490 5035
4 1692 1585 3757 5056
4 3072 4210 3937 4250
4 3051 4679 3609 5051
4 620 3792 3638 4826
4 3130 4281 3952 4889
4 921 640 643 4229
4 2977 3789 3606 3904
4 3455 3657 2847 5027
4 2925 3294 3920 4529
4 3604 3963 3328 4422
4 589 4081 992 4218
4 1776 1694 1691 3754
4 804 3383 4578 5050
4 3322 3797 2977 4383
4 2841 3940 4253 5028
4 3793 4420 3344 4745
4 3126 3973 4011 4696
4 2825 3779 3276 4408
4 2750 2743 2749 3508
4 574 949 1755 4102
4 3124 3290 3979 4939
4 3153 4153 3470 4726
4 2949 3317 4473 4961
4 2814 4111 4183 4700
4 4079 4784 3935 4935
4 3013 3541 4342 4703
4 675 928 3533 4404
4 2785 4632 3292 4698
4 3043 3606 3789 3904
4 3687 3779 2825 4076
4 2755 2756 3345 4621
4 3879 4414 3258 5042
4 3996 4284 3224 4357
4 1581 1577 1580 4232
4 3385 2995 4158 4754
4 3261 4220 3359 4369
4 3078 3490 4347 5035
4 1003 163 587 3631
4 3492 4006 2676 4070
4 3554 4118 3125 4624
4 3561 3874 2964 4323
4 3309 3746 2963 5038
4 3069 3468 4729 4757
4 3320 3962 2967 4221
4 3737 4377 3434 4495
4 3061 3775 4687 4784
4 3386 3745 2957 3837
4 3007 3525 4165 4695
4 3550 3843 2953 4715
4 2965 3796 3667 4574
4 3477 3857 1695 5056
4 3402 3906 2819 4597
4 1086 3394 1085 4607
4 3366 3113 4359 4498
4 2659 4075 2658 4539
4 1202 3909 4088 4678
4 1128 1351 1116 4333
4 2828 4557 3827 4794
4 3410 3864 3091 4159
4 685 706 877 3371
4 996 802 4258 4699
4 2589 2590 2587 4219
4 1287 3772 1288 4420
4 2877 4345 3585 4972
4 3361 4130 3148 4681
4 3289 4191 2922 4862
4 2833 3924 3466 4266
4 2968 3718 3668 4721
4 1117 1342 1139 3808
4 3536 3066 4079 4387
4 2814 3423 3570 4421
4 3063 3403 3881 4108
4 2955 3910 3487 4883
4 3322 2977 3797 4613
4 702 4768 3764 4940
4 3182 3729 4492 4637
4 3156 4569 4206 4941
4 2925 3445 3920 4852
4 2955 3317 4054 4654
4 3117 3592 4173 4373
4 3084 4528 3505 4606
4 3233 4628 4287 4969
4 3053 4346 3328 4422
4 3350 4235 3007 4304
4 3496 3048 4179 4737
4 916 618 927 4826
4 3515 4830 3809 5034
4 854 175 174 3577
4 3007 4165 3603 4695
4 3840 4803 3115 4931
4 4253 4388 3940 4934
4 3083 4126 3625 4919
4 3013 4089 4073 4703
4 3546 4053 762 4906
4 2734 3777 3393 4005
4 4528 4695 3007 4779
4 2881 4124 3571 4608
4 2991 4416 3685 4872
4 3841 4793 4464 4836
4 2893 4734 3444 5052
4 2981 3610 3441 4650
4 2638 4122 4010 4766
4 2870 3846 3520 4340
4 1430 3836 1479 5024
4 2935 3471 4285 4641
4 2840 3923 3853 4694
4 3597 4085 3391 4928
4 2843 3509 3688 4790
4 3594 4060 2969 4104
4 3017 3619 3522 4562
4 3725 4150 3063 4452
4 3052 4654 3622 4749
4 4045 4356 2965 4574
4 3070 4763 3790 4917
4 3276 4586 4370 4903
4 1346 1226 1345 3475
4 3515 3843 2953 4049
4 2997 3909 4340 4678
4 922 924 921 4807
4 3884 4279 3463 4668
4 784 4514 3811 4786
4 1546 1547 4379 4921
4 3387 3866 3163 4366
4 2913 3915 3533 3916
4 2725 2801 2557 4797
4 2988 3484 3839 4365
4 2918 3560 3921 4154
4 3250 3588 3878 4471
4 1269 1340 1399 4856
4 2902 4550 3634 4938
4 4035 4199 926 4753
4 1088 1342 3808 3882
4 4314 4505 1098 4876
4 3294 4074 2827 4558
4 3827 4557 3218 4794
4 2970 4953 4111 4991
4 4264 4574 3540 4886
4 3747 4470 3134 4985
4 965 781 3642 4457
4 3737 4377 4039 4986
4 1634 1518 3442 4543
4 2844 3548 3892 4944
4 594 3542 3775 4957
4 1349 3547 1192 4864
4 3895 4077 2994 4848
4 1052 1303 1428 3936
4 2860 3798 4096 4999
4 1410 1047 3406 4516
4 2835 3868 4387 4935
4 879 3438 740 4904
4 1693 1787 1696 4691
4 1606 3825 1596 4061
4 2872 4304 3662 4585
4 3741 3230 4359 4984
4 1638 4144 3479 4501
4 2945 3717 3674 3859
4 3054 4490 3457 4941
4 3083 3821 4126 4193
4 2744 3695 2742 4539
4 3135 3248 4183 4619
4 3294 4750 3086 5032
4 2707 4070 2572 4853
4 2857 4063 3468 4985
4 2815 4114 4406 4617
4 1658 1660 3946 4871
4 3228 4713 3641 4815
4 3089 3483 4156 4951
4 2975 4093 3830 4853
4 3427 4068 2968 4350
4 2815 4399 3459 5021
4 2977 3437 4208 4613
4 3296 3778 2936 4980
4 3041 3547 3416 4864
4 1771 1724 3637 4959
4 2788 2784 2568 4853
4 3712 3971 3058 4795
4 3593 3966 3141 4318
4 959 3495 896 4936
4 1106 3457 4966 5063
4 2919 3636 3423 4820
4 2962 4179 3598 4189
4 3059 4378 3981 4633
4 4047 4288 3148 4763
4 3339 3148 4047 4288
4 2865 3472 3762 4670
4 2835 4112 3300 4855
4 417 2562 3406 4632
4 2897 3606 3789 4368
4 2857 3747 3312 4518
4 3319 3016 4672 4954
4 3094 4209 3534 4650
4 1052 1757 1420 3491
4 3786 4438 3404 4634
4 3862 4212 842 4477
4 2824 3590 4040 4798
4 1010 4404 691 4910
4 1046 1449 231 4685
4 706 878 877 4224
4 3312 4451 3747 4470
4 3269 2945 4006 5016
4 3516 4269 3749 4688
4 2965 3643 4356 5055
4 3594 4104 3060 4560
4 3767 4092 4030 4648
4 3141 3593 4318 4777
4 2965 4236 3569 4821
4 3914 4374 3321 4431
4 2990 3877 4044 4715
4 1557 1680 1698 4324
4 3106 3705 3396 4597
4 2811 3499 3664 4182
4 2882 3835 3343 4101
4 2955 4054 3812 4151
4 2812 3942 3765 4756
4 701 681 3764 4765
4 3053 3328 3963 4422
4 776 3797 773 4029
4 2973 4345 3671 5059
4 3531 4296 3308 4732
4 2906 3265 3878 4542
4 3039 4105 3859 4681
4 2856 3540 4215 4886
4 3258 4414 3741 5042
4 880 663 881 3552
4 2889 3268 4131 4754
4 3048 4018 3601 4254
4 972 1507 4652 4827
4 789 3546 762 4906
4 3847 4325 3433 4470
4 3441 4024 3801 4932
4 1639 1635 1522 4501
4 3055 4192 3313 4601
4 830 1020 4412 4498
4 836 4679 3932 5051
4 3738 4519 3094 4653
4 2835 3359 3711 4855
4 1637 3524 4546 5041
4 2971 3424 3934 4280
4 3584 4293 3253 4747
4 3525 4528 3084 4875
4 4022 4464 3212 4836
4 3574 3162 4483 4679
4 952 3327 987 4809
4 3170 4207 4014 4819
4 2809 3894 4247 4465
4 3018 3942 3625 4919
4 3175 4011 3922 4842
4 3049 4215 4171 4996
4 3049 4717 4175 4996
4 2963 3822 3513 4241
4 2882 3835 3335 4990
4 1785 4352 1686 5047
4 3173 4582 3557 5017
4 804 980 3692 5050
4 233 412 234 3629
4 1087 3808 1116 4655
4 2773 4657 2563 5034
4 2960 3303 3908 4337
4 3515 3809 2953 4297
4 3424 3651 3070 4298
4 1426 1483 1030 3858
4 3937 4210 3072 4891
4 2693 4685 3964 4822
4 3332 3799 3066 4933
4 3017 3743 3619 4201
4 3341 3838 3510 4091
4 2880 4227 3835 4599
4 3710 4881 3910 4883
4 2858 4256 3360 4749
4 3406 2928 3955 4499
4 3339 4288 4047 4763
4 3736 3267 4353 4937
4 2718 2795 2750 4622
4 3149 4213 3805 4824
4 1418 1450 4157 4955
4 1769 3858 1675 4066
4 2856 4215 3540 4264
4 1128 1116 1117 4065
4 2884 3671 4343 5014
4 2900 4454 3470 4831
4 2993 3491 4121 4833
4 3111 3856 3568 4133
4 2815 4547 3655 4609
4 2836 3430 4173 4453
4 2900 3368 4166 4600
4 3806 3896 2934 4625
4 3172 4280 4249 4746
4 3408 4199 759 4584
4 930 647 3957 4035
4 884 883 4538 4613
4 3676 4435 3310 5004
4 3371 4224 3438 4785
4 3895 3905 3291 5046
4 966 215 3970 4457
4 3266 4046 4012 4331
4 2918 3921 3770 4154
4 466 151 465 4081
4 3492 4006 3210 4419
4 2889 3416 4372 4963
4 3309 3863 2937 4983
4 1559 3483 1677 4593
4 3325 4638 4121 4965
4 2876 3592 4373 4967
4 880 630 629 4559
4 1253 3586 1175 4372
4 3641 3228 4178 4257
4 3895 3291 4556 5046
4 1043 4497 3834 4615
4 1761 584 3504 4827
4 3546 2961 4053 4906
4 3878 4946 3250 4981
4 1205 1391 3599 4385
4 3017 4458 3678 4837
4 3143 4363 3608 4496
4 574 1755 953 4102
4 4019 4700 2915 5012
4 3141 4012 3266 4777
4 2999 4525 3577 4531
4 3126 4420 3793 4745
4 1123 1127 1371 4091
4 3172 3926 4867 4878
4 2880 4439 3556 4599
4 3011 3604 3783 4422
4 4039 4377 3737 4495
4 665 666 678 3874
4 3516 4608 3304 4688
4 3142 4335 4024 4756
4 1097 1372 1362 3568
4 2610 3695 2744 4488
4 4012 4553 3046 4800
4 1029 1411 1410 4499
4 3106 4089 3826 4132
4 3182 3729 4637 4903
4 3193 4385 4084 4447
4 3241 2990 4330 4564
4 3276 3537 4586 4903
4 1432 3715 1411 4499
4 654 3559 653 4554
4 3642 4106 761 4936
4 3436 2944 3977 4561
4 2989 3884 4435 4551
4 472 2565 473 3542
4 830 4412 3414 4498
4 2841 4253 4019 5028
4 2966 4784 4079 4935
4 3081 3354 4285 4773
4 1426 1483 3858 4066
4 2956 3363 4490 5063
4 907 3505 908 4218
4 2954 3661 3930 4835
4 4123 4803 2721 4905
4 727 4528 3525 4875
4 1288 1287 1283 3772
4 3487 4222 2949 4473
4 3021 3533 3916 4055
4 1067 1112 3890 4828
4 1695 3857 3477 4691
4 864 4115 719 4702
4 1008 3162 1007 5053
4 1040 1261 1420 3994
4 3070 4288 3790 4763
4 4257 4713 3523 4866
4 721 3431 722 4940
4 1787 1694 1491 4212
4 3333 2884 3886 4884
4 3183 3786 3687 4728
4 3894 3134 4247 4465
4 857 879 740 4904
4 3025 4234 3511 4576
4 457 456 2574 3691
4 3005 3923 3435 4555
4 3125 3348 3852 4624
4 2976 3742 3388 4094
4 3840 4122 3115 4803
4 2754 3471 2666 5043
4 3318 3698 3877 4136
4 3041 3249 4141 4306
4 2858 4105 3339 4288
4 859 773 776 3797
4 1083 1365 1119 4350
4 2956 3884 3463 4490
4 3742 4393 2898 4879
4 4108 4204 3881 4435
4 2866 3387 4366 5064
4 3506 3832 3075 4914
4 3206 4109 4219 4489
4 3316 4017 2938 4776
4 3927 4056 3555 4327
4 2899 3823 3697 4858
4 2818 4164 3311 4682
4 1409 1512 1025 4644
4 3212 3626 3539 4464
4 3885 4053 2961 4906
4 2817 3963 3502 4196
4 1253 1219 1175 3586
4 4147 4652 3238 5047
4 3603 3007 4695 4779
4 3361 3502 4130 4671
4 471 158 157 3953
4 787 3726 892 4814
4 2832 3902 3708 4526
4 930 648 651 3957
4 402 223 222 3620
4 1050 1302 1301 5023
4 854 3577 174 4639
4 1364 3850 3544 4808
4 1506 1452 3922 4013
4 2889 3751 3416 4963
4 1427 3620 1053 4157
4 3569 4236 3508 4539
4 1198 1199 3896 4625
4 2831 4047 3339 4681
4 3243 4328 4284 4851
4 1590 3325 4211 4965
4 1657 1652 1545 4379
4 3462 2905 3753 4818
4 707 740 879 4785
4 3651 3824 3070 4298
4 2833 3732 3995 4520
4 1026 3629 1479 3836
4 3413 3666 2981 4948
4 2875 4643 3913 4851
4 3174 4291 3662 4585
4 3757 4103 3298 4413
4 3170 4014 3457 5062
4 2858 3339 4256 4288
4 2886 3441 3610 4650
4 1430 1026 1479 3836
4 2809 4247 4242 4465
4 3105 3638 3792 4116
4 3205 4356 4045 4574
4 3082 3946 4463 4593
4 2895 3489 4001 4391
4 864 821 4115 4584
4 3629 2965 4236 4622
4 3049 4175 3964 4822
4 2986 3901 3669 4348
4 3393 4387 3538 4660
4 1201 1215 1276 3545
4 2944 3309 4040 4983
4 3436 4078 3529 5044
4 3009 3779 3465 4076
4 2942 3947 3472 4138
4 2941 3723 3320 5022
4 3473 3771 3349 4960
4 3338 4453 4257 4931
4 800 581 973 3458
4 887 886 639 4046
4 3363 1109 4966 5063
4 667 3357 4160 4418
4 3250 4471 3878 4981
4 702 979 3764 4768
4 2986 3648 4087 4658
4 3795 4007 3093 4929
4 171 3875 172 4432
4 2940 3727 3638 3943
4 2858 3339 4105 4256
4 1007 835 836 4679
4 663 3552 880 4559
4 2874 4739 4176 4981
4 1321 174 1322 3734
4 2968 4350 3718 4721
4 3498 4255 3700 4262
4 3088 4538 3797 4683
4 3693 4462 1154 5013
4 3009 3829 3465 4469
4 1505 1797 1414 4128
4 3573 4430 2826 4992
4 1533 1532 1535 3863
4 3125 4624 4118 5041
4 2990 3698 3773 4136
4 3469 3907 2978 4240
4 1001 775 3327 4442
4 1600 1714 1715 4344
4 721 722 702 4940
4 3691 4657 2773 5034
4 2884 3364 3941 5059
4 3328 3053 3963 4196
4 3102 4497 3834 5001
4 3523 3744 3092 4713
4 3058 4318 4795 4857
4 3932 4049 3145 4830
4 3429 3832 2932 4515
4 3795 4007 2829 4466
4 2861 4732 3716 4782
4 2993 3994 3758 4211
4 1099 1096 1370 3481
4 217 216 3970 4711
4 1643 1618 1602 3900
4 1431 1303 1052 3936
4 2859 3574 4087 4485
4 3498 4253 3103 4312
4 1298 1478 3426 4305
4 4027 4287 3276 4721
4 3300 3827 3218 4191
4 3053 4196 3328 4346
4 1194 1368 1351 3721
4 2815 4406 3750 4617
4 1703 1611 3673 4441
4 821 3611 866 5008
4 3156 3842 3463 4820
4 2928 4499 4407 4866
4 2957 3864 3596 4186
4 1053 4157 3620 4888
4 821 4115 3611 5008
4 1433 4217 3659 4507
4 3118 3973 4170 4923
4 2959 4377 3737 4986
4 1509 1624 3758 3994
4 3021 3533 3915 3916
4 1637 4546 3900 5041
4 3068 4188 3909 4340
4 2843 3780 4311 4630
4 3088 4095 3766 4365
4 164 999 3631 3830
4 1473 4516 3292 4632
4 1172 4009 1461 4833
4 3292 3794 4698 4986
4 2620 2727 2637 4283
4 3517 4371 3011 4397
4 3163 3495 4712 4936
4 472 158 471 3953
4 685 4110 3371 5060
4 2866 3895 3291 4848
4 2852 3409 4322 4475
4 2814 3947 3423 5058
4 3418 2970 4052 4334
4 3198 3628 4027 4287
4 3501 2952 4375 4408
4 2998 4486 4105 4610
4 4039 4139 3047 4377
4 1302 3453 1301 5023
4 2889 4131 3649 5054
4 3289 4704 4191 4862
4 1790 1761 3504 4827
4 3559 4627 3950 5039
4 3275 4364 3583 5003
4 2943 3342 4086 4891
4 412 413 234 3629
4 2893 3385 4086 4592
4 2732 2663 3393 4660
4 3330 4767 4111 4991
4 2973 3986 4345 5059
4 1260 3659 1433 4152
4 1289 1189 1269 3618
4 3609 4483 3162 4679
4 3824 3070 4298 4942
4 2950 4325 3847 4470
4 2668 4010 2700 4912
4 1651 3863 1648 4312
4 3705 3835 3396 4611
4 3095 3238 4652 5047
4 3057 3752 4554 5039
4 3990 4024 3098 4724
4 727 728 3525 4528
4 3401 3809 3110 4684
4 1194 3721 1351 4333
4 3450 3344 4420 4745
4 1721 1592 3601 4261
4 3066 3799 4386 4706
4 3509 4393 3742 4879
4 216 966 215 3970
4 1407 1367 1421 3543
4 968 701 979 3764
4 2849 3910 3710 4881
4 2971 3923 3274 4280
4 2906 4461 3265 4542
4 2802 2563 2686 4216
4 4309 4519 4209 5066
4 2606 3614 2607 4488
4 3645 3827 3300 4191
4 3341 3553 3838 4825
4 2922 3827 3645 4191
4 3245 3824 3651 4298
4 3246 4675 4002 4843
4 3451 4050 3157 4947
4 3458 3839 3736 4781
4 897 784 3811 4786
4 3849 4520 3466 5044
4 3090 4115 3575 4562
4 3295 2961 3885 4227
4 2984 4456 3543 4577
4 3499 3148 4288 4763
4 1043 3834 1056 4615
4 2879 4351 3841 4464
4 3255 4171 4215 4996
4 4209 4222 3358 4511
4 1261 1474 3491 4833
4 3381 3674 3060 4945
4 226 405 406 4405
4 3562 4740 4036 4768
4 913 4036 3505 4218
4 2973 3941 3671 4343
4 2860 4605 4835 4846
4 3272 3459 4913 4987
4 3132 3724 3711 3868
4 3581 3805 3149 4213
4 1706 4056 3854 4781
4 3722 3126 4011 4696
4 3257 4242 3134 4465
4 3458 2988 3854 4635
4 3614 3771 2949 3944
4 2590 2702 2699 4219
4 1649 1641 1650 4971
4 3023 3473 4010 4949
4 3075 4487 3827 4914
4 661 841 613 3474
4 3073 4135 3545 4662
4 1011 698 827 4498
4 3688 4700 4019 5012
4 2899 4858 3697 4984
4 2830 4204 3838 4435
4 3552 4110 3227 4559
4 2902 3425 4534 4975
4 1649 1729 1726 4312
4 3250 4471 3810 4710
4 2971 4461 3588 4770
4 3505 4528 907 4606
4 2789 3958 3817 4958
4 3339 4047 3148 4681
4 3553 4382 2921 4825
4 2895 3632 4391 4968
4 1652 3876 3759 5038
4 3328 3963 3604 4623
4 3142 4303 4287 4969
4 1221 4494 3449 5000
4 3688 4649 4019 4700
4 3749 4269 3034 4688
4 3218 4191 3459 4987
4 410 2559 3643 4685
4 3109 4158 3586 4640
4 2913 3743 4201 4962
4 1444 4128 1488 4217
4 2925 3902 3445 4852
4 2978 3847 3303 4860
4 3624 4257 3338 4453
4 894 748 745 3943
4 1735 1606 1596 4061
4 3804 4157 3293 4955
4 1057 1043 1058 5001
4 3484 4635 3458 5060
4 3105 3286 4106 4989
4 1418 4405 3269 4888
4 3102 4497 3556 4599
4 3234 4792 4023 4983
4 164 165 999 3830
4 2884 3886 3364 5059
4 213 1400 214 4060
4 2954 3319 4239 4954
4 2999 3577 4503 4531
4 1017 8 138 3945
4 2994 4556 3895 4848
4 3206 4109 4489 4591
4 2964 3369 4323 4994
4 3070 3790 3597 4243
4 3087 4429 3911 5033
4 3300 4191 4112 4704
4 2989 3881 4108 4204
4 944 154 155 3799
4 2959 4178 3434 4377
4 912 3844 742 4134
4 3000 4259 3613 4750
4 2898 3388 3742 4094
4 2829 4007 3795 4929
4 2948 3813 3370 4127
4 3385 4185 3467 4645
4 3080 3422 4533 4911
4 1622 1599 1621 3555
4 788 941 783 4187
4 3119 4030 3610 4467
4 3271 4537 3871 4782
4 3212 3626 4464 4662
4 3276 4287 4027 4408
4 1669 3679 1705 4565
4 2980 3479 3762 4501
4 3421 4283 2706 5011
4 823 586 3697 4664
4 3063 3881 4204 4435
4 3025 4234 3351 4665
4 3487 3910 3139 4883
4 3158 4788 4020 5004
4 2609 3639 2751 4392
4 3600 3929 3008 4411
4 3331 4795 4318 4857
4 706 878 4224 4785
4 1771 1723 1724 4959
4 3167 4007 3795 4466
4 683 3521 4458 4480
4 363 419 362 2286
4 419 2287 363 364
4 977 904 3802 4616
4 1732 1728 1645 4347
4 3366 3686 3096 4924
4 2672 3515 2694 4500
4 595 796 953 4737
4 771 772 733 3719
4 3528 3647 2937 4192
4 2927 3404 3846 4634
4 3498 3700 3042 4974
4 3067 4284 4145 4328
4 2842 3422 4012 4777
4 3453 4009 1302 4723
4 1645 1732 4347 5035
4 3994 4117 2993 5000
4 3045 4376 3936 4638
4 3794 3047 4377 4986
4 2975 3969 3381 4038
4 3113 3230 3938 4984
4 1289 1189 3618 4620
4 1728 4347 1732 5035
4 3124 4508 3979 4999
4 3141 3266 4012 4331
4 3116 3566 4051 4583
4 1387 1311 3576 4678
4 249 427 250 3669
4 980 577 3692 5050
4 949 950 3480 4102
4 2874 4642 3558 4981
4 3236 4307 3919 4769
4 2788 478 477 3631
4 1716 1620 1709 3704
4 3494 4371 3011 4720
4 3045 3780 3453 4892
4 2841 4649 3572 5028
4 3979 4508 4270 4999
4 3270 4286 2862 4591
4 1691 1694 1693 3754
4 3230 3113 3938 4871
4 3293 3079 4389 4482
4 3790 4288 3070 4942
4 2806 2762 2765 3818
4 3050 3304 4384 4826
4 585 3594 604 4589
4 3395 4507 4158 4898
4 3627 4852 3118 4923
4 3833 4146 3125 4899
4 3871 4537 3097 4782
4 3562 3332 4740 4768
4 3282 2934 3865 4567
4 1551 1550 1553 4338
4 747 3353 745 4849
4 3002 4390 3281 5020
4 158 3953 3542 4957
4 2857 4320 4098 4470
4 1472 167 4548 4738
4 2857 4470 3747 4985
4 3610 3801 2851 4948
4 2792 4854 3542 4958
4 2979 3703 3795 4757
4 2858 4355 3928 4749
4 475 161 474 3817
4 3667 3205 4574 4626
4 1415 242 1049 3384
4 1106 3457 1108 5062
4 3420 4353 3306 4517
4 1632 4217 1630 4582
4 604 851 898 3866
4 3303 3908 2920 4267
4 2959 3434 3737 4377
4 2972 3752 3357 4160
4 2876 3430 4292 4967
4 1148 1149 1167 4004
4 686 4401 738 4785
4 1386 3663 1258 4302
4 1254 4128 1444 4217
4 468 469 154 3799
4 3133 3562 3454 4933
4 685 706 3371 4785
4 2936 3639 3778 4355
4 1411 1242 1439 4499
4 2856 4574 4264 4886
4 3750 4230 4609 5021
4 2611 2619 2618 4248
4 3186 4580 4154 4894
4 3721 3909 3279 4340
4 1725 1657 1718 3759
4 3678 4258 3575 4506
4 3586 4640 4158 4754
4 3395 4158 2995 4898
4 2992 4011 3973 4696
4 3382 3787 4225 4643
4 2875 4692 3417 4874
4 3302 3991 2938 4776
4 174 3734 1321 4071
4 1298 1296 1297 3689
4 3090 4115 4562 4918
4 3411 3026 4180 4533
4 2940 4116 3788 4603
4 919 704 918 3496
4 3134 4320 3468 4985
4 2972 3957 3752 4160
4 3702 4064 3247 5019
4 3506 3926 2932 4867
4 1275 4237 3390 4978
4 4112 4124 3300 4855
4 1794 4013 3922 4691
4 3350 4114 3633 4993
4 1202 4088 1232 4678
4 3119 3771 3473 4960
4 3796 4469 3237 4626
4 2856 3829 3465 4886
4 3465 3009 4076 4725
4 3650 4571 3355 4953
4 2811 3645 4113 4455
4 624 622 623 4041
4 2654 4297 3345 5026
4 2917 3443 4673 4762
4 3594 4481 604 4589
4 2978 4097 3847 4647
4 2975 3421 4093 4853
4 678 709 710 4323
4 2769 2566 4272 4717
4 2817 3280 3963 4623
4 992 4081 152 4403
4 2895 4254 4741 4968
4 1566 1555 1658 3946
4 2938 3991 3316 4776
4 3282 4131 2934 4567
4 3563 3997 3206 4489
4 1205 3599 4143 4385
4 1144 1352 1236 4507
4 177 3823 586 4664
4 2653 4044 3401 4297
4 956 3692 577 3817
4 3449 3980 3014 4494
4 2619 2611 2752 3473
4 3076 3773 3698 4136
4 2831 3361 4681 4735
4 165 479 166 3830
4 2806 3818 2765 4859
4 1130 1125 1378 4143
4 3702 3891 3247 4064
4 1454 1349 1481 3416
4 3447 4508 3952 4590
4 3270 4591 4109 4912
4 1523 1524 1525 4361
4 2862 4222 3270 4591
4 1130 1152 1151 4143
4 3277 4167 3613 4813
4 1777 1675 1769 3858
4 1282 3922 4011 4842
4 3288 3880 2821 4425
4 3094 4650 3441 4902
4 2707 2572 2786 4853
4 3011 4397 4371 4778
4 1423 1235 1422 3763
4 3264 4590 4410 4973
4 3204 4835 4605 4846
4 2893 3395 3659 4158
4 2919 3699 3842 4820
4 3301 4388 3886 4934
4 418 419 240 3955
4 607 4481 4332 4908
4 1435 4080 1277 4141
4 3349 3094 4309 4949
4 1087 1117 1116 3808
4 3148 4047 3361 4681
4 3652 3974 3025 4705
4 2848 3649 4146 4306
4 953 1759 595 4736
4 3348 4361 3554 4624
4 1766 1746 1511 3855
4 3063 4108 3881 4435
4 2941 3341 3723 4382
4 2815 4406 4114 4547
4 1526 1646 1638 4144
4 3569 4236 2764 4821
4 2835 3300 4112 4704
4 1313 1099 1383 4675
4 2595 2597 2598 4054
4 3050 3913 4116 4603
4 4115 4480 3017 4918
4 2907 4705 3462 4920
4 2943 3937 3825 4891
4 3014 4135 3399 4504
4 901 912 900 3417
4 1221 3449 1153 5000
4 1174 1244 1238 3962
4 2867 3744 4126 4919
4 3327 3077 3927 4631
4 2665 4419 3492 5011
4 3719 4635 3484 4683
4 3045 3278 4376 4892
4 765 710 764 3561
4 4099 4386 3398 4706
4 2826 3837 4089 4992
4 2799 2676 2768 4070
4 3015 3918 3367 4549
4 171 848 172 3875
4 1517 1516 3524 4791
4 3075 4455 3645 4701
4 3443 3650 3572 4334
4 775 952 1001 3327
4 2905 3992 3351 4234
4 3108 4399 3392 4609
4 2593 3587 2594 4417
4 1266 1345 1222 4329
4 3945 4657 3145 5034
4 3442 3041 4543 4791
4 950 4179 4102 4737
4 646 648 647 3957
4 1754 1004 1501 3828
4 1154 3693 1222 4462
4 2932 4914 4098 4970
4 2914 3339 4677 4774
4 3987 4322 3314 4475
4 2825 3276 4027 4408
4 2967 3818 3384 4221
4 601 3932 837 4491
4 1462 1251 1463 4195
4 3245 3317 4473 4654
4 2871 4395 3263 4887
4 2841 4019 3418 4649
4 2698 3471 2754 4641
4 3444 4734 3188 5052
4 3052 3824 3597 4928
4 2875 4851 4692 4874
4 2732 2663 2734 3393
4 3808 3882 3394 4733
4 1397 4397 1381 4714
4 2590 2697 2587 4219
4 2977 4208 3437 4553
4 3267 3555 4056 4327
4 1762 1785 1771 4352
4 3395 2995 4065 4898
4 3711 3724 3132 4163
4 705 861 790 3672
4 679 668 847 4418
4 3155 4099 3935 4706
4 3406 4516 1047 4632
4 3133 3799 4933 4964
4 2856 4469 3796 4626
4 2851 4037 3778 5007
4 3614 3944 2949 4961
4 2978 4266 3564 4860
4 3448 3748 2938 4925
4 3059 3981 3696 4426
4 988 581 800 3458
4 3071 3762 3479 4144
4 3075 3827 3645 4113
4 3024 4387 3868 4935
4 2950 4325 4470 4897
4 3000 3613 3514 4750
4 3075 3827 4113 4914
4 3656 3723 3092 5036
4 1099 1096 3481 4505
4 881 732 4538 4683
4 3545 4141 3390 4978
4 1542 3483 4140 4463
4 1466 1320 1187 4072
4 2665 3492 2677 5011
4 1096 3481 4505 4843
4 3356 4090 3352 4997
4 3697 3823 586 4924
4 1370 3481 1096 4843
4 765 710 3561 4459
4 3133 4403 3799 4964
4 171 172 1319 4432
4 3496 4001 3048 4737
4 2994 4556 3307 4847
4 3023 4010 3473 4122
4 1298 1477 1478 4305
4 3266 3141 4198 4331
4 2900 4166 3368 4988
4 3288 4201 3743 4962
4 3555 3927 3077 4631
4 3031 3376 3802 5025
4 3329 4409 4129 4592
4 2961 3343 3835 4101
4 3796 3237 4469 4648
4 422 2765 423 3519
4 2652 2680 2679 3993
4 2624 2615 3476 4527
4 1585 1692 1695 5056
4 1060 4016 3722 5001
4 2832 4083 3520 5002
4 2836 4257 4453 4931
4 3885 4651 811 4711
4 1546 4263 3374 4921
4 583 848 171 3875
4 864 821 719 4115
4 3365 3789 2977 4926
4 3420 4145 2845 4284
4 604 585 851 3594
4 2721 2720 4123 4905
4 1410 1439 1047 4516
4 3495 4484 3163 4712
4 2816 3989 3281 4321
4 1261 3994 1437 5000
4 3085 4220 3645 4917
4 3760 4587 3310 5004
4 3530 3989 3020 5040
4 3027 4219 4109 4489
4 2835 4112 4191 4704
4 2949 4037 3413 4511
4 3183 4008 3279 4522
4 1096 4505 3856 4843
4 3037 3704 3602 4119
4 3963 4130 3502 4671
4 3178 4209 4519 5066
4 2973 4343 3671 4682
4 2890 3997 3563 4489
4 2841 3572 4015 5028
4 1372 3568 1373 4625
4 2989 4204 4108 4435
4 707 739 740 4772
4 3739 4407 3213 4499
4 3080 4406 4114 4617
4 734 922 4753 4807
4 2811 3499 3934 4917
4 412 2575 413 3629
4 3218 4112 3300 4191
4 3321 3816 3026 4518
4 3667 4574 3796 4626
4 3563 4500 3345 4621
4 2974 3782 3455 4703
4 1086 3718 1331 4733
4 3467 4185 2980 5054
4 2934 4131 3865 5031
4 2831 4730 3493 4945
4 2908 3993 3283 4530
4 2943 3467 4317 4832
4 2968 3948 3412 4028
4 2968 4028 3412 4068
4 2665 2676 2677 3492
4 3696 3981 3129 4426
4 799 3678 838 4458
4 576 173 849 4071
4 1263 3980 4494 4978
4 884 4538 3797 4613
4 152 4081 467 4403
4 699 700 697 4514
4 3094 3738 4653 4902
4 3051 3932 4679 5051
4 3054 3363 3838 4091
4 3597 3790 3070 4942
4 1629 1625 1799 4736
4 1533 1535 1536 3876
4 1253 1454 4128 4372
4 3618 3980 3073 4135
4 3176 4062 3274 4549
4 3829 4215 3165 4886
4 3352 4901 4339 4976
4 2729 2641 2634 3768
4 2695 4348 3354 4839
4 2782 2673 2762 4905
4 3052 4151 3824 4928
4 733 4538 732 4683
4 1302 4009 3453 5023
4 1281 1059 1188 4011
4 2978 3907 3400 4979
4 865 994 570 4616
4 3782 4032 2974 4346
4 3512 2813 4493 4570
4 3610 4030 3226 4467
4 2828 3331 3971 4795
4 2951 3892 3748 4925
4 3325 2993 4211 4965
4 1625 4274 3336 4736
4 3524 3125 3888 4146
4 2794 2575 4236 4622
4 3305 3061 4124 4459
4 2994 3486 3895 4556
4 1295 4300 1475 4674
4 2930 4168 3700 4262
4 3069 3468 4242 4729
4 1183 1388 1182 4778
4 2814 3947 4183 4619
4 3172 4342 3307 4878
4 2997 4188 3520 4340
4 3551 4868 4184 5025
4 3282 4645 2820 5006
4 2870 3721 4340 4409
4 3424 3070 4288 4298
4 3281 3202 4485 4869
4 3475 4039 3693 4329
4 3265 2955 4252 4883
4 2760 4175 2566 4717
4 2867 3641 4713 4815
4 2815 3459 3750 5021
4 3059 4571 3650 4953
4 1516 4546 3524 4791
4 1542 1677 3483 4463
4 3005 3894 3810 4380
4 3235 4308 3500 4677
4 4349 4385 3193 4447
4 2942 4901 3352 4976
4 580 992 4403 4740
4 2962 3365 3789 4275
4 3756 4148 3328 4725
4 3432 4040 3590 4798
4 3058 3331 3971 4857
4 408 3964 228 4272
4 2885 3518 4339 4628
4 3006 4275 3630 4364
4 1251 1391 1464 4385
4 3826 4089 3013 4132
4 2986 4213 3581 4658
4 3455 4346 3053 5027
4 1137 1170 1169 3723
4 3164 3353 4125 4568
4 3229 4113 3827 4914
4 3131 3379 3860 4897
4 3651 3824 3265 4461
4 1703 1628 1611 4441
4 730 907 727 4528
4 1078 1079 1080 4522
4 3776 3920 3284 4358
4 1488 4128 1630 4217
4 3440 4496 846 4814
4 3262 4032 3961 4438
4 2710 2723 2708 3622
4 3664 2994 4077 4848
4 1566 3946 1703 4463
4 2972 3998 3752 4033
4 2698 4285 2666 5043
4 3180 4299 3550 4751
4 3636 4381 3150 4783
4 3551 4616 3802 5025
4 1310 3682 1309 4157
4 1530 1645 1644 3490
4 2641 2640 3768 4330
4 3314 3941 2973 4100
4 3744 4407 3092 4713
4 3205 3709 3667 4045
4 3449 2993 4117 5000
4 2561 3799 2739 4964
4 3376 4448 3800 4594
4 2835 3711 3935 4855
4 3385 4158 2995 4592
4 767 3851 929 4459
4 1517 3524 1516 5041
4 3626 3010 4294 5031
4 3782 4073 3455 4703
4 649 650 648 4160
4 3005 4266 3894 4380
4 3027 4489 4109 4591
4 3659 4158 3395 4507
4 2932 3832 3506 4914
4 2942 4339 4901 4976
4 1556 3700 1564 4168
4 1284 3872 1286 4842
4 3752 3998 3057 4033
4 888 3854 974 4809
4 3375 3889 3680 4669
4 3522 4367 2953 4751
4 4355 4523 3639 4927
4 4239 4259 3196 4604
4 3437 4012 3046 4572
4 3226 4030 3767 4092
4 3331 2875 4031 4643
4 3285 3070 4243 4917
4 3841 3507 4793 4836
4 3086 4750 3694 5032
4 2996 3666 3413 4948
4 3115 3641 4178 4257
4 2816 3527 3676 3954
4 3452 3849 3136 4246
4 3032 3766 3819 4383
4 3043 3789 3606 4368
4 3435 4249 2971 4770
4 655 3752 899 3976
4 2970 3572 3650 4334
4 2710 2723 3622 4523
4 2684 2685 2556 3755
4 3058 3959 3593 5065
4 3306 3968 3033 4338
4 1392 1102 1105 3507
4 3312 2813 3860 4225
4 4370 4586 2931 4903
4 2990 3877 3698 4136
4 826 4174 4271 4498
4 2617 2616 2635 3761
4 3433 4470 4325 4897
4 2924 3773 4172 4544
4 3105 4116 3792 4269
4 2792 3817 4854 4958
4 2858 4105 4288 4885
4 619 617 4384 5048
4 3153 3978 3470 4752
4 2917 3907 3400 4673
4 2832 4210 4083 5002
4 627 662 629 4559
4 1256 4050 1255 4066
4 634 4331 635 4838
4 4435 4668 3310 5004
4 160 474 161 3817
4 2907 3974 3652 4705
4 2979 3422 4114 4900
4 3103 4388 4253 4934
4 3559 3950 3057 5039
4 3042 3325 3949 4790
4 3815 4831 3353 4849
4 3397 4579 4400 4598
4 1227 1225 1226 3464
4 1614 1743 3736 4781
4 1398 1107 1113 5062
4 2610 2628 3695 4248
4 3403 4373 3954 4967
4 920 897 784 3811
4 1148 1328 1150 4460
4 3774 3966 2946 4559
4 3442 3888 2980 4146
4 3261 3064 4220 4369
4 3124 3432 4410 4939
4 3363 3054 3838 4490
4 2813 3312 3860 4336
4 3037 4245 3374 4889
4 3693 4039 3047 4329
4 2881 3305 4124 4608
4 179 1767 1470 3936
4 579 3740 4258 4360
4 3165 4155 3540 4460
4 2989 4435 4108 4551
4 3329 3813 2870 4686
4 3494 3011 4371 4778
4 1759 953 1503 4736
4 3809 4049 2953 4830
4 3181 4175 4026 4264
4 3374 4245 3785 4889
4 3196 4082 3930 4835
4 2932 3787 4914 4970
4 3680 3889 2910 4669
4 3022 4730 3969 4945
4 3005 3435 4247 4555
4 3125 4504 3399 4899
4 2911 3952 3374 4889
4 2933 3954 3527 4307
4 2852 4322 3987 4475
4 792 3575 718 4699
4 3189 4666 3893 4669
4 3727 4153 3105 4989
4 2870 3846 3404 4799
4 2971 3651 3588 4461
4 1064 1065 1063 3450
4 2562 2716 3735 4698
4 1281 1278 1057 3834
4 682 701 3764 4940
4 3313 3876 3055 4263
4 1498 1743 3458 4959
4 2980 3988 3442 4185
4 223 3620 403 4888
4 3036 3778 3639 4355
4 1545 3876 1536 4263
4 403 223 402 3620
4 2929 3712 3662 4585
4 900 874 623 4202
4 2820 3518 3917 4502
4 1099 3481 1370 4675
4 1225 1227 1228 3464
4 3073 4022 4464 4662
4 2733 2735 2629 3538
4 3163 3905 3684 4938
4 2919 4190 3636 4895
4 4410 4939 4097 4973
4 3956 4622 3047 5024
4 3494 4389 3079 4482
4 3135 3852 3833 4670
4 1705 4347 1728 4565
4 918 787 785 4189
4 3462 4394 3652 4705
4 762 789 753 3546
4 1418 225 4405 4888
4 728 729 3525 4807
4 1119 1203 1136 4595
4 3059 3316 4426 4810
4 3729 4903 4137 5013
4 3083 4126 3460 4193
4 3146 3930 3798 4082
4 3256 4831 3815 4849
4 3083 3460 4126 4919
4 2582 2580 3581 4216
4 1481 1025 1454 3416
4 3816 4063 2979 4406
4 942 966 216 3970
4 160 474 3817 4854
4 641 891 642 3608
4 981 3678 799 4362
4 4410 4590 3124 4973
4 2856 3796 4469 4648
4 2901 3429 3926 4802
4 576 1009 855 4354
4 2668 4766 4010 4912
4 3481 4133 3062 4505
4 3287 4293 3584 4747
4 3145 4216 3945 5034
4 2704 4228 3360 4523
4 1077 4008 1078 4522
4 3304 4608 3931 4688
4 3385 4158 4640 4754
4 3413 4473 2949 4511
4 958 3828 986 4930
4 3063 4204 4150 4435
4 1077 1078 1369 4522
4 4569 4793 4206 4941
4 1360 1219 1254 4507
4 1502 1275 1456 4237
4 1108 4014 3457 5063
4 3898 3927 3555 4327
4 3679 4565 3284 4873
4 3013 4167 3277 4813
4 3245 4473 3317 4961
4 3338 2721 4803 4905
4 3456 4390 3875 4656
4 3536 4191 4112 4987
4 2961 4053 3286 4726
4 14 2783 3945 4738
4 1397 3410 4397 4714
4 804 3383 769 4578
4 3885 4053 917 4651
4 3437 4331 4012 4572
4 3037 4327 4245 4889
4 2839 3584 3898 4265
4 1198 1199 1193 3896
4 3561 3935 3155 4099
4 2939 4074 3514 4510
4 585 4440 211 4560
4 949 1495 1755 4102
4 3450 3091 4456 4689
4 912 916 742 3844
4 3457 4014 2956 5063
4 2893 3557 3659 5052
4 2961 3835 3343 4611
4 2855 3952 4508 4590
4 2836 4257 3624 4453
4 2641 2640 2634 3768
4 3819 4383 3322 4596
4 2856 3465 3829 4469
4 3853 4249 3172 4280
4 3115 4178 3870 4257
4 4287 4303 3142 4724
4 2837 3539 4133 5010
4 2894 3351 3795 4665
4 2844 4234 3652 4576
4 3639 4355 3194 4523
4 608 606 760 4541
4 2894 3795 3351 4757
4 3672 3873 790 4708
4 3012 4002 3362 4034
4 2826 3837 3386 4089
4 2660 3569 2659 4539
4 4140 4463 3483 4884
4 3576 4051 3200 4828
4 1290 3648 1055 4548
4 3092 3723 3656 4382
4 3274 3541 3853 4694
4 1157 1132 1158 4084
4 1323 3734 1322 4195
4 783 705 788 3672
4 3391 4085 3024 4748
4 2876 4373 4666 4967
4 1087 1088 1342 3808
4 2803 2693 3964 4822
4 1541 4140 3378 4801
4 3518 3917 4502 5033
4 3374 4263 3055 4379
4 3089 3602 3704 4119
4 2951 3748 3448 4925
4 1276 3545 1215 4978
4 3365 2977 4029 4926
4 2751 2656 2710 4523
4 1601 1613 1624 4211
4 3586 3109 4640 4963
4 3346 4003 3199 4887
4 2753 2700 2668 4010
4 746 745 747 3353
4 2898 4135 3399 4393
4 2731 2614 2730 4177
4 3314 4100 3632 4968
4 653 654 656 3559
4 3002 3893 3281 4390
4 3656 3723 3341 4382
4 3549 4480 4115 4918
4 3900 4546 3524 5041
4 3272 4913 4319 4987
4 665 4323 895 4758
4 3037 3952 4119 4281
4 1742 1631 1630 4128
4 3296 4025 3778 4980
4 2734 3393 2663 4834
4 685 4401 686 4785
4 3798 4096 3379 4952
4 2846 4017 4349 4633
4 3900 4118 1643 5041
4 2865 4400 4579 4598
4 3037 3898 3602 4796
4 2730 3960 2657 4177
4 3028 4353 3420 4517
4 2870 4127 3846 4799
4 2734 4005 3393 4834
4 1229 1430 1267 5024
4 3847 4097 3303 4325
4 3090 3611 4115 4918
4 1216 3543 1367 4577
4 3936 4664 3278 5023
4 3725 3738 3018 4653
4 2945 3859 3492 4443
4 1107 3457 1106 5062
4 3688 4111 4649 4700
4 2839 3898 3584 4281
4 1291 3648 1294 4300
4 1431 4009 3491 4833
4 3077 4261 3555 4631
4 2894 4547 3655 4789
4 2993 3758 3449 4393
4 3446 4828 3576 5018
4 2844 3652 4234 4423
4 3661 4103 1558 4545
4 2931 3427 3687 4370
4 3135 3833 3852 4899
4 4196 4415 2974 4703
4 799 4362 3678 4458
4 3075 3832 3506 4455
4 3263 4395 3392 4887
4 770 4362 4458 5051
4 3119 3614 3771 4960
4 3044 4253 3498 4971
4 3888 3988 2980 4501
4 3381 4440 4589 4945
4 576 4071 849 4354
4 3720 4094 2976 4819
4 3509 3742 3191 4879
4 3006 4364 3632 4771
4 2817 4025 3296 4980
4 1327 1248 1174 3962
4 3053 3502 4430 4671
4 3280 3965 3604 4623
4 843 3862 842 4477
4 3143 4229 3608 4363
4 814 816 4021 4038
4 2891 3274 4280 4915
4 2864 3991 4656 4776
4 3058 4795 3331 4857
4 3219 3877 3401 4044
4 3135 4183 3947 4619
4 2561 2738 4476 4964
4 3075 4113 3506 4914
4 2991 4510 4416 4872
4 1674 3670 1701 4344
4 3846 4127 3404 4799
4 2835 3935 4112 4855
4 815 4589 603 4908
4 2979 3795 4466 4547
4 3415 2956 4014 4424
4 3824 4252 4151 4654
4 1388 4722 3494 4778
4 1740 1286 1037 3872
4 2939 3514 3826 4073
4 3061 4124 3935 4855
4 930 647 648 3957
4 3700 3042 3949 5049
4 2743 3508 2750 4622
4 3322 3966 3141 4838
4 4026 4175 3049 4264
4 3743 3880 3288 4962
4 869 870 872 4043
4 1579 1580 1577 4690
4 4430 4556 2826 4992
4 3602 3704 3037 4796
4 3019 3887 3653 4007
4 3093 4059 3983 4789
4 2789 2726 3958 4958
4 2842 4012 4295 4800
4 2743 2750 2794 4622
4 2713 2625 2627 4238
4 3122 3986 4345 4823
4 174 1321 173 4071
4 2773 3691 456 4657
4 712 4332 3347 4908
4 2856 4215 3829 4886
4 767 929 766 4459
4 3209 4210 3902 4250
4 3468 4063 3069 4985
4 1430 1229 1353 3836
4 1102 4618 3507 4876
4 2831 3674 3859 4308
4 3178 4209 3534 4519
4 3269 4405 2777 4888
4 2748 2729 2644 4277
4 1108 3457 4014 5062
4 1105 3507 1102 4618
4 3158 4668 4435 5004
4 1173 3709 1359 4045
4 2857 4098 4602 4970
4 3331 4759 4318 4795
4 3224 4357 4284 4851
4 3611 4918 2916 5008
4 1794 3922 1741 4691
4 3778 4025 3296 4472
4 2693 4821 4685 4822
4 659 821 866 5008
4 461 52 53 509
4 2298 355 354 411
4 45 46 454 512
4 529 66 65 472
4 3025 4425 3511 4665
4 3158 4435 3676 5004
4 2886 4650 3349 4949
4 3192 4514 3373 4521
4 3720 4349 2976 4474
4 3802 3408 4868 5025
4 3134 4247 3435 4555
4 3633 3887 2896 4840
4 1207 1208 1183 3596
4 855 4354 1009 4910
4 2842 3411 4180 4533
4 3076 3773 4172 4760
4 3338 3081 4453 4931
4 3629 4236 2575 4622
4 2842 4533 3422 4777
4 3135 3947 4294 4619
4 2952 3990 4024 4844
4 3722 4016 4439 5001
4 3153 3906 3582 4597
4 632 3966 633 4838
4 3278 3936 3045 4376
4 1134 1114 1130 4620
4 3364 3886 2884 4884
4 1344 1362 3806 4841
4 2988 3458 3854 4781
4 3040 3696 4394 5037
4 2741 2636 2635 3761
4 734 4753 3658 4807
4 3190 4629 3694 5032
4 2996 3424 4120 4298
4 1373 3568 1097 4505
4 3411 4180 3026 4759
4 1311 1071 1387 3576
4 3182 4137 3729 4903
4 3296 3928 3778 4472
4 1224 4398 1155 4462
4 3935 4079 2966 4784
4 1062 1064 1063 4577
4 3293 1245 4389 4955
4 1632 4152 1500 4217
4 4027 4287 3628 4408
4 4039 4329 3475 4986
4 3267 4245 4327 4889
4 1521 3348 4501 4624
4 2772 4448 3297 4594
4 3592 3933 3117 4173
4 63 62 531 470
4 1046 4356 3643 5055
4 1414 1797 1444 4128
4 3215 4690 3627 4852
4 707 686 738 4785
4 2731 4177 2663 4660
4 3087 3518 3917 4339
4 1304 1403 1404 3731
4 3620 4006 2945 4070
4 814 813 812 4812
4 1182 4371 3494 4389
4 2912 4148 3829 4725
4 3235 4283 4308 4677
4 3195 4356 3540 4574
4 3263 4395 4235 4993
4 1703 3673 1611 4593
4 917 4053 752 4651
4 673 3521 683 4480
4 3856 4505 3481 4843
4 3259 4016 3556 4439
4 2828 3571 3971 4487
4 4205 4536 3080 4794
4 2751 4523 2710 4927
4 913 907 908 4218
4 3495 3784 3034 4764
4 3479 4067 3988 4832
4 3023 3349 4309 4949
4 4052 4334 3650 4823
4 796 3336 4001 4737
4 621 3931 617 5048
4 770 4362 799 4458
4 3210 4006 3492 4443
4 697 696 695 4521
4 1596 1597 1603 4067
4 4054 4151 3052 4829
4 2956 4014 3457 4207
4 1513 4543 4080 4791
4 3293 4157 1310 4955
4 3627 4690 3118 4852
4 3696 3986 3040 4394
4 701 702 979 3764
4 1186 3681 1341 4646
4 156 63 157 471
4 63 64 157 471
4 232 231 353 410
4 232 353 354 410
4 157 64 65 471
4 157 65 158 471
4 2953 3809 3401 4297
4 2946 3774 4559 4857
4 3874 4323 3369 4994
4 2969 3493 3895 4366
4 1555 1566 1543 4463
4 3037 3374 3952 4889
4 3688 2915 4700 5012
4 3652 2844 4576 4944
4 3879 4052 3122 4414
4 231 232 1046 3643
4 3174 3764 3431 4940
4 3212 4314 3568 4625
4 3678 4362 3110 4367
4 2658 2616 2744 4075
4 3163 3866 3387 4541
4 3480 4102 950 4179
4 3214 4259 4239 4604
4 1290 1291 1055 3648
4 3430 3063 4173 4967
4 1630 3751 1631 4582
4 3398 4386 3799 4706
4 3391 2914 3960 4817
4 3032 3921 3595 4570
4 602 4440 585 4589
4 1367 1216 1421 3543
4 4176 4739 3250 4981
4 989 796 3336 4001
4 1098 1101 1373 4314
4 743 779 894 3943
4 2922 4862 3867 5021
4 1746 3855 3327 4631
4 3043 3921 3770 4431
4 1575 1576 3776 4358
4 2576 2797 2800 3777
4 1758 1000 4174 4271
4 3084 3887 3633 4840
4 3092 3523 4713 4866
4 2672 2694 2696 4500
4 3437 4208 638 4572
4 2825 3404 3786 4438
4 3122 3986 3879 5059
4 3456 3690 4390 4656
4 4286 4591 3270 4912
4 940 4514 784 4786
4 3552 4538 3088 4683
4 3150 4381 4339 4628
4 3696 3981 3059 4378
4 2973 4100 4343 4682
4 1658 1660 1702 3946
4 2979 3795 4547 4757
4 2842 4295 4636 4800
4 972 978 798 4652
4 3042 3848 3498 4974
4 2825 3786 3404 4728
4 2884 3941 3364 4884
4 1196 1186 1341 4646
4 2948 3813 4502 5033
4 2966 4099 3398 4706
4 3518 4502 3813 5033
4 3550 4715 2953 4751
4 2929 4777 3422 4911
4 1637 1516 3524 5041
4 2862 4309 4209 5066
4 424 2798 3901 4433
4 3404 3001 4127 4634
4 1136 3709 1173 4137
4 3085 3645 4220 4704
4 2706 2784 2675 4093
4 2976 3646 3742 4474
4 1251 1462 1250 4195
4 853 4639 1012 4924
4 1224 1356 1332 4398
4 3005 3810 4471 4710
4 3063 3430 4173 4452
4 1024 4352 3637 4904
4 3562 3133 4218 4740
4 3272 3459 4399 4913
4 2895 4741 3314 4968
4 3122 4345 3986 5059
4 148 462 463 3800
4 3102 3556 4439 4599
4 3722 4439 3102 5001
4 468 3799 154 4403
4 1371 1147 1239 3510
4 4411 4527 3600 5015
4 877 3371 4224 5060
4 1481 1409 1025 4644
4 3309 2963 4977 5038
4 3042 3688 4019 5012
4 2973 4100 3941 4343
4 1617 1631 1736 3751
4 1592 1667 1721 3601
4 411 410 2559 3643
4 404 4405 225 4888
4 3122 3364 3886 5059
4 2864 3991 3302 4656
4 3568 4133 3539 5010
4 1578 4103 1558 4907
4 3473 3023 4122 4949
4 371 2291 372 427
4 952 775 987 3327
4 2740 3799 2561 4476
4 2966 3777 3398 3953
4 3131 3860 3379 4952
4 580 154 3799 4403
4 3463 3842 3156 4552
4 3271 4571 3791 4782
4 3878 4542 3265 4881
4 2813 3595 3560 4570
4 1101 4314 1098 4876
4 2984 3982 3722 4439
4 3172 3934 4280 4746
4 2951 4042 3409 4468
4 3297 3133 4081 4218
4 2810 3911 3605 4444
4 138 14 2 45
4 3048 4001 3336 4737
4 1273 1272 1246 5000
4 4129 4592 4086 4995
4 3034 3784 3495 4484
4 1781 4543 3416 4644
4 727 725 728 4528
4 2908 3318 4184 4562
4 733 884 732 4538
4 3006 3632 4197 4771
4 2566 3964 408 4272
4 3117 3933 3592 5057
4 3597 3824 3052 4942
4 620 3638 931 4826
4 1322 174 175 3577
4 3390 4306 3524 4791
4 3179 3469 3907 4673
4 3391 3024 4290 4748
4 344 3 13 222
4 1496 588 1754 4174
4 1559 1542 1677 3483
4 3073 3980 3618 4856
4 3373 4514 3192 4861
4 3950 4627 3121 4719
4 3884 3158 4435 4551
4 569 4352 844 4652
4 4120 4130 3296 4885
4 2863 3408 4956 5025
4 3571 4124 3305 4608
4 2961 3546 4101 4906
4 1294 1291 1299 3648
4 3272 4235 2871 4395
4 3229 4602 4098 4970
4 3484 3088 4365 4683
4 3020 3791 3760 4587
4 1703 3946 1702 4441
4 1652 1536 1545 3876
4 3788 3978 3153 4752
4 2863 4184 3318 4845
4 1077 1382 1387 4678
4 1670 1671 1661 3938
4 2979 4063 3703 4757
4 1032 1423 1422 3763
4 2818 4293 3287 4747
4 3176 3367 3807 4549
4 2894 3567 4059 4276
4 2942 3452 3947 4138
4 2965 4356 4045 5055
4 2899 3453 3780 4892
4 3457 4490 3363 5063
4 3494 4371 1182 4778
4 2742 2744 2628 3695
4 795 1010 691 4910
4 3477 3757 3016 5056
4 1294 1475 4300 4674
4 3303 4240 2978 4860
4 3188 4058 3444 5052
4 2822 3696 3986 4823
4 2996 4120 3424 4915
4 4019 4649 3127 4700
4 3605 3911 3104 4444
4 2985 4075 3569 4539
4 2651 4044 2653 4297
4 2965 4236 3643 5055
4 3314 2973 3941 4475
4 3862 4212 3232 4615
4 2975 3969 4038 4479
4 3356 3942 3083 4190
4 1123 4091 1104 4618
4 3206 4219 3563 4489
4 3166 3808 3394 4655
4 1381 4397 3850 4714
4 4039 4377 3047 4986
4 2901 3906 3429 4802
4 1662 1509 1624 3758
4 1301 1462 4503 4723
4 3047 4329 4039 4986
4 3551 4184 2908 4530
4 2760 2661 4175 4717
4 4029 4189 3365 4926
4 1084 4350 3718 4607
4 2846 4349 4017 4447
4 938 937 920 3976
4 875 4041 4758 5048
4 1539 1716 1709 3704
4 3442 4146 2980 5054
4 3157 4188 3451 4947
4 3333 3946 4463 4884
4 2942 3985 3947 4901
4 1285 1287 1324 3772
4 3742 4804 3191 4879
4 1202 1209 1232 4088
4 2865 3348 3852 4670
4 2935 4285 3805 4641
4 4490 4552 3463 4941
4 3008 3769 3476 4411
4 3041 4306 3390 4791
4 3432 4798 4410 4939
4 949 950 982 3480
4 1004 1754 588 4174
4 3550 3698 3123 4231
4 2966 3935 4099 4706
4 3317 2949 3944 4961
4 1487 1753 578 3873
4 3184 3559 4033 4554
4 674 663 671 4110
4 2822 4052 3879 5042
4 3167 3655 4547 4789
4 3333 4450 3946 4884
4 1179 1180 1178 4302
4 2876 4292 3592 4967
4 3505 4606 907 4761
4 2857 3468 4320 4985
4 1207 3596 1183 4778
4 3332 4386 3155 4661
4 3079 3494 4482 4720
4 471 156 63 470
4 411 232 354 410
4 471 65 158 472
4 1591 1592 1560 4156
4 3638 3727 3105 4989
4 3643 4685 2559 4821
4 3075 4113 3645 4455
4 1311 1071 3576 4828
4 1594 3857 1697 4170
4 1786 1495 1747 3480
4 2934 3539 3865 5010
4 3433 4098 3065 4320
4 3797 4383 3322 4538
4 2682 2694 2672 3515
4 3184 4035 3957 4107
4 2976 4094 3720 4474
4 1505 1742 1797 4128
4 3483 4156 3260 4593
4 3597 4085 2853 4243
4 2593 2594 2591 4417
4 2739 3799 2561 4403
4 1144 4065 1135 4898
4 3367 3918 3807 4549
4 3023 4309 3870 4949
4 2834 3434 4495 4844
4 902 3533 928 4816
4 467 4081 2790 4403
4 3167 4547 3795 4789
4 2965 3643 4236 4821
4 2673 2782 2721 4905
4 1637 1517 1516 5041
4 788 4187 3672 4708
4 1208 1183 3596 4778
4 1402 3503 1039 4560
4 3482 4174 3113 4871
4 1402 1396 1039 3503
4 610 3784 608 4541
4 3930 4082 3146 4166
4 3135 3833 3472 4670
4 3341 3838 4091 4825
4 998 4081 589 4218
4 3026 4180 3512 4759
4 959 4106 3495 4936
4 866 4199 3611 4584
4 3520 4188 3068 4340
4 3429 3832 2838 4169
4 2955 3487 4252 4883
4 960 933 582 3885
4 3047 3836 3693 5024
4 4228 4419 2724 5011
4 1655 1653 1656 4638
4 3683 4164 4100 4682
4 1260 1433 1412 4152
4 2901 4167 3402 4802
4 660 959 939 4106
4 1556 3700 4168 4262
4 2723 2613 2602 4313
4 941 4187 700 4514
4 3340 4829 3391 4928
4 3841 4464 3073 4836
4 3430 2967 4292 4453
4 943 1001 952 3855
4 3140 4129 4086 4995
4 2947 3978 3788 4752
4 2746 3883 3538 4476
4 3162 3574 3999 4679
4 3551 3802 4868 5025
4 3835 4227 3295 4599
4 3031 4616 3551 5025
4 3064 3339 4763 4774
4 3024 4177 3391 4290
4 2959 4698 3794 4986
4 1237 1263 3980 4494
4 1205 4143 1378 4385
4 1532 1648 3863 4792
4 2970 3650 4052 4334
4 2950 4451 4470 4647
4 2685 2695 3354 4773
4 615 661 613 4427
4 3710 3265 4881 4883
4 3048 4274 4102 4736
4 2861 3791 4571 4782
4 145 809 144 3283
4 4116 4269 3105 4534
4 1572 3757 1585 5056
4 577 956 980 3692
4 854 175 3577 4639
4 2572 2799 2768 4070
4 45 138 14 454
4 2704 2656 4228 4523
4 2983 3397 4015 4400
4 3712 4794 4795 4911
4 2935 3471 3925 5057
4 3543 4016 2984 4577
4 4372 4754 2889 4963
4 1531 1532 1533 4792
4 3941 4450 3364 4884
4 1431 4009 1303 5023
4 3199 3883 4411 5015
4 1192 3547 1394 4864
4 1107 1106 1108 5062
4 951 570 3707 4616
4 3074 4335 4524 4997
4 3121 4627 3549 4719
4 3376 3861 3802 5025
4 2930 3418 4255 5049
4 624 4041 3337 4850
4 3677 4567 3865 5010
4 602 3381 4440 4589
4 1513 4080 4543 4644
4 3564 3923 3005 4555
4 902 4719 3533 4816
4 2765 3818 3519 4859
4 642 4229 3608 4496
4 1306 4117 1261 5000
4 2949 3771 3614 4960
4 2873 4026 3439 4996
4 3459 3750 2922 4536
4 2941 3523 4382 5022
4 1373 1372 1097 3568
4 1551 4379 1547 4921
4 3419 4753 922 4807
4 2956 3415 4014 4819
4 4109 4591 3206 4912
4 3158 4108 3676 4435
4 4017 4349 3193 4447
4 1065 1138 1063 4420
4 3258 3741 4359 4858
4 3562 4218 4036 4740
4 2839 3904 4095 4744
4 2913 3609 4816 4837
4 3083 3942 3356 4756
4 3796 4264 2856 4574
4 3191 4111 3688 4700
4 3577 2999 4195 4525
4 1568 3949 3700 4974
4 3051 4362 3932 5051
4 1320 1031 1465 4432
4 2835 3300 4704 4855
4 3506 3832 3099 4455
4 3349 4650 3094 4949
4 817 4021 818 4402
4 1066 1067 1065 3890
4 1434 4171 1429 4272
4 3147 3672 3489 4786
4 3182 4350 3427 4370
4 1026 3629 3836 5055
4 3027 3803 3580 4489
4 2705 2665 2677 5011
4 1777 1497 1788 3858
4 2907 4426 3791 5037
4 832 3697 586 4924
4 3103 3333 4262 4801
4 692 4404 3951 4910
4 2990 3345 4715 5026
4 1687 1785 1686 5047
4 734 925 3658 4753
4 229 228 408 3964
4 2830 3842 3463 4552
4 1456 1484 1793 4237
4 226 1429 1041 4405
4 1620 3602 1719 4796
4 2831 3361 4047 4681
4 3065 4098 3433 4867
4 953 1755 1503 4102
4 1208 3596 4722 4778
4 1637 1516 1633 4546
4 2919 4090 3531 4880
4 2564 2785 415 3956
4 466 465 2570 4081
4 3454 3621 3133 4964
4 1115 1407 3864 4689
4 146 462 147 3707
4 3285 4243 3867 4862
4 3154 4200 3974 4920
4 2733 3538 2629 4660
4 656 654 657 4627
4 3442 2980 4185 5054
4 3023 3840 4122 4931
4 2838 3832 3429 4515
4 2875 4031 4328 4874
4 2917 3400 3907 4979
4 2969 3895 3486 5046
4 2903 4273 3807 4296
4 2824 4410 3432 4798
4 955 981 799 4362
4 3511 4665 4425 4929
4 3476 3769 2909 4411
4 3453 3780 2999 4531
4 3756 3328 4196 4346
4 988 4224 3458 5060
4 1114 1111 1125 3713
4 1655 4376 1653 4638
4 2977 4535 3797 4926
4 1615 1614 1743 3736
4 2834 3990 3537 4586
4 2899 3780 3453 4531
4 4020 4788 3690 4810
4 685 3371 877 5060
4 1779 221 1491 4212
4 2978 3894 4266 4979
4 3054 4091 3838 4825
4 1573 1571 1572 4893
4 3076 3983 4059 4789
4 4495 4815 3737 4877
4 3207 3702 3846 4634
4 3526 3750 3208 4602
4 1412 1433 1035 4217
4 3402 3906 2901 4802
4 3584 4281 3253 4744
4 819 804 3692 4402
4 694 696 3686 4521
4 593 3691 955 4362
4 3492 4006 2945 4443
4 3170 3713 4014 5062
4 3290 4798 3979 4939
4 652 4554 3752 5039
4 2857 3312 4098 4518
4 2984 3722 4016 4439
4 1092 4034 3856 4563
4 1745 1754 1795 3828
4 2906 4542 3878 4881
4 690 3484 713 4683
4 2698 4285 3471 4641
4 3564 4266 3995 4860
4 3279 3412 4028 4522
4 1593 4058 3670 4663
4 1307 1065 1067 3890
4 230 3964 409 4685
4 3206 3925 3471 4286
4 653 3559 656 5008
4 1114 1125 1130 3713
4 1560 1719 1620 3602
4 2679 3993 2681 4684
4 3709 4137 1136 4595
4 3638 3943 3844 4603
4 641 862 891 4208
4 2917 4673 3400 4762
4 3500 3969 2975 4479
4 2813 3644 4493 4570
4 3363 3054 4490 4966
4 4065 4181 1139 4898
4 1480 1436 1424 4909
4 3187 3797 4535 4926
4 3620 4157 3269 4888
4 3007 3431 4036 4779
4 2658 2744 2742 4539
4 2814 3423 3947 4619
4 1060 1375 4016 5001
4 2849 4564 3580 4760
4 3957 4035 3143 4107
4 3703 3069 4063 4743
4 3212 4464 3539 4793
4 4476 4933 3799 4964
4 718 3575 792 4702
4 2907 3974 3530 4478
4 1587 1653 1654 4376
4 2748 2680 4277 4882
4 3284 4358 3920 4672
4 2961 4053 3885 4651
4 2720 2721 4123 4803
4 3331 3058 3971 4795
4 3722 3982 3102 4439
4 1183 4722 1388 4778
4 1264 3964 230 4685
4 2573 406 405 4405
4 1215 4856 3980 4978
4 3005 4247 3435 4471
4 3032 3512 4493 4570
4 973 974 801 3854
4 2676 4006 2768 4070
4 3642 4457 3220 4938
4 2811 4113 3506 4455
4 3114 4612 3467 4645
4 2836 4173 3430 4452
4 424 2798 425 3901
4 1640 4268 1525 4361
4 2813 3860 3379 4336
4 3320 4866 3624 5022
4 2830 3463 3842 4668
4 3044 3326 4268 4361
4 463 149 148 3800
4 601 4491 3945 4657
4 409 229 408 3964
4 3549 4201 3521 4480
4 652 654 4554 5039
4 1629 1668 4274 4736
4 3674 3717 3060 4735
4 3585 3683 2973 4682
4 734 922 925 4753
4 3094 4902 3870 4949
4 3518 3087 3917 5033
4 1001 3855 805 4442
4 1161 1160 1159 3680
4 2819 3402 4597 4604
4 3853 4280 3172 4342
4 1092 1095 1094 3856
4 986 958 831 3828
4 2956 3363 3884 4490
4 3710 3265 4542 4881
4 425 426 248 3901
4 1745 1704 1660 3482
4 3536 4079 3066 4661
4 146 461 462 3707
4 3824 4654 3052 4749
4 3518 4339 3087 4429
4 3859 4105 3039 4610
4 4176 4946 3139 4981
4 684 4458 3521 4816
4 3092 3656 3744 4382
4 2815 4114 3350 4993
4 2869 3822 3694 4241
4 3148 4681 4130 4885
4 2607 2606 2605 3614
4 2984 4069 3543 4456
4 2991 4529 3445 4558
4 2938 4017 3734 4776
4 4410 4798 2824 4939
4 1344 1362 1363 3806
4 3122 4414 3364 5059
4 2960 4078 3377 4629
4 3931 4608 2987 4758
4 2954 4082 3930 4166
4 658 3549 834 4627
4 1454 1348 1349 4372
4 3174 3959 3712 4994
4 3088 4383 3797 4538
4 3706 3949 3042 5049
4 802 3575 718 4258
4 1076 1073 1075 4008
4 1692 1585 1700 3757
4 454 14 2783 3945
4 658 677 834 3549
4 2827 4074 3485 4558
4 3093 4007 3897 4929
4 684 683 673 3521
4 2999 3780 3453 4723
4 2874 3635 3919 4200
4 1073 1077 1387 4008
4 934 4036 913 4740
4 3050 4269 4116 4916
4 3330 4474 3120 4767
4 3471 3933 3925 5057
4 642 4496 3608 4814
4 3775 4854 985 5050
4 787 918 892 3726
4 628 3774 630 5065
4 3472 3947 3135 4787
4 2697 3563 4219 4621
4 2651 4044 4297 5026
4 2945 3717 3859 4443
4 3219 3675 4277 4530
4 3050 4384 3304 4916
4 3046 4363 4295 4800
4 3313 4263 3055 4601
4 4057 4374 3056 4431
4 2968 4370 4027 4728
4 2924 4003 3346 4887
4 1634 1515 1518 4543
4 802 718 3575 4699
4 2809 4465 3400 4537
4 3907 3924 3466 4246
4 2584 2757 4285 4839
4 1773 1514 1763 4080
4 3494 2883 4482 4720
4 1688 1683 3814 4907
4 2939 4089 3826 4513
4 2838 3913 4116 4916
4 2901 3582 4132 4540
4 3569 3195 4264 4574
4 3017 4201 3549 4480
4 570 809 3283 4699
4 2901 4169 3582 4540
4 4295 4363 3299 4800
4 3346 3199 4003 4806
4 3038 3842 3463 4668
4 1532 1648 1651 3863
4 3050 4310 4384 4916
4 1745 3482 1660 4871
4 3139 3878 3558 4981
4 2584 2698 2585 4641
4 1556 1567 3700 4262
4 419 2771 2770 3955
4 3170 4094 3713 4620
4 3720 4094 3120 4474
4 2842 4533 3321 4636
4 2935 4285 3471 5057
4 3163 4484 3495 4541
4 3313 1537 4509 4667
4 2868 4303 4287 4724
4 3068 3909 3451 4646
4 1413 1497 1777 3858
4 753 3546 789 4870
4 974 1751 1489 4809
4 3040 3986 3696 4823
4 1355 4034 4002 4843
4 3127 3572 4649 5028
4 3857 4170 2992 4691
4 1111 4014 1379 4424
4 960 218 219 4497
4 1181 4371 4397 4778
4 2848 4306 4146 4504
4 2973 3671 3585 4682
4 2968 4068 3412 4607
4 2998 4130 3361 4681
4 3498 3103 4255 4262
4 3643 4236 3629 5055
4 2584 2585 3805 4641
4 1156 1133 1150 4155
4 1491 1471 1750 4013
4 2811 3645 4220 4917
4 1295 3689 4300 4674
4 3241 4330 3389 4564
4 4318 4759 3411 4795
4 1111 1379 1126 4424
4 3713 2976 4094 4819
4 3135 4670 3472 4787
4 1771 1724 1504 3637
4 3321 3914 3595 4180
4 2968 3718 4350 4607
4 3134 4465 3847 4647
4 521 54 53 462
4 54 55 462 522
4 954 790 989 3873
4 2926 3602 4156 4951
4 3662 4291 3218 4987
4 3898 4261 3602 4796
4 3382 3860 2813 4225
4 3292 4329 3956 4986
4 2892 3702 4282 4416
4 2794 2575 2776 4236
4 3620 3682 2945 4157
4 2893 4086 4129 4592
4 3732 4524 2885 4997
4 1146 1127 1137 3723
4 3099 3832 3506 4805
4 3608 4229 3143 4496
4 4425 4665 3093 4929
4 2668 2638 4010 4766
4 3312 4336 2950 4897
4 3046 4229 3608 4572
4 3240 4343 4048 4811
4 3592 3933 3081 5057
4 3086 4149 3377 4278
4 2842 4636 4374 4800
4 3790 4763 4220 4917
4 4052 4414 3879 5042
4 3940 4388 3301 4934
4 4102 4736 953 4737
4 702 3764 701 4940
4 3126 3982 3973 4696
4 2886 3441 4650 4902
4 3580 4231 3123 4760
4 2997 3909 4188 4340
4 2834 3434 4377 4495
4 3312 2950 4470 4897
4 475 3817 2557 4437
4 2561 2740 2778 3799
4 3310 4435 4150 4668
4 1728 4565 4347 5035
4 2754 4766 3471 5043
4 711 3686 1019 4924
4 4061 3197 4693 5045
4 3458 1743 4781 4959
4 1556 1567 1564 3700
4 3587 4109 3027 4417
4 3028 3306 4353 4517
4 3079 4371 3494 4720
4 4242 4247 3134 4465
4 3125 4118 3900 5041
4 3110 4258 3740 4360
4 2872 4291 3662 4987
4 4024 4335 3334 4932
4 834 4627 3549 5008
4 2831 4308 3859 4681
4 3891 4438 3151 4583
4 2848 3626 4294 5031
4 2985 4030 4092 4648
4 3136 3849 3452 5058
4 2822 3879 3986 4042
4 4346 4422 3053 5027
4 2894 4276 4059 4789
4 2927 3891 3702 4428
4 3142 4756 4303 4969
4 2951 3686 4468 4521
4 983 844 4352 4904
4 2859 3574 4485 4869
4 2746 2735 2733 3538
4 138 139 601 3945
4 3090 4184 3551 4868
4 3156 3984 4569 4941
4 1403 3731 4424 5063
4 2839 4265 4535 4926
4 2637 2674 2645 4797
4 1741 3922 1783 4170
4 3132 3868 3711 4935
4 2950 3660 4097 4325
4 3507 1392 4314 4836
4 1640 1528 1525 4268
4 2705 2724 2665 5011
4 657 3950 669 4627
4 3389 3027 4219 4417
4 3549 3017 4480 4918
4 1449 1264 230 4685
4 3302 3101 4656 4776
4 230 229 409 3964
4 2949 4222 3349 4511
4 3146 3930 4166 4988
4 3264 3528 4410 4894
4 2965 3629 4236 5055
4 2591 4219 4109 4417
4 3795 4789 4665 4929
4 1306 1261 1437 5000
4 3640 3837 3053 5027
4 2830 4150 4435 4668
4 3466 3907 2978 4979
4 1290 1299 3648 4214
4 3068 3451 4188 4734
4 2591 2590 4219 4417
4 3004 4050 3451 4947
4 838 683 715 4458
4 1301 1302 1462 4723
4 3358 4209 2862 4222
4 1606 1583 3825 4890
4 410 2808 2559 4685
4 1280 3922 1452 4013
4 1745 1754 3828 4174
4 923 643 644 4229
4 479 166 3830 4532
4 2766 3707 2558 4882
4 3524 4546 3390 4791
4 2918 3770 3921 4431
4 959 761 4106 4936
4 1208 4722 1183 4778
4 3824 4749 3052 4942
4 2942 3452 3849 5058
4 1503 953 4102 4736
4 3130 3921 3560 4154
4 3811 4197 3357 4786
4 3342 2943 4067 4891
4 4146 4306 3524 4504
4 2933 3954 4307 4519
4 1529 1531 4023 4792
4 2961 3343 4101 4454
4 3506 4113 3075 4455
4 3054 3363 4091 4966
4 3732 4429 2885 4524
4 2898 4804 3742 4879
4 2955 4054 4151 4654
4 2765 423 3519 4433
4 713 801 4635 5060
4 3922 4170 3175 4842
4 3037 4245 3555 4796
4 3166 3394 3948 4655
4 1527 4023 1644 4449
4 591 1511 1747 3855
4 1361 4051 1070 4714
4 3364 4414 3879 5059
4 2812 4024 4335 4756
4 1530 1529 1531 4023
4 1644 1527 1530 4023
4 2847 3939 3783 4422
4 3568 4314 3062 4505
4 1358 3709 1136 4595
4 2966 3777 3393 4079
4 1475 1297 1295 4674
4 684 3521 673 4719
4 2660 2659 2658 4539
4 900 738 893 4202
4 3492 3210 4443 4610
4 1237 1221 1263 4494
4 3010 3865 3539 4783
4 3861 4956 3802 5025
4 2870 3404 4028 4799
4 789 762 810 4906
4 3370 3911 3104 4429
4 3187 4029 3797 4926
4 2567 427 3669 4738
4 809 145 570 3283
4 3677 3865 3150 4783
4 1364 3544 1129 4808
4 2925 3565 4250 4873
4 2922 3750 3459 5021
4 3347 3022 4908 5064
4 4208 4553 3608 4572
4 2922 3827 4191 4536
4 1699 3513 4893 5035
4 3366 4468 4359 4858
4 1386 1184 1249 4955
4 3878 4881 3265 4883
4 982 3480 950 4179
4 3760 4633 3059 4810
4 2979 4547 4063 4757
4 1416 3519 245 4433
4 1001 1023 805 3855
4 3510 3838 3363 4091
4 3063 3881 3403 4967
4 1215 3545 4856 4978
4 3614 4392 2606 4446
4 3366 3096 4858 4924
4 3492 3859 3039 4610
4 3751 4128 3109 4582
4 1135 4065 1139 4898
4 2995 4158 3395 4592
4 2817 3502 3963 4130
4 2919 3352 4090 4880
4 725 4695 4528 4779
4 883 3322 4613 4838
4 1661 1792 1745 4871
4 3263 4235 3633 4993
4 3267 3839 3736 4353
4 2673 2684 2762 4566
4 4734 4947 4188 5002
4 2885 4339 4381 4628
4 2688 4175 2659 4822
4 2767 2664 3869 4006
4 3603 4695 724 4779
4 1162 1160 1161 3680
4 3107 3383 4000 4434
4 1234 1169 1170 5036
4 618 901 619 4384
4 642 644 4229 4496
4 2949 3614 4037 4960
4 836 1006 3609 5051
4 933 3885 960 4906
4 2835 4079 3935 4935
4 645 4496 642 4814
4 3345 4297 2953 4715
4 2960 3377 4278 4629
4 3047 3956 4329 4986
4 1704 1778 1628 4441
4 2913 4816 3521 4837
4 2984 3450 4456 4577
4 1637 1633 3900 4546
4 3042 4790 3706 5049
4 2766 462 3707 3800
4 1749 4066 1675 4663
4 1726 1541 1538 4801
4 2838 3913 3788 4116
4 3647 4894 3528 5014
4 3120 4094 3720 4819
4 3686 3951 694 4521
4 1647 3746 4614 5035
4 2627 2625 2626 3600
4 3694 4629 3086 5032
4 1506 1279 1452 4013
4 2839 4281 3584 4744
4 3580 4564 4231 4760
4 2977 4553 3437 4596
4 3013 3826 4073 4089
4 924 887 921 4046
4 1713 1579 1594 4690
4 684 716 4458 4816
4 2950 4097 3847 4325
4 2584 2695 2757 4839
4 2751 4392 3639 4927
4 3218 4191 3827 4536
4 1452 1764 1506 3922
4 3095 3728 3461 5047
4 2994 3895 3493 4077
4 3250 4739 4176 4946
4 3479 4061 3071 4144
4 863 3678 981 4258
4 3874 4323 3561 4765
4 4359 4468 3258 4858
4 3250 3810 4471 4981
4 3288 4576 3915 4962
4 2815 3750 3459 4617
4 2894 3795 4547 4789
4 685 689 4110 5060
4 3636 4190 3356 4381
4 816 587 814 4021
4 2962 4018 3584 4265
4 3166 4333 3721 4409
4 3646 2976 4349 4474
4 3173 4185 3385 4640
4 2842 3411 4533 4777
4 3132 4177 3393 4834
4 1060 3722 1058 5001
4 3356 4756 3142 4969
4 1462 4195 1463 4503
4 3649 4131 3114 5054
4 2710 3622 2708 4927
4 3053 3963 3502 4671
4 925 735 734 3658
4 2949 4511 3349 4960
4 578 986 4708 4930
4 3140 3329 4129 4995
4 4318 4759 3331 4857
4 1523 1525 1526 4144
4 898 3866 606 4481
4 1569 3661 1558 4545
4 908 3505 907 4761
4 3020 3690 4788 4810
4 1501 1004 958 3828
4 1476 3889 1468 4214
4 2824 3469 4097 4240
4 1156 1336 1133 4142
4 1004 829 3828 4174
4 869 720 868 4043
4 1774 4652 1507 4827
4 3003 4039 3737 4495
4 2591 2592 2593 4109
4 2816 3527 3954 4307
4 1496 1000 588 4174
4 3568 4133 3856 4505
4 682 702 701 4940
4 1217 1208 1207 3596
4 2889 3385 4185 4640
4 715 799 838 4458
4 3245 4298 3928 4749
4 3086 4278 3377 4629
4 2968 3668 4027 4721
4 2591 2590 4109 4219
4 4046 4331 639 4572
4 2687 3569 2764 4821
4 3017 3521 4201 4480
4 3671 3941 2973 5059
4 2898 4393 3399 4879
4 3022 3969 3381 4945
4 1577 1581 1669 3679
4 3438 3637 3095 4904
4 733 773 884 3797
4 1610 1666 1591 4274
4 2971 4249 3923 4280
4 4364 4771 2972 5003
4 915 791 991 4870
4 3393 3132 4834 4935
4 3182 3718 4350 4721
4 2956 4014 4207 4819
4 3679 4250 4232 4890
4 3005 4247 3894 4555
4 1631 3751 1617 4582
4 3521 4719 684 4816
4 2936 3761 3639 3975
4 2870 4409 3329 4686
4 3082 3483 4463 4884
4 4640 4754 3586 4963
4 4321 4390 3690 5040
4 634 632 633 4838
4 3444 4734 4129 5002
4 1399 1233 1398 3841
4 994 3551 822 4702
4 3059 4633 3760 4865
4 811 3885 917 4651
4 989 861 796 4001
4 888 801 3854 4635
4 1294 1468 1164 4674
4 3300 3359 4704 4855
4 3122 3879 4414 5059
4 3160 3981 4378 4633
4 3710 4542 3108 4881
4 980 819 804 3692
4 2629 4290 2614 4660
4 3024 3393 4177 4660
4 414 415 236 3956
4 1355 1091 1332 4034
4 3659 4217 3109 4507
4 4108 4435 3158 4551
4 3472 4138 3947 4787
4 3032 3595 3914 4180
4 3174 4291 3874 4994
4 3076 4059 4276 4789
4 1522 4144 1638 4501
4 1229 1222 1154 3693
4 965 966 781 4457
4 2589 4109 2590 4219
4 1698 1578 1558 4907
4 955 593 141 3691
4 807 890 764 4099
4 463 149 3800 4594
4 3834 4289 3102 4696
4 2853 4151 3340 4928
4 3178 4519 4307 5066
4 3091 3864 3543 4689
4 2811 3506 4113 4746
4 419 240 241 362
4 362 241 419 363
4 241 419 363 364
4 2867 4407 3744 4713
4 2972 4771 3998 5003
4 3512 4031 3331 4759
4 3024 3391 4177 4817
4 3013 4167 4132 4878
4 352 410 353 4685
4 2850 4316 3937 4693
4 2812 4335 4024 4932
4 1399 1398 1113 3841
4 3549 2916 4918 5008
4 1442 1769 1486 4066
4 3024 3538 4387 4660
4 419 241 242 364
4 3824 4298 3245 4942
4 916 927 779 3844
4 3535 4341 3377 5033
4 725 724 4695 4779
4 1707 1706 1780 3854
4 3072 4232 4250 4890
4 767 3851 4459 4578
4 2979 3795 3703 4466
4 3392 2909 4399 4411
4 3066 4661 4079 4706
4 1330 3729 1329 4492
4 913 4036 4218 4740
4 2737 2692 2736 3621
4 4010 4286 3270 4912
4 3229 4098 4914 4970
4 863 838 981 3678
4 1286 1284 1285 3872
4 3046 3608 4553 4572
4 3174 3712 4291 4994
4 2904 3654 4315 4686
4 3670 4232 3072 4716
4 152 466 467 4081
4 3902 4210 3072 4250
4 3254 4200 3567 4731
4 2888 3405 3839 4365
4 3493 4104 4735 4945
4 1647 4614 1727 5035
4 2572 2768 3620 4070
4 585 212 851 3594
4 2 8 14 138
4 3412 4068 4028 4522
4 3245 4654 3824 4749
4 1151 1306 1153 4117
4 3347 4332 3107 5064
4 774 776 773 4029
4 3126 3982 3722 4745
4 3412 3948 3394 4655
4 1158 4072 1467 4084
4 864 866 821 4584
4 837 3932 597 4491
4 3546 4053 2961 4454
4 1717 1670 1659 3938
4 1669 1705 1728 4565
4 3192 4322 3409 4861
4 3136 3423 4880 5058
4 1542 4140 1543 4463
4 3232 3862 3754 4212
4 3031 4184 3551 4530
4 2694 3515 2682 5034
4 3081 3338 4453 4566
4 776 777 862 4029
4 3 9 13 222
4 1623 1780 1706 4056
4 2853 3340 4151 5005
4 1427 1310 1309 4157
4 3989 4321 3020 5040
4 3449 3758 2993 5000
4 908 4218 3505 4761
4 3697 4858 3823 4924
4 1024 948 3637 4352
4 3555 3077 3898 4261
4 2950 4451 4647 4973
4 3087 3377 4341 5033
4 745 743 894 3943
4 2964 3874 4291 4994
4 3035 4575 3745 5046
4 2789 2726 2725 3958
4 3058 3337 4850 4857
4 3490 4347 1645 5045
4 3798 3930 3146 4251
4 1730 3848 1731 4971
4 3325 3045 4121 4638
4 2982 3903 3497 4142
4 3736 4781 1743 4959
4 3764 4768 3431 4940
4 3155 4386 4099 4706
4 3674 3969 2831 4945
4 1577 1575 1576 3776
4 3600 4238 2625 4527
4 2947 3996 3978 4752
4 2834 4377 4039 4495
4 3798 3146 3996 4251
4 595 989 796 3336
4 1326 1341 1443 4396
4 2858 3928 4298 4749
4 3092 3744 3523 4382
4 2606 4392 3614 4488
4 3028 4353 3306 4573
4 2833 4520 3849 4976
4 3809 4830 3691 5034
4 1653 1587 1588 3949
4 2957 3657 3837 5027
4 634 636 635 4331
4 3497 4155 3205 4886
4 642 3608 891 4814
4 3951 4404 3242 4910
4 822 864 4702 4868
4 685 4110 671 4401
4 3463 4279 3038 4668
4 3168 4070 3421 4853
4 3479 3988 2980 4832
4 3053 4430 3573 4992
4 572 984 947 4761
4 458 3740 143 4360
4 197 949 591 1495
4 3805 4213 3581 4839
4 1397 1354 1381 4397
4 3080 3816 4205 4533
4 3437 4613 3322 4838
4 1263 4494 1271 4978
4 2820 3467 4317 4612
4 3633 4235 3350 4993
4 652 650 3752 4554
4 3256 4053 3546 4454
4 2835 4704 3359 4855
4 1412 1500 1796 4152
4 3035 3905 4575 5046
4 1575 1598 1573 4893
4 837 597 969 4491
4 1215 1340 1270 3980
4 1762 1771 3637 4352
4 1216 1375 1317 4016
4 917 752 758 4651
4 3551 4184 3031 5025
4 1271 4494 4237 4978
4 1579 1577 3776 4690
4 3404 4127 3370 4799
4 1695 1697 3857 4691
4 652 3752 655 5039
4 3031 3800 3707 4616
4 1289 1110 1114 4620
4 3376 4606 3505 4761
4 3181 3439 4026 4175
4 914 4218 992 4740
4 2939 3485 4510 5019
4 3531 4090 3308 4296
4 3164 3844 3943 4603
4 3046 4046 3419 4229
4 974 3854 1751 4809
4 3502 3963 3053 4196
4 3653 4295 3299 4900
4 2879 4206 4464 4793
4 855 711 1012 4639
4 3326 3071 4449 4950
4 2977 3797 4029 4926
4 3787 4487 3203 4914
4 3026 3411 4205 4533
4 2608 2610 2744 4488
4 2894 4059 3567 4665
4 2938 3734 3577 4071
4 2651 4297 2654 5026
4 3988 4067 3173 4832
4 2865 3348 4670 4950
4 2898 4094 3742 4804
4 3050 4116 3913 4916
4 3304 4427 4269 4688
4 2600 2598 4054 4829
4 1696 1695 1693 4691
4 1136 1120 1119 4137
4 1596 1606 1583 3825
4 3078 4241 3513 4943
4 3694 3908 3086 4629
4 4228 4610 4419 5011
4 1652 1657 1725 3759
4 3444 4058 3342 5052
4 2916 4201 3549 4918
4 1406 1166 1405 4305
4 1095 4034 1355 4843
4 608 610 609 3784
4 1569 1554 1558 3661
4 3101 4432 3302 4656
4 3060 4735 4104 4945
4 2730 2622 2657 3960
4 3110 4367 4362 4830
4 984 4606 3376 4761
4 3024 4085 3391 4817
4 3055 4270 4379 4605
4 3050 3844 3638 4826
4 1572 1700 1585 3757
4 1389 1239 1404 4436
4 14 2 372 4738
4 1144 1128 1135 4065
4 2821 3743 3522 4751
4 3292 4698 4863 4986
4 759 4199 866 4584
4 3034 4269 4427 4688
4 3452 4581 3136 5058
4 2969 4060 3684 4575
4 3128 4248 3623 4467
4 3389 4330 2990 4564
4 4416 4510 3485 5019
4 1595 1734 1602 4118
4 3834 4011 2992 4696
4 3692 3817 3030 5050
4 3803 4176 3139 4642
4 3579 3798 2947 4952
4 3670 4058 1593 4716
4 2626 3600 2625 4527
4 1251 3599 1391 4385
4 4061 4693 3071 5045
4 2600 2601 2598 4829
4 407 2566 408 4272
4 3086 3908 3613 4278
4 631 870 869 3593
4 3455 3837 3657 5027
4 687 672 679 4718
4 419 242 420 364
4 631 3593 869 5065
4 458 459 143 3740
4 3540 4215 4460 4727
4 3041 3416 4644 4864
4 3071 3762 4144 4950
4 1478 1441 1298 3426
4 1306 1153 4117 5000
4 3742 4474 3191 4804
4 3645 4191 3300 4704
4 3524 3888 3125 5041
4 2917 3924 3907 4246
4 1325 1255 1210 4050
4 782 4179 950 4737
4 736 735 737 4676
4 2594 2593 2595 3587
4 632 635 870 4198
4 3484 4110 689 5060
4 1618 1637 1633 3900
4 1215 3980 1270 4978
4 3393 3777 2966 4005
4 2815 3350 4114 4617
4 2694 4216 3515 5034
4 3134 3847 4470 4647
4 870 871 872 4198
4 1057 1056 1043 3834
4 1674 3670 4344 4663
4 1169 1234 1257 3715
4 2891 4280 3424 4915
4 3051 4362 3678 4367
4 2949 4037 4511 4960
4 3040 3443 4762 4972
4 407 408 228 4272
4 3673 4441 3082 4593
4 3166 3948 3412 4655
4 1675 4066 3858 4663
4 1090 4034 1092 4563
4 1403 3731 1305 4424
4 1354 3850 1381 4397
4 3937 4210 3209 4250
4 3004 4344 3670 4663
4 3916 4055 3533 5053
4 1312 1167 1177 4460
4 1251 1205 1391 3599
4 3629 2965 3836 5055
4 2567 427 426 3669
4 2966 3953 3542 4005
4 3783 3939 3011 4422
4 2920 3908 3694 4267
4 2809 3894 4465 4537
4 3055 3432 3979 4977
4 3698 3773 3076 4760
4 798 978 844 4652
4 1215 1340 3980 4856
4 2693 2803 3964 4685
4 3695 4075 2985 4539
4 3562 4740 3332 4933
4 3722 3982 2984 4745
4 2633 2644 2634 4003
4 4191 4704 3645 4862
4 1554 1551 1553 4203
4 1630 1631 1617 4582
4 1629 4274 1625 4736
4 3549 4115 834 5008
4 601 3945 139 4657
4 3342 4067 3825 4891
4 2657 2622 2645 3960
4 1626 4546 4237 4780
4 3239 4379 4270 4605
4 2970 4052 3650 4378
4 854 174 4071 4639
4 2790 2739 4403 4964
4 1527 1528 1529 4023
4 2754 4641 3471 4912
4 3044 3397 4579 5028
4 868 720 682 4940
4 3529 4520 3849 5044
4 3094 4653 3870 4902
4 2912 3829 4223 4725
4 1506 3922 1794 4013
4 2835 3711 3868 4935
4 825 599 824 4271
4 2704 2656 2724 4228
4 2885 4339 3518 4429
4 1091 1092 1090 4034
4 822 4702 3551 4868
4 2960 3995 3466 4860
4 2959 4863 4698 4986
4 1593 1701 1674 3670
4 3230 3946 3482 4871
4 3330 3355 4865 4953
4 3625 3942 3083 4919
4 3087 4520 3732 4976
4 3737 4039 3475 4986
4 2601 2603 2604 4829
4 152 467 153 4403
4 3573 4089 3013 4703
4 2899 4531 3823 4858
4 1220 1150 1247 4155
4 898 604 3866 4481
4 1310 1051 1309 3682
4 2841 3418 4334 4649
4 4584 4702 864 4868
4 2964 4323 3874 4994
4 3825 4067 2943 4891
4 782 3496 919 4179
4 731 3658 735 4676
4 3141 4012 3437 4331
4 4484 4712 3495 4975
4 1386 1249 3663 4955
4 1706 1586 4056 4781
4 1566 1702 1703 3946
4 4153 4534 3105 4975
4 1506 1750 1279 4013
4 3208 3750 3526 4230
4 2825 4027 3687 4728
4 3355 4571 4865 4953
4 4235 4304 3350 4993
4 2693 409 2803 4685
4 2984 4016 3722 4577
4 2991 4510 3514 4558
4 3500 3969 2831 4308
4 3580 3803 3139 4642
4 3312 4518 4225 4970
4 2604 2603 2614 4290
4 1868 360 1826 1928
4 1859 562 57 1919
4 1922 1862 47 554
4 1828 1918 244 1858
4 234 1825 1917 1857
4 67 1860 538 1920
4 1861 224 1921 1830
4 144 1923 539 1863
4 1925 544 164 1865
4 1812 1866 350 1926
4 1867 1927 154 566
4 370 1823 1864 1924
4 3119 4030 3695 5007
4 2907 3696 4426 5037
4 3090 4115 3611 4584
4 2910 3893 3403 4669
4 2853 4748 3340 5005
4 231 353 410 4685
4 3062 3481 4505 4876
4 2653 2679 2689 3401
4 1100 3607 1103 4618
4 2860 4835 3930 4846
4 2709 2606 4392 4446
4 4173 4373 3592 4967
4 1312 4460 4171 4727
4 3524 4146 3041 4306
4 3450 4577 1064 4689
4 1652 3759 1725 5038
4 4194 4373 3211 4666
4 1593 1673 4058 4663
4 2887 4861 3811 4922
4 3127 4111 3572 4581
4 3068 4129 3520 4409
4 1549 3785 1678 4921
4 2702 4219 2590 4417
4 2876 3403 3881 4967
4 1177 1168 1178 4302
4 1539 1537 1716 4509
4 3029 3873 3672 4708
4 3713 4094 3388 4620
4 1241 1227 1242 3739
4 3562 4319 3454 4933
4 2853 3340 4748 4928
4 1290 1042 1299 4214
4 933 917 811 3885
4 3652 3025 4234 4705
4 3870 3933 3023 4931
4 416 238 237 4632
4 2901 3617 4167 4802
4 3762 4670 3348 4950
4 2972 3440 4160 4364
4 3119 3695 4488 5007
4 2991 4526 3445 4529
4 3368 4324 3461 4988
4 3826 4089 3106 4513
4 2961 3343 4454 4611
4 1728 1732 4565 5035
4 4147 4324 1680 5047
4 1190 1344 1363 3806
4 3569 3181 4264 4822
4 3117 4519 4309 5066
4 3481 1370 4675 4843
4 655 3752 3976 5039
4 4079 4387 3393 4935
4 235 414 236 3956
4 3115 4257 3870 4931
4 850 849 4055 4354
4 2954 4103 3661 4545
4 1143 1329 1330 3729
4 1789 1632 1500 4217
4 3076 3983 3655 4544
4 1276 1200 1201 4141
4 646 647 644 4496
4 3059 4865 4571 4953
4 1523 1522 1521 4501
4 3491 4009 3045 4121
4 3137 3731 3680 4551
4 3945 4491 3145 4657
4 2562 4632 2759 4698
4 3110 3691 3809 4830
4 2966 3953 4099 4957
4 250 3669 427 4738
4 3653 3299 4466 4900
4 3088 3766 4095 4383
4 3275 4771 4364 5003
4 3026 4225 4518 4970
4 3072 4716 4232 4890
4 2756 3345 4621 5026
4 579 143 3740 4360
4 3160 4633 4378 4953
4 2837 3821 4133 4569
4 2776 3643 2559 4236
4 1644 3490 1645 5045
4 3368 3033 4324 4988
4 2977 4383 3797 4535
4 2974 3899 3541 4415
4 943 196 591 1511
4 4162 4782 3271 4920
4 1084 1086 1085 4607
4 2841 4334 3572 4649
4 3051 3678 4458 4837
4 2879 4206 4793 4941
4 3306 4353 3785 4937
4 2975 4038 4021 4479
4 3481 3856 4133 4505
4 3612 3848 3042 4974
4 1094 3856 1096 4505
4 704 679 847 4718
4 3206 4591 4286 4912
4 1520 1519 3888 4624
4 881 690 732 4683
4 1713 3627 1600 4690
4 1411 1439 1410 4499
4 3886 4388 3103 4934
4 645 846 4496 4814
4 3625 3821 3083 4190
4 3381 3060 4440 4945
4 1734 1636 1643 4118
4 3146 3978 3996 4752
4 2578 426 425 3901
4 3607 3984 2921 4825
4 4112 4291 3218 4557
4 3053 3837 3455 5027
4 3113 4271 4174 4498
4 3675 4544 2924 4887
4 875 622 4041 5048
4 2855 3952 4119 4601
4 3948 4686 2870 4799
4 3537 4495 3003 4637
4 908 998 4218 4761
4 3066 4079 3777 4706
4 3520 2870 4340 4409
4 2768 2767 2560 4006
4 2808 2559 4685 4821
4 2679 3401 3993 4684
4 3692 3030 4687 5050
4 3099 4182 3664 4848
4 1316 1315 217 3556
4 3014 3980 3545 4978
4 3076 3773 4136 4544
4 998 572 4594 4761
4 1421 1217 1407 4186
4 2959 4588 3794 4698
4 1024 983 4352 4904
4 3262 4659 4375 5061
4 3068 3520 4340 4409
4 1186 1195 1194 4646
4 2641 4330 4044 5026
4 2663 4177 2657 4834
4 1324 1436 1285 3872
4 956 3817 162 4437
4 2836 3933 3870 4931
4 3385 4317 4086 4995
4 3425 4712 4484 4975
4 2964 4291 4112 4557
4 4419 4610 3492 5011
4 1429 227 1434 4272
4 2958 4200 3635 4299
4 1436 1037 3872 4909
4 3350 4304 3662 4617
4 2901 3926 3429 4805
4 212 3594 585 4560
4 695 699 697 4521
4 405 225 404 4405
4 2825 3786 4076 4438
4 2955 4151 4252 4654
4 3041 3416 4543 4644
4 1045 1293 1295 4300
4 2838 4116 3788 4534
4 3164 3844 4603 4692
4 3446 4282 2892 5018
4 3159 4471 3810 4981
4 3299 4636 4466 4900
4 2838 3788 3913 4515
4 2815 3350 4617 4993
4 1033 244 245 3519
4 3972 4213 3211 4824
4 3433 3312 4098 4470
4 692 676 693 3951
4 1155 4462 3729 5013
4 2887 3357 4197 4771
4 1391 1157 1464 4385
4 3524 4504 4306 4546
4 1106 4966 1109 5063
4 3556 1315 4497 5001
4 2999 4233 3780 4723
4 3076 3655 4172 4544
4 1711 1695 3857 5056
4 2893 3395 4158 4592
4 731 734 735 3658
4 1323 1321 1322 3734
4 3964 4685 3195 4822
4 2922 4191 3645 4862
4 2835 3536 4079 4387
4 3847 4465 2978 4647
4 3074 3807 4273 4296
4 3013 4132 4342 4878
4 1136 1358 1173 3709
4 223 1427 222 3620
4 3368 4147 3461 4324
4 1513 4080 1514 4791
4 2944 3590 4561 4983
4 3545 4141 3249 4306
4 3687 3786 2982 4076
4 709 764 710 3561
4 3069 3703 4063 4757
4 823 177 586 4664
4 141 140 456 3691
4 2900 4166 3343 4600
4 2638 2752 2668 4010
4 3009 4148 3756 4725
4 802 3575 4258 4699
4 2710 4523 3622 4927
4 1550 1551 1547 4921
4 1549 1678 1550 4921
4 1632 1630 1616 4582
4 4094 4474 3742 4804
4 2754 4766 2668 4912
4 3418 2970 4334 4649
4 3420 4353 3028 5009
4 2630 3883 2736 5015
4 3433 4098 4320 4470
4 1251 1464 1323 4195
4 3151 4076 3786 4438
4 622 3701 4041 5048
4 1519 1522 1635 4501
4 3638 2940 3943 4603
4 965 781 761 3642
4 3200 4828 3890 5018
4 2799 2677 2676 4070
4 1568 3700 1567 4974
4 901 623 619 3701
4 2943 4067 3479 4832
4 1372 1198 1363 4625
4 991 797 915 3815
4 3042 3612 4790 5012
4 2721 2639 2649 3840
4 3890 4828 3446 5018
4 1092 3856 1094 4563
4 3041 4080 3390 4141
4 657 670 669 3950
4 2809 3894 3810 4247
4 3039 3421 4283 4308
4 603 812 602 4589
4 2934 3865 4567 5010
4 2930 4255 3700 5049
4 2740 2758 2797 3777
4 1426 271 1769 1030
4 355 412 233 411
4 3540 4264 3195 4574
4 1393 1211 1395 4707
4 3802 4956 3408 5025
4 62 63 156 470
4 62 156 155 470
4 146 52 53 461
4 232 354 355 411
4 233 232 355 411
4 2944 3397 4561 4598
4 2978 3907 3466 4240
4 625 875 622 4041
4 473 159 66 472
4 3338 4803 4123 4905
4 179 1470 1308 3936
4 45 46 139 454
4 139 138 45 454
4 159 65 66 472
4 159 158 65 472
4 1542 1543 1677 4463
4 220 3862 596 4615
4 1100 3607 4618 4876
4 1753 202 1487 578
4 3724 3868 3132 4817
4 1519 1518 1517 3888
4 364 242 420 365
4 1123 1104 1103 4618
4 3042 3949 3706 4790
4 3524 3900 3125 4504
4 473 2565 2792 3542
4 848 850 849 4055
4 3660 4325 2950 4897
4 2983 3466 4697 5044
4 3093 4665 4789 4929
4 4298 4749 3245 4942
4 1095 1096 3856 4843
4 3629 3836 3047 5024
4 3467 2980 4185 4832
4 162 956 161 3817
4 2577 3800 2766 4448
4 163 477 164 3631
4 3314 4322 3409 4475
4 854 853 175 4639
4 4205 4795 4794 4911
4 1260 1048 1443 4152
4 3521 4816 4458 4837
4 2963 3979 4798 4977
4 3484 4635 713 4683
4 920 655 899 3976
4 3661 3204 4203 4846
4 1467 1158 1160 4072
4 3127 3452 4400 4787
4 3458 3736 3028 4959
4 3183 4028 4068 4522
4 1368 1194 1376 3721
4 3360 4228 3194 4523
4 242 243 420 365
4 271 1769 1030 1777
4 1724 1498 1760 4959
4 176 1038 175 4503
4 1605 1730 1642 3848
4 409 3964 2803 4685
4 218 582 217 4711
4 3123 4276 3558 4760
4 636 4331 634 4838
4 2223 39 38 535
4 3589 4531 4525 4630
4 571 888 974 4809
4 3432 4798 3979 4977
4 1263 1271 1270 4978
4 1577 1576 1579 3776
4 3498 3848 3044 4971
4 3016 3920 4358 4672
4 3145 4657 3691 5034
4 877 4224 988 5060
4 2567 2763 427 4738
4 1363 1198 1191 3896
4 3032 4095 3766 4383
4 594 158 159 3542
4 3239 3968 4338 4846
4 2606 2607 2608 4488
4 990 156 573 3398
4 3332 3066 4661 4933
4 2833 3995 3466 4520
4 605 4481 607 4908
4 3127 3572 4111 4649
4 3609 4458 716 4816
4 1087 1086 1088 4733
4 3052 4829 4151 4928
4 2708 2597 2599 4446
4 580 154 944 3799
4 4112 4191 3218 4987
4 3600 4003 3199 5015
4 149 947 148 3800
4 3080 4533 4205 4911
4 3207 4282 3702 4416
4 4537 4762 2917 4979
4 1213 3820 1419 4707
4 3133 4740 3562 4933
4 3462 2907 4394 4705
4 3021 3916 3915 4512
4 574 949 198 1755
4 819 956 817 3692
4 243 420 365 421
4 2838 4169 3425 4534
4 3852 4670 3135 4787
4 2970 4111 3572 4649
4 2861 3791 3760 4571
4 3568 3806 3111 5010
4 3420 3839 4353 5009
4 2942 3947 3452 5058
4 3420 4145 3028 4517
4 807 890 4099 4957
4 2626 3600 4527 5015
4 2849 3710 3910 4680
4 2692 2728 2736 4806
4 3268 4372 3586 4754
4 1095 1096 1094 3856
4 2716 2719 2562 3735
4 1625 1627 1487 3873
4 8 372 2 4738
4 3031 3802 4616 5025
4 2582 2686 2580 4216
4 928 4816 3533 5053
4 2602 4313 2603 4829
4 3703 4057 3069 4743
4 3391 4748 4290 4928
4 1487 578 954 3873
4 3628 4287 3142 4408
4 3699 4421 3842 4820
4 1626 1665 4237 4546
4 3064 3488 4077 4730
4 2697 2586 2587 3563
4 4115 4918 3611 5008
4 2793 3809 2689 4684
4 63 527 471 470
4 411 354 2276 410
4 2825 4027 3628 4408
4 2900 3343 4454 4600
4 1706 3854 1707 4781
4 3340 4151 4829 4928
4 1620 1719 1710 4796
4 1645 1647 1732 5035
4 2887 4197 3811 4861
4 3197 4693 4347 4873
4 1657 1551 4203 4379
4 1557 1558 1554 3661
4 3055 4263 3374 4601
4 42 41 1965 534
4 2960 4337 3995 4860
4 141 457 142 4360
4 2557 475 2789 3817
4 3033 4338 3968 4846
4 3196 4239 4082 4835
4 3037 3555 3898 4796
4 2954 4082 4239 4835
4 3400 4465 3894 4537
4 802 792 718 4699
4 656 4627 834 5008
4 855 1009 795 4910
4 3817 4854 3030 5050
4 4102 4179 3048 4737
4 3466 3924 3907 4979
4 2687 2660 2764 3569
4 3453 2999 4503 4531
4 820 609 680 4332
4 410 352 2288 409
4 472 471 65 519
4 231 230 353 4685
4 230 352 353 4685
4 3824 3245 4749 4942
4 3041 3524 4306 4791
4 1570 1558 4103 4545
4 3456 4072 3101 4432
4 3053 3837 3640 4992
4 2632 4122 2639 4803
4 2927 3702 3891 4634
4 3256 3470 4454 4831
4 3809 2953 4367 4830
4 3760 3791 3059 4571
4 3050 3638 3844 4603
4 470 2778 2576 3398
4 3011 3604 4422 4720
4 970 4740 945 4768
4 3483 4463 1677 4593
4 1762 590 188 948
4 3616 3982 2984 4439
4 3017 4201 3619 4918
4 2736 2737 3621 4964
4 1679 3728 1681 4324
4 3540 3049 4215 4727
4 1039 213 212 4060
4 1454 1025 1414 4128
4 4063 4547 3208 4757
4 1349 1192 1394 4864
4 3048 3336 4274 4736
4 3197 4347 3679 4873
4 3033 3930 3661 4846
4 652 899 655 3752
4 629 630 628 3774
4 3139 4883 3878 4946
4 3165 4215 3540 4886
4 3894 4465 3400 4979
4 4332 4481 3387 5064
4 2834 4495 3990 4844
4 1442 1426 1769 4066
4 1203 1339 1338 4595
4 463 464 149 4594
4 2693 2808 4685 4821
4 3048 3336 4736 4737
4 3795 4665 3351 4929
4 1416 1033 245 3519
4 3881 4108 3403 4669
4 3862 4289 3295 4615
4 801 974 888 3854
4 2957 3939 3657 5027
4 3089 4811 3483 4951
4 2990 3698 3877 4715
4 4524 4969 2885 4997
4 2792 2789 474 3817
4 685 686 706 4785
4 3608 4208 3365 4553
4 659 653 656 5008
4 1082 4607 1085 4655
4 2744 2610 2628 3695
4 2845 4145 3420 4517
4 3381 4589 3022 4945
4 3524 3125 3900 5041
4 3158 3676 4108 4788
4 3769 4399 2909 4411
4 2892 4282 3702 5018
4 2937 3940 3590 4983
4 3664 4182 3099 4455
4 3150 3865 3985 4783
4 3076 4172 3773 4544
4 976 4102 953 4737
4 3094 3534 4209 4519
4 1975 399 2295 400
4 4332 4908 4481 5064
4 4074 4510 3485 4558
4 2883 4482 3717 4998
4 3400 4537 3894 4979
4 687 703 861 4001
4 3016 3757 4413 4954
4 3759 3876 3055 4977
4 165 72 73 479
4 3030 3775 3542 4784
4 1522 1523 4144 4501
4 2741 2659 2688 4175
4 3250 4946 4176 4981
4 3041 3390 4080 4791
4 3390 3041 4141 4306
4 3381 3969 3674 4945
4 2754 2666 4766 5043
4 2811 4182 3664 4455
4 479 73 13 520
4 716 793 3609 4816
4 3712 4557 4291 4994
4 158 3542 594 4957
4 3046 3608 4229 4363
4 3282 3865 3677 4567
4 2831 3969 4730 4945
4 1970 40 39 532
4 1060 1058 1375 5001
4 3054 3984 3607 4825
4 1618 3900 1633 4546
4 3219 4277 3993 4530
4 3097 3894 4266 4380
4 3055 4270 3979 4508
4 3477 3016 3857 5056
4 3181 4445 4226 5029
4 997 3953 158 4957
4 4458 4816 3609 4837
4 220 842 596 3862
4 823 599 178 4664
4 3068 3721 4333 4409
4 3146 3470 3978 4752
4 2685 2757 2695 4773
4 3460 4193 2868 4303
4 3280 3804 3717 4482
4 903 4616 3802 4868
4 2651 2653 2654 4297
4 1357 1355 4002 4843
4 2999 4525 4531 4630
4 703 4001 687 4718
4 2897 4363 3608 4553
4 3545 4306 3249 4662
4 3421 3039 4283 5011
4 3131 4325 3660 4897
4 2714 3735 2716 4588
4 24 23 2233 509
4 728 924 729 4807
4 865 822 3551 4868
4 603 4481 605 4589
4 3972 2935 4213 4824
4 837 836 597 3932
4 3008 4411 3476 4527
4 4284 4328 3067 4874
4 166 3830 4532 4812
4 3524 4306 3390 4546
4 455 2773 456 4657
4 1214 1201 4022 4856
4 3012 3856 3481 4843
4 3083 4193 3460 4303
4 2784 2788 2678 4093
4 2966 4079 3935 4706
4 3640 3053 4422 5027
4 1104 4618 4091 4966
4 3198 4686 3948 4799
4 1736 1635 1737 3988
4 2960 3466 3995 5044
4 3117 3925 3933 5057
4 3011 3939 3640 4422
4 585 602 211 4440
4 1609 3557 1616 5017
4 2951 3951 3686 4521
4 1387 1232 1311 4678
4 992 152 153 4403
4 144 143 459 3740
4 865 822 994 3551
4 3417 4134 3067 4692
4 2639 3840 2721 4803
4 3684 3905 3035 4938
4 1219 1140 3586 4898
4 2847 4064 3891 4428
4 2925 3920 3776 4852
4 3340 3391 4290 4928
4 1212 1255 1256 4050
4 988 3458 800 5060
4 1730 1731 1650 4971
4 994 4699 3551 4702
4 698 4412 1020 4498
4 1099 1098 1096 4505
4 2673 2721 2649 4566
4 729 3525 4807 4875
4 902 684 4719 4816
4 1412 1796 1048 4152
4 1798 1623 1746 4631
4 778 805 786 3598
4 697 698 696 4412
4 3696 4823 4378 5037
4 2942 4901 3947 5058
4 993 697 700 4412
4 176 586 177 3823
4 3284 4873 4565 4943
4 2889 3385 4640 4754
4 3676 4587 3020 5004
4 1406 1478 1477 4305
4 2717 3794 4588 4698
4 3915 4576 3231 4962
4 3650 4378 4823 5037
4 2677 2799 2707 4070
4 2991 3514 4510 4872
4 2929 3603 4043 4585
4 72 165 478 479
4 1245 1218 1265 4389
4 2825 3786 3687 4076
4 1357 1356 1228 4002
4 3652 4394 2907 4705
4 3548 3161 4423 4742
4 1046 3643 1446 5055
4 3891 4064 3702 4428
4 2843 3646 4233 4630
4 2892 4282 3578 4416
4 1653 3949 1588 4638
4 3444 4947 4734 5002
4 3740 4360 2571 4684
4 3947 4901 3423 5058
4 214 575 852 3684
4 220 221 842 4212
4 1743 1615 3736 4959
4 3007 4235 3562 4304
4 3674 2831 4735 4945
4 2991 4416 4510 4558
4 731 734 3658 4875
4 2609 4392 2751 4927
4 2894 3665 4729 4757
4 1666 1629 1668 4274
4 1216 1060 1375 4016
4 2694 2802 4216 5034
4 2819 4597 3705 4604
4 720 4043 721 4940
4 1456 1028 1484 4237
4 3468 4242 3134 4985
4 575 909 852 3684
4 3586 2995 4158 4898
4 3444 4775 3004 4947
4 1738 1616 1609 3557
4 371 249 426 427
4 3026 4205 3787 4970
4 3693 4329 3047 5024
4 915 749 3815 4849
4 3080 4794 3662 4911
4 904 905 736 4676
4 3156 4190 3625 4895
4 2836 3725 4173 4452
4 2626 4527 2624 5015
4 3562 4235 3272 4304
4 2746 3538 2733 4476
4 3096 4531 3589 4858
4 3099 4169 3832 4805
4 1038 1463 4195 4503
4 619 623 622 3701
4 22 23 507 1954
4 1005 790 3873 4708
4 4673 4762 3443 4972
4 2812 4024 3441 4932
4 3363 4490 3457 4966
4 1053 1418 1450 4157
4 1496 1792 1758 4174
4 3363 3838 3884 4490
4 2910 3403 4108 4669
4 1526 1525 1527 4449
4 1418 224 225 4888
4 3 73 13 4532
4 3540 4215 3049 4264
4 700 941 1021 4187
4 3917 4612 3985 5006
4 951 3707 592 4616
4 30 29 1958 518
4 1777 1030 1413 3858
4 1618 4546 1633 4780
4 782 704 919 3496
4 3059 3650 4571 5037
4 1219 3586 4507 4898
4 1495 1786 1668 4102
4 1006 793 836 3609
4 2659 3569 2687 4822
4 2591 2590 2589 4109
4 3761 4075 3181 4226
4 3013 3541 4703 4813
4 3220 4651 3885 4711
4 2852 4450 3364 4475
4 3275 3998 4771 5003
4 3215 3902 3708 4775
4 1321 1323 1465 3734
4 3732 3918 3104 4524
4 1699 1598 1732 5035
4 2574 456 2773 3691
4 3116 4051 3566 4808
4 3400 2917 4762 4979
4 672 4418 679 4718
4 2824 4240 4097 4267
4 1214 1215 1201 4856
4 747 915 797 3815
4 20 21 515 1977
4 3276 4370 4027 4721
4 683 684 715 4458
4 238 1473 237 4632
4 1115 1367 1407 4689
4 3331 4759 4031 4857
4 3574 3912 3180 4483
4 3082 4463 3946 4884
4 2566 2803 408 3964
4 140 456 3691 4657
4 1088 1343 1342 3882
4 4097 4240 3303 4267
4 3048 4102 3480 4179
4 2748 2787 2680 4882
4 578 4708 3873 4930
4 3073 3841 4351 4464
4 149 947 3800 4594
4 3150 4783 3985 4901
4 898 606 604 4481
4 2999 4195 3599 4723
4 3419 3658 4807 4840
4 3170 4014 3713 4819
4 1307 1395 1419 4707
4 3493 4077 3895 4366
4 1598 4565 1732 5035
4 1741 3922 4170 4691
4 3069 4729 3665 4757
4 3586 4158 2995 4754
4 210 3682 1051 4440
4 603 4589 605 4908
4 3838 4490 3054 4552
4 2629 2615 2614 4290
4 2928 4407 3641 4866
4 921 4046 639 4572
4 3434 3098 4495 4844
4 1142 1136 1173 4137
4 3975 4419 3194 4486
4 4268 4361 1640 4971
4 3092 4713 4407 4866
4 2979 4466 4636 4900
4 666 682 681 3874
4 146 53 147 462
4 53 54 147 462
4 55 148 147 462
4 147 54 55 462
4 3784 4484 3387 4541
4 3098 3434 4495 4815
4 3065 4113 3506 4746
4 2836 3870 4257 4931
4 4416 4510 3247 4872
4 3074 3918 3732 4524
4 3055 3759 3979 4605
4 2812 4273 4335 4932
4 4399 4609 3108 5021
4 720 872 721 4043
4 4347 4693 3197 5045
4 1749 1486 4066 4909
4 2925 4250 3679 4873
4 3383 3692 4687 5050
4 3609 4816 793 5053
4 1679 1720 1681 3728
4 3184 4033 3897 4107
4 2901 4132 4167 4878
4 770 799 715 4458
4 2841 4019 4649 5028
4 4235 4395 3272 4993
4 3776 3920 3118 4852
4 640 642 643 4229
4 2624 2623 2615 4527
4 2643 2642 2636 3975
4 2843 4311 3646 4630
4 1090 1343 3882 4563
4 605 4589 4481 4908
4 2722 2711 2598 3812
4 3313 4509 3378 4667
4 1276 1215 1274 4978
4 3850 4397 3410 4714
4 3668 4287 4027 4721
4 2901 3617 3926 4878
4 656 658 834 4627
4 3542 3775 3030 4854
4 1052 1420 1474 3491
4 1072 4051 1361 4808
4 1059 1058 1060 3722
4 1711 3857 4358 5056
4 3024 3476 4290 4748
4 3351 3795 3703 4757
4 3037 3898 3555 4327
4 594 3775 985 4957
4 3658 3408 4676 4956
4 3147 3811 4197 4861
4 3450 2984 4456 4745
4 638 4208 641 4572
4 1674 1715 1749 4344
4 1229 1266 1222 3693
4 2945 4006 3492 4070
4 3177 4021 3631 4437
4 3340 4290 4748 4928
4 3014 3758 4494 4780
4 627 3774 628 4850
4 1106 1109 1108 5063
4 1082 1085 1350 4655
4 928 755 4816 5053
4 3063 3954 4173 4967
4 2901 4167 3617 4878
4 923 4035 926 4753
4 2894 4547 3795 4757
4 2927 3891 4428 4583
4 3053 4671 4430 4992
4 731 4676 4606 4875
4 2913 3521 4201 4837
4 1046 1334 4356 5055
4 3117 4307 3954 4519
4 698 1020 827 4498
4 2760 2661 2741 4175
4 1608 1559 1677 4593
4 1266 1458 4329 5024
4 3810 3894 3005 4247
4 2591 2702 2590 4417
4 620 616 614 3792
4 2976 4143 3599 4385
4 1099 1100 1098 4876
4 2705 2677 2706 5011
4 1590 4211 1664 4965
4 957 3542 159 4854
4 1026 3836 1425 5055
4 3130 3560 3921 4570
4 1516 1773 1633 4546
4 3675 2863 3861 5025
4 3231 4576 3880 4962
4 942 3970 216 4711
4 1711 1695 1697 3857
4 2655 2642 2643 3975
4 3874 3959 3174 4994
4 1254 1444 1482 4217
4 3341 4382 3553 4825
4 2732 2731 2663 4660
4 3900 4546 1618 4780
4 1581 1705 1669 3679
4 2583 2584 3805 4839
4 2674 4093 2678 4797
4 3952 4281 3037 4889
4 2649 4566 3840 5043
4 3148 4130 4120 4885
4 3267 4327 3405 4889
4 619 4384 3701 5048
4 3786 3151 4438 4583
4 3394 1085 4607 4655
4 923 647 926 4035
4 1447 1258 1386 3663
4 3461 3728 4324 5047
4 1705 3679 1581 4890
4 2843 4233 3780 4630
4 1314 3656 1384 5036
4 2291 400 401 2220
4 766 4323 710 4459
4 710 4323 3561 4459
4 2629 2614 2731 4660
4 3500 4677 4308 4774
4 3087 4339 3917 4976
4 1501 1795 1754 3828
4 2844 3892 4512 4944
4 2973 3879 3986 5059
4 1452 1044 1764 3922
4 2840 4249 3923 4555
4 3038 3842 3699 4421
4 1300 3889 1476 4214
4 2727 2706 4283 5011
4 3144 4137 3709 4903
4 3074 4335 3501 4524
4 780 754 926 4199
4 955 141 142 4360
4 3146 4251 3930 4988
4 246 424 247 4433
4 804 4578 803 5050
4 3334 4335 4273 4932
4 4685 4821 3195 4822
4 1297 3689 1295 4674
4 2944 4561 3436 4598
4 2278 2227 374 375
4 3049 4264 4175 4822
4 950 4102 976 4737
4 2799 2572 2707 4070
4 3540 4215 3165 4460
4 1502 1763 260 1034
4 843 4477 995 4870
4 3914 3921 3043 4431
4 884 3797 859 4613
4 858 617 621 3931
4 896 3495 4541 4936
4 1111 1110 1108 4014
4 2863 3861 4956 5030
4 627 629 628 3774
4 1781 1513 4543 4644
4 2641 4044 2651 5026
4 2838 4269 4116 4534
4 3022 3387 4366 4481
4 3713 4014 3415 4819
4 951 147 592 3707
4 3461 4324 3033 4988
4 1024 857 983 4904
4 2559 4236 3643 4821
4 1216 1062 1060 4577
4 2773 455 2563 4657
4 3931 4608 3305 4896
4 3849 4976 2942 5058
4 3236 3919 3635 4769
4 2946 3966 3774 4318
4 3227 4401 4328 4874
4 3228 4257 3641 4713
4 3736 3839 3028 4353
4 1026 1430 1425 3836
4 3811 4861 3373 4922
4 3028 3306 4517 4573
4 1341 1186 1185 3681
4 681 678 3874 4765
4 724 723 721 4779
4 3420 3028 4145 5009
4 3614 4488 4392 5007
4 3486 4556 4430 4992
4 2861 3760 3791 4587
4 2966 4784 3542 4957
4 3980 4856 3545 4978
4 1280 1452 1279 4013
4 713 690 689 3484
4 2944 3590 4040 4561
4 3446 2997 4282 5018
4 3114 3985 3472 4612
4 3561 4099 3155 4765
4 635 886 4198 4331
4 2963 3759 3979 4977
4 1108 4014 1110 5062
4 53 146 461 462
4 3042 3848 3612 5012
4 792 3575 4699 4702
4 3408 3090 4584 4868
4 3625 3083 3942 4190
4 1748 1738 1676 4152
4 759 780 866 4199
4 3016 4954 4413 4990
4 2942 3849 3529 4976
4 344 345 402 2273
4 3380 4732 3097 4782
4 3335 3967 3730 4990
4 2610 2618 2628 4248
4 3243 4357 3382 4851
4 1185 1236 1260 3659
4 2679 2689 3401 4684
4 921 639 640 4572
4 3307 4342 4132 4878
4 1593 3670 1674 4663
4 4046 4229 3046 4572
4 1140 1175 1219 3586
4 1233 1398 3841 4836
4 4650 4902 3094 4949
4 2820 3467 4612 4645
4 4010 4122 3023 4766
4 2609 2751 2709 4927
4 1522 1523 1638 4144
4 3573 4342 3307 4847
4 1787 1491 1750 4013
4 2767 2664 2747 3869
4 694 695 696 4521
4 2998 4130 4681 4885
4 3199 4411 3600 5015
4 2765 3519 422 4859
4 625 4041 624 4850
4 245 423 246 4433
4 2857 3747 4518 4743
4 3192 4468 3686 4521
4 2956 4014 4424 5063
4 1383 1243 1384 4675
4 2824 4097 3469 4410
4 2754 2666 2648 4766
4 513 28 29 2221
4 3013 4703 4073 4813
4 1183 1208 1388 4722
4 3778 3928 3296 4355
4 3055 3979 3759 4977
4 3755 4566 2684 4773
4 3062 3539 4133 4569
4 4085 4748 3391 4928
4 637 4613 3437 4838
4 2276 382 383 2234
4 586 3823 853 4924
4 3683 4100 2973 4682
4 3160 3646 4311 4630
4 1297 4305 3689 4674
4 3372 4272 4171 4996
4 3087 4341 3917 5033
4 616 3792 620 4826
4 3792 4269 3304 4427
4 1963 19 18 508
4 2837 4133 3539 4569
4 3064 4220 3790 4763
4 2965 4045 3836 5055
4 376 375 1962 2279
4 399 2280 398 2231
4 2870 3813 4127 4799
4 2972 4033 4107 5003
4 639 4331 636 4572
4 771 3719 714 4635
4 1647 1534 1727 4614
4 769 3851 767 4578
4 240 419 418 362
4 4182 4540 3099 4805
4 3 9 73 4532
4 2891 4342 3573 4847
4 3551 4699 3575 4702
4 1981 2283 385 384
4 3181 4264 4026 5029
4 3035 3905 3684 4575
4 3363 4966 3457 5063
4 3117 3933 3925 4309
4 716 755 793 4816
4 3797 4383 3088 4535
4 978 569 844 4652
4 2917 3907 3924 4979
4 1359 1173 1358 3709
4 1656 4638 1612 4965
4 2602 2612 2603 4313
4 3750 4406 3080 4617
4 1090 3882 1088 4733
4 467 466 2790 4081
4 626 625 624 4850
4 3124 4939 4410 4973
4 222 13 344 402
4 3119 3695 4030 4467
4 2946 4031 4759 4857
4 2654 2671 2672 4297
4 3653 2829 4007 4466
4 2590 4219 2699 4621
4 677 673 683 4480
4 1095 1092 1355 4034
4 3164 4568 4125 4982
4 3795 2894 4665 4789
4 2737 2804 2692 3621
4 3492 4443 3859 4610
4 1756 1485 569 4652
4 3011 4422 3640 4720
4 1287 1285 1283 3772
4 1560 1548 1559 4156
4 1675 3858 1788 4663
4 3287 4391 3632 4968
4 1201 1199 1204 4022
4 1431 1230 4009 4833
4 3295 4101 3862 4906
4 1701 1600 1715 4344
4 3383 3061 4578 4687
4 1572 1585 1574 5056
4 934 4036 4740 4768
4 667 4160 668 4418
4 906 907 4606 4761
4 573 157 997 3953
4 1701 1582 1580 4232
4 579 142 143 4360
4 1074 1361 1070 4714
4 3009 3829 4148 4725
4 3544 3850 3116 4808
4 1662 3758 1613 4780
4 975 962 1018 4362
4 3595 3921 3560 4570
4 1184 4371 1182 4389
4 2924 4136 3773 4544
4 3203 4310 3913 4916
4 142 458 143 4360
4 1603 4067 1597 5017
4 1094 1096 1097 4505
4 3062 4793 4569 4941
4 219 4497 1043 4615
4 985 4578 3775 5050
4 2609 2709 4392 4927
4 244 245 3519 4859
4 3489 3006 4418 4718
4 2848 4146 3833 4899
4 1597 1584 1672 4716
4 3379 4336 3860 4897
4 1300 1476 1468 4214
4 619 621 617 5048
4 1155 1154 4462 5013
4 3406 4698 3735 4863
4 622 619 3701 5048
4 1343 3882 4563 4841
4 2814 4183 4111 4767
4 1155 3729 1143 5013
4 2907 3530 4426 4478
4 839 695 693 4521
4 3655 3167 3983 4789
4 791 915 753 4870
4 14 8 2 4738
4 1233 1392 1398 4836
4 1403 1304 1305 3731
4 3394 4607 3412 4655
4 3575 4115 3090 4702
4 3157 4088 3446 4707
4 3295 4497 4289 4599
4 856 4125 844 4904
4 2590 2697 4219 4621
4 3016 3967 4954 4990
4 3052 4151 4054 4654
4 819 817 818 4402
4 3216 3581 4216 4658
4 1670 1659 3938 4871
4 686 685 671 4401
4 2826 3745 3837 4992
4 476 162 475 4437
4 2796 459 2571 3740
4 3067 3417 4692 4874
4 2960 3995 4520 5044
4 2656 2655 2724 4419
4 3684 3035 4457 4938
4 4263 4379 3374 4921
4 1758 4174 1792 4271
4 602 600 210 4440
4 3010 3985 4783 4901
4 3176 4062 3666 4301
4 2847 4422 4346 5027
4 577 161 3817 4854
4 3870 4902 2886 4949
4 1593 4058 1672 4716
4 2886 4902 4650 4949
4 754 925 926 4753
4 3746 4614 2963 5038
4 3640 4422 3939 5027
4 390 1969 2296 389
4 1486 1442 4066 4909
4 2913 3743 4483 4837
4 3035 3763 3745 4575
4 352 409 410 4685
4 1372 1373 1377 4625
4 726 4036 723 4779
4 2972 3583 4364 5003
4 1408 4080 4644 4864
4 232 1446 1046 3643
4 3468 3134 4242 4247
4 2288 381 382 1971
4 1598 1728 1732 4565
4 3264 4154 4580 4894
4 3586 1140 4181 4898
4 2754 3471 4766 4912
4 1248 1327 1445 4221
4 3090 4562 3619 4918
4 3779 4375 2952 4408
4 2727 2675 2637 4283
4 1000 1758 1782 4271
4 3222 4075 3761 4226
4 3894 3097 4266 4979
4 2831 3969 3500 4730
4 3218 4536 3827 4794
4 1568 1564 1567 3700
4 1520 1643 4624 5041
4 41 40 2224 530
4 786 919 785 4179
4 3070 3824 3597 4942
4 3085 3645 4704 4862
4 4209 4309 3094 4519
4 3511 4425 3093 4929
4 3131 3433 4325 4897
4 3055 4508 4192 4601
4 244 3519 1033 4859
4 1509 1040 1791 3994
4 3759 4379 4203 4605
4 1348 1175 1176 4372
4 2855 4192 3647 4894
4 1432 1234 1411 3715
4 3637 4224 3028 4959
4 3647 4192 3528 4894
4 1766 952 1489 4809
4 3145 3691 4830 5034
4 911 858 3931 4896
4 3466 4520 3995 5044
4 2980 3988 3479 4501
4 3049 4171 4272 4996
4 3195 3569 4264 4822
4 2831 3493 4735 4945
4 3207 3846 4127 4634
4 4289 4497 3102 4599
4 3210 4486 4443 4610
4 4206 4569 3539 4793
4 718 792 719 4702
4 3539 4569 4206 4783
4 4111 4183 3191 4767
4 2228 43 42 526
4 1513 1492 4080 4644
4 1028 4237 1271 4494
4 3260 4156 3483 4951
4 3555 4261 3898 4796
4 388 2292 387 1957
4 1512 263 1025 1505
4 865 4616 903 4868
4 3486 2826 4556 4992
4 3058 4850 3959 5065
4 1139 1135 1117 4065
4 3760 4571 3059 4865
4 2294 1955 394 395
4 3090 3619 4845 4918
4 3010 3985 3865 4783
4 2714 2715 2631 4588
4 3022 4366 3387 5064
4 3039 4610 4228 5011
4 418 2771 419 3955
4 2941 3430 4452 5022
4 14 372 427 4738
4 3020 4810 4788 5004
4 1551 1718 1657 4203
4 1297 1296 1295 3689
4 1143 1155 1329 3729
4 3514 4510 4074 4558
4 1520 1519 1517 3888
4 3697 3366 4858 4924
4 1237 1263 1270 3980
4 3666 4062 2996 4301
4 3232 4289 3862 4615
4 1142 1143 1120 4137
4 2682 3809 2793 5034
4 3790 4243 3070 4917
4 1731 3848 1605 4974
4 2999 4503 4195 4723
4 713 800 801 5060
4 813 3830 166 4812
4 1205 1378 1391 4385
4 1346 1345 1036 4329
4 3490 4693 4347 5045
4 4105 4610 3859 4681
4 1313 1103 1100 3607
4 1621 4261 3555 4796
4 2844 3652 4423 4944
4 3817 3958 3030 4958
4 3026 4205 3816 4533
4 2856 3796 4648 5029
4 3399 4504 2848 4899
4 1431 3491 1474 4833
4 1502 1793 1665 4237
4 2608 2607 2610 4488
4 823 586 832 3697
4 2940 3638 4116 4603
4 3067 4328 4401 4874
4 940 784 783 4786
4 3218 4291 4112 4987
4 3022 3387 4481 5064
4 646 645 846 4496
4 4098 4518 3312 4970
4 3082 3946 4450 4884
4 1010 928 691 4404
4 1329 1332 1231 4492
4 469 62 155 470
4 1025 1409 263 1512
4 1067 1069 1112 4828
4 3001 3404 4438 4634
4 3164 4125 4772 4982
4 2838 4116 4269 4916
4 3457 4490 3054 4966
4 3206 4286 3471 4912
4 1266 1267 1458 5024
4 2666 2648 4766 5043
4 1376 1195 1202 3909
4 3605 3995 2960 4337
4 1181 4397 1206 4778
4 392 2287 2245 393
4 3828 3029 4708 4930
4 2857 4518 4098 4970
4 3785 4245 3267 4889
4 976 574 953 4102
4 17 18 516 2235
4 1143 4137 1142 5013
4 385 2297 1974 386
4 525 30 31 2237
4 3701 2987 4041 5048
4 3062 4133 3568 4505
4 3373 3976 3811 4922
4 458 2571 3740 4360
4 3156 4552 3984 4941
4 3947 4138 3452 4787
4 3540 4155 3165 4886
4 3015 3995 3605 4337
4 1451 249 1292 3669
4 3245 4473 4252 4654
4 3988 4185 2980 4832
4 3235 3714 4283 4677
4 1622 1721 1722 4631
4 1246 1221 1153 5000
4 3514 4074 3000 4750
4 3046 4553 3437 4572
4 1418 1249 1450 4955
4 1076 1078 1077 4008
4 514 37 38 1956
4 3045 3453 4009 5023
4 384 2298 383 1961
4 3102 4289 3834 4497
4 1513 1492 1514 4080
4 3006 3489 4391 4718
4 4284 3067 4692 4874
4 3461 4324 4147 5047
4 1122 1129 1133 4142
4 3422 2979 4636 4900
4 2822 3981 3696 4378
4 3652 4234 3025 4576
4 1762 1771 1504 3637
4 1685 1689 1688 3814
4 905 4606 731 4676
4 4051 4714 1361 4808
4 2977 3606 4553 4596
4 3478 4238 3241 4680
4 3729 4398 3003 4462
4 1592 1666 1667 3601
4 733 714 3719 4683
4 1696 1787 4013 4691
4 1059 1060 1061 3722
4 4362 4367 3051 4830
4 1212 1211 1210 4050
4 1619 1569 1571 4545
4 3188 4396 3681 4734
4 957 985 4854 5050
4 1522 1519 1521 4501
4 2856 3465 4469 4626
4 4169 4540 2901 4805
4 3390 3014 4237 4546
4 1688 1698 1683 4907
4 731 3658 4676 4875
4 3767 4469 3237 4648
4 3302 4656 3991 4776
4 2987 3931 4758 5048
4 3517 4302 3079 4371
4 1322 1038 1463 4195
4 2674 2678 2801 4797
4 2835 4387 4079 4935
4 3007 4036 3505 4528
4 1733 1645 4347 5045
4 1283 1282 1188 4011
4 731 4606 730 4875
4 1026 233 3629 5055
4 1274 1271 1275 4978
4 3272 4304 4235 4993
4 771 733 714 3719
4 2928 3641 4257 4866
4 3186 4343 3671 5014
4 1639 1737 1635 3988
4 3824 3245 4252 4654
4 3210 4419 3975 4486
4 468 2561 469 3799
4 1755 949 198 1495
4 2847 4346 3455 5027
4 2757 2666 4285 5043
4 2940 4752 3470 4831
4 2679 2681 2571 4684
4 769 932 767 3851
4 2856 3465 4626 4886
4 2708 3622 4446 4927
4 4049 4367 2953 4830
4 1173 1359 1425 4045
4 2669 2625 4238 4527
4 3490 3071 4693 5045
4 3151 4223 4076 4725
4 2222 28 27 523
4 3299 4295 4636 4900
4 466 152 151 4081
4 856 741 4125 4772
4 3013 4342 3573 4703
4 2869 3694 4259 5032
4 1735 1638 1646 4061
4 1082 4068 1083 4607
4 3204 3759 4203 4605
4 2857 4602 3816 4970
4 3492 4419 3210 4610
4 645 642 891 4814
4 3044 4361 4268 4971
4 1009 4354 795 4910
4 3078 4565 4873 4943
4 2754 2668 2700 4912
4 239 418 361 362
4 418 239 240 362
4 3696 4378 3059 5037
4 977 3802 903 4616
4 723 726 934 4036
4 3789 3904 2977 4926
4 1027 4272 3964 4727
4 3097 4537 4162 4782
4 1488 1742 1630 4128
4 3602 4261 1719 4796
4 3036 4355 3639 4927
4 1408 1277 4080 4864
4 3675 4530 4184 5025
4 3667 3796 3237 4626
4 2706 2675 2727 4283
4 3014 3390 4237 4978
4 3750 4406 3208 4602
4 2774 2571 4360 4684
4 582 3885 811 4711
4 2945 3804 3717 4443
4 3604 3963 3280 4623
4 3515 4216 3145 5034
4 2649 2667 4566 5043
4 893 738 686 4401
4 529 36 37 2229
4 4048 4343 3240 4747
4 2838 4269 3516 4916
4 3128 3695 4248 4467
4 981 838 799 3678
4 166 4532 1015 4812
4 2238 394 393 2281
4 652 651 650 4554
4 3390 4141 3545 4306
4 1681 1680 4324 5047
4 2736 3883 2746 4476
4 1485 4352 569 4652
4 2769 2760 2566 4717
4 160 3817 161 4854
4 3438 4772 740 4904
4 3400 4673 2877 4972
4 2576 2779 471 3953
4 146 951 570 3707
4 3031 4277 3675 4530
4 3347 4021 4038 4479
4 3759 4614 1725 5038
4 2598 2597 2600 4054
4 3470 4454 3343 4611
4 3698 4231 3550 4715
4 391 1966 392 2286
4 3098 3434 4815 4844
4 3745 3763 3185 4575
4 889 756 750 3727
4 579 3740 996 4258
4 1365 1083 1080 4068
4 3040 4345 3443 4972
4 3790 3085 4243 4917
4 4175 4264 3181 4822
4 2684 2685 3755 4773
4 2789 3817 2792 4958
4 2969 3684 3905 4575
4 1844 301 333 1827
4 1842 290 322 1824
4 1901 84 116 560
4 1902 95 127 540
4 6 5 568 1899
4 1840 4 7 1832
4 4 7 553 1839
4 1813 5 6 1837
4 557 84 116 1895
4 127 95 1836 549
4 1800 290 322 1833
4 301 333 1807 1834
4 708 683 838 4480
4 1682 4147 1680 5047
4 415 359 237 416
4 476 70 163 477
4 466 151 58 465
4 1264 1027 3964 4727
4 1324 1419 1213 3820
4 3871 4571 3271 4782
4 4632 4698 3406 4863
4 1466 1319 1320 4432
4 3110 3809 4367 4830
4 0 16 511 2247
4 3619 4562 3090 4845
4 3017 3522 4506 4562
4 1492 1034 1763 4080
4 3824 4151 3052 4654
4 2865 4138 3472 4787
4 3333 4463 4140 4884
4 1004 588 829 4174
4 3159 4247 3810 4471
4 3654 3329 4315 4686
4 3028 3736 4353 4573
4 1501 3828 958 4930
4 2561 2739 2738 4964
4 3304 4269 3516 4688
4 3486 3895 4556 5046
4 3577 4195 2999 4503
4 2980 4146 3833 5054
4 219 1043 1056 4615
4 1295 1294 1475 4300
4 3339 3790 4288 4763
4 409 408 2803 3964
4 1388 1268 1396 4722
4 652 654 653 4554
4 2682 2671 2793 3809
4 1517 1515 1516 4791
4 2842 3422 4533 4636
4 694 3951 693 4521
4 2580 2581 2582 3581
4 3586 4754 4372 4963
4 3155 4661 4386 4706
4 1239 1238 1405 4436
4 578 3873 1753 4930
4 2961 3396 4611 4726
4 3200 3702 4064 4428
4 1005 578 986 4708
4 1403 4424 1379 5063
4 3030 4784 3542 4958
4 2849 3929 3710 4680
4 1520 3888 1517 5041
4 2860 3979 4270 4999
4 1213 1424 1324 3820
4 3710 3929 3008 4680
4 961 584 991 3504
4 2978 3400 4465 4979
4 1499 1739 1783 4842
4 716 4458 3609 5051
4 533 43 44 2250
4 2979 4406 4063 4547
4 2913 4201 3743 4837
4 828 4174 826 4498
4 621 911 3931 4758
4 411 2559 2776 3643
4 3064 3500 4730 4774
4 2896 3422 4295 4900
4 68 161 474 475
4 3017 3549 4201 4918
4 3537 3990 2834 4495
4 3066 3799 4476 4933
4 1442 1769 272 1486
4 2669 2623 2625 4527
4 2994 4430 3486 4556
4 2825 3687 3786 4728
4 3586 4181 3268 4754
4 2946 4759 4318 4857
4 1100 4618 1102 4876
4 1594 1697 1712 4170
4 3041 4543 4080 4644
4 2903 4296 4380 4732
4 3586 4158 3109 4507
4 2665 2655 2664 4419
4 2641 2650 4330 5026
4 3733 4078 2960 4629
4 1180 1179 1181 4371
4 2956 4207 3457 4490
4 2639 4122 3840 4803
4 3051 3609 4483 4837
4 1187 1162 1476 3889
4 3081 5043 4285 5057
4 1759 1503 1799 4736
4 3161 4423 3652 4944
4 2690 2578 3901 4348
4 1308 1050 178 5023
4 1686 4352 4652 5047
4 17 16 1978 512
4 729 730 727 4875
4 2837 4569 3539 4783
4 826 4174 1000 4271
4 1739 1714 1713 3627
4 782 950 976 4737
4 8 250 372 4738
4 3237 4469 3465 4626
4 630 880 633 3966
4 3035 3905 3634 4938
4 2766 462 2558 3707
4 2757 4285 4773 5043
4 3650 3059 4378 5037
4 3065 4746 3506 4867
4 3579 3906 3402 4802
4 788 3672 790 4708
4 1271 4237 1275 4978
4 954 1487 202 578
4 2834 4139 4039 4377
4 2577 2766 2683 4448
4 3101 3456 4432 4656
4 1738 1500 1632 4152
4 3033 3930 4251 4988
4 2995 4181 3586 4754
4 3239 4338 4203 4846
4 665 678 895 4323
4 3542 4784 4005 4958
4 3516 4269 3304 4916
4 2611 2618 2610 4248
4 3506 4182 3099 4805
4 865 977 903 4616
4 985 768 890 3775
4 3014 4504 3900 4546
4 3103 4253 3498 4255
4 914 589 992 4218
4 3114 3865 3985 5006
4 4027 4370 3687 4728
4 1052 1474 1431 3491
4 2961 4101 3546 4454
4 454 46 139 455
4 358 236 414 415
4 162 69 476 475
4 2663 2731 2657 4177
4 1416 245 246 4433
4 791 995 961 4870
4 0 401 1960 2290
4 3700 3949 3042 4974
4 3542 4784 3775 4957
4 952 1489 194 1766
4 927 620 931 4826
4 146 145 52 461
4 3961 4032 3001 4438
4 3072 3825 4716 4890
4 225 347 405 404
4 425 248 247 3901
4 3051 4458 3609 4837
4 372 250 371 427
4 3164 4134 3844 4692
4 4171 4272 1434 4727
4 1651 1535 3863 4667
4 4003 4806 3199 5015
4 642 644 643 4229
4 2865 3472 4670 4787
4 1380 1381 1354 3850
4 685 689 674 4110
4 902 684 673 4719
4 2998 4610 4105 4681
4 2998 4443 4486 4610
4 1768 1656 1612 4965
4 2998 3859 4610 4681
4 3050 4116 3638 4603
4 3858 4066 3004 4663
4 2565 3542 4005 4958
4 1367 4577 3543 4689
4 3022 4589 3594 4945
4 936 967 680 4434
4 3213 4499 3406 4516
4 3722 3982 3126 4696
4 1282 3922 1280 4011
4 3976 4709 3057 4922
4 4177 4290 3024 4660
4 1258 1177 1178 4302
4 3766 4095 3032 4493
4 3244 4233 3599 4723
4 1374 1104 1123 4091
4 1027 228 3964 4272
4 3585 3986 3040 4345
4 934 913 914 4740
4 3312 4470 3433 4897
4 2690 2578 2798 3901
4 2565 2792 3542 4958
4 3920 3967 3294 4672
4 3579 4096 3798 4952
4 1090 1093 1343 4563
4 2860 4270 4605 4846
4 3021 3991 4512 4925
4 226 225 405 4405
4 1763 1492 261 1034
4 824 823 832 3697
4 763 864 822 4868
4 1357 1095 1355 4843
4 2719 2720 2771 4123
4 1050 4664 178 5023
4 145 52 461 460
4 670 3950 910 4709
4 3557 4582 1616 5017
4 876 3792 614 4764
4 3834 4497 4289 4615
4 163 162 476 4437
4 3099 4182 3506 4455
4 1206 1207 1183 4778
4 250 1472 3669 4738
4 2766 2748 4277 4882
4 3087 3518 4429 5033
4 593 1018 962 4362
4 1017 3945 601 4491
4 1408 4644 1440 4864
4 3046 3608 4363 4553
4 2956 3463 4207 4490
4 2811 3506 4182 4455
4 1487 595 201 1759
4 953 574 199 1755
4 1433 3659 1236 4507
4 2621 4228 2724 5011
4 2901 3926 3617 4802
4 3980 3014 4494 4978
4 3437 4553 4208 4572
4 4045 4356 1334 5055
4 1784 1770 1740 4909
4 3993 4530 4277 4882
4 3617 3926 3131 4802
4 884 859 883 4613
4 938 920 784 3811
4 3923 4555 3564 4694
4 3117 4309 3925 5066
4 2973 4475 3879 5059
4 1792 1661 1671 4271
4 3147 3489 4197 4786
4 3716 4732 3380 4782
4 879 1002 878 4224
4 165 73 166 479
4 3146 3996 3591 4752
4 4210 4775 3444 5002
4 3093 4789 3795 4929
4 1712 1741 1783 4170
4 224 404 225 4888
4 1211 1393 1209 4088
4 987 888 571 4809
4 3507 3062 4314 4876
4 4010 4766 4286 4912
4 1102 1100 1103 4618
4 766 895 710 4323
4 1105 4618 1104 4966
4 3884 4435 3158 4668
4 4080 4543 3041 4791
4 3495 4936 4106 4975
4 3400 4762 4537 4979
4 1343 4563 1093 4841
4 2747 2791 2805 3869
4 247 369 425 424
4 694 696 711 3686
4 1047 4516 1473 4632
4 1391 1131 1157 4385
4 1655 1656 1508 3936
4 1104 4091 1374 4966
4 1783 3922 1764 4842
4 2621 2724 2705 5011
4 858 661 615 4896
4 3879 4475 3364 5059
4 3049 4215 4026 4264
4 636 634 637 4838
4 2793 2689 2774 4684
4 3574 3281 4485 4869
4 3539 4206 3010 4783
4 1080 1083 1082 4068
4 2832 4775 3444 4947
4 1745 1496 1754 4174
4 1752 1707 1751 3854
4 3028 4353 3839 5009
4 3040 4762 3650 5037
4 2757 4773 2666 5043
4 1855 1843 1915 561
4 1845 1893 1831 1905
4 564 1847 1835 1907
4 1849 1820 1909 1837
4 1908 1848 537 1896
4 1911 1841 546 1852
4 559 1850 1839 1910
4 1834 1819 1846 1906
4 1914 545 1854 1899
4 1816 1853 1913 1842
4 1916 1856 1844 1822
4 1840 1851 1805 1912
4 1762 948 187 4352
4 4288 4298 3070 4942
4 2885 4969 4381 4997
4 668 667 649 4160
4 3069 4242 3468 4985
4 521 24 25 1973
4 1435 1034 1277 4080
4 4137 4903 3144 5013
4 352 229 351 409
4 2840 3564 4555 4694
4 2832 4775 4210 5002
4 2793 2671 2689 3809
4 3119 4248 3695 4467
4 884 883 882 4538
4 755 902 928 4816
4 1184 1180 1182 4371
4 2593 2701 2596 3944
4 596 843 810 3862
4 3825 4716 3342 4891
4 403 3620 2768 4888
4 3750 4536 3459 4617
4 1752 1751 192 973
4 3737 4495 3434 4815
4 658 4627 669 4719
4 3023 3471 4286 4766
4 3141 4331 3437 4838
4 821 834 4115 5008
4 3249 4022 3545 4662
4 3717 3804 3293 4482
4 628 630 631 5065
4 1219 4507 1352 4898
4 3924 4266 3097 4979
4 2919 4820 3842 4895
4 3431 4585 3174 4940
4 3797 4538 3322 4613
4 3730 3967 3016 4990
4 1458 235 3956 5024
4 3373 3811 4514 4861
4 695 839 699 4521
4 892 891 787 4814
4 757 959 761 4106
4 2832 4947 3444 5002
4 2830 4435 3884 4668
4 664 868 666 3959
4 3127 4649 4111 4700
4 1789 1035 1444 4217
4 3836 4045 1425 5055
4 1138 1287 1288 4420
4 2924 3675 4136 4544
4 2954 3930 4082 4835
4 3371 4110 3484 5060
4 2929 3411 4777 4911
4 2974 4415 3541 4703
4 2866 3895 4077 4366
4 229 408 351 409
4 974 1489 571 4809
4 1427 1469 222 3620
4 2709 2599 2606 4446
4 245 422 367 423
4 3362 4492 3729 4637
4 912 739 738 4134
4 4381 4969 3356 4997
4 3560 4154 3264 4590
4 3062 4569 3984 4941
4 755 793 4816 5053
4 1594 1711 1697 3857
4 3022 4481 3594 4589
4 4128 4372 3416 4963
4 1904 1844 333 1827
4 322 1842 1824 1903
4 560 1901 84 1841
4 95 1902 1843 540
4 568 5 1838 1899
4 7 1840 1832 1900
4 553 7 1898 1839
4 6 1897 1813 1837
4 84 557 1835 1895
4 549 1836 127 1896
4 1893 1800 322 1833
4 1807 333 1894 1834
4 3076 3655 3983 4789
4 3494 4371 3079 4389
4 2970 4378 3650 4953
4 3180 3912 3574 4869
4 4289 4497 3295 4615
4 3418 4019 3688 4649
4 3326 4449 4144 4950
4 3495 4484 3784 4541
4 1280 1279 1278 4013
4 2969 3905 3895 5046
4 250 249 371 427
4 2717 2795 2718 3794
4 404 2777 4405 4888
4 2669 2711 2722 3812
4 1468 1476 1164 3889
4 1484 1626 1665 4237
4 3080 3750 4536 4602
4 3142 4287 3628 4969
4 2687 2659 2660 3569
4 957 594 159 3542
4 1747 197 591 1495
4 768 3775 985 4578
4 3031 4184 4530 5025
4 3173 4582 3751 4640
4 853 586 176 3823
4 3458 4224 3371 5060
4 2293 1953 379 380
4 3062 4505 4314 4876
4 2858 4749 4298 4942
4 904 903 977 3802
4 2633 2647 4003 4806
4 3105 3495 4106 4975
4 3398 3777 2966 4706
4 3832 4169 3429 4805
4 3803 4489 3027 4591
4 1407 1207 1401 3864
4 1501 1795 3828 4930
4 1309 1051 210 3682
4 1422 1235 1217 4186
4 2810 4073 3514 4872
4 3062 3539 4569 4793
4 2788 2568 478 3830
4 2976 3742 4094 4474
4 3019 4199 4035 4753
4 1163 1448 1164 4674
4 3486 4556 2826 5046
4 889 756 3727 4989
4 2866 4077 3895 4848
4 348 226 405 406
4 917 762 751 4053
4 358 237 236 415
4 237 358 359 415
4 151 58 59 466
4 151 59 152 466
4 163 69 70 476
4 163 162 69 476
4 1624 1613 1662 3758
4 3136 4880 3849 5058
4 1670 1661 1659 4871
4 3545 4022 3073 4662
4 3196 3822 4239 4835
4 3090 3551 4702 4868
4 3403 4666 4373 4967
4 1528 1641 1648 4268
4 3922 4013 2992 4691
4 253 1757 1493 1420
4 681 709 678 4765
4 2874 3558 4731 4981
4 2832 3708 3902 4775
4 892 918 847 3726
4 4464 4793 3212 4836
4 3096 3823 4531 4858
4 3208 4063 4406 4547
4 475 474 2789 3817
4 3690 3020 4788 5040
4 3068 3909 3721 4340
4 3008 4238 3600 4527
4 1155 1154 1222 4462
4 2271 1979 377 378
4 1485 1762 187 4352
4 3625 3942 3407 4895
4 1488 1797 1742 4128
4 3844 4134 3417 4692
4 3167 3887 3633 5030
4 3073 4022 3545 4856
4 3791 4426 3059 5037
4 4144 4449 3071 4950
4 3956 4329 1458 5024
4 2644 2633 2647 4003
4 2896 4295 3653 4900
4 3428 4567 3111 4841
4 3110 4362 3691 4830
4 3485 4456 2984 4745
4 2588 2587 2585 4641
4 1249 1447 1386 3663
4 3214 4954 3967 4990
4 3147 4197 3811 4786
4 3338 4803 3840 4931
4 2561 2778 469 3799
4 1381 3850 1364 4808
4 3243 4284 4357 4851
4 3292 3475 4329 4986
4 1282 1044 3922 4842
4 3039 3492 4610 5011
4 1403 1305 1379 4424
4 73 479 13 4532
4 3217 4469 3767 4648
4 3507 4618 3054 4941
4 226 347 348 405
4 48 142 141 457
4 48 49 142 457
4 357 236 414 358
4 69 162 68 475
4 2950 4470 3847 4647
4 1260 1412 1048 4152
4 161 68 162 475
4 695 694 693 4521
4 590 188 1504 1762
4 3449 4494 3758 5000
4 3898 4281 2839 4327
4 1520 1521 1519 4624
4 691 676 692 4404
4 4321 4788 3020 5040
4 3941 4475 2973 5059
4 2832 3444 4775 5002
4 2966 4005 3542 4784
4 3454 4319 3066 4933
4 3767 3237 4092 4648
4 3425 2902 4712 4975
4 844 744 746 4125
4 4115 4584 3090 4702
4 3476 3340 4290 4748
4 2853 4085 3597 4928
4 3189 4300 3689 4674
4 3816 4205 3026 4970
4 3802 4616 3551 4868
4 1168 1149 1380 4004
4 1426 1769 272 1442
4 1302 1461 1250 4723
4 1223 4398 1224 4462
4 3854 4056 2988 4781
4 3084 3887 4840 4956
4 2984 3450 4577 4745
4 2857 3747 4743 4985
4 1636 1520 1643 4624
4 3556 3102 4439 5001
4 1672 1593 1673 4058
4 3856 3012 4034 4843
4 2583 2581 2584 4839
4 1275 1502 260 1034
4 1037 1286 1436 3872
4 2861 4571 3871 4782
4 2881 4608 3516 4688
4 211 4440 1051 4560
4 1714 1600 1713 3627
4 2569 3818 2806 4859
4 2721 2782 2720 4905
4 1005 3873 578 4708
4 1706 1586 1599 4056
4 1180 1386 1178 4302
4 813 166 1015 4812
4 1039 1400 213 4060
4 2619 2638 2632 4122
4 3728 4517 3306 4573
4 1458 3956 1036 4329
4 1972 36 35 519
4 3494 4722 3596 4778
4 3254 3974 4200 4920
4 774 777 776 4029
4 2972 4107 3583 5003
4 863 802 718 4258
4 3466 2978 4240 4860
4 3292 4698 4632 4863
4 2997 4088 3909 4678
4 1012 711 833 4924
4 3364 4475 3941 5059
4 2769 2566 407 4272
4 1506 1741 1794 3922
4 1751 974 192 973
4 2883 4104 3503 4998
4 3062 3507 4793 4941
4 2865 4670 3852 4787
4 406 349 227 407
4 228 227 407 4272
4 2840 4555 3923 4694
4 3506 4182 3172 4746
4 2944 4040 3590 4983
4 1056 1054 220 4615
4 2990 4231 3698 4715
4 2811 4182 3506 4746
4 1685 1688 1683 3814
4 1263 1028 1271 4494
4 816 4038 815 4908
4 3549 4627 3559 5008
4 226 225 347 405
4 3191 4183 4111 4700
4 3003 3464 4398 4877
4 1492 1512 262 4644
4 1520 4624 3888 5041
4 3034 4427 3474 4688
4 2667 2684 4566 4773
4 3060 3674 4735 4945
4 3102 3556 4497 5001
4 3672 4187 3029 4708
4 166 813 165 3830
4 969 167 4491 4548
4 3453 4503 3823 4531
4 3229 4914 3787 4970
4 4322 4514 3147 4861
4 3158 4279 3884 4668
4 725 724 885 4695
4 3315 4172 3655 4609
4 2568 479 478 3830
4 596 3862 810 4906
4 3397 4015 4400 5028
4 2659 2635 2658 4075
4 4353 4573 3736 4937
4 1674 1749 1675 4663
4 1976 373 2273 374
4 2579 4348 2695 4839
4 3163 4712 3905 4938
4 1408 1440 1277 4864
4 2948 4502 3535 5033
4 3014 4546 3900 4780
4 151 58 1931 547
4 1934 141 48 555
4 556 143 50 1937
4 1811 227 349 1875
4 542 153 60 1879
4 536 163 70 1939
4 1938 247 1804 369
4 359 237 1940 1803
4 1873 68 543 161
4 1930 245 367 1809
4 691 4404 692 4910
4 3055 4379 3759 4605
4 3190 3694 4241 5032
4 3690 4788 4321 5040
4 1335 1339 1079 3903
4 26 25 2230 522
4 1181 1182 4371 4778
4 1444 1254 1414 4128
4 606 607 605 4481
4 675 691 928 4404
4 1461 4009 1230 4833
4 831 4187 1022 4708
4 1626 1633 1665 4546
4 601 1017 138 3945
4 726 4528 4036 4779
4 3110 3678 4367 4506
4 1010 4055 794 5053
4 236 1036 1458 3956
4 229 1027 228 3964
4 3678 4362 3051 4458
4 414 413 235 357
4 3006 4391 3496 4718
4 2653 2651 2652 4044
4 3017 4201 3521 4837
4 1407 1401 1115 3864
4 1 2270 2236 373
4 344 345 222 402
4 345 223 222 402
4 1556 1564 1563 4168
4 182 598 1765 1494
4 3441 2981 4650 4932
4 999 165 813 3830
4 148 947 592 3800
4 3032 3904 4095 4383
4 1409 262 1512 4644
4 3406 4499 3213 4863
4 3192 4514 4322 4861
4 1038 1462 1463 4503
4 2966 3542 3953 4957
4 2804 2772 2691 4448
4 3140 4129 3520 5002
4 1460 3962 1248 4221
4 2645 2725 3958 4797
4 2913 4483 3609 4837
4 2720 4123 2646 4803
4 941 700 940 4514
4 2758 2734 2800 3777
4 937 839 840 4709
4 3690 4656 3101 4776
4 4347 4565 3679 4873
4 983 844 569 4352
4 2602 2613 2612 4313
4 3040 3585 4345 4972
4 73 9 166 4532
4 3213 4516 3406 4863
4 1810 347 225 1932
4 423 368 246 424
4 2649 3840 2648 5043
4 1637 3900 1643 5041
4 3306 4573 4353 4937
4 368 247 246 424
4 247 368 369 424
4 1345 1223 1222 4462
4 4101 4454 3343 4600
4 3453 4503 2999 4723
4 970 580 945 4740
4 1747 591 196 1511
4 1024 983 948 4352
4 652 650 899 3752
4 713 3484 689 5060
4 3683 4423 3161 4742
4 3790 4763 3339 4774
4 3283 4530 3993 4882
4 584 1494 183 1761
4 2908 4506 3522 4562
4 1697 4170 3857 4691
4 3318 4562 3619 4845
4 809 802 996 4699
4 1619 1727 1725 4614
4 1615 3736 4573 4937
4 348 349 227 406
4 226 348 227 406
4 1751 3854 1780 4809
4 3990 4495 3537 4724
4 1665 1633 1773 4546
4 731 905 730 4606
4 1225 1224 1223 4398
4 610 611 609 3784
4 3422 4777 4533 4911
4 1476 1162 1164 3889
4 4068 4350 1083 4607
4 3098 4495 3990 4724
4 2855 4508 3952 4601
4 865 3551 4616 4868
4 1789 1444 1488 4217
4 55 56 463 517
4 3572 4334 2970 4649
4 3468 4326 3159 4729
4 1584 1582 1593 4716
4 2910 3690 4020 4788
4 2940 3591 4752 4831
4 1590 1601 1664 4211
4 3063 4173 3725 4452
4 1181 1183 1182 4778
4 3737 4815 2867 4877
4 1696 1787 1794 4013
4 3072 4716 3825 4891
4 1722 3855 1746 4631
4 467 152 59 466
4 1302 4009 1461 4723
4 2995 3586 4181 4898
4 1506 1750 278 1279
4 3109 3751 4582 4640
4 1789 267 1035 1412
4 3657 3939 2847 5027
4 1730 1605 1731 3848
4 1506 1794 1750 4013
4 2963 4614 3759 5038
4 2584 4285 3805 4839
4 3281 3893 4321 4390
4 34 35 527 2225
4 3058 4318 3774 5065
4 3071 3490 4449 5045
4 1219 1352 1140 4898
4 3093 4425 4059 4665
4 246 367 368 423
4 367 246 245 423
4 3976 4709 937 5039
4 2876 4666 3403 4967
4 2756 2699 2650 5026
4 3095 4652 4352 5047
4 2641 2651 2650 5026
4 1556 1563 1555 4168
4 1781 1512 1513 4644
4 3867 4230 3108 4542
4 1581 4232 1582 4890
4 656 3559 4627 5008
4 1678 3785 1561 4937
4 2712 2702 2594 4417
4 1541 1544 1543 4140
4 3058 3593 4318 5065
4 3264 4590 4154 4894
4 2963 3759 4977 5038
4 3239 4605 4270 4846
4 2755 2697 2756 4621
4 1455 246 247 4433
4 361 418 239 417
4 3111 4133 3568 5010
4 2803 2688 2693 4822
4 2740 2561 2738 4476
4 2968 4350 4068 4607
4 3105 4153 4116 4534
4 1670 3938 1661 4871
4 969 168 167 4548
4 638 639 636 4572
4 4202 4401 3227 4874
4 2626 2728 2633 5015
4 3990 4586 3276 4724
4 3792 4427 614 4764
4 2832 3520 4188 5002
4 2786 4532 2568 4853
4 1618 1643 1637 3900
4 1458 235 236 3956
4 3458 4781 3736 4959
4 3082 4463 3483 4593
4 1606 1705 1583 4890
4 2616 2658 2635 4075
4 1395 1211 1213 4707
4 3031 4530 3675 5025
4 3658 4753 3419 4807
4 1139 4181 1140 4898
4 1570 1569 1558 4545
4 3197 4250 3679 4890
4 2968 4027 4370 4721
4 3224 4284 4692 4851
4 3454 3133 4933 4964
4 1677 4463 1703 4593
4 842 4212 971 4477
4 3537 3276 4586 4724
4 4285 5043 3471 5057
4 1292 250 1472 3669
4 1489 1751 1780 4809
4 3404 4127 3846 4634
4 1510 4212 1776 4477
4 913 4218 914 4740
4 2785 2759 4632 4698
4 1381 4714 3850 4808
4 3 13 9 4532
4 1540 4509 1537 4667
4 360 1868 1826 238
4 562 57 150 1859
4 1862 140 47 554
4 244 1918 1828 366
4 234 1825 356 1917
4 160 67 1860 538
4 1921 224 346 1830
4 51 144 1923 539
4 544 164 71 1925
4 1927 61 154 566
4 350 228 1866 1812
4 1823 248 370 1864
4 2820 4612 3917 5006
4 612 610 660 4764
4 2824 4240 3733 4697
4 3058 4850 3774 4857
4 1773 1516 1514 4791
4 932 929 3851 4896
4 2945 4443 4006 5016
4 2756 4621 2699 5026
4 2829 3897 4007 4929
4 841 932 936 4434
4 3305 4608 3931 4758
4 1928 1868 298 1826
4 119 562 1859 1919
4 108 1862 1922 554
4 304 1918 1828 1858
4 1917 1825 293 1857
4 538 1860 130 1920
4 1861 1921 282 1830
4 539 1923 113 1863
4 135 544 1925 1865
4 1867 92 1927 566
4 319 1866 1812 1926
4 1864 1823 309 1924
4 607 4332 712 4908
4 1034 1492 1408 4080
4 458 2774 2571 4360
4 1587 1568 1588 3949
4 2728 2630 2736 5015
4 3186 4894 3647 5014
4 2650 2670 2640 4330
4 3036 3928 3778 4355
4 741 744 856 4125
4 3698 3123 4231 4760
4 1629 1610 1625 4274
4 713 4635 3484 5060
4 2698 2757 2666 4285
4 3054 4552 4490 4941
4 3391 4829 4313 4928
4 3589 4525 3160 4630
4 1367 1064 4577 4689
4 1615 1607 3736 4937
4 4419 4486 3210 4610
4 278 1452 1506 1279
4 579 955 142 4360
4 1475 1294 1164 4674
4 3068 4340 3721 4409
4 1758 206 1496 1000
4 967 818 820 4402
4 2868 4287 3668 4721
4 3915 3916 3231 4512
4 2727 2705 2706 5011
4 2743 2794 2764 4236
4 2633 2728 2647 4806
4 1562 4245 1710 4796
4 1402 1039 212 4560
4 915 3815 747 4849
4 3925 4286 2862 4309
4 250 1292 249 3669
4 2596 2701 2605 3944
4 3039 4308 4283 4677
4 3866 4366 3387 4481
4 2983 4697 3733 5044
4 1626 1618 1633 4780
4 3676 4788 3158 5004
4 3451 3068 4646 4734
4 3735 4588 2959 4698
4 1544 4140 1541 4801
4 1335 1336 1339 3903
4 3893 4666 3403 4669
4 2762 2806 2569 3818
4 1437 3994 1273 5000
4 1757 1428 252 1508
4 1843 1902 1915 561
4 2780 2788 477 3631
4 1895 564 1835 1907
4 537 1848 1836 1896
4 1833 1893 1831 1845
4 1819 1834 1894 1906
4 1841 546 1901 1911
4 1897 1909 1820 1837
4 1839 1898 559 1910
4 1838 1854 545 1899
4 1912 1805 1840 1900
4 1842 1913 1816 1903
4 1916 1844 1904 1822
4 1453 1326 1413 3858
4 3675 4184 2863 5025
4 4374 4636 3299 4800
4 2566 2760 2688 4175
4 479 3830 2568 4532
4 1331 1330 1231 4492
4 796 4001 703 4737
4 3466 4240 3907 4697
4 3758 3994 2993 5000
4 3110 4258 3678 4506
4 1456 1484 258 1793
4 1533 3876 1652 5038
4 833 711 1019 4924
4 665 895 875 4758
4 3614 3119 4488 5007
4 2960 4278 3605 4337
4 461 521 53 462
4 1 44 1959 520
4 1777 1788 1675 3858
4 1126 1305 1132 4424
4 2764 2776 2559 4236
4 1574 1711 1576 4358
4 1277 4141 4080 4864
4 246 1455 1416 4433
4 631 869 873 5065
4 2826 3745 4992 5046
4 991 3504 584 4827
4 2872 4319 3536 4987
4 1312 1438 4460 4727
4 4205 3411 4795 4911
4 1697 1741 4170 4691
4 2601 2600 2602 4829
4 395 2289 2253 396
4 3061 4459 3851 4578
4 1687 1681 1720 3728
4 1749 1769 1675 4066
4 3318 4184 4562 4845
4 1252 1464 1157 4084
4 603 604 4481 4589
4 4006 4443 3210 5016
4 4002 4034 3012 4843
4 456 48 141 457
4 942 582 811 4711
4 2754 2588 4641 4912
4 3292 4632 4516 4863
4 1534 1725 4614 5038
4 803 4578 985 5050
4 1312 4171 1434 4727
4 357 236 235 414
4 1644 4449 3490 5045
4 3290 3660 4267 4939
4 1783 1741 1764 3922
4 3008 3600 4411 4527
4 1603 1597 1604 5017
4 362 419 418 2286
4 3058 3774 4318 4857
4 763 4584 864 4868
4 3967 4672 3016 4954
4 2601 2602 2603 4829
4 576 849 1009 4354
4 1351 1350 1116 4655
4 1299 1291 1290 3648
4 398 2282 397 1968
4 3195 4685 3643 4821
4 1062 1367 1064 4577
4 576 854 4071 4639
4 1395 1213 1419 4707
4 2949 4037 3614 4961
4 1063 1288 1061 4420
4 1034 1492 261 1408
4 2713 2712 2669 4238
4 985 3775 890 4957
4 1674 1701 1715 4344
4 468 2561 3799 4403
4 1390 4314 1392 4836
4 1767 1508 1470 3936
4 3790 4220 3085 4917
4 397 396 2209 2277
4 703 4001 782 4737
4 3958 2726 4834 4958
4 3227 4328 4031 4874
4 2675 2678 2674 4093
4 140 455 456 4657
4 910 937 4709 5039
4 3080 4406 3750 4602
4 1386 1258 1178 4302
4 19 20 510 2232
4 3917 4339 2942 4976
4 1261 4117 1171 4833
4 3713 4094 3170 4819
4 3931 621 4758 5048
4 4162 4537 3271 4782
4 1681 4324 3728 5047
4 1457 1284 1286 4842
4 789 843 995 4870
4 871 635 886 4198
4 3072 4210 3902 4775
4 670 910 840 4709
4 2768 403 402 3620
4 2832 3902 4210 4775
4 3735 4698 2959 4863
4 2269 2256 376 377
4 3017 3743 4201 4837
4 886 636 639 4331
4 932 929 767 3851
4 3811 4514 3147 4786
4 153 59 467 152
4 59 153 467 60
4 3895 4556 3291 4848
4 978 1756 569 4652
4 1408 1492 262 4644
4 3084 4840 3658 4956
4 3064 4763 3790 4774
4 2841 4255 4253 4934
4 3838 4552 3054 4825
4 2719 2716 2714 3735
4 2846 3720 4349 4447
4 387 386 2266 2272
4 2757 2667 2666 4773
4 2615 2604 2614 4290
4 352 230 229 409
4 999 587 164 3631
4 1026 233 234 3629
4 897 688 784 4786
4 3880 4576 3288 4962
4 620 614 876 3792
4 3507 4314 3062 4793
4 1540 1537 1538 4667
4 1651 1538 1535 4667
4 1408 262 1409 4644
4 143 996 579 3740
4 1328 1312 1438 4460
4 980 956 819 3692
4 570 951 865 4616
4 244 1033 1417 4859
4 2274 2262 380 381
4 1002 1024 590 3637
4 4009 4121 3491 4833
4 3111 4567 3806 4841
4 2259 388 2284 389
4 1533 1534 1531 5038
4 2709 4446 4392 4927
4 3057 3976 3752 5039
4 1626 1633 4546 4780
4 2855 4154 4590 4894
4 992 589 152 4081
4 3066 4319 3536 4661
4 2787 3993 2680 4882
4 1240 1156 1220 4155
4 1040 1509 1273 3994
4 248 1451 1045 3901
4 3922 2992 4170 4691
4 2856 4648 4469 5029
4 235 1929 1802 357
4 1727 1732 1647 5035
4 1111 1108 1379 4014
4 1646 1526 1644 4449
4 773 859 884 3797
4 3111 4563 3882 4841
4 3614 4037 3036 4961
4 816 818 817 4021
4 3428 3806 4567 4841
4 3114 4131 3649 5031
4 2590 2699 2697 4621
4 836 3932 837 5051
4 1706 1614 1586 4781
4 1581 1582 1583 4890
4 1536 1535 1537 4667
4 3641 4713 4257 4866
4 3658 4840 3887 4956
4 1646 4449 1644 5045
4 1326 1196 1341 4396
4 1967 27 26 517
4 1000 1782 825 4271
4 3904 4535 2977 4926
4 576 855 854 4639
4 3570 4421 3423 4820
4 140 3691 593 4657
4 1581 3679 4232 4890
4 835 583 170 3999
4 3933 4453 3081 4931
4 1282 1280 1281 4011
4 4533 4777 3411 4911
4 2966 3777 4079 4706
4 3140 4317 3535 4502
4 1794 1696 4013 4691
4 21 22 506 2226
4 1089 1090 1088 4733
4 3870 4653 3228 4902
4 2626 2625 2624 4527
4 267 1789 1500 1412
4 1453 1326 3858 4396
4 1565 1679 1553 4338
4 2926 4747 4048 4951
4 3206 3471 4641 4912
4 3098 4024 3990 4844
4 1259 1312 1177 4171
4 821 834 717 4115
4 3650 4378 4052 4823
4 2836 4453 3933 4931
4 3802 4676 3408 4956
4 151 589 998 4081
4 3852 4579 2865 4787
4 2822 4378 3696 4823
4 826 588 1000 4174
4 3017 3619 4562 4918
4 770 4458 716 5051
4 571 1489 952 4809
4 3847 4097 2950 4647
4 1779 1014 221 4212
4 3204 4605 4203 4846
4 1357 1355 1356 4002
4 4347 4565 3078 5035
4 3891 4032 3151 4438
4 792 4699 994 4702
4 1141 1139 1366 4181
4 3840 3023 4122 4766
4 3040 4345 3986 4823
4 3001 4032 3891 4438
4 3093 4665 4059 4789
4 692 3951 1013 4910
4 835 1007 583 3999
4 843 596 842 3862
4 1430 1353 1425 3836
4 893 662 874 4202
4 2959 3794 4377 4986
4 1286 275 1457 1499
4 1010 850 794 4055
4 1236 1433 1260 3659
4 3972 3997 2935 4824
4 1681 3728 1687 5047
4 3603 4165 3266 4695
4 3080 3816 4406 4602
4 2630 2735 2746 3883
4 2786 2572 13 4532
4 3537 4586 3990 4724
4 3044 4579 4019 5028
4 424 246 423 4433
4 274 1037 1784 1740
4 3065 4746 4249 4770
4 3003 4495 3737 4877
4 229 230 1264 3964
4 621 911 858 3931
4 3990 4495 3098 4844
4 795 1009 850 4354
4 2568 4532 3830 4853
4 1158 1467 1252 4084
4 1027 1434 4272 4727
4 3194 4486 4419 4610
4 2720 2646 2721 4803
4 3615 4486 2936 4980
4 2872 3536 4319 4661
4 3055 3979 4270 4605
4 1732 1727 1699 5035
4 2708 4446 2709 4927
4 1494 584 183 961
4 1414 1253 1454 4128
4 3708 3004 4775 4947
4 1220 1262 1333 4356
4 3014 4494 4237 4780
4 465 150 464 4594
4 2662 3958 2726 4834
4 1042 1318 1300 4214
4 3780 4233 2999 4630
4 2972 3998 4033 5003
4 1711 4358 1574 5056
4 3536 4387 3289 4913
4 2705 2727 2621 5011
4 3309 4792 3863 4983
4 1684 1683 1682 4147
4 241 1029 240 3955
4 3108 4230 3867 5021
4 956 162 1003 4437
4 33 34 531 1964
4 943 952 195 1511
4 3036 4392 3614 4446
4 953 200 1759 1503
4 3087 3529 4520 4976
4 2857 3816 4518 4970
4 1467 1187 1320 4072
4 4314 4793 3507 4836
4 2832 4188 4947 5002
4 4097 4267 3660 4939
4 1779 1491 1694 4212
4 3049 4026 4215 4996
4 2285 391 2265 390
4 2928 4257 3624 4866
4 1615 1607 1614 3736
4 4237 4494 3014 4978
4 161 956 577 3817
4 3704 4263 3313 4601
4 1552 1710 1562 4245
4 31 32 528 1980
4 1624 1664 1601 4211
4 1308 3936 1303 5023
4 3152 4033 3998 5003
4 751 752 917 4053
4 3796 4092 3237 4648
4 885 887 728 4695
4 2858 4256 4749 4942
4 378 2275 2252 379
4 3016 3967 3920 4672
4 1279 1054 1278 4013
4 4059 4665 2894 4789
4 910 3950 657 5039
4 3037 4281 3898 4327
4 1108 1379 4014 5063
4 878 988 877 4224
4 1117 1087 1342 3808
4 209 1015 9 4532
4 734 4807 3658 4875
4 1646 1606 4061 5045
4 2698 2754 2588 4641
4 3370 4127 3813 4799
4 855 795 1013 4910
4 1381 1380 1364 3850
4 845 651 653 4554
4 266 1444 1789 1035
4 603 585 604 4589
4 3187 4535 4265 4926
4 1652 1725 1534 5038
4 618 4384 616 4826
4 1766 195 952 1511
4 4392 4488 3222 5007
4 2557 2780 476 4437
4 3863 4792 3234 4983
4 1205 1251 1250 3599
4 1651 1648 1649 4312
4 58 151 1944 547
4 1943 48 141 555
4 1942 68 161 543
4 1886 367 245 1809
4 1364 1129 1121 4808
4 2941 4452 3523 5022
4 1022 831 1021 4187
4 1719 4261 1621 4796
4 2857 4743 4063 4985
4 1456 259 1502 1793
4 763 903 737 4868
4 1015 209 600 4812
4 2666 4773 2667 5043
4 3556 4439 4016 5001
4 4026 4445 3181 5029
4 690 713 714 4683
4 1084 1083 4350 4607
4 2632 2638 2639 4122
4 3834 4289 3232 4615
4 1503 953 199 1755
4 655 3976 937 5039
4 2764 4236 2559 4821
4 3162 4055 3916 5053
4 939 4106 757 4989
4 4183 4700 3191 4879
4 612 614 4427 4764
4 1262 1449 1046 4356
4 804 803 980 5050
4 673 658 669 4719
4 3264 3560 4590 4973
4 3495 3163 4541 4936
4 2572 2768 402 3620
4 1223 1224 1155 4462
4 1412 1500 268 1796
4 3549 4918 4115 5008
4 1433 1236 1360 4507
4 2686 2582 2694 4216
4 1431 1230 1461 4009
4 1580 1579 1600 4690
4 2651 2641 2652 4044
4 2720 2719 2646 4123
4 3374 4263 3704 4601
4 1137 1169 1146 3723
4 569 1756 186 1485
4 1533 1536 1652 3876
4 1810 225 347 1945
4 1750 1471 1279 4013
4 3840 4766 2648 5043
4 2584 2585 2583 3805
4 3111 4567 3677 5010
4 3610 4511 3349 4650
4 3264 4451 3560 4973
4 1452 1764 277 1506
4 2826 4992 3486 5046
4 1434 1259 1429 4171
4 3281 4390 4321 5040
4 3650 4378 3059 4953
4 182 598 1494 961
4 2683 2748 2644 4277
4 2907 3974 4705 4920
4 230 409 352 4685
4 3574 3281 4869 5020
4 1539 1545 1536 4263
4 2945 3804 4443 5016
4 3823 4858 3096 4924
4 32 33 524 2217
4 2667 4773 4566 5043
4 358 1941 236 1821
4 563 59 152 1944
4 1815 348 226 1945
4 142 1943 548 49
4 246 1950 1818 368
4 1942 162 69 550
4 1383 1099 1370 4675
4 3652 4394 3161 4944
4 3269 4006 3869 5016
4 1072 1070 1361 4051
4 930 926 647 4035
4 674 671 685 4110
4 794 928 1010 5053
4 634 633 883 4838
4 3109 4158 3659 4507
4 603 604 605 4481
4 860 641 638 4208
4 1636 1524 1521 4624
4 2869 4241 3694 5032
4 1002 946 878 4224
4 14 2763 2783 4738
4 1664 1663 1768 4965
4 250 427 372 4738
4 2686 2694 2802 4216
4 2570 2790 466 4081
4 705 790 788 3672
4 1023 943 591 3855
4 2960 4078 3733 5044
4 778 785 777 4189
4 2960 3908 4278 4337
4 911 929 858 4896
4 1501 1754 204 1004
4 3017 4506 3575 4562
4 578 1753 203 4930
4 1349 1440 4644 4864
4 201 595 1487 954
4 3028 4224 3458 4959
4 1765 1776 1772 4477
4 803 804 769 4578
4 3039 4283 3714 4677
4 2985 4092 3796 4648
4 4281 4327 3037 4889
4 1566 1703 1677 4463
4 843 842 971 4477
4 244 422 245 4859
4 1442 1256 4066 4909
4 4188 4734 3451 4947
4 1205 1152 1378 4143
4 3853 4342 3172 4878
4 1676 1672 1673 4058
4 3159 4731 3558 4981
4 750 749 748 4849
4 265 1488 1444 1797
4 3081 4773 4285 5043
4 3796 4574 2856 4626
4 150 998 572 4594
4 3422 4636 4295 4900
4 571 1489 194 952
4 1774 1756 1507 4652
4 1029 241 1415 3955
4 1604 1616 4582 5017
4 2787 2781 2681 4882
4 458 142 49 457
4 3629 3047 4622 5024
4 1931 1871 151 547
4 68 1873 543 1933
4 1934 141 555 1874
4 1937 556 143 1877
4 1935 1811 349 1875
4 536 1880 163 1939
4 1936 542 60 1879
4 247 1938 1804 1876
4 237 1940 1803 1878
4 2995 4181 4065 4898
4 1930 1870 245 1809
4 3885 4227 3220 4711
4 2716 2715 4588 4698
4 1626 1662 1613 4780
4 684 716 715 4458
4 2731 2730 2657 4177
4 4400 4579 3397 5028
4 630 633 632 3966
4 726 725 4528 4779
4 2645 2725 2662 3958
4 2999 4531 3780 4630
4 949 574 950 4102
4 2736 2630 2746 3883
4 1206 1181 1354 4397
4 854 174 576 4071
4 3024 3868 4085 4817
4 3624 4866 3523 5022
4 1224 1225 1356 4398
4 2999 3599 4233 4723
4 187 948 569 4352
4 1022 4187 788 4708
4 3696 3059 4426 5037
4 1428 1470 1508 3936
4 3960 4177 3391 4817
4 465 464 2772 4594
4 1088 1090 1343 3882
4 1759 595 200 953
4 3586 4158 4507 4898
4 2635 2636 2617 3761
4 1428 1303 1308 3936
4 2639 2648 2649 3840
4 1509 255 1791 1040
4 458 142 457 4360
4 3349 4511 3610 4960
4 617 616 618 4384
4 3177 4163 3958 4797
4 2716 4588 3735 4698
4 1769 1749 1486 4066
4 1872 1810 225 1932
4 1098 1373 1097 4505
4 1488 1630 1632 4217
4 577 160 161 4854
4 2853 4748 4085 4928
4 2766 463 462 3800
4 916 779 742 3844
4 1598 1575 1669 4565
4 3912 4869 3281 5020
4 4001 4391 3489 4718
4 1072 1071 1070 4051
4 957 803 985 5050
4 610 608 896 4541
4 2558 462 461 3707
4 55 56 149 463
4 55 149 148 463
4 1001 805 867 4442
4 238 1047 1473 4632
4 850 848 1008 4055
4 2998 3859 4443 4610
4 2562 2759 2716 4698
4 3506 4746 3172 4867
4 712 816 815 4908
4 1306 1171 1261 4117
4 1749 1770 1486 4909
4 1135 1139 1140 4898
4 974 193 1489 1751
4 588 1496 206 1000
4 1479 3629 234 5024
4 786 982 950 4179
4 1733 1644 1645 5045
4 472 471 2779 3953
4 705 783 688 4786
4 3080 4536 3750 4617
4 1678 1549 1561 3785
4 3722 3102 3982 4696
4 686 671 893 4401
4 3281 4321 3989 5040
4 3646 4474 3330 4991
4 1615 4573 1708 4937
4 992 153 580 4403
4 1250 1462 1302 4723
4 1142 1353 1154 5013
4 3027 4109 4219 4417
4 2981 4511 3610 4650
4 771 714 888 4635
4 3904 4383 2977 4535
4 913 934 726 4036
4 2860 4270 3979 4605
4 1481 1349 1440 4644
4 873 868 664 3959
4 1072 1361 1121 4808
4 458 2571 459 3740
4 1333 1334 4045 4356
4 3197 3679 4250 4873
4 1057 1278 1056 3834
4 1640 1641 4268 4971
4 402 345 223 403
4 850 1009 849 4354
4 3005 3810 4247 4471
4 3385 4086 4592 4995
4 3097 3894 4537 4979
4 254 1493 1791 1040
4 187 569 1485 4352
4 1501 203 1753 4930
4 1020 830 828 4498
4 3040 3650 4823 5037
4 3239 4203 4379 4605
4 3625 4190 3942 4895
4 1467 1160 1187 4072
4 1708 1565 1678 4937
4 2682 2793 2773 5034
4 1728 1705 1733 4347
4 883 4613 637 4838
4 3569 4821 2687 4822
4 1681 1682 1680 5047
4 2775 2564 414 3956
4 463 56 149 464
4 908 998 589 4218
4 3150 3636 4783 4901
4 2769 2573 2791 4717
4 714 4635 3719 4683
4 2753 2668 2752 4010
4 829 588 828 4174
4 1147 1174 1238 4161
4 2768 2676 2767 4006
4 3066 4476 3454 4933
4 1336 1122 1133 4142
4 1437 1273 1246 5000
4 4226 4445 3217 5029
4 1444 1488 266 1789
4 1366 1343 1344 4841
4 2714 2716 2715 4588
4 4019 4579 3127 5028
4 1774 1507 1684 4827
4 3046 4553 4363 4800
4 1198 1377 1199 4625
4 732 882 881 4538
4 3873 4708 3029 4930
4 1659 1660 1658 4871
4 935 876 939 4989
4 1721 1719 1592 4261
4 945 944 968 4386
4 1191 1198 1193 3896
4 739 912 742 4134
4 458 50 143 459
4 1558 1578 1570 4103
4 3026 3787 4225 4970
4 49 50 143 458
4 143 142 49 458
4 2841 4253 3940 4934
4 2978 4465 3894 4979
4 3116 4714 4051 4808
4 3507 2879 4793 4941
4 1019 711 696 3686
4 3244 4121 4009 4833
4 356 412 233 355
4 1609 1616 1604 5017
4 1046 1446 1334 5055
4 2734 2761 4005 4834
4 159 67 473 66
4 1575 1574 1576 4358
4 1764 3922 1044 4842
4 1062 1216 1367 4577
4 2786 479 2568 4532
4 1829 1864 309 1924
4 130 1860 567 1920
4 1858 304 1918 1808
4 1806 1917 293 1857
4 1859 541 119 1919
4 1814 1921 282 1861
4 551 108 1862 1922
4 565 113 1923 1863
4 1866 319 1817 1926
4 135 1925 552 1865
4 1867 1927 92 558
4 1801 1868 298 1928
4 1254 1253 1414 4128
4 3040 4823 3696 5037
4 1579 1713 1600 4690
4 1044 1280 1282 3922
4 621 875 911 4758
4 1802 1881 235 357
4 628 4850 3774 5065
4 1209 1393 1232 4088
4 856 744 844 4125
4 3051 4458 4362 5051
4 3022 4481 4908 5064
4 3086 3908 4278 4629
4 3084 4840 3525 4875
4 1432 1257 1234 3715
4 1358 1136 1203 4595
4 4049 3051 4367 4830
4 94 126 1902 561
4 1834 334 302 1819
4 1831 291 323 1833
4 85 117 564 1835
4 96 128 537 1896
4 1820 280 312 1837
4 1839 106 74 559
4 137 105 545 1899
4 115 83 546 1841
4 1805 343 311 1900
4 1816 321 289 1842
4 300 332 1844 1822
4 1492 1408 4080 4644
4 1170 1314 1384 5036
4 640 638 641 4572
4 3774 4850 3337 4857
4 1578 1700 1570 4103
4 3057 3950 4709 5039
4 405 404 2777 4405
4 2908 3575 4506 4562
4 954 1005 790 3873
4 856 4772 4125 4904
4 211 212 585 4560
4 1149 1168 1167 4004
4 1245 1184 4389 4955
4 1379 4424 4014 5063
4 2969 4575 3905 5046
4 756 939 757 4989
4 691 675 676 4404
4 701 963 681 4765
4 244 243 365 421
4 878 946 988 4224
4 2717 4588 2715 4698
4 1172 1461 1230 4833
4 2946 4318 3774 4857
4 3194 4419 4228 4610
4 163 164 587 3631
4 3036 4446 3614 4961
4 4080 3041 4644 4864
4 1172 1230 1171 4833
4 3173 4185 3988 4832
4 455 140 139 4657
4 56 150 149 464
4 2848 3833 4294 4899
4 576 174 173 4071
4 2695 2579 2690 4348
4 3164 4134 4692 4982
4 808 963 968 4386
4 1568 1567 1731 4974
4 1678 1561 1607 4937
4 229 1264 1027 3964
4 1074 1068 1337 4159
4 3057 4709 3976 5039
4 4270 4508 3447 4999
4 915 747 749 4849
4 1562 1710 1621 4796
4 1776 1510 1694 4212
4 2936 4445 3615 4980
4 169 835 170 3999
4 3056 4374 4368 4431
4 2858 4288 4256 4942
4 785 787 777 4189
4 1000 1758 207 1782
4 3939 4422 2847 5027
4 2994 4430 4556 4847
4 923 925 922 4753
4 144 996 143 3740
4 681 678 666 3874
4 2646 2632 2639 4803
4 1565 1553 1550 4338
4 1651 1535 1532 3863
4 147 951 146 3707
4 602 585 603 4589
4 1323 1322 1463 4195
4 3254 4705 3974 4920
4 1627 1753 3873 4930
4 713 4635 714 4683
4 464 150 149 4594
4 1456 1275 1271 4237
4 370 249 426 371
4 1286 1740 275 1499
4 3104 4429 3732 4524
4 2736 4476 2738 4964
4 3622 3036 4446 4927
4 1591 1560 1559 4156
4 1093 1092 1094 4563
4 1785 1485 1686 4352
4 971 4212 1510 4477
4 1929 235 1802 1869
4 875 4758 621 5048
4 1902 126 1915 561
4 1855 94 1843 561
4 1819 1894 334 1906
4 323 1831 1893 1905
4 117 564 1895 1907
4 537 128 1908 1896
4 280 1820 1849 1837
4 559 1898 106 1910
4 115 1901 546 1911
4 545 1914 137 1899
4 311 1840 1851 1805
4 289 1853 1816 1842
4 1904 332 1916 1822
4 1819 302 1834 1846
4 1833 1831 291 1845
4 1847 85 564 1835
4 1836 96 1848 537
4 312 1897 1909 1820
4 1850 1839 74 559
4 83 546 1841 1852
4 1854 545 105 1838
4 343 1805 1912 1900
4 1913 321 1816 1903
4 1844 1856 300 1822
4 2839 4095 3904 4535
4 277 1044 1764 1452
4 4286 4766 3471 4912
4 4319 4661 3066 4933
4 635 636 886 4331
4 1716 1540 1548 4509
4 237 1949 1803 359
4 1891 153 60 542
4 1811 349 227 1946
4 50 143 556 1947
4 1892 247 369 1804
4 163 1952 536 70
4 1340 1237 1270 3980
4 3118 4690 3776 4852
4 910 655 937 5039
4 2845 4284 4145 4982
4 3588 4471 3250 4710
4 3150 3985 3865 5006
4 1018 975 4362 5051
4 1703 1702 1628 4441
4 1085 1087 1116 4655
4 3759 3876 4977 5038
4 1204 1214 1201 4022
4 958 1501 204 1004
4 2828 3712 4557 4794
4 1723 4573 1615 4959
4 3639 4392 3036 4927
4 148 55 463 462
4 3135 4294 3833 4899
4 3373 4709 3976 4922
4 1022 941 788 4187
4 1665 1793 1484 4237
4 1362 1344 1093 4841
4 1745 1660 1661 4871
4 2766 2748 2683 4277
4 1361 4714 1381 4808
4 876 614 612 4764
4 1277 1276 1435 4141
4 669 675 902 4719
4 1731 1605 1589 4974
4 645 644 642 4496
4 3634 4550 3035 4938
4 934 4740 970 4768
4 677 708 717 4480
4 2856 4626 4574 4886
4 72 165 164 478
4 2862 3925 4309 5066
4 1524 1642 1640 4361
4 2810 3782 4073 4872
4 2889 4640 3751 4963
4 4080 4141 3041 4864
4 185 972 1507 1756
4 1673 1593 1674 4663
4 3042 4790 3688 5012
4 1005 788 790 4708
4 141 593 140 3691
4 1273 256 1459 1775
4 722 979 702 4768
4 811 582 933 3885
4 2579 2695 2581 4839
4 1615 4573 3736 4959
4 225 1041 1418 4405
4 997 158 594 4957
4 3569 3195 4821 4822
4 1890 358 236 1821
4 59 152 1891 563
4 1815 226 348 1885
4 49 1888 548 142
4 1818 246 368 1892
4 550 162 69 1952
4 715 716 770 4458
4 1174 1147 1146 4161
4 1374 1123 1371 4091
4 1746 1722 1747 3855
4 889 935 756 4989
4 4400 4579 3127 4787
4 3001 4438 3891 4634
4 1101 1392 1390 4314
4 815 603 605 4908
4 3287 4254 4391 4968
4 1779 1510 1014 4212
4 1734 1643 1602 4118
4 3400 4762 4673 4972
4 910 657 654 5039
4 626 627 628 4850
4 2960 4278 3908 4629
4 1680 1557 1679 4324
4 4104 4735 3060 4998
4 887 639 921 4046
4 1277 1394 4141 4864
4 3023 4286 4010 4766
4 1006 716 793 3609
4 2766 2787 2748 4882
4 1843 94 1902 561
4 1834 1894 334 1819
4 1893 1831 323 1833
4 1835 117 564 1895
4 537 1836 96 1896
4 312 1897 1820 1837
4 1839 1898 106 559
4 546 1901 115 1841
4 1838 545 105 1899
4 311 1840 1805 1900
4 1842 1816 321 1903
4 1904 1844 332 1822
4 1729 4262 1544 4801
4 4044 4330 2990 5026
4 1290 1055 168 4548
4 2842 4596 4012 4800
4 959 964 761 4936
4 3090 4702 4584 4868
4 2691 2647 2692 4806
4 1556 1729 1567 4262
4 2564 415 414 3956
4 1068 1066 1337 4159
4 1794 1787 1750 4013
4 960 596 810 4906
4 1109 1106 1374 4966
4 4481 4589 3022 4908
4 476 475 2557 4437
4 2706 2707 2784 4853
4 2867 3641 4407 4713
4 1649 1726 1651 4312
4 3048 4736 4102 4737
4 906 908 907 4761
4 1253 1175 1348 4372
4 833 832 586 4924
4 792 994 822 4702
4 812 815 814 4038
4 883 637 634 4838
4 997 157 158 3953
4 1235 1268 1208 4722
4 2708 2599 2709 4446
4 2824 4097 4410 4939
4 853 1012 833 4924
4 3089 4048 4811 4951
4 3050 3913 4310 4916
4 2870 4686 3813 4799
4 1018 4362 770 5051
4 796 703 782 4737
4 1584 1593 1672 4716
4 1456 1271 1028 4237
4 2760 2791 2661 4717
4 1500 1748 1796 4152
4 2895 4391 4254 4968
4 1483 1256 1255 4066
4 946 1760 190 581
4 4205 4533 3411 4911
4 1479 234 235 5024
4 2853 3769 4748 5005
4 4091 4618 3054 4966
4 1437 1261 1040 3994
4 248 1045 247 3901
4 1397 1206 1354 4397
4 3775 3030 4854 5050
4 1078 1081 1369 4522
4 740 4772 856 4904
4 4516 4632 3406 4863
4 2666 2649 2648 5043
4 3454 4933 4476 4964
4 1608 1703 1611 4593
4 1028 1484 258 1456
4 759 754 780 4199
4 238 359 416 237
4 425 369 247 370
4 70 71 163 477
4 57 58 151 465
4 161 160 68 474
4 367 422 245 366
4 1680 1679 1681 4324
4 1668 1503 4102 4736
4 689 685 877 5060
4 1777 1413 270 1497
4 1086 1331 1089 4733
4 1675 1788 1673 4663
4 984 906 4606 4761
4 2668 2648 2638 4766
4 1760 1498 190 581
4 3574 4869 3912 5020
4 1751 1707 1780 3854
4 2577 464 463 4594
4 703 796 861 4001
4 1030 1453 1413 3858
4 1615 1708 1607 4937
4 4230 3108 4609 5021
4 619 617 618 4384
4 2842 3606 4596 4800
4 360 1928 330 1826
4 238 298 1868 1826
4 1828 1918 336 366
4 356 1825 325 1917
4 538 130 67 1920
4 1921 346 314 1830
4 539 81 144 1863
4 71 135 544 1925
4 1927 124 61 566
4 1812 350 319 1926
4 309 248 1823 1864
4 3016 4358 3857 5056
4 562 119 57 1919
4 150 87 562 1859
4 1862 76 140 554
4 1922 47 108 554
4 3109 4128 3751 4963
4 1828 244 304 1858
4 1825 234 293 1857
4 1860 98 160 538
4 282 224 1861 1830
4 1923 113 51 539
4 544 103 164 1865
4 154 92 1867 566
4 1866 228 287 1812
4 1823 370 341 1924
4 1657 1547 1551 4379
4 971 1510 181 1765
4 1566 1658 1702 3946
4 1509 1663 1624 3994
4 1083 1118 1084 4350
4 794 850 1008 4055
4 2667 2684 2673 4566
4 3212 4793 4314 4836
4 3964 4272 3049 4727
4 3451 4646 4396 4734
4 3263 4993 3633 5030
4 2979 4114 4406 4547
4 567 1860 97 1920
4 1829 310 1864 1924
4 1806 324 1917 1857
4 1859 86 541 1919
4 551 1862 107 1922
4 552 1925 136 1865
4 1866 1817 288 1926
4 1923 82 565 1863
4 1858 1918 335 1808
4 331 1868 1801 1928
4 281 1921 1814 1861
4 125 1927 1867 558
4 3129 4512 3991 4925
4 346 225 404 347
4 650 649 667 4160
4 417 239 238 4632
4 2746 2733 2740 4476
4 2782 2569 2770 4905
4 1450 1245 1310 4955
4 3132 4177 3960 4817
4 983 856 844 4904
4 907 726 727 4528
4 637 859 860 4613
4 1014 1510 971 4212
4 1361 1381 1364 4808
4 3020 4321 3676 4788
4 1487 1627 1753 3873
4 966 575 215 4457
4 1534 1725 1727 4614
4 3129 4478 4512 4944
4 716 3609 1006 5051
4 2772 2577 4448 4594
4 362 1916 239 1856
4 155 156 1915 1855
4 72 73 1914 1854
4 1848 66 65 1908
4 233 232 1845 1905
4 364 1846 365 1906
4 1910 138 139 1850
4 1623 1798 1780 4809
4 1847 149 55 1907
4 3281 5020 4390 5040
4 3869 4006 3210 5016
4 1289 1134 1189 4620
4 1909 222 223 1849
4 3103 4255 3886 4934
4 613 612 614 4427
4 1231 1330 1329 4492
4 731 735 736 4676
4 3156 3842 4820 4895
4 4396 4646 3681 4734
4 833 586 853 4924
4 626 624 627 4850
4 146 52 1911 53
4 362 239 240 1856
4 239 361 1916 362
4 156 63 62 1915
4 155 156 62 1915
4 1905 232 354 355
4 233 232 1905 355
4 3074 4524 3732 4997
4 910 670 657 3950
4 139 46 45 1910
4 138 1910 139 45
4 1790 1684 1761 4827
4 2757 2698 2584 4285
4 1755 1668 1503 4102
4 3078 4873 3565 4943
4 66 65 159 1848
4 158 159 65 1848
4 149 56 55 1907
4 148 149 55 1847
4 821 717 719 4115
4 1797 1414 264 1505
4 1017 969 167 4491
4 2723 2710 2704 4523
4 1846 364 365 242
4 1436 1480 1037 4909
4 345 344 222 1909
4 222 223 345 1909
4 274 1037 1740 1286
4 3059 4571 3791 5037
4 1491 11 221 1779
4 1515 4543 1513 4791
4 2767 2747 2805 3869
4 1794 1741 1696 4691
4 969 601 837 4491
4 1421 1422 1217 4186
4 4237 4546 3014 4780
4 867 772 775 4442
4 794 4055 1008 5053
4 1846 243 242 365
4 3030 4854 3817 4958
4 2766 2558 2787 4882
4 1796 268 1412 1048
4 1047 1439 1347 4516
4 149 572 947 4594
4 153 60 468 467
4 691 692 795 4910
4 567 97 129 1920
4 342 310 1829 1924
4 1868 299 331 1801
4 1817 320 288 1926
4 552 136 104 1865
4 82 1923 565 114
4 107 75 1862 551
4 1867 93 125 558
4 292 324 1806 1857
4 86 118 541 1919
4 1921 313 281 1814
4 1858 335 303 1808
4 2767 2676 2664 4006
4 1184 1182 1218 4389
4 1279 1471 1054 4013
4 1105 1104 1106 4966
4 3751 4128 3416 4963
4 1181 1206 1183 4778
4 2734 2663 2761 4834
4 3791 4571 3271 5037
4 1855 1915 125 561
4 1845 1831 292 1905
4 1820 1909 281 1849
4 1847 564 86 1907
4 1819 335 1846 1906
4 559 75 1850 1910
4 1908 1848 97 537
4 1911 546 114 1852
4 1853 1913 320 1816
4 545 136 1914 1854
4 1856 1916 331 1822
4 1805 1851 310 1912
4 2609 2709 2606 4392
4 1203 1338 1358 4595
4 467 468 153 4403
4 244 243 421 4859
4 806 573 807 4099
4 2865 4670 3762 4950
4 1030 1413 270 1777
4 167 1472 8 4738
4 1139 1141 1140 4181
4 2693 2687 4821 4822
4 1646 1733 1606 5045
4 3090 4562 4184 4845
4 217 942 216 4711
4 228 227 349 407
4 3900 4504 3524 4546
4 1105 1102 1104 4618
4 1323 1463 1251 4195
4 1148 1167 1328 4460
4 361 239 360 417
4 224 1418 1053 4888
4 3110 4360 3740 4684
4 2934 4567 3806 5010
4 211 1051 1402 4560
4 421 2569 2806 4859
4 607 820 712 4332
4 1244 1174 1248 3962
4 3169 4414 4052 5042
4 1941 357 1802 1929
4 1944 1931 58 547
4 1950 1930 367 1809
4 1942 1933 68 543
4 1943 1934 48 555
4 1932 1810 347 1945
4 547 1871 151 1883
4 1887 555 141 1874
4 1882 161 1873 543
4 1886 245 1870 1809
4 2864 4390 3690 4656
4 1765 971 1510 4477
4 2665 2724 2655 4419
4 3020 4587 3760 5004
4 1272 1028 1263 4494
4 62 154 469 155
4 1200 1277 1394 4141
4 1764 1741 1506 3922
4 256 1273 1509 1775
4 2690 2579 2578 4348
4 950 782 919 4179
4 3051 3609 4458 5051
4 2770 2720 2782 4905
4 729 4807 734 4875
4 3456 3875 4432 4656
4 1043 4497 1315 5001
4 405 2777 2573 4405
4 1712 1697 1741 4170
4 2673 2649 2667 4566
4 2983 4561 3733 4697
4 1884 1810 225 1872
4 3800 4448 2577 4594
4 1145 1194 1351 4333
4 3084 3658 4676 4956
4 3806 4567 3111 5010
4 4192 4508 2855 4601
4 1800 323 291 1833
4 557 117 85 1835
4 549 128 96 1896
4 1807 334 302 1834
4 1813 312 280 1837
4 553 106 74 1839
4 568 105 137 1899
4 1832 311 343 1900
4 83 115 560 1841
4 126 94 1902 540
4 1842 321 289 1824
4 332 300 1844 1827
4 923 926 925 4753
4 353 1842 231 1833
4 1835 54 147 1901
4 1896 64 157 1902
4 363 1844 241 1894
4 73 72 165 1854
4 1297 1166 1477 4305
4 1501 958 203 4930
4 2641 2650 2640 4330
4 2828 3712 4794 4795
4 804 819 967 4402
4 1448 1297 1475 4674
4 1312 1434 1027 4727
4 3637 4352 3095 4904
4 2716 2717 2715 4698
4 1699 1571 1573 4893
4 144 143 50 459
4 578 203 958 4930
4 1452 1280 1044 3922
4 3329 4592 4129 4995
4 3576 4828 3200 5018
4 3496 4391 4001 4718
4 1352 1144 1135 4898
4 186 978 1756 569
4 1728 1733 1645 4347
4 3681 4646 3068 4734
4 153 468 154 4403
4 833 1011 832 4924
4 166 479 73 4532
4 4048 4747 3240 4951
4 2787 2681 3993 4882
4 580 914 992 4740
4 1895 84 116 1901
4 6 5 1899 1837
4 1840 7 4 1839
4 95 127 1836 1902
4 1844 333 301 1834
4 1842 322 290 1833
4 1450 1310 4157 4955
4 2577 463 3800 4594
4 1131 1391 1378 4385
4 1128 1117 1135 4065
4 1385 1241 1242 3739
4 3299 4636 4295 4800
4 1128 1145 1351 4333
4 2588 2700 2589 4912
4 3047 4329 3956 5024
4 817 587 816 4021
4 920 937 655 3976
4 2761 4834 2726 4958
4 2794 2750 2575 4622
4 1048 1796 269 1497
4 1528 1640 1641 4268
4 720 869 872 4043
4 570 994 809 4699
4 3114 3985 4612 5006
4 2863 4956 3887 5030
4 3560 4451 4336 4973
4 803 768 985 4578
4 885 728 725 4695
4 235 413 356 357
4 593 955 799 4362
4 1855 125 93 561
4 324 292 1831 1905
4 1819 335 303 1846
4 118 86 564 1907
4 1909 281 313 1820
4 107 75 559 1910
4 97 129 1908 537
4 546 82 114 1852
4 104 136 545 1854
4 320 288 1853 1816
4 1805 310 342 1912
4 331 299 1856 1822
4 4267 4798 3290 4939
4 624 625 622 4041
4 3811 3147 4514 4861
4 2824 4798 4267 4939
4 4633 4865 3059 4953
4 2864 3690 4390 5040
4 1621 1719 1721 4261
4 2863 4956 3861 5025
4 3067 4692 4134 4982
4 1623 1706 1599 4056
4 1509 1273 255 1040
4 1710 1719 1621 4796
4 1414 1025 264 1505
4 1646 1606 1735 4061
4 4284 4692 3067 4982
4 1312 1259 1434 4171
4 2649 2666 2667 5043
4 1333 1046 1334 4356
4 4407 4713 3641 4866
4 1928 298 330 1826
4 562 87 119 1859
4 1862 108 76 554
4 336 304 1918 1828
4 293 325 1825 1917
4 1860 130 98 538
4 314 282 1921 1830
4 539 113 81 1863
4 544 135 103 1865
4 92 124 1927 566
4 287 319 1866 1812
4 1823 341 309 1924
4 1078 1080 1081 4522
4 1542 1541 1543 4140
4 3293 3717 4482 4998
4 1686 4352 1485 4652
4 1414 265 1444 1797
4 4313 4829 3052 4928
4 1370 1096 1095 4843
4 1490 10 179 1767
4 2832 3708 4775 4947
4 224 223 345 403
4 2765 2556 423 4433
4 3542 4854 3030 4958
4 417 238 416 4632
4 958 829 831 3828
4 3120 4474 4094 4804
4 3020 3760 4810 5004
4 140 139 46 455
4 952 987 571 4809
4 2849 3773 4564 4760
4 1479 1026 234 3629
4 2563 2802 2773 5034
4 3312 3860 4336 4897
4 2818 4343 4100 4682
4 1562 1561 1552 4245
4 1306 1151 1171 4117
4 3026 4518 3816 4970
4 574 976 950 4102
4 692 694 1013 3951
4 1243 1383 1370 4675
4 3205 4574 4626 4886
4 3084 3658 4840 4875
4 4138 4400 3452 4787
4 1436 1286 1285 3872
4 357 1802 1881 1941
4 151 1944 547 1883
4 1886 1950 367 1809
4 555 141 1943 1887
4 3067 4145 4284 4982
4 1882 1942 161 543
4 958 1004 829 3828
4 2806 2765 422 4859
4 1598 1699 1573 4893
4 1275 259 1502 1456
4 927 618 616 4826
4 1498 1724 1743 4959
4 51 52 145 460
4 3849 4520 3529 4976
4 1390 1233 1204 4836
4 1729 1556 1544 4262
4 3030 3711 4687 4784
4 3174 4585 4043 4940
4 2824 4267 4097 4939
4 2797 2758 2800 3777
4 1333 1334 1359 4045
4 936 680 841 4434
4 1293 1291 1294 4300
4 1617 1604 1616 4582
4 225 1810 1884 1945
4 207 825 1000 1782
4 605 607 712 4908
4 4253 4255 3103 4934
4 1460 1244 1248 3962
4 239 1047 238 4632
4 598 971 181 1765
4 323 1800 1893 1833
4 1835 557 117 1895
4 96 1836 549 1896
4 1807 1894 334 1834
4 1813 1897 312 1837
4 553 1898 106 1839
4 568 1838 105 1899
4 1832 1840 311 1900
4 560 115 1901 1841
4 1843 1902 94 540
4 1824 1842 321 1903
4 1904 332 1844 1827
4 588 826 828 4174
4 1008 1007 794 5053
4 932 661 929 4896
4 657 669 658 4627
4 1482 1444 1035 4217
4 4390 5020 2864 5040
4 1941 1881 236 1821
4 152 563 1944 1883
4 1950 246 1818 1886
4 1882 162 1942 550
4 226 1884 1815 1945
4 1943 142 548 1887
4 628 626 4850 5065
4 864 759 866 4584
4 1509 1791 1663 3994
4 231 232 353 1833
4 55 147 148 1835
4 55 54 147 1835
4 1893 232 353 354
4 65 64 157 1896
4 53 147 1901 146
4 157 158 65 1836
4 241 1894 364 363
4 147 53 1901 54
4 156 157 63 1843
4 1902 157 63 64
4 2 138 45 1898
4 363 1844 362 241
4 362 240 241 1844
4 3084 4676 3658 4875
4 242 241 1834 364
4 222 344 3 1837
4 799 770 1018 4362
4 1901 1835 84 1841
4 1895 1835 84 1901
4 5 1838 1899 1837
4 1900 7 1840 1839
4 1902 1836 95 1843
4 1897 6 1899 1837
4 7 1900 1898 1839
4 1896 1836 127 1902
4 322 1842 1893 1833
4 322 1842 1903 1893
4 1904 333 1844 1894
4 333 1844 1894 1834
4 1711 1585 1695 5056
4 902 755 684 4816
4 1152 1130 1378 4143
4 3109 3751 4640 4963
4 1083 1119 1118 4350
4 1076 1077 1073 4008
4 1881 235 1869 1802
4 1264 1438 1027 4727
4 1545 1539 1546 4263
4 1306 1246 1153 5000
4 408 350 229 351
4 3717 3060 4735 4998
4 1210 1255 1212 4050
4 2828 4794 4205 4795
4 2621 2704 2724 4228
4 910 4709 3950 5039
4 667 668 672 4418
4 3302 4432 3875 4656
4 652 655 654 5039
4 1256 1426 1442 4066
4 467 2790 2739 4403
4 580 153 154 4403
4 3168 4532 3830 4812
4 1707 1743 1614 4781
4 2671 2654 2653 4297
4 1551 1554 1718 4203
4 3030 4687 3775 4784
4 47 48 141 456
4 218 1315 1043 4497
4 726 725 727 4528
4 1835 1847 55 1907
4 146 1841 1911 1852
4 232 1905 1893 1845
4 1850 138 1839 1910
4 1915 156 1843 1855
4 73 1914 1854 1899
4 65 1848 1908 1896
4 1834 1846 364 1906
4 1844 1916 362 1856
4 2775 2750 2795 4622
4 765 766 710 4459
4 3081 4566 3755 4773
4 1849 1909 222 1837
4 938 940 699 4514
4 3046 4295 4012 4800
4 1221 1272 1263 4494
4 1638 1523 1526 4144
4 2822 4052 4378 4823
4 1527 1529 1530 4023
4 1515 1513 1514 4791
4 928 794 755 5053
4 1847 55 148 1835
4 1905 232 1893 354
4 1836 65 1848 158
4 53 146 1901 1911
4 138 1898 1910 45
4 156 1915 1843 63
4 240 362 1856 1844
4 641 860 862 4208
4 4095 4383 3904 4535
4 2710 2708 2709 4927
4 1430 1479 1267 5024
4 147 1835 1901 1841
4 1895 54 1835 1901
4 1842 1903 1893 353
4 353 1893 1842 1833
4 157 1836 1896 1902
4 157 1836 1902 1843
4 1897 1899 3 1837
4 1898 1900 2 1839
4 1844 363 1904 1894
4 1894 1844 241 1834
4 1846 242 1834 364
4 613 614 615 4427
4 1909 344 222 1837
4 1052 1428 252 1757
4 3775 4578 3061 4687
4 1774 1686 4652 5047
4 3049 4272 4171 4727
4 2696 2586 2755 4500
4 2651 2654 2756 5026
4 854 1012 853 4639
4 3127 4649 4019 5028
4 2858 4298 4288 4942
4 3127 4579 4400 5028
4 4469 4648 3217 5029
4 484 485 2507 2243
4 1005 954 578 3873
4 974 1489 193 571
4 980 803 577 5050
4 4474 4767 3330 4991
4 1618 1626 1613 4780
4 1697 1696 1741 4691
4 726 723 725 4779
4 1581 1580 1582 4232
4 4036 4528 3007 4779
4 1381 1074 1397 4714
4 4111 4767 3191 4991
4 856 740 741 4772
4 1431 1474 1230 4833
4 757 939 959 4106
4 1947 556 50 1937
4 1811 1885 227 1875
4 1948 542 60 1936
4 369 1938 1951 1804
4 1952 536 70 1939
4 1940 1949 359 1803
4 143 556 1888 1877
4 1946 1811 349 1935
4 542 1891 153 1879
4 1892 1876 247 1804
4 1889 1880 163 536
4 1803 1890 237 1878
4 3078 4565 4347 4873
4 1355 1092 1091 4034
4 3129 4512 3892 4944
4 1477 1166 1406 4305
4 724 725 723 4779
4 3830 4532 3168 4853
4 972 185 978 1756
4 1899 9 3 1837
4 2662 2726 2761 4834
4 1900 8 2 1839
4 2889 4754 4640 4963
4 1197 1195 1196 4646
4 1157 1158 1252 4084
4 499 498 529 2229
4 1765 598 971 4477
4 731 729 734 4875
4 3088 4383 4095 4535
4 3020 4788 3676 5004
4 1826 1940 238 1878
4 150 562 1871 1931
4 1874 1934 140 554
4 1869 234 1825 1929
4 366 1828 1870 1930
4 538 1873 67 1933
4 1830 1872 224 1932
4 539 1937 144 1877
4 1880 544 164 1939
4 1935 228 1812 1875
4 566 1936 154 1879
4 1823 1938 248 1876
4 1705 1581 1583 4890
4 4606 4676 3084 4875
4 703 687 679 4718
4 1155 1143 1154 5013
4 4430 4671 3486 4992
4 1683 1680 1682 4147
4 1757 253 1052 1420
4 811 758 781 4651
4 668 679 672 4418
4 4205 4794 3080 4911
4 2574 2774 457 4360
4 2865 4579 4400 4787
4 1442 1480 1256 4909
4 966 965 575 4457
4 1612 1590 1664 4965
4 709 963 806 4765
4 1101 1390 1373 4314
4 684 755 716 4816
4 3140 4086 4317 4995
4 1055 1472 167 4548
4 2630 2626 2624 5015
4 2656 2704 2710 4523
4 1311 1069 1071 4828
4 1508 1767 1655 3936
4 1084 1082 1083 4607
4 3888 4624 3125 5041
4 1534 1533 1652 5038
4 4392 4446 3036 4927
4 2688 2659 2687 4822
4 892 846 645 4814
4 1702 1704 1628 4441
4 1458 1267 235 5024
4 579 863 981 4258
4 4553 4596 3606 4800
4 1723 1720 1708 4573
4 2781 2787 2558 4882
4 1328 1167 1312 4460
4 578 958 986 4930
4 1232 1382 1202 4678
4 1034 1408 1277 4080
4 487 486 509 2233
4 828 826 827 4498
4 579 996 802 4258
4 893 874 900 4202
4 1695 1696 1697 4691
4 371 1912 250 372
4 2591 2589 2592 4109
4 734 924 922 4807
4 1066 1064 1115 4689
4 3099 4540 4169 4805
4 3876 3309 4977 5038
4 594 985 890 4957
4 814 815 816 4038
4 822 864 719 4702
4 1281 1188 1282 4011
4 3347 4908 4332 5064
4 1744 1654 1655 4376
4 4381 4628 3233 4969
4 1513 1634 1781 4543
4 2775 2575 2750 4622
4 704 703 679 4718
4 2577 2683 2691 4448
4 1233 1390 1392 4836
4 2785 2759 416 4632
4 55 54 1835 1895
4 1836 65 157 1896
4 232 1893 353 1833
4 1901 146 147 1841
4 1894 241 364 1834
4 1897 3 344 1837
4 157 1902 63 1843
4 1898 2 138 1839
4 1844 363 362 1904
4 3129 3892 4512 4925
4 178 1050 177 4664
4 1270 1274 1215 4978
4 2772 464 2577 4594
4 678 710 895 4323
4 1570 1571 1569 4545
4 825 824 826 4271
4 1253 1348 1454 4372
4 3021 4512 3892 4925
4 1911 145 146 1852
4 836 837 1006 5051
4 2761 2807 2734 4005
4 1677 1703 1608 4593
4 3054 4552 3984 4825
4 1040 1273 1437 3994
4 2563 454 2783 3945
4 145 1911 146 52
4 698 993 1020 4412
4 2565 2807 2761 4005
4 663 880 629 4559
4 2794 2776 2764 4236
4 1136 1142 1120 4137
4 3191 4767 4183 4804
4 2713 2669 2625 4238
4 1220 1156 1150 4155
4 1428 1308 1470 3936
4 1426 1256 1483 4066
4 905 731 736 4676
4 759 864 763 4584
4 1655 1654 1653 4376
4 1912 249 250 1851
4 73 9 3 1899
4 372 8 2 1900
4 2 8 138 1839
4 951 592 977 4616
4 462 55 463 522
4 2885 4628 4381 4969
4 1640 1730 1641 4971
4 1895 1835 55 1907
4 65 1836 1848 1896
4 1833 232 1893 1845
4 1901 146 1841 1911
4 1909 1897 344 1837
4 1902 1915 63 1843
4 364 1894 1834 1906
4 1838 73 1854 1899
4 1898 138 1910 1839
4 372 1912 1840 1900
4 1916 1844 362 1904
4 3 9 222 1837
4 370 248 425 426
4 473 67 160 474
4 607 609 820 4332
4 249 1912 250 371
4 166 73 165 1854
4 3214 4413 4954 4990
4 2777 404 2560 4888
4 2560 403 2768 4888
4 821 659 834 5008
4 3775 4687 3030 5050
4 254 1493 1040 1420
4 1495 1668 1755 4102
4 2787 2681 2680 3993
4 210 1051 211 4440
4 345 223 224 1861
4 356 233 1917 355
4 1927 155 154 62
4 361 1868 360 239
4 234 413 412 356
4 140 46 139 1862
4 769 767 768 4578
4 1920 67 159 66
4 56 149 150 1859
4 3850 4714 3116 4808
4 906 907 730 4606
4 3114 4612 4645 5006
4 1726 1729 1544 4801
4 4378 4633 3059 4953
4 2998 4681 4105 4885
4 4307 4519 3117 5066
4 747 745 748 4849
4 229 351 1913 352
4 758 811 917 4651
4 244 243 1858 365
4 1774 1682 1686 5047
4 2663 2657 2662 4834
4 412 233 234 356
4 1245 1249 1184 4955
4 2950 4336 4451 4973
4 940 700 699 4514
4 159 67 160 473
4 1230 1261 1171 4833
4 693 694 692 3951
4 793 794 1007 5053
4 1657 1545 1547 4379
4 1245 1184 1218 4389
4 807 764 806 4099
4 226 1041 225 4405
4 71 164 477 478
4 353 1842 230 231
4 230 352 1903 353
4 140 593 962 4657
4 3172 4746 4249 4867
4 975 837 3932 5051
4 150 57 465 464
4 3065 4249 4746 4867
4 4291 4557 2964 4994
4 2802 2694 2682 5034
4 1917 233 234 1857
4 1858 1918 244 365
4 1859 57 56 1919
4 47 46 1862 1922
4 224 1921 345 1861
4 164 72 1925 1865
4 1924 1864 370 371
4 1927 155 1867 154
4 1868 361 360 1928
4 1690 1578 1688 4907
4 224 223 403 4888
4 1511 1746 1747 3855
4 1860 67 159 1920
4 957 159 160 4854
4 365 244 421 366
4 1899 1838 9 1837
4 1900 1840 8 1839
4 3774 4850 3058 5065
4 309 341 1829 1924
4 98 130 1860 567
4 1918 304 336 1808
4 1917 293 325 1806
4 541 119 87 1859
4 282 314 1921 1814
4 1862 76 108 551
4 81 113 565 1863
4 287 319 1817 1866
4 124 92 1927 558
4 552 103 135 1865
4 298 330 1801 1928
4 2798 2578 425 3901
4 1524 1640 1525 4361
4 3736 4573 3028 4959
4 1529 1648 1532 4792
4 164 71 72 478
4 1653 1612 1656 4638
4 629 662 663 4559
4 3191 4767 4474 4991
4 57 150 56 464
4 1496 1745 1792 4174
4 1425 4045 1334 5055
4 3164 4772 4134 4982
4 692 1013 795 4910
4 911 875 895 4758
4 796 976 953 4737
4 3984 4552 3054 4941
4 230 1913 1853 1842
4 972 798 797 4827
4 959 896 964 4936
4 1499 1764 276 4842
4 2672 2696 2755 4500
4 871 870 635 4198
4 1301 1038 176 4503
4 1864 249 370 371
4 72 164 165 1865
4 352 1913 230 1903
4 1724 1723 1615 4959
4 729 924 734 4807
4 249 370 426 248
4 1043 219 218 4497
4 1627 1778 1753 4930
4 1100 1102 1101 4876
4 1513 1512 1492 4644
4 2784 2678 2675 4093
4 407 350 228 408
4 1507 184 1761 4827
4 1549 1547 1546 4921
4 3191 4804 4183 4879
4 1766 1489 1798 4809
4 1711 1574 1585 5056
4 2742 2743 2660 4539
4 2725 2726 2662 3958
4 1320 1319 1031 4432
4 2565 4005 2761 4958
4 2738 2736 2746 4476
4 740 739 741 4772
4 2865 4400 4138 4787
4 1357 1370 1095 4843
4 1409 1481 1440 4644
4 1482 1035 1433 4217
4 791 753 789 4870
4 1752 191 1498 973
4 1026 1446 233 5055
4 4319 4913 3536 4987
4 1492 1763 1514 4080
4 1134 1289 1114 4620
4 865 763 822 4868
4 628 873 626 5065
4 910 937 840 4709
4 51 144 459 460
4 153 60 154 468
4 1490 179 10 1016
4 2766 2577 463 3800
4 1653 1588 1612 4638
4 813 600 812 4812
4 1604 1597 1609 5017
4 876 612 660 4764
4 1266 1036 1345 4329
4 2693 2687 2808 4821
4 950 919 786 4179
4 1851 1840 250 1912
4 1470 179 10 1767
4 941 1022 1021 4187
4 4203 4605 3239 4846
4 1671 1758 1792 4271
4 1427 1053 1310 4157
4 1399 1340 1214 4856
4 944 990 808 4386
4 1912 1840 250 372
4 166 73 1854 1838
4 1282 1284 1044 4842
4 9 73 1838 1899
4 372 1840 8 1900
4 993 698 697 4412
4 1261 1230 1474 4833
4 765 767 766 4459
4 1196 1326 1325 4396
4 1417 1460 1248 4221
4 3383 4687 4578 5050
4 1499 276 1457 4842
4 2680 2681 2679 3993
4 3247 4510 4416 5019
4 4317 4502 3140 4995
4 2702 2591 2594 4417
4 1303 4009 1302 5023
4 1507 972 184 4827
4 1019 1011 833 4924
4 1501 1778 1795 4930
4 1949 237 1803 1890
4 60 1891 542 1948
4 227 1885 1811 1946
4 1888 556 143 1947
4 1892 369 1951 1804
4 1952 163 536 1889
4 359 238 416 360
4 425 247 248 370
4 71 164 163 477
4 150 57 151 465
4 67 68 160 474
4 244 245 422 366
4 1842 353 230 1903
4 220 596 219 4615
4 1941 236 357 358
4 59 151 152 1944
4 58 151 59 1944
4 1950 246 367 368
4 348 347 226 1945
4 162 68 1942 69
4 141 142 48 1943
4 49 48 142 1943
4 161 1942 162 68
4 367 245 246 1886
4 191 1498 973 581
4 1138 1288 1063 4420
4 3525 4840 4807 4875
4 1566 1677 1543 4463
4 970 722 934 4768
4 1527 1644 1526 4449
4 4807 4840 3658 4875
4 172 1031 1319 4432
4 225 346 404 224
4 927 616 620 4826
4 1758 1671 1782 4271
4 1461 1303 1431 4009
4 1295 1293 1294 4300
4 857 740 856 4904
4 347 225 226 1945
4 1405 1165 1404 4436
4 3240 4811 4048 4951
4 1126 1379 1305 4424
4 163 1003 162 4437
4 1949 358 1890 1821
4 563 1891 59 1948
4 368 1951 1818 1892
4 1885 348 1815 1946
4 1888 49 548 1947
4 550 1889 162 1952
4 152 589 151 4081
4 1779 1694 1510 4212
4 499 472 529 498
4 486 487 509 461
4 2668 2754 2648 4766
4 1043 1315 1058 5001
4 3330 4865 4633 4953
4 470 495 531 496
4 238 360 417 416
4 2741 2688 2760 4175
4 3217 4648 4226 5029
4 865 903 763 4868
4 2645 2674 2725 4797
4 1842 230 1913 1903
4 276 1764 1044 4842
4 986 831 1022 4708
4 1055 167 168 4548
4 2820 4502 4317 4995
4 1014 971 842 4212
4 1913 229 230 1853
4 1845 1857 233 1905
4 1909 223 1861 1849
4 365 1846 1858 1906
4 66 1848 1920 1908
4 239 1916 1868 1856
4 1865 72 1914 1854
4 1927 1855 155 1915
4 1862 139 1850 1910
4 149 1859 1907 1847
4 1360 1352 1219 4507
4 1473 1047 1346 4516
4 1181 1182 1180 4371
4 360 239 238 417
4 1913 230 229 352
4 421 366 244 4859
4 879 706 707 4785
4 4566 4773 3081 5043
4 1905 1917 233 355
4 223 1909 1861 345
4 1915 155 1927 62
4 1916 239 1868 361
4 46 1862 1910 139
4 896 608 760 4541
4 1848 66 1920 159
4 349 350 228 407
4 56 1859 1907 149
4 360 1940 238 1826
4 562 150 57 1931
4 47 140 1934 554
4 1870 244 1828 366
4 356 1825 234 1929
4 1873 67 160 538
4 1830 224 346 1932
4 1937 144 51 539
4 71 164 544 1939
4 228 1935 1812 350
4 154 61 1936 566
4 370 1938 248 1823
4 1748 1500 1738 4152
4 154 62 469 61
4 3031 4277 4530 4882
4 1090 1092 1093 4563
4 729 731 730 4875
4 1520 1637 1643 5041
4 1413 1048 269 1497
4 1846 365 1858 243
4 1069 1311 1112 4828
4 1012 854 855 4639
4 884 882 732 4538
4 967 819 818 4402
4 2733 2629 2732 4660
4 1746 1623 1622 4631
4 1082 1084 1085 4607
4 1857 1917 233 1905
4 1918 1858 1906 365
4 1859 56 1907 1919
4 1862 46 1910 1922
4 1921 1909 345 1861
4 1924 1912 1864 371
4 1914 1925 72 1865
4 1855 1927 155 1867
4 1868 1916 361 1928
4 1634 1513 1515 4543
4 1860 159 1848 1920
4 2660 2658 2742 4539
4 4063 4743 3069 4985
4 224 1053 223 4888
4 144 50 51 459
4 358 1949 1941 1821
4 59 563 1948 1944
4 1945 1815 348 1946
4 49 1943 548 1947
4 1951 1950 368 1818
4 69 1942 550 1952
4 1890 236 1881 1821
4 152 1891 563 1883
4 1815 1884 226 1885
4 548 1887 142 1888
4 1818 1886 246 1892
4 162 1882 1889 550
4 875 621 622 5048
4 1488 1632 1789 4217
4 1377 1198 1372 4625
4 3120 4767 4474 4804
4 3191 4474 4767 4804
4 733 732 714 4683
4 1840 372 8 250
4 488 487 521 1973
4 9 73 166 1838
4 249 1864 1851 1912
4 1098 1097 1096 4505
4 1058 1315 1375 5001
4 249 1864 1912 371
4 165 72 1865 1854
4 1845 292 1857 1905
4 1862 1850 75 1910
4 1907 1859 86 1847
4 1909 1861 281 1849
4 335 1858 1846 1906
4 1853 320 1913 1926
4 1920 1848 97 1908
4 1923 1911 114 1852
4 1865 1914 136 1854
4 125 1927 1915 1855
4 1851 1864 310 1912
4 1856 331 1916 1868
4 413 234 235 356
4 602 210 211 4440
4 969 1017 601 4491
4 4375 4659 3223 5061
4 1195 1186 1196 4646
4 1403 1379 1109 5063
4 1881 357 236 235
4 1666 1610 1629 4274
4 346 224 345 403
4 409 2693 2808 4685
4 46 47 140 455
4 1299 1300 1468 4214
4 2754 2700 2588 4912
4 2791 2760 2769 4717
4 52 51 145 1923
4 497 472 519 471
4 472 497 519 498
4 488 487 461 521
4 1262 1046 1333 4356
4 2475 2476 2480 2080
4 144 51 145 460
4 324 1917 1857 1905
4 1858 335 1918 1906
4 1907 1859 1919 86
4 1860 1848 97 1920
4 1922 1862 107 1910
4 1861 1909 281 1921
4 1863 1923 82 1852
4 288 1853 1866 1926
4 136 1925 1914 1865
4 1912 1864 310 1924
4 125 1927 1855 1867
4 1868 331 1916 1928
4 1767 251 1470 1508
4 2710 2709 2751 4927
4 646 644 645 4496
4 755 794 793 5053
4 970 914 580 4740
4 1537 1540 1716 4509
4 1222 1223 1155 4462
4 429 428 2273 1976
4 584 1761 184 4827
4 589 914 913 4218
4 1723 1708 1615 4573
4 656 657 658 4627
4 1616 1630 1617 4582
4 762 933 810 4906
4 1923 144 145 1863
4 13 428 12 2270
4 659 656 834 5008
4 1267 1479 235 5024
4 604 606 605 4481
4 1232 1387 1382 4678
4 2684 2667 2685 4773
4 1598 1669 1728 4565
4 350 229 351 1926
4 859 637 883 4613
4 1110 1113 1107 5062
4 2698 2588 2585 4641
4 1346 1047 1347 4516
4 292 324 1857 1905
4 1858 303 335 1846
4 118 86 1907 1919
4 1862 75 107 1910
4 1920 97 129 1908
4 313 281 1909 1921
4 1923 114 82 1852
4 1853 288 320 1926
4 1865 136 104 1854
4 1855 93 125 1867
4 1912 310 342 1924
4 299 331 1856 1868
4 229 228 350 408
4 1510 1014 180 1779
4 1765 1510 1776 4477
4 358 236 237 1890
4 358 1949 237 359
4 152 153 59 1891
4 59 153 60 1891
4 369 368 247 1892
4 227 349 348 1946
4 1885 348 227 226
4 368 246 247 1892
4 143 49 142 1888
4 143 50 49 1947
4 70 69 163 1952
4 162 163 69 1952
4 652 653 651 4554
4 273 1784 1037 4909
4 1302 1303 1461 4009
4 720 721 702 4940
4 273 1486 1784 4909
4 943 1023 1001 3855
4 2798 424 2556 4433
4 2737 2739 2790 4964
4 403 404 346 4888
4 229 350 1866 1926
4 799 1018 593 4362
4 1276 1277 1200 4141
4 1299 1042 1300 4214
4 1532 1531 1529 4792
4 141 140 47 456
4 1352 1360 1236 4507
4 1026 1425 1334 5055
4 677 683 708 4480
4 2761 4005 4834 4958
4 2554 2153 2161 2084
4 877 988 800 5060
4 823 178 177 4664
4 706 686 707 4785
4 913 908 589 4218
4 1100 1101 1098 4876
4 1668 1629 1503 4736
4 2820 4645 4612 5006
4 984 906 905 4606
4 1030 1483 1453 3858
4 2624 2625 2623 4527
4 228 1434 227 4272
4 1268 1388 1208 4722
4 1381 1361 1074 4714
4 276 1044 1457 4842
4 1102 1103 1104 4618
4 783 784 688 4786
4 826 1000 825 4271
4 1343 1093 1344 4841
4 1730 1650 1641 4971
4 417 2759 2562 4632
4 2789 2792 2726 4958
4 1014 221 11 1779
4 842 221 1014 4212
4 2460 2472 2473 2189
4 1491 221 11 1471
4 792 822 719 4702
4 944 808 968 4386
4 638 640 639 4572
4 1215 1214 1340 4856
4 1108 1109 1379 5063
4 2772 2577 2691 4448
4 33 524 2217 495
4 2387 2430 2431 2205
4 1027 1434 228 4272
4 14 427 2763 4738
4 468 2739 2561 4403
4 2448 2447 2451 2005
4 1726 1544 1541 4801
4 977 865 951 4616
4 2366 2369 2494 2076
4 2695 2584 2581 4839
4 1637 1520 1517 5041
4 1445 1049 1417 4221
4 584 184 972 4827
4 524 2217 495 494
4 455 47 140 456
4 1485 1785 1762 4352
4 769 768 803 4578
4 579 802 863 4258
4 1116 1350 1085 4655
4 2801 2725 2674 4797
4 942 217 582 4711
4 2426 2403 2503 2091
4 1086 1089 1088 4733
4 496 495 531 1964
4 1404 1239 1405 4436
4 1367 1115 1064 4689
4 2395 2396 2397 2142
4 622 621 619 5048
4 2335 2445 2453 2123
4 1270 1271 1274 4978
4 770 716 1006 5051
4 1248 1445 1417 4221
4 1686 1681 1687 5047
4 243 244 1417 4859
4 220 219 1056 4615
4 2443 2441 2499 2049
4 2413 2373 2491 2009
4 495 2217 33 1964
4 1578 1698 1688 4907
4 145 1911 1923 1852
4 203 202 1753 578
4 1706 1707 1614 4781
4 2679 2571 2689 4684
4 151 58 57 1931
4 141 47 1934 48
4 143 1937 144 50
4 349 227 228 1875
4 369 1938 247 370
4 154 60 153 1879
4 71 163 1939 70
4 237 1940 238 359
4 160 161 68 1873
4 245 367 366 1930
4 1911 52 145 1923
4 2344 2343 2346 2119
4 1761 1684 1507 4827
4 2348 2347 2353 1993
4 356 233 234 1917
4 57 1859 56 150
4 365 1918 244 366
4 140 47 46 1862
4 1921 224 345 346
4 71 164 72 1925
4 61 154 62 1927
4 239 238 1868 360
4 67 1860 159 160
4 2731 2732 2629 4660
4 906 984 572 4761
4 347 346 225 1932
4 2382 2383 2388 2077
4 2426 2310 2436 2111
4 1359 1334 1425 4045
4 1863 145 1923 1852
4 1108 1110 1107 5062
4 1853 1913 229 1926
4 1453 1325 1326 4396
4 438 437 2298 1961
4 2728 2692 2647 4806
4 2384 2381 2496 2016
4 1306 1437 1246 5000
4 357 1881 236 1941
4 1950 367 246 1886
4 151 152 1944 1883
4 1943 141 142 1887
4 1942 161 162 1882
4 1408 1409 1440 4644
4 1913 351 229 1926
4 2869 4943 4241 5032
4 1458 1036 1266 4329
4 1520 1636 1521 4624
4 975 1006 837 5051
4 2350 2358 2474 2027
4 2361 2360 2362 2012
4 211 1402 212 4560
4 2699 2756 2697 4621
4 2785 2717 2759 4698
4 888 713 801 4635
4 1884 226 225 1945
4 1549 1550 1547 4921
4 682 720 702 4940
4 1428 1470 251 1508
4 673 669 902 4719
4 2639 2721 2646 4803
4 4578 4687 3775 5050
4 2568 2707 2786 4853
4 248 249 370 1864
4 1866 1853 229 1926
4 2423 2034 2035 2028
4 2386 2376 2483 2165
4 2693 2688 2687 4822
4 2350 2129 2195 2027
4 1993 2353 1990 2114
4 2336 2338 2339 2000
4 2344 2118 1997 2119
4 188 187 1762 948
4 934 914 970 4740
4 2736 2738 2737 4964
4 2328 2330 2331 2054
4 2386 2165 2095 2180
4 1053 1450 1310 4157
4 1515 1514 1516 4791
4 2196 2054 2330 2052
4 2178 2077 2382 2026
4 810 933 960 4906
4 230 231 1449 4685
4 366 336 1828 1930
4 325 1825 356 1929
4 67 130 538 1933
4 1830 346 314 1932
4 539 144 81 1877
4 135 71 544 1939
4 1935 350 319 1812
4 1936 61 124 566
4 1823 248 309 1876
4 330 1940 360 1826
4 1826 238 298 1878
4 562 57 119 1931
4 87 150 562 1871
4 140 76 1874 554
4 1934 108 47 554
4 304 244 1828 1870
4 1825 293 234 1869
4 1873 160 98 538
4 224 282 1872 1830
4 1937 51 113 539
4 544 164 103 1880
4 287 228 1875 1812
4 566 154 92 1879
4 341 1938 370 1823
4 1686 1485 1756 4652
4 60 61 154 468
4 970 945 979 4768
4 645 891 892 4814
4 2429 2323 2504 2183
4 2055 2058 2327 2168
4 2357 2356 2467 2117
4 428 12 2270 2236
4 2033 2470 2166 2025
4 458 457 2774 4360
4 1018 770 975 5051
4 598 843 971 4477
4 1277 1440 1394 4864
4 2309 2154 1976 2161
4 2332 2330 2333 2196
4 346 404 224 4888
4 1106 1104 1374 4966
4 180 1014 1510 971
4 235 356 1929 357
4 1537 1535 1538 4667
4 1984 1982 2552 2112
4 469 154 61 468
4 2355 2354 2356 1991
4 1783 1764 1499 4842
4 2049 2499 2048 2050
4 800 713 689 5060
4 797 991 584 4827
4 2305 484 2507 2243
4 1409 262 263 1512
4 2374 2386 2479 2180
4 2065 2370 2064 2066
4 2339 2340 2342 1998
4 403 346 224 4888
4 2012 2360 2010 2013
4 569 948 983 4352
4 369 2280 451 2231
4 429 402 2273 428
4 1985 2555 1986 1984
4 709 681 963 4765
4 2356 2117 1991 2113
4 1750 1491 279 1471
4 1312 1027 1438 4727
4 2125 2335 2201 2123
4 1622 1722 1746 4631
4 2000 1998 2339 1999
4 2373 2177 2011 2009
4 792 802 809 4699
4 1143 1142 1154 5013
4 2359 2351 2360 2013
4 2496 2014 2045 2016
4 61 524 495 494
4 661 858 929 4896
4 690 714 732 4683
4 1972 498 519 497
4 2280 369 398 2231
4 2073 2061 2410 2062
4 2432 2430 2529 2109
4 1170 1385 1234 5036
4 9 1015 166 4532
4 273 1442 1486 4909
4 467 2739 468 4403
4 843 598 995 4477
4 2495 2412 2496 2045
4 2202 2124 2494 2076
4 1965 41 70 534
4 1352 1135 1140 4898
4 70 1965 534 503
4 2327 2442 2500 2058
4 2448 2005 2006 2004
4 1664 1768 1612 4965
4 2303 498 2523 2268
4 1740 275 274 1286
4 2350 2349 2351 2195
4 2774 2689 2571 4684
4 1871 151 150 1931
4 1934 140 141 1874
4 67 1873 68 1933
4 1937 143 144 1877
4 1935 349 228 1875
4 248 1938 247 1876
4 164 1939 163 1880
4 60 154 1936 1879
4 1940 237 238 1878
4 366 1870 245 1930
4 1442 273 1037 4909
4 2382 2402 2469 2026
4 2324 2327 2439 2168
4 1361 1364 1121 4808
4 2211 2541 2108 1957
4 998 908 572 4761
4 1675 1673 1674 4663
4 1030 270 271 1777
4 1872 225 224 1932
4 438 411 2298 437
4 1279 1750 279 1471
4 2009 2156 2006 2413
4 2204 2366 2076 2070
4 488 461 462 521
4 2002 2447 2005 2137
4 2370 2368 2389 2066
4 2202 2194 2453 2123
4 2342 2344 2345 1997
4 782 976 796 4737
4 631 873 628 5065
4 2378 2469 2470 2025
4 2016 2046 2384 2162
4 2630 2728 2626 5015
4 756 935 939 4989
4 1490 208 1782 1016
4 797 584 972 4827
4 2353 2398 2399 2114
4 994 792 809 4699
4 2354 2353 2482 1990
4 400 2291 452 2220
4 196 197 591 1747
4 2546 2083 2192 2215
4 1005 986 1022 4708
4 2340 2338 2341 2001
4 2393 2392 2499 2048
4 2374 2373 2375 2177
4 2314 2476 2509 2087
4 601 139 962 4657
4 2756 2650 2651 5026
4 714 713 888 4635
4 2392 2384 2412 2046
4 815 605 712 4908
4 2355 2357 2365 2116
4 2327 2326 2328 2055
4 2179 2019 2361 2012
4 144 145 51 1923
4 2000 2338 2001 2002
4 1020 828 827 4498
4 37 529 2229 499
4 2198 2049 2443 2047
4 486 2233 23 509
4 2347 2344 2463 2118
4 2359 2361 2364 2019
4 2346 2350 2352 2129
4 2332 2335 2444 2201
4 2786 13 479 4532
4 529 37 66 499
4 8 1472 250 4738
4 1646 1644 1733 5045
4 452 371 2291 400
4 1001 867 775 4442
4 2391 2370 2477 2064
4 2204 2117 2116 2357
4 1475 1164 1448 4674
4 350 228 229 1866
4 189 188 1504 590
4 486 23 52 509
4 1607 1708 1678 4937
4 2740 2738 2746 4476
4 150 572 149 4594
4 2060 2142 2396 2050
4 2014 2005 2008 2451
4 2542 2100 2106 2099
4 2206 2205 2431 2088
4 2217 524 32 494
4 1869 235 234 1929
4 2221 58 513 491
4 2375 2413 2493 2156
4 2223 500 68 535
4 2423 2464 2474 2028
4 2116 1991 1992 2355
4 1440 1349 1394 4864
4 279 278 1750 1279
4 2207 2110 2519 1969
4 263 264 1025 1505
4 2530 2416 2532 2098
4 2369 2065 2155 2076
4 2001 2127 2340 1998
4 2223 68 39 535
4 2707 2568 2784 4853
4 1780 1798 1489 4809
4 2379 2381 2382 2178
4 2411 2444 2453 2194
4 2317 2476 2519 2207
4 906 730 905 4606
4 2388 2077 2078 2032
4 569 186 187 1485
4 237 1949 358 1890
4 1891 60 59 1948
4 369 1951 368 1892
4 348 1885 227 1946
4 163 162 1889 1952
4 1888 143 49 1947
4 513 29 58 2221
4 2417 2042 2037 2133
4 417 416 2759 4632
4 2330 2329 2441 2052
4 2460 2083 2030 2189
4 2687 2764 2559 4821
4 2306 2102 2134 1979
4 2021 2376 2094 2165
4 2013 2019 2359 2020
4 1568 1731 1589 4974
4 2757 2685 2667 4773
4 2142 2152 2395 2057
4 2450 2365 2494 2124
4 1756 1774 1686 4652
4 1769 272 271 1426
4 2412 2045 2047 2046
4 2392 2412 2443 2047
4 654 655 910 5039
4 2072 2331 2054 2056
4 1500 268 267 1412
4 949 197 198 1495
4 1496 206 205 588
4 255 256 1273 1509
4 1038 1301 1462 4503
4 1743 1724 1615 4959
4 2331 2332 2444 2072
4 208 825 1782 1016
4 2127 2119 2128 2343
4 199 200 953 1503
4 365 394 2238 2281
4 2358 2020 2024 2027
4 2374 2375 2376 2094
4 438 355 384 2298
4 2201 2332 2196 2072
4 2341 2448 2492 2004
4 2318 2175 2219 2239
4 2167 2551 2216 2191
4 2365 2357 2366 2204
4 2424 2423 2454 2034
4 2397 2143 2163 2142
4 374 345 2273 429
4 2347 2120 1993 2118
4 2498 2396 2499 2050
4 1992 2348 1993 1994
4 2041 2043 2042 2406
4 2409 2391 2410 2062
4 422 366 421 4859
4 2197 2346 2129 2119
4 2094 2180 2374 2177
4 2470 2471 2508 2166
4 1006 975 770 5051
4 2808 410 409 4685
4 2445 1999 2122 2123
4 2341 2338 2447 2002
4 411 436 410 2276
4 1629 1799 1503 4736
4 2298 384 438 1961
4 2140 2138 2433 2081
4 2066 2389 2068 2148
4 2049 2051 2052 2441
4 1487 202 201 954
4 260 259 1502 1275
4 747 748 749 4849
4 2773 2802 2682 5034
4 2114 2399 2121 2203
4 1492 262 261 1408
4 2027 2474 2200 2028
4 276 277 1044 1764
4 1975 2295 370 452
4 1303 1302 1050 5023
4 2424 2456 2510 2132
4 2064 2068 2477 2174
4 1661 1660 1659 4871
4 2335 2334 2336 2125
4 2476 2207 2160 2080
4 2411 2453 2494 2202
4 2007 2009 2491 2010
4 2476 2160 2480 2080
4 2413 2448 2493 2006
4 2550 2190 2140 2081
4 2375 2094 2177 2156
4 501 502 2307 2264
4 2145 2143 2421 2144
4 151 57 150 1931
4 140 1934 141 47
4 1873 67 68 160
4 350 349 228 1935
4 51 50 144 1937
4 1938 248 247 370
4 154 61 60 1936
4 163 71 1939 164
4 238 359 1940 360
4 1870 366 245 244
4 2437 2234 437 1983
4 2079 2472 2179 2189
4 449 397 2209 2277
4 2408 2396 2498 2060
4 2372 2362 2373 2011
4 2565 2761 2792 4958
4 2530 2158 2098 2159
4 2369 2370 2390 2065
4 2403 2091 2121 2043
4 374 2273 1976 429
4 2032 2026 2031 2402
4 2360 2457 2491 2010
4 1501 204 203 958
4 2535 2138 2141 2139
4 490 489 517 1967
4 346 224 225 1932
4 574 198 199 1755
4 507 486 51 1954
4 2515 2161 2227 2214
4 2358 2351 2359 2020
4 492 493 2319 2267
4 2093 2416 2078 2098
4 1494 183 182 961
4 2025 2026 2469 2031
4 2077 2162 2383 2092
4 2444 2201 2194 2072
4 972 184 185 1507
4 2445 2339 2449 1999
4 2418 2035 2037 2036
4 2048 2392 2047 2046
4 2380 2451 2496 2014
4 1489 194 193 571
4 1484 258 257 1028
4 2808 2687 2559 4821
4 502 40 69 530
4 2342 2340 2343 2127
4 485 2320 2507 2243
4 2716 2759 2717 4698
4 2447 2337 2495 2137
4 1501 1753 1778 4930
4 1985 2436 2111 2115
4 2403 2426 2404 2091
4 1308 1303 1050 5023
4 2430 2112 2109 2205
4 1026 1334 1446 5055
4 2366 2367 2368 2070
4 2456 2455 2528 2090
4 943 195 196 1511
4 424 423 2556 4433
4 2109 2432 2088 2108
4 481 46 17 512
4 1510 181 180 971
4 2398 2347 2463 2120
4 594 890 807 4957
4 2075 2088 2509 2087
4 2013 2351 2195 2020
4 181 182 598 1765
4 1385 1170 1384 5036
4 2761 2726 2792 4958
4 2348 2354 2355 1992
4 2451 2380 2493 2008
4 2399 2398 2400 2203
4 2422 2418 2423 2035
4 906 572 908 4761
4 1891 90 122 563
4 1949 296 328 1821
4 548 111 79 1947
4 1815 317 285 1885
4 339 307 1818 1892
4 550 133 101 1952
4 1784 1486 1770 4909
4 2016 2381 2015 2178
4 1953 2316 2135 2105
4 2237 493 59 1958
4 2387 2363 2415 1987
4 200 201 595 1759
4 995 791 789 4870
4 1681 1686 1682 5047
4 2346 2352 2463 2197
4 2227 429 346 2278
4 2324 2323 2325 2169
4 2494 2453 2450 2202
4 356 235 1929 234
4 2088 2509 2087 2108
4 2451 2495 2496 2014
4 2342 2127 1997 1998
4 2448 2413 2492 2006
4 2362 2011 2022 2012
4 2063 2391 2062 2064
4 2410 2420 2427 2073
4 2083 2461 2089 2215
4 2369 2390 2411 2155
4 800 689 877 5060
4 2018 2378 2021 2025
4 1949 328 296 1803
4 122 90 1891 542
4 339 307 1892 1804
4 79 111 556 1947
4 317 285 1885 1811
4 536 101 133 1952
4 1963 48 19 508
4 452 2300 2321 2263
4 2061 2500 2058 2069
4 2442 2056 2059 2058
4 498 472 65 519
4 487 521 53 461
4 2310 2426 2521 2111
4 2328 2055 2053 2054
4 524 61 32 494
4 2185 2483 2033 2165
4 2186 2217 2216 2312
4 1005 1022 788 4708
4 1987 2205 2387 2113
4 444 445 2511 2258
4 2114 2398 2203 2120
4 2437 437 2525 1983
4 2124 2204 2116 2365
4 2325 2429 2438 2187
4 492 59 493 1958
4 1991 2354 1990 1992
4 2041 2037 2036 2407
4 2193 2003 2446 2334
4 2369 2370 2065 2368
4 2000 2125 2336 2003
4 2237 59 30 1958
4 1958 59 30 518
4 2410 2428 2500 2061
4 2383 2384 2385 2162
4 356 438 2283 1981
4 2334 2193 2003 2126
4 2143 2408 2144 2060
4 1963 482 48 508
4 2333 2443 2446 2198
4 1450 1249 1245 4955
4 431 2306 2516 2134
4 2396 2499 2050 2393
4 2200 2464 2036 2028
4 1488 266 265 1444
4 1970 69 40 532
4 2464 2352 2474 2200
4 1958 492 59 518
4 532 1970 69 501
4 59 30 525 2237
4 2296 1969 443 360
4 2054 2328 2055 2056
4 2041 2203 2043 2400
4 207 208 825 1782
4 2333 2126 2196 2198
4 2120 2463 2197 2118
4 2341 2004 2001 2002
4 2208 2171 2435 2184
4 2761 2663 2662 4834
4 254 253 1493 1420
4 446 2245 2287 393
4 502 2224 40 530
4 2483 2470 2484 2033
4 2364 2019 2179 2030
4 2435 2308 2208 2184
4 2132 2510 2153 2154
4 2116 2117 1991 2355
4 2338 2447 2002 2337
4 2479 2039 2029 2180
4 2560 404 403 4888
4 502 69 40 1970
4 2021 2033 2483 2165
4 2197 2129 2352 2200
4 56 27 490 517
4 2441 2329 2498 2051
4 192 191 1752 973
4 2467 2074 2117 2206
4 493 59 525 2237
4 2446 2003 2337 2334
4 67 514 1956 499
4 2336 2339 2445 1999
4 78 1888 548 79
4 284 1885 1815 285
4 100 1889 550 101
4 1891 89 90 563
4 306 1892 1818 307
4 1890 295 296 1821
4 548 110 111 1947
4 550 132 133 1952
4 316 317 1815 1946
4 121 122 563 1948
4 1951 338 1818 339
4 1949 327 1821 328
4 1789 267 266 1035
4 2383 2381 2384 2162
4 2394 2393 2395 2057
4 2326 2053 2055 2067
4 2104 2539 2082 2190
4 1470 10 251 1767
4 2038 2022 2372 2029
4 2356 1991 2117 2355
4 2528 2461 2533 2089
4 2067 2169 2168 2324
4 2328 2331 2442 2056
4 2360 2012 2019 2013
4 17 1978 481 512
4 2354 1988 1991 1990
4 348 2271 432 377
4 2338 2340 2339 2000
4 2376 2378 2483 2021
4 2356 2363 2387 2113
4 2357 2366 2204 2367
4 2406 2417 2537 2042
4 445 2304 2511 2258
4 2401 2038 2022 2372
4 1970 502 69 501
4 2084 2422 2153 2035
4 2480 2317 2511 2160
4 2418 2407 2464 2036
4 192 193 974 1751
4 2340 2338 2001 2000
4 2488 2386 2489 2095
4 2362 2360 2491 2010
4 2492 2007 2457 2130
4 2416 2485 2486 2093
4 2169 2325 2067 2187
4 2073 2174 2420 2175
4 2325 2323 2429 2183
4 1498 191 190 581
4 2300 452 453 2263
4 2445 2449 2450 2122
4 952 194 195 1766
4 2342 1997 1996 1998
4 2419 2084 2214 2133
4 2018 2026 2469 2025
4 1802 1869 326 1929
4 305 1870 1930 1809
4 1931 120 1871 547
4 1933 99 1873 543
4 1872 315 1810 1932
4 555 109 1934 1874
4 80 556 1937 1877
4 318 1811 1935 1875
4 536 102 1880 1939
4 1936 91 542 1879
4 308 1938 1876 1804
4 1803 1940 297 1878
4 1428 251 252 1508
4 2387 2415 2430 1987
4 2348 2355 2466 1992
4 2117 2356 2355 2357
4 2547 2146 2145 2144
4 2454 2024 2131 2034
4 2364 2361 2472 2179
4 2064 2391 2062 2174
4 2452 2492 2457 2130
4 594 807 997 4957
4 2199 2349 2128 2195
4 2022 2371 2401 2372
4 2070 2368 2066 2071
4 2199 2013 2351 2195
4 36 1972 498 519
4 2478 2481 2304 2150
4 2381 2016 2162 2178
4 2333 2330 2441 2052
4 2491 2457 2492 2007
4 495 33 531 1964
4 140 962 139 4657
4 2343 2340 2452 2127
4 1763 261 260 1034
4 2156 2493 2008 2006
4 2360 2019 2359 2013
4 2134 2214 2133 2516
4 2024 2474 2027 2028
4 2316 2426 2503 2105
4 2322 2170 2210 2172
4 370 399 2295 1975
4 970 979 722 4768
4 983 857 856 4904
4 2349 2343 2452 2128
4 2081 2434 2082 2039
4 2378 2376 2377 2021
4 2449 1995 2450 2122
4 2477 2481 2150 2068
4 428 2236 2270 373
4 2202 2411 2194 2155
4 2426 2316 2521 2105
4 1996 2345 1994 1997
4 2293 350 1953 434
4 2018 2015 2017 2379
4 2045 2193 2137 2495
4 2399 2403 2404 2121
4 437 436 2276 2234
4 1976 374 429 2227
4 2328 2326 2329 2053
4 1413 269 270 1497
4 2182 2385 2092 2485
4 2121 1989 2399 2114
4 507 51 22 1954
4 502 1965 70 503
4 2347 2344 2118 2345
4 1990 2482 1988 1989
4 2345 2348 2466 1994
4 1995 2466 2449 2450
4 2346 2349 2350 2129
4 1037 1480 1442 4909
4 47 481 516 2235
4 1052 252 253 1757
4 2377 2017 2015 2379
4 2060 2498 2051 2050
4 2427 2308 2428 2184
4 2077 2026 2032 2402
4 2129 2346 2128 2119
4 2182 2385 2173 2092
4 516 18 47 2235
4 2406 2400 2407 2041
4 2409 2059 2157 2063
4 2333 2443 2198 2441
4 2443 2412 2446 2047
4 2102 1979 2512 2135
4 1965 70 41 502
4 1981 438 384 1961
4 1993 1994 2347 2118
4 1826 297 1940 1878
4 1871 562 120 1931
4 1874 109 1934 554
4 1869 1825 326 1929
4 1870 1828 305 1930
4 99 1873 538 1933
4 315 1872 1830 1932
4 539 80 1937 1877
4 102 544 1880 1939
4 1875 1935 318 1812
4 566 91 1936 1879
4 308 1938 1823 1876
4 2379 2380 2381 2015
4 57 28 2222 523
4 2045 2412 2496 2384
4 2362 2373 2011 2491
4 421 2806 422 4859
4 2495 2137 2045 2014
4 2355 2116 2117 2357
4 2103 2531 2213 1959
4 431 2256 348 432
4 2045 2016 2046 2384
4 2437 2234 436 437
4 2016 2045 2496 2384
4 2234 2437 2242 1983
4 2373 2375 2156 2413
4 2170 2168 2169 2324
4 2329 2053 2051 2052
4 2332 2335 2201 2334
4 2399 2353 2114 2482
4 2176 2239 2514 2209
4 1452 277 278 1506
4 2358 2359 2458 2020
4 2373 2156 2009 2413
4 2401 2038 2371 2022
4 2326 2053 2067 2181
4 1999 2000 2125 2336
4 2157 2497 2409 2063
4 2477 2389 2481 2068
4 2349 2343 2128 2346
4 2442 2331 2497 2056
4 449 2209 396 2277
4 2476 2317 2480 2160
4 2026 2077 2382 2402
4 2390 2157 2411 2155
4 2070 2368 2065 2066
4 2397 2408 2421 2143
4 2441 2052 2049 2198
4 2409 2390 2391 2063
4 2403 2400 2406 2043
4 502 40 2224 1970
4 2048 2057 2393 2173
4 2335 2336 2445 2125
4 2497 2157 2411 2390
4 2194 2453 2335 2444
4 577 957 160 4854
4 2454 2358 2458 2024
4 2117 2113 2467 2206
4 2381 2382 2178 2383
4 2409 2062 2059 2063
4 2372 2373 2374 2177
4 2358 2454 2474 2024
4 2446 2193 2334 2126
4 2345 2348 1994 2347
4 2385 2182 2394 2485
4 2018 2178 2015 2379
4 2012 2362 2011 2010
4 492 58 2221 491
4 2374 2180 2029 2177
4 1960 401 453 2290
4 2378 2379 2469 2018
4 2404 2426 2436 2115
4 2069 2439 2168 2170
4 2322 2300 2323 2172
4 2114 1993 2353 2120
4 2377 2015 2380 2379
4 1015 600 813 4812
4 2371 2362 2372 2022
4 2387 2356 2113 2467
4 53 24 521 487
4 2474 2423 2028 2454
4 2194 2335 2453 2123
4 531 62 33 495
4 2017 2493 2377 2380
4 2130 2341 2004 2001
4 2425 2465 2507 2107
4 2396 2408 2397 2060
4 2115 2404 2121 1989
4 2425 2152 2107 2100
4 2332 2201 2196 2126
4 2054 2196 2331 2072
4 422 244 366 4859
4 1457 1044 1284 4842
4 2048 2392 2046 2173
4 450 369 451 2231
4 2300 453 2504 2257
4 2457 2007 2199 2130
4 2116 1995 2124 2365
4 2459 2364 2460 2030
4 2337 2003 2336 2334
4 2166 2031 2471 2097
4 2376 2094 2375 2377
4 2177 2373 2156 2009
4 2537 2042 2102 2085
4 2429 2146 2183 2188
4 528 60 31 1980
4 2411 2444 2194 2497
4 1996 2466 1995 1994
4 2092 2388 2077 2078
4 584 183 184 1761
4 2008 2493 2017 2380
4 2142 2396 2397 2060
4 2030 2364 2019 2023
4 2382 2469 2379 2026
4 2157 2411 2194 2497
4 1996 2449 2345 2342
4 2383 2385 2485 2092
4 2369 2366 2368 2070
4 2375 2156 2493 2377
4 2053 2326 2440 2181
4 2196 2332 2330 2331
4 2199 2457 2349 2351
4 2465 2164 2107 2163
4 2402 2388 2405 2032
4 2390 2063 2155 2065
4 2491 2009 2011 2010
4 2384 2046 2392 2385
4 2072 2444 2331 2497
4 2405 2388 2416 2078
4 2057 2050 2048 2393
4 2043 2203 2121 2400
4 2467 2431 2468 2206
4 2122 2450 2202 2124
4 452 453 2263 2220
4 2446 2193 2412 2495
4 2381 2380 2496 2016
4 2344 2346 2463 2119
4 2236 428 1976 373
4 2014 2008 2015 2380
4 398 369 450 2231
4 2165 2376 2094 2180
4 2018 2377 2378 2379
4 2180 2386 2376 2374
4 2447 2137 2495 2451
4 1995 2449 1996 2122
4 2459 2023 2030 2040
4 2502 2421 2547 2145
4 2201 2335 2194 2123
4 2003 2336 2338 2337
4 2094 2376 2021 2017
4 2497 2409 2063 2390
4 2417 2407 2418 2037
4 2385 2173 2393 2394
4 2540 2031 2086 2097
4 2013 2360 2457 2351
4 401 372 453 2290
4 2199 2128 2452 2130
4 2126 2334 2446 2333
4 2024 2023 2458 2131
4 2048 2499 2443 2392
4 68 500 2223 501
4 2006 2007 2492 2004
4 2446 2337 2003 2193
4 2353 1990 2354 2348
4 2466 1996 2345 1994
4 2008 2493 2156 2017
4 2367 2074 2357 2467
4 1996 2449 2466 2345
4 2370 2391 2390 2064
4 2439 2168 2058 2069
4 2059 2500 2058 2061
4 2420 2477 2478 2174
4 1999 2445 2125 2123
4 29 492 1958 518
4 2362 2022 2371 2361
4 2363 2354 2482 1988
4 2077 2388 2382 2402
4 2485 2092 2182 2093
4 2377 2156 2493 2017
4 2450 1995 2466 2365
4 2130 2452 2492 2341
4 2155 2494 2411 2369
4 2221 2248 492 491
4 492 58 29 2221
4 2739 2737 2738 4964
4 2339 2342 2449 1998
4 2057 2395 2396 2393
4 2318 448 2514 2239
4 2126 2332 2334 2333
4 2365 2124 2366 2494
4 1869 326 294 1802
4 337 305 1930 1809
4 120 88 1871 547
4 1933 131 99 543
4 283 315 1810 1872
4 77 109 555 1874
4 556 112 80 1937
4 1811 318 286 1875
4 134 102 536 1939
4 542 123 91 1936
4 1938 308 340 1804
4 1940 297 329 1803
4 2071 2074 2468 2075
4 2343 1997 2344 2342
4 2448 2493 2008 2451
4 2492 2007 2413 2491
4 2050 2142 2396 2057
4 2349 2457 2199 2452
4 2043 2085 2042 2406
4 2412 2193 2045 2495
4 2004 2341 2448 2447
4 2452 2341 2001 2340
4 2358 2351 2195 2350
4 2450 2453 2445 2122
4 2393 2392 2173 2385
4 2466 2116 2355 2365
4 2193 2446 2337 2495
4 2400 2203 2398 2462
4 490 489 463 517
4 2425 2395 2465 2152
4 2398 2114 2353 2120
4 2196 2052 2333 2198
4 2486 2093 2182 2100
4 2352 2350 2474 2027
4 2207 2476 2160 2317
4 2059 2497 2157 2056
4 2525 1983 1961 1982
4 2398 2462 2120 2463
4 2157 2194 2411 2155
4 432 2256 348 377
4 2330 2054 2196 2331
4 2328 2330 2054 2329
4 2197 2463 2462 2352
4 2076 2369 2065 2070
4 2410 2061 2073 2184
4 2122 1995 2450 2124
4 2457 2199 2007 2010
4 2017 2377 2021 2018
4 2498 2440 2408 2060
4 2039 2479 2095 2180
4 2331 2072 2157 2056
4 503 70 502 477
4 476 502 70 477
4 492 466 58 465
4 475 500 68 501
4 2041 2400 2407 2462
4 1999 1996 2449 2122
4 2029 2372 2479 2374
4 2051 2181 2053 2329
4 2428 2439 2500 2069
4 2359 2019 2364 2458
4 2092 2383 2388 2485
4 2324 2325 2326 2067
4 506 50 21 2226
4 2146 2144 2438 2187
4 1991 2356 2113 1988
4 2062 2073 2174 2420
4 2334 2003 2125 2126
4 2322 2324 2439 2170
4 2045 2047 2193 2412
4 2137 2005 2014 2451
4 2130 2492 2007 2004
4 2442 2409 2500 2059
4 2352 2464 2462 2200
4 2051 2498 2440 2329
4 2048 2443 2049 2047
4 2022 2372 2029 2011
4 2036 2407 2464 2462
4 2336 2338 2000 2003
4 2183 2323 2172 2169
4 2095 2082 2488 2039
4 2383 2162 2077 2178
4 2103 2250 505 1959
4 2397 2143 2142 2060
4 500 475 68 474
4 2361 2472 2179 2371
4 2020 2023 2458 2024
4 2440 2326 2067 2181
4 2128 2349 2199 2452
4 2442 2059 2497 2409
4 2484 2167 2185 2033
4 2074 2117 2204 2357
4 2072 2194 2444 2157
4 2458 2454 2024 2131
4 437 436 411 2276
4 2361 2022 2179 2012
4 2475 2476 2080 2075
4 58 492 465 491
4 2044 2464 2036 2200
4 2122 2202 2453 2123
4 2156 2375 2094 2017
4 2179 2022 2371 2079
4 2002 2000 2338 2003
4 39 1970 532 501
4 364 446 2287 393
4 2189 2473 2192 2139
4 2407 2036 2041 2044
4 2181 2144 2408 2060
4 2009 2006 2007 2413
4 2377 2021 2376 2017
4 2326 2053 2440 2329
4 2222 490 57 523
4 2446 2193 2198 2047
4 2128 2452 2130 2127
4 2372 2029 2011 2177
4 2173 2057 2393 2394
4 2018 2026 2178 2379
4 2357 2074 2117 2467
4 2349 2128 2195 2129
4 2400 2041 2203 2044
4 2002 2003 2337 2137
4 1995 2466 1992 1994
4 1986 1988 2487 1989
4 2483 2470 2033 2378
4 2521 1953 2136 2105
4 1958 492 29 2221
4 2352 2044 2197 2200
4 2038 2371 2022 2079
4 2182 2057 2173 2394
4 2434 2401 2479 2039
4 2118 1994 2345 1997
4 2020 2358 2195 2027
4 2157 2194 2444 2497
4 2499 2049 2051 2050
4 2015 2380 2381 2016
4 2051 2440 2181 2329
4 425 450 369 451
4 2470 2508 2484 2166
4 2390 2063 2157 2155
4 2454 2024 2034 2028
4 502 2307 2264 2524
4 2334 2125 2201 2126
4 2044 2203 2398 2120
4 2190 1972 2104 2303
4 1992 2116 2355 1995
4 2204 2366 2124 2076
4 2463 2044 2120 2197
4 2193 2337 2003 2137
4 2475 2468 2476 2075
4 2376 2165 2386 2180
4 2127 1997 2119 2343
4 2446 2193 2126 2198
4 1972 2229 36 498
4 2168 2326 2055 2067
4 1987 2113 2363 1988
4 2008 2448 2005 2006
4 2378 2033 2021 2025
4 2015 2008 2017 2380
4 2202 2494 2155 2076
4 2074 2204 2070 2367
4 2447 2005 2004 2002
4 2385 2162 2173 2092
4 2130 2001 2127 2340
4 2019 2359 2020 2023
4 2348 1993 1990 1992
4 2181 2498 2051 2060
4 2074 2070 2071 2367
4 2419 2418 2422 2084
4 2498 2181 2440 2060
4 2092 2485 2078 2093
4 1940 329 297 1826
4 562 120 88 1871
4 77 109 1874 554
4 1825 326 294 1869
4 337 305 1828 1930
4 538 131 99 1933
4 1872 283 315 1830
4 1937 112 80 539
4 544 102 134 1939
4 318 286 1875 1812
4 123 91 1936 566
4 1938 340 308 1823
4 498 499 2523 2229
4 2228 42 71 526
4 2328 2055 2442 2327
4 1990 2482 1989 2114
4 348 2256 431 2269
4 2415 1987 1986 1984
4 502 475 69 501
4 475 502 69 476
4 2213 2236 2538 2154
4 445 446 2304 2245
4 2459 2455 2023 2040
4 1760 190 189 946
4 2278 346 2227 375
4 2308 2427 2514 2176
4 2182 2152 2057 2394
4 24 521 487 1973
4 2062 2059 2061 2409
4 374 429 2227 2278
4 2363 1986 1987 1988
4 2035 2037 2084 2418
4 2361 2362 2022 2012
4 1491 11 279 1471
4 2168 2327 2326 2324
4 2031 2025 2166 2471
4 2412 2045 2046 2384
4 1950 337 1930 1809
4 1802 326 1941 1929
4 131 1933 1942 543
4 315 1810 1932 1945
4 120 1931 1944 547
4 1943 109 1934 555
4 1870 305 1886 1809
4 1881 1869 294 1802
4 1882 1873 99 543
4 88 1871 547 1883
4 77 555 1887 1874
4 283 1810 1884 1872
4 2480 2389 2148 2481
4 2481 2477 2150 2478
4 2223 39 68 501
4 414 441 358 415
4 2313 481 2502 2244
4 2148 2080 2480 2160
4 2115 1986 2487 1989
4 1956 2315 2140 2141
4 2189 2079 2472 2473
4 2372 2479 2401 2029
4 35 1972 519 497
4 2314 2432 2541 2108
4 2476 2087 2207 2080
4 2157 2497 2059 2409
4 532 68 39 501
4 31 60 525 493
4 2389 2066 2071 2148
4 2030 2459 2040 2083
4 2023 2458 2455 2459
4 2168 2058 2327 2439
4 2442 2055 2056 2058
4 2377 2378 2021 2018
4 2086 2101 2540 2097
4 2205 2430 1987 2387
4 2124 1995 2450 2365
4 2192 2189 2083 2546
4 2095 2489 2185 2165
4 2472 2414 2473 2079
4 1963 19 48 483
4 510 48 19 483
4 1889 100 550 1882
4 1888 78 548 1887
4 563 1891 89 1883
4 284 1885 1884 1815
4 306 1892 1886 1818
4 1881 295 1890 1821
4 550 1942 132 1952
4 548 1943 110 1947
4 1945 316 1815 1946
4 1948 563 121 1944
4 1951 338 1950 1818
4 1949 327 1941 1821
4 2492 2130 2341 2004
4 2087 2314 2110 2108
4 358 2266 387 1957
4 2423 2035 2418 2464
4 2308 2435 2428 2184
4 48 482 1963 483
4 2477 2068 2064 2066
4 2417 2418 2419 2037
4 425 450 424 369
4 492 29 58 518
4 502 70 41 530
4 2375 2156 2377 2017
4 2049 2499 2443 2048
4 446 2245 393 2238
4 2487 2415 2363 1986
4 2482 2487 1988 1989
4 1974 439 1981 2249
4 2376 2094 2377 2017
4 2326 2325 2440 2067
4 2031 2086 2032 2402
4 2266 358 441 1957
4 486 487 2518 2233
4 2434 2479 2488 2039
4 2458 2023 2364 2459
4 2331 2157 2497 2056
4 2424 2034 2131 2132
4 2155 2494 2369 2076
4 438 439 2302 1981
4 2066 2368 2389 2071
4 2513 2217 494 2312
4 2056 2059 2497 2442
4 1037 273 274 1784
4 2312 2186 2217 2255
4 2038 2401 2039 2029
4 2175 2553 2073 2176
4 2413 2007 2009 2491
4 2292 388 359 441
4 38 67 514 1956
4 432 405 348 431
4 376 1962 347 2279
4 2064 2370 2477 2066
4 2439 2327 2500 2058
4 2388 2077 2032 2402
4 2391 2063 2390 2064
4 510 20 49 2232
4 2299 2456 2528 2090
4 2224 1965 41 502
4 2232 49 510 483
4 2346 2197 2463 2119
4 296 297 1890 1803
4 90 91 1891 542
4 1892 307 308 1804
4 1889 101 102 536
4 1811 317 318 1946
4 80 79 556 1888
4 329 328 1949 1803
4 542 122 123 1948
4 340 339 1951 1804
4 536 133 134 1952
4 285 286 1885 1811
4 111 112 556 1947
4 2144 2438 2187 2181
4 1981 438 2283 384
4 2252 432 2135 433
4 2084 2515 2554 2419
4 2488 2386 2095 2479
4 2087 2519 2314 2476
4 493 525 31 2237
4 2177 2373 2375 2156
4 2458 2358 2020 2024
4 2090 2528 2089 2040
4 2464 2044 2462 2200
4 2197 2462 2044 2352
4 2416 2388 2485 2078
4 2325 2067 2187 2181
4 2303 497 498 1972
4 2005 2448 2008 2451
4 1754 205 204 1004
4 2455 2131 2023 2040
4 1988 2363 2487 2482
4 2421 2408 2438 2144
4 2392 2048 2393 2173
4 38 500 2223 535
4 2159 2240 2311 1973
4 2389 2475 2480 2148
4 2494 2124 2366 2076
4 2034 2424 2153 2132
4 2544 2159 1967 2212
4 2193 2337 2137 2495
4 2017 2377 2018 2379
4 1014 11 180 1779
4 2122 2453 2445 2123
4 368 397 2282 450
4 1969 2296 389 360
4 429 430 2515 2227
4 2415 1986 1987 2363
4 2325 2438 2440 2187
4 207 206 1758 1000
4 1490 10 208 1016
4 2248 2517 492 491
4 2282 398 450 1968
4 2407 2036 2044 2462
4 405 432 348 406
4 1953 379 350 2293
4 1962 375 430 2279
4 296 1949 1890 1821
4 122 1891 563 1948
4 1818 1951 339 1892
4 1885 1815 317 1946
4 1888 548 79 1947
4 101 1889 550 1952
4 2120 2462 2044 2463
4 2400 2041 2044 2462
4 2198 2443 2446 2047
4 2218 2207 443 1969
4 2128 2452 2127 2343
4 2302 2112 1982 2249
4 2177 2011 2372 2373
4 2430 2302 2529 2249
4 428 2270 344 373
4 2448 2005 2004 2447
4 2160 2149 2258 2511
4 2529 2249 2211 2109
4 2436 1985 1986 2115
4 498 65 36 519
4 2070 2368 2071 2367
4 2409 2410 2500 2061
4 439 385 2297 1974
4 2389 2477 2370 2066
4 449 2209 397 1968
4 2032 2158 2078 2405
4 2363 2113 2356 1988
4 59 493 467 492
4 466 59 467 492
4 1981 438 1961 1982
4 2044 2398 2203 2462
4 2026 2382 2178 2379
4 2466 2348 1992 1994
4 1890 1949 296 1803
4 542 1891 122 1948
4 1892 1951 339 1804
4 1811 1885 317 1946
4 1888 79 556 1947
4 536 1889 101 1952
4 2086 2505 2031 2540
4 2333 2446 2126 2198
4 457 482 48 483
4 2184 2176 2073 2427
4 2257 2504 2183 2188
4 392 1966 445 2286
4 2335 2201 2194 2444
4 453 15 2504 1960
4 1979 432 2271 377
4 2030 2364 2023 2459
4 2474 2200 2352 2027
4 2341 2130 2452 2001
4 2023 2364 2019 2458
4 2067 2325 2440 2181
4 2431 2467 2387 2206
4 2167 2186 2549 2185
4 2433 2401 2434 2081
4 2096 2095 2082 2488
4 2534 1984 1983 2525
4 275 276 1457 1499
4 2394 2395 2425 2152
4 432 2512 2135 433
4 2141 2140 2138 2315
4 423 450 368 424
4 2350 2195 2358 2027
4 2331 2196 2332 2072
4 398 369 2282 450
4 978 185 186 1756
4 2490 2549 2312 2186
4 39 2223 1970 501
4 1796 269 268 1048
4 2205 2387 2113 2206
4 2109 2431 2432 2430
4 2414 2433 2535 2138
4 2025 2469 2470 2471
4 2224 2524 1965 502
4 2245 446 2151 2238
4 2401 2038 2372 2029
4 437 354 2276 411
4 2203 2399 2121 2400
4 502 2524 1965 503
4 2469 2402 2471 2031
4 2271 432 1979 378
4 2095 2489 2165 2386
4 2219 1955 2318 2239
4 2310 436 2437 2242
4 2189 2460 2083 2546
4 1949 1940 329 1803
4 1948 123 542 1936
4 340 1951 1938 1804
4 112 556 1947 1937
4 134 536 1952 1939
4 1811 286 1885 1875
4 297 1890 1803 1878
4 542 91 1891 1879
4 1892 308 1876 1804
4 1889 102 1880 536
4 1888 556 80 1877
4 1946 318 1811 1935
4 2201 2335 2125 2334
4 2525 1984 1983 1982
4 2531 2103 505 1959
4 2371 2414 2472 2079
4 2479 2039 2401 2029
4 2502 482 2536 2241
4 1984 2415 1987 2112
4 2302 1982 1981 2249
4 2458 2454 2131 2455
4 519 471 64 497
4 2470 2166 2025 2471
4 502 41 2224 530
4 2126 2196 2332 2333
4 496 531 34 1964
4 2119 1997 2344 2343
4 490 2301 2506 2212
4 2440 2325 2187 2181
4 368 397 449 2277
4 2426 2105 2111 2091
4 2227 1962 375 430
4 430 431 2516 1962
4 1442 272 273 1486
4 444 445 2258 1966
4 2030 2179 2472 2189
4 2473 2189 2079 2139
4 3 12 13 520
4 2135 2512 2102 2085
4 13 12 3 2270
4 2422 2034 2153 2035
4 2116 2466 1995 2365
4 1959 12 1 520
4 2174 2478 2175 2150
4 2109 2431 2205 2088
4 2181 2408 2440 2060
4 2234 383 2276 437
4 2481 2068 2148 2149
4 2399 2404 2482 1989
4 2164 2501 2147 2163
4 2477 2420 2391 2174
4 2180 2376 2094 2374
4 2235 2241 2502 2244
4 2417 2042 2406 2407
4 398 450 1968 2231
4 2180 2029 2479 2374
4 2096 2095 2489 2185
4 433 2316 2512 2135
4 2419 2515 2516 2214
4 2227 429 1976 2161
4 2327 2326 2055 2168
4 2383 2162 2385 2092
4 2292 388 441 1957
4 2503 2085 2091 2043
4 2309 1976 429 2161
4 1414 264 265 1797
4 2406 2042 2041 2407
4 1977 2305 2232 2164
4 2537 2042 2133 2102
4 2436 1986 2487 2115
4 447 448 2318 1955
4 1959 2531 2213 2236
4 2314 442 2519 2110
4 1990 2353 1993 2348
4 490 27 1967 517
4 2174 2068 2477 2150
4 2468 2074 2206 2075
4 15 14 2 2290
4 2422 2423 2424 2034
4 2323 2322 2169 2324
4 2506 2405 2530 2158
4 2304 2481 2511 2149
4 2466 1992 2355 1995
4 428 429 2309 1976
4 484 20 49 515
4 489 490 2506 1967
4 2219 2151 2526 2238
4 2143 2397 2408 2060
4 397 368 449 450
4 60 31 1980 493
4 2072 2331 2157 2497
4 2234 1961 383 437
4 2437 2234 2242 436
4 2388 2077 2383 2092
4 450 423 368 449
4 54 25 488 521
4 2490 2312 2545 2255
4 2036 2418 2035 2464
4 126 125 1915 561
4 93 94 1855 561
4 1856 299 300 1822
4 1913 321 320 1816
4 546 83 82 1852
4 1805 342 343 1912
4 1850 74 75 559
4 545 105 104 1854
4 96 97 1848 537
4 86 85 564 1847
4 1909 313 312 1820
4 292 291 1831 1845
4 1819 303 302 1846
4 1916 332 331 1822
4 546 114 115 1911
4 1853 288 289 1816
4 1914 137 136 545
4 1851 310 311 1805
4 559 106 107 1910
4 1908 129 128 537
4 1820 281 280 1849
4 564 117 118 1907
4 1831 323 324 1905
4 334 335 1819 1906
4 2102 2133 2548 2134
4 1975 370 451 452
4 2367 2074 2467 2468
4 2542 2254 2320 2518
4 15 1960 2247 2188
4 2371 2038 2401 2414
4 1980 2217 494 2216
4 1941 327 1881 1821
4 1944 563 89 1883
4 1886 1950 338 1818
4 1882 1942 132 550
4 1815 1884 284 1945
4 1887 1943 110 548
4 2414 2038 2138 2079
4 2548 2306 2102 2134
4 502 2224 2524 2264
4 1972 497 2225 2104
4 400 452 1975 2220
4 2125 2336 2003 2334
4 432 2271 349 378
4 2233 487 24 509
4 2505 2471 2031 2540
4 2456 2531 2538 2213
4 451 2321 1975 452
4 2071 2074 2367 2475
4 2386 2483 2489 2165
4 534 1965 42 503
4 450 397 2282 1968
4 2270 12 1 2236
4 497 496 2225 2522
4 443 444 2317 2218
4 2061 2410 2062 2409
4 2465 2397 2501 2163
4 15 2 0 2290
4 439 438 356 1981
4 2206 2468 2075 2088
4 2283 385 356 1981
4 2499 2051 2498 2050
4 2127 2452 2130 2340
4 2011 2022 2372 2362
4 2395 2396 2142 2057
4 327 1881 1802 1941
4 547 1944 89 1883
4 338 1950 1886 1809
4 132 1942 1882 543
4 1884 1810 284 1945
4 555 1943 110 1887
4 2137 2447 2005 2451
4 450 449 397 1968
4 2527 480 2313 2188
4 431 2256 347 2269
4 2107 2465 2163 2152
4 2302 439 2529 2249
4 2313 2146 2527 2188
4 2152 2163 2142 2395
4 2401 2039 2081 2038
4 2054 2053 2328 2329
4 2256 1962 347 376
4 2349 2199 2351 2195
4 2204 2366 2070 2367
4 2536 483 2260 1963
4 2512 2503 2537 2085
4 1996 2345 1997 2342
4 2482 1990 2353 2114
4 481 2235 2502 2244
4 2397 2421 2501 2143
4 2023 2359 2020 2458
4 488 2230 2159 1973
4 494 32 2217 1980
4 2104 497 2522 2303
4 2213 2456 2090 2132
4 2510 2456 2538 2154
4 2084 2419 2037 2133
4 452 370 425 426
4 370 425 451 452
4 474 499 473 67
4 437 438 2525 1961
4 2157 2444 2072 2497
4 1978 480 2247 2188
4 2068 2477 2389 2066
4 2443 2048 2392 2047
4 2501 2164 2465 2163
4 2424 2454 2455 2131
4 2489 2490 2488 2096
4 1996 2449 2342 1998
4 2121 2403 2043 2400
4 2131 2455 2090 2040
4 2540 2471 2031 2097
4 2033 2484 2167 2166
4 2305 2501 2164 2465
4 2301 491 2517 2101
4 2410 2391 2420 2062
4 447 2238 394 1955
4 2399 2403 2121 2400
4 2212 2301 2101 2222
4 2455 2131 2090 2132
4 2513 494 2217 2216
4 500 499 474 67
4 2456 2424 2455 2132
4 2034 2423 2454 2028
4 2430 1987 2112 2205
4 2397 2465 2395 2163
4 2431 2109 2205 2430
4 439 1981 385 1974
4 2232 510 19 483
4 2455 2459 2528 2040
4 439 438 413 356
4 413 438 412 356
4 25 488 521 1973
4 347 1962 2256 431
4 2074 2071 2468 2475
4 1970 2264 502 501
4 2152 2395 2057 2394
4 1978 2244 2313 2188
4 2377 2094 2375 2017
4 428 1976 373 2273
4 2366 2369 2076 2070
4 2154 2510 2153 2161
4 2253 2289 367 396
4 2098 2416 2078 2158
4 2167 2513 2551 2549
4 2337 2447 2002 2137
4 2354 2482 1988 1990
4 2470 2033 2378 2025
4 2307 2473 2520 2246
4 1 3 12 2270
4 12 3 1 520
4 2087 2519 2207 2110
4 2191 2097 2166 2508
4 2536 2260 2305 2147
4 464 491 57 465
4 1967 2506 2544 2212
4 1969 443 390 2296
4 1956 514 37 499
4 503 1965 42 2228
4 2345 2344 2118 1997
4 2135 1979 432 2252
4 399 451 2280 2231
4 2184 2428 2061 2069
4 2058 2442 2055 2327
4 2483 2484 2489 2185
4 2208 2251 2543 2435
4 507 23 486 1954
4 2147 2143 2421 2145
4 443 2207 2519 1969
4 2229 1956 37 499
4 23 2233 486 1954
4 2109 2249 2112 2430
4 2306 431 432 1979
4 439 1974 440 2529
4 2315 1956 499 500
4 2416 2486 2532 2093
4 2311 2532 2098 2530
4 2485 2182 2394 2486
4 388 359 441 2259
4 452 1975 2295 400
4 2371 2038 2414 2079
4 2086 2031 2505 2402
4 15 480 2527 2247
4 487 2311 2518 2240
4 2439 2058 2500 2069
4 2129 2195 2349 2350
4 2529 2430 2249 2109
4 2086 2212 2301 2101
4 482 457 48 456
4 2502 2501 2421 2147
4 2151 2304 2245 2258
4 2368 2071 2367 2475
4 2096 2539 2082 2104
4 480 481 2313 1978
4 2510 2456 2154 2132
4 394 447 1955 2294
4 1965 2215 2524 2224
4 408 433 350 434
4 2007 2491 2457 2010
4 2013 2457 2199 2351
4 2518 2532 2542 2099
4 2229 529 36 498
4 2101 2301 2086 2540
4 2473 2307 2192 2246
4 2445 1999 2449 2122
4 2173 2392 2046 2385
4 2216 2167 2186 2549
4 2516 2134 2214 1962
4 2433 2138 2140 2315
4 2404 2121 2091 2115
4 2075 2087 2476 2080
4 2321 2322 2210 2300
4 2472 2364 2030 2460
4 2221 513 28 491
4 2256 432 1979 377
4 443 416 360 442
4 1985 1983 2437 1984
4 2383 2077 2382 2178
4 2183 2146 2429 2187
4 430 429 346 2227
4 2275 349 378 2252
4 2468 2367 2074 2475
4 367 2253 396 449
4 2018 2469 2378 2025
4 2416 2078 2485 2093
4 347 2256 376 2269
4 500 1956 38 2223
4 2436 2404 2115 2487
4 497 35 1972 2225
4 2178 2381 2015 2379
4 2100 2106 2107 2542
4 2071 2080 2475 2148
4 1960 15 0 2290
4 1881 294 295 1802
4 1810 284 283 1884
4 547 89 88 1883
4 1886 305 306 1809
4 555 78 77 1887
4 99 100 1882 543
4 1802 326 327 1941
4 121 120 1944 547
4 1950 338 337 1809
4 1810 315 316 1945
4 1943 110 109 555
4 1942 132 131 543
4 2468 2476 2075 2509
4 2544 2506 1967 489
4 441 442 2314 2110
4 2219 2238 447 1955
4 1994 2348 1993 2347
4 2415 1984 2552 2112
4 487 488 2311 1973
4 2436 1985 2555 1986
4 2080 2075 2071 2475
4 2084 2214 2515 2419
4 2313 2146 2429 2527
4 2071 2368 2389 2475
4 501 2264 2307 2246
4 2302 2430 2552 2112
4 2537 2042 2085 2406
4 2124 2366 2204 2365
4 2227 2214 1962 430
4 2335 2125 2445 2123
4 1957 441 2110 2259
4 31 1980 493 2237
4 2440 2187 2438 2181
4 2001 2130 2452 2340
4 1843 94 95 540
4 560 84 83 1841
4 1844 300 301 1827
4 1813 280 5 1837
4 289 290 1842 1824
4 553 74 4 1839
4 557 85 84 1835
4 1836 95 96 549
4 1800 291 290 1833
4 1832 343 7 1900
4 568 137 6 1899
4 1807 302 301 1834
4 1902 127 126 540
4 116 115 1901 560
4 333 332 1904 1827
4 106 7 1898 553
4 1897 312 6 1813
4 321 322 1824 1903
4 116 117 557 1895
4 1800 322 323 1893
4 549 127 128 1896
4 1840 311 4 1832
4 334 333 1894 1807
4 1838 105 5 568
4 2259 441 2110 442
4 2409 2391 2062 2063
4 2217 2513 2216 2312
4 2032 2086 2158 2405
4 1986 2555 2436 2487
4 2231 399 451 1975
4 449 396 367 2277
4 1957 2314 2108 2110
4 2119 2346 2128 2343
4 2161 429 2309 2515
4 327 295 1881 1821
4 563 89 121 1944
4 1886 338 306 1818
4 1882 132 100 550
4 284 316 1815 1945
4 1887 110 78 548
4 64 35 519 497
4 2446 2193 2047 2412
4 2325 2169 2183 2187
4 2146 2313 2244 2188
4 2502 2147 2421 2145
4 2533 2261 503 504
4 499 2229 1956 2140
4 1953 2293 434 380
4 483 2232 2305 2260
4 433 408 350 407
4 2146 2145 2244 2547
4 515 484 20 1977
4 2232 19 1963 483
4 2358 2195 2351 2020
4 2437 2242 1983 1985
4 2110 2259 442 1969
4 2319 492 2267 2248
4 2207 2317 2160 2218
4 2315 2433 2523 2140
4 2386 2095 2479 2180
4 2430 2552 2112 2415
4 401 2291 2220 453
4 490 491 2301 2222
4 2248 492 1958 2221
4 2019 2359 2023 2458
4 1972 497 2104 2303
4 2146 2429 2527 2188
4 349 432 378 2252
4 480 16 45 512
4 2009 2011 2373 2491
4 2330 2196 2052 2333
4 2466 2355 2116 1995
4 295 327 1881 1802
4 1944 89 121 547
4 1886 306 338 1809
4 1882 100 132 543
4 1810 316 284 1945
4 555 110 78 1887
4 2494 2411 2202 2155
4 2004 2341 2447 2002
4 492 2319 2517 2248
4 2238 393 446 2281
4 2451 2008 2014 2380
4 28 2221 491 2222
4 2430 2302 2249 2112
4 2065 2155 2390 2369
4 447 446 2238 2526
4 2138 2414 2079 2139
4 2474 2358 2024 2027
4 493 2237 2267 1958
4 2075 2468 2071 2475
4 2169 2322 2170 2324
4 2443 2441 2049 2198
4 2338 2002 2003 2337
4 1955 2294 366 395
4 446 2304 2245 2151
4 2492 2448 2006 2004
4 2425 2182 2152 2100
4 443 442 360 1969
4 2017 2377 2015 2380
4 2151 2150 2219 2526
4 2322 2170 2172 2169
4 2448 2008 2493 2006
4 53 24 487 509
4 501 2223 1970 2246
4 2055 2053 2326 2328
4 2311 2518 2240 2532
4 2149 2481 2068 2150
4 2504 2257 1960 2188
4 2367 2074 2204 2357
4 500 499 67 1956
4 2456 2154 2132 2213
4 2226 506 50 485
4 500 501 2520 2223
4 2151 2149 2150 2304
4 2498 2440 2181 2051
4 2238 394 365 447
4 2231 451 2321 1975
4 1985 2111 2310 2242
4 2343 2127 1997 2342
4 2304 2151 2149 2258
4 2461 2533 2261 2215
4 2450 2202 2124 2494
4 2490 2489 2549 2186
4 383 354 2276 437
4 2051 2329 2052 2441
4 492 493 2267 1958
4 2213 2090 2299 2103
4 1968 450 449 2308
4 2460 2030 2472 2189
4 526 2228 43 504
4 2179 2371 2022 2361
4 2029 2372 2374 2177
4 2542 2254 2518 2099
4 2224 2215 2524 2264
4 2490 2539 2096 2104
4 2500 2442 2059 2058
4 2524 503 2533 2261
4 2473 2307 2546 2192
4 531 34 63 496
4 2089 2533 2261 2461
4 2040 2459 2528 2461
4 2085 2503 2537 2406
4 2050 2499 2048 2393
4 2406 2403 2043 2503
4 443 416 417 360
4 2207 2317 2218 443
4 2469 2026 2018 2379
4 2423 2034 2422 2035
4 2435 2322 2439 2170
4 380 2293 434 351
4 2269 348 2256 377
4 514 66 37 499
4 361 390 443 2296
4 447 394 365 2294
4 2033 2470 2484 2166
4 495 469 61 494
4 2250 504 2103 505
4 2319 493 2216 2267
4 357 1974 2297 386
4 489 463 55 522
4 2492 2007 2006 2413
4 2301 2212 490 2222
4 2098 2240 2311 2159
4 2081 2434 2039 2401
4 445 363 392 2286
4 363 2287 445 392
4 2149 2148 2480 2160
4 2473 2079 2414 2139
4 2201 2332 2334 2126
4 526 43 72 504
4 486 52 23 507
4 2061 2410 2428 2184
4 1959 1 12 2236
4 2320 486 2518 2254
4 482 2235 18 1963
4 2419 2422 2554 2084
4 480 1978 2313 2188
4 2093 2182 2485 2486
4 2135 2252 433 1953
4 2254 2518 2240 2233
4 445 2245 2304 2258
4 2360 2362 2012 2010
4 443 2265 2218 1969
4 2150 2151 2304 2526
4 2067 2168 2326 2324
4 2503 2085 2105 2091
4 435 434 2262 2521
4 16 480 1978 512
4 2450 2202 2453 2122
4 2348 1990 2354 1992
4 2460 2461 2459 2083
4 371 452 2295 400
4 2291 401 372 453
4 2131 2454 2034 2424
4 1979 432 2306 2512
4 2490 2522 2539 2104
4 2096 2488 2539 2490
4 2099 2532 2093 2098
4 501 2307 2520 2246
4 2223 500 1956 2141
4 2254 2542 2320 2106
4 1974 440 2266 357
4 2482 2404 2487 1989
4 2339 2000 1999 2336
4 2245 445 2287 392
4 2306 2102 1979 2512
4 18 482 1963 508
4 2321 2210 2231 1975
4 2404 2091 2426 2115
4 433 434 2316 1953
4 2087 2509 2075 2476
4 2262 434 1953 2136
4 2184 2308 2176 2427
4 2417 2037 2419 2133
4 431 2306 2134 1979
4 499 2315 2523 2140
4 2300 2322 2210 2172
4 485 2320 2243 2106
4 2228 503 2261 504
4 2370 2065 2368 2066
4 2139 2473 2192 2246
4 2472 2179 2371 2079
4 2060 2396 2498 2050
4 2113 2356 2117 2467
4 53 487 461 509
4 454 480 45 512
4 65 529 472 498
4 484 49 20 2232
4 2384 2381 2016 2162
4 1968 2251 2543 2208
4 436 2288 382 1971
4 2488 2096 2539 2082
4 1459 256 257 1775
4 2098 2416 2158 2530
4 2314 1957 2541 441
4 2248 2101 2097 2517
4 258 259 1456 1793
4 2376 2021 2483 2165
4 2433 2315 2535 2138
4 2515 2516 2214 430
4 2464 2200 2474 2028
4 393 364 446 2281
4 2536 1963 2260 2241
4 2129 2346 2197 2352
4 441 440 2266 1957
4 430 429 403 346
4 430 403 404 346
4 2538 2456 2213 2154
4 2014 2045 2495 2496
4 2136 2111 2521 2105
4 2111 1985 2310 2436
4 2111 2426 2091 2115
4 2264 502 2224 1970
4 2309 2554 2161 2515
4 2163 2397 2142 2395
4 2260 2232 2305 2164
4 2402 2471 2031 2505
4 2044 2203 2400 2462
4 2157 2497 2063 2390
4 499 2229 2140 2523
4 2328 2054 2331 2056
4 1957 2314 2541 2108
4 453 2220 401 1960
4 2411 2194 2453 2202
4 2468 2206 2431 2088
4 2021 2483 2033 2378
4 2317 2207 2519 443
4 533 72 43 2250
4 2452 2457 2199 2130
4 1954 2320 485 2106
4 395 448 1955 2253
4 2463 2120 2347 2118
4 2388 2092 2485 2078
4 2044 2041 2407 2462
4 2328 2055 2056 2442
4 496 63 531 470
4 2477 2478 2174 2150
4 501 1970 2264 2246
4 2182 2173 2385 2394
4 2517 2508 2540 2097
4 2086 2158 2506 2212
4 2089 2040 2461 2083
4 1964 2217 2255 2545
4 2206 2467 2074 2468
4 2461 2261 2089 2215
4 2537 2042 2417 2548
4 2399 1989 2482 2114
4 2006 2156 2493 2413
4 2399 2114 2398 2203
4 484 457 49 483
4 2460 2189 2473 2546
4 2044 2036 2464 2462
4 494 495 2312 2217
4 2433 2550 2140 2081
4 2317 444 2511 2218
4 2489 2096 2186 2490
4 399 370 451 1975
4 489 26 55 517
4 484 49 2232 483
4 483 2305 2536 2260
4 2141 2535 2139 2246
4 2233 2518 486 2254
4 2462 2044 2398 2120
4 2432 2314 2509 2108
4 448 449 2514 2209
4 440 2211 2266 1957
4 2525 2534 1984 1982
4 2032 2086 2505 2402
4 2088 2432 2431 2509
4 2543 2251 2231 2321
4 2176 2553 2073 2427
4 2081 2138 2433 2038
4 2387 1987 2113 2363
4 2172 2323 2322 2169
4 2024 2454 2474 2028
4 388 441 1957 2259
4 2112 2415 1987 2430
4 2134 2256 431 1979
4 2463 2462 2044 2197
4 255 254 1791 1040
4 2042 2537 2133 2548
4 2347 1994 2345 2118
4 2014 2495 2137 2451
4 2428 2435 2439 2069
4 445 2245 1966 392
4 2438 2429 2547 2146
4 2057 2396 2050 2393
4 2219 2175 2478 2150
4 2394 2182 2152 2425
4 2528 2103 2090 2089
4 355 2283 438 384
4 562 88 87 1871
4 119 120 562 1931
4 1826 298 297 1878
4 1940 330 329 1826
4 1874 76 77 554
4 109 108 1934 554
4 1873 98 99 538
4 294 293 1825 1869
4 1937 113 112 539
4 544 103 102 1880
4 566 92 91 1879
4 282 283 1872 1830
4 1875 286 287 1812
4 1938 341 340 1823
4 1828 305 304 1870
4 1825 325 326 1929
4 538 130 131 1933
4 539 81 80 1877
4 544 134 135 1939
4 314 315 1830 1932
4 1935 319 318 1812
4 336 337 1828 1930
4 1936 124 123 566
4 309 308 1823 1876
4 2481 2304 2150 2149
4 2031 2026 2469 2402
4 521 488 54 462
4 462 488 54 522
4 2128 2349 2346 2129
4 504 2299 2103 505
4 2096 2489 2186 2185
4 2352 2462 2044 2200
4 357 2266 1974 386
4 448 2318 1955 2239
4 1973 487 24 2233
4 2513 2312 2186 2216
4 449 2308 2514 2209
4 363 445 419 2286
4 2287 445 419 363
4 2182 2394 2486 2100
4 528 32 494 1980
4 388 359 2259 2284
4 2106 2320 2254 1954
4 1982 2534 1984 2552
4 2315 1956 2140 499
4 1953 350 433 434
4 1992 1991 2354 2355
4 445 2245 2258 1966
4 2513 2319 493 2216
4 2469 2025 2031 2471
4 2210 2263 2300 2172
4 2368 2065 2369 2070
4 2061 2059 2500 2409
4 429 374 345 2278
4 2323 2300 2504 2172
4 2179 2019 2364 2361
4 2242 2310 2136 2111
4 2181 2440 2053 2329
4 2527 2429 2504 2188
4 2319 2508 2517 2191
4 2511 444 2258 2218
4 2342 2340 2127 1998
4 2338 2341 2001 2002
4 2190 2539 2082 2081
4 427 2291 372 453
4 2162 2383 2381 2178
4 2473 2414 2535 2139
4 2351 2013 2359 2020
4 2147 2260 2305 2164
4 2036 2037 2418 2407
4 491 464 57 490
4 2511 2481 2480 2149
4 2466 2449 1996 1995
4 2365 2204 2116 2357
4 2216 2513 2551 2167
4 2478 2318 2553 2175
4 2316 2521 2105 1953
4 2425 2486 2394 2100
4 1960 15 2504 2188
4 378 432 1979 2252
4 2434 2082 2539 2081
4 2274 2262 381 352
4 2166 2484 2167 2508
4 2419 2417 2133 2548
4 487 2240 2518 2233
4 2308 2208 2543 2435
4 2052 2441 2333 2198
4 2533 2461 2524 2215
4 2332 2201 2444 2072
4 2445 1999 2125 2336
4 2512 1979 432 2135
4 2374 2094 2177 2375
4 2145 2502 2241 2244
4 2304 446 2526 2151
4 2133 2417 2042 2548
4 2088 2431 2468 2509
4 2478 2150 2304 2526
4 2249 2211 1974 2529
4 2428 2435 2171 2184
4 2401 2081 2433 2038
4 2179 2472 2364 2030
4 2405 2416 2530 2158
4 1975 2321 2263 452
4 2211 440 2541 1957
4 2255 1964 2545 2104
4 2412 2047 2392 2046
4 2491 2011 2362 2010
4 2480 2149 2160 2511
4 2387 2205 2431 2206
4 2136 2262 434 2521
4 491 2101 2301 2222
4 2542 2254 2099 2106
4 2473 2189 2192 2546
4 382 2234 436 1971
4 503 42 71 2228
4 2240 2532 2099 2098
4 2486 2093 2100 2099
4 2209 2176 2208 2308
4 2161 2510 2153 2554
4 2210 2231 2251 2321
4 2171 2428 2184 2069
4 2547 2429 2313 2146
4 482 483 2536 1963
4 2136 435 2262 2521
4 2429 2325 2183 2187
4 491 2221 2101 2222
4 2548 2133 2419 2516
4 2530 2098 2311 2159
4 2511 2258 2160 2218
4 2161 2227 429 2515
4 2503 2512 2316 2085
4 2103 2299 2531 505
4 2308 2176 2208 2184
4 1988 2363 1986 2487
4 2501 2147 2163 2143
4 2422 2424 2510 2153
4 2133 2214 2419 2516
4 373 344 428 2273
4 12 505 1959 2531
4 2067 2325 2169 2324
4 2158 2416 2078 2405
4 2239 2253 448 2209
4 2030 2459 2083 2460
4 484 50 21 515
4 529 65 36 498
4 2298 383 1961 437
4 1977 484 20 2232
4 2501 2502 2536 2147
4 2090 2456 2455 2132
4 2255 2490 2096 2104
4 2483 2185 2489 2165
4 2489 2095 2096 2488
4 1959 12 2531 2236
4 57 28 491 2222
4 2259 442 1969 389
4 2175 2553 2176 2514
4 2147 2305 2536 2501
4 489 1967 26 517
4 2432 2109 2211 2108
4 2109 2431 2088 2432
4 380 2262 2274 351
4 2505 2032 2402 2405
4 516 481 17 2235
4 437 2234 1961 1983
4 2037 2419 2084 2418
4 2538 2236 1976 2154
4 489 488 2230 2544
4 2415 2487 2555 1986
4 2171 2251 2208 2435
4 2158 2159 2506 2212
4 495 496 2545 1964
4 2301 2505 2086 2540
4 2475 2480 2148 2080
4 27 490 2222 523
4 2131 2455 2424 2132
4 2553 2073 2420 2175
4 442 443 2519 1969
4 481 17 46 516
4 2043 2041 2400 2406
4 2191 2166 2167 2508
4 2223 501 2520 2246
4 2211 440 1974 2529
4 2502 2313 2244 2547
4 2228 2261 2103 504
4 2425 2507 2542 2107
4 2434 2488 2082 2039
4 2315 1956 500 2141
4 2115 2487 2404 1989
4 2252 379 433 1953
4 2525 2302 1982 438
4 47 481 2235 482
4 1989 2404 2121 2399
4 2415 1986 2555 1984
4 2426 2111 2436 2115
4 2544 2159 2311 488
4 431 2516 1962 2134
4 446 2526 2151 2238
4 2306 2512 2537 2102
4 2210 2435 2322 2321
4 2519 2087 2314 2110
4 2535 2141 2520 2246
4 2171 2435 2428 2069
4 2479 2095 2488 2039
4 2264 2192 2307 2246
4 2097 2540 2471 2508
4 2525 1961 438 1982
4 2512 2135 2316 2085
4 2484 2551 2167 2508
4 2315 2535 2138 2141
4 490 57 491 2222
4 2319 2267 2216 2191
4 2090 2299 2103 2528
4 2062 2410 2073 2420
4 2434 2488 2539 2082
4 2225 496 34 1964
4 2461 2040 2459 2083
4 2456 2299 2531 2213
4 2143 2163 2501 2397
4 2234 2276 382 436
4 2159 2544 2506 2212
4 2391 2064 2477 2174
4 2258 444 1966 2218
4 500 2315 2141 2520
4 2432 2541 2108 2211
4 1954 2106 485 2226
4 2214 2227 2515 430
4 390 2265 443 1969
4 2239 2175 2176 2514
4 2235 481 1978 2244
4 2483 2484 2185 2033
4 2394 2182 2425 2100
4 2209 396 2253 449
4 2316 434 2521 1953
4 449 2209 1968 2308
4 2159 2544 2230 488
4 1971 2234 436 2242
4 2226 2243 2106 485
4 2170 2439 2168 2324
4 2408 2421 2143 2144
4 2471 2166 2097 2508
4 2085 2135 2316 2105
4 2434 2433 2081 2550
4 2539 2303 2550 2190
4 2467 2113 2387 2206
4 1965 2524 2261 503
4 1974 439 2249 2529
4 515 21 484 1977
4 353 2288 436 410
4 436 2276 353 410
4 2486 2425 2542 2100
4 2208 1968 2209 2308
4 2169 2183 2323 2325
4 488 2159 2311 1973
4 435 436 2310 1971
4 2527 2504 15 2188
4 2167 2216 2513 2549
4 2300 2257 2504 2172
4 1976 428 2236 2538
4 1982 2552 2112 2302
4 2520 2141 2223 2246
4 2152 2107 2465 2425
4 2236 2531 2213 2538
4 481 1978 17 2235
4 2265 391 2285 362
4 2087 2519 2476 2207
4 2235 18 47 482
4 1976 428 2538 2309
4 2040 2528 2089 2461
4 386 357 2266 2272
4 2084 2422 2035 2418
4 495 2217 1964 2545
4 2438 2429 2146 2187
4 2097 2248 2517 2191
4 2262 1953 434 380
4 486 2320 1954 2254
4 485 486 2320 1954
4 2183 2504 2429 2188
4 2153 2424 2034 2422
4 1963 482 2235 2241
4 2255 2312 2186 2490
4 2465 2305 2507 2164
4 2285 444 2265 362
4 2215 2192 2307 2264
4 2546 2192 2307 2215
4 2507 2107 2243 2106
4 27 56 490 523
4 2318 2478 2526 2219
4 375 346 2227 430
4 2023 2458 2131 2455
4 460 485 51 486
4 2533 2299 2103 504
4 2136 434 1953 2521
4 1957 2314 2110 441
4 2251 2543 2435 2321
4 1956 38 67 500
4 2461 2083 2546 2215
4 1971 435 2262 2136
4 2505 2086 2032 2405
4 2288 382 353 436
4 353 382 2276 436
4 486 485 51 1954
4 2100 2107 2425 2542
4 2527 2247 480 2188
4 2517 2508 2097 2191
4 504 2103 2228 2250
4 1860 97 98 567
4 567 129 130 1920
4 1864 309 310 1829
4 1829 341 342 1924
4 1806 293 292 1857
4 1858 303 304 1808
4 541 87 86 1859
4 1862 75 76 551
4 1814 282 281 1861
4 1817 288 287 1866
4 104 103 552 1865
4 82 81 565 1863
4 92 93 1867 558
4 1868 298 299 1801
4 325 324 1917 1806
4 1918 336 335 1808
4 541 118 119 1919
4 1921 314 313 1814
4 107 108 551 1922
4 319 320 1817 1926
4 136 135 1925 552
4 1923 114 113 565
4 125 124 1927 558
4 1801 330 331 1928
4 2465 2507 2107 2164
4 484 457 458 49
4 2272 2266 387 358
4 2310 2136 1971 2242
4 2528 2090 2455 2040
4 356 385 2297 439
4 534 42 71 503
4 370 451 2280 399
4 2478 2420 2174 2175
4 2097 2101 2540 2517
4 2141 2223 500 2520
4 2152 2465 2163 2395
4 2089 2528 2299 2533
4 366 395 2289 2253
4 2475 2389 2071 2148
4 494 469 61 468
4 2154 1976 2538 2309
4 2510 2309 2554 2161
4 25 2230 488 1973
4 455 482 47 456
4 482 455 47 481
4 2268 2229 498 2523
4 2091 2403 2503 2043
4 2261 2533 2103 504
4 2503 2085 2043 2406
4 441 2541 440 1957
4 2231 451 2543 2321
4 2320 2542 2507 2106
4 484 21 50 2226
4 2522 2225 497 2104
4 2537 2133 2548 2102
4 485 458 459 50
4 430 375 346 2279
4 2244 481 1978 2313
4 2174 2391 2062 2420
4 2209 2514 2176 2308
4 2514 448 2209 2239
4 2032 2078 2388 2405
4 2500 2428 2069 2061
4 450 1968 2543 2308
4 2253 448 1955 2239
4 2091 2403 2121 2404
4 2257 2220 453 1960
4 2244 2145 2502 2547
4 2251 2231 1968 2543
4 500 38 67 535
4 389 442 1969 360
4 2303 2190 2268 2523
4 460 485 459 51
4 2420 2478 2553 2175
4 2299 2531 2213 2103
4 2103 2089 2533 2261
4 437 2525 1983 1961
4 1964 2225 496 2104
4 2426 2503 2105 2091
4 2265 2285 390 361
4 2240 487 1973 2233
4 2106 2507 2107 2542
4 2513 2312 2549 2186
4 2302 1981 439 2249
4 1982 1981 438 2302
4 2435 2171 2251 2210
4 2522 2303 2539 2104
4 2231 451 450 2543
4 2436 2310 2437 1985
4 433 379 350 1953
4 2524 2546 2307 2215
4 435 2310 2521 2136
4 442 2519 2110 1969
4 2136 1971 435 2310
4 2104 2539 2190 2303
4 2522 2545 1964 2104
4 432 431 2256 1979
4 402 428 344 2273
4 504 43 72 2250
4 513 57 28 491
4 2210 2321 2263 1975
4 489 26 1967 2230
4 2512 2537 2102 2085
4 453 2504 2257 1960
4 2502 2241 2147 2145
4 2468 2075 2088 2509
4 1980 493 2237 2216
4 490 2506 1967 2212
4 2208 2543 1968 2308
4 2267 2248 492 1958
4 2210 2251 2435 2321
4 2545 1964 496 2522
4 2267 2237 493 2216
4 2256 1962 2134 431
4 2528 2299 2103 2089
4 524 33 62 495
4 2507 2243 2320 2106
4 2389 2068 2148 2481
4 2420 2427 2073 2553
4 2216 2551 2319 2191
4 2538 2510 2154 2309
4 1963 2232 483 2260
4 437 2298 354 411
4 380 434 2262 351
4 2522 496 2225 2104
4 2529 440 2541 2211
4 383 2298 354 437
4 1981 385 356 439
4 2167 2551 2191 2508
4 2478 2318 2175 2219
4 480 2247 16 1978
4 482 1963 2536 2241
4 2532 2240 2311 2098
4 366 448 1955 395
4 2243 2107 2507 2164
4 2510 2309 2161 2154
4 2555 1985 2437 1984
4 2532 2486 2542 2099
4 2090 2456 2213 2299
4 2186 2489 2549 2185
4 2215 2524 2261 1965
4 433 2316 2135 1953
4 486 2233 2254 1954
4 2547 2145 2421 2144
4 2489 2484 2549 2185
4 2101 2301 2540 2517
4 2228 43 504 2250
4 2501 2147 2305 2164
4 1960 0 15 2247
4 2147 2536 2260 2241
4 2554 2422 2153 2084
4 1962 2214 2516 430
4 2133 2548 2134 2516
4 482 18 47 508
4 2159 2530 2158 2506
4 505 2250 44 1959
4 2144 2421 2547 2438
4 361 390 2265 443
4 2240 2518 2254 2099
4 2147 2536 2241 2502
4 2265 2218 444 443
4 2303 2190 1972 2268
4 2140 2229 2268 2523
4 450 1968 2231 2543
4 1955 447 2219 2318
4 2414 2138 2535 2139
4 2461 2460 2546 2083
4 2524 2461 2546 2215
4 2186 2513 2216 2549
4 2509 2088 2432 2108
4 2307 2524 2215 2264
4 1974 440 2211 2266
4 389 2284 2259 360
4 2555 2534 2415 1984
4 12 428 2538 2236
4 485 22 51 1954
4 2263 2321 2210 2300
4 2143 2501 2147 2421
4 442 2259 2284 360
4 1977 21 484 2226
4 498 1972 2229 2268
4 2111 2521 2310 2136
4 2258 2149 2304 2511
4 2140 2268 2190 2523
4 444 1966 2218 2265
4 2261 1965 503 2228
4 2527 15 2247 2188
4 485 2226 22 1954
4 2105 2111 2521 2426
4 2432 2529 2541 2211
4 12 2531 2236 2538
4 490 2212 1967 2222
4 2481 2148 2480 2149
4 2185 2549 2167 2484
4 1972 498 2303 2268
4 1985 2310 2437 2242
4 2509 2314 2087 2108
4 2315 2520 2535 2141
4 2263 1975 452 2220
4 2416 2093 2532 2098
4 2186 2255 2490 2096
4 2238 2526 2219 447
4 2437 2436 1985 2555
4 2226 50 484 485
4 61 32 494 528
4 22 506 2226 485
4 2547 2146 2144 2438
4 2109 2211 2529 2432
4 2534 2525 2552 1982
4 2507 2305 2243 2164
4 2089 2299 2103 2533
4 1984 1983 2437 2534
4 490 1967 27 2222
4 2209 2253 448 449
4 2524 2261 2533 2215
4 2257 2300 2263 2172
4 485 458 50 484
4 2424 2510 2153 2132
4 2150 2478 2219 2526
4 489 55 463 517
4 2085 2316 2503 2105
4 2134 2548 2306 2516
4 2433 2523 2140 2550
4 2526 2318 2219 447
4 2303 2550 2190 2523
4 484 2243 2226 485
4 2262 381 435 1971
4 2522 1964 496 2104
4 2267 2319 2248 2191
4 2525 2437 1983 2534
4 2415 2534 2552 1984
4 2093 2486 2532 2099
4 2310 436 2242 1971
4 2544 2530 2159 2506
4 2262 381 352 435
4 506 22 51 485
4 2311 487 1973 2240
4 2525 2302 2552 1982
4 2517 2248 2319 2191
4 2422 2510 2554 2153
4 1977 484 2243 2226
4 2319 2508 2191 2551
4 2319 2513 2551 2216
4 2255 2217 2312 2545
4 2549 2484 2551 2167
4 2437 2534 2555 1984
4 2511 2160 2317 2218
4 2530 2311 2544 2159
4 2542 2486 2100 2099
4 2427 2514 2176 2553
4 395 366 448 2253
4 2306 2537 2548 2102
4 2190 2550 2140 2523
4 2518 2240 2532 2099
4 391 2265 444 362
4 2259 442 389 360
4 2217 495 2312 2545
4 444 1966 2265 391
4 2244 2313 2146 2547
4 4698 3956 2785 2564
4 4698 2785 3956 3292
4 2847 4583 3891 3151
4 3891 4583 2847 4428
4 4368 4164 4431 2818
4 4368 4431 4164 3056
4 5049 3741 3225 2930
4 5049 3225 3741 3706
4 4523 2858 3194 3360
4 4523 3194 2858 4355
4 4368 3583 3275 3630
4 3275 3583 4368 3056
4 3275 4164 4368 3630
4 4368 4164 3275 3056
4 4137 3709 5013 3144
4 4137 5013 3709 1173
4 1353 5013 3709 3144
4 1353 3709 5013 1173
4 4575 1400 3185 4060
4 4575 3185 1400 3763
4 4591 3587 4109 3027
4 4591 4109 3587 3270
4 4199 930 926 780
4 4199 926 930 4035
4 2582 4500 2583 2696
4 2583 4500 2582 3149
4 4148 4445 4980 3201
4 4980 4445 4148 4025
4 4279 4865 3760 2846
4 3760 4865 4279 3038
4 4147 3504 2900 3238
4 4147 2900 3504 3814
4 4861 2951 3548 3409
4 4861 3548 2951 3373
4 3601 4631 3480 1722
4 3480 4631 3601 3077
4 4555 3433 3847 2840
4 4555 3847 3433 3134
4 4469 4375 3223 3767
4 4469 3223 4375 3009
4 4950 3436 2865 4598
4 4950 2865 3436 3762
4 3896 1176 1190 3268
4 3896 1190 1176 1191
4 4231 4621 2990 3389
4 2990 4621 4231 3345
4 4418 846 4160 668
4 4418 4160 846 3440
4 4279 3330 3120 3038
4 4279 3120 3330 3720
4 2851 4648 3217 3767
4 3217 4648 2851 4226
4 4038 999 4812 3830
4 4038 4812 999 814
4 4778 3864 3011 4397
4 4778 3011 3864 3596
4 4932 3094 3738 3534
4 4932 3738 3094 3441
4 890 4459 4578 765
4 4578 4459 890 3775
4 4578 768 890 765
4 890 768 4578 3775
4 3918 2833 4296 3732
4 3918 4296 2833 3367
4 4161 3341 2941 3510
4 4161 2941 3341 3723
4 4059 4299 3880 2821
4 3880 4299 4059 3567
4 4556 4132 3573 2826
4 4556 3573 4132 3307
4 3126 1288 1061 1188
4 3126 1061 1288 4420
4 4291 4765 2964 3155
4 2964 4765 4291 3874
4 4118 1605 3554 3848
4 4118 3554 1605 1734
4 4850 3369 664 4041
4 4850 664 3369 3959
4 4079 4112 3155 3536
4 3155 4112 4079 3935
4 3940 4561 4983 3397
4 4983 4561 3940 3590
4 4575 4104 4060 3185
4 4575 4060 4104 2969
4 4388 3234 4253 3940
4 4388 4253 3234 4312
4 4377 4467 4178 3434
4 4178 4467 4377 3128
4 4591 3925 3997 3206
4 4591 3997 3925 2862
4 1590 3949 4638 1588
4 4638 3949 1590 3325
4 4011 4013 2992 3922
4 2992 4013 4011 3834
4 4118 1605 1595 1734
4 4118 1595 1605 3612
4 3809 2574 5034 3691
4 3809 5034 2574 2793
4 2773 5034 2574 3691
4 2773 2574 5034 2793
4 4682 2877 4580 3671
4 4682 4580 2877 3311
4 4919 3098 4815 3765
4 4919 4815 3098 3460
4 3754 4101 4600 3100
4 4600 4101 3754 2882
4 3405 4570 3644 3130
4 3644 4570 3405 4493
4 4386 155 3398 3799
4 4386 3398 155 990
4 4332 4434 3784 680
4 3784 4434 4332 3107
4 3624 4905 2928 3384
4 2928 4905 3624 3338
4 4959 946 3637 4224
4 4959 3637 946 1760
4 4808 1122 1129 1121
4 4808 1129 1122 3544
4 3896 1192 1176 3547
4 3896 1176 1192 1191
4 4457 942 781 3220
4 4457 781 942 966
4 4257 3735 4123 3115
4 4257 4123 3735 2928
4 3845 4209 3178 3358
4 3178 4209 3845 3534
4 4245 1709 3374 1552
4 4245 3374 1709 3704
4 1243 3739 1228 1241
4 1228 3739 1243 3246
4 3550 4869 3843 3202
4 3843 4869 3550 3180
4 4115 718 4480 717
4 4115 4480 718 3575
4 4327 4365 2839 3927
4 2839 4365 4327 3405
4 4050 1424 1256 1212
4 4050 1256 1424 3323
4 4895 4552 3842 2830
4 4895 3842 4552 3156
4 4592 4315 3166 2995
4 4592 3166 4315 3329
4 4783 4820 3156 4206
4 3156 4820 4783 3636
4 4120 4472 3273 2996
4 3273 4472 4120 4025
4 3971 4994 3058 3369
4 3058 4994 3971 3712
4 4651 757 761 4106
4 4651 761 757 758
4 5017 5052 1609 3557
4 5017 1609 5052 4058
4 1676 1609 5052 3557
4 1676 5052 1609 4058
4 4350 1330 1120 1118
4 4350 1120 1330 3182
4 3997 4641 3563 3206
4 3563 4641 3997 3805
4 3869 2643 2664 2747
4 3869 2664 2643 3210
4 4516 1226 3213 1347
4 4516 3213 1226 3475
4 3959 4940 682 3174
4 682 4940 3959 868
4 4705 3351 2905 3665
4 4705 2905 3351 4234
4 3601 4102 1667 3480
4 3601 1667 4102 1668
4 1786 1667 4102 3480
4 1786 4102 1667 1668
4 3777 2778 2576 2797
4 3777 2576 2778 3398
4 4809 3719 2988 3327
4 4809 2988 3719 4635
4 4425 3567 4665 3025
4 4425 4665 3567 4059
4 4733 1091 4492 1089
4 4733 4492 1091 3171
4 4462 1226 1345 1223
4 4462 1345 1226 3475
4 1228 3739 1227 1241
4 1227 3739 1228 3464
4 4200 4920 4162 3254
4 4162 4920 4200 3154
4 4162 3380 4200 3254
4 4200 3380 4162 3154
4 3751 4582 3988 1617
4 3751 3988 4582 3173
4 1737 3988 4582 1617
4 1737 4582 3988 3173
4 4326 4881 3558 3315
4 3558 4881 4326 3878
4 1068 3200 3890 4159
4 1068 3890 3200 4828
4 3530 4587 3989 3154
4 3989 4587 3530 3020
4 4354 2938 3302 3991
4 4354 3302 2938 4071
4 4480 718 3678 708
4 4480 3678 718 3575
4 863 3678 718 708
4 863 718 3678 3575
4 3589 4378 3981 2822
4 3981 4378 3589 3160
4 3873 1759 1625 3336
4 3873 1625 1759 1487
4 4720 3053 4671 3963
4 4720 4671 3053 3640
4 4489 4642 3236 3803
4 3236 4642 4489 2890
4 4147 4827 1774 1684
4 1774 4827 4147 3238
4 4899 2915 4700 3399
4 4700 2915 4899 3135
4 4700 4183 4899 3399
4 4899 4183 4700 3135
4 4642 4731 3635 2874
4 3635 4731 4642 3123
4 3716 4587 3310 2861
4 3310 4587 3716 3527
4 4739 3534 3716 3178
4 4739 3716 3534 2903
4 4088 1197 1210 3451
4 4088 1210 1197 1209
4 3031 4616 4882 3551
4 3031 4882 4616 3707
4 3283 4882 4616 3551
4 3283 4616 4882 3707
4 4487 4608 2881 3571
4 2881 4608 4487 3516
4 2881 4701 4487 3571
4 4487 4701 2881 3516
4 4163 3960 4797 3235
4 4163 4797 3960 3132
4 3822 4798 3979 3290
4 3979 4798 3822 2963
4 5017 4086 4067 3342
4 5017 4067 4086 3173
4 1376 4678 1202 1382
4 1202 4678 1376 3909
4 2557 3958 2789 2725
4 2789 3958 2557 3817
4 4198 4838 632 635
4 632 4838 4198 3141
4 4045 1240 3709 1359
4 4045 3709 1240 3205
4 4758 3571 2987 3369
4 4758 2987 3571 4608
4 4664 4892 3045 3453
4 3045 4892 4664 3278
4 3045 5023 4664 3453
4 4664 5023 3045 3278
4 5017 4058 1672 1609
4 5017 1672 4058 3342
4 4606 904 984 3376
4 4606 984 904 905
4 1659 4168 1658 1563
4 1658 4168 1659 3230
4 4138 3762 3436 2865
4 4138 3436 3762 3112
4 4392 2616 2617 3222
4 4392 2617 2616 2609
4 3528 4673 3301 2877
4 3301 4673 3528 3179
4 946 4959 581 4224
4 3953 470 2576 3398
4 3953 2576 470 471
4 4996 3201 2873 4026
4 4996 2873 3201 3965
4 623 4041 3337 624
4 3337 4041 623 3701
4 4651 757 752 758
4 4651 752 757 3286
4 1039 4722 1396 1268
4 1396 4722 1039 3503
4 4194 4300 3221 3689
4 3221 4300 4194 2986
4 3672 989 3873 3336
4 3672 3873 989 790
4 3962 1406 1238 3251
4 3962 1238 1406 1244
4 222 4532 1469 9
4 1469 4532 222 3620
4 4514 3414 4322 4187
4 4514 4322 3414 3192
4 2867 3213 3641 3737
4 2867 3641 3213 4407
4 4437 817 3631 1003
4 4437 3631 817 4021
4 587 3631 817 1003
4 587 817 3631 4021
4 4846 2860 3798 3930
4 3798 2860 4846 3968
4 3798 4251 4846 3930
4 4846 4251 3798 3968
4 4814 4275 3440 2897
4 4814 3440 4275 3726
4 4828 1068 1070 3200
4 4828 1070 1068 1069
4 4782 3531 3097 3871
4 4782 3097 3531 4732
4 4723 4121 3244 4233
4 4723 3244 4121 4009
4 4088 1202 1197 3909
4 4088 1197 1202 1209
4 3818 2684 4566 2762
4 3818 4566 2684 3755
4 4578 765 767 768
4 4578 767 765 4459
4 4983 3432 4040 3590
4 4983 4040 3432 3309
4 3754 4600 3814 3100
4 3814 4600 3754 3298
4 3949 1589 1568 1588
4 3949 1568 1589 4974
4 4724 4721 4287 2868
4 4724 4287 4721 3276
4 4431 4743 4374 3321
4 4374 4743 4431 4057
4 4549 3666 4062 2854
4 4549 4062 3666 3176
4 3508 4377 4092 3128
4 4092 4377 3508 4139
4 4234 4929 4665 3511
4 4665 4929 4234 3351
4 4154 3952 4590 3130
4 4154 4590 3952 2855
4 4540 3425 3582 3291
4 4540 3582 3425 4169
4 4211 1602 1613 3252
4 4211 1613 1602 1601
4 4922 3752 3357 3998
4 4922 3357 3752 3976
4 4678 3446 2997 4088
4 4678 2997 3446 3576
4 4835 3319 2954 4545
4 4835 2954 3319 4239
4 4208 776 4613 860
4 4208 4613 776 4029
4 4337 3613 4813 3277
4 4337 4813 3613 4278
4 4659 3009 3262 4375
4 4659 3262 3009 3756
4 4828 1393 4088 1311
4 4828 4088 1393 3446
4 4633 4991 3646 3330
4 3646 4991 4633 3160
4 3621 4395 4887 3199
4 4887 4395 3621 2871
4 4887 3346 3621 3199
4 3621 3346 4887 2871
4 4359 4412 4498 3414
4 4498 4412 4359 3366
4 4824 3563 3805 3149
4 4824 3805 3563 3997
4 2733 3777 4660 2758
4 4660 3777 2733 3538
4 3703 4636 3321 2979
4 3321 4636 3703 4374
4 4423 3781 4234 2844
4 4423 4234 3781 3152
4 4232 4852 3902 2925
4 3902 4852 4232 3215
4 4710 4946 3588 2823
4 3588 4946 4710 3250
4 4311 4649 4991 2970
4 4991 4649 4311 3688
4 3943 4831 3591 2940
4 3591 4831 3943 3353
4 4793 3568 4314 3062
4 4793 4314 3568 3212
4 5043 4931 4566 3840
4 5043 4566 4931 3081
4 3338 4566 4931 3840
4 3338 4931 4566 3081
4 4658 4485 4213 2859
4 4658 4213 4485 3211
4 3248 4879 2898 3399
4 2898 4879 3248 4804
4 2592 4912 2589 2700
4 2589 4912 2592 4109
4 4828 1067 1068 3890
4 4828 1068 1067 1069
4 3057 3548 3242 4755
4 3242 3548 3057 4922
4 4764 4269 4427 3034
4 4764 4427 4269 3792
4 1364 4004 1380 1149
4 1380 4004 1364 3850
4 3759 4605 2963 3979
4 3759 2963 4605 3204
4 3822 2963 4605 3979
4 3822 4605 2963 3204
4 4412 830 700 993
4 4412 700 830 3414
4 4839 2935 4285 3805
4 4839 4285 2935 3354
4 4489 3236 5066 3803
4 4489 5066 3236 3997
4 3436 4341 2850 3112
4 2850 4341 3436 4078
4 4653 4713 2836 3228
4 2836 4713 4653 3523
4 4835 4096 3930 3196
4 4835 3930 4096 2860
4 4446 2596 2597 2599
4 4446 2597 2596 3317
4 4744 4281 3921 3130
4 4744 3921 4281 3253
4 4154 3921 4281 3130
4 4154 4281 3921 3253
4 4672 4893 4358 3319
4 4358 4893 4672 3284
4 4921 1552 4245 3374
4 4921 4245 1552 1549
4 3498 1729 1567 1650
4 3498 1567 1729 4262
4 3903 1338 4595 3497
4 3903 4595 1338 1339
4 4601 4270 3952 3374
4 4601 3952 4270 4508
4 3737 4863 3641 2959
4 3641 4863 3737 3213
4 4765 968 701 963
4 4765 701 968 3764
4 3977 4241 3565 3190
4 3565 4241 3977 3078
4 3873 595 989 954
4 3873 989 595 3336
4 2683 4806 4003 2647
4 4003 4806 2683 3346
4 4069 4016 4439 2984
4 4069 4439 4016 3259
4 5046 3634 3291 2826
4 5046 3291 3634 3905
4 881 4110 663 674
4 663 4110 881 3552
4 4861 3314 3409 2887
4 4861 3409 3314 4322
4 4764 611 610 3784
4 4764 610 611 612
4 4631 1599 1623 1622
4 4631 1623 1599 4056
4 3765 4653 4902 3228
4 4902 4653 3765 3738
4 3836 3709 3667 3144
4 3836 3667 3709 4045
4 1179 4004 4302 1168
4 4302 4004 1179 3517
4 4189 3187 774 3598
4 4189 774 3187 4029
4 3953 156 573 157
4 3953 573 156 3398
4 4373 2935 3117 3592
4 4373 3117 2935 3972
4 4503 177 176 1301
4 4503 176 177 3823
4 4999 4973 3660 3124
4 4999 3660 4973 3379
4 4122 2752 2619 2638
4 4122 2619 2752 3473
4 4638 1655 3936 1656
4 4638 3936 1655 4376
4 4001 989 3672 3336
4 4001 3672 989 861
4 4214 4087 3324 3002
4 4214 3324 4087 3648
4 4486 3639 4355 3194
4 4486 4355 3639 2936
4 4892 4984 3741 2899
4 3741 4984 4892 3225
4 4809 1766 1746 1798
4 1746 1766 4809 3327
4 1746 4631 4809 1798
4 4809 4631 1746 3327
4 4728 4068 4028 2968
4 4728 4028 4068 3183
4 4757 4326 3468 4729
4 4757 3468 4326 3208
4 4380 3807 4296 2903
4 4380 4296 3807 3367
4 4675 1314 1384 1383
4 4675 1384 1314 3656
4 4283 2620 2621 3714
4 4283 2621 2620 2727
4 4702 718 4115 719
4 4702 4115 718 3575
4 1482 4507 1433 1360
4 1433 4507 1482 4217
4 4851 4031 4328 2875
4 4851 4328 4031 3243
4 4884 4741 4450 3082
4 4884 4450 4741 3941
4 3987 4450 4741 3082
4 3987 4741 4450 3941
4 4484 3107 3034 3784
4 4484 3034 3107 4244
4 4376 3949 3045 3225
4 4376 3045 3949 4638
4 3637 1002 4904 3438
4 879 1002 4904 857
4 879 4904 1002 3438
4 4110 690 689 674
4 4110 689 690 3484
4 4893 1574 1575 4358
4 4893 1575 1574 1573
4 4176 3919 4739 2874
4 4176 4739 3919 3178
4 3810 4739 4981 3250
4 4981 4739 3810 3380
4 4211 4393 3758 2993
4 3758 4393 4211 3252
4 4172 4276 3655 3076
4 3655 4276 4172 3315
4 4101 4289 4599 3295
4 4599 4289 4101 2882
4 3668 4628 4287 3233
4 4287 4628 3668 3198
4 3783 4346 4422 3328
4 4422 4346 3783 2847
4 4487 3832 4914 3075
4 4487 4914 3832 3203
4 4033 3957 4107 3184
4 4033 4107 3957 2972
4 4662 3649 4306 3249
4 4662 4306 3649 2848
4 4940 3603 4585 4043
4 4940 4585 3603 3431
4 4551 4788 2910 4020
4 2910 4788 4551 4108
4 4522 1082 1080 1081
4 4522 1080 1082 4068
4 4398 1329 1155 3729
4 4398 1155 1329 1224
4 601 4657 837 3932
4 601 837 4657 962
4 975 837 4657 3932
4 975 4657 837 962
4 4540 4878 4132 2901
4 4132 4878 4540 3307
4 4529 4250 3902 2925
4 4529 3902 4250 3209
4 4466 4636 3703 2979
4 3703 4636 4466 3299
4 4957 573 807 997
4 4957 807 573 4099
4 4645 5054 3467 3114
4 3467 5054 4645 4185
4 1179 4397 3850 1354
4 3850 4397 1179 3517
4 3850 1380 1179 1354
4 1179 1380 3850 3517
4 2605 4446 2606 2599
4 2606 4446 2605 3614
4 4658 3669 4548 3216
4 4658 4548 3669 2986
4 4958 4784 4834 3030
4 4958 4834 4784 4005
4 2617 3975 2636 2642
4 2636 3975 2617 3761
4 4442 778 805 867
4 4442 805 778 3598
4 4216 2783 2563 2686
4 4216 2563 2783 3945
4 4460 1247 1438 1328
4 4576 4512 3915 3231
4 4576 3915 4512 2844
4 1412 1789 4217 1035
4 1412 4217 1789 1500
4 4770 4320 4249 3065
4 4770 4249 4320 3435
4 4485 3843 4824 2859
4 4485 4824 3843 3202
4 4926 3584 2962 3789
4 4926 2962 3584 4265
4 4395 4399 4993 3392
4 4993 4399 4395 3272
4 4586 4626 3465 2931
4 3465 4626 4586 3237
4 5062 1398 1105 3841
4 5062 1105 1398 1107
4 4005 4935 2966 3393
4 2966 4935 4005 4784
4 4903 4595 3709 2931
4 4903 3709 4595 4137
4 4631 4809 4056 3327
4 4056 4809 4631 1623
4 3964 4264 3540 3049
4 3540 4264 3964 3195
4 4779 722 721 3431
4 4779 721 722 723
4 4811 3941 4343 2884
4 4811 4343 3941 3240
4 4576 4425 3880 3288
4 4576 3880 4425 3025
4 3568 4505 1362 1097
4 3568 1362 4505 3856
4 1094 1362 4505 1097
4 1094 4505 1362 3856
4 4994 3571 3971 4557
4 4994 3971 3571 3369
4 5045 4144 3071 4061
4 5045 3071 4144 4449
4 4921 1678 4338 3785
4 4921 4338 1678 1550
4 4785 4982 4145 3067
4 4145 4982 4785 3438
4 4635 771 987 888
4 4635 987 771 3719
4 5028 3940 4015 2841
4 5028 4015 3940 3397
4 5036 3246 3092 3656
4 5036 3092 3246 3739
4 4978 1435 1275 1274
4 4978 1275 1435 3390
4 3711 4784 4855 4687
4 3711 4855 4784 3935
4 3061 4855 4784 4687
4 3061 4784 4855 3935
4 4122 2648 2639 3840
4 4122 2639 2648 2638
4 4826 3844 779 927
4 779 3844 4826 3638
4 779 931 4826 927
4 4826 931 779 3638
4 4560 4589 3060 3594
4 3060 4589 4560 4440
4 4878 3277 3013 4167
4 4878 3013 3277 3853
4 1301 5023 4664 1050
4 4664 5023 1301 3453
4 4985 3257 3134 3747
4 4985 3134 3257 4242
4 4386 806 573 808
4 4386 573 806 4099
4 4716 1596 1583 3825
4 4716 1583 1596 1584
4 3740 4684 2796 3993
4 3740 2796 4684 2571
4 2681 2796 4684 3993
4 2681 4684 2796 2571
4 1596 4061 4067 1735
4 4067 4061 1596 3825
4 1504 946 189 590
4 189 946 1504 1760
4 4919 4756 4303 3765
4 4919 4303 4756 3083
4 3959 5065 664 873
4 3959 664 5065 4850
4 626 664 5065 873
4 626 5065 664 4850
4 4614 1699 5035 3513
4 4614 5035 1699 1727
4 4538 4383 3552 3088
4 4538 3552 4383 3322
4 4455 4220 3664 2811
4 4455 3664 4220 3261
4 4815 4919 4713 2867
4 4713 4919 4815 3765
4 4679 3051 4049 3932
4 4679 4049 3051 4483
4 1424 4909 1256 1480
4 1256 4909 1424 3323
4 5004 3038 3310 3760
4 5004 3310 3038 4668
4 1502 1034 3390 1763
4 3390 1034 1502 1275
4 4379 1546 1545 1547
4 4379 1545 1546 4263
4 4201 4962 3915 2913
4 3915 4962 4201 3288
4 4245 1549 1561 1552
4 4245 1561 1549 3785
4 4194 4348 4839 3354
4 4839 4348 4194 2986
4 4839 4213 4194 3354
4 4194 4213 4839 2986
4 3823 4664 4503 3453
4 3823 4503 4664 177
4 1301 4503 4664 3453
4 1301 4664 4503 177
4 4940 722 4768 3431
4 4940 4768 722 702
4 5033 3813 3370 2948
4 5033 3370 3813 3518
4 4727 1247 4460 3540
4 4727 4460 1247 1438
4 4437 477 2780 476
4 4437 2780 477 3631
4 5038 1647 4614 1534
4 5038 4614 1647 3746
4 4206 4619 3423 3570
4 3423 4619 4206 3010
4 4515 4851 4643 3382
4 4643 4851 4515 3913
4 4352 1771 1687 1785
4 4352 1687 1771 3637
4 4386 573 990 808
4 4386 990 573 3398
4 1166 4674 1297 1448
4 1297 4674 1166 4305
4 4319 4304 4987 2872
4 4319 4987 4304 3272
4 4836 1214 1204 4022
4 4836 1204 1214 1233
4 4641 2584 4285 3805
4 4641 4285 2584 2698
4 4586 4370 3687 3276
4 4586 3687 4370 2931
4 4621 4330 2990 3389
4 4621 2990 4330 5026
4 3739 1384 1385 1241
4 3739 1385 1384 5036
4 1341 4646 4396 1196
4 4396 4646 1341 3681
4 4628 4686 2904 3198
4 2904 4686 4628 3654
4 4957 4784 3935 2966
4 4957 3935 4784 3775
4 4441 1611 1627 1628
4 4441 1627 1611 3673
4 454 4657 2563 455
4 2563 4657 454 3945
4 3362 3003 3729 4398
4 3362 3729 3003 4637
4 4424 1111 3415 1126
4 4424 3415 1111 4014
4 1125 3415 1111 1126
4 1125 1111 3415 4014
4 4432 171 3456 1319
4 4432 3456 171 3875
4 1318 3456 171 1319
4 1318 171 3456 3875
4 4839 2757 3354 2695
4 4839 3354 2757 4285
4 4572 921 4229 640
4 4572 4229 921 4046
4 4668 4150 3842 2830
4 4668 3842 4150 3310
4 4772 742 739 741
4 4772 739 742 4134
4 866 5008 845 659
4 845 5008 866 3611
4 4240 5044 4697 3466
4 4697 5044 4240 3733
4 4556 4540 4132 3291
4 4556 4132 4540 3307
4 4488 2609 2606 4392
4 4488 2606 2609 2608
4 4904 1024 1002 3637
4 4904 1002 1024 857
4 1760 581 4959 1498
4 4959 581 1760 946
4 4091 4825 3607 3341
4 3607 4825 4091 3054
4 5019 3091 3657 4456
4 5019 3657 3091 4064
4 4560 4998 4104 3060
4 4104 4998 4560 3503
4 965 4936 761 964
4 761 4936 965 3642
4 4361 4950 4144 3348
4 4144 4950 4361 3326
4 4676 903 904 3802
4 4676 904 903 736
4 4514 784 938 940
4 4514 938 784 3811
4 4484 4975 3034 3425
4 3034 4975 4484 3495
4 4960 5007 3614 4037
4 3614 5007 4960 3119
4 5052 5017 2893 3557
4 5052 2893 5017 3342
4 4086 2893 5017 3557
4 4086 5017 2893 3342
4 985 4854 3542 957
4 3542 4854 985 3775
4 3542 594 985 957
4 985 594 3542 3775
4 5017 1603 1737 1604
4 5017 1737 1603 4067
4 4732 4739 4380 2903
4 4380 4739 4732 3380
4 4995 4645 4317 2820
4 4995 4317 4645 3385
4 3467 4317 4645 2820
4 3467 4645 4317 3385
4 4588 2718 2717 2715
4 4588 2717 2718 3794
4 5050 3817 577 3692
4 5050 577 3817 4854
4 4798 4977 4040 2963
4 4040 4977 4798 3432
4 3375 3189 3889 4669
4 3375 3889 3189 4674
4 4984 4858 3741 2899
4 4984 3741 4858 4359
4 4961 3413 2949 4037
4 4961 2949 3413 4473
4 4272 4996 4717 3049
4 4717 4996 4272 3372
4 4548 969 3324 4491
4 4548 3324 969 168
4 597 3324 969 4491
4 597 969 3324 168
4 4590 4999 4508 3124
4 4508 4999 4590 3447
4 4515 4643 3787 3382
4 3787 4643 4515 3203
4 2762 4905 2569 2782
4 2569 4905 2762 3818
4 4795 4759 4205 3331
4 4795 4205 4759 3411
4 3026 4205 4759 3331
4 3026 4759 4205 3411
4 4657 593 4362 3691
4 4657 4362 593 962
4 5057 5043 3933 3081
4 5057 3933 5043 3471
4 1028 1775 257 1484
4 1028 257 1775 1459
4 4544 5030 3655 3263
4 3655 5030 4544 3983
4 4936 760 896 964
4 4936 896 760 4541
4 4870 991 961 791
4 4870 961 991 3504
4 588 1754 205 1496
4 588 205 1754 1004
4 5026 2699 4330 4621
4 5026 4330 2699 2650
4 4910 4925 4354 3021
4 4354 4925 4910 3448
4 1756 972 4652 978
4 1756 4652 972 1507
4 5050 957 577 4854
4 5050 577 957 803
4 453 452 2291 2220
4 453 2291 452 427
4 472 499 66 473
4 472 66 499 529
4 411 438 355 412
4 411 355 438 2298
4 461 486 52 509
4 461 52 486 460
4 371 452 427 426
4 427 452 371 2291
4 470 495 62 531
4 470 62 495 469
4 526 504 71 2228
4 477 504 71 478
4 429 345 402 403
4 429 402 345 2273
4 428 13 344 2270
4 428 344 13 402
4 490 56 463 464
4 490 463 56 517
4 409 436 2288 410
4 352 435 2288 409
4 436 2288 435 409
4 436 435 2288 1971
4 67 499 66 514
4 66 499 67 473
4 434 350 351 2293
4 351 350 434 408
4 438 356 355 412
4 438 355 356 2283
4 51 486 52 460
4 51 52 486 507
4 452 370 371 2295
4 371 370 452 426
4 446 364 419 420
4 419 364 446 2287
4 451 369 370 2280
4 451 370 369 425
4 503 70 71 534
4 71 70 503 477
4 500 68 67 474
4 67 68 500 535
4 2340 2000 1998 2339
4 1998 2000 2340 2001
4 491 58 57 465
4 491 57 58 513
4 372 453 14 427
4 14 453 372 2290
4 2019 2360 2361 2012
4 2361 2360 2019 2359
4 489 522 26 2230
4 26 522 489 55
4 443 360 361 2296
4 361 360 443 417
4 520 479 12 13
4 495 61 62 524
4 495 62 61 469
4 15 2290 453 14
4 453 2290 15 1960
4 350 379 2252 2275
4 2252 379 350 433
4 429 346 345 403
4 345 346 429 2278
4 2051 2499 2441 2049
4 2441 2499 2051 2498
4 2464 2035 2028 2423
4 2464 2028 2035 2036
4 422 449 367 423
4 2329 2054 2052 2330
4 2329 2052 2054 2053
4 470 497 527 471
4 64 527 497 471
4 63 496 527 470
4 497 527 496 470
4 497 496 527 2225
4 2353 2120 2347 2398
4 2347 2120 2353 1993
4 2457 2013 2010 2360
4 2010 2013 2457 2199
4 57 490 56 523
4 57 56 490 464
4 2084 2515 2161 2554
4 2084 2161 2515 2214
4 2352 2027 2129 2350
4 2129 2027 2352 2200
4 1967 2544 2230 2159
4 1967 2230 2544 489
4 2463 2119 2118 2344
4 2118 2119 2463 2197
4 359 441 416 415
4 349 432 407 406
4 2287 445 446 419
4 2287 446 445 2245
4 2385 2046 2162 2384
4 2385 2162 2046 2173
4 2286 418 445 419
4 449 448 367 2253
4 449 367 448 422
4 367 448 2289 2253
4 2289 448 366 2253
4 481 47 46 455
4 46 47 481 516
4 2016 2380 2014 2015
4 2016 2014 2380 2496
4 482 48 47 456
4 47 48 482 508
4 1998 2449 1999 1996
4 1998 1999 2449 2339
4 44 2250 73 533
4 44 73 2250 505
4 347 404 431 405
4 2390 2064 2065 2370
4 2065 2064 2390 2063
4 69 502 70 476
4 69 70 502 530
4 501 69 68 475
4 501 68 69 532
4 492 59 58 466
4 58 59 492 518
4 483 49 48 457
4 483 48 49 510
4 431 348 347 405
4 431 347 348 2269
4 441 358 359 2292
4 359 358 441 415
4 1988 2356 2354 1991
4 1988 2354 2356 2363
4 2407 2042 2037 2417
4 2407 2037 2042 2041
4 522 488 25 2230
4 522 25 488 54
4 368 450 369 424
4 369 450 368 2282
4 432 348 349 2271
4 349 348 432 406
4 71 503 504 477
4 71 504 503 2228
4 2248 491 2101 2517
4 2101 491 2248 2221
4 493 59 60 525
4 60 59 493 467
4 357 413 440 414
4 359 2284 442 2259
4 359 441 442 416
4 442 441 359 2259
4 433 432 349 2252
4 349 432 433 407
4 433 349 2275 2252
4 433 2275 350 2252
4 2433 2038 2414 2401
4 2414 2038 2433 2138
4 463 522 488 462
4 449 368 367 423
4 367 368 449 2277
4 2410 2184 2427 2428
4 2427 2184 2410 2073
4 485 50 51 506
4 51 50 485 459
4 489 522 488 463
4 488 522 489 2230
4 2081 2539 2550 2190
4 2081 2550 2539 2434
4 358 1957 2292 441
4 2292 1957 358 387
4 2181 2438 2408 2144
4 2181 2408 2438 2440
4 2514 2175 2318 2239
4 2514 2318 2175 2553
4 504 479 72 478
4 430 2279 347 1962
4 347 431 430 1962
4 430 431 347 404
4 366 421 448 422
4 511 2 15 14
4 45 511 454 14
4 454 511 15 14
4 2069 2435 2170 2171
4 2069 2170 2435 2439
4 72 504 71 526
4 71 504 72 478
4 2086 2506 2301 2212
4 2086 2301 2506 2505
4 2170 2435 2210 2171
4 2170 2210 2435 2322
4 2405 2086 2506 2505
4 2405 2506 2086 2158
4 2235 2502 482 481
4 482 2502 2235 2241
4 2246 2535 2473 2520
4 2246 2473 2535 2139
4 505 504 72 2250
4 505 72 504 479
4 2294 366 447 1955
4 448 366 447 421
4 448 447 366 1955
4 2263 453 2257 2220
4 2257 453 2263 2300
4 362 444 2286 418
4 445 2286 444 418
4 445 444 2286 1966
4 2297 357 439 1974
4 440 357 439 413
4 440 439 357 1974
4 443 418 361 417
4 1977 2305 2243 484
4 1977 2243 2305 2164
4 361 2285 444 2265
4 361 443 444 418
4 444 443 361 2265
4 2216 494 493 2513
4 2216 493 494 1980
4 435 351 408 409
4 2274 435 351 2262
4 352 435 2274 2262
4 444 362 361 418
4 361 362 444 2285
4 49 484 50 458
4 49 50 484 515
4 2104 2545 2490 2522
4 2104 2490 2545 2255
4 439 356 357 2297
4 439 357 356 413
4 2504 2172 2183 2323
4 2183 2172 2504 2257
4 346 430 347 404
4 347 430 346 2279
4 360 442 359 2284
4 359 442 360 416
4 467 494 60 468
4 528 494 60 1980
4 2232 484 2305 1977
4 2232 2305 484 483
4 61 494 60 528
4 61 60 494 468
4 73 505 520 479
4 12 520 505 479
4 12 505 520 1959
4 480 481 512 454
4 480 512 481 1978
4 481 46 454 455
4 454 46 481 512
4 493 60 494 1980
4 494 60 493 467
4 45 511 480 454
4 15 511 480 2247
4 15 480 511 454
4 434 351 435 2262
4 435 351 434 408
4 365 447 366 421
4 365 366 447 2294
4 365 420 447 421
4 2238 365 446 447
4 2238 446 365 2281
4 420 446 365 447
4 435 2288 381 352
4 435 381 2288 1971
4 527 497 35 64
4 527 35 497 2225
4 496 527 34 63
4 496 34 527 2225
4 441 440 358 2266
4 358 440 441 414
4 440 2272 358 2266
4 440 357 2272 2266
4 367 448 366 2289
4 366 448 367 422
4 433 349 350 2275
4 433 350 349 407
4 15 511 0 2
4 0 511 15 2247
4 505 73 72 479
4 2250 73 72 505
4 2250 72 73 533
4 444 2286 391 362
4 444 391 2286 1966
4 435 351 352 2274
4 435 352 351 409
4 505 520 44 73
4 505 44 520 1959
4 364 446 365 420
4 364 365 446 2281
4 511 480 16 45
4 511 16 480 2247
4 358 440 357 2272
4 357 440 358 414

CELL_TYPES 28853
1
1
1
1
1
1
1
1
1
1
1
1
1
1
1
1
3
3
3
3
3
3
3
3
3
3
3
3
3
3
3
3
3
3
3
3
3
3
3
3
3
3
3
3
3
3
3
3
3
3
3
3
3
3
3
3
3
3
3
3
3
3
3
3
3
3
3
3
3
3
3
3
3
3
3
3
3
3
3
3
3
3
3
3
3
3
3
3
3
3
3
3
3
3
3
3
3
3
3
3
3
3
3
3
3
3
3
3
3
3
3
3
3
3
3
3
3
3
3
3
3
3
3
3
3
3
3
3
3
3
3
3
3
3
3
3
3
3
3
3
3
3
3
3
3
3
3
3
3
3
3
3
3
3
3
3
3
3
3
3
3
3
3
3
3
3
3
3
3
3
3
3
3
3
3
3
3
3
3
3
3
3
3
3
3
3
3
3
3
3
3
3
3
3
3
3
3
3
3
3
3
3
3
3
3
3
3
3
3
3
3
3
3
3
3
3
3
3
3
3
3
3
3
3
3
3
3
3
3
3
3
3
3
3
3
3
3
3
3
3
3
3
3
3
3
3
3
3
3
3
3
3
3
3
3
3
3
3
3
3
3
3
3
3
3
3
3
3
3
3
3
3
3
3
3
3
3
3
3
3
3
3
3
3
3
3
3
3
3
3
3
3
3
3
3
3
3
3
3
3
3
3
3
3
3
3
3
3
3
3
3
3
3
3
3
3
3
3
3
3
3
3
3
3
3
3
3
3
3
3
3
3
3
3
3
3
3
3
3
3
3
3
3
3
3
3
3
3
3
3
3
3
3
3
3
3
3
3
3
3
3
3
3
3
3
3
3
3
3
3
3
3
3
3
3
3
3
3
3
3
3
3
3
3
3
3
3
3
3
3
3
3
3
3
3
3
3
3
3
3
3
3
3
3
3
3
3
3
3
3
3
3
3
3
3
3
3
3
3
3
3
3
3
3
3
3
3
3
3
3
3
3
3
3
3
3
3
3
3
3
3
3
3
3
3
3
3
3
3
3
3
3
3
3
3
3
3
3
3
3
3
3
3
3
3
3
3
3
3
3
3
3
3
3
3
3
3
3
3
3
3
3
3
3
3
3
3
3
3
3
3
3
3
3
3
3
3
3
3
3
3
3
3
3
3
3
3
3
3
3
3
3
3
3
3
3
3
3
3
3
3
3
3
3
3
3
3
3
3
3
5
5
5
5
5
5
5
5
5
5
5
5
5
5
5
5
5
5
5
5
5
5
5
5
5
5
5
5
5
5
5
5
5
5
5
5
5
5
5
5
5
5
5
5
5
5
5
5
5
5
5
5
5
5
5
5
5
5
5
5
5
5
5
5
5
5
5
5
5
5
5
5
5
5
5
5
5
5
5
5
5
5
5
5
5
5
5
5
5
5
5
5
5
5
5
5
5
5
5
5
5
5
5
5
5
5
5
5
5
5
5
5
5
5
5
5
5
5
5
5
5
5
5
5
5
5
5
5
5
5
5
5
5
5
5
5
5
5
5
5
5
5
5
5
5
5
5
5
5
5
5
5
5
5
5
5
5
5
5
5
5
5
5
5
5
5
5
5
5
5
5
5
5
5
5
5
5
5
5
5
5
5
5
5
5
5
5
5
5
5
5
5
5
5
5
5
5
5
5
5
5
5
5
5
5
5
5
5
5
5
5
5
5
5
5
5
5
5
5
5
5
5
5
5
5
5
5
5
5
5
5
5
5
5
5
5
5
5
5
5
5
5
5
5
5
5
5
5
5
5
5
5
5
5
5
5
5
5
5
5
5
5
5
5
5
5
5
5
5
5
5
5
5
5
5
5
5
5
5
5
5
5
5
5
5
5
5
5
5
5
5
5
5
5
5
5
5
5
5
5
5
5
5
5
5
5
5
5
5
5
5
5
5
5
5
5
5
5
5
5
5
5
5
5
5
5
5
5
5
5
5
5
5
5
5
5
5
5
5
5
5
5
5
5
5
5
5
5
5
5
5
5
5
5
5
5
5
5
5
5
5
5
5
5
5
5
5
5
5
5
5
5
5
5
5
5
5
5
5
5
5
5
5
5
5
5
5
5
5
5
5
5
5
5
5
5
5
5
5
5
5
5
5
5
5
5
5
5
5
5
5
5
5
5
5
5
5
5
5
5
5
5
5
5
5
5
5
5
5
5
5
5
5
5
5
5
5
5
5
5
5
5
5
5
5
5
5
5
5
5
5
5
5
5
5
5
5
5
5
5
5
5
5
5
5
5
5
5
5
5
5
5
5
5
5
5
5
5
5
5
5
5
5
5
5
5
5
5
5
5
5
5
5
5
5
5
5
5
5
5
5
5
5
5
5
5
5
5
5
5
5
5
5
5
5
5
5
5
5
5
5
5
5
5
5
5
5
5
5
5
5
5
5
5
5
5
5
5
5
5
5
5
5
5
5
5
5
5
5
5
5
5
5
5
5
5
5
5
5
5
5
5
5
5
5
5
5
5
5
5
5
5
5
5
5
5
5
5
5
5
5
5
5
5
5
5
5
5
5
5
5
5
5
5
5
5
5
5
5
5
5
5
5
5
5
5
5
5
5
5
5
5
5
5
5
5
5
5
5
5
5
5
5
5
5
5
5
5
5
5
5
5
5
5
5
5
5
5
5
5
5
5
5
5
5
5
5
5
5
5
5
5
5
5
5
5
5
5
5
5
5
5
5
5
5
5
5
5
5
5
5
5
5
5
5
5
5
5
5
5
5
5
5
5
5
5
5
5
5
5
5
5
5
5
5
5
5
5
5
5
5
5
5
5
5
5
5
5
5
5
5
5
5
5
5
5
5
5
5
5
5
5
5
5
5
5
5
5
5
5
5
5
5
5
5
5
5
5
5
5
5
5
5
5
5
5
5
5
5
5
5
5
5
5
5
5
5
5
5
5
5
5
5
5
5
5
5
5
5
5
5
5
5
5
5
5
5
5
5
5
5
5
5
5
5
5
5
5
5
5
5
5
5
5
5
5
5
5
5
5
5
5
5
5
5
5
5
5
5
5
5
5
5
5
5
5
5
5
5
5
5
5
5
5
5
5
5
5
5
5
5
5
5
5
5
5
5
5
5
5
5
5
5
5
5
5
5
5
5
5
5
5
5
5
5
5
5
5
5
5
5
5
5
5
5
5
5
5
5
5
5
5
5
5
5
5
5
5
5
5
5
5
5
5
5
5
5
5
5
5
5
5
5
5
5
5
5
5
5
5
5
5
5
5
5
5
5
5
5
5
5
5
5
5
5
5
5
5
5
5
5
5
5
5
5
5
5
5
5
5
5
5
5
5
5
5
5
5
5
5
5
5
5
5
5
5
5
5
5
5
5
5
5
5
5
5
5
5
5
5
5
5
5
5
5
5
5
5
5
5
5
5
5
5
5
5
5
5
5
5
5
5
5
5
5
5
5
5
5
5
5
5
5
5
5
5
5
5
5
5
5
5
5
5
5
5
5
5
5
5
5
5
5
5
5
5
5
5
5
5
5
5
5
5
5
5
5
5
5
5
5
5
5
5
5
5
5
5
5
5
5
5
5
5
5
5
5
5
5
5
5
5
5
5
5
5
5
5
5
5
5
5
5
5
5
5
5
5
5
5
5
5
5
5
5
5
5
5
5
5
5
5
5
5
5
5
5
5
5
5
5
5
5
5
5
5
5
5
5
5
5
5
5
5
5
5
5
5
5
5
5
5
5
5
5
5
5
5
5
5
5
5
5
5
5
5
5
5
5
5
5
5
5
5
5
5
5
5
5
5
5
5
5
5
5
5
5
5
5
5
5
5
5
5
5
5
5
5
5
5
5
5
5
5
5
5
5
5
5
5
5
5
5
5
5
5
5
5
5
5
5
5
5
5
5
5
5
5
5
5
5
5
5
5
5
5
5
5
5
5
5
5
5
5
5
5
5
5
5
5
5
5
5
5
5
5
5
5
5
5
5
5
5
5
5
5
5
5
5
5
5
5
5
5
5
5
5
5
5
5
5
5
5
5
5
5
5
5
5
5
5
5
5
5
5
5
5
5
5
5
5
5
5
5
5
5
5
5
5
5
5
5
5
5
5
5
5
5
5
5
5
5
5
5
5
5
5
5
5
5
5
5
5
5
5
5
5
5
5
5
5
5
5
5
5
5
5
5
5
5
5
5
5
5
5
5
5
5
5
5
5
5
5
5
5
5
5
5
5
5
5
5
5
5
5
5
5
5
5
5
5
5
5
5
5
5
5
5
5
5
5
5
5
5
5
5
5
5
5
5
5
5
5
5
5
5
5
5
5
5
5
5
5
5
5
5
5
5
5
5
5
5
5
5
5
5
5
5
5
5
5
5
5
5
5
5
5
5
5
5
5
5
5
5
5
5
5
5
5
5
5
5
5
5
5
5
5
5
5
5
5
5
5
5
5
5
5
5
5
5
5
5
5
5
5
5
5
5
5
5
5
5
5
5
5
5
5
5
5
5
5
5
5
5
5
5
5
5
5
5
5
5
5
5
5
5
5
5
5
5
5
5
5
5
5
5
5
5
5
5
5
5
5
5
5
5
5
5
5
5
5
5
5
5
5
5
5
5
5
5
5
5
5
5
5
5
5
5
5
5
5
5
5
5
5
5
5
5
5
5
5
5
5
5
5
5
5
5
5
5
5
5
5
5
5
5
5
5
5
5
5
5
5
5
5
5
5
5
5
5
5
5
5
5
5
5
5
5
5
5
5
5
5
5
5
5
5
5
5
5
5
5
5
5
5
5
5
5
5
5
5
5
5
5
5
5
5
5
5
5
5
5
5
5
5
5
5
5
5
5
5
5
5
5
5
5
5
5
5
5
5
5
5
5
5
5
5
5
5
5
5
5
5
5
5
5
5
5
5
5
5
5
5
5
5
5
5
5
5
5
5
5
5
5
5
5
5
5
5
5
5
5
5
5
5
5
5
5
5
5
5
5
5
5
5
5
5
5
5
5
5
5
5
5
5
5
5
5
5
5
5
5
5
5
5
5
5
5
5
5
5
5
5
5
5
5
5
5
5
5
5
5
5
5
5
5
5
5
5
5
5
5
5
5
5
5
5
5
5
5
5
5
5
5
5
5
5
5
5
5
5
5
5
5
5
5
5
5
5
5
5
5
5
5
5
5
5
5
5
5
5
5
5
5
5
5
5
5
5
5
5
5
5
5
5
5
5
5
5
5
5
5
5
5
5
5
5
5
5
5
5
5
5
5
5
5
5
5
5
5
5
5
5
5
5
5
5
5
5
5
5
5
5
5
5
5
5
5
5
5
5
5
5
5
5
5
5
5
5
5
5
5
5
5
5
5
5
5
5
5
5
5
5
5
5
5
5
5
5
5
5
5
5
5
5
5
5
5
5
5
5
5
5
5
5
5
5
5
5
5
5
5
5
5
5
5
5
5
5
5
5
5
5
5
5
5
5
5
5
5
5
5
5
5
5
5
5
5
5
5
5
5
5
5
5
5
5
5
5
5
5
5
5
5
5
5
5
5
5
5
5
5
5
5
5
5
5
5
5
5
5
5
5
5
5
5
5
5
5
5
5
5
5
5
5
5
5
5
5
5
5
5
5
5
5
5
5
5
5
5
5
5
5
5
5
5
5
5
5
5
5
5
5
5
5
5
5
5
5
5
5
5
5
5
5
5
5
5
5
5
5
5
5
5
5
5
5
5
5
5
5
5
5
5
5
5
5
5
5
5
5
5
5
5
5
5
5
5
5
5
5
5
5
5
5
5
5
5
5
5
5
5
5
5
5
5
5
5
5
5
5
5
5
5
5
5
5
5
5
5
5
5
5
5
5
5
5
5
5
5
5
5
5
5
5
5
5
5
5
5
5
5
5
5
5
5
5
5
5
5
5
5
5
5
5
5
5
5
5
5
5
5
5
5
5
5
5
5
5
5
5
5
5
5
5
5
5
5
5
5
5
5
5
5
5
5
5
5
5
5
5
5
5
5
5
5
5
5
5
5
5
5
5
5
5
5
5
5
5
5
5
5
5
5
5
5
5
5
5
5
5
5
5
5
5
5
5
5
5
5
5
5
5
5
5
5
5
5
5
5
5
5
5
5
5
5
5
5
5
5
5
5
5
5
5
5
5
5
5
5
5
5
5
5
5
5
5
5
5
5
5
5
5
5
5
5
5
5
5
5
5
5
5
5
5
5
5
5
5
5
5
5
5
5
5
5
5
5
5
5
5
5
5
5
5
5
5
5
5
5
5
5
5
5
5
5
5
5
5
5
5
5
5
5
5
5
5
5
5
5
5
5
5
5
5
5
5
5
5
5
5
5
5
5
5
5
5
5
5
5
5
5
5
5
5
5
5
5
5
5
5
5
5
5
5
5
5
5
5
5
5
5
5
5
5
5
5
5
5
5
5
5
5
5
5
5
5
5
5
5
5
5
5
5
5
5
5
5
5
5
5
5
5
5
5
5
5
5
5
5
5
5
5
5
5
5
5
5
5
5
5
5
5
5
5
5
5
5
5
5
5
5
5
5
5
5
5
5
5
5
5
5
5
5
5
5
5
5
5
5
5
5
5
5
5
5
5
5
5
5
5
5
5
5
5
5
5
5
5
5
5
5
5
5
5
5
5
5
5
5
5
5
5
5
5
5
5
5
5
5
5
5
5
5
5
5
5
5
5
5
5
5
5
5
5
5
5
5
5
5
5
5
5
5
5
5
5
5
5
5
5
5
5
5
5
5
5
5
5
5
5
5
5
5
5
5
5
5
5
5
5
5
5
5
5
5
5
5
5
5
5
5
5
5
5
5
5
5
5
5
5
5
5
5
5
5
5
5
5
5
5
5
5
5
5
5
5
5
5
5
5
5
5
5
5
5
5
5
5
5
5
5
5
5
5
5
5
5
5
5
5
5
5
5
5
5
5
5
5
5
5
5
5
5
5
5
5
5
5
5
5
5
5
5
5
5
5
5
5
5
5
5
5
5
5
5
5
5
5
5
5
5
5
5
5
5
5
5
5
5
5
5
5
5
5
5
5
5
5
5
5
5
5
5
5
5
5
5
5
5
5
5
5
5
5
5
5
5
5
5
5
5
5
5
5
5
5
5
5
5
5
5
5
5
5
5
5
5
5
5
5
5
5
5
5
5
5
5
5
5
5
5
5
5
5
5
5
5
5
5
5
5
5
5
5
5
5
5
5
5
5
5
5
5
5
5
5
5
5
5
5
5
5
5
5
5
5
5
5
5
5
5
5
5
5
5
5
5
5
5
5
5
5
5
5
5
5
5
5
5
5
5
5
5
5
5
5
5
5
5
5
5
5
5
5
5
5
5
5
5
5
5
5
5
5
5
5
5
5
5
5
5
5
5
5
5
5
5
5
5
5
5
5
5
5
5
5
5
5
5
5
5
5
5
5
5
5
5
5
5
5
5
5
5
5
5
5
5
5
5
5
5
5
5
5
5
5
5
5
5
5
5
5
5
5
5
5
5
5
5
5
5
5
5
5
5
5
5
5
5
5
5
5
5
5
5
5
5
5
5
5
5
5
5
5
5
5
5
5
5
5
5
5
5
5
5
5
5
5
5
5
5
5
5
5
5
5
5
5
5
5
5
5
5
5
5
5
5
5
5
5
5
5
5
5
5
5
5
5
5
5
5
5
5
5
5
5
5
5
5
5
5
5
5
5
5
5
5
5
5
5
5
5
5
5
5
5
5
5
5
5
5
5
5
5
5
5
5
5
5
5
5
5
5
5
5
5
5
5
5
5
5
5
5
5
5
5
5
5
5
5
5
5
5
5
5
5
5
5
5
5
5
5
5
5
5
5
5
5
5
5
5
5
5
5
5
5
5
5
5
5
5
5
5
5
5
5
5
5
5
5
5
5
5
5
5
5
5
5
5
5
5
5
5
5
5
5
5
5
5
5
5
5
5
5
5
5
5
5
5
5
5
5
5
5
5
5
5
5
5
5
5
5
5
5
5
5
5
5
5
5
5
5
5
5
5
5
5
5
5
5
5
5
5
5
5
5
5
5
5
5
5
5
5
5
5
5
5
5
5
5
5
5
5
5
5
5
5
5
5
5
5
5
5
5
5
5
5
5
5
5
5
5
5
5
5
5
5
5
5
5
5
5
5
5
5
5
5
5
5
5
5
5
5
5
5
5
5
5
5
5
5
5
5
5
5
5
5
5
5
5
5
5
5
5
5
5
5
5
5
5
5
5
5
5
5
5
5
5
5
5
5
5
5
5
5
5
5
5
5
5
5
5
5
5
5
5
5
5
5
5
5
5
5
5
5
5
5
5
5
5
5
5
5
5
5
5
5
5
5
5
5
5
5
5
5
5
5
5
5
5
5
5
5
5
5
5
5
5
5
5
5
5
5
5
5
5
5
5
5
5
5
5
5
5
5
5
5
5
5
5
5
5
5
5
5
5
5
5
5
5
5
5
5
5
5
5
5
5
5
5
5
5
5
5
5
5
5
5
5
5
5
5
5
5
5
5
5
5
5
5
5
5
5
5
5
5
5
5
5
5
5
5
5
5
5
5
5
5
5
5
5
5
5
5
5
5
5
5
5
5
5
5
5
5
5
5
5
5
5
5
5
5
5
5
5
5
5
5
5
5
5
5
5
5
5
5
5
5
5
5
5
5
5
5
5
5
5
5
5
5
5
5
5
5
5
5
5
5
5
5
5
5
5
5
5
5
5
5
5
5
5
5
5
5
5
5
5
5
5
5
5
5
5
5
5
5
5
5
5
5
5
5
5
5
5
5
5
5
5
5
5
5
5
5
5
5
5
5
5
5
5
5
5
5
5
5
5
5
5
5
5
5
5
5
5
5
5
5
5
5
5
5
5
5
5
5
5
5
5
5
5
5
5
5
5
5
5
5
5
5
5
5
5
5
5
5
5
5
5
5
5
5
5
5
5
5
5
5
5
5
5
5
5
5
5
5
5
5
5
5
5
5
5
5
5
5
5
5
5
5
5
5
5
5
5
5
5
5
5
5
5
5
5
5
5
5
5
5
5
5
5
5
5
5
5
5
5
5
5
5
5
5
5
5
5
5
5
5
5
5
5
5
5
5
5
5
5
5
5
5
5
5
5
5
5
5
5
5
5
5
5
5
5
5
5
5
5
5
5
5
5
5
5
5
5
5
5
5
5
5
5
5
5
5
5
5
5
5
5
5
5
5
5
5
5
5
5
5
5
5
5
5
5
5
5
5
5
5
5
5
5
5
5
5
5
5
5
5
5
5
5
5
5
5
5
5
5
5
5
5
5
5
5
5
5
5
5
5
5
5
5
5
5
5
5
5
5
5
5
5
5
5
5
5
5
5
5
5
5
5
5
5
5
5
5
5
5
5
5
5
5
5
5
5
5
5
5
5
5
5
5
5
5
5
5
5
5
5
5
5
5
5
5
5
5
5
5
5
5
5
5
5
5
5
5
5
5
5
5
5
5
5
5
5
5
5
5
5
5
5
5
5
5
5
5
5
5
5
5
5
5
5
5
5
5
5
5
5
5
5
5
5
5
5
5
5
5
5
5
5
5
5
5
5
5
5
5
5
5
5
5
5
5
5
5
5
5
5
5
5
5
5
5
5
5
5
5
5
5
5
5
5
5
5
5
5
5
5
5
5
5
5
5
5
5
5
5
5
5
5
5
5
5
5
5
5
5
5
5
5
5
5
5
5
5
5
5
5
5
5
5
5
5
5
5
5
5
5
5
5
5
5
5
5
5
5
5
5
5
5
5
5
5
5
5
5
5
5
5
5
5
5
5
5
5
5
5
5
5
5
5
5
5
5
5
5
5
5
5
5
5
5
5
5
5
5
5
5
5
5
5
5
5
5
5
5
5
5
5
5
5
5
5
5
5
5
5
5
5
5
5
5
5
5
5
5
5
5
5
5
5
5
5
5
5
5
5
5
5
5
5
5
5
5
5
5
5
5
5
5
5
5
5
5
5
5
5
5
5
5
5
5
5
5
5
5
5
5
5
5
5
5
5
5
5
5
5
5
5
5
5
5
5
5
5
5
5
5
5
5
5
5
5
5
5
5
5
5
5
5
5
5
5
5
5
5
5
5
5
5
5
5
5
5
5
5
5
5
5
5
5
5
5
5
5
5
5
5
5
5
5
5
5
5
5
5
5
5
5
5
5
5
5
5
5
5
5
5
5
5
5
5
5
5
5
5
5
5
5
5
5
5
5
5
5
5
5
5
5
5
5
5
5
5
5
5
5
5
5
5
5
5
5
5
5
5
5
5
5
5
5
5
5
5
5
5
5
5
5
5
5
5
5
5
5
5
5
5
5
5
5
5
5
5
5
5
5
5
5
5
5
5
5
5
5
5
5
5
5
5
5
5
5
5
5
5
5
5
5
5
5
5
5
5
5
5
5
5
5
5
5
5
5
5
5
5
5
5
5
5
5
5
5
5
5
5
5
5
5
5
5
5
5
5
5
5
5
5
5
5
5
5
5
5
5
5
5
5
5
5
5
5
5
5
5
5
5
5
5
5
5
5
5
5
5
5
5
5
5
5
5
5
5
5
5
5
5
5
5
5
5
5
5
5
5
5
5
5
5
5
5
5
5
5
5
5
5
5
5
5
5
5
5
5
5
5
5
5
5
5
5
5
5
5
5
5
5
5
5
5
5
5
5
5
5
5
5
5
5
5
5
5
5
5
5
5
5
5
5
5
5
5
5
5
5
5
5
5
5
5
5
5
5
5
5
5
5
5
5
5
5
5
5
5
5
5
5
5
5
5
5
5
5
5
5
5
5
5
5
5
5
5
5
5
5
5
5
5
5
5
5
5
5
5
5
5
5
5
5
5
5
5
5
5
5
5
5
5
5
5
5
5
5
5
5
5
5
5
5
5
5
5
5
5
5
5
5
5
5
5
5
5
5
5
5
5
5
5
5
5
5
5
5
5
5
5
5
5
5
5
5
5
5
5
5
5
5
5
5
5
5
5
5
5
5
5
5
5
5
5
5
5
5
5
5
5
5
5
5
5
5
5
5
5
5
5
5
5
5
5
5
5
5
5
5
5
5
5
5
5
5
5
5
5
5
5
5
5
5
5
5
5
5
5
5
5
5
5
5
5
5
5
5
5
5
5
5
5
5
5
5
5
5
5
5
5
5
5
5
5
5
5
5
5
5
5
5
5
5
5
5
5
5
5
5
5
5
5
5
5
5
5
5
5
5
5
5
5
5
5
5
5
5
5
5
5
5
5
5
5
5
5
5
5
5
5
5
5
5
5
5
5
5
5
5
5
5
5
5
5
5
5
5
5
5
5
5
5
5
5
5
5
5
5
5
5
5
5
5
5
5
5
5
5
5
5
5
5
5
5
5
5
5
5
5
5
5
5
5
5
5
5
5
5
5
5
5
5
5
5
5
5
5
5
5
5
5
5
5
5
5
5
5
5
5
5
5
5
5
5
5
5
5
5
5
5
5
5
5
5
5
5
5
5
5
5
5
5
5
5
5
5
5
5
5
5
5
5
5
5
5
5
5
5
5
5
5
5
5
5
5
5
5
5
5
5
5
5
5
5
5
5
5
5
5
5
5
5
5
5
5
5
5
5
5
5
5
5
5
5
5
5
5
5
5
5
5
5
5
5
5
5
5
5
5
5
5
5
5
5
5
5
5
5
5
5
5
5
5
5
5
5
5
5
5
5
5
5
5
5
5
5
5
5
5
5
5
5
5
5
5
5
5
5
5
5
5
5
5
5
5
5
5
5
5
5
5
5
5
5
5
5
5
5
5
5
5
5
5
5
5
5
5
5
5
5
5
5
5
5
5
5
5
5
5
5
5
5
5
5
5
5
5
5
5
5
5
5
5
5
5
5
5
5
5
5
5
5
5
5
5
5
5
5
5
5
5
5
5
5
5
5
5
5
5
5
5
5
5
5
5
5
5
5
5
5
5
5
5
5
5
5
5
5
5
5
5
5
5
5
5
5
5
5
5
5
5
5
5
5
5
5
5
5
5
5
5
5
5
5
5
5
5
5
5
5
5
5
5
5
5
5
5
5
5
5
5
5
5
5
5
5
5
5
5
5
5
5
5
5
5
5
5
5
5
5
5
5
5
5
5
5
5
5
5
5
5
5
5
5
5
5
5
5
5
5
5
5
5
5
5
5
5
5
5
5
5
5
5
5
5
5
5
5
5
5
5
5
5
5
5
5
5
5
5
5
5
5
5
5
5
5
5
5
5
5
5
5
5
5
5
5
5
5
5
5
5
5
5
5
5
5
5
5
5
5
5
5
5
5
5
5
5
5
5
5
5
5
5
5
5
5
5
5
5
5
5
5
5
5
5
5
5
5
5
5
5
5
5
5
5
5
5
5
5
5
5
5
5
5
5
5
5
5
5
5
5
5
5
5
5
5
5
5
5
5
5
5
5
5
5
5
5
5
5
5
5
5
5
5
5
5
5
5
5
5
5
5
5
5
5
5
5
5
5
5
5
5
5
5
5
5
5
5
5
5
5
5
5
5
5
5
5
5
5
5
5
5
5
5
5
5
5
5
5
5
5
5
5
5
5
5
5
5
5
5
5
5
5
5
5
5
5
5
5
5
5
5
5
5
5
5
5
5
5
5
5
5
5
5
5
5
5
5
5
5
5
5
5
5
5
5
5
5
5
5
5
5
5
5
5
5
5
5
5
5
5
5
5
5
5
5
5
5
5
5
5
5
5
5
5
5
5
5
5
5
5
5
5
5
5
5
5
5
5
5
5
5
5
5
5
5
5
5
5
5
5
5
5
5
5
5
5
5
5
5
5
5
5
5
5
5
5
5
5
5
5
5
5
5
5
5
5
5
5
5
5
5
5
5
5
5
5
5
5
5
5
5
5
5
5
5
5
5
5
5
5
5
5
5
5
5
5
5
5
5
5
5
5
5
5
5
5
5
5
5
5
5
5
5
5
5
5
5
5
5
5
5
5
5
5
5
5
5
5
5
5
5
5
5
5
5
5
5
5
5
5
5
5
5
5
5
5
5
5
5
5
5
5
5
5
5
5
5
5
5
5
5
5
5
5
5
5
5
5
5
5
5
5
5
5
5
5
5
5
5
5
5
5
5
5
5
5
5
5
5
5
5
5
5
5
5
5
5
5
5
5
5
5
5
5
5
5
5
5
5
5
5
5
5
5
5
5
5
5
5
5
5
5
5
5
5
5
5
5
5
5
5
5
5
5
5
5
5
5
5
5
5
5
5
5
5
5
5
5
5
5
5
5
5
5
5
5
5
5
5
5
5
5
5
5
5
5
5
5
5
5
5
5
5
5
5
5
5
5
5
5
5
5
5
5
5
5
5
5
5
5
5
5
5
5
5
5
5
5
5
5
5
5
5
5
5
5
5
5
5
5
5
5
5
5
5
5
5
5
5
5
5
5
5
5
5
5
5
5
5
5
5
5
5
5
5
5
5
5
5
5
5
5
5
5
5
5
5
5
5
5
5
5
5
5
5
5
5
5
5
5
5
5
5
5
5
5
5
5
5
5
5
5
5
5
5
5
5
5
5
5
5
5
5
5
5
5
5
5
5
5
5
5
5
5
5
5
5
5
5
5
5
5
5
5
5
5
5
5
5
5
5
5
5
5
5
5
5
5
5
5
5
5
5
5
5
5
5
5
5
5
5
5
5
5
5
5
5
5
5
5
5
5
5
5
5
5
5
5
5
5
5
5
5
5
5
5
5
5
5
5
5
5
5
5
5
5
5
5
5
5
5
5
5
5
5
5
5
5
5
5
5
5
5
5
5
5
5
5
5
5
5
5
5
5
5
5
5
5
5
5
5
5
5
5
5
5
5
5
5
5
5
5
5
5
5
5
5
5
5
5
5
5
5
5
5
5
5
5
5
5
5
5
10
10
10
10
10
10
10
10
10
10
10
10
10
10
10
10
10
10
10
10
10
10
10
10
10
10
10
10
10
10
10
10
10
10
10
10
10
10
10
10
10
10
10
10
10
10
10
10
10
10
10
10
10
10
10
10
10
10
10
10
10
10
10
10
10
10
10
10
10
10
10
10
10
10
10
10
10
10
10
10
10
10
10
10
10
10
10
10
10
10
10
10
10
10
10
10
10
10
10
10
10
10
10
10
10
10
10
10
10
10
10
10
10
10
10
10
10
10
10
10
10
10
10
10
10
10
10
10
10
10
10
10
10
10
10
10
10
10
10
10
10
10
10
10
10
10
10
10
10
10
10
10
10
10
10
10
10
10
10
10
10
10
10
10
10
10
10
10
10
10
10
10
10
10
10
10
10
10
10
10
10
10
10
10
10
10
10
10
10
10
10
10
10
10
10
10
10
10
10
10
10
10
10
10
10
10
10
10
10
10
10
10
10
10
10
10
10
10
10
10
10
10
10
10
10
10
10
10
10
10
10
10
10
10
10
10
10
10
10
10
10
10
10
10
10
10
10
10
10
10
10
10
10
10
10
10
10
10
10
10
10
10
10
10
10
10
10
10
10
10
10
10
10
10
10
10
10
10
10
10
10
10
10
10
10
10
10
10
10
10
10
10
10
10
10
10
10
10
10
10
10
10
10
10
10
10
10
10
10
10
10
10
10
10
10
10
10
10
10
10
10
10
10
10
10
10
10
10
10
10
10
10
10
10
10
10
10
10
10
10
10
10
10
10
10
10
10
10
10
10
10
10
10
10
10
10
10
10
10
10
10
10
10
10
10
10
10
10
10
10
10
10
10
10
10
10
10
10
10
10
10
10
10
10
10
10
10
10
10
10
10
10
10
10
10
10
10
10
10
10
10
10
10
10
10
10
10
10
10
10
10
10
10
10
10
10
10
10
10
10
10
10
10
10
10
10
10
10
10
10
10
10
10
10
10
10
10
10
10
10
10
10
10
10
10
10
10
10
10
10
10
10
10
10
10
10
10
10
10
10
10
10
10
10
10
10
10
10
10
10
10
10
10
10
10
10
10
10
10
10
10
10
10
10
10
10
10
10
10
10
10
10
10
10
10
10
10
10
10
10
10
10
10
10
10
10
10
10
10
10
10
10
10
10
10
10
10
10
10
10
10
10
10
10
10
10
10
10
10
10
10
10
10
10
10
10
10
10
10
10
10
10
10
10
10
10
10
10
10
10
10
10
10
10
10
10
10
10
10
10
10
10
10
10
10
10
10
10
10
10
10
10
10
10
10
10
10
10
10
10
10
10
10
10
10
10
10
10
10
10
10
10
10
10
10
10
10
10
10
10
10
10
10
10
10
10
10
10
10
10
10
10
10
10
10
10
10
10
10
10
10
10
10
10
10
10
10
10
10
10
10
10
10
10
10
10
10
10
10
10
10
10
10
10
10
10
10
10
10
10
10
10
10
10
10
10
10
10
10
10
10
10
10
10
10
10
10
10
10
10
10
10
10
10
10
10
10
10
10
10
10
10
10
10
10
10
10
10
10
10
10
10
10
10
10
10
10
10
10
10
10
10
10
10
10
10
10
10
10
10
10
10
10
10
10
10
10
10
10
10
10
10
10
10
10
10
10
10
10
10
10
10
10
10
10
10
10
10
10
10
10
10
10
10
10
10
10
10
10
10
10
10
10
10
10
10
10
10
10
10
10
10
10
10
10
10
10
10
10
10
10
10
10
10
10
10
10
10
10
10
10
10
10
10
10
10
10
10
10
10
10
10
10
10
10
10
10
10
10
10
10
10
10
10
10
10
10
10
10
10
10
10
10
10
10
10
10
10
10
10
10
10
10
10
10
10
10
10
10
10
10
10
10
10
10
10
10
10
10
10
10
10
10
10
10
10
10
10
10
10
10
10
10
10
10
10
10
10
10
10
10
10
10
10
10
10
10
10
10
10
10
10
10
10
10
10
10
10
10
10
10
10
10
10
10
10
10
10
10
10
10
10
10
10
10
10
10
10
10
10
10
10
10
10
10
10
10
10
10
10
10
10
10
10
10
10
10
10
10
10
10
10
10
10
10
10
10
10
10
10
10
10
10
10
10
10
10
10
10
10
10
10
10
10
10
10
10
10
10
10
10
10
10
10
10
10
10
10
10
10
10
10
10
10
10
10
10
10
10
10
10
10
10
10
10
10
10
10
10
10
10
10
10
10
10
10
10
10
10
10
10
10
10
10
10
10
10
10
10
10
10
10
10
10
10
10
10
10
10
10
10
10
10
10
10
10
10
10
10
10
10
10
10
10
10
10
10
10
10
10
10
10
10
10
10
10
10
10
10
10
10
10
10
10
10
10
10
10
10
10
10
10
10
10
10
10
10
10
10
10
10
10
10
10
10
10
10
10
10
10
10
10
10
10
10
10
10
10
10
10
10
10
10
10
10
10
10
10
10
10
10
10
10
10
10
10
10
10
10
10
10
10
10
10
10
10
10
10
10
10
10
10
10
10
10
10
10
10
10
10
10
10
10
10
10
10
10
10
10
10
10
10
10
10
10
10
10
10
10
10
10
10
10
10
10
10
10
10
10
10
10
10
10
10
10
10
10
10
10
10
10
10
10
10
10
10
10
10
10
10
10
10
10
10
10
10
10
10
10
10
10
10
10
10
10
10
10
10
10
10
10
10
10
10
10
10
10
10
10
10
10
10
10
10
10
10
10
10
10
10
10
10
10
10
10
10
10
10
10
10
10
10
10
10
10
10
10
10
10
10
10
10
10
10
10
10
10
10
10
10
10
10
10
10
10
10
10
10
10
10
10
10
10
10
10
10
10
10
10
10
10
10
10
10
10
10
10
10
10
10
10
10
10
10
10
10
10
10
10
10
10
10
10
10
10
10
10
10
10
10
10
10
10
10
10
10
10
10
10
10
10
10
10
10
10
10
10
10
10
10
10
10
10
10
10
10
10
10
10
10
10
10
10
10
10
10
10
10
10
10
10
10
10
10
10
10
10
10
10
10
10
10
10
10
10
10
10
10
10
10
10
10
10
10
10
10
10
10
10
10
10
10
10
10
10
10
10
10
10
10
10
10
10
10
10
10
10
10
10
10
10
10
10
10
10
10
10
10
10
10
10
10
10
10
10
10
10
10
10
10
10
10
10
10
10
10
10
10
10
10
10
10
10
10
10
10
10
10
10
10
10
10
10
10
10
10
10
10
10
10
10
10
10
10
10
10
10
10
10
10
10
10
10
10
10
10
10
10
10
10
10
10
10
10
10
10
10
10
10
10
10
10
10
10
10
10
10
10
10
10
10
10
10
10
10
10
10
10
10
10
10
10
10
10
10
10
10
10
10
10
10
10
10
10
10
10
10
10
10
10
10
10
10
10
10
10
10
10
10
10
10
10
10
10
10
10
10
10
10
10
10
10
10
10
10
10
10
10
10
10
10
10
10
10
10
10
10
10
10
10
10
10
10
10
10
10
10
10
10
10
10
10
10
10
10
10
10
10
10
10
10
10
10
10
10
10
10
10
10
10
10
10
10
10
10
10
10
10
10
10
10
10
10
10
10
10
10
10
10
10
10
10
10
10
10
10
10
10
10
10
10
10
10
10
10
10
10
10
10
10
10
10
10
10
10
10
10
10
10
10
10
10
10
10
10
10
10
10
10
10
10
10
10
10
10
10
10
10
10
10
10
10
10
10
10
10
10
10
10
10
10
10
10
10
10
10
10
10
10
10
10
10
10
10
10
10
10
10
10
10
10
10
10
10
10
10
10
10
10
10
10
10
10
10
10
10
10
10
10
10
10
10
10
10
10
10
10
10
10
10
10
10
10
10
10
10
10
10
10
10
10
10
10
10
10
10
10
10
10
10
10
10
10
10
10
10
10
10
10
10
10
10
10
10
10
10
10
10
10
10
10
10
10
10
10
10
10
10
10
10
10
10
10
10
10
10
10
10
10
10
10
10
10
10
10
10
10
10
10
10
10
10
10
10
10
10
10
10
10
10
10
10
10
10
10
10
10
10
10
10
10
10
10
10
10
10
10
10
10
10
10
10
10
10
10
10
10
10
10
10
10
10
10
10
10
10
10
10
10
10
10
10
10
10
10
10
10
10
10
10
10
10
10
10
10
10
10
10
10
10
10
10
10
10
10
10
10
10
10
10
10
10
10
10
10
10
10
10
10
10
10
10
10
10
10
10
10
10
10
10
10
10
10
10
10
10
10
10
10
10
10
10
10
10
10
10
10
10
10
10
10
10
10
10
10
10
10
10
10
10
10
10
10
10
10
10
10
10
10
10
10
10
10
10
10
10
10
10
10
10
10
10
10
10
10
10
10
10
10
10
10
10
10
10
10
10
10
10
10
10
10
10
10
10
10
10
10
10
10
10
10
10
10
10
10
10
10
10
10
10
10
10
10
10
10
10
10
10
10
10
10
10
10
10
10
10
10
10
10
10
10
10
10
10
10
10
10
10
10
10
10
10
10
10
10
10
10
10
10
10
10
10
10
10
10
10
10
10
10
10
10
10
10
10
10
10
10
10
10
10
10
10
10
10
10
10
10
10
10
10
10
10
10
10
10
10
10
10
10
10
10
10
10
10
10
10
10
10
10
10
10
10
10
10
10
10
10
10
10
10
10
10
10
10
10
10
10
10
10
10
10
10
10
10
10
10
10
10
10
10
10
10
10
10
10
10
10
10
10
10
10
10
10
10
10
10
10
10
10
10
10
10
10
10
10
10
10
10
10
10
10
10
10
10
10
10
10
10
10
10
10
10
10
10
10
10
10
10
10
10
10
10
10
10
10
10
10
10
10
10
10
10
10
10
10
10
10
10
10
10
10
10
10
10
10
10
10
10
10
10
10
10
10
10
10
10
10
10
10
10
10
10
10
10
10
10
10
10
10
10
10
10
10
10
10
10
10
10
10
10
10
10
10
10
10
10
10
10
10
10
10
10
10
10
10
10
10
10
10
10
10
10
10
10
10
10
10
10
10
10
10
10
10
10
10
10
10
10
10
10
10
10
10
10
10
10
10
10
10
10
10
10
10
10
10
10
10
10
10
10
10
10
10
10
10
10
10
10
10
10
10
10
10
10
10
10
10
10
10
10
10
10
10
10
10
10
10
10
10
10
10
10
10
10
10
10
10
10
10
10
10
10
10
10
10
10
10
10
10
10
10
10
10
10
10
10
10
10
10
10
10
10
10
10
10
10
10
10
10
10
10
10
10
10
10
10
10
10
10
10
10
10
10
10
10
10
10
10
10
10
10
10
10
10
10
10
10
10
10
10
10
10
10
10
10
10
10
10
10
10
10
10
10
10
10
10
10
10
10
10
10
10
10
10
10
10
10
10
10
10
10
10
10
10
10
10
10
10
10
10
10
10
10
10
10
10
10
10
10
10
10
10
10
10
10
10
10
10
10
10
10
10
10
10
10
10
10
10
10
10
10
10
10
10
10
10
10
10
10
10
10
10
10
10
10
10
10
10
10
10
10
10
10
10
10
10
10
10
10
10
10
10
10
10
10
10
10
10
10
10
10
10
10
10
10
10
10
10
10
10
10
10
10
10
10
10
10
10
10
10
10
10
10
10
10
10
10
10
10
10
10
10
10
10
10
10
10
10
10
10
10
10
10
10
10
10
10
10
10
10
10
10
10
10
10
10
10
10
10
10
10
10
10
10
10
10
10
10
10
10
10
10
10
10
10
10
10
10
10
10
10
10
10
10
10
10
10
10
10
10
10
10
10
10
10
10
10
10
10
10
10
10
10
10
10
10
10
10
10
10
10
10
10
10
10
10
10
10
10
10
10
10
10
10
10
10
10
10
10
10
10
10
10
10
10
10
10
10
10
10
10
10
10
10
10
10
10
10
10
10
10
10
10
10
10
10
10
10
10
10
10
10
10
10
10
10
10
10
10
10
10
10
10
10
10
10
10
10
10
10
10
10
10
10
10
10
10
10
10
10
10
10
10
10
10
10
10
10
10
10
10
10
10
10
10
10
10
10
10
10
10
10
10
10
10
10
10
10
10
10
10
10
10
10
10
10
10
10
10
10
10
10
10
10
10
10
10
10
10
10
10
10
10
10
10
10
10
10
10
10
10
10
10
10
10
10
10
10
10
10
10
10
10
10
10
10
10
10
10
10
10
10
10
10
10
10
10
10
10
10
10
10
10
10
10
10
10
10
10
10
10
10
10
10
10
10
10
10
10
10
10
10
10
10
10
10
10
10
10
10
10
10
10
10
10
10
10
10
10
10
10
10
10
10
10
10
10
10
10
10
10
10
10
10
10
10
10
10
10
10
10
10
10
10
10
10
10
10
10
10
10
10
10
10
10
10
10
10
10
10
10
10
10
10
10
10
10
10
10
10
10
10
10
10
10
10
10
10
10
10
10
10
10
10
10
10
10
10
10
10
10
10
10
10
10
10
10
10
10
10
10
10
10
10
10
10
10
10
10
10
10
10
10
10
10
10
10
10
10
10
10
10
10
10
10
10
10
10
10
10
10
10
10
10
10
10
10
10
10
10
10
10
10
10
10
10
10
10
10
10
10
10
10
10
10
10
10
10
10
10
10
10
10
10
10
10
10
10
10
10
10
10
10
10
10
10
10
10
10
10
10
10
10
10
10
10
10
10
10
10
10
10
10
10
10
10
10
10
10
10
10
10
10
10
10
10
10
10
10
10
10
10
10
10
10
10
10
10
10
10
10
10
10
10
10
10
10
10
10
10
10
10
10
10
10
10
10
10
10
10
10
10
10
10
10
10
10
10
10
10
10
10
10
10
10
10
10
10
10
10
10
10
10
10
10
10
10
10
10
10
10
10
10
10
10
10
10
10
10
10
10
10
10
10
10
10
10
10
10
10
10
10
10
10
10
10
10
10
10
10
10
10
10
10
10
10
10
10
10
10
10
10
10
10
10
10
10
10
10
10
10
10
10
10
10
10
10
10
10
10
10
10
10
10
10
10
10
10
10
10
10
10
10
10
10
10
10
10
10
10
10
10
10
10
10
10
10
10
10
10
10
10
10
10
10
10
10
10
10
10
10
10
10
10
10
10
10
10
10
10
10
10
10
10
10
10
10
10
10
10
10
10
10
10
10
10
10
10
10
10
10
10
10
10
10
10
10
10
10
10
10
10
10
10
10
10
10
10
10
10
10
10
10
10
10
10
10
10
10
10
10
10
10
10
10
10
10
10
10
10
10
10
10
10
10
10
10
10
10
10
10
10
10
10
10
10
10
10
10
10
10
10
10
10
10
10
10
10
10
10
10
10
10
10
10
10
10
10
10
10
10
10
10
10
10
10
10
10
10
10
10
10
10
10
10
10
10
10
10
10
10
10
10
10
10
10
10
10
10
10
10
10
10
10
10
10
10
10
10
10
10
10
10
10
10
10
10
10
10
10
10
10
10
10
10
10
10
10
10
10
10
10
10
10
10
10
10
10
10
10
10
10
10
10
10
10
10
10
10
10
10
10
10
10
10
10
10
10
10
10
10
10
10
10
10
10
10
10
10
10
10
10
10
10
10
10
10
10
10
10
10
10
10
10
10
10
10
10
10
10
10
10
10
10
10
10
10
10
10
10
10
10
10
10
10
10
10
10
10
10
10
10
10
10
10
10
10
10
10
10
10
10
10
10
10
10
10
10
10
10
10
10
10
10
10
10
10
10
10
10
10
10
10
10
10
10
10
10
10
10
10
10
10
10
10
10
10
10
10
10
10
10
10
10
10
10
10
10
10
10
10
10
10
10
10
10
10
10
10
10
10
10
10
10
10
10
10
10
10
10
10
10
10
10
10
10
10
10
10
10
10
10
10
10
10
10
10
10
10
10
10
10
10
10
10
10
10
10
10
10
10
10
10
10
10
10
10
10
10
10
10
10
10
10
10
10
10
10
10
10
10
10
10
10
10
10
10
10
10
10
10
10
10
10
10
10
10
10
10
10
10
10
10
10
10
10
10
10
10
10
10
10
10
10
10
10
10
10
10
10
10
10
10
10
10
10
10
10
10
10
10
10
10
10
10
10
10
10
10
10
10
10
10
10
10
10
10
10
10
10
10
10
10
10
10
10
10
10
10
10
10
10
10
10
10
10
10
10
10
10
10
10
10
10
10
10
10
10
10
10
10
10
10
10
10
10
10
10
10
10
10
10
10
10
10
10
10
10
10
10
10
10
10
10
10
10
10
10
10
10
10
10
10
10
10
10
10
10
10
10
10
10
10
10
10
10
10
10
10
10
10
10
10
10
10
10
10
10
10
10
10
10
10
10
10
10
10
10
10
10
10
10
10
10
10
10
10
10
10
10
10
10
10
10
10
10
10
10
10
10
10
10
10
10
10
10
10
10
10
10
10
10
10
10
10
10
10
10
10
10
10
10
10
10
10
10
10
10
10
10
10
10
10
10
10
10
10
10
10
10
10
10
10
10
10
10
10
10
10
10
10
10
10
10
10
10
10
10
10
10
10
10
10
10
10
10
10
10
10
10
10
10
10
10
10
10
10
10
10
10
10
10
10
10
10
10
10
10
10
10
10
10
10
10
10
10
10
10
10
10
10
10
10
10
10
10
10
10
10
10
10
10
10
10
10
10
10
10
10
10
10
10
10
10
10
10
10
10
10
10
10
10
10
10
10
10
10
10
10
10
10
10
10
10
10
10
10
10
10
10
10
10
10
10
10
10
10
10
10
10
10
10
10
10
10
10
10
10
10
10
10
10
10
10
10
10
10
10
10
10
10
10
10
10
10
10
10
10
10
10
10
10
10
10
10
10
10
10
10
10
10
10
10
10
10
10
10
10
10
10
10
10
10
10
10
10
10
10
10
10
10
10
10
10
10
10
10
10
10
10
10
10
10
10
10
10
10
10
10
10
10
10
10
10
10
10
10
10
10
10
10
10
10
10
10
10
10
10
10
10
10
10
10
10
10
10
10
10
10
10
10
10
10
10
10
10
10
10
10
10
10
10
10
10
10
10
10
10
10
10
10
10
10
10
10
10
10
10
10
10
10
10
10
10
10
10
10
10
10
10
10
10
10
10
10
10
10
10
10
10
10
10
10
10
10
10
10
10
10
10
10
10
10
10
10
10
10
10
10
10
10
10
10
10
10
10
10
10
10
10
10
10
10
10
10
10
10
10
10
10
10
10
10
10
10
10
10
10
10
10
10
10
10
10
10
10
10
10
10
10
10
10
10
10
10
10
10
10
10
10
10
10
10
10
10
10
10
10
10
10
10
10
10
10
10
10
10
10
10
10
10
10
10
10
10
10
10
10
10
10
10
10
10
10
10
10
10
10
10
10
10
10
10
10
10
10
10
10
10
10
10
10
10
10
10
10
10
10
10
10
10
10
10
10
10
10
10
10
10
10
10
10
10
10
10
10
10
10
10
10
10
10
10
10
10
10
10
10
10
10
10
10
10
10
10
10
10
10
10
10
10
10
10
10
10
10
10
10
10
10
10
10
10
10
10
10
10
10
10
10
10
10
10
10
10
10
10
10
10
10
10
10
10
10
10
10
10
10
10
10
10
10
10
10
10
10
10
10
10
10
10
10
10
10
10
10
10
10
10
10
10
10
10
10
10
10
10
10
10
10
10
10
10
10
10
10
10
10
10
10
10
10
10
10
10
10
10
10
10
10
10
10
10
10
10
10
10
10
10
10
10
10
10
10
10
10
10
10
10
10
10
10
10
10
10
10
10
10
10
10
10
10
10
10
10
10
10
10
10
10
10
10
10
10
10
10
10
10
10
10
10
10
10
10
10
10
10
10
10
10
10
10
10
10
10
10
10
10
10
10
10
10
10
10
10
10
10
10
10
10
10
10
10
10
10
10
10
10
10
10
10
10
10
10
10
10
10
10
10
10
10
10
10
10
10
10
10
10
10
10
10
10
10
10
10
10
10
10
10
10
10
10
10
10
10
10
10
10
10
10
10
10
10
10
10
10
10
10
10
10
10
10
10
10
10
10
10
10
10
10
10
10
10
10
10
10
10
10
10
10
10
10
10
10
10
10
10
10
10
10
10
10
10
10
10
10
10
10
10
10
10
10
10
10
10
10
10
10
10
10
10
10
10
10
10
10
10
10
10
10
10
10
10
10
10
10
10
10
10
10
10
10
10
10
10
10
10
10
10
10
10
10
10
10
10
10
10
10
10
10
10
10
10
10
10
10
10
10
10
10
10
10
10
10
10
10
10
10
10
10
10
10
10
10
10
10
10
10
10
10
10
10
10
10
10
10
10
10
10
10
10
10
10
10
10
10
10
10
10
10
10
10
10
10
10
10
10
10
10
10
10
10
10
10
10
10
10
10
10
10
10
10
10
10
10
10
10
10
10
10
10
10
10
10
10
10
10
10
10
10
10
10
10
10
10
10
10
10
10
10
10
10
10
10
10
10
10
10
10
10
10
10
10
10
10
10
10
10
10
10
10
10
10
10
10
10
10
10
10
10
10
10
10
10
10
10
10
10
10
10
10
10
10
10
10
10
10
10
10
10
10
10
10
10
10
10
10
10
10
10
10
10
10
10
10
10
10
10
10
10
10
10
10
10
10
10
10
10
10
10
10
10
10
10
10
10
10
10
10
10
10
10
10
10
10
10
10
10
10
10
10
10
10
10
10
10
10
10
10
10
10
10
10
10
10
10
10
10
10
10
10
10
10
10
10
10
10
10
10
10
10
10
10
10
10
10
10
10
10
10
10
10
10
10
10
10
10
10
10
10
10
10
10
10
10
10
10
10
10
10
10
10
10
10
10
10
10
10
10
10
10
10
10
10
10
10
10
10
10
10
10
10
10
10
10
10
10
10
10
10
10
10
10
10
10
10
10
10
10
10
10
10
10
10
10
10
10
10
10
10
10
10
10
10
10
10
10
10
10
10
10
10
10
10
10
10
10
10
10
10
10
10
10
10
10
10
10
10
10
10
10
10
10
10
10
10
10
10
10
10
10
10
10
10
10
10
10
10
10
10
10
10
10
10
10
10
10
10
10
10
10
10
10
10
10
10
10
10
10
10
10
10
10
10
10
10
10
10
10
10
10
10
10
10
10
10
10
10
10
10
10
10
10
10
10
10
10
10
10
10
10
10
10
10
10
10
10
10
10
10
10
10
10
10
10
10
10
10
10
10
10
10
10
10
10
10
10
10
10
10
10
10
10
10
10
10
10
10
10
10
10
10
10
10
10
10
10
10
10
10
10
10
10
10
10
10
10
10
10
10
10
10
10
10
10
10
10
10
10
10
10
10
10
10
10
10
10
10
10
10
10
10
10
10
10
10
10
10
10
10
10
10
10
10
10
10
10
10
10
10
10
10
10
10
10
10
10
10
10
10
10
10
10
10
10
10
10
10
10
10
10
10
10
10
10
10
10
10
10
10
10
10
10
10
10
10
10
10
10
10
10
10
10
10
10
10
10
10
10
10
10
10
10
10
10
10
10
10
10
10
10
10
10
10
10
10
10
10
10
10
10
10
10
10
10
10
10
10
10
10
10
10
10
10
10
10
10
10
10
10
10
10
10
10
10
10
10
10
10
10
10
10
10
10
10
10
10
10
10
10
10
10
10
10
10
10
10
10
10
10
10
10
10
10
10
10
10
10
10
10
10
10
10
10
10
10
10
10
10
10
10
10
10
10
10
10
10
10
10
10
10
10
10
10
10
10
10
10
10
10
10
10
10
10
10
10
10
10
10
10
10
10
10
10
10
10
10
10
10
10
10
10
10
10
10
10
10
10
10
10
10
10
10
10
10
10
10
10
10
10
10
10
10
10
10
10
10
10
10
10
10
10
10
10
10
10
10
10
10
10
10
10
10
10
10
10
10
10
10
10
10
10
10
10
10
10
10
10
10
10
10
10
10
10
10
10
10
10
10
10
10
10
10
10
10
10
10
10
10
10
10
10
10
10
10
10
10
10
10
10
10
10
10
10
10
10
10
10
10
10
10
10
10
10
10
10
10
10
10
10
10
10
10
10
10
10
10
10
10
10
10
10
10
10
10
10
10
10
10
10
10
10
10
10
10
10
10
10
10
10
10
10
10
10
10
10
10
10
10
10
10
10
10
10
10
10
10
10
10
10
10
10
10
10
10
10
10
10
10
10
10
10
10
10
10
10
10
10
10
10
10
10
10
10
10
10
10
10
10
10
10
10
10
10
10
10
10
10
10
10
10
10
10
10
10
10
10
10
10
10
10
10
10
10
10
10
10
10
10
10
10
10
10
10
10
10
10
10
10
10
10
10
10
10
10
10
10
10
10
10
10
10
10
10
10
10
10
10
10
10
10
10
10
10
10
10
10
10
10
10
10
10
10
10
10
10
10
10
10
10
10
10
10
10
10
10
10
10
10
10
10
10
10
10
10
10
10
10
10
10
10
10
10
10
10
10
10
10
10
10
10
10
10
10
10
10
10
10
10
10
10
10
10
10
10
10
10
10
10
10
10
10
10
10
10
10
10
10
10
10
10
10
10
10
10
10
10
10
10
10
10
10
10
10
10
10
10
10
10
10
10
10
10
10
10
10
10
10
10
10
10
10
10
10
10
10
10
10
10
10
10
10
10
10
10
10
10
10
10
10
10
10
10
10
10
10
10
10
10
10
10
10
10
10
10
10
10
10
10
10
10
10
10
10
10
10
10
10
10
10
10
10
10
10
10
10
10
10
10
10
10
10
10
10
10
10
10
10
10
10
10
10
10
10
10
10
10
10
10
10
10
10
10
10
10
10
10
10
10
10
10
10
10
10
10
10
10
10
10
10
10
10
10
10
10
10
10
10
10
10
10
10
10
10
10
10
10
10
10
10
10
10
10
10
10
10
10
10
10
10
10
10
10
10
10
10
10
10
10
10
10
10
10
10
10
10
10
10
10
10
10
10
10
10
10
10
10
10
10
10
10
10
10
10
10
10
10
10
10
10
10
10
10
10
10
10
10
10
10
10
10
10
10
10
10
10
10
10
10
10
10
10
10
10
10
10
10
10
10
10
10
10
10
10
10
10
10
10
10
10
10
10
10
10
10
10
10
10
10
10
10
10
10
10
10
10
10
10
10
10
10
10
10
10
10
10
10
10
10
10
10
10
10
10
10
10
10
10
10
10
10
10
10
10
10
10
10
10
10
10
10
10
10
10
10
10
10
10
10
10
10
10
10
10
10
10
10
10
10
10
10
10
10
10
10
10
10
10
10
10
10
10
10
10
10
10
10
10
10
10
10
10
10
10
10
10
10
10
10
10
10
10
10
10
10
10
10
10
10
10
10
10
10
10
10
10
10
10
10
10
10
10
10
10
10
10
10
10
10
10
10
10
10
10
10
10
10
10
10
10
10
10
10
10
10
10
10
10
10
10
10
10
10
10
10
10
10
10
10
10
10
10
10
10
10
10
10
10
10
10
10
10
10
10
10
10
10
10
10
10
10
10
10
10
10
10
10
10
10
10
10
10
10
10
10
10
10
10
10
10
10
10
10
10
10
10
10
10
10
10
10
10
10
10
10
10
10
10
10
10
10
10
10
10
10
10
10
10
10
10
10
10
10
10
10
10
10
10
10
10
10
10
10
10
10
10
10
10
10
10
10
10
10
10
10
10
10
10
10
10
10
10
10
10
10
10
10
10
10
10
10
10
10
10
10
10
10
10
10
10
10
10
10
10
10
10
10
10
10
10
10
10
10
10
10
10
10
10
10
10
10
10
10
10
10
10
10
10
10
10
10
10
10
10
10
10
10
10
10
10
10
10
10
10
10
10
10
10
10
10
10
10
10
10
10
10
10
10
10
10
10
10
10
10
10
10
10
10
10
10
10
10
10
10
10
10
10
10
10
10
10
10
10
10
10
10
10
10
10
10
10
10
10
10
10
10
10
10
10
10
10
10
10
10
10
10
10
10
10
10
10
10
10
10
10
10
10
10
10
10
10
10
10
10
10
10
10
10
10
10
10
10
10
10
10
10
10
10
10
10
10
10
10
10
10
10
10
10
10
10
10
10
10
10
10
10
10
10
10
10
10
10
10
10
10
10
10
10
10
10
10
10
10
10
10
10
10
10
10
10
10
10
10
10
10
10
10
10
10
10
10
10
10
10
10
10
10
10
10
10
10
10
10
10
10
10
10
10
10
10
10
10
10
10
10
10
10
10
10
10
10
10
10
10
10
10
10
10
10
10
10
10
10
10
10
10
10
10
10
10
10
10
10
10
10
10
10
10
10
10
10
10
10
10
10
10
10
10
10
10
10
10
10
10
10
10
10
10
10
10
10
10
10
10
10
10
10
10
10
10
10
10
10
10
10
10
10
10
10
10
10
10
10
10
10
10
10
10
10
10
10
10
10
10
10
10
10
10
10
10
10
10
10
10
10
10
10
10
10
10
10
10
10
10
10
10
10
10
10
10
10
10
10
10
10
10
10
10
10
10
10
10
10
10
10
10
10
10
10
10
10
10
10
10
10
10
10
10
10
10
10
10
10
10
10
10
10
10
10
10
10
10
10
10
10
10
10
10
10
10
10
10
10
10
10
10
10
10
10
10
10
10
10
10
10
10
10
10
10
10
10
10
10
10
10
10
10
10
10
10
10
10
10
10
10
10
10
10
10
10
10
10
10
10
10
10
10
10
10
10
10
10
10
10
10
10
10
10
10
10
10
10
10
10
10
10
10
10
10
10
10
10
10
10
10
10
10
10
10
10
10
10
10
10
10
10
10
10
10
10
10
10
10
10
10
10
10
10
10
10
10
10
10
10
10
10
10
10
10
10
10
10
10
10
10
10
10
10
10
10
10
10
10
10
10
10
10
10
10
10
10
10
10
10
10
10
10
10
10
10
10
10
10
10
10
10
10
10
10
10
10
10
10
10
10
10
10
10
10
10
10
10
10
10
10
10
10
10
10
10
10
10
10
10
10
10
10
10
10
10
10
10
10
10
10
10
10
10
10
10
10
10
10
10
10
10
10
10
10
10
10
10
10
10
10
10
10
10
10
10
10
10
10
10
10
10
10
10
10
10
10
10
10
10
10
10
10
10
10
10
10
10
10
10
10
10
10
10
10
10
10
10
10
10
10
10
10
10
10
10
10
10
10
10
10
10
10
10
10
10
10
10
10
10
10
10
10
10
10
10
10
10
10
10
10
10
10
10
10
10
10
10
10
10
10
10
10
10
10
10
10
10
10
10
10
10
10
10
10
10
10
10
10
10
10
10
10
10
10
10
10
10
10
10
10
10
10
10
10
10
10
10
10
10
10
10
10
10
10
10
10
10
10
10
10
10
10
10
10
10
10
10
10
10
10
10
10
10
10
10
10
10
10
10
10
10
10
10
10
10
10
10
10
10
10
10
10
10
10
10
10
10
10
10
10
10
10
10
10
10
10
10
10
10
10
10
10
10
10
10
10
10
10
10
10
10
10
10
10
10
10
10
10
10
10
10
10
10
10
10
10
10
10
10
10
10
10
10
10
10
10
10
10
10
10
10
10
10
10
10
10
10
10
10
10
10
10
10
10
10
10
10
10
10
10
10
10
10
10
10
10
10
10
10
10
10
10
10
10
10
10
10
10
10
10
10
10
10
10
10
10
10
10
10
10
10
10
10
10
10
10
10
10
10
10
10
10
10
10
10
10
10
10
10
10
10
10
10
10
10
10
10
10
10
10
10
10
10
10
10
10
10
10
10
10
10
10
10
10
10
10
10
10
10
10
10
10
10
10
10
10
10
10
10
10
10
10
10
10
10
10
10
10
10
10
10
10
10
10
10
10
10
10
10
10
10
10
10
10
10
10
10
10
10
10
10
10
10
10
10
10
10
10
10
10
10
10
10
10
10
10
10
10
10
10
10
10
10
10
10
10
10
10
10
10
10
10
10
10
10
10
10
10
10
10
10
10
10
10
10
10
10
10
10
10
10
10
10
10
10
10
10
10
10
10
10
10
10
10
10
10
10
10
10
10
10
10
10
10
10
10
10
10
10
10
10
10
10
10
10
10
10
10
10
10
10
10
10
10
10
10
10
10
10
10
10
10
10
10
10
10
10
10
10
10
10
10
10
10
10
10
10
10
10
10
10
10
10
10
10
10
10
10
10
10
10
10
10
10
10
10
10
10
10
10
10
10
10
10
10
10
10
10
10
10
10
10
10
10
10
10
10
10
10
10
10
10
10
10
10
10
10
10
10
10
10
10
10
10
10
10
10
10
10
10
10
10
10
10
10
10
10
10
10
10
10
10
10
10
10
10
10
10
10
10
10
10
10
10
10
10
10
10
10
10
10
10
10
10
10
10
10
10
10
10
10
10
10
10
10
10
10
10
10
10
10
10
10
10
10
10
10
10
10
10
10
10
10
10
10
10
10
10
10
10
10
10
10
10
10
10
10
10
10
10
10
10
10
10
10
10
10
10
10
10
10
10
10
10
10
10
10
10
10
10
10
10
10
10
10
10
10
10
10
10
10
10
10
10
10
10
10
10
10
10
10
10
10
10
10
10
10
10
10
10
10
10
10
10
10
10
10
10
10
10
10
10
10
10
10
10
10
10
10
10
10
10
10
10
10
10
10
10
10
10
10
10
10
10
10
10
10
10
10
10
10
10
10
10
10
10
10
10
10
10
10
10
10
10
10
10
10
10
10
10
10
10
10
10
10
10
10
10
10
10
10
10
10
10
10
10
10
10
10
10
10
10
10
10
10
10
10
10
10
10
10
10
10
10
10
10
10
10
10
10
10
10
10
10
10
10
10
10
10
10
10
10
10
10
10
10
10
10
10
10
10
10
10
10
10
10
10
10
10
10
10
10
10
10
10
10
10
10
10
10
10
10
10
10
10
10
10
10
10
10
10
10
10
10
10
10
10
10
10
10
10
10
10
10
10
10
10
10
10
10
10
10
10
10
10
10
10
10
10
10
10
10
10
10
10
10
10
10
10
10
10
10
10
10
10
10
10
10
10
10
10
10
10
10
10
10
10
10
10
10
10
10
10
10
10
10
10
10
10
10
10
10
10
10
10
10
10
10
10
10
10
10
10
10
10
10
10
10
10
10
10
10
10
10
10
10
10
10
10
10
10
10
10
10
10
10
10
10
10
10
10
10
10
10
10
10
10
10
10
10
10
10
10
10
10
10
10
10
10
10
10
10
10
10
10
10
10
10
10
10
10
10
10
10
10
10
10
10
10
10
10
10
10
10
10
10
10
10
10
10
10
10
10
10
10
10
10
10
10
10
10
10
10
10
10
10
10
10
10
10
10
10
10
10
10
10
10
10
10
10
10
10
10
10
10
10
10
10
10
10
10
10
10
10
10
10
10
10
10
10
10
10
10
10
10
10
10
10
10
10
10
10
10
10
10
10
10
10
10
10
10
10
10
10
10
10
10
10
10
10
10
10
10
10
10
10
10
10
10
10
10
10
10
10
10
10
10
10
10
10
10
10
10
10
10
10
10
10
10
10
10
10
10
10
10
10
10
10
10
10
10
10
10
10
10
10
10
10
10
10
10
10
10
10
10
10
10
10
10
10
10
10
10
10
10
10
10
10
10
10
10
10
10
10
10
10
10
10
10
10
10
10
10
10
10
10
10
10
10
10
10
10
10
10
10
10
10
10
10
10
10
10
10
10
10
10
10
10
10
10
10
10
10
10
10
10
10
10
10
10
10
10
10
10
10
10
10
10
10
10
10
10
10
10
10
10
10
10
10
10
10
10
10
10
10
10
10
10
10
10
10
10
10
10
10
10
10
10
10
10
10
10
10
10
10
10
10
10
10
10
10
10
10
10
10
10
10
10
10
10
10
10
10
10
10
10
10
10
10
10
10
10
10
10
10
10
10
10
10
10
10
10
10
10
10
10
10
10
10
10
10
10
10
10
10
10
10
10
10
10
10
10
10
10
10
10
10
10
10
10
10
10
10
10
10
10
10
10
10
10
10
10
10
10
10
10
10
10
10
10
10
10
10
10
10
10
10
10
10
10
10
10
10
10
10
10
10
10
10
10
10
10
10
10
10
10
10
10
10
10
10
10
10
10
10
10
10
10
10
10
10
10
10
10
10
10
10
10
10
10
10
10
10
10
10
10
10
10
10
10
10
10
10
10
10
10
10
10
10
10
10
10
10
10
10
10
10
10
10
10
10
10
10
10
10
10
10
10
10
10
10
10
10
10
10
10
10
10
10
10
10
10
10
10
10
10
10
10
10
10
10
10
10
10
10
10
10
10
10
10
10
10
10
10
10
10
10
10
10
10
10
10
10
10
10
10
10
10
10
10
10
10
10
10
10
10
10
10
10
10
10
10
10
10
10
10
10
10
10
10
10
10
10
10
10
10
10
10
10
10
10
10
10
10
10
10
10
10
10
10
10
10
10
10
10
10
10
10
10
10
10
10
10
10
10
10
10
10
10
10
10
10
10
10
10
10
10
10
10
10
10
10
10
10
10
10
10
10
10
10
10
10
10
10
10
10
10
10
10
10
10
10
10
10
10
10
10
10
10
10
10
10
10
10
10
10
10
10
10
10
10
10
10
10
10
10
10
10
10
10
10
10
10
10
10
10
10
10
10
10
10
10
10
10
10
10
10
10
10
10
10
10
10
10
10
10
10
10
10
10
10
10
10
10
10
10
10
10
10
10
10
10
10
10
10
10
10
10
10
10
10
10
10
10
10
10
10
10
10
10
10
10
10
10
10
10
10
10
10
10
10
10
10
10
10
10
10
10
10
10
10
10
10
10
10
10
10
10
10
10
10
10
10
10
10
10
10
10
10
10
10
10
10
10
10
10
10
10
10
10
10
10
10
10
10
10
10
10
10
10
10
10
10
10
10
10
10
10
10
10
10
10
10
10
10
10
10
10
10
10
10
10
10
10
10
10
10
10
10
10
10
10
10
10
10
10
10
10
10
10
10
10
10
10
10
10
10
10
10
10
10
10
10
10
10
10
10
10
10
10
10
10
10
10
10
10
10
10
10
10
10
10
10
10
10
10
10
10
10
10
10
10
10
10
10
10
10
10
10
10
10
10
10
10
10
10
10
10
10
10
10
10
10
10
10
10
10
10
10
10
10
10
10
10
10
10
10
10
10
10
10
10
10
10
10
10
10
10
10
10
10
10
10
10
10
10
10
10
10
10
10
10
10
10
10
10
10
10
10
10
10
10
10
10
10
10
10
10
10
10
10
10
10
10
10
10
10
10
10
10
10
10
10
10
10
10
10
10
10
10
10
10
10
10
10
10
10
10
10
10
10
10
10
10
10
10
10
10
10
10
10
10
10
10
10
10
10
10
10
10
10
10
10
10
10
10
10
10
10
10
10
10
10
10
10
10
10
10
10
10
10
10
10
10
10
10
10
10
10
10
10
10
10
10
10
10
10
10
10
10
10
10
10
10
10
10
10
10
10
10
10
10
10
10
10
10
10
10
10
10
10
10
10
10
10
10
10
10
10
10
10
10
10
10
10
10
10
10
10
10
10
10
10
10
10
10
10
10
10
10
10
10
10
10
10
10
10
10
10
10
10
10
10
10
10
10
10
10
10
10
10
10
10
10
10
10
10
10
10
10
10
10
10
10
10
10
10
10
10
10
10
10
10
10
10
10
10
10
10
10
10
10
10
10
10
10
10
10
10
10
10
10
10
10
10
10
10
10
10
10
10
10
10
10
10
10
10
10
10
10
10
10
10
10
10
10
10
10
10
10
10
10
10
10
10
10
10
10
10
10
10
10
10
10
10
10
10
10
10
10
10
10
10
10
10
10
10
10
10
10
10
10
10
10
10
10
10
10
10
10
10
10
10
10
10
10
10
10
10
10
10
10
10
10
10
10
10
10
10
10
10
10
10
10
10
10
10
10
10
10
10
10
10
10
10
10
10
10
10
10
10
10
10
10
10
10
10
10
10
10
10
10
10
10
10
10
10
10
10
10
10
10
10
10
10
10
10
10
10
10
10
10
10
10
10
10
10
10
10
10
10
10
10
10
10
10
10
10
10
10
10
10
10
10
10
10
10
10
10
10
10
10
10
10
10
10
10
10
10
10
10
10
10
10
10
10
10
10
10
10
10
10
10
10
10
10
10
10
10
10
10
10
10
10
10
10
10
10
10
10
10
10
10
10
10
10
10
10
10
10
10
10
10
10
10
10
10
10
10
10
10
10
10
10
10
10
10
10
10
10
10
10
10
10
10
10
10
10
10
10
10
10
10
10
10
10
10
10
10
10
10
10
10
10
10
10
10
10
10
10
10
10
10
10
10
10
10
10
10
10
10
10
10
10
10
10
10
10
10
10
10
10
10
10
10
10
10
10
10
10
10
10
10
10
10
10
10
10
10
10
10
10
10
10
10
10
10
10
10
10
10
10
10
10
10
10
10
10
10
10
10
10
10
10
10
10
10
10
10
10
10
10
10
10
10
10
10
10
10
10
10
10
10
10
10
10
10
10
10
10
10
10
10
10
10
10
10
10
10
10
10
10
10
10
10
10
10
10
10
10
10
10
10
10
10
10
10
10
10
10
10
10
10
10
10
10
10
10
10
10
10
10
10
10
10
10
10
10
10
10
10
10
10
10
10
10
10
10
10
10
10
10
10
10
10
10
10
10
10
10
10
10
10
10
10
10
10
10
10
10
10
10
10
10
10
10
10
10
10
10
10
10
10
10
10
10
10
10
10
10
10
10
10
10
10
10
10
10
10
10
10
10
10
10
10
10
10
10
10
10
10
10
10
10
10
10
10
10
10
10
10
10
10
10
10
10
10
10
10
10
10
10
10
10
10
10
10
10
10
10
10
10
10
10
10
10
10
10
10
10
10
10
10
10
10
10
10
10
10
10
10
10
10
10
10
10
10
10
10
10
10
10
10
10
10
10
10
10
10
10
10
10
10
10
10
10
10
10
10
10
10
10
10
10
10
10
10
10
10
10
10
10
10
10
10
10
10
10
10
10
10
10
10
10
10
10
10
10
10
10
10
10
10
10
10
10
10
10
10
10
10
10
10
10
10
10
10
10
10
10
10
10
10
10
10
10
10
10
10
10
10
10
10
10
10
10
10
10
10
10
10
10
10
10
10
10
10
10
10
10
10
10
10
10
10
10
10
10
10
10
10
10
10
10
10
10
10
10
10
10
10
10
10
10
10
10
10
10
10
10
10
10
10
10
10
10
10
10
10
10
10
10
10
10
10
10
10
10
10
10
10
10
10
10
10
10
10
10
10
10
10
10
10
10
10
10
10
10
10
10
10
10
10
10
10
10
10
10
10
10
10
10
10
10
10
10
10
10
10
10
10
10
10
10
10
10
10
10
10
10
10
10
10
10
10
10
10
10
10
10
10
10
10
10
10
10
10
10
10
10
10
10
10
10
10
10
10
10
10
10
10
10
10
10
10
10
10
10
10
10
10
10
10
10
10
10
10
10
10
10
10
10
10
10
10
10
10
10
10
10
10
10
10
10
10
10
10
10
10
10
10
10
10
10
10
10
10
10
10
10
10
10
10
10
10
10
10
10
10
10
10
10
10
10
10
10
10
10
10
10
10
10
10
10
10
10
10
10
10
10
10
10
10
10
10
10
10
10
10
10
10
10
10
10
10
10
10
10
10
10
10
10
10
10
10
10
10
10
10
10
10
10
10
10
10
10
10
10
10
10
10
10
10
10
10
10
10
10
10
10
10
10
10
10
10
10
10
10
10
10
10
10
10
10
10
10
10
10
10
10
10
10
10
10
10
10
10
10
10
10
10
10
10
10
10
10
10
10
10
10
10
10
10
10
10
10
10
10
10
10
10
10
10
10
10
10
10
10
10
10
10
10
10
10
10
10
10
10
10
10
10
10
10
10
10
10
10
10
10
10
10
10
10
10
10
10
10
10
10
10
10
10
10
10
10
10
10
10
10
10
10
10
10
10
10
10
10
10
10
10
10
10
10
10
10
10
10
10
10
10
10
10
10
10
10
10
10
10
10
10
10
10
10
10
10
10
10
10
10
10
10
10
10
10
10
10
10
10
10
10
10
10
10
10
10
10
10
10
10
10
10
10
10
10
10
10
10
10
10
10
10
10
10
10
10
10
10
10
10
10
10
10
10
10
10
10
10
10
10
10
10
10
10
10
10
10
10
10
10
10
10
10
10
10
10
10
10
10
10
10
10
10
10
10
10
10
10
10
10
10
10
10
10
10
10
10
10
10
10
10
10
10
10
10
10
10
10
10
10
10
10
10
10
10
10
10
10
10
10
10
10
10
10
10
10
10
10
10
10
10
10
10
10
10
10
10
10
10
10
10
10
10
10
10
10
10
10
10
10
10
10
10
10
10
10
10
10
10
10
10
10
10
10
10
10
10
10
10
10
10
10
10
10
10
10
10
10
10
10
10
10
10
10
10
10
10
10
10
10
10
10
10
10
10
10
10
10
10
10
10
10
10
10
10
10
10
10
10
10
10
10
10
10
10
10
10
10
10
10
10
10
10
10
10
10
10
10
10
10
10
10
10
10
10
10
10
10
10
10
10
10
10
10
10
10
10
10
10
10
10
10
10
10
10
10
10
10
10
10
10
10
10
10
10
10
10
10
10
10
10
10
10
10
10
10
10
10
10
10
10
10
10
10
10
10
10
10
10
10
10
10
10
10
10
10
10
10
10
10
10
10
10
10
10
10
10
10
10
10
10
10
10
10
10
10
10
10
10
10
10
10
10
10
10
10
10
10
10
10
10
10
10
10
10
10
10
10
10
10
10
10
10
10
10
10
10
10
10
10
10
10
10
10
10
10
10
10
10
10
10
10
10
10
10
10
10
10
10
10
10
10
10
10
10
10
10
10
10
10
10
10
10
10
10
10
10
10
10
10
10
10
10
10
10
10
10
10
10
10
10
10
10
10
10
10
10
10
10
10
10
10
10
10
10
10
10
10
10
10
10
10
10
10
10
10
10
10
10
10
10
10
10
10
10
10
10
10
10
10
10
10
10
10
10
10
10
10
10
10
10
10
10
10
10
10
10
10
10
10
10
10
10
10
10
10
10
10
10
10
10
10
10
10
10
10
10
10
10
10
10
10
10
10
10
10
10
10
10
10
10
10
10
10
10
10
10
10
10
10
10
10
10
10
10
10
10
10
10
10
10
10
10
10
10
10
10
10
10
10
10
10
10
10
10
10
10
10
10
10
10
10
10
10
10
10
10
10
10
10
10
10
10
10
10
10
10
10
10
10
10
10
10
10
10
10
10
10
10
10
10
10
10
10
10
10
10
10
10
10
10
10
10
10
10
10
10
10
10
10
10
10
10
10
10
10
10
10
10
10
10
10
10
10
10
10
10
10
10
10
10
10
10
10
10
10
10
10
10
10
10
10
10
10
10
10
10
10
10
10
10
10
10
10
10
10
10
10
10
10
10
10
10
10
10
10
10
10
10
10
10
10
10
10
10
10
10
10
10
10
10
10
10
10
10
10
10
10
10
10
10
10
10
10
10
10
10
10
10
10
10
10
10
10
10
10
10
10
10
10
10
10
10
10
10
10
10
10
10
10
10
10
10
10
10
10
10
10
10
10
10
10
10
10
10
10
10
10
10
10
10
10
10
10
10
10
10
10
10
10
10
10
10
10
10
10
10
10
10
10
10
10
10
10
10
10
10
10
10
10
10
10
10
10
10
10
10
10
10
10
10
10
10
10
10
10
10
10
10
10
10
10
10
10
10
10
10
10
10
10
10
10
10
10
10
10
10
10
10
10
10
10
10
10
10
10
10
10
10
10
10
10
10
10
10
10
10
10
10
10
10
10
10
10
10
10
10
10
10
10
10
10
10
10
10
10
10
10
10
10
10
10
10
10
10
10
10
10
10
10
10
10
10
10
10
10
10
10
10
10
10
10
10
10
10
10
10
10
10
10
10
10
10
10
10
10
10
10
10
10
10
10
10
10
10
10
10
10
10
10
10
10
10
10
10
10
10
10
10
10
10
10
10
10
10
10
10
10
10
10
10
10
10
10
10
10
10
10
10
10
10
10
10
10
10
10
10
10
10
10
10
10
10
10
10
10
10
10
10
10
10
10
10
10
10
10
10
10
10
10
10
10
10
10
10
10
10
10
10
10
10
10
10
10
10
10
10
10
10
10
10
10
10
10
10
10
10
10
10
10
10
10
10
10
10
10
10
10
10
10
10
10
10
10
10
10
10
10
10
10
10
10
10
10
10
10
10
10
10
10
10
10
10
10
10
10
10
10
10
10
10
10
10
10
10
10
10
10
10
10
10
10
10
10
10
10
10
10
10
10
10
10
10
10
10
10
10
10
10
10
10
10
10
10
10
10
10
10
10
10
10
10
10
10
10
10
10
10
10
10
10
10
10
10
10
10
10
10
10
10
10
10
10
10
10
10
10
10
10
10
10
10
10
10
10
10
10
10
10
10
10
10
10
10
10
10
10
10
10
10
10
10
10
10
10
10
10
10
10
10
10
10
10
10
10
10
10
10
10
10
10
10
10
10
10
10
10
10
10
10
10
10
10
10
10
10
10
10
10
10
10
10
10
10
10
10
10
10
10
10
10
10
10
10
10
10
10
10
10
10
10
10
10
10
10
10
10
10
10
10
10
10
10
10
10
10
10
10
10
10
10
10
10
10
10
10
10
10
10
10
10
10
10
10
10
10
10
10
10
10
10
10
10
10
10
10
10
10
10
10
10
10
10
10
10
10
10
10
10
10
10
10
10
10
10
10
10
10
10
10
10
10
10
10
10
10
10
10
10
10
10
10
10
10
10
10
10
10
10
10
10
10
10
10
10
10
10
10
10
10
10
10
10
10
10
10
10
10
10
10
10
10
10
10
10
10
10
10
10
10
10
10
10
10
10
10
10
10
10
10
10
10
10
10
10
10
10
10
10
10
10
10
10
10
10
10
10
10
10
10
10
10
10
10
10
10
10
10
10
10
10
10
10
10
10
10
10
10
10
10
10
10
10
10
10
10
10
10
10
10
10
10
10
10
10
10
10
10
10
10
10
10
10
10
10
10
10
10
10
10
10
10
10
10
10
10
10
10
10
10
10
10
10
10
10
10
10
10
10
10
10
10
10
10
10
10
10
10
10
10
10
10
10
10
10
10
10
10
10
10
10
10
10
10
10
10
10
10
10
10
10
10
10
10
10
10
10
10
10
10
10
10
10
10
10
10
10
10
10
10
10
10
10
10
10
10
10
10
10
10
10
10
10
10
10
10
10
10
10
10
10
10
10
10
10
10
10
10
10
10
10
10
10
10
10
10
10
10
10
10
10
10
10
10
10
10
10
10
10
10
10
10
10
10
10
10
10
10
10
10
10
10
10
10
10
10
10
10
10
10
10
10
10
10
10
10
10
10
10
10
10
10
10
10
10
10
10
10
10
10
10
10
10
10
10
10
10
10
10
10
10
10
10
10
10
10
10
10
10
10
10
10
10
10
10
10
10
10
10
10
10
10
10
10
10
10
10
10
10
10
10
10
10
10
10
10
10
10
10
10
10
10
10
10
10
10
10
10
10
10
10
10
10
10
10
10
10
10
10
10
10
10
10
10
10
10
10
10
10
10
10
10
10
10
10
10
10
10
10
10
10
10
10
10
10
10
10
10
10
10
10
10
10
10
10
10
10
10
10
10
10
10
10
10
10
10
10
10
10
10
10
10
10
10
10
10
10
10
10
10
10
10
10
10
10
10
10
10
10
10
10
10
10
10
10
10
10
10
10
10
10
10
10
10
10
10
10
10
10
10
10
10
10
10
10
10
10
10
10
10
10
10
10
10
10
10
10
10
10
10
10
10
10
10
10
10
10
10
10
10
10
10
10
10
10
10
10
10
10
10
10
10
10
10
10
10
10
10
10
10
10
10
10
10
10
10
10
10
10
10
10
10
10
10
10
10
10
10
10
10
10
10
10
10
10
10
10
10
10
10
10
10
10
10
10
10
10
10
10
10
10
10
10
10
10
10
10
10
10
10
10
10
10
10
10
10
10
10
10
10
10
10
10
10
10
10
10
10
10
10
10
10
10
10
10
10
10
10
10
10
10
10
10
10
10
10
10
10
10
10
10
10
10
10
10
10
10
10
10
10
10
10
10
10
10
10
10
10
10
10
10
10
10
10
10
10
10
10
10
10
10
10
10
10
10
10
10
10
10
10
10
10
10
10
10
10
10
10
10
10
10
10
10
10
10
10
10
10
10
10
10
10
10
10
10
10
10
10
10
10
10
10
10
10
10
10
10
10
10
10
10
10
10
10
10
10
10
10
10
10
10
10
10
10
10
10
10
10
10
10
10
10
10
10
10
10
10
10
10
10
10
10
10
10
10
10
10
10
10
10
10
10
10
10
10
10
10
10
10
10
10
10
10
10
10
10
10
10
10
10
10
10
10
10
10
10
10
10
10
10
10
10
10
10
10
10
10
10
10
10
10
10
10
10
10
10
10
10
10
10
10
10
10
10
10
10
10
10
10
10
10
10
10
10
10
10
10
10
10
10
10
10
10
10
10
10
10
10
10
10
10
10
10
10
10
10
10
10
10
10
10
10
10
10
10
10
10
10
10
10
10
10
10
10
10
10
10
10
10
10
10
10
10
10
10
10
10
10
10
10
10
10
10
10
10
10
10
10
10
10
10
10
10
10
10
10
10
10
10
10
10
10
10
10
10
10
10
10
10
10
10
10
10
10
10
10
10
10
10
10
10
10
10
10
10
10
10
10
10
10
10
10
10
10
10
10
10
10
10
10
10
10
10
10
10
10
10
10
10
10
10
10
10
10
10
10
10
10
10
10
10
10
10
10
10
10
10
10
10
10
10
10
10
10
10
10
10
10
10
10
10
10
10
10
10
10
10
10
10
10
10
10
10
10
10
10
10
10
10
10
10
10
10
10
10
10
10
10
10
10
10
10
10
10
10
10
10
10
10
10
10
10
10
10
10
10
10
10
10
10
10
10
10
10
10
10
10
10
10
10
10
10
10
10
10
10
10
10
10
10
10
10
10
10
10
10
10
10
10
10
10
10
10
10
10
10
10
10
10
10
10
10
10
10
10
10
10
10
10
10
10
10
10
10
10
10
10
10
10
10
10
10
10
10
10
10
10
10
10
10
10
10
10
10
10
10
10
10
10
10
10
10
10
10
10
10
10
10
10
10
10
10
10
10
10
10
10
10
10
10
10
10
10
10
10
10
10
10
10
10
10
10
10
10
10
10
10
10
10
10
10
10
10
10
10
10
10
10
10
10
10
10
10
10
10
10
10
10
10
10
10
10
10
10
10
10
10
10
10
10
10
10
10
10
10
10
10
10
10
10
10
10
10
10
10
10
10
10
10
10
10
10
10
10
10
10
10
10
10
10
10
10
10
10
10
10
10
10
10
10
10
10
10
10
10
10
10
10
10
10
10
10
10
10
10
10
10
10
10
10
10
10
10
10
10
10
10
10
10
10
10
10
10
10
10
10
10
10
10
10
10
10
10
10
10
10
10
10
10
10
10
10
10
10
10
10
10
10
10
10
10
10
10
10
10
10
10
10
10
10
10
10
10
10
10
10
10
10
10
10
10
10
10
10
10
10
10
10
10
10
10
10
10
10
10
10
10
10
10
10
10
10
10
10
10
10
10
10
10
10
10
10
10
10
10
10
10
10
10
10
10
10
10
10
10
10
10
10
10
10
10
10
10
10
10
10
10
10
10
10
10
10
10
10
10
10
10
10
10
10
10
10
10
10
10
10
10
10
10
10
10
10
10
10
10
10
10
10
10
10
10
10
10
10
10
10
10
10
10
10
10
10
10
10
10
10
10
10
10
10
10
10
10
10
10
10
10
10
10
10
10
10
10
10
10
10
10
10
10
10
10
10
10
10
10
10
10
10
10
10
10
10
10
10
10
10
10
10
10
10
10
10
10
10
10
10
10
10
10
10
10
10
10
10
10
10
10
10
10
10
10
10
10
10
10
10
10
10
10
10
10
10
10
10
10
10
10
10
10
10
10
10
10
10
10
10
10
10
10
10
10
10
10
10
10
10
10
10
10
10
10
10
10
10
10
10
10
10
10
10
10
10
10
10
10
10
10
10
10
10
10
10
10
10
10
10
10
10
10
10
10
10
10
10
10
10
10
10
10
10
10
10
10
10
10
10
10
10
10
10
10
10
10
10
10
10
10
10
10
10
10
10
10
10
10
10
10
10
10
10
10
10
10
10
10
10
10
10
10
10
10
10
10
10
10
10
10
10
10
10
10
10
10
10
10
10
10
10
10
10
10
10
10
10
10
10
10
10
10
10
10
10
10
10
10
10
10
10
10
10
10
10
10
10
10
10
10
10
10
10
10
10
10
10
10
10
10
10
10
10
10
10
10
10
10
10
10
10
10
10
10
10
10
10
10
10
10
10
10
10
10
10
10
10
10
10
10
10
10
10
10
10
10
10
10
10
10
10
10
10
10
10
10
10
10
10
10
10
10
10
10
10
10
10
10
10
10
10
10
10
10
10
10
10
10
10
10
10
10
10
10
10
10
10
10
10
10
10
10
10
10
10
10
10
10
10
10
10
10
10
10
10
10
10
10
10
10
10
10
10
10
10
10
10
10
10
10
10
10
10
10
10
10
10
10
10
10
10
10
10
10
10
10
10
10
10
10
10
10
10
10
10
10
10
10
10
10
10
10
10
10
10
10
10
10
10
10
10
10
10
10
10
10
10
10
10
10
10
10
10
10
10
10
10
10
10
10
10
10
10
10
10
10
10
10
10
10
10
10
10
10
10
10
10
10
10
10
10
10
10
10
10
10
10
10
10
10
10
10
10
10
10
10
10
10
10
10
10
10
10
10
10
10
10
10
10
10
10
10
10
10
10
10
10
10
10
10
10
10
10
10
10
10
10
10
10
10
10
10
10
10
10
10
10
10
10
10
10
10
10
10
10
10
10
10
10
10
10
10
10
10
10
10
10
10
10
10
10
10
10
10
10
10
10
10
10
10
10
10
10
10
10
10
10
10
10
10
10
10
10
10
10
10
10
10
10
10
10
10
10
10
10
10
10
10
10
10
10
10
10
10
10
10
10
10
10
10
10
10
10
10
10
10
10
10
10
10
10
10
10
10
10
10
10
10
10
10
10
10
10
10
10
10
10
10
10
10
10
10
10
10
10
10
10
10
10
10
10
10
10
10
10
10
10
10
10
10
10
10
10
10
10
10
10
10
10
10
10
10
10
10
10
10
10
10
10
10
10
10
10
10
10
10
10
10
10
10
10
10
10
10
10
10
10
10
10
10
10
10
10
10
10
10
10
10
10
10
10
10
10
10
10
10
10
10
10
10
10
10
10
10
10
10
10
10
10
10
10
10
10
10
10
10
10
10
10
10
10
10
10
10
10
10
10
10
10
10
10
10
10
10
10
10
10
10
10
10
10
10
10
10
10
10
10
10
10
10
10
10
10
10
10
10
10
10
10
10
10
10
10
10
10
10
10
10
10
10
10
10
10
10
10
10
10
10
10
10
10
10
10
10
10
10
10
10
10
10
10
10
10
10
10
10
10
10
10
10
10
10
10
10
10
10
10
10
10
10
10
10
10
10
10
10
10
10
10
10
10
10
10
10
10
10
10
10
10
10
10
10
10
10
10
10
10
10
10
10
10
10
10
10
10
10
10
10
10
10
10
10
10
10
10
10
10
10
10
10
10
10
10
10
10
10
10
10
10
10
10
10
10
10
10
10
10
10
10
10
10
10
10
10
10
10
10
10
10
10
10
10
10
10
10
10
10
10
10
10
10
10
10
10
10
10
10
10
10
10
10
10
10
10
10
10
10
10
10
10
10
10
10
10
10
10
10
10
10
10
10
10
10
10
10
10
10
10
10
10
10
10
10
10
10
10
10
10
10
10
10
10
10
10
10
10
10
10
10
10
10
10
10
10
10
10
10
10
10
10
10
10
10
10
10
10
10
10
10
10
10
10
10
10
10
10
10
10
10
10
10
10
10
10
10
10
10
10
10
10
10
10
10
10
10
10
10
10
10
10
10
10
10
10
10
10
10
10
10
10
10
10
10
10
10
10
10
10
10
10
10
10
10
10
10
10
10
10
10
10
10
10
10
10
10
10
10
10
10
10
10
10
10
10
10
10
10
10
10
10
10
10
10
10
10
10
10
10
10
10
10
10
10
10
10
10
10
10
10
10
10
10
10
10
10
10
10
10
10
10
10
10
10
10
10
10
10
10
10
10
10
10
10
10
10
10
10
10
10
10
10
10
10
10
10
10
10
10
10
10
10
10
10
10
10
10
10
10
10
10
10
10
10
10
10
10
10
10
10
10
10
10
10
10
10
10
10
10
10
10
10
10
10
10
10
10
10
10
10
10
10
10
10
10
10
10
10
10
10
10
10
10
10
10
10
10
10
10
10
10
10
10
10
10
10
10
10
10
10
10
10
10
10
10
10
10
10
10
10
10
10
10
10
10
10
10
10
10
10
10
10
10
10
10
10
10
10
10
10
10
10
10
10
10
10
10
10
10
10
10
10
10
10
10
10
10
10
10
10
10
10
10
10
10
10
10
10
10
10
10
10
10
10
10
10
10
10
10
10
10
10
10
10
10
10
10
10
10
10
10
10
10
10
10
10
10
10
10
10
10
10
10
10
10
10
10
10
10
10
10
10
10
10
10
10
10
10
10
10
10
10
10
10
10
10
10
10
10
10
10
10
10
10
10
10
10
10
10
10
10
10
10
10
10
10
10
10
10
10
10
10
10
10
10
10
10
10
10
10
10
10
10
10
10
10
10
10
10
10
10
10
10
10
10
10
10
10
10
10
10
10
10
10
10
10
10
10
10
10
10
10
10
10
10
10
10
10
10
10
10
10
10
10
10
10
10
10
10
10
10
10
10
10
10
10
10
10
10
10
10
10
10
10
10
10
10
10
10
10
10
10
10
10
10
10
10
10
10
10
10
10
10
10
10
10
10
10
10
10
10
10
10
10
10
10
10
10
10
10
10
10
10
10
10
10
10
10
10
10
10
10
10
10
10
10
10
10
10
10
10
10
10
10
10
10
10
10
10
10
10
10
10
10
10
10
10
10
10
10
10
10
10
10
10
10
10
10
10
10
10
10
10
10
10
10
10
10
10
10
10
10
10
10
10
10
10
10
10
10
10
10
10
10
10
10
10
10
10
10
10
10
10
10
10
10
10
10
10
10
10
10
10
10
10
10
10
10
10
10
10
10
10
10
10
10
10
10
10
10
10
10
10
10
10
10
10
10
10
10
10
10
10
10
10
10
10
10
10
10
10
10
10
10
10
10
10
10
10
10
10
10
10
10
10
10
10
10
10
10
10
10
10
10
10
10
10
10
10
10
10
10
10
10
10
10
10
10
10
10
10
10
10
10
10
10
10
10
10
10
10
10
10
10
10
10
10
10
10
10
10
10
10
10
10
10
10
10
10
10
10
10
10
10
10
10
10
10
10
10
10
10
10
10
10
10
10
10
10
10
10
10
10
10
10
10
10
10
10
10
10
10
10
10
10
10
10
10
10
10
10
10
10
10
10
10
10
10
10
10
10
10
10
10
10
10
10
10
10
10
10
10
10
10
10
10
10
10
10
10
10
10
10
10
10
10
10
10
10
10
10
10
10
10
10
10
10
10
10
10
10
10
10
10
10
10
10
10
10
10
10
10
10
10
10
10
10
10
10
10
10
10
10
10
10
10
10
10
10
10
10
10
10
10
10
10
10
10
10
10
10
10
10
10
10
10
10
10
10
10
10
10
10
10
10
10
10
10
10
10
10
10
10
10
10
10
10
10
10
10
10
10
10
10
10
10
10
10
10
10
10
10
10
10
10
10
10
10
10
10
10
10
10
10
10
10
10
10
10
10
10
10
10
10
10
10
10
10
10
10
10
10
10
10
10
10
10
10
10
10
10
10
10
10
10
10
10
10
10
10
10
10
10
10
10
10
10
10
10
10
10
10
10
10
10
10
10
10
10
10
10
10
10
10
10
10
10
10
10
10
10
10
10
10
10
10
10
10
10
10
10
10
10
10
10
10
10
10
10
10
10
10
10
10
10
10
10
10
10
10
10
10
10
10
10
10
10
10
10
10
10
10
10
10
10
10
10
10
10
10
10
10
10
10
10
10
10
10
10
10
10
10
10
10
10
10
10
10
10
10
10
10
10
10
10
10
10
10
10
10
10
10
10
10
10
10
10
10
10
10
10
10
10
10
10
10
10
10
10
10
10
10
10
10
10
10
10
10
10
10
10
10
10
10
10
10
10
10
10
10
10
10
10
10
10
10
10
10
10
10
10
10
10
10
10
10
10
10
10
10
10
10
10
10
10
10
10
10
10
10
10
10
10
10
10
10
10
10
10
10
10
10
10
10
10
10
10
10
10
10
10
10
10
10
10
10
10
10
10
10
10
10
10
10
10
10
10
10
10
10
10
10
10
10
10
10
10
10
10
10
10
10
10
10
10
10
10
10
10
10
10
10
10
10
10
10
10
10
10
10
10
10
10
10
10
10
10
10
10
10
10
10
10
10
10
10
10
10
10
10
10
10
10
10
10
10
10
10
10
10
10
10
10
10
10
10
10
10
10
10
10
10
10
10
10
10
10
10
10
10
10
10
10
10
10
10
10
10
10
10
10
10
10
10
10
10
10
10
10
10
10
10
10
10
10
10
10
10
10
10
10
10
10
10
10
10
10
10
10
10
10
10
10
10
10
10
10
10
10
10
10
10
10
10
10
10
10
10
10
10
10
10
10
10
10
10
10
10
10
10
10
10
10
10
10
10
10
10
10
10
10
10
10
10
10
10
10
10
10
10
10
10
10
10
10
10
10
10
10
10
10
10
10
10
10
10
10
10
10
10
10
10
10
10
10
10
10
10
10
10
10
10
10
10
10
10
10
10
10
10
10
10
10
10
10
10
10
10
10
10
10
10
10
10
10
10
10
10
10
10
10
10
10
10
10
10
10
10
10
10
10
10
10
10
10
10
10
10
10
10
10
10
10
10
10
10
10
10
10
10
10
10
10
10
10
10
10
10
10
10
10
10
10
10
10
10
10
10
10
10
10
10
10
10
10
10
10
10
10
10
10
10
10
10
10
10
10
10
10
10
10
10
10
10
10
10
10
10
10
10
10
10
10
10
10
10
10
10
10
10
10
10
10
10
10
10
10
10
10
10
10
10
10
10
10
10
10
10
10
10
10
10
10
10
10
10
10
10
10
10
10
10
10
10
10
10
10
10
10
10
10
10
10
10
10
10
10
10
10
10
10
10
10
10
10
10
10
10
10
10
10
10
10
10
10
10
10
10
10
10
10
10
10
10
10
10
10
10
10
10
10
10
10
10
10
10
10
10
10
10
10
10
10
10
10
10
10
10
10
10
10
10
10
10
10
10
10
10
10
10
10
10
10
10
10
10
10
10
10
10
10
10
10
10
10
10
10
10
10
10
10
10
10
10
10
10
10
10
10
10
10
10
10
10
10
10
10
10
10
10
10
10
10
10
10
10
10
10
10
10
10
10
10
10
10
10
10
10
10
10
10
10
10
10
10
10
10
10
10
10
10
10
10
10
10
10
10
10
10
10
10
10
10
10
10
10
10
10
10
10
10
10
10
10
10
10
10
10
10
10
10
10
10
10
10
10
10
10
10
10
10
10
10
10
10
10
10
10
10
10
10
10
10
10
10
10
10
10
10
10
10
10
10
10
10
10
10
10
10
10
10
10
10
10
10
10
10
10
10
10
10
10
10
10
10
10
10
10
10
10
10
10
10
10
10
10
10
10
10
10
10
10
10
10
10
10
10
10
10
10
10
10
10
10
10
10
10
10
10
10
10
10
10
10
10
10
10
10
10
10
10
10
10
10
10
10
10
10
10
10
10
10
10
10
10
10
10
10
10
10
10
10
10
10
10
10
10
10
10
10
10
10
10
10
10
10
10
10
10
10
10
10
10
10
10
10
10
10
10
10
10
10
10
10
10
10
10
10
10
10
10
10
10
10
10
10
10
10
10
10
10
10
10
10
10
10
10
10
10
10
10
10
10
10
10
10
10
10
10
10
10
10
10
10
10
10
10
10
10
10
10
10
10
10
10
10
10
10
10
10
10
10
10
10
10
10
10
10
10
10
10
10
10
10
10
10
10
10
10
10
10
10
10
10
10
10
10
10
10
10
10
10
10
10
10
10
10
10
10
10
10
10
10
10
10
10
10
10
10
10
10
10
10
10
10
10
10
10
10
10
10
10
10
10
10
10
10
10
10
10
10
10
10
10
10
10
10
10
10
10
10
10
10
10
10
10
10
10
10
10
10
10
10
10
10
10
10
10
10
10
10
10
10
10
10
10
10
10
10
10
10
10
10
10
10
10
10
10
10
10
10
10
10
10
10
10
10
10
10
10
10
10
10
10
10
10
10
10
10
10
10
10
10
10
10
10
10
10
10
10
10
10
10
10
10
10
10
10
10
10
10
10
10
10
10
10
10
10
10
10
10
10
10
10
10
10
10
10
10
10
10
10
10
10
10
10
10
10
10
10
10
10
10
10
10
10
10
10
10
10
10
10
10
10
10
10
10
10
10
10
10
10
10
10
10
10
10
10
10
10
10
10
10
10
10
10
10
10
10
10
10
10
10
10
10
10
10
10
10
10
10
10
10
10
10
10
10
10
10
10
10
10
10
10
10
10
10
10
10
10
10
10
10
10
10
10
10
10
10
10
10
10
10
10
10
10
10
10
10
10
10
10
10
10
10
10
10
10
10
10
10
10
10
10
10
10
10
10
10
10
10
10
10
10
10
10
10
10
10
10
10
10
10
10
10
10
10
10
10
10
10
10
10
10
10
10
10
10
10
10
10
10
10
10
10
10
10
10
10
10
10
10
10
10
10
10
10
10
10
10
10
10
10
10
10
10
10
10
10
10
10
10
10
10
10
10
10
10
10
10
10
10
10
10
10
10
10
10
10
10
10
10
10
10
10
10
10
10
10
10
10
10
10
10
10
10
10
10
10
10
10
10
10
10
10
10
10
10
10
10
10
10
10
10
10
10
10
10
10
10
10
10
10
10
10
10
10
10
10
10
10
10
10
10
10
10
10
10
10
10
10
10
10
10
10
10
10
10
10
10
10
10
10
10
10
10
10
10
10
10
10
10
10
10
10
10
10
10
10
10
10
10
10
10
10
10
10
10
10
10
10
10
10
10
10
10
10
10
10
10
10
10
10
10
10
10
10
10
10
10
10
10
10
10
10
10
10
10
10
10
10
10
10
10
10
10
10
10
10
10
10
10
10
10
10
10
10
10
10
10
10
10
10
10
10
10
10
10
10
10
10
10
10
10
10
10
10
10
10
10
10
10
10
10
10
10
10
10
10
10
10
10
10
10
10
10
10
10
10
10
10
10
10
10
10
10
10
10
10
10
10
10
10
10
10
10
10
10
10
10
10
10
10
10
10
10
10
10
10
10
10
10
10
10
10
10
10
10
10
10
10
10
10
10
10
10
10
10
10
10
10
10
10
10
10
10
10
10
10
10
10
10
10
10
10
10
10
10
10
10
10
10
10
10
10
10
10
10
10
10
10
10
10
10
10
10
10
10
10
10
10
10
10
10
10
10
10
10
10
10
10
10
10
10
10
10
10
10
10
10
10
10
10
10
10
10
10
10
10
10
10
10
10
10
10
10
10
10
10
10
10
10
10
10
10
10
10
10
10
10
10
10
10
10
10
10
10
10
10
10
10
10
10
10
10
10
10
10
10
10
10
10
10
10
10
10
10
10
10
10
10
10
10
10
10
10
10
10
10
10
10
10
10
10
10
10
10
10
10
10
10
10
10
10
10
10
10
10
10
10
10
10
10
10
10
10
10
10
10
10
10
10
10
10
10
10
10
10
10
10
10
10
10
10
10
10
10
10
10
10
10
10
10
10
10
10
10
10
10
10
10
10
10
10
10
10
10
10
10
10
10
10
10
10
10
10
10
10
10
10
10
10
10
10
10
10
10
10
10
10
10
10
10
10
10
10
10
10
10
10
10
10
10
10
10
10
10
10
10
10
10
10
10
10
10
10
10
10
10
10
10
10
10
10
10
10
10
10
10
10
10
10
10
10
10
10
10
10
10
10
10
10
10
10
10
10
10
10
10
10
10
10
10
10
10
10
10
10
10
10
10
10
10
10
10
10
10
10
10
10
10
10
10
10
10
10
10
10
10
10
10
10
10
10
10
10
10
10
10
10
10
10
10
10
10
10
10
10
10
10
10
10
10
10
10
10
10
10
10
10
10
10
10
10
10
10
10
10
10
10
10
10
10
10
10
10
10
10
10
10
10
10
10
10
10
10
10
10
10
10
10
10
10
10
10
10
10
10
10
10
10
10
10
10
10
10
10
10
10
10
10
10
10
10
10
10
10
10
10
10
10
10
10
10
10
10
10
10
10
10
10
10
10
10
10
10
10
10
10
10
10
10
10
10
10
10
10
10
10
10
10
10
10
10
10
10
10
10
10
10
10
10
10
10
10
10
10
10
10
10
10
10
10
10
10
10
10
10
10
10
10
10
10
10
10
10
10
10
10
10
10
10
10
10
10
10
10
10
10
10
10
10
10
10
10
10
10
10
10
10
10
10
10
10
10
10
10
10
10
10
10
10
10
10
10
10
10
10
10
10
10
10
10
10
10
10
10
10
10
10
10
10
10
10
10
10
10
10
10
10
10
10
10
10
10
10
10
10
10
10
10
10
10
10
10
10
10
10
10
10
10
10
10
10
10
10
10
10
10
10
10
10
10
10
10
10
10
10
10
10
10
10
10
10
10
10
10
10
10
10
10
10
10
10
10
10
10
10
10
10
10
10
10
10
10
10
10
10
10
10
10
10
10
10
10
10
10
10
10
10
10
10
10
10
10
10
10
10
10
10
10
10
10
10
10
10
10
10
10
10
10
10
10
10
10
10
10
10
10
10
10
10
10
10
10
10
10
10
10
10
10
10
10
10
10
10
10
10
10
10
10
10
10
10
10
10
10
10
10
10
10
10
10
10
10
10
10
10
10
10
10
10
10
10
10
10
10
10
10
10
10
10
10
10
10
10
10
10
10
10
10
10
10
10
10
10
10
10
10
10
10
10
10
10
10
10
10
10
10
10
10
10
10
10
10
10
10
10
10
10
10
10
10
10
10
10
10
10
10
10
10
10
10
10
10
10
10
10
10
10
10
10
10
10
10
10
10
10
10
10
10
10
10
10
10
10
10
10
10
10
10
10
10
10
10
10
10
10
10
10
10
10
10
10
10
10
10
10
10
10
10
10
10
10
10
10
10
10
10
10
10
10
10
10
10
10
10
10
10
10
10
10
10
10
10
10
10
10
10
10
10
10
10
10
10
10
10
10
10
10
10
10
10
10
10
10
10
10
10
10
10
10
10
10
10
10
10
10
10
10
10
10
10
10
10
10
10
10
10
10
10
10
10
10
10
10
10
10
10
10
10
10
10
10
10
10
10
10
10
10
10
10
10
10
10
10
10
10
10
10
10
10
10
10
10
10
10
10
10
10
10
10
10
10
10
10
10
10
10
10
10
10
10
10
10
10
10
10
10
10
10
10
10
10
10
10
10
10
10
10
10
10
10
10
10
10
10
10
10
10
10
10
10
10
10
10
10
10
10
10
10
10
10
10
10
10
10
10
10
10
10
10
10
10
10
10
10
10
10
10
10
10
10
10
10
10
10
10
10
10
10
10
10
10
10
10
10
10
10
10
10
10
10
10
10
10
10
10
10
10
10
10
10
10
10
10
10
10
10
10
10
10
10
10
10
10
10
10
10
10
10
10
10
10
10
10
10
10
10
10
10
10
10
10
10
10
10
10
10
10
10
10
10
10
10
10
10
10
10
10
10
10
10
10
10
10
10
10
10
10
10
10
10
10
10
10
10
10
10
10
10
10
10
10
10
10
10
10
10
10
10
10
10
10
10
10
10
10
10
10
10
10
10
10
10
10
10
10
10
10
10
10
10
10
10
10
10
10
10
10
10
10
10
10
10
10
10
10
10
10
10
10
10
10
10
10
10
10
10
10
10
10
10
10
10
10
10
10
10
10
10
10
10
10
10
10
10
10
10
10
10
10
10
10
10
10
10
10
10
10
10
10
10
10
10
10
10
10
10
10
10
10
10
10
10
10
10
10
10
10
10
10
10
10
10
10
10
10
10
10
10
10
10
10
10
10
10
10
10
10
10
10
10
10
10
10
10
10
10
10
10
10
10
10
10
10
10
10
10
10
10
10
10
10
10
10
10
10
10
10
10
10
10
10
10
10
10
10
10
10
10
10
10
10
10
10
10
10
10
10
10
10
10
10
10
10
10
10
10
10
10
10
10
10
10
10
10
10
10
10
10
10
10
10
10
10
10
10
10
10
10
10
10
10
10
10
10
10
10
10
10
10
10
10
10
10
10
10
10
10
10
10
10
10
10
10
10
10
10
10
10
10
10
10
10
10
10
10
10
10
10
10
10
10
10
10
10
10
10
10
10
10
10
10
10
10
10
10
10
10
10
10
10
10
10
10
10
10
10
10
10
10
10
10
10
10
10
10
10
10
10
10
10
10
10
10
10
10
10
10
10
10
10
10
10
10
10
10
10
10
10
10
10
10
10
10
10
10
10
10
10
10
10
10
10
10
10
10
10
10
10
10
10
10
10
10
10
10
10
10
10
10
10
10
10
10
10
10
10
10
10
10
10
10
10
10
10
10
10
10
10
10
10
10
10
10
10
10
10
10
10
10
10
10
10
10
10
10
10
10
10
10
10
10
10
10
10
10
10
10
10
10
10
10
10
10
10
10
10
10
10
10
10
10
10
10
10
10
10
10
10
10
10
10
10
10
10
10
10
10
10
10
10
10
10
10
10
10
10
10
10
10
10
10
10
10
10
10
10
10
10
10
10
10
10
10
10
10
10
10
10
10
10
10
10
10
10
10
10
10
10
10
10
10
10
10
10
10
10
10
10
10
10
10
10
10
10
10
10
10
10
10
10
10
10
10
10
10
10
10
10
10
10
10
10
10
10
10
10
10
10
10
10
10
10
10
10
10
10
10
10
10
10
10
10
10
10
10
10
10
10
10
10
10
10
10
10
10
10
10
10
10
10
10
10
10
10
10
10
10
10
10
10
10
10
10
10
10
10
10
10
10
10
10
10
10
10
10
10
10
10
10
10
10
10
10
10
10
10
10
10
10
10
10
10
10
10
10
10
10
10
10
10
10
10
10
10
10
10
10
10
10
10
10
10
10
10
10
10
10
10
10
10
10
10
10
10
10
10
10
10
10
10
10
10
10
10
10
10
10
10
10
10
10
10
10
10
10
10
10
10
10
10
10
10
10
10
10
10
10
10
10
10
10
10
10
10
10
10
10
10
10
10
10
10
10
10
10
10
10
10
10
10
10
10
10
10
10
10
10
10
10
10
10
10
10
10
10
10
10
10
10
10
10
10
10
10
10
10
10
10
10
10
10
10
10
10
10
10
10
10
10
10
10
10
10
10
10
10
10
10
10
10
10
10
10
10
10
10
10
10
10
10
10
10
10
10
10
10
10
10
10
10
10
10
10
10
10
10
10
10
10
10
10
10
10
10
10
10
10
10
10
10
10
10
10
10
10
10
10
10
10
10
10
10
10
10
10
10
10
10
10
10
10
10
10
10
10
10
10
10
10
10
10
10
10
10
10
10
10
10
10
10
10
10
10
10
10
10
10
10
10
10
10
10
10
10
10
10
10
10
10
10
10
10
10
10
10
10
10
10
10
10
10
10
10
10
10
10
10
10
10
10
10
10
10
10
10
10
10
10
10
10
10
10
10
10
10
10
10
10
10
10
10
10
10
10
10
10
10
10
10
10
10
10
10
10
10
10
10
10
10
10
10
10
10
10
10
10
10
10
10
10
10
10
10
10
10
10
10
10
10
10
10
10
10
10
10
10
10
10
10
10
10
10
10
10
10
10
10
10
10
10
10
10
10
10
10
10
10
10
10
10
10
10
10
10
10
10
10
10
10
10
10
10
10
10
10
10
10
10
10
10
10
10
10
10
10
10
10
10
10
10
10
10
10
10
10
10
10
10
10
10
10
10
10
10
10
10
10
10
10
10
10
10
10
10
10
10
10
10
10
10
10
10
10
10
10
10
10
10
10
10
10
10
10
10
10
10
10
10
10
10
10
10
10
10
10
10
10
10
10
10
10
10
10
10
10
10
10
10
10
10
10
10
10
10
10
10
10
10
10
10
10
10
10
10
10
10
10
10
10
10
10
10
10
10
10
10
10
10
10
10
10
10
10
10
10
10
10
10
10
10
10
10
10
10
10
10
10
10
10
10
10
10
10
10
10
10
10
10
10
10
10
10
10
10
10
10
10
10
10
10
10
10
10
10
10
10
10
10
10
10
10
10
10
10
10
10
10
10
10
10
10
10
10
10
10
10
10
10
10
10
10
10
10
10
10
10
10
10
10
10
10
10
10
10
10
10
10
10
10
10
10
10
10
10
10
10
10
10
10
10
10
10
10
10
10
10
10
10
10
10
10
10
10
10
10
10
10
10
10
10
10
10
10
10
10
10
10
10
10
10
10
10
10
10
10
10
10
10
10
10
10
10
10
10
10
10
10
10
10
10
10
10
10
10
10
10
10
10
10
10
10
10
10
10
10
10
10
10
10
10
10
10
10
10
10
10
10
10
10
10
10
10
10
10
10
10
10
10
10
10
10
10
10
10
10
10
10
10
10
10
10
10
10
10
10
10
10
10
10
10
10
10
10
10
10
10
10
10
10
10
10
10
10
10
10
10
10
10
10
10
10
10
10
10
10
10
10
10
10
10
10
10
10
10
10
10
10
10
10
10
10
10
10
10
10
10
10
10
10
10
10
10
10
10
10
10
10
10
10
10
10
10
10
10
10
10
10
10
10
10
10
10
10
10
10
10
10
10
10
10
10
10
10
10
10
10
10
10
10
10
10
10
10
10
10
10
10
10
10
10
10
10
10
10
10
10
10
10
10
10
10
10
10
10
10
10
10
10
10
10
10
10
10
10
10
10
10
10
10
10
10
10
10
10
10
10
10
10
10
10
10
10
10
10
10
10
10
10
10
10
10
10
10
10
10
10
10
10
10
10
10
10
10
10
10
10
10
10
10
10
10
10
10
10
10
10
10
10
10
10
10
10
10
10
10
10
10
10
10
10
10
10
10
10
10
10
10
10
10
10
10
10
10
10
10
10
10
10
10
10
10
10
10
10
10
10
10
10
10
10
10
10
10
10
10
10
10
10
10
10
10
10
10
10
10
10
10
10
10
10
10
10
10
10
10
10
10
10
10
10
10
10
10
10
10
10
10
10
10
10
10
10
10
10
10
10
10
10
10
10
10
10
10
10
10
10
10
10
10
10
10
10
10
10
10
10
10
10
10
10
10
10
10
10
10
10
10
10
10
10
10
10
10
10
10
10
10
10
10
10
10
10
10
10
10
10
10
10
10
10
10
10
10
10
10
10
10
10
10
10
10
10
10
10
10
10
10
10
10
10
10
10
10
10
10
10
10
10
10
10
10
10
10
10
10
10
10
10
10
10
10
10
10
10
10
10
10
10
10
10
10
10
10
10
10
10
10
10
10
10
10
10
10
10
10
10
10
10
10
10
10
10
10
10
10
10
10
10
10
10
10
10
10
10
10
10
10
10
10
10
10
10
10
10
10
10
10
10
10
10
10
10
10
10
10
10
10
10
10
10
10
10
10
10
10
10
10
10
10
10
10
10
10
10
10
10
10
10
10
10
10
10
10
10
10
10
10
10
10
10
10
10
10
10
10
10
10
10
10
10
10
10
10
10
10
10
10
10
10
10
10
10
10
10
10
10
10
10
10
10
10
10
10
10
10
10
10
10
10
10
10
10
10
10
10
10
10
10
10
10
10
10
10
10
10
10
10
10
10
10
10
10
10
10
10
10
10
10
10
10
10
10
10
10
10
10
10
10
10
10
10
10
10
10
10
10
10
10
10
10
10
10
10
10
10
10
10
10
10
10
10
10
10
10
10
10
10
10
10
10
10
10
10
10
10
10
10
10
10
10
10
10
10
10
10
10
10
10
10
10
10
10
10
10
10
10
10
10
10
10
10
10
10
10
10
10
10
10
10
10
10
10
10
10
10
10
10
10
10
10
10
10
10
10
10
10
10
10
10
10
10
10
10
10
10
10
10
10
10
10
10
10
10
10
10
10
10
10
10
10
10
10
10
10
10
10
10
10
10
10
10
10
10
10
10
10
10
10
10
10
10
10
10
10
10
10
10
10
10
10
10
10
10
10
10
10
10
10
10
10
10
10
10
10
10
10
10
10
10
10
10
10
10
10
10
10
10
10
10
10
10
10
10
10
10
10
10
10
10
10
10
10
10
10
10
10
10
10
10
10
10
10
10
10
10
10
10
10
10
10
10
10
10
10
10
10
10
10
10
10
10
10
10
10
10
10
10
10
10
10
10
10
10
10
10
10
10
10
10
10
10
10
10
10
10
10
10
10
10
10
10
10
10
10
10
10
10
10
10
10
10
10
10
10
10
10
10
10
10
10
10
10
10
10
10
10
10
10
10
10
10
10
10
10
10
10
10
10
10
10
10
10
10
10
10
10
10
10
10
10
10
10
10
10
10
10
10
10
10
10
10
10
10
10
10
10
10
10
10
10
10
10
10
10
10
10
10
10
10
10
10
10
10
10
10
10
10
10
10
10
10
10
10
10
10
10
10
10
10
10
10
10
10
10
10
10
10
10
10
10
10
10
10
10
10
10
10
10
10
10
10
10
10
10
10
10
10
10
10
10
10
10
10
10
10
10
10
10
10
10
10
10
10
10
10
10
10
10
10
10
10
10
10
10
10
10
10
10
10
10
10
10
10
10
10
10
10
10
10
10
10
10
10
10
10
10
10
10
10
10
10
10
10
10
10
10
10
10
10
10
10
10
10
10
10
10
10
10
10
10
10
10
10
10
10
10
10
10
10
10
10
10
10
10
10
10
10
10
10
10
10
10
10
10
10
10
10
10
10
10
10
10
10
10
10
10
10
10
10
10
10
10
10
10
10
10
10
10
10
10
10
10
10
10
10
10
10
10
10
10
10
10
10
10
10
10
10
10
10
10
10
10
10
10
10
10
10
10
10
10
10
10
10
10
10
10
10
10
10
10
10
10
10
10
10
10
10
10
10
10
10
10
10
10
10
10
10
10
10
10
10
10
10
10
10
10
10
10
10
10
10
10
10
10
10
10
10
10
10
10
10
10
10
10
10
10
10
10
10
10
10
10
10
10
10
10
10
10
10
10
10
10
10
10
10
10
10
10
10
10
10
10
10
10
10
10
10
10
10
10
10
10
10
10
10
10
10
10
10
10
10
10
10
10
10
10
10
10
10
10
10
10
10
10
10
10
10
10
10
10
10
10
10
10
10
10
10
10
10
10
10
10
10
10
10
10
10
10
10
10
10
10
10
10
10
10
10
10
10
10
10
10
10
10
10
10
10
10
10
10
10
10
10
10
10
10
10
10
10
10
10
10
10
10
10
10
10
10
10
10
10
10
10
10
10
10
10
10
10
10
10
10
10
10
10
10
10
10
10
10
10
10
10
10
10
10
10
10
10
10
10
10
10
10
10
10
10
10
10
10
10
10
10
10
10
10
10
10
10
10
10
10
10
10
10
10
10
10
10
10
10
10
10
10
10
10
10
10
10
10
10
10
10
10
10
10
10
10
10
10
10
10
10
10
10
10
10
10
10
10
10
10
10
10
10
10
10
10
10
10
10
10
10
10
10
10
10
10
10
10
10
10
10
10
10
10
10
10
10
10
10
10
10
10
10
10
10
10
10
10
10
10
10
10
10
10
10
10
10
10
10
10
10
10
10
10
10
10
10
10
10
10
10
10
10
10
10
10
10
10
10
10
10
10
10
10
10
10
10
10
10
10
10
10
10
10
10
10
10
10
10
10
10
10
10
10
10
10
10
10
10
10
10
10
10
10
10
10
10
10
10
10
10
10
10
10
10
10
10
10
10
10
10
10
10
10
10
10
10
10
10
10
10
10
10
10
10
10
10
10
10
10
10
10
10
10
10
10
10
10
10
10
10
10
10
10
10
10
10
10
10
10
10
10
10
10
10
10
10
10
10
10
10
10
10
10
10
10
10
10
10
10
10
10
10
10
10
10
10
10
10
10
10
10
10
10
10
10
10
10
10
10
10
10
10
10
10
10
10
10
10
10
10
10
10
10
10
10
10
10
10
10
10
10
10
10
10
10
10
10
10
10
10
10
10
10
10
10
10
10
10
10
10
10
10
10
10
10
10
10
10
10
10
10
10
10
10
10
10
10
10
10
10
10
10
10
10
10
10
10
10
10
10
10
10
10
10
10
10
10
10
10
10
10
10
10
10
10
10
10
10
10
10
10
10
10
10
10
10
10
10
10
10
10
10
10
10
10
10
10
10
10
10
10
10
10
10
10
10
10
10
10
10
10
10
10
10
10
10
10
10
10
10
10
10
10
10
10
10
10
10
10
10
10
10
10
10
10
10
10
10
10
10
10
10
10
10
10
10
10
10
10
10
10
10
10
10
10
10
10
10
10
10
10
10
10
10
10
10
10
10
10
10
10
10
10
10
10
10
10
10
10
10
10
10
10
10
10
10
10
10
10
10
10
10
10
10
10
10
10
10
10
10
10
10
10
10
10
10
10
10
10
10
10
10
10
10
10
10
10
10
10
10
10
10
10
10
10
10
10
10
10
10
10
10
10
10
10
10
10
10
10
10
10
10
10
10
10
10
10
10
10
10
10
10
10
10
10
10
10
10
10
10
10
10
10
10
10
10
10
10
10
10
10
10
10
10
10
10
10
10
10
10
10
10
10
10
10
10
10
10
10
10
10
10
10
10
10
10
10
10
10
10
10
10
10
10
10
10
10
10
10
10
10
10
10
10
10
10
10
10
10
10
10
10
10
10
10
10
10
10
10
10
10
10
10
10
10
10
10
10
10
10
10
10
10
10
10
10
10
10
10
10
10
10
10
10
10
10
10
10
10
10
10
10
10
10
10
10
10
10
10
10
10
10
10
10
10
10
10
10
10
10
10
10
10
10
10
10
10
10
10
10
10
10
10
10
10
10
10
10
10
10
10
10
10
10
10
10
10
10
10
10
10
10
10
10
10
10
10
10
10
10
10
10
10
10
10
10
10
10
10
10
10
10
10
10
10
10
10
10
10
10
10
10
10
10
10
10
10
10
10
10
10
10
10
10
10
10
10
10
10
10
10
10
10
10
10
10
10
10
10
10
10
10
10
10
10
10
10
10
10
10
10
10
10
10
10
10
10
10
10
10
10
10
10
10
10
10
10
10
10
10
10
10
10
10
10
10
10
10
10
10
10
10
10
10
10
10
10
10
10
10
10
10
10
10
10
10
10
10
10
10
10
10
10
10
10
10
10
10
10
10
10
10
10
10
10
10
10
10
10
10
10
10
10
10
10
10
10
10
10
10
10
10
10
10
10
10
10
10
10
10
10
10
10
10
10
10
10
10
10
10
10
10
10
10
10
10
10
10
10
10
10
10
10
10
10
10
10
10
10
10
10
10
10
10
10
10
10
10
10
10
10
10
10
10
10
10
10
10
10
10
10
10
10
10
10
10
10
10
10
10
10
10
10
10
10
10
10
10
10
10
10
10
10
10
10
10
10
10
10
10
10
10
10
10
10
10
10
10
10
10
10
10
10
10
10
10
10
10
10
10
10
10
10
10
10
10
10
10
10
10
10
10
10
10
10
10
10
10
10
10
10
10
10
10
10
10
10
10
10
10
10
10
10
10
10
10
10
10
10
10
10
10
10
10
10
10
10
10
10
10
10
10
10
10
10
10
10
10
10
10
10
10
10
10
10
10
10
10
10
10
10
10
10
10
10
10
10
10
10
10
10
10
10
10
10
10
10
10
10
10
10
10
10
10
10
10
10
10
10
10
10
10
10
10
10
10
10
10
10
10
10
10
10
10
10
10
10
10
10
10
10
10
10
10
10
10
10
10
10
10
10
10
10
10
10
10
10
10
10
10
10
10
10
10
10
10
10
10
10
10
10
10
10
10
10
10
10
10
10
10
10
10
10
10
10
10
10
10
10
10
10
10
10
10
10
10
10
10
10
10
10
10
10
10
10
10
10
10
10
10
10
10
10
10
10
10
10
10
10
10
10
10
10
10
10
10
10
10
10
10
10
10
10
10
10
10
10
10
10
10
10
10
10
10
10
10
10
10
10
10
10
10
10
10
10
10
10
10
10
10
10
10
10
10
10
10
10
10
10
10
10
10
10
10
10
10
10
10
10
10
10
10
10
10
10
10
10
10
10
10
10
10
10
10
10
10
10
10
10
10
10
10
10
10
10
10
10
10
10
10
10
10
10
10
10
10
10
10
10
10
10
10
10
10
10
10
10
10
10
10
10
10
10
10
10
10
10
10
10
10
10
10
10
10
10
10
10
10
10
10
10
10
10
10
10
10
10
10
10
10
10
10
10
10
10
10
10
10
10
10
10
10
10
10
10
10
10
10
10
10
10
10
10
10
10
10
10
10
10
10
10
10
10
10
10
10
10
10
10
10
10
10
10
10
10
10
10
10
10
10
10
10
10
10
10
10
10
10
10
10
10
10
10
10
10
10
10
10
10
10
10
10
10
10
10
10
10
10
10
10
10
10
10
10
10
10
10
10
10
10
10
10
10
10
10
10
10
10
10
10
10
10
10
10
10
10
10
10
10
10
10
10
10
10
10
10
10
10
10
10
10
10
10
10
10
10
10
10
10
10
10
10
10
10
10
10
10
10
10
10
10
10
10
10
10
10
10
10
10
10
10
10
10
10
10
10
10
10
10
10
10
10
10
10
10
10
10
10
10
10
10
10
10
10
10
10
10
10
10
10
10
10
10
10
10
10
10
10
10
10
10
10
10
10
10
10
10
10
10
10
10
10
10
10
10
10
10
10
10
10
10
10
10
10
10
10
10
10
10
10
10
10
10
10
10
10
10
10
10
10
10
10
10
10
10
10
10
10
10
10
10
10
10
10
10
10
10
10
10
10
10
10
10
10
10
10
10
10
10
10
10
10
10
10
10
10
10
10
10
10
10
10
10
10
10
10
10
10
10
10
10
10
10
10
10
10
10
10
10
10
10
10
10
10
10
10
10
10
10
10
10
10
10
10
10
10
10
10
10
10
10
10
10
10
10
10
10
10
10
10
10
10
10
10
10
10
10
10
10
10
10
10
10
10
10
10
10
10
10
10
10
10
10
10
10
10
10
10
10
10
10
10
10
10
10
10
10
10
10
10
10
10
10
10
10
10
10
10
10
10
10
10
10
10
10
10
10
10
10
10
10
10
10
10
10
10
10
10
10
10
10
10
10
10
10
10
10
10
10
10
10
10
10
10
10
10
10
10
10
10
10
10
10
10
10
10
10
10
10
10
10
10
10
10
10
10
10
10
10
10
10
10
10
10
10
10
10
10
10
10
10
10
10
10
10
10
10
10
10
10
10
10
10
10
10
10
10
10
10
10
10
10
10
10
10
10
10
10
10
10
10
10
10
10
10
10
10
10
10
10
10
10
10
10
10
10
10
10
10
10
10
10
10
10
10
10
10
10
10
10
10
10
10
10
10
10
10
10
10
10
10
10
10
10
10
10
10
10
10
10
10
10
10
10
10
10
10
10
10
10
10
10
10
10
10
10
10
10
10
10
10
10
10
10
10
10
10
10
10
10
10
10
10
10
10
10
10
10
10
10
10
10
10
10
10
10
10
10
10
10
10
10
10
10
10
10
10
10
10
10
10
10
10
10
10
10
10
10
10
10
10
10
10
10
10
10
10
10
10
10
10
10
10
10
10
10
10
10
10
10
10
10
10
10
10
10
10
10
10
10
10
10
10
10
10
10
10
10
10
10
10
10
10
10
10
10
10
10
10
10
10
10
10
10
10
10
10
10
10
10
10
10
10
10
10
10
10
10
10
10
10
10
10
10
10
10
10
10
10
10
10
10
10
10
10
10
10
10
10
10
10
10
10
10
10
10
10
10
10
10
10
10
10
10
10
10
10
10
10
10
10
10
10
10
10
10
10
10
10
10
10
10
10
10
10
10
10
10
10
10
10
10
10
10
10
10
10
10
10
10
10
10
10
10
10
10
10
10
10
10
10
10
10
10
10
10
10
10
10
10
10
10
10
10
10
10
10
10
10
10
10
10
10
10
10
10
10
10
10
10
10
10
10
10
10
10
10
10
10
10
10
10
10
10
10
10
10
10
10
10
10
10
10
10
10
10
10
10
10
10
10
10
10
10
10
10
10
10
10
10
10
10
10
10
10
10
10
10
10
10
10
10
10
10
10
10
10
10
10
10
10
10
10
10
10
10
10
10
10
10
10
10
10
10
10
10
10
10
10
10
10
10
10
10
10
10
10
10
10
10
10
10
10
10
10
10
10
10
10
10
10
10
10
10
10
10
10
10
10
10
10
10
10
10
10
10
10
10
10
10
10
10
10
10
10
10
10
10
10
10
10
10
10
10
10
10
10
10
10
10
10
10
10
10
10
10
10
10
10
10
10
10
10
10
10
10
10
10
10
10
10
10
10
10
10
10
10
10
10
10
10
10
10
10
10
10
10
10
10
10
10
10
10
10
10
10
10
10
10
10
10
10
10
10
10
10
10
10
10
10
10
10
10
10
10
10
10
10
10
10
10
10
10
10
10
10
10
10
10
10
10
10
10
10
10
10
10
10
10
10
10
10
10
10
10
10
10
10
10
10
10
10
10
10
10
10
10
10
10
10
10
10
10
10
10
10
10
10
10
10
10
10
10
10
10
10
10
10
10
10
10
10
10
10
10
10
10
10
10
10
10
10
10
10
10
10
10
10
10
10
10
10
10
10
10
10
10
10
10
10
10
10
10
10
10
10
10
10
10
10
10
10
10
10
10
10
10
10
10
10
10
10
10
10
10
10
10
10
10
10
10
10
10
10
10
10
10
10
10
10
10
10
10
10
10
10
10
10
10
10
10
10
10
10
10
10
10
10
10
10
10
10
10
10
10
10
10
10
10
10
10
10
10
10
10
10
10
10
10
10
10
10
10
10
10
10
10
10
10
10
10
10
10
10
10
10
10
10
10
10
10
10
10
10
10
10
10
10
10
10
10
10
10
10
10
10
10
10
10
10
10
10
10
10
10
10
10
10
10
10
10
10
10
10
10
10
10
10
10
10
10
10
10
10
10
10
10
10
10
10
10
10
10
10
10
10
10
10
10
10
10
10
10
10
10
10
10
10
10
10
10
10
10
10
10
10
10
10
10
10
10
10
10
10
10
10
10
10
10
10
10
10
10
10
10
10
10
10
10
10
10
10
10
10
10
10
10
10
10
10
10
10
10
10
10
10
10
10
10
10
10
10
10
10
10
10
10
10
10
10
10
10
10
10
10
10
10
10
10
10
10
10
10
10
10
10
10
10
10
10
10
10
10
10
10
10
10
10
10
10
10
10
10
10
10
10
10
10
10
10
10
10
10
10
10
10
10
10
10
10
10
10
10
10
10
10
10
10
10
10
10
10
10
10
10
10
10
10
10
10
10
10
10
10
10
10
10
10
10
10
10
10
10
10
10
10
10
10
10
10
10
10
10
10
10
10
10
10
10
10
10
10
10
10
10
10
10
10
10
10
10
10
10
10
10
10
10
10
10
10
10
10
10
10
10
10
10
10
10
10
10
10
10
10
10
10
10
10
10
10
10
10
10
10
10
10
10
10
10
10
10
10
10
10
10
10
10
10
10
10
10
10
10
10
10
10
10
10
10
10
10
10
10
10
10
10
10
10
10
10
10
10
10
10
10
10
10
10
10
10
10
10
10
10
10
10
10
10
10
10
10
10
10
10
10
10
10
10
10
10
10
10
10
10
10
10
10
10
10
10
10
10
10
10
10
10
10
10
10
10
10
10
10
10
10
10
10
10
10
10
10
10
10
10
10
10
10
10
10
10
10
10
10
10
10
10
10
10
10
10
10
10
10
10
10
10
10
10
10
10
10
10
10
10
10
10
10
10
10
10
10
10
10
10
10
10
10
10
10
10
10
10
10
10
10
10
10
10
10
10
10
10
10
10
10
10
10
10
10
10
10
10
10
10
10
10
10
10
10
10
10
10
10
10
10
10
10
10
10
10
10
10
10
10
10
10
10
10
10
10
10
10
10
10
10
10
10
10
10
10
10
10
10
10
10
10
10
10
10
10
10
10
10
10
10
10
10
10
10
10
10
10
10
10
10
10
10
10
10
10
10
10
10
10
10
10
10
10
10
10
10
10
10
10
10
10
10
10
10
10
10
10
10
10
10
10
10
10
10
10
10
10
10
10
10
10
10
10
10
10
10
10
10
10
10
10
10
10
10
10
10
10
10
10
10
10
10
10
10
10
10
10
10
10
10
10
10
10
10
10
10
10
10
10
10
10
10
10
10
10
10
10
10
10
10
10
10
10
10
10
10
10
10
10
10
10
10
10
10
10
10
10
10
10
10
10
10
10
10
10
10
10
10
10
10
10
10
10
10
10
10
10
10
10
10
10
10
10
10
10
10
10
10
10
10
10
10
10
10
10
10
10
10
10
10
10
10
10
10
10
10
10
10
10
10
10
10
10
10
10
10
10
10
10
10
10
10
10
10
10
10
10
10
10
10
10
10
10
10
10
10
10
10
10
10
10
10
10
10
10
10
10
10
10
10
10
10
10
10
10
10
10
10
10
10
10
10
10
10
10
10
10
10
10
10
10
10
10
10
10
10
10
10
10
10
10
10
10
10
10
10
10
10
10
10
10
10
10
10
10
10
10
10
10
10
10
10
10
10
10
10
10
10
10
10
10
10
10
10
10
10
10
10
10
10
10
10
10
10
10
10
10
10
10
10
10
10
10
10
10
10
10
10
10
10
10
10
10
10
10
10
10
10
10
10
10
10
10
10
10
10
10
10
10
10
10
10
10
10
10
10
10
10
10
10
10
10
10
10
10
10
10
10
10
10
10
10
10
10
10
10
10
10
10
10
10
10
10
10
10
10
10
10
10
10
10
10
10
10
10
10
10
10
10
10
10
10
10
10
10
10
10
10
10
10
10
10
10
10
10
10
10
10
10
10
10
10
10
10
10
10
10
10
10
10
10
10
10
10
10
10
10
10
10
10
10
10
10
10
10
10
10
10
10
10
10
10
10
10
10
10
10
10
10
10
10
10
10
10
10
10
10
10
10
10
10
10
10
10
10
10
10
10
10
10
10
10
10
10
10
10
10
10
10
10
10
10
