solid Created by Gmsh
facet normal -0.943825 0.330394 -0.00590385
  outer loop
    vertex -69.31305532083107 19.48590162377432 3.290773015584492
    vertex -66.13644428941932 28.45998483401802 -2.329795771894794
    vertex -69.61225503857064 18.38841886745561 -10.2951732959864
  endloop
endfacet
facet normal 0.943447 0.331469 0.0060594
  outer loop
    vertex 69.31560030600576 19.47684661894871 73.72114629320313
    vertex 66.06810266543611 28.61827755455231 79.29010460975445
    vertex 69.61662061833199 18.37188432587229 87.2973468446072
  endloop
endfacet
facet normal -0.947228 0.320317 0.0124832
  outer loop
    vertex -66.62871634835717 27.28761912974748 37.12681924946489
    vertex -68.76588803344801 21.33665022845179 27.65864974105727
    vertex -69.7746404103767 17.76230715877377 42.83133168359445
  endloop
endfacet
facet normal -0.977755 0.20916 -0.0157325
  outer loop
    vertex -69.7746404103767 17.76230715877377 42.83133168359445
    vertex -68.76588803344801 21.33665022845179 27.65864974105727
    vertex -71.35605280055535 9.608003368252795 32.70474591327088
  endloop
endfacet
facet normal -0.447317 0.893971 0.0268923
  outer loop
    vertex -37.61989665954842 61.39009183349458 -10.21806763186933
    vertex -26.01520605834106 67.13575093601065 -8.190619496961546
    vertex -32.68731598124749 64.15246974156243 -20
  endloop
endfacet
facet normal -0.94708 0.32091 0.00750787
  outer loop
    vertex -66.13644428941932 28.45998483401802 -2.329795771894794
    vertex -66.51932634081267 27.55320713028642 -11.86989081832171
    vertex -69.61225503857064 18.38841886745561 -10.2951732959864
  endloop
endfacet
facet normal 0.947032 0.321014 -0.00890733
  outer loop
    vertex 66.06810266543611 28.61827755455231 79.29010460975445
    vertex 66.51932634081267 27.55320713028641 88.88003695246123
    vertex 69.61662061833199 18.37188432587229 87.2973468446072
  endloop
endfacet
facet normal -0.382627 0.923743 -0.0171776
  outer loop
    vertex -32.68731598124749 64.15246974156243 -20
    vertex -26.01520605834106 67.13575093601065 -8.190619496961546
    vertex -22.24922359499636 68.47606917325102 -20
  endloop
endfacet
facet normal -0.972207 0.233406 0.0182859
  outer loop
    vertex -68.47606917325103 22.24922359499628 97
    vertex -69.61278011895769 18.38643097802424 85.87017759117967
    vertex -71.11356052284991 11.26328148289666 97
  endloop
endfacet
facet normal 0.972209 0.233407 -0.0181816
  outer loop
    vertex 68.47606917325103 22.24922359499628 -20
    vertex 69.59954824326765 18.43645530824889 -8.871657428187447
    vertex 71.11356052284991 11.26328148289666 -20
  endloop
endfacet
facet normal -0.895664 0.444532 0.0133079
  outer loop
    vertex -66.56512084101882 27.44238851522516 67.79658691550652
    vertex -61.29059662683402 37.78177821551974 77.41629011175993
    vertex -62.30060907257133 36.09202279156216 65.88309337321184
  endloop
endfacet
facet normal -0.885566 0.464317 -0.0134945
  outer loop
    vertex -65.77823124031578 29.27839296982581 79.33058434913067
    vertex -61.29059662683402 37.78177821551974 77.41629011175993
    vertex -66.56512084101882 27.44238851522516 67.79658691550652
  endloop
endfacet
facet normal 0.619577 0.784935 0.000947581
  outer loop
    vertex 40.56879290224001 59.48254401465324 9.441233162821263
    vertex 48.48749781747622 53.22558177606177 14.77829169384226
    vertex 48.34777395227531 53.35253277830106 0.9762848423196147
  endloop
endfacet
facet normal 0.720484 0.69346 -0.0040337
  outer loop
    vertex 55.01354112787079 46.44900744442306 54.88522322780086
    vertex 48.6334012032812 53.09229969968043 57.38195807076009
    vertex 54.43984781210345 47.12009094001215 67.78477940171996
  endloop
endfacet
facet normal -0.148674 0.988886 -0.0012406
  outer loop
    vertex -15.56687272333366 70.29703033283505 -2.187432275547721
    vertex -5.891239270129783 71.75857648993659 3.284555209577277
    vertex -5.649054892404984 71.77804802878521 -10.21806763186932
  endloop
endfacet
facet normal -0.981921 0.18894 -0.0114826
  outer loop
    vertex -69.61278011895769 18.38643097802424 85.87017759117967
    vertex -71.4219543584732 9.105187291657991 87.86163381422476
    vertex -71.11356052284991 11.26328148289666 97
  endloop
endfacet
facet normal 0.981409 0.191671 0.0099722
  outer loop
    vertex 69.59954824326765 18.43645530824889 -8.871657428187447
    vertex 71.38629320161579 9.380679236225001 -10.65618122661907
    vertex 71.11356052284991 11.26328148289666 -20
  endloop
endfacet
facet normal 0.380758 0.924635 0.00856778
  outer loop
    vertex 22.24922359501445 68.47606917324514 77.73043656566549
    vertex 32.41386287822638 64.29106853452926 77.6528192657471
    vertex 31.15915719072592 64.90845032169258 66.78487327526213
  endloop
endfacet
facet normal 0.367743 0.92992 -0.00374864
  outer loop
    vertex 31.15915719072592 64.90845032169258 66.78487327526213
    vertex 21.63082649603073 68.67392041451117 66.14606462125703
    vertex 22.24922359501445 68.47606917324514 77.73043656566549
  endloop
endfacet
facet normal -0.0131047 0.999913 0.00120688
  outer loop
    vertex -5.891239270129783 71.75857648993659 3.284555209577277
    vertex 3.913823319912033 71.89354621258096 -2.072736758814372
    vertex -5.649054892404984 71.77804802878521 -10.21806763186932
  endloop
endfacet
facet normal 0.808712 0.588197 0.00296615
  outer loop
    vertex 61.1037779502202 38.08317634087504 73.41080804472534
    vertex 54.8632634474357 46.62641229922441 80.71677343875577
    vertex 61.39009183349469 37.61989665954824 87.21806763186933
  endloop
endfacet
facet normal 0.807863 0.589349 -0.00503567
  outer loop
    vertex 61.39009183349461 37.61989665954837 -10.21806763186932
    vertex 54.83866378396754 46.65534218488776 -3.789357307144996
    vertex 60.9037030763192 38.40233002815775 3.323476184255384
  endloop
endfacet
facet normal 0.886302 0.4631 -0.00284023
  outer loop
    vertex 66.06810266543611 28.61827755455231 79.29010460975445
    vertex 61.1037779502202 38.08317634087504 73.41080804472534
    vertex 61.39009183349469 37.61989665954824 87.21806763186933
  endloop
endfacet
facet normal 0.801365 0.598159 0.00452132
  outer loop
    vertex 60.45614785081952 39.1031224717394 62.07201659476755
    vertex 55.01354112787079 46.44900744442306 54.88522322780086
    vertex 54.43984781210345 47.12009094001215 67.78477940171996
  endloop
endfacet
facet normal 0.878912 0.476964 0.00431148
  outer loop
    vertex 60.45614785081952 39.1031224717394 62.07201659476755
    vertex 65.59227803414583 29.69264323517375 56.09909980441134
    vertex 60.86149510654577 38.46918784424626 49.57027475647809
  endloop
endfacet
facet normal 0.713325 0.700702 0.013598
  outer loop
    vertex 48.33807457930484 53.36132069172916 75.96749584433263
    vertex 46.76025947977329 54.74922952320217 87.21806763186933
    vertex 54.8632634474357 46.62641229922441 80.71677343875577
  endloop
endfacet
facet normal 0.882937 0.469468 0.00458761
  outer loop
    vertex 61.39009183349461 37.61989665954837 -10.21806763186932
    vertex 60.9037030763192 38.40233002815775 3.323476184255384
    vertex 65.74799543891962 29.34622796483058 -2.268954736286275
  endloop
endfacet
facet normal 0.71313 0.700898 -0.013682
  outer loop
    vertex 46.76025947977317 54.74922952320227 -10.2180676318693
    vertex 48.34777395227531 53.35253277830106 0.9762848423196147
    vertex 54.83866378396754 46.65534218488776 -3.789357307144996
  endloop
endfacet
facet normal -0.439424 0.897806 -0.0291535
  outer loop
    vertex -37.61989665954842 61.39009183349458 -10.21806763186933
    vertex -34.27807511607978 63.31677160386806 -1.25487972631683
    vertex -26.01520605834106 67.13575093601065 -8.190619496961546
  endloop
endfacet
facet normal 0.809004 0.587802 -0.00113999
  outer loop
    vertex 55.16604010002646 46.26778598206609 20.60194901770538
    vertex 61.09837646613474 38.09184155698532 14.85861968824838
    vertex 55.03364103330653 46.42519094863435 7.804859898101398
  endloop
endfacet
facet normal -0.825052 0.564986 -0.00898184
  outer loop
    vertex -56.45194927737844 44.68979103536167 3.127865889434958
    vertex -62.04352377292276 36.53219344412225 3.618956454834986
    vertex -61.07466482234884 38.12984810929289 15.1192244767857
  endloop
endfacet
facet normal 0.877447 0.479671 -0.00121399
  outer loop
    vertex 65.51417409830059 29.86457754962491 67.58173674395654
    vertex 65.59227803414583 29.69264323517375 56.09909980441134
    vertex 60.45614785081952 39.1031224717394 62.07201659476755
  endloop
endfacet
facet normal -0.809983 0.586392 0.00853749
  outer loop
    vertex -61.07466482234884 38.12984810929289 15.1192244767857
    vertex -55.34355222745479 46.05530617471762 14.49605293106566
    vertex -56.45194927737844 44.68979103536167 3.127865889434958
  endloop
endfacet
facet normal -0.98037 0.197084 0.00566984
  outer loop
    vertex -69.61225503857064 18.38841886745561 -10.2951732959864
    vertex -71.40823674107476 9.212150971983732 -1.870045897249113
    vertex -69.31305532083107 19.48590162377432 3.290773015584492
  endloop
endfacet
facet normal 0.980391 0.196978 -0.00570591
  outer loop
    vertex 69.61662061833199 18.37188432587229 87.2973468446072
    vertex 71.4087864981001 9.207888513049967 78.87099736210729
    vertex 69.31560030600576 19.47684661894871 73.72114629320313
  endloop
endfacet
facet normal 0.719982 0.693992 -0.00090535
  outer loop
    vertex 48.34777395227531 53.35253277830106 0.9762848423196147
    vertex 48.48749781747622 53.22558177606177 14.77829169384226
    vertex 55.03364103330653 46.42519094863435 7.804859898101398
  endloop
endfacet
facet normal -0.890035 0.455849 -0.00619707
  outer loop
    vertex -66.13644428941932 28.45998483401802 -2.329795771894794
    vertex -62.04352377292276 36.53219344412225 3.618956454834986
    vertex -61.39009183349468 37.61989665954826 -10.21806763186933
  endloop
endfacet
facet normal 0.707354 0.706858 -0.00153693
  outer loop
    vertex 46.76025947977329 54.74922952320217 87.21806763186933
    vertex 54.74922952320228 46.76025947977316 89.79247042693356
    vertex 54.8632634474357 46.62641229922441 80.71677343875577
  endloop
endfacet
facet normal 0.707303 0.706909 0.00120769
  outer loop
    vertex 54.83866378396754 46.65534218488776 -3.789357307144996
    vertex 54.74922952320218 46.76025947977328 -12.82303371509475
    vertex 46.76025947977317 54.74922952320227 -10.2180676318693
  endloop
endfacet
facet normal 0.705747 0.70835 0.0127399
  outer loop
    vertex 54.43984781210345 47.12009094001215 67.78477940171996
    vertex 48.6334012032812 53.09229969968043 57.38195807076009
    vertex 47.14756578324454 54.41605499036685 66.09020885422024
  endloop
endfacet
facet normal 0.00389393 0.999855 0.0165508
  outer loop
    vertex -5.081679677147395 71.82044647354169 87.83182298238482
    vertex 5.64905489240499 71.77804802878521 87.8685357346772
    vertex 2.369536645663798 71.96099843724278 77.58782833230842
  endloop
endfacet
facet normal -0.827855 0.56092 0.00499879
  outer loop
    vertex -62.04352377292276 36.53219344412225 3.618956454834986
    vertex -57.32738666596496 43.56111497713234 -4.060945809038088
    vertex -61.39009183349468 37.61989665954826 -10.21806763186933
  endloop
endfacet
facet normal 0.720991 0.692944 0.00106386
  outer loop
    vertex 55.03364103330653 46.42519094863435 7.804859898101398
    vertex 48.48749781747622 53.22558177606177 14.77829169384226
    vertex 55.16604010002646 46.26778598206609 20.60194901770538
  endloop
endfacet
facet normal 0.80764 0.589671 0.00224185
  outer loop
    vertex 55.03364103330653 46.42519094863435 7.804859898101398
    vertex 61.09837646613474 38.09184155698532 14.85861968824838
    vertex 60.9037030763192 38.40233002815775 3.323476184255384
  endloop
endfacet
facet normal 0.528676 0.848676 -0.0158194
  outer loop
    vertex 39.14088423663918 60.43170675377297 60.08938474392658
    vertex 41.90976922902414 58.54546304514075 51.43119807931954
    vertex 33.72698322570209 63.61203190036622 49.77718310010718
  endloop
endfacet
facet normal 0.878949 0.476859 -0.00730796
  outer loop
    vertex 65.51417409830059 29.86457754962491 67.58173674395654
    vertex 60.45614785081952 39.1031224717394 62.07201659476755
    vertex 61.1037779502202 38.08317634087504 73.41080804472534
  endloop
endfacet
facet normal 0.61601 0.787327 0.0254753
  outer loop
    vertex 39.14088423663918 60.43170675377297 60.08938474392658
    vertex 48.6334012032812 53.09229969968043 57.38195807076009
    vertex 41.90976922902414 58.54546304514075 51.43119807931954
  endloop
endfacet
facet normal 0.60859 0.793308 -0.016752
  outer loop
    vertex 47.14756578324454 54.41605499036685 66.09020885422024
    vertex 48.6334012032812 53.09229969968043 57.38195807076009
    vertex 39.14088423663918 60.43170675377297 60.08938474392658
  endloop
endfacet
facet normal 0.880706 0.473661 -0.00142743
  outer loop
    vertex 65.59227803414583 29.69264323517375 56.09909980441134
    vertex 65.69385252023197 29.46723164890131 43.9713459108529
    vertex 60.86149510654577 38.46918784424626 49.57027475647809
  endloop
endfacet
facet normal 0.48195 0.876031 0.0171483
  outer loop
    vertex 33.72698322570209 63.61203190036622 49.77718310010718
    vertex 30.58882717466943 65.17916578231272 57.91645213525193
    vertex 39.14088423663918 60.43170675377297 60.08938474392658
  endloop
endfacet
facet normal -0.0356053 0.999292 -0.0121876
  outer loop
    vertex 2.369536645663798 71.96099843724278 77.58782833230842
    vertex -7.186142674346014 71.64048683156713 79.22455473540501
    vertex -5.081679677147395 71.82044647354169 87.83182298238482
  endloop
endfacet
facet normal 0.938656 0.344851 0.00145206
  outer loop
    vertex 69.18144670173149 19.94811851417282 50.18339016850579
    vertex 65.69385252023197 29.46723164890131 43.9713459108529
    vertex 65.59227803414583 29.69264323517375 56.09909980441134
  endloop
endfacet
facet normal -0.980723 0.195022 -0.0122128
  outer loop
    vertex -71.28703125000115 10.10738223089241 56.05
    vertex -69.53389585223448 18.68254071615018 52.20216428713515
    vertex -71.54610015713133 8.071898928116649 44.34999999999999
  endloop
endfacet
facet normal 0.805332 0.592811 -0.00394863
  outer loop
    vertex 60.86149510654577 38.46918784424626 49.57027475647809
    vertex 55.01354112787079 46.44900744442306 54.88522322780086
    vertex 60.45614785081952 39.1031224717394 62.07201659476755
  endloop
endfacet
facet normal -0.465758 0.884783 0.0151263
  outer loop
    vertex -33.72125375665487 63.61506932385824 77.41310100185649
    vertex -37.61989665954825 61.39009183349468 87.51448665605339
    vertex -29.33207056776702 65.75431268143205 87.43099108633274
  endloop
endfacet
facet normal 0.805957 0.591962 -0.00379024
  outer loop
    vertex 61.1037779502202 38.08317634087504 73.41080804472534
    vertex 54.43984781210345 47.12009094001215 67.78477940171996
    vertex 54.8632634474357 46.62641229922441 80.71677343875577
  endloop
endfacet
facet normal 0.938972 0.343994 -3.85732e-05
  outer loop
    vertex 69.18325078607953 19.94186076248719 38.29321414305153
    vertex 65.69385252023197 29.46723164890131 43.9713459108529
    vertex 69.18144670173149 19.94811851417282 50.18339016850579
  endloop
endfacet
facet normal 0.806557 0.591153 -0.00182899
  outer loop
    vertex 54.83866378396754 46.65534218488776 -3.789357307144996
    vertex 55.03364103330653 46.42519094863435 7.804859898101398
    vertex 60.9037030763192 38.40233002815775 3.323476184255384
  endloop
endfacet
facet normal 0.977998 0.208614 3.85982e-05
  outer loop
    vertex 69.18325078607953 19.94186076248719 38.29321414305153
    vertex 69.18144670173149 19.94811851417282 50.18339016850579
    vertex 71.29927657732806 10.02063668384789 44.32275933228563
  endloop
endfacet
facet normal -0.817294 0.5761 -0.0118127
  outer loop
    vertex -55.34355222745479 46.05530617471762 14.49605293106566
    vertex -61.18984668221566 37.94473168974767 23.43852295191957
    vertex -56.62335143068222 44.47241923661741 25.8457367928894
  endloop
endfacet
facet normal 0.720593 0.693358 0.000100614
  outer loop
    vertex 55.20932398603376 46.21612862416277 32.20392527679562
    vertex 48.31435946842707 53.38279375562514 26.26028393516044
    vertex 48.30179735259006 53.3941604719966 37.89855026598567
  endloop
endfacet
facet normal -0.810262 0.586065 0.00182262
  outer loop
    vertex -61.07466482234884 38.12984810929289 15.1192244767857
    vertex -61.18984668221566 37.94473168974767 23.43852295191957
    vertex -55.34355222745479 46.05530617471762 14.49605293106566
  endloop
endfacet
facet normal -0.983462 0.180957 0.00749565
  outer loop
    vertex -71.54610015713133 8.071898928116649 44.34999999999999
    vertex -69.53389585223448 18.68254071615018 52.20216428713515
    vertex -69.7746404103767 17.76230715877377 42.83133168359445
  endloop
endfacet
facet normal -0.706759 0.707079 0.0230183
  outer loop
    vertex -46.76025947977317 54.74922952320227 87.2180676318693
    vertex -50.26996185626318 51.54542593644798 77.87019457085235
    vertex -54.73121217357119 46.78134685974242 87.23455416607868
  endloop
endfacet
facet normal 0.00205721 0.99986 -0.0165929
  outer loop
    vertex 3.913823319912033 71.89354621258096 -2.072736758814372
    vertex 6.207534136601101 71.73190726547658 -11.52843421975413
    vertex -5.649054892404984 71.77804802878521 -10.21806763186932
  endloop
endfacet
facet normal -0.15288 0.988223 -0.00655695
  outer loop
    vertex -5.649054892404984 71.77804802878521 -10.21806763186932
    vertex -16.44189431421431 70.09753284788422 -11.85275512671947
    vertex -15.56687272333366 70.29703033283505 -2.187432275547721
  endloop
endfacet
facet normal 0.977956 0.20881 0.000376286
  outer loop
    vertex 71.29927657732806 10.02063668384789 44.32275933228563
    vertex 71.29051565789555 10.08277626605627 32.60943382984641
    vertex 69.18325078607953 19.94186076248719 38.29321414305153
  endloop
endfacet
facet normal 0.618208 0.786015 -0.000100394
  outer loop
    vertex 48.30179735259006 53.3941604719966 37.89855026598567
    vertex 48.31435946842707 53.38279375562514 26.26028393516044
    vertex 40.50190979894273 59.52810514906641 32.13416560027717
  endloop
endfacet
facet normal 0.620039 0.784571 -0.000164797
  outer loop
    vertex 40.56879290224001 59.48254401465324 9.441233162821263
    vertex 40.59070661233996 59.467592323138 20.7078416369713
    vertex 48.48749781747622 53.22558177606177 14.77829169384226
  endloop
endfacet
facet normal 0.618547 0.785747 -0.000587519
  outer loop
    vertex 48.34777395227531 53.35253277830106 0.9762848423196147
    vertex 40.49739580230676 59.53117614520401 -0.6859378428417244
    vertex 40.56879290224001 59.48254401465324 9.441233162821263
  endloop
endfacet
facet normal 0.619464 0.785024 -0.00140761
  outer loop
    vertex 48.48749781747622 53.22558177606177 14.77829169384226
    vertex 40.59070661233996 59.467592323138 20.7078416369713
    vertex 48.31435946842707 53.38279375562514 26.26028393516044
  endloop
endfacet
facet normal 0.720469 0.693487 0.000399844
  outer loop
    vertex 55.16604010002646 46.26778598206609 20.60194901770538
    vertex 48.31435946842707 53.38279375562514 26.26028393516044
    vertex 55.20932398603376 46.21612862416277 32.20392527679562
  endloop
endfacet
facet normal 0.80917 0.587574 -0.000644534
  outer loop
    vertex 61.04123416655206 38.18334363860972 26.53587225207717
    vertex 61.09837646613474 38.09184155698532 14.85861968824838
    vertex 55.16604010002646 46.26778598206609 20.60194901770538
  endloop
endfacet
facet normal 0.941216 0.337688 -0.00892992
  outer loop
    vertex 69.21252513656425 19.84001925957886 3.412331970382354
    vertex 69.59954824326765 18.43645530824889 -8.871657428187447
    vertex 65.74799543891962 29.34622796483058 -2.268954736286275
  endloop
endfacet
facet normal 0.717094 0.69697 0.00312793
  outer loop
    vertex 54.43984781210345 47.12009094001215 67.78477940171996
    vertex 48.33807457930484 53.36132069172916 75.96749584433263
    vertex 54.8632634474357 46.62641229922441 80.71677343875577
  endloop
endfacet
facet normal -0.644859 0.764301 -0.000666319
  outer loop
    vertex -42.56383778685151 58.07167737249021 60.1173210107547
    vertex -50.11808994400356 51.6931045727065 54.52343710031661
    vertex -50.03870852495682 51.76994928676687 65.84342816480088
  endloop
endfacet
facet normal -0.983451 0.181007 0.00782663
  outer loop
    vertex -71.35605280055535 9.608003368252795 32.70474591327088
    vertex -71.54610015713133 8.071898928116649 44.34999999999999
    vertex -69.7746404103767 17.76230715877377 42.83133168359445
  endloop
endfacet
facet normal 0.617039 0.78686 0.0106702
  outer loop
    vertex 46.76025947977317 54.74922952320227 -10.2180676318693
    vertex 40.49739580230676 59.53117614520401 -0.6859378428417244
    vertex 48.34777395227531 53.35253277830106 0.9762848423196147
  endloop
endfacet
facet normal 0.718689 0.695329 0.00171662
  outer loop
    vertex 54.83866378396754 46.65534218488776 -3.789357307144996
    vertex 48.34777395227531 53.35253277830106 0.9762848423196147
    vertex 55.03364103330653 46.42519094863435 7.804859898101398
  endloop
endfacet
facet normal 0.120612 0.9927 0.000303243
  outer loop
    vertex 13.53835317089235 70.71571956375887 26.3835980375781
    vertex 3.815171880375398 71.89884883308768 20.57281995957534
    vertex 3.764451637795826 71.9015222639041 31.99451033344603
  endloop
endfacet
facet normal -0.978867 0.204495 0.000999074
  outer loop
    vertex -71.31288048084542 9.923360193233693 79.17940990548841
    vertex -69.34330860387593 19.37796562768205 73.69939206460251
    vertex -71.28893989539127 10.09391146143516 67.72649315889754
  endloop
endfacet
facet normal 0.939478 0.342609 -0.000561342
  outer loop
    vertex 69.18667272677591 19.92998537375286 15.05491489965982
    vertex 69.21252513656425 19.84001925957886 3.412331970382354
    vertex 65.75506537186685 29.33038318777162 9.257732118026198
  endloop
endfacet
facet normal -0.97958 0.200984 -0.00531486
  outer loop
    vertex -71.31288048084542 9.923360193233693 79.17940990548841
    vertex -69.61278011895769 18.38643097802424 85.87017759117967
    vertex -69.34330860387593 19.37796562768205 73.69939206460251
  endloop
endfacet
facet normal 0.977949 0.208842 -0.000246836
  outer loop
    vertex 71.2952502386774 10.0492434244758 9.248028817314776
    vertex 69.18667272677591 19.92998537375286 15.05491489965982
    vertex 71.28948623221919 10.09005216766644 20.93872600275751
  endloop
endfacet
facet normal -0.99757 0.0696635 -0.00104787
  outer loop
    vertex -71.31288048084542 9.923360193233693 79.17940990548841
    vertex -71.28893989539127 10.09391146143516 67.72649315889754
    vertex -72 0 73.59999999999999
  endloop
endfacet
facet normal 0.120763 0.992681 4.68689e-05
  outer loop
    vertex 13.5306469048087 70.71719447445147 15.00106199147467
    vertex 3.815171880375398 71.89884883308768 20.57281995957534
    vertex 13.53835317089235 70.71571956375887 26.3835980375781
  endloop
endfacet
facet normal 0.939568 0.342362 -0.000105671
  outer loop
    vertex 69.21252513656425 19.84001925957886 3.412331970382354
    vertex 65.74799543891962 29.34622796483058 -2.268954736286275
    vertex 65.75506537186685 29.33038318777162 9.257732118026198
  endloop
endfacet
facet normal 0.587552 0.808945 -0.0197831
  outer loop
    vertex 37.59562688946019 61.40495777043169 -10.24726613417086
    vertex 40.49739580230676 59.53117614520401 -0.6859378428417244
    vertex 46.76025947977317 54.74922952320227 -10.2180676318693
  endloop
endfacet
facet normal 0.802476 0.596633 0.00783376
  outer loop
    vertex 61.1037779502202 38.08317634087504 73.41080804472534
    vertex 60.45614785081952 39.1031224717394 62.07201659476755
    vertex 54.43984781210345 47.12009094001215 67.78477940171996
  endloop
endfacet
facet normal 0.978046 0.208388 0.000561474
  outer loop
    vertex 71.2952502386774 10.0492434244758 9.248028817314776
    vertex 69.21252513656425 19.84001925957886 3.412331970382354
    vertex 69.18667272677591 19.92998537375286 15.05491489965982
  endloop
endfacet
facet normal -0.015786 0.999875 -1.22981e-05
  outer loop
    vertex 3.764451637795826 71.9015222639041 31.99451033344603
    vertex -6.033416666327172 71.74676218011852 26.18457738518879
    vertex -6.031358793974706 71.74693520352172 37.61045239970542
  endloop
endfacet
facet normal 0.383951 0.923353 -0.000106653
  outer loop
    vertex 23.06583322823737 68.20533217782273 32.10331910569253
    vertex 32.10343513587387 64.44664035057792 26.45677711629661
    vertex 23.04888272918679 68.2110621888869 20.68931816125607
  endloop
endfacet
facet normal -0.97807 0.208275 0.000254246
  outer loop
    vertex -71.30049955205601 10.01193106384882 20.97680432582368
    vertex -69.19953748164565 19.8852712409542 15.13324951089423
    vertex -71.29459562247412 10.05388656330945 9.319448811946188
  endloop
endfacet
facet normal 0.99754 0.070101 0.000247127
  outer loop
    vertex 72 8.81745695386094e-15 15.09999999999999
    vertex 71.2952502386774 10.0492434244758 9.248028817314776
    vertex 71.28948623221919 10.09005216766644 20.93872600275751
  endloop
endfacet
facet normal 0.979147 0.203007 0.00765383
  outer loop
    vertex 71.31402216189906 9.915152197125808 -2.187393702369505
    vertex 69.59954824326765 18.43645530824889 -8.871657428187447
    vertex 69.21252513656425 19.84001925957886 3.412331970382354
  endloop
endfacet
facet normal -0.151498 0.988458 1.23175e-05
  outer loop
    vertex -6.031358793974706 71.74693520352172 37.61045239970542
    vertex -6.033416666327172 71.74676218011852 26.18457738518879
    vertex -15.73263047011106 70.26011911810949 31.87406184821883
  endloop
endfacet
facet normal -0.0156135 0.999878 -0.000303372
  outer loop
    vertex 3.764451637795826 71.9015222639041 31.99451033344603
    vertex 3.815171880375398 71.89884883308768 20.57281995957534
    vertex -6.033416666327172 71.74676218011852 26.18457738518879
  endloop
endfacet
facet normal -0.978325 0.207064 0.00239497
  outer loop
    vertex -69.19953748164565 19.8852712409542 15.13324951089423
    vertex -69.31305532083107 19.48590162377432 3.290773015584492
    vertex -71.29459562247412 10.05388656330945 9.319448811946188
  endloop
endfacet
facet normal 0.938572 0.345072 0.00270473
  outer loop
    vertex 69.19958677049966 19.8850997179317 61.89379427934515
    vertex 65.51417409830059 29.86457754962491 67.58173674395654
    vertex 69.31560030600576 19.47684661894871 73.72114629320313
  endloop
endfacet
facet normal 0.977883 0.209153 4.41378e-05
  outer loop
    vertex 69.17874861711529 19.95747328120394 26.67219851365948
    vertex 71.29051565789555 10.08277626605627 32.60943382984641
    vertex 71.28948623221919 10.09005216766644 20.93872600275751
  endloop
endfacet
facet normal -0.976949 0.213278 0.00910997
  outer loop
    vertex -71.30049955205601 10.01193106384882 20.97680432582368
    vertex -68.76588803344801 21.33665022845179 27.65864974105727
    vertex -69.19953748164565 19.8852712409542 15.13324951089423
  endloop
endfacet
facet normal -0.644289 0.764782 0.000605809
  outer loop
    vertex -50.03870852495682 51.76994928676687 65.84342816480088
    vertex -42.48352025689302 58.13046109039701 71.32712390429961
    vertex -42.56383778685151 58.07167737249021 60.1173210107547
  endloop
endfacet
facet normal -0.942009 0.335526 0.00647794
  outer loop
    vertex -69.61278011895769 18.38643097802424 85.87017759117967
    vertex -65.77823124031578 29.27839296982581 79.33058434913067
    vertex -69.34330860387593 19.37796562768205 73.69939206460251
  endloop
endfacet
facet normal -0.997558 0.0698451 -0.000253842
  outer loop
    vertex -72 0 15.09999999999999
    vertex -71.30049955205601 10.01193106384882 20.97680432582368
    vertex -71.29459562247412 10.05388656330945 9.319448811946188
  endloop
endfacet
facet normal -0.937927 0.346748 -0.00770687
  outer loop
    vertex -69.19953748164565 19.8852712409542 15.13324951089423
    vertex -68.76588803344801 21.33665022845179 27.65864974105727
    vertex -65.75436388286668 29.33195578817677 20.88141461906299
  endloop
endfacet
facet normal 0.977991 0.208647 -0.000392142
  outer loop
    vertex 71.29446201887548 10.05483393394051 56.06272021321841
    vertex 69.18144670173149 19.94811851417282 50.18339016850579
    vertex 69.19958677049966 19.8850997179317 61.89379427934515
  endloop
endfacet
facet normal 0.978339 0.206996 -0.00245142
  outer loop
    vertex 69.19958677049966 19.8850997179317 61.89379427934515
    vertex 69.31560030600576 19.47684661894871 73.72114629320313
    vertex 71.29542332819048 10.04801534901853 67.68654523794068
  endloop
endfacet
facet normal 0.881799 0.471626 0.00010745
  outer loop
    vertex 65.74799543891962 29.34622796483058 -2.268954736286275
    vertex 60.9037030763192 38.40233002815775 3.323476184255384
    vertex 65.75506537186685 29.33038318777162 9.257732118026198
  endloop
endfacet
facet normal -0.284342 0.958723 -0.000248798
  outer loop
    vertex -15.73263047011106 70.26011911810949 31.87406184821883
    vertex -15.69205888205272 70.26919159946405 20.46645177217808
    vertex -25.13762453919018 67.46925101501205 26.09344785567916
  endloop
endfacet
facet normal 0.938451 0.345411 0.000405093
  outer loop
    vertex 69.19958677049966 19.8850997179317 61.89379427934515
    vertex 69.18144670173149 19.94811851417282 50.18339016850579
    vertex 65.59227803414583 29.69264323517375 56.09909980441134
  endloop
endfacet
facet normal -0.151363 0.988478 0.000247809
  outer loop
    vertex -15.73263047011106 70.26011911810949 31.87406184821883
    vertex -6.033416666327172 71.74676218011852 26.18457738518879
    vertex -15.69205888205272 70.26919159946405 20.46645177217808
  endloop
endfacet
facet normal 0.9779 0.209071 -9.79727e-05
  outer loop
    vertex 69.18325078607953 19.94186076248719 38.29321414305153
    vertex 71.29051565789555 10.08277626605627 32.60943382984641
    vertex 69.17874861711529 19.95747328120394 26.67219851365948
  endloop
endfacet
facet normal 0.977969 0.208752 -0.000207008
  outer loop
    vertex 71.29927657732806 10.02063668384789 44.32275933228563
    vertex 69.18144670173149 19.94811851417282 50.18339016850579
    vertex 71.29446201887548 10.05483393394051 56.06272021321841
  endloop
endfacet
facet normal 0.997556 0.0698777 0.000205551
  outer loop
    vertex 71.29927657732806 10.02063668384789 44.32275933228563
    vertex 71.29446201887548 10.05483393394051 56.06272021321841
    vertex 72 8.81745695386094e-15 50.2
  endloop
endfacet
facet normal 0.978214 0.207595 -0.000828454
  outer loop
    vertex 71.31402216189906 9.915152197125808 -2.187393702369505
    vertex 69.21252513656425 19.84001925957886 3.412331970382354
    vertex 71.2952502386774 10.0492434244758 9.248028817314776
  endloop
endfacet
facet normal 0.940649 0.339276 -0.00838824
  outer loop
    vertex 65.51417409830059 29.86457754962491 67.58173674395654
    vertex 66.06810266543611 28.61827755455231 79.29010460975445
    vertex 69.31560030600576 19.47684661894871 73.72114629320313
  endloop
endfacet
facet normal 0.882671 0.469991 0.000636507
  outer loop
    vertex 65.73332365829664 29.37907692276291 20.81448255736898
    vertex 61.09837646613474 38.09184155698532 14.85861968824838
    vertex 61.04123416655206 38.18334363860972 26.53587225207717
  endloop
endfacet
facet normal -0.941688 0.33648 -0.0023206
  outer loop
    vertex -69.19953748164565 19.8852712409542 15.13324951089423
    vertex -66.05112183791815 28.65744761754775 9.4618897621001
    vertex -69.31305532083107 19.48590162377432 3.290773015584492
  endloop
endfacet
facet normal 0.997549 0.0699745 -0.000374894
  outer loop
    vertex 72 8.81745695386094e-15 38.5
    vertex 71.29051565789555 10.08277626605627 32.60943382984641
    vertex 71.29927657732806 10.02063668384789 44.32275933228563
  endloop
endfacet
facet normal 0.383867 0.923388 4.80857e-05
  outer loop
    vertex 23.04888272918679 68.2110621888869 20.68931816125607
    vertex 32.10343513587387 64.44664035057792 26.45677711629661
    vertex 32.09622456887188 64.45023171738443 15.05367610511269
  endloop
endfacet
facet normal -0.942442 0.334366 0.00122006
  outer loop
    vertex -66.05112183791815 28.65744761754775 9.4618897621001
    vertex -66.13644428941932 28.45998483401802 -2.329795771894794
    vertex -69.31305532083107 19.48590162377432 3.290773015584492
  endloop
endfacet
facet normal -0.644508 0.764597 0.000584495
  outer loop
    vertex -50.04818918364295 51.76078399172762 43.06765321874747
    vertex -50.11808994400356 51.6931045727065 54.52343710031661
    vertex -42.50605000815739 58.11398895880426 48.76643053797112
  endloop
endfacet
facet normal -0.978308 0.207157 7.90751e-05
  outer loop
    vertex -71.28893989539127 10.09391146143516 67.72649315889754
    vertex -69.26347286185441 19.6614172204131 62.1038339227794
    vertex -71.28703125000115 10.10738223089241 56.05
  endloop
endfacet
facet normal 0.978043 0.208401 4.13632e-05
  outer loop
    vertex 71.29446201887548 10.05483393394051 56.06272021321841
    vertex 69.19958677049966 19.8850997179317 61.89379427934515
    vertex 71.29542332819048 10.04801534901853 67.68654523794068
  endloop
endfacet
facet normal 0.939303 0.34309 0.000321519
  outer loop
    vertex 69.18667272677591 19.92998537375286 15.05491489965982
    vertex 65.75506537186685 29.33038318777162 9.257732118026198
    vertex 65.73332365829664 29.37907692276291 20.81448255736898
  endloop
endfacet
facet normal 0.939206 0.343355 -0.000171791
  outer loop
    vertex 69.18667272677591 19.92998537375286 15.05491489965982
    vertex 65.73332365829664 29.37907692276291 20.81448255736898
    vertex 69.17874861711529 19.95747328120394 26.67219851365948
  endloop
endfacet
facet normal 0.997583 0.0694813 0.000822857
  outer loop
    vertex 71.31402216189906 9.915152197125808 -2.187393702369505
    vertex 71.2952502386774 10.0492434244758 9.248028817314776
    vertex 72 8.81745695386094e-15 3.399999999999991
  endloop
endfacet
facet normal 0.121454 0.992596 0.00156327
  outer loop
    vertex 3.881600697911337 71.89529314233286 43.34226992119697
    vertex 3.626303737508183 71.90862202269861 54.71378360174838
    vertex 13.69453171104156 70.68564070032383 49.01775056682107
  endloop
endfacet
facet normal -0.2846 0.958646 0.000208364
  outer loop
    vertex -15.73263047011106 70.26011911810949 31.87406184821883
    vertex -25.13762453919018 67.46925101501205 26.09344785567916
    vertex -25.17024571842571 67.45708806696352 37.49651267676774
  endloop
endfacet
facet normal -0.997611 0.0690772 0
  outer loop
    vertex -72 0 85.3
    vertex -71.31288048084542 9.923360193233693 79.17940990548841
    vertex -72 0 73.59999999999999
  endloop
endfacet
facet normal 0.997615 0.0690198 -0
  outer loop
    vertex 72 8.81745695386094e-15 -8.299999999999983
    vertex 71.31402216189906 9.915152197125808 -2.187393702369505
    vertex 72 8.81745695386094e-15 3.399999999999991
  endloop
endfacet
facet normal 0.883484 0.468393 0.00806011
  outer loop
    vertex 65.51417409830059 29.86457754962491 67.58173674395654
    vertex 61.1037779502202 38.08317634087504 73.41080804472534
    vertex 66.06810266543611 28.61827755455231 79.29010460975445
  endloop
endfacet
facet normal 0.882436 0.470433 -0.000236399
  outer loop
    vertex 65.73332365829664 29.37907692276291 20.81448255736898
    vertex 61.04123416655206 38.18334363860972 26.53587225207717
    vertex 65.71721619706344 29.41508958525237 32.35325171639995
  endloop
endfacet
facet normal -0.412441 0.910984 -0.000208193
  outer loop
    vertex -25.17024571842571 67.45708806696352 37.49651267676774
    vertex -25.13762453919018 67.46925101501205 26.09344785567916
    vertex -34.099415413568 63.41316794209954 31.75057474271343
  endloop
endfacet
facet normal 0.254646 0.967034 -4.7097e-05
  outer loop
    vertex 13.5306469048087 70.71719447445147 15.00106199147467
    vertex 13.53835317089235 70.71571956375887 26.3835980375781
    vertex 23.04888272918679 68.2110621888869 20.68931816125607
  endloop
endfacet
facet normal 0.939123 0.34358 0.000238644
  outer loop
    vertex 65.73332365829664 29.37907692276291 20.81448255736898
    vertex 65.71721619706344 29.41508958525237 32.35325171639995
    vertex 69.17874861711529 19.95747328120394 26.67219851365948
  endloop
endfacet
facet normal -0.750679 0.660553 -0.0122938
  outer loop
    vertex -50.67493628108129 51.14734433876652 -2.657524115035983
    vertex -57.32738666596496 43.56111497713234 -4.060945809038088
    vertex -56.45194927737844 44.68979103536167 3.127865889434958
  endloop
endfacet
facet normal -0.997525 0.0703174 -8.19331e-05
  outer loop
    vertex -72 0 61.9
    vertex -71.28893989539127 10.09391146143516 67.72649315889754
    vertex -71.28703125000115 10.10738223089241 56.05
  endloop
endfacet
facet normal 0.977898 0.209082 0.000172308
  outer loop
    vertex 69.18667272677591 19.92998537375286 15.05491489965982
    vertex 69.17874861711529 19.95747328120394 26.67219851365948
    vertex 71.28948623221919 10.09005216766644 20.93872600275751
  endloop
endfacet
facet normal -0.0174885 0.999847 0.000789412
  outer loop
    vertex -6.202948023231334 71.73230399074806 60.27710647362518
    vertex 3.626303737508183 71.90862202269861 54.71378360174838
    vertex -6.071281315578219 71.74356795690545 48.92741797488894
  endloop
endfacet
facet normal -0.884116 0.467244 -0.00462289
  outer loop
    vertex -65.75436388286668 29.33195578817677 20.88141461906299
    vertex -61.07466482234884 38.12984810929289 15.1192244767857
    vertex -66.05112183791815 28.65744761754775 9.4618897621001
  endloop
endfacet
facet normal -0.0161029 0.999869 -0.00153349
  outer loop
    vertex -6.071281315578219 71.74356795690545 48.92741797488894
    vertex 3.626303737508183 71.90862202269861 54.71378360174838
    vertex 3.881600697911337 71.89529314233286 43.34226992119697
  endloop
endfacet
facet normal -0.644959 0.764217 -0.000434812
  outer loop
    vertex -42.50605000815739 58.11398895880426 48.76643053797112
    vertex -50.11808994400356 51.6931045727065 54.52343710031661
    vertex -42.56383778685151 58.07167737249021 60.1173210107547
  endloop
endfacet
facet normal -0.978517 0.206157 -0.00169764
  outer loop
    vertex -69.34330860387593 19.37796562768205 73.69939206460251
    vertex -69.26347286185441 19.6614172204131 62.1038339227794
    vertex -71.28893989539127 10.09391146143516 67.72649315889754
  endloop
endfacet
facet normal -0.153034 0.988221 -0.000794582
  outer loop
    vertex -6.071281315578219 71.74356795690545 48.92741797488894
    vertex -15.8492918075158 70.23389458943747 54.56797650061581
    vertex -6.202948023231334 71.73230399074806 60.27710647362518
  endloop
endfacet
facet normal -0.97621 0.21681 0.00284313
  outer loop
    vertex -71.35605280055535 9.608003368252795 32.70474591327088
    vertex -68.76588803344801 21.33665022845179 27.65864974105727
    vertex -71.30049955205601 10.01193106384882 20.97680432582368
  endloop
endfacet
facet normal 0.997549 0.069973 -4.14525e-05
  outer loop
    vertex 72 8.81745695386094e-15 61.9
    vertex 71.29446201887548 10.05483393394051 56.06272021321841
    vertex 71.29542332819048 10.04801534901853 67.68654523794068
  endloop
endfacet
facet normal 0.809065 0.587719 -0.000462229
  outer loop
    vertex 61.04123416655206 38.18334363860972 26.53587225207717
    vertex 55.20932398603376 46.21612862416277 32.20392527679562
    vertex 61.00020642569439 38.24885378704404 38.01807861282462
  endloop
endfacet
facet normal 0.882242 0.470796 0.000466327
  outer loop
    vertex 61.04123416655206 38.18334363860972 26.53587225207717
    vertex 61.00020642569439 38.24885378704404 38.01807861282462
    vertex 65.71721619706344 29.41508958525237 32.35325171639995
  endloop
endfacet
facet normal 0.254733 0.967012 0.000107161
  outer loop
    vertex 23.04888272918679 68.2110621888869 20.68931816125607
    vertex 13.53835317089235 70.71571956375887 26.3835980375781
    vertex 23.06583322823737 68.20533217782273 32.10331910569253
  endloop
endfacet
facet normal 0.997551 0.0699492 -0
  outer loop
    vertex 72 8.81745695386094e-15 61.9
    vertex 71.29542332819048 10.04801534901853 67.68654523794068
    vertex 72 8.81745695386094e-15 73.59999999999999
  endloop
endfacet
facet normal -0.997548 0.0699903 0
  outer loop
    vertex -72 0 15.09999999999999
    vertex -71.29459562247412 10.05388656330945 9.319448811946188
    vertex -72 0 3.399999999999991
  endloop
endfacet
facet normal 0.113737 0.993511 -0.000124426
  outer loop
    vertex 12.8427249963397 70.84535563230939 71.70466180329304
    vertex 12.86408433932575 70.84148032128292 60.28573359124294
    vertex 3.489707819166724 71.91538040876128 66.02403473204775
  endloop
endfacet
facet normal -0.99766 0.0683233 -0.00237259
  outer loop
    vertex -71.35605280055535 9.608003368252795 32.70474591327088
    vertex -71.30049955205601 10.01193106384882 20.97680432582368
    vertex -72 0 26.8
  endloop
endfacet
facet normal 0.708413 0.705727 -0.0100247
  outer loop
    vertex 54.43984781210345 47.12009094001215 67.78477940171996
    vertex 47.14756578324454 54.41605499036685 66.09020885422024
    vertex 48.33807457930484 53.36132069172916 75.96749584433263
  endloop
endfacet
facet normal -0.827346 0.561678 0.0040651
  outer loop
    vertex -62.30060907257133 36.09202279156216 65.88309337321184
    vertex -56.35521267945132 44.81171726070994 71.10813669896724
    vertex -56.74180326923948 44.32118863201803 60.20431673945173
  endloop
endfacet
facet normal -0.644825 0.764328 0.00187013
  outer loop
    vertex -50.03870852495682 51.76994928676687 65.84342816480088
    vertex -50.26996185626318 51.54542593644798 77.87019457085235
    vertex -42.48352025689302 58.13046109039701 71.32712390429961
  endloop
endfacet
facet normal -0.743587 0.668638 0.000675415
  outer loop
    vertex -50.03870852495682 51.76994928676687 65.84342816480088
    vertex -50.11808994400356 51.6931045727065 54.52343710031661
    vertex -56.74180326923948 44.32118863201803 60.20431673945173
  endloop
endfacet
facet normal -0.741872 0.67053 -0.00386227
  outer loop
    vertex -56.35521267945132 44.81171726070994 71.10813669896724
    vertex -50.03870852495682 51.76994928676687 65.84342816480088
    vertex -56.74180326923948 44.32118863201803 60.20431673945173
  endloop
endfacet
facet normal 0.117763 0.993029 -0.0050548
  outer loop
    vertex 3.626303737508183 71.90862202269861 54.71378360174838
    vertex 12.86408433932575 70.84148032128292 60.28573359124294
    vertex 13.69453171104156 70.68564070032383 49.01775056682107
  endloop
endfacet
facet normal 0.808668 0.588265 0.000682991
  outer loop
    vertex 55.20932398603376 46.21612862416277 32.20392527679562
    vertex 55.13633240068532 46.30318400932206 43.64519196067796
    vertex 61.00020642569439 38.24885378704404 38.01807861282462
  endloop
endfacet
facet normal 0.809086 0.587691 -0.000401813
  outer loop
    vertex 61.04123416655206 38.18334363860972 26.53587225207717
    vertex 55.16604010002646 46.26778598206609 20.60194901770538
    vertex 55.20932398603376 46.21612862416277 32.20392527679562
  endloop
endfacet
facet normal 0.720283 0.69368 -0.000682971
  outer loop
    vertex 55.20932398603376 46.21612862416277 32.20392527679562
    vertex 48.30179735259006 53.3941604719966 37.89855026598567
    vertex 55.13633240068532 46.30318400932206 43.64519196067796
  endloop
endfacet
facet normal 0.114288 0.993447 0.000786645
  outer loop
    vertex 3.489707819166724 71.91538040876128 66.02403473204775
    vertex 12.86408433932575 70.84148032128292 60.28573359124294
    vertex 3.626303737508183 71.90862202269861 54.71378360174838
  endloop
endfacet
facet normal -0.997528 0.0702703 0
  outer loop
    vertex -72 0 73.59999999999999
    vertex -71.28893989539127 10.09391146143516 67.72649315889754
    vertex -72 0 61.9
  endloop
endfacet
facet normal 0.720858 0.693081 0.0013802
  outer loop
    vertex 48.48749781747622 53.22558177606177 14.77829169384226
    vertex 48.31435946842707 53.38279375562514 26.26028393516044
    vertex 55.16604010002646 46.26778598206609 20.60194901770538
  endloop
endfacet
facet normal 0.997532 0.0702178 -4.42122e-05
  outer loop
    vertex 71.28948623221919 10.09005216766644 20.93872600275751
    vertex 71.29051565789555 10.08277626605627 32.60943382984641
    vertex 72 8.81745695386094e-15 26.8
  endloop
endfacet
facet normal 0.99753 0.0702433 -0
  outer loop
    vertex 72 8.81745695386094e-15 15.09999999999999
    vertex 71.28948623221919 10.09005216766644 20.93872600275751
    vertex 72 8.81745695386094e-15 26.8
  endloop
endfacet
facet normal -0.997521 0.0703646 0
  outer loop
    vertex -72 0 61.9
    vertex -71.28703125000115 10.10738223089241 56.05
    vertex -72 0 50.2
  endloop
endfacet
facet normal 0.719636 0.694351 0.000913805
  outer loop
    vertex 48.30179735259006 53.3941604719966 37.89855026598567
    vertex 48.1909469651585 53.49422988137394 49.15762502846394
    vertex 55.13633240068532 46.30318400932206 43.64519196067796
  endloop
endfacet
facet normal 0.882432 0.470435 -0.00222982
  outer loop
    vertex 60.9037030763192 38.40233002815775 3.323476184255384
    vertex 61.09837646613474 38.09184155698532 14.85861968824838
    vertex 65.75506537186685 29.33038318777162 9.257732118026198
  endloop
endfacet
facet normal 0.997564 0.0697577 -0
  outer loop
    vertex 72 8.81745695386094e-15 38.5
    vertex 71.29927657732806 10.02063668384789 44.32275933228563
    vertex 72 8.81745695386094e-15 50.2
  endloop
endfacet
facet normal -0.997762 0.0668719 0
  outer loop
    vertex -72 0 38.5
    vertex -71.35605280055535 9.608003368252795 32.70474591327088
    vertex -72 0 26.8
  endloop
endfacet
facet normal 0.612449 0.790439 0.0105876
  outer loop
    vertex 47.14756578324454 54.41605499036685 66.09020885422024
    vertex 40.16162635565745 59.75821088744677 71.3684689147134
    vertex 48.33807457930484 53.36132069172916 75.96749584433263
  endloop
endfacet
facet normal 0.618554 0.785742 0.000645716
  outer loop
    vertex 48.31435946842707 53.38279375562514 26.26028393516044
    vertex 40.59070661233996 59.467592323138 20.7078416369713
    vertex 40.50190979894273 59.52810514906641 32.13416560027717
  endloop
endfacet
facet normal -0.531361 0.847145 -0.000799155
  outer loop
    vertex -34.04756968246939 63.44101984298008 20.36879971714821
    vertex -33.93187962738674 63.50297272531843 9.119309924602689
    vertex -42.34797976296501 58.22927622764605 14.62545538230795
  endloop
endfacet
facet normal -0.411043 0.911616 0.000793244
  outer loop
    vertex -34.04756968246939 63.44101984298008 20.36879971714821
    vertex -25.06314493990008 67.49695375142171 14.73974721417885
    vertex -33.93187962738674 63.50297272531843 9.119309924602689
  endloop
endfacet
facet normal 0.938298 0.345826 0.00120402
  outer loop
    vertex 69.19958677049966 19.8850997179317 61.89379427934515
    vertex 65.59227803414583 29.69264323517375 56.09909980441134
    vertex 65.51417409830059 29.86457754962491 67.58173674395654
  endloop
endfacet
facet normal -0.828367 0.560185 -0.000336712
  outer loop
    vertex -62.27755540238031 36.1317878481463 54.43063038152373
    vertex -56.74180326923948 44.32118863201803 60.20431673945173
    vertex -56.70727853696085 44.36535315909859 48.74391114681287
  endloop
endfacet
facet normal -0.997568 0.0696968 0
  outer loop
    vertex -72 0 26.8
    vertex -71.30049955205601 10.01193106384882 20.97680432582368
    vertex -72 0 15.09999999999999
  endloop
endfacet
facet normal -0.532352 0.846523 -0.000353448
  outer loop
    vertex -34.099415413568 63.41316794209954 31.75057474271343
    vertex -34.04756968246939 63.44101984298008 20.36879971714821
    vertex -42.40615188297628 58.18692535680113 26.00077568206856
  endloop
endfacet
facet normal -0.412147 0.911117 0.000352167
  outer loop
    vertex -34.099415413568 63.41316794209954 31.75057474271343
    vertex -25.13762453919018 67.46925101501205 26.09344785567916
    vertex -34.04756968246939 63.44101984298008 20.36879971714821
  endloop
endfacet
facet normal 0.882941 0.469483 -0.000317065
  outer loop
    vertex 65.75506537186685 29.33038318777162 9.257732118026198
    vertex 61.09837646613474 38.09184155698532 14.85861968824838
    vertex 65.73332365829664 29.37907692276291 20.81448255736898
  endloop
endfacet
facet normal -0.28654 0.958068 -0.000379435
  outer loop
    vertex -15.91092385857858 70.21995800316684 65.92129581676939
    vertex -15.8492918075158 70.23389458943747 54.56797650061581
    vertex -25.2859662305968 67.41379615319937 60.20190491960313
  endloop
endfacet
facet normal -0.743357 0.668895 -0.000584055
  outer loop
    vertex -56.70727853696085 44.36535315909859 48.74391114681287
    vertex -50.11808994400356 51.6931045727065 54.52343710031661
    vertex -50.04818918364295 51.76078399172762 43.06765321874747
  endloop
endfacet
facet normal -0.940311 0.34029 0.00433613
  outer loop
    vertex -69.19953748164565 19.8852712409542 15.13324951089423
    vertex -65.75436388286668 29.33195578817677 20.88141461906299
    vertex -66.05112183791815 28.65744761754775 9.4618897621001
  endloop
endfacet
facet normal 0.99755 0.0699578 -0
  outer loop
    vertex 72 8.81745695386094e-15 3.399999999999991
    vertex 71.2952502386774 10.0492434244758 9.248028817314776
    vertex 72 8.81745695386094e-15 15.09999999999999
  endloop
endfacet
facet normal 0.618912 0.78546 -0.000887625
  outer loop
    vertex 48.30179735259006 53.3941604719966 37.89855026598567
    vertex 40.6737808854914 59.4108032977087 43.25911340358243
    vertex 48.1909469651585 53.49422988137394 49.15762502846394
  endloop
endfacet
facet normal -0.153712 0.988116 0.00037851
  outer loop
    vertex -6.202948023231334 71.73230399074806 60.27710647362518
    vertex -15.8492918075158 70.23389458943747 54.56797650061581
    vertex -15.91092385857858 70.21995800316684 65.92129581676939
  endloop
endfacet
facet normal -0.41388 0.910332 -0.000382988
  outer loop
    vertex -34.20384188719566 63.35690333464633 54.48329223284291
    vertex -25.2859662305968 67.41379615319937 60.20190491960313
    vertex -25.22630320848684 67.43614480702085 48.84743100992657
  endloop
endfacet
facet normal 0.997547 0.0699969 -0
  outer loop
    vertex 72 8.81745695386094e-15 50.2
    vertex 71.29446201887548 10.05483393394051 56.06272021321841
    vertex 72 8.81745695386094e-15 61.9
  endloop
endfacet
facet normal -0.410424 0.911895 -0.000382712
  outer loop
    vertex -25.06314493990008 67.49695375142171 14.73974721417885
    vertex -25.00314993218806 67.51920092439279 3.409310798246011
    vertex -33.93187962738674 63.50297272531843 9.119309924602689
  endloop
endfacet
facet normal -0.413977 0.910287 0.000801882
  outer loop
    vertex -34.24716038839463 63.3334982874906 65.8298882018442
    vertex -25.16536533212496 67.45890888311702 71.25151280598428
    vertex -25.2859662305968 67.41379615319937 60.20190491960313
  endloop
endfacet
facet normal 0.997533 0.0701924 -0
  outer loop
    vertex 72 8.81745695386094e-15 26.8
    vertex 71.29051565789555 10.08277626605627 32.60943382984641
    vertex 72 8.81745695386094e-15 38.5
  endloop
endfacet
facet normal 0.392839 0.919544 0.010829
  outer loop
    vertex 32.10438341167067 64.44616796797499 37.80887276123801
    vertex 23.45885323316113 68.07115545504575 43.62335036734527
    vertex 33.72698322570209 63.61203190036622 49.77718310010718
  endloop
endfacet
facet normal 0.506008 0.862528 0.00127713
  outer loop
    vertex 40.50190979894273 59.52810514906641 32.13416560027717
    vertex 32.10438341167067 64.44616796797499 37.80887276123801
    vertex 40.6737808854914 59.4108032977087 43.25911340358243
  endloop
endfacet
facet normal -0.41424 0.910167 0.000295969
  outer loop
    vertex -34.20384188719566 63.35690333464633 54.48329223284291
    vertex -34.24716038839463 63.3334982874906 65.8298882018442
    vertex -25.2859662305968 67.41379615319937 60.20190491960313
  endloop
endfacet
facet normal -0.529195 0.848492 0.00380183
  outer loop
    vertex -33.93187962738674 63.50297272531843 9.119309924602689
    vertex -41.83653919567784 58.59781555765123 3.564732450431251
    vertex -42.34797976296501 58.22927622764605 14.62545538230795
  endloop
endfacet
facet normal -0.828568 0.559889 0.000276139
  outer loop
    vertex -62.27755540238031 36.1317878481463 54.43063038152373
    vertex -62.30060907257133 36.09202279156216 65.88309337321184
    vertex -56.74180326923948 44.32118863201803 60.20431673945173
  endloop
endfacet
facet normal -0.411869 0.911236 -0.00345093
  outer loop
    vertex -34.24716038839463 63.3334982874906 65.8298882018442
    vertex -33.72125375665487 63.61506932385824 77.41310100185649
    vertex -25.16536533212496 67.45890888311702 71.25151280598428
  endloop
endfacet
facet normal -0.286312 0.958136 -0.000786877
  outer loop
    vertex -25.16536533212496 67.45890888311702 71.25151280598428
    vertex -15.91092385857858 70.21995800316684 65.92129581676939
    vertex -25.2859662305968 67.41379615319937 60.20190491960313
  endloop
endfacet
facet normal 0.511016 0.85952 -0.00937625
  outer loop
    vertex 32.10438341167067 64.44616796797499 37.80887276123801
    vertex 33.72698322570209 63.61203190036622 49.77718310010718
    vertex 40.6737808854914 59.4108032977087 43.25911340358243
  endloop
endfacet
facet normal 0.385303 0.922787 -0.00239717
  outer loop
    vertex 32.10438341167067 64.44616796797499 37.80887276123801
    vertex 23.06583322823737 68.20533217782273 32.10331910569253
    vertex 23.45885323316113 68.07115545504575 43.62335036734527
  endloop
endfacet
facet normal -0.286078 0.958206 -0.000343796
  outer loop
    vertex -25.16536533212496 67.45890888311702 71.25151280598428
    vertex -15.9676897159106 70.20707147528945 77.24046692323502
    vertex -15.91092385857858 70.21995800316684 65.92129581676939
  endloop
endfacet
facet normal 0.618744 0.785592 -0.00127576
  outer loop
    vertex 48.30179735259006 53.3941604719966 37.89855026598567
    vertex 40.50190979894273 59.52810514906641 32.13416560027717
    vertex 40.6737808854914 59.4108032977087 43.25911340358243
  endloop
endfacet
facet normal -0.152298 0.988335 0.000513282
  outer loop
    vertex -15.76623157597484 70.25258672741334 43.22097325248158
    vertex -15.8492918075158 70.23389458943747 54.56797650061581
    vertex -6.071281315578219 71.74356795690545 48.92741797488894
  endloop
endfacet
facet normal 0.25689 0.966438 0.00249223
  outer loop
    vertex 23.06583322823737 68.20533217782273 32.10331910569253
    vertex 13.64062209839278 70.69606374310268 37.76223568367259
    vertex 23.45885323316113 68.07115545504575 43.62335036734527
  endloop
endfacet
facet normal -0.531972 0.846762 0.000432089
  outer loop
    vertex -34.04756968246939 63.44101984298008 20.36879971714821
    vertex -42.34797976296501 58.22927622764605 14.62545538230795
    vertex -42.40615188297628 58.18692535680113 26.00077568206856
  endloop
endfacet
facet normal -0.28305 0.959105 0.000384434
  outer loop
    vertex -25.06314493990008 67.49695375142171 14.73974721417885
    vertex -15.63106324778791 70.28278496007151 9.129761434234155
    vertex -25.00314993218806 67.51920092439279 3.409310798246011
  endloop
endfacet
facet normal -0.286122 0.958193 0.000382528
  outer loop
    vertex -25.2859662305968 67.41379615319937 60.20190491960313
    vertex -15.8492918075158 70.23389458943747 54.56797650061581
    vertex -25.22630320848684 67.43614480702085 48.84743100992657
  endloop
endfacet
facet normal 0.505681 0.86272 -0.000639119
  outer loop
    vertex 40.50190979894273 59.52810514906641 32.13416560027717
    vertex 40.59070661233996 59.467592323138 20.7078416369713
    vertex 32.10343513587387 64.44664035057792 26.45677711629661
  endloop
endfacet
facet normal -0.743718 0.668494 0.000335682
  outer loop
    vertex -56.74180326923948 44.32118863201803 60.20431673945173
    vertex -50.11808994400356 51.6931045727065 54.52343710031661
    vertex -56.70727853696085 44.36535315909859 48.74391114681287
  endloop
endfacet
facet normal 0.493782 0.869556 0.00723629
  outer loop
    vertex 39.14088423663918 60.43170675377297 60.08938474392658
    vertex 31.15915719072592 64.90845032169258 66.78487327526213
    vertex 40.16162635565745 59.75821088744677 71.3684689147134
  endloop
endfacet
facet normal -0.282612 0.959234 -0.000395535
  outer loop
    vertex -15.63106324778791 70.28278496007151 9.129761434234155
    vertex -15.56687272333366 70.29703033283505 -2.187432275547721
    vertex -25.00314993218806 67.51920092439279 3.409310798246011
  endloop
endfacet
facet normal -0.285621 0.958342 -0.000512055
  outer loop
    vertex -25.22630320848684 67.43614480702085 48.84743100992657
    vertex -15.8492918075158 70.23389458943747 54.56797650061581
    vertex -15.76623157597484 70.25258672741334 43.22097325248158
  endloop
endfacet
facet normal 0.122155 0.992511 0.000334028
  outer loop
    vertex 13.64062209839278 70.69606374310268 37.76223568367259
    vertex 3.881600697911337 71.89529314233286 43.34226992119697
    vertex 13.69453171104156 70.68564070032383 49.01775056682107
  endloop
endfacet
facet normal 0.604051 0.796914 -0.00708057
  outer loop
    vertex 47.14756578324454 54.41605499036685 66.09020885422024
    vertex 39.14088423663918 60.43170675377297 60.08938474392658
    vertex 40.16162635565745 59.75821088744677 71.3684689147134
  endloop
endfacet
facet normal -0.532357 0.846512 0.00359285
  outer loop
    vertex -34.24716038839463 63.3334982874906 65.8298882018442
    vertex -42.48352025689302 58.13046109039701 71.32712390429961
    vertex -33.72125375665487 63.61506932385824 77.41310100185649
  endloop
endfacet
facet normal -0.0153734 0.999882 0.000707573
  outer loop
    vertex 3.764451637795826 71.9015222639041 31.99451033344603
    vertex -6.031358793974706 71.74693520352172 37.61045239970542
    vertex 3.881600697911337 71.89529314233286 43.34226992119697
  endloop
endfacet
facet normal -0.411705 0.911317 -0.000477167
  outer loop
    vertex -34.04756968246939 63.44101984298008 20.36879971714821
    vertex -25.13762453919018 67.46925101501205 26.09344785567916
    vertex -25.06314493990008 67.49695375142171 14.73974721417885
  endloop
endfacet
facet normal -0.286054 0.95819 -0.00671691
  outer loop
    vertex -15.56687272333366 70.29703033283505 -2.187432275547721
    vertex -26.01520605834106 67.13575093601065 -8.190619496961546
    vertex -25.00314993218806 67.51920092439279 3.409310798246011
  endloop
endfacet
facet normal 0.121567 0.992583 -0.000710141
  outer loop
    vertex 13.64062209839278 70.69606374310268 37.76223568367259
    vertex 3.764451637795826 71.9015222639041 31.99451033344603
    vertex 3.881600697911337 71.89529314233286 43.34226992119697
  endloop
endfacet
facet normal 0.258471 0.966019 -0.000343404
  outer loop
    vertex 13.64062209839278 70.69606374310268 37.76223568367259
    vertex 13.69453171104156 70.68564070032383 49.01775056682107
    vertex 23.45885323316113 68.07115545504575 43.62335036734527
  endloop
endfacet
facet normal -0.155885 0.987775 0.000342783
  outer loop
    vertex -15.9676897159106 70.20707147528945 77.24046692323502
    vertex -6.459553830453788 71.70965182115633 71.31491300107591
    vertex -15.91092385857858 70.21995800316684 65.92129581676939
  endloop
endfacet
facet normal -0.0151056 0.999886 0.000244218
  outer loop
    vertex -6.031358793974706 71.74693520352172 37.61045239970542
    vertex -6.071281315578219 71.74356795690545 48.92741797488894
    vertex 3.881600697911337 71.89529314233286 43.34226992119697
  endloop
endfacet
facet normal -0.740392 0.67216 -0.00458443
  outer loop
    vertex -50.0022090570459 51.80520330445077 31.64107093978312
    vertex -49.47689247146502 52.30714206843161 20.39503851101523
    vertex -56.62335143068222 44.47241923661741 25.8457367928894
  endloop
endfacet
facet normal -0.283465 0.958982 -0.000375273
  outer loop
    vertex -25.06314493990008 67.49695375142171 14.73974721417885
    vertex -15.69205888205272 70.26919159946405 20.46645177217808
    vertex -15.63106324778791 70.28278496007151 9.129761434234155
  endloop
endfacet
facet normal -0.149579 0.98875 0.000396172
  outer loop
    vertex -15.63106324778791 70.28278496007151 9.129761434234155
    vertex -5.891239270129783 71.75857648993659 3.284555209577277
    vertex -15.56687272333366 70.29703033283505 -2.187432275547721
  endloop
endfacet
facet normal -0.0139689 0.999902 -0.000375038
  outer loop
    vertex 3.851405879943885 71.89691699056318 9.239051335897756
    vertex 3.913823319912033 71.89354621258096 -2.072736758814372
    vertex -5.891239270129783 71.75857648993659 3.284555209577277
  endloop
endfacet
facet normal 0.505363 0.862907 -6.30728e-06
  outer loop
    vertex 40.50190979894273 59.52810514906641 32.13416560027717
    vertex 32.10343513587387 64.44664035057792 26.45677711629661
    vertex 32.10438341167067 64.44616796797499 37.80887276123801
  endloop
endfacet
facet normal -0.283944 0.958841 0.00047689
  outer loop
    vertex -25.13762453919018 67.46925101501205 26.09344785567916
    vertex -15.69205888205272 70.26919159946405 20.46645177217808
    vertex -25.06314493990008 67.49695375142171 14.73974721417885
  endloop
endfacet
facet normal 0.120796 0.992677 0.000629091
  outer loop
    vertex 13.64062209839278 70.69606374310268 37.76223568367259
    vertex 13.53835317089235 70.71571956375887 26.3835980375781
    vertex 3.764451637795826 71.9015222639041 31.99451033344603
  endloop
endfacet
facet normal -0.639696 0.768541 -0.0115879
  outer loop
    vertex -41.83653919567784 58.59781555765123 3.564732450431251
    vertex -50.67493628108129 51.14734433876652 -2.657524115035983
    vertex -49.39447242708188 52.38497965686584 8.739345478685991
  endloop
endfacet
facet normal -0.0240052 0.999692 -0.00626904
  outer loop
    vertex -6.459553830453788 71.70965182115633 71.31491300107591
    vertex 2.369536645663798 71.96099843724278 77.58782833230842
    vertex 3.489707819166724 71.91538040876128 66.02403473204775
  endloop
endfacet
facet normal 0.120744 0.992684 0.000370445
  outer loop
    vertex 3.851405879943885 71.89691699056318 9.239051335897756
    vertex 13.46793377698742 70.72916484575993 4.038330855340419
    vertex 3.913823319912033 71.89354621258096 -2.072736758814372
  endloop
endfacet
facet normal 0.384011 0.923328 6.34381e-06
  outer loop
    vertex 32.10438341167067 64.44616796797499 37.80887276123801
    vertex 32.10343513587387 64.44664035057792 26.45677711629661
    vertex 23.06583322823737 68.20533217782273 32.10331910569253
  endloop
endfacet
facet normal 0.383828 0.923404 1.54785e-05
  outer loop
    vertex 32.09622456887188 64.45023171738443 15.05367610511269
    vertex 32.0939902952602 64.45134433762995 4.082290007473219
    vertex 23.04815644970662 68.21130759829963 9.344489074671287
  endloop
endfacet
facet normal -0.154819 0.987942 -0.00157173
  outer loop
    vertex -6.459553830453788 71.70965182115633 71.31491300107591
    vertex -6.202948023231334 71.73230399074806 60.27710647362518
    vertex -15.91092385857858 70.21995800316684 65.92129581676939
  endloop
endfacet
facet normal 0.327006 0.944839 -0.0186273
  outer loop
    vertex 22.24922359499636 68.47606917325102 97
    vertex 28.48552123032646 66.12544956547835 87.24822060797797
    vertex 18.48618904571983 69.58635508895338 87.25658336532911
  endloop
endfacet
facet normal -0.382603 0.923686 0.0204694
  outer loop
    vertex -22.2492235949961 68.47606917325109 97
    vertex -29.33207056776702 65.75431268143205 87.43099108633274
    vertex -32.68731598124728 64.15246974156253 97
  endloop
endfacet
facet normal -0.0784389 0.996661 -0.0226842
  outer loop
    vertex -11.26328148289678 71.11356052284989 -20
    vertex -5.649054892404984 71.77804802878521 -10.21806763186932
    vertex -1.323062753105786e-13 72 -20
  endloop
endfacet
facet normal 0.649281 0.76021 -0.0226842
  outer loop
    vertex 42.32053816505801 58.24922359499626 -20
    vertex 46.76025947977317 54.74922952320227 -10.2180676318693
    vertex 50.91168824543137 50.91168824543147 -20
  endloop
endfacet
facet normal -0.649281 0.76021 0.0226842
  outer loop
    vertex -42.32053816505801 58.24922359499626 97
    vertex -46.76025947977317 54.74922952320227 87.2180676318693
    vertex -50.91168824543137 50.91168824543147 97
  endloop
endfacet
facet normal -0.522364 0.852421 -0.0226842
  outer loop
    vertex -42.32053816505815 58.24922359499616 -20
    vertex -37.61989665954842 61.39009183349458 -10.21806763186933
    vertex -32.68731598124749 64.15246974156243 -20
  endloop
endfacet
facet normal -0.0784366 0.996631 0.0239569
  outer loop
    vertex 1.323062753105786e-13 72 97
    vertex -5.081679677147395 71.82044647354169 87.83182298238482
    vertex -11.26328148289651 71.11356052284994 97
  endloop
endfacet
facet normal 0.522364 0.85242 0.0227207
  outer loop
    vertex 42.32053816505815 58.24922359499616 97
    vertex 37.61830981401646 61.39106422547725 87.23380486687341
    vertex 32.68731598124749 64.15246974156243 97
  endloop
endfacet
facet normal 0.233396 0.972163 0.0206399
  outer loop
    vertex 22.24922359499636 68.47606917325102 97
    vertex 18.48618904571983 69.58635508895338 87.25658336532911
    vertex 11.26328148289678 71.11356052284989 97
  endloop
endfacet
facet normal 0.233403 0.972193 -0.0190726
  outer loop
    vertex 11.26328148289651 71.11356052284994 -20
    vertex 19.02063582696942 69.44217315679145 -10.2646697428621
    vertex 22.2492235949961 68.47606917325109 -20
  endloop
endfacet
facet normal 0.382591 0.923655 0.0220253
  outer loop
    vertex 32.68731598124749 64.15246974156243 97
    vertex 28.48552123032646 66.12544956547835 87.24822060797797
    vertex 22.24922359499636 68.47606917325102 97
  endloop
endfacet
facet normal 0.460127 0.887657 -0.0186663
  outer loop
    vertex 37.61830981401646 61.39106422547725 87.23380486687341
    vertex 28.48552123032646 66.12544956547835 87.24822060797797
    vertex 32.68731598124749 64.15246974156243 97
  endloop
endfacet
facet normal -0.0144673 0.999895 0.000440682
  outer loop
    vertex -5.965809858439868 71.75241537908632 14.81582393350007
    vertex 3.851405879943885 71.89691699056318 9.239051335897756
    vertex -5.891239270129783 71.75857648993659 3.284555209577277
  endloop
endfacet
facet normal 0.255142 0.966903 -0.00062291
  outer loop
    vertex 23.06583322823737 68.20533217782273 32.10331910569253
    vertex 13.53835317089235 70.71571956375887 26.3835980375781
    vertex 13.64062209839278 70.69606374310268 37.76223568367259
  endloop
endfacet
facet normal -0.0198277 0.999802 0.00159088
  outer loop
    vertex -6.459553830453788 71.70965182115633 71.31491300107591
    vertex 3.489707819166724 71.91538040876128 66.02403473204775
    vertex -6.202948023231334 71.73230399074806 60.27710647362518
  endloop
endfacet
facet normal 0.382585 0.923642 -0.0226842
  outer loop
    vertex 22.2492235949961 68.47606917325109 -20
    vertex 27.55320713028636 66.5193263408127 -10.2180676318693
    vertex 32.68731598124728 64.15246974156253 -20
  endloop
endfacet
facet normal 0.32397 0.94597 0.0135649
  outer loop
    vertex 19.02063582696942 69.44217315679145 -10.2646697428621
    vertex 27.55320713028636 66.5193263408127 -10.2180676318693
    vertex 22.2492235949961 68.47606917325109 -20
  endloop
endfacet
facet normal 0.109643 0.993948 0.00669993
  outer loop
    vertex 2.369536645663798 71.96099843724278 77.58782833230842
    vertex 12.8427249963397 70.84535563230939 71.70466180329304
    vertex 3.489707819166724 71.91538040876128 66.02403473204775
  endloop
endfacet
facet normal -0.150071 0.988675 -0.000442235
  outer loop
    vertex -15.63106324778791 70.28278496007151 9.129761434234155
    vertex -5.965809858439868 71.75241537908632 14.81582393350007
    vertex -5.891239270129783 71.75857648993659 3.284555209577277
  endloop
endfacet
facet normal -0.150541 0.988604 0.000375427
  outer loop
    vertex -15.63106324778791 70.28278496007151 9.129761434234155
    vertex -15.69205888205272 70.26919159946405 20.46645177217808
    vertex -5.965809858439868 71.75241537908632 14.81582393350007
  endloop
endfacet
facet normal 0.396115 0.918191 0.00438259
  outer loop
    vertex 23.45885323316113 68.07115545504575 43.62335036734527
    vertex 22.87838879870892 68.26843579557914 54.75591300529528
    vertex 33.72698322570209 63.61203190036622 49.77718310010718
  endloop
endfacet
facet normal 0.522363 0.852419 -0.0227515
  outer loop
    vertex 32.68731598124728 64.15246974156253 -20
    vertex 37.59562688946019 61.40495777043169 -10.24726613417086
    vertex 42.32053816505801 58.24922359499626 -20
  endloop
endfacet
facet normal 0.587425 0.808957 0.0228322
  outer loop
    vertex 42.32053816505801 58.24922359499626 -20
    vertex 37.59562688946019 61.40495777043169 -10.24726613417086
    vertex 46.76025947977317 54.74922952320227 -10.2180676318693
  endloop
endfacet
facet normal -0.151864 0.988401 -0.000241636
  outer loop
    vertex -6.031358793974706 71.74693520352172 37.61045239970542
    vertex -15.76623157597484 70.25258672741334 43.22097325248158
    vertex -6.071281315578219 71.74356795690545 48.92741797488894
  endloop
endfacet
facet normal -0.151611 0.98844 0.000207195
  outer loop
    vertex -6.031358793974706 71.74693520352172 37.61045239970542
    vertex -15.73263047011106 70.26011911810949 31.87406184821883
    vertex -15.76623157597484 70.25258672741334 43.22097325248158
  endloop
endfacet
facet normal 0.939096 0.343655 9.78699e-05
  outer loop
    vertex 65.71721619706344 29.41508958525237 32.35325171639995
    vertex 69.18325078607953 19.94186076248719 38.29321414305153
    vertex 69.17874861711529 19.95747328120394 26.67219851365948
  endloop
endfacet
facet normal 0.453751 0.890842 0.0226039
  outer loop
    vertex 32.68731598124728 64.15246974156253 -20
    vertex 27.55320713028636 66.5193263408127 -10.2180676318693
    vertex 37.59562688946019 61.40495777043169 -10.24726613417086
  endloop
endfacet
facet normal -0.018399 0.99983 -0.000819651
  outer loop
    vertex 3.489707819166724 71.91538040876128 66.02403473204775
    vertex 3.626303737508183 71.90862202269861 54.71378360174838
    vertex -6.202948023231334 71.73230399074806 60.27710647362518
  endloop
endfacet
facet normal 0.251518 0.967839 0.00515131
  outer loop
    vertex 12.86408433932575 70.84148032128292 60.28573359124294
    vertex 22.87838879870892 68.26843579557914 54.75591300529528
    vertex 13.69453171104156 70.68564070032383 49.01775056682107
  endloop
endfacet
facet normal 0.120756 0.992682 0.000393132
  outer loop
    vertex 3.851405879943885 71.89691699056318 9.239051335897756
    vertex 13.5306469048087 70.71719447445147 15.00106199147467
    vertex 13.46793377698742 70.72916484575993 4.038330855340419
  endloop
endfacet
facet normal 0.807928 0.589279 -0.00153818
  outer loop
    vertex 55.13633240068532 46.30318400932206 43.64519196067796
    vertex 60.86149510654577 38.46918784424626 49.57027475647809
    vertex 61.00020642569439 38.24885378704404 38.01807861282462
  endloop
endfacet
facet normal -0.413516 0.910497 0.000315011
  outer loop
    vertex -34.15771402062396 63.38178423557725 43.12069873751334
    vertex -34.20384188719566 63.35690333464633 54.48329223284291
    vertex -25.22630320848684 67.43614480702085 48.84743100992657
  endloop
endfacet
facet normal 0.254393 0.967101 -0.000399282
  outer loop
    vertex 13.5306469048087 70.71719447445147 15.00106199147467
    vertex 23.04815644970662 68.21130759829963 9.344489074671287
    vertex 13.46793377698742 70.72916484575993 4.038330855340419
  endloop
endfacet
facet normal -0.150985 0.988536 -0.000406308
  outer loop
    vertex -15.69205888205272 70.26919159946405 20.46645177217808
    vertex -6.033416666327172 71.74676218011852 26.18457738518879
    vertex -5.965809858439868 71.75241537908632 14.81582393350007
  endloop
endfacet
facet normal 0.587598 0.808835 -0.0227099
  outer loop
    vertex 42.32053816505815 58.24922359499616 97
    vertex 46.76025947977329 54.74922952320217 87.21806763186933
    vertex 37.61830981401646 61.39106422547725 87.23380486687341
  endloop
endfacet
facet normal 0.649281 0.76021 0.0226842
  outer loop
    vertex 50.91168824543148 50.91168824543136 97
    vertex 46.76025947977329 54.74922952320217 87.21806763186933
    vertex 42.32053816505815 58.24922359499616 97
  endloop
endfacet
facet normal 0.505788 0.862658 -1.55185e-05
  outer loop
    vertex 32.09622456887188 64.45023171738443 15.05367610511269
    vertex 40.56879290224001 59.48254401465324 9.441233162821263
    vertex 32.0939902952602 64.45134433762995 4.082290007473219
  endloop
endfacet
facet normal -0.742964 0.669332 0.000446211
  outer loop
    vertex -56.66154816214035 44.42374319966125 37.3002699995393
    vertex -56.70727853696085 44.36535315909859 48.74391114681287
    vertex -50.04818918364295 51.76078399172762 43.06765321874747
  endloop
endfacet
facet normal -0.534514 0.84516 -0.0002973
  outer loop
    vertex -34.20384188719566 63.35690333464633 54.48329223284291
    vertex -42.56383778685151 58.07167737249021 60.1173210107547
    vertex -34.24716038839463 63.3334982874906 65.8298882018442
  endloop
endfacet
facet normal -0.753848 0.656608 0.0240545
  outer loop
    vertex -54.97266622036307 46.49737593267552 -10.41613754945976
    vertex -57.32738666596496 43.56111497713234 -4.060945809038088
    vertex -50.67493628108129 51.14734433876652 -2.657524115035983
  endloop
endfacet
facet normal 0.254617 0.967042 4.61865e-06
  outer loop
    vertex 13.5306469048087 70.71719447445147 15.00106199147467
    vertex 23.04888272918679 68.2110621888869 20.68931816125607
    vertex 23.04815644970662 68.21130759829963 9.344489074671287
  endloop
endfacet
facet normal -0.534364 0.845255 -0.000603797
  outer loop
    vertex -42.56383778685151 58.07167737249021 60.1173210107547
    vertex -42.48352025689302 58.13046109039701 71.32712390429961
    vertex -34.24716038839463 63.3334982874906 65.8298882018442
  endloop
endfacet
facet normal -0.532751 0.846272 0.000451433
  outer loop
    vertex -34.099415413568 63.41316794209954 31.75057474271343
    vertex -42.40615188297628 58.18692535680113 26.00077568206856
    vertex -42.46684192880444 58.14264645330428 37.38527952132449
  endloop
endfacet
facet normal -0.740662 0.671799 0.0102614
  outer loop
    vertex -50.67493628108129 51.14734433876652 -2.657524115035983
    vertex -56.45194927737844 44.68979103536167 3.127865889434958
    vertex -49.39447242708188 52.38497965686584 8.739345478685991
  endloop
endfacet
facet normal -0.636537 0.771237 -0.00373569
  outer loop
    vertex -41.83653919567784 58.59781555765123 3.564732450431251
    vertex -49.39447242708188 52.38497965686584 8.739345478685991
    vertex -42.34797976296501 58.22927622764605 14.62545538230795
  endloop
endfacet
facet normal 0.256717 0.966479 -0.00374151
  outer loop
    vertex 13.69453171104156 70.68564070032383 49.01775056682107
    vertex 22.87838879870892 68.26843579557914 54.75591300529528
    vertex 23.45885323316113 68.07115545504575 43.62335036734527
  endloop
endfacet
facet normal -0.76021 0.64928 0.0227219
  outer loop
    vertex -50.91168824543137 50.91168824543147 97
    vertex -54.73121217357119 46.78134685974242 87.23455416607868
    vertex -58.24922359499617 42.32053816505812 97
  endloop
endfacet
facet normal -0.706813 0.707039 -0.0225921
  outer loop
    vertex -46.76025947977317 54.74922952320227 87.2180676318693
    vertex -54.73121217357119 46.78134685974242 87.23455416607868
    vertex -50.91168824543137 50.91168824543147 97
  endloop
endfacet
facet normal -0.74235 0.670012 0.000371745
  outer loop
    vertex -50.0022090570459 51.80520330445077 31.64107093978312
    vertex -56.62335143068222 44.47241923661741 25.8457367928894
    vertex -56.66154816214035 44.42374319966125 37.3002699995393
  endloop
endfacet
facet normal 0.383839 0.9234 -4.598e-06
  outer loop
    vertex 23.04888272918679 68.2110621888869 20.68931816125607
    vertex 32.09622456887188 64.45023171738443 15.05367610511269
    vertex 23.04815644970662 68.21130759829963 9.344489074671287
  endloop
endfacet
facet normal -0.412764 0.910838 0.0003977
  outer loop
    vertex -25.17024571842571 67.45708806696352 37.49651267676774
    vertex -34.099415413568 63.41316794209954 31.75057474271343
    vertex -34.15771402062396 63.38178423557725 43.12069873751334
  endloop
endfacet
facet normal 0.120859 0.99267 0.000217185
  outer loop
    vertex 3.851405879943885 71.89691699056318 9.239051335897756
    vertex 3.815171880375398 71.89884883308768 20.57281995957534
    vertex 13.5306469048087 70.71719447445147 15.00106199147467
  endloop
endfacet
facet normal -0.285145 0.958484 0.000360261
  outer loop
    vertex -25.17024571842571 67.45708806696352 37.49651267676774
    vertex -25.22630320848684 67.43614480702085 48.84743100992657
    vertex -15.76623157597484 70.25258672741334 43.22097325248158
  endloop
endfacet
facet normal -0.828151 0.560505 0.000338718
  outer loop
    vertex -62.2492207363065 36.18058205339693 42.96377804933157
    vertex -62.27755540238031 36.1317878481463 54.43063038152373
    vertex -56.70727853696085 44.36535315909859 48.74391114681287
  endloop
endfacet
facet normal 0.939046 0.343792 0.000345457
  outer loop
    vertex 65.71721619706344 29.41508958525237 32.35325171639995
    vertex 65.69385252023197 29.46723164890131 43.9713459108529
    vertex 69.18325078607953 19.94186076248719 38.29321414305153
  endloop
endfacet
facet normal -0.643824 0.765174 0.000383788
  outer loop
    vertex -50.0022090570459 51.80520330445077 31.64107093978312
    vertex -50.04818918364295 51.76078399172762 43.06765321874747
    vertex -42.46684192880444 58.14264645330428 37.38527952132449
  endloop
endfacet
facet normal -0.0148414 0.99989 -0.000217879
  outer loop
    vertex -5.965809858439868 71.75241537908632 14.81582393350007
    vertex 3.815171880375398 71.89884883308768 20.57281995957534
    vertex 3.851405879943885 71.89691699056318 9.239051335897756
  endloop
endfacet
facet normal -0.644121 0.764924 -0.000292935
  outer loop
    vertex -50.04818918364295 51.76078399172762 43.06765321874747
    vertex -42.50605000815739 58.11398895880426 48.76643053797112
    vertex -42.46684192880444 58.14264645330428 37.38527952132449
  endloop
endfacet
facet normal -0.284827 0.958579 -0.000207116
  outer loop
    vertex -15.73263047011106 70.26011911810949 31.87406184821883
    vertex -25.17024571842571 67.45708806696352 37.49651267676774
    vertex -15.76623157597484 70.25258672741334 43.22097325248158
  endloop
endfacet
facet normal -0.533795 0.845614 -0.00031535
  outer loop
    vertex -34.15771402062396 63.38178423557725 43.12069873751334
    vertex -42.50605000815739 58.11398895880426 48.76643053797112
    vertex -34.20384188719566 63.35690333464633 54.48329223284291
  endloop
endfacet
facet normal -0.0152089 0.999884 0.000406757
  outer loop
    vertex -6.033416666327172 71.74676218011852 26.18457738518879
    vertex 3.815171880375398 71.89884883308768 20.57281995957534
    vertex -5.965809858439868 71.75241537908632 14.81582393350007
  endloop
endfacet
facet normal -0.53316 0.846014 -0.000398541
  outer loop
    vertex -34.099415413568 63.41316794209954 31.75057474271343
    vertex -42.46684192880444 58.14264645330428 37.38527952132449
    vertex -34.15771402062396 63.38178423557725 43.12069873751334
  endloop
endfacet
facet normal -0.413158 0.91066 -0.000360182
  outer loop
    vertex -25.17024571842571 67.45708806696352 37.49651267676774
    vertex -34.15771402062396 63.38178423557725 43.12069873751334
    vertex -25.22630320848684 67.43614480702085 48.84743100992657
  endloop
endfacet
facet normal 0.882027 0.471199 -0.000341011
  outer loop
    vertex 61.00020642569439 38.24885378704404 38.01807861282462
    vertex 65.69385252023197 29.46723164890131 43.9713459108529
    vertex 65.71721619706344 29.41508958525237 32.35325171639995
  endloop
endfacet
facet normal 0.852421 0.522364 -0.0226842
  outer loop
    vertex 58.24922359499617 42.32053816505812 -20
    vertex 61.39009183349461 37.61989665954837 -10.21806763186932
    vertex 64.15246974156247 32.68731598124741 -20
  endloop
endfacet
facet normal -0.852421 0.522364 0.0226842
  outer loop
    vertex -58.24922359499617 42.32053816505812 97
    vertex -61.39009183349461 37.61989665954837 87.21806763186933
    vertex -64.15246974156247 32.68731598124741 97
  endloop
endfacet
facet normal -0.742639 0.669692 -0.000385012
  outer loop
    vertex -50.0022090570459 51.80520330445077 31.64107093978312
    vertex -56.66154816214035 44.42374319966125 37.3002699995393
    vertex -50.04818918364295 51.76078399172762 43.06765321874747
  endloop
endfacet
facet normal -0.534163 0.845381 0.000431803
  outer loop
    vertex -34.20384188719566 63.35690333464633 54.48329223284291
    vertex -42.50605000815739 58.11398895880426 48.76643053797112
    vertex -42.56383778685151 58.07167737249021 60.1173210107547
  endloop
endfacet
facet normal -0.827893 0.560885 -0.000446515
  outer loop
    vertex -56.66154816214035 44.42374319966125 37.3002699995393
    vertex -62.2492207363065 36.18058205339693 42.96377804933157
    vertex -56.70727853696085 44.36535315909859 48.74391114681287
  endloop
endfacet
facet normal 0.852421 0.522364 0.0226842
  outer loop
    vertex 64.15246974156251 32.68731598124732 97
    vertex 61.39009183349469 37.61989665954824 87.21806763186933
    vertex 58.24922359499627 42.320538165058 97
  endloop
endfacet
facet normal -0.852421 0.522364 -0.0226842
  outer loop
    vertex -64.15246974156251 32.68731598124732 -20
    vertex -61.39009183349468 37.61989665954826 -10.21806763186933
    vertex -58.24922359499627 42.320538165058 -20
  endloop
endfacet
facet normal -0.64345 0.765488 -0.000452902
  outer loop
    vertex -42.40615188297628 58.18692535680113 26.00077568206856
    vertex -50.0022090570459 51.80520330445077 31.64107093978312
    vertex -42.46684192880444 58.14264645330428 37.38527952132449
  endloop
endfacet
facet normal -0.533501 0.845799 0.000291791
  outer loop
    vertex -42.46684192880444 58.14264645330428 37.38527952132449
    vertex -42.50605000815739 58.11398895880426 48.76643053797112
    vertex -34.15771402062396 63.38178423557725 43.12069873751334
  endloop
endfacet
facet normal 0.369305 0.929279 0.00736805
  outer loop
    vertex 21.63082649603073 68.67392041451117 66.14606462125703
    vertex 30.58882717466943 65.17916578231272 57.91645213525193
    vertex 22.87838879870892 68.26843579557914 54.75591300529528
  endloop
endfacet
facet normal -0.395185 0.918315 -0.0229549
  outer loop
    vertex -29.33207056776702 65.75431268143205 87.43099108633274
    vertex -23.70558929593936 67.9856237459968 79.83110913099792
    vertex -33.72125375665487 63.61506932385824 77.41310100185649
  endloop
endfacet
facet normal -0.639192 0.769047 -0.000405554
  outer loop
    vertex -42.34797976296501 58.22927622764605 14.62545538230795
    vertex -49.47689247146502 52.30714206843161 20.39503851101523
    vertex -42.40615188297628 58.18692535680113 26.00077568206856
  endloop
endfacet
facet normal -0.638699 0.769456 0.000622096
  outer loop
    vertex -49.39447242708188 52.38497965686584 8.739345478685991
    vertex -49.47689247146502 52.30714206843161 20.39503851101523
    vertex -42.34797976296501 58.22927622764605 14.62545538230795
  endloop
endfacet
facet normal -0.641381 0.76721 0.0042828
  outer loop
    vertex -42.40615188297628 58.18692535680113 26.00077568206856
    vertex -49.47689247146502 52.30714206843161 20.39503851101523
    vertex -50.0022090570459 51.80520330445077 31.64107093978312
  endloop
endfacet
facet normal -0.808674 0.587815 -0.0228145
  outer loop
    vertex -58.24922359499617 42.32053816505812 97
    vertex -54.73121217357119 46.78134685974242 87.23455416607868
    vertex -61.39009183349461 37.61989665954837 87.21806763186933
  endloop
endfacet
facet normal 0.505979 0.862546 -4.82917e-05
  outer loop
    vertex 32.10343513587387 64.44664035057792 26.45677711629661
    vertex 40.59070661233996 59.467592323138 20.7078416369713
    vertex 32.09622456887188 64.45023171738443 15.05367610511269
  endloop
endfacet
facet normal -0.897207 0.441609 0.000359618
  outer loop
    vertex -62.2492207363065 36.18058205339693 42.96377804933157
    vertex -66.62871634835717 27.28761912974748 37.12681924946489
    vertex -66.6514200607925 27.23211713913897 48.639779156304
  endloop
endfacet
facet normal -0.827272 0.561802 -0.000371274
  outer loop
    vertex -56.62335143068222 44.47241923661741 25.8457367928894
    vertex -62.20311621874949 36.25978947369585 31.5262171236708
    vertex -56.66154816214035 44.42374319966125 37.3002699995393
  endloop
endfacet
facet normal -0.897383 0.441252 -0.000339805
  outer loop
    vertex -62.2492207363065 36.18058205339693 42.96377804933157
    vertex -66.6514200607925 27.23211713913897 48.639779156304
    vertex -62.27755540238031 36.1317878481463 54.43063038152373
  endloop
endfacet
facet normal 0.881485 0.47221 0.00157788
  outer loop
    vertex 60.86149510654577 38.46918784424626 49.57027475647809
    vertex 65.69385252023197 29.46723164890131 43.9713459108529
    vertex 61.00020642569439 38.24885378704404 38.01807861282462
  endloop
endfacet
facet normal 0.890395 0.455107 0.00865008
  outer loop
    vertex 61.39009183349469 37.61989665954824 87.21806763186933
    vertex 66.51932634081267 27.55320713028641 88.88003695246123
    vertex 66.06810266543611 28.61827755455231 79.29010460975445
  endloop
endfacet
facet normal -0.949617 0.313413 -0.000361746
  outer loop
    vertex -66.62871634835717 27.28761912974748 37.12681924946489
    vertex -69.7746404103767 17.76230715877377 42.83133168359445
    vertex -66.6514200607925 27.23211713913897 48.639779156304
  endloop
endfacet
facet normal -0.972156 0.233394 -0.020965
  outer loop
    vertex -71.11356052284992 11.26328148289661 -20
    vertex -69.61225503857064 18.38841886745561 -10.2951732959864
    vertex -68.47606917325108 22.24922359499618 -20
  endloop
endfacet
facet normal 0.972155 0.233394 0.0210093
  outer loop
    vertex 71.11356052284992 11.26328148289661 97
    vertex 69.61662061833199 18.37188432587229 87.2973468446072
    vertex 68.47606917325108 22.24922359499618 97
  endloop
endfacet
facet normal -0.890483 0.454955 -0.00750445
  outer loop
    vertex -61.39009183349468 37.61989665954826 -10.21806763186933
    vertex -66.51932634081267 27.55320713028642 -11.86989081832171
    vertex -66.13644428941932 28.45998483401802 -2.329795771894794
  endloop
endfacet
facet normal -0.89697 0.442092 -0.000554085
  outer loop
    vertex -62.2492207363065 36.18058205339693 42.96377804933157
    vertex -62.20311621874949 36.25978947369585 31.5262171236708
    vertex -66.62871634835717 27.28761912974748 37.12681924946489
  endloop
endfacet
facet normal -0.827575 0.561355 0.000551565
  outer loop
    vertex -56.66154816214035 44.42374319966125 37.3002699995393
    vertex -62.20311621874949 36.25978947369585 31.5262171236708
    vertex -62.2492207363065 36.18058205339693 42.96377804933157
  endloop
endfacet
facet normal 0.505875 0.862607 0.000160814
  outer loop
    vertex 32.09622456887188 64.45023171738443 15.05367610511269
    vertex 40.59070661233996 59.467592323138 20.7078416369713
    vertex 40.56879290224001 59.48254401465324 9.441233162821263
  endloop
endfacet
facet normal 0.806959 0.590606 0.00115332
  outer loop
    vertex 55.13633240068532 46.30318400932206 43.64519196067796
    vertex 55.01354112787079 46.44900744442306 54.88522322780086
    vertex 60.86149510654577 38.46918784424626 49.57027475647809
  endloop
endfacet
facet normal -0.979296 0.202364 -0.00527715
  outer loop
    vertex -69.31305532083107 19.48590162377432 3.290773015584492
    vertex -71.40823674107476 9.212150971983732 -1.870045897249113
    vertex -71.29459562247412 10.05388656330945 9.319448811946188
  endloop
endfacet
facet normal 0.979317 0.202262 0.00526686
  outer loop
    vertex 69.31560030600576 19.47684661894871 73.72114629320313
    vertex 71.4087864981001 9.207888513049967 78.87099736210729
    vertex 71.29542332819048 10.04801534901853 67.68654523794068
  endloop
endfacet
facet normal -0.465997 0.884654 -0.0153055
  outer loop
    vertex -29.33207056776702 65.75431268143205 87.43099108633274
    vertex -37.61989665954825 61.39009183349468 87.51448665605339
    vertex -32.68731598124728 64.15246974156253 97
  endloop
endfacet
facet normal -0.58714 0.809157 -0.0230329
  outer loop
    vertex -42.32053816505801 58.24922359499626 97
    vertex -37.61989665954825 61.39009183349468 87.51448665605339
    vertex -46.76025947977317 54.74922952320227 87.2180676318693
  endloop
endfacet
facet normal 0.718839 0.695176 -0.00116599
  outer loop
    vertex 48.1909469651585 53.49422988137394 49.15762502846394
    vertex 55.01354112787079 46.44900744442306 54.88522322780086
    vertex 55.13633240068532 46.30318400932206 43.64519196067796
  endloop
endfacet
facet normal -0.760204 0.649275 -0.0230665
  outer loop
    vertex -58.24922359499627 42.320538165058 -20
    vertex -54.97266622036307 46.49737593267552 -10.41613754945976
    vertex -50.91168824543148 50.91168824543136 -20
  endloop
endfacet
facet normal -0.741069 0.671426 -0.00171483
  outer loop
    vertex -56.35521267945132 44.81171726070994 71.10813669896724
    vertex -50.26996185626318 51.54542593644798 77.87019457085235
    vertex -50.03870852495682 51.76994928676687 65.84342816480088
  endloop
endfacet
facet normal 0.460173 0.887632 0.0187028
  outer loop
    vertex 37.61830981401646 61.39106422547725 87.23380486687341
    vertex 32.41386287822638 64.29106853452926 77.6528192657471
    vertex 28.48552123032646 66.12544956547835 87.24822060797797
  endloop
endfacet
facet normal 0.997945 0.0640753 -0
  outer loop
    vertex 72 8.81745695386094e-15 73.59999999999999
    vertex 71.4087864981001 9.207888513049967 78.87099736210729
    vertex 72 8.81745695386094e-15 85.3
  endloop
endfacet
facet normal -0.997943 0.0641051 0
  outer loop
    vertex -72 0 3.399999999999991
    vertex -71.40823674107476 9.212150971983732 -1.870045897249113
    vertex -72 0 -8.299999999999983
  endloop
endfacet
facet normal -0.522356 0.852407 0.0233926
  outer loop
    vertex -32.68731598124728 64.15246974156253 97
    vertex -37.61989665954825 61.39009183349468 87.51448665605339
    vertex -42.32053816505801 58.24922359499626 97
  endloop
endfacet
facet normal 0.327031 0.944821 0.0190643
  outer loop
    vertex 28.48552123032646 66.12544956547835 87.24822060797797
    vertex 22.24922359501445 68.47606917324514 77.73043656566549
    vertex 18.48618904571983 69.58635508895338 87.25658336532911
  endloop
endfacet
facet normal 0.166787 0.985511 -0.0308299
  outer loop
    vertex 18.48618904571983 69.58635508895338 87.25658336532911
    vertex 5.64905489240499 71.77804802878521 87.8685357346772
    vertex 11.26328148289678 71.11356052284989 97
  endloop
endfacet
facet normal 0.00402477 0.999754 -0.0218104
  outer loop
    vertex 1.323062753105786e-13 72 97
    vertex 5.64905489240499 71.77804802878521 87.8685357346772
    vertex -5.081679677147395 71.82044647354169 87.83182298238482
  endloop
endfacet
facet normal -0.144515 0.989276 -0.0211634
  outer loop
    vertex -5.081679677147395 71.82044647354169 87.83182298238482
    vertex -15.67531802679463 70.27292796489162 87.83267550350114
    vertex -11.26328148289651 71.11356052284994 97
  endloop
endfacet
facet normal -0.312875 0.94902 -0.0383486
  outer loop
    vertex -22.2492235949961 68.47606917325109 97
    vertex -15.67531802679463 70.27292796489162 87.83267550350114
    vertex -29.33207056776702 65.75431268143205 87.43099108633274
  endloop
endfacet
facet normal -0.70654 0.707182 0.0263443
  outer loop
    vertex -54.97266622036307 46.49737593267552 -10.41613754945976
    vertex -46.7602594797733 54.74922952320217 -11.67524950972621
    vertex -50.91168824543148 50.91168824543136 -20
  endloop
endfacet
facet normal 0.499813 0.866092 -0.00850292
  outer loop
    vertex 31.15915719072592 64.90845032169258 66.78487327526213
    vertex 32.41386287822638 64.29106853452926 77.6528192657471
    vertex 40.16162635565745 59.75821088744677 71.3684689147134
  endloop
endfacet
facet normal 0.382378 0.924001 -0.00290394
  outer loop
    vertex 32.0939902952602 64.45134433762995 4.082290007473219
    vertex 22.62587568924947 68.35254018172719 -1.320980804126648
    vertex 23.04815644970662 68.21130759829963 9.344489074671287
  endloop
endfacet
facet normal 0.809217 0.587507 0.00150314
  outer loop
    vertex 54.8632634474357 46.62641229922441 80.71677343875577
    vertex 54.74922952320228 46.76025947977316 89.79247042693356
    vertex 61.39009183349469 37.61989665954824 87.21806763186933
  endloop
endfacet
facet normal 0.809177 0.587563 -0.00118696
  outer loop
    vertex 61.39009183349461 37.61989665954837 -10.21806763186932
    vertex 54.74922952320218 46.76025947977328 -12.82303371509475
    vertex 54.83866378396754 46.65534218488776 -3.789357307144996
  endloop
endfacet
facet normal -0.810007 0.586025 0.0215262
  outer loop
    vertex -61.39009183349468 37.61989665954826 -10.21806763186933
    vertex -54.97266622036307 46.49737593267552 -10.41613754945976
    vertex -58.24922359499627 42.320538165058 -20
  endloop
endfacet
facet normal 0.244858 0.969528 -0.0076955
  outer loop
    vertex 12.86408433932575 70.84148032128292 60.28573359124294
    vertex 21.63082649603073 68.67392041451117 66.14606462125703
    vertex 22.87838879870892 68.26843579557914 54.75591300529528
  endloop
endfacet
facet normal 0.367247 0.930111 0.0047746
  outer loop
    vertex 31.15915719072592 64.90845032169258 66.78487327526213
    vertex 30.58882717466943 65.17916578231272 57.91645213525193
    vertex 21.63082649603073 68.67392041451117 66.14606462125703
  endloop
endfacet
facet normal -0.289869 0.95693 0.0161694
  outer loop
    vertex -26.01520605834106 67.13575093601065 -8.190619496961546
    vertex -16.44189431421431 70.09753284788422 -11.85275512671947
    vertex -22.24922359499636 68.47606917325102 -20
  endloop
endfacet
facet normal -0.528486 0.848939 0.00239885
  outer loop
    vertex -33.93187962738674 63.50297272531843 9.119309924602689
    vertex -34.27807511607978 63.31677160386806 -1.25487972631683
    vertex -41.83653919567784 58.59781555765123 3.564732450431251
  endloop
endfacet
facet normal -0.415269 0.909678 0.00616035
  outer loop
    vertex -26.01520605834106 67.13575093601065 -8.190619496961546
    vertex -34.27807511607978 63.31677160386806 -1.25487972631683
    vertex -25.00314993218806 67.51920092439279 3.409310798246011
  endloop
endfacet
facet normal 0.242048 0.970257 0.00365017
  outer loop
    vertex 22.24922359501445 68.47606917324514 77.73043656566549
    vertex 21.63082649603073 68.67392041451117 66.14606462125703
    vertex 12.8427249963397 70.84535563230939 71.70466180329304
  endloop
endfacet
facet normal 0.380495 0.924545 -0.020974
  outer loop
    vertex 28.48552123032646 66.12544956547835 87.24822060797797
    vertex 32.41386287822638 64.29106853452926 77.6528192657471
    vertex 22.24922359501445 68.47606917324514 77.73043656566549
  endloop
endfacet
facet normal -0.997991 0.0633578 0
  outer loop
    vertex -72 0 97
    vertex -71.4219543584732 9.105187291657991 87.86163381422476
    vertex -72 0 85.3
  endloop
endfacet
facet normal 0.997867 0.0652829 -0
  outer loop
    vertex 72 8.81745695386094e-15 -20
    vertex 71.38629320161579 9.380679236225001 -10.65618122661907
    vertex 72 8.81745695386094e-15 -8.299999999999983
  endloop
endfacet
facet normal 0.997742 0.0669716 -0.00508228
  outer loop
    vertex 71.29542332819048 10.04801534901853 67.68654523794068
    vertex 71.4087864981001 9.207888513049967 78.87099736210729
    vertex 72 8.81745695386094e-15 73.59999999999999
  endloop
endfacet
facet normal -0.99774 0.0670054 0.00509258
  outer loop
    vertex -71.29459562247412 10.05388656330945 9.319448811946188
    vertex -71.40823674107476 9.212150971983732 -1.870045897249113
    vertex -72 0 3.399999999999991
  endloop
endfacet
facet normal -0.996803 0.0784501 0.0151127
  outer loop
    vertex -71.11356052284991 11.26328148289666 97
    vertex -71.4219543584732 9.105187291657991 87.86163381422476
    vertex -72 0 97
  endloop
endfacet
facet normal 0.996829 0.0784522 -0.0132894
  outer loop
    vertex 71.11356052284991 11.26328148289666 -20
    vertex 71.38629320161579 9.380679236225001 -10.65618122661907
    vertex 72 8.81745695386094e-15 -20
  endloop
endfacet
facet normal -0.823056 0.567851 -0.0111186
  outer loop
    vertex -62.30060907257133 36.09202279156216 65.88309337321184
    vertex -61.29059662683402 37.78177821551974 77.41629011175993
    vertex -56.35521267945132 44.81171726070994 71.10813669896724
  endloop
endfacet
facet normal -0.590163 0.806912 0.0245085
  outer loop
    vertex -42.32053816505815 58.24922359499616 -20
    vertex -46.7602594797733 54.74922952320217 -11.67524950972621
    vertex -37.61989665954842 61.39009183349458 -10.21806763186933
  endloop
endfacet
facet normal -0.935368 0.353503 -0.0110518
  outer loop
    vertex -66.62871634835717 27.28761912974748 37.12681924946489
    vertex -65.80337800227481 29.22183162448473 29.14204222018775
    vertex -68.76588803344801 21.33665022845179 27.65864974105727
  endloop
endfacet
facet normal -0.888013 0.459752 0.00782275
  outer loop
    vertex -65.77823124031578 29.27839296982581 79.33058434913067
    vertex -66.22276153805012 28.25855364795849 88.80609073274113
    vertex -61.39009183349461 37.61989665954837 87.21806763186933
  endloop
endfacet
facet normal -0.887879 0.459948 0.0109034
  outer loop
    vertex -61.07466482234884 38.12984810929289 15.1192244767857
    vertex -62.04352377292276 36.53219344412225 3.618956454834986
    vertex -66.05112183791815 28.65744761754775 9.4618897621001
  endloop
endfacet
facet normal -0.710637 0.703014 -0.0276941
  outer loop
    vertex -50.67493628108129 51.14734433876652 -2.657524115035983
    vertex -46.7602594797733 54.74922952320217 -11.67524950972621
    vertex -54.97266622036307 46.49737593267552 -10.41613754945976
  endloop
endfacet
facet normal 0.0784359 0.996623 0.0242991
  outer loop
    vertex 11.26328148289678 71.11356052284989 97
    vertex 5.64905489240499 71.77804802878521 87.8685357346772
    vertex 1.323062753105786e-13 72 97
  endloop
endfacet
facet normal 0.172838 0.984453 0.0312919
  outer loop
    vertex 11.26328148289651 71.11356052284994 -20
    vertex 6.207534136601101 71.73190726547658 -11.52843421975413
    vertex 19.02063582696942 69.44217315679145 -10.2646697428621
  endloop
endfacet
facet normal 0.00683291 0.999622 0.0266274
  outer loop
    vertex -5.649054892404984 71.77804802878521 -10.21806763186932
    vertex 6.207534136601101 71.73190726547658 -11.52843421975413
    vertex -1.323062753105786e-13 72 -20
  endloop
endfacet
facet normal 0.887905 0.459957 -0.00803526
  outer loop
    vertex 65.74799543891962 29.34622796483058 -2.268954736286275
    vertex 66.20975002819686 28.28902616216551 -11.76124549322488
    vertex 61.39009183349461 37.61989665954837 -10.21806763186932
  endloop
endfacet
facet normal -0.981275 0.192526 0.00581508
  outer loop
    vertex -71.31288048084542 9.923360193233693 79.17940990548841
    vertex -71.4219543584732 9.105187291657991 87.86163381422476
    vertex -69.61278011895769 18.38643097802424 85.87017759117967
  endloop
endfacet
facet normal -0.997887 0.0640511 0.0109527
  outer loop
    vertex -71.28703125000115 10.10738223089241 56.05
    vertex -71.54610015713133 8.071898928116649 44.34999999999999
    vertex -72 0 50.2
  endloop
endfacet
facet normal -0.998043 0.0619994 -0.00810957
  outer loop
    vertex -72 0 38.5
    vertex -71.54610015713133 8.071898928116649 44.34999999999999
    vertex -71.35605280055535 9.608003368252795 32.70474591327088
  endloop
endfacet
facet normal 0.324103 0.945896 -0.0154061
  outer loop
    vertex 19.02063582696942 69.44217315679145 -10.2646697428621
    vertex 22.62587568924947 68.35254018172719 -1.320980804126648
    vertex 27.55320713028636 66.5193263408127 -10.2180676318693
  endloop
endfacet
facet normal -0.942831 0.333078 0.0113032
  outer loop
    vertex -65.77823124031578 29.27839296982581 79.33058434913067
    vertex -66.56512084101882 27.44238851522516 67.79658691550652
    vertex -69.34330860387593 19.37796562768205 73.69939206460251
  endloop
endfacet
facet normal -0.233383 0.972109 0.0231809
  outer loop
    vertex -11.26328148289651 71.11356052284994 97
    vertex -15.67531802679463 70.27292796489162 87.83267550350114
    vertex -22.2492235949961 68.47606917325109 97
  endloop
endfacet
facet normal 0.980933 0.194309 -0.00389195
  outer loop
    vertex 71.31402216189906 9.915152197125808 -2.187393702369505
    vertex 71.38629320161579 9.380679236225001 -10.65618122661907
    vertex 69.59954824326765 18.43645530824889 -8.871657428187447
  endloop
endfacet
facet normal -0.892372 0.450621 0.0247747
  outer loop
    vertex -64.15246974156251 32.68731598124732 -20
    vertex -66.51932634081267 27.55320713028642 -11.86989081832171
    vertex -61.39009183349468 37.61989665954826 -10.21806763186933
  endloop
endfacet
facet normal 0.892382 0.450599 -0.0247887
  outer loop
    vertex 64.15246974156251 32.68731598124732 97
    vertex 66.51932634081267 27.55320713028641 88.88003695246123
    vertex 61.39009183349469 37.61989665954824 87.21806763186933
  endloop
endfacet
facet normal -0.734676 0.678317 0.0117591
  outer loop
    vertex -49.47689247146502 52.30714206843161 20.39503851101523
    vertex -55.34355222745479 46.05530617471762 14.49605293106566
    vertex -56.62335143068222 44.47241923661741 25.8457367928894
  endloop
endfacet
facet normal -0.946441 0.322404 0.0174558
  outer loop
    vertex -69.61225503857064 18.38841886745561 -10.2951732959864
    vertex -66.51932634081267 27.55320713028642 -11.86989081832171
    vertex -68.47606917325108 22.24922359499618 -20
  endloop
endfacet
facet normal 0.94647 0.322313 -0.0175437
  outer loop
    vertex 69.61662061833199 18.37188432587229 87.2973468446072
    vertex 66.51932634081267 27.55320713028641 88.88003695246123
    vertex 68.47606917325108 22.24922359499618 97
  endloop
endfacet
facet normal -0.733239 0.679895 -0.0101764
  outer loop
    vertex -56.45194927737844 44.68979103536167 3.127865889434958
    vertex -55.34355222745479 46.05530617471762 14.49605293106566
    vertex -49.39447242708188 52.38497965686584 8.739345478685991
  endloop
endfacet
facet normal -0.144529 0.989392 0.0146511
  outer loop
    vertex -5.081679677147395 71.82044647354169 87.83182298238482
    vertex -7.186142674346014 71.64048683156713 79.22455473540501
    vertex -15.67531802679463 70.27292796489162 87.83267550350114
  endloop
endfacet
facet normal -0.89552 0.445021 -0.000257478
  outer loop
    vertex -62.27755540238031 36.1317878481463 54.43063038152373
    vertex -66.40317456813135 27.83196736262592 58.25415451283116
    vertex -62.30060907257133 36.09202279156216 65.88309337321184
  endloop
endfacet
facet normal 0.711118 0.702586 0.0261658
  outer loop
    vertex 46.76025947977317 54.74922952320227 -10.2180676318693
    vertex 54.74922952320218 46.76025947977328 -12.82303371509475
    vertex 50.91168824543137 50.91168824543147 -20
  endloop
endfacet
facet normal 0.943836 0.329936 0.0177556
  outer loop
    vertex 68.47606917325103 22.24922359499628 -20
    vertex 66.20975002819686 28.28902616216551 -11.76124549322488
    vertex 69.59954824326765 18.43645530824889 -8.871657428187447
  endloop
endfacet
facet normal 0.711061 0.702645 -0.0261188
  outer loop
    vertex 50.91168824543148 50.91168824543136 97
    vertex 54.74922952320228 46.76025947977316 89.79247042693356
    vertex 46.76025947977329 54.74922952320217 87.21806763186933
  endloop
endfacet
facet normal -0.534365 0.845189 -0.0104915
  outer loop
    vertex -34.27807511607978 63.31677160386806 -1.25487972631683
    vertex -42.94033762943208 57.79383534833433 -4.9835301816738
    vertex -41.83653919567784 58.59781555765123 3.564732450431251
  endloop
endfacet
facet normal -0.943987 0.329495 -0.0179457
  outer loop
    vertex -68.47606917325103 22.24922359499628 97
    vertex -66.22276153805012 28.25855364795849 88.80609073274113
    vertex -69.61278011895769 18.38643097802424 85.87017759117967
  endloop
endfacet
facet normal -0.884514 0.466513 -0.00127376
  outer loop
    vertex -61.39009183349461 37.61989665954837 87.21806763186933
    vertex -61.29059662683402 37.78177821551974 77.41629011175993
    vertex -65.77823124031578 29.27839296982581 79.33058434913067
  endloop
endfacet
facet normal 0.805179 0.592454 0.0261658
  outer loop
    vertex 58.24922359499617 42.32053816505812 -20
    vertex 54.74922952320218 46.76025947977328 -12.82303371509475
    vertex 61.39009183349461 37.61989665954837 -10.21806763186932
  endloop
endfacet
facet normal -0.402408 0.915378 0.0122712
  outer loop
    vertex -33.72125375665487 63.61506932385824 77.41310100185649
    vertex -23.70558929593936 67.9856237459968 79.83110913099792
    vertex -25.16536533212496 67.45890888311702 71.25151280598428
  endloop
endfacet
facet normal 0.805228 0.592389 -0.0261188
  outer loop
    vertex 61.39009183349469 37.61989665954824 87.21806763186933
    vertex 54.74922952320228 46.76025947977316 89.79247042693356
    vertex 58.24922359499627 42.320538165058 97
  endloop
endfacet
facet normal 0.52483 0.851139 0.0107488
  outer loop
    vertex 33.72698322570209 63.61203190036622 49.77718310010718
    vertex 41.90976922902414 58.54546304514075 51.43119807931954
    vertex 40.6737808854914 59.4108032977087 43.25911340358243
  endloop
endfacet
facet normal -0.0325382 0.999454 0.00575062
  outer loop
    vertex -6.459553830453788 71.70965182115633 71.31491300107591
    vertex -7.186142674346014 71.64048683156713 79.22455473540501
    vertex 2.369536645663798 71.96099843724278 77.58782833230842
  endloop
endfacet
facet normal 0.252731 0.967532 0.00280565
  outer loop
    vertex 23.04815644970662 68.21130759829963 9.344489074671287
    vertex 22.62587568924947 68.35254018172719 -1.320980804126648
    vertex 13.46793377698742 70.72916484575993 4.038330855340419
  endloop
endfacet
facet normal 0.51715 0.855613 -0.021939
  outer loop
    vertex 37.61830981401646 61.39106422547725 87.23380486687341
    vertex 41.33242244163114 58.95448121310667 79.75764637828343
    vertex 32.41386287822638 64.29106853452926 77.6528192657471
  endloop
endfacet
facet normal 0.998378 0.0569383 -0
  outer loop
    vertex 72 8.81745695386094e-15 85.3
    vertex 71.53315640994235 8.185812973109261 88.68361393572934
    vertex 72 8.81745695386094e-15 97
  endloop
endfacet
facet normal -0.998378 0.0569383 0
  outer loop
    vertex -72 0 -8.299999999999983
    vertex -71.53315640994262 8.185812973106923 -11.68361393572707
    vertex -72 0 -20
  endloop
endfacet
facet normal -0.157238 0.987289 0.0231782
  outer loop
    vertex -11.26328148289678 71.11356052284989 -20
    vertex -16.44189431421431 70.09753284788422 -11.85275512671947
    vertex -5.649054892404984 71.77804802878521 -10.21806763186932
  endloop
endfacet
facet normal -0.996692 0.0784414 -0.0212601
  outer loop
    vertex -72 0 -20
    vertex -71.53315640994262 8.185812973106923 -11.68361393572707
    vertex -71.11356052284992 11.26328148289661 -20
  endloop
endfacet
facet normal 0.996692 0.0784414 0.0212601
  outer loop
    vertex 72 8.81745695386094e-15 97
    vertex 71.53315640994235 8.185812973109261 88.68361393572934
    vertex 71.11356052284992 11.26328148289661 97
  endloop
endfacet
facet normal 0.505508 0.862822 0.000579533
  outer loop
    vertex 40.56879290224001 59.48254401465324 9.441233162821263
    vertex 40.49739580230676 59.53117614520401 -0.6859378428417244
    vertex 32.0939902952602 64.45134433762995 4.082290007473219
  endloop
endfacet
facet normal -0.644258 0.764802 0.00302208
  outer loop
    vertex -50.26996185626318 51.54542593644798 77.87019457085235
    vertex -42.17290384674875 58.3562008798798 80.41715281237198
    vertex -42.48352025689302 58.13046109039701 71.32712390429961
  endloop
endfacet
facet normal -0.160724 0.986998 -0.00170022
  outer loop
    vertex -15.67531802679463 70.27292796489162 87.83267550350114
    vertex -7.186142674346014 71.64048683156713 79.22455473540501
    vertex -15.9676897159106 70.20707147528945 77.24046692323502
  endloop
endfacet
facet normal 0.239945 0.970786 0.000119361
  outer loop
    vertex 12.8427249963397 70.84535563230939 71.70466180329304
    vertex 21.63082649603073 68.67392041451117 66.14606462125703
    vertex 12.86408433932575 70.84148032128292 60.28573359124294
  endloop
endfacet
facet normal 0.511536 0.859193 0.0109254
  outer loop
    vertex 32.41386287822638 64.29106853452926 77.6528192657471
    vertex 41.33242244163114 58.95448121310667 79.75764637828343
    vertex 40.16162635565745 59.75821088744677 71.3684689147134
  endloop
endfacet
facet normal -0.411613 0.911355 -0.00262159
  outer loop
    vertex -25.00314993218806 67.51920092439279 3.409310798246011
    vertex -34.27807511607978 63.31677160386806 -1.25487972631683
    vertex -33.93187962738674 63.50297272531843 9.119309924602689
  endloop
endfacet
facet normal -0.889858 0.455732 -0.0214873
  outer loop
    vertex -61.39009183349461 37.61989665954837 87.21806763186933
    vertex -66.22276153805012 28.25855364795849 88.80609073274113
    vertex -64.15246974156247 32.68731598124741 97
  endloop
endfacet
facet normal 0.232589 0.972261 0.0246954
  outer loop
    vertex 19.02063582696942 69.44217315679145 -10.2646697428621
    vertex 11.63509882963538 71.05367320008598 -4.150254452643054
    vertex 22.62587568924947 68.35254018172719 -1.320980804126648
  endloop
endfacet
facet normal 0.383739 0.923424 -0.0057057
  outer loop
    vertex 32.0939902952602 64.45134433762995 4.082290007473219
    vertex 32.68731598124728 64.15246974156253 -4.383909834964925
    vertex 22.62587568924947 68.35254018172719 -1.320980804126648
  endloop
endfacet
facet normal -0.649217 0.760136 -0.0266522
  outer loop
    vertex -50.91168824543148 50.91168824543136 -20
    vertex -46.7602594797733 54.74922952320217 -11.67524950972621
    vertex -42.32053816505815 58.24922359499616 -20
  endloop
endfacet
facet normal 0.889706 0.456037 0.0212907
  outer loop
    vertex 61.39009183349461 37.61989665954837 -10.21806763186932
    vertex 66.20975002819686 28.28902616216551 -11.76124549322488
    vertex 64.15246974156247 32.68731598124741 -20
  endloop
endfacet
facet normal -0.639194 0.768687 -0.0234643
  outer loop
    vertex -46.76025947977317 54.74922952320227 87.2180676318693
    vertex -42.17290384674875 58.3562008798798 80.41715281237198
    vertex -50.26996185626318 51.54542593644798 77.87019457085235
  endloop
endfacet
facet normal -0.544409 0.838512 0.0227347
  outer loop
    vertex -37.61989665954842 61.39009183349458 -10.21806763186933
    vertex -42.94033762943208 57.79383534833433 -4.9835301816738
    vertex -34.27807511607978 63.31677160386806 -1.25487972631683
  endloop
endfacet
facet normal 0.923558 0.38255 -0.0263936
  outer loop
    vertex 64.15246974156247 32.68731598124741 -20
    vertex 66.20975002819686 28.28902616216551 -11.76124549322488
    vertex 68.47606917325103 22.24922359499628 -20
  endloop
endfacet
facet normal -0.747921 0.663523 -0.0187502
  outer loop
    vertex -50.26996185626318 51.54542593644798 77.87019457085235
    vertex -56.84890687230521 44.18372763160631 79.78327537117418
    vertex -54.73121217357119 46.78134685974242 87.23455416607868
  endloop
endfacet
facet normal -0.923553 0.382548 0.0265818
  outer loop
    vertex -64.15246974156247 32.68731598124741 97
    vertex -66.22276153805012 28.25855364795849 88.80609073274113
    vertex -68.47606917325103 22.24922359499628 97
  endloop
endfacet
facet normal 0.230964 0.97271 -0.0221348
  outer loop
    vertex 22.24922359501445 68.47606917324514 77.73043656566549
    vertex 11.64593906332393 71.05189725358039 80.2854006751715
    vertex 18.48618904571983 69.58635508895338 87.25658336532911
  endloop
endfacet
facet normal 0.238293 0.971143 0.00985979
  outer loop
    vertex 12.8427249963397 70.84535563230939 71.70466180329304
    vertex 11.64593906332393 71.05189725358039 80.2854006751715
    vertex 22.24922359501445 68.47606917324514 77.73043656566549
  endloop
endfacet
facet normal -0.23336 0.972012 -0.0271119
  outer loop
    vertex -22.24922359499636 68.47606917325102 -20
    vertex -16.44189431421431 70.09753284788422 -11.85275512671947
    vertex -11.26328148289678 71.11356052284989 -20
  endloop
endfacet
facet normal 0.0784327 0.996582 -0.0259335
  outer loop
    vertex -1.323062753105786e-13 72 -20
    vertex 6.207534136601101 71.73190726547658 -11.52843421975413
    vertex 11.26328148289651 71.11356052284994 -20
  endloop
endfacet
facet normal -0.923535 0.382541 -0.0272898
  outer loop
    vertex -68.47606917325108 22.24922359499618 -20
    vertex -66.51932634081267 27.55320713028642 -11.86989081832171
    vertex -64.15246974156251 32.68731598124732 -20
  endloop
endfacet
facet normal 0.923535 0.382541 0.0273239
  outer loop
    vertex 68.47606917325108 22.24922359499618 97
    vertex 66.51932634081267 27.55320713028641 88.88003695246123
    vertex 64.15246974156251 32.68731598124732 97
  endloop
endfacet
facet normal 0.242473 0.970029 -0.0158306
  outer loop
    vertex 22.62587568924947 68.35254018172719 -1.320980804126648
    vertex 11.63509882963538 71.05367320008598 -4.150254452643054
    vertex 13.46793377698742 70.72916484575993 4.038330855340419
  endloop
endfacet
facet normal -0.891564 0.452892 -0.00113291
  outer loop
    vertex -66.05112183791815 28.65744761754775 9.4618897621001
    vertex -62.04352377292276 36.53219344412225 3.618956454834986
    vertex -66.13644428941932 28.45998483401802 -2.329795771894794
  endloop
endfacet
facet normal -0.314999 0.948018 0.0451309
  outer loop
    vertex -15.67531802679463 70.27292796489162 87.83267550350114
    vertex -23.70558929593936 67.9856237459968 79.83110913099792
    vertex -29.33207056776702 65.75431268143205 87.43099108633274
  endloop
endfacet
facet normal -0.293173 0.956035 0.00680845
  outer loop
    vertex -15.56687272333366 70.29703033283505 -2.187432275547721
    vertex -16.44189431421431 70.09753284788422 -11.85275512671947
    vertex -26.01520605834106 67.13575093601065 -8.190619496961546
  endloop
endfacet
facet normal -0.945134 0.32668 0.00147837
  outer loop
    vertex -69.34330860387593 19.37796562768205 73.69939206460251
    vertex -66.56512084101882 27.44238851522516 67.79658691550652
    vertex -69.26347286185441 19.6614172204131 62.1038339227794
  endloop
endfacet
facet normal -0.89666 0.44271 0.0028567
  outer loop
    vertex -62.30060907257133 36.09202279156216 65.88309337321184
    vertex -66.40317456813135 27.83196736262592 58.25415451283116
    vertex -66.56512084101882 27.44238851522516 67.79658691550652
  endloop
endfacet
facet normal -0.728939 0.684579 -0.000582823
  outer loop
    vertex -49.39447242708188 52.38497965686584 8.739345478685991
    vertex -55.34355222745479 46.05530617471762 14.49605293106566
    vertex -49.47689247146502 52.30714206843161 20.39503851101523
  endloop
endfacet
facet normal -0.998423 0.0561434 0
  outer loop
    vertex -72 0 50.2
    vertex -71.54610015713133 8.071898928116649 44.34999999999999
    vertex -72 0 38.5
  endloop
endfacet
facet normal 0.944701 0.327797 0.00944687
  outer loop
    vertex 69.59954824326765 18.43645530824889 -8.871657428187447
    vertex 66.20975002819686 28.28902616216551 -11.76124549322488
    vertex 65.74799543891962 29.34622796483058 -2.268954736286275
  endloop
endfacet
facet normal -0.808674 0.587729 0.0249391
  outer loop
    vertex -54.73121217357119 46.78134685974242 87.23455416607868
    vertex -56.84890687230521 44.18372763160631 79.78327537117418
    vertex -61.39009183349461 37.61989665954837 87.21806763186933
  endloop
endfacet
facet normal -0.944915 0.327188 -0.00911448
  outer loop
    vertex -69.61278011895769 18.38643097802424 85.87017759117967
    vertex -66.22276153805012 28.25855364795849 88.80609073274113
    vertex -65.77823124031578 29.27839296982581 79.33058434913067
  endloop
endfacet
facet normal 0.392272 0.919429 0.0278004
  outer loop
    vertex 22.62587568924947 68.35254018172719 -1.320980804126648
    vertex 32.68731598124728 64.15246974156253 -4.383909834964925
    vertex 27.55320713028636 66.5193263408127 -10.2180676318693
  endloop
endfacet
facet normal -0.979123 0.203162 0.00665613
  outer loop
    vertex -69.26347286185441 19.6614172204131 62.1038339227794
    vertex -69.53389585223448 18.68254071615018 52.20216428713515
    vertex -71.28703125000115 10.10738223089241 56.05
  endloop
endfacet
facet normal 0.486243 0.873812 -0.00459657
  outer loop
    vertex 39.14088423663918 60.43170675377297 60.08938474392658
    vertex 30.58882717466943 65.17916578231272 57.91645213525193
    vertex 31.15915719072592 64.90845032169258 66.78487327526213
  endloop
endfacet
facet normal -0.529071 0.848572 -0.0029943
  outer loop
    vertex -42.48352025689302 58.13046109039701 71.32712390429961
    vertex -42.17290384674875 58.3562008798798 80.41715281237198
    vertex -33.72125375665487 63.61506932385824 77.41310100185649
  endloop
endfacet
facet normal -0.896293 0.443439 -0.0045241
  outer loop
    vertex -66.6514200607925 27.23211713913897 48.639779156304
    vertex -66.40317456813135 27.83196736262592 58.25415451283116
    vertex -62.27755540238031 36.1317878481463 54.43063038152373
  endloop
endfacet
facet normal -0.947025 0.321128 0.00441691
  outer loop
    vertex -66.6514200607925 27.23211713913897 48.639779156304
    vertex -69.53389585223448 18.68254071615018 52.20216428713515
    vertex -66.40317456813135 27.83196736262592 58.25415451283116
  endloop
endfacet
facet normal 0.998202 0.0595922 -0.00644462
  outer loop
    vertex 71.4087864981001 9.207888513049967 78.87099736210729
    vertex 71.53315640994235 8.185812973109261 88.68361393572934
    vertex 72 8.81745695386094e-15 85.3
  endloop
endfacet
facet normal -0.998201 0.0596038 0.00647281
  outer loop
    vertex -71.40823674107476 9.212150971983732 -1.870045897249113
    vertex -71.53315640994262 8.185812973106923 -11.68361393572707
    vertex -72 0 -8.299999999999983
  endloop
endfacet
facet normal -0.94478 0.327639 -0.00658758
  outer loop
    vertex -66.40317456813135 27.83196736262592 58.25415451283116
    vertex -69.53389585223448 18.68254071615018 52.20216428713515
    vertex -69.26347286185441 19.6614172204131 62.1038339227794
  endloop
endfacet
facet normal -0.948421 0.316942 -0.00675862
  outer loop
    vertex -69.7746404103767 17.76230715877377 42.83133168359445
    vertex -69.53389585223448 18.68254071615018 52.20216428713515
    vertex -66.6514200607925 27.23211713913897 48.639779156304
  endloop
endfacet
facet normal 0.620693 0.783994 -0.00966824
  outer loop
    vertex 48.33807457930484 53.36132069172916 75.96749584433263
    vertex 41.33242244163114 58.95448121310667 79.75764637828343
    vertex 46.76025947977329 54.74922952320217 87.21806763186933
  endloop
endfacet
facet normal -0.275437 0.961318 0.00162582
  outer loop
    vertex -15.9676897159106 70.20707147528945 77.24046692323502
    vertex -23.70558929593936 67.9856237459968 79.83110913099792
    vertex -15.67531802679463 70.27292796489162 87.83267550350114
  endloop
endfacet
facet normal 0.17002 0.984622 0.0401689
  outer loop
    vertex 18.48618904571983 69.58635508895338 87.25658336532911
    vertex 11.64593906332393 71.05189725358039 80.2854006751715
    vertex 5.64905489240499 71.77804802878521 87.8685357346772
  endloop
endfacet
facet normal -0.936058 0.351845 -0.000863544
  outer loop
    vertex -68.76588803344801 21.33665022845179 27.65864974105727
    vertex -65.80337800227481 29.22183162448473 29.14204222018775
    vertex -65.75436388286668 29.33195578817677 20.88141461906299
  endloop
endfacet
facet normal -0.883361 0.46869 -0.00180123
  outer loop
    vertex -65.75436388286668 29.33195578817677 20.88141461906299
    vertex -61.18984668221566 37.94473168974767 23.43852295191957
    vertex -61.07466482234884 38.12984810929289 15.1192244767857
  endloop
endfacet
facet normal 0.760046 0.64914 0.0307799
  outer loop
    vertex 58.24922359499627 42.320538165058 97
    vertex 54.74922952320228 46.76025947977316 89.79247042693356
    vertex 50.91168824543148 50.91168824543136 97
  endloop
endfacet
facet normal 0.179764 0.982817 -0.0418939
  outer loop
    vertex 6.207534136601101 71.73190726547658 -11.52843421975413
    vertex 11.63509882963538 71.05367320008598 -4.150254452643054
    vertex 19.02063582696942 69.44217315679145 -10.2646697428621
  endloop
endfacet
facet normal -0.533192 0.84577 -0.0194929
  outer loop
    vertex -33.72125375665487 63.61506932385824 77.41310100185649
    vertex -42.17290384674875 58.3562008798798 80.41715281237198
    vertex -37.61989665954825 61.39009183349468 87.51448665605339
  endloop
endfacet
facet normal 0.587571 0.808676 0.0283429
  outer loop
    vertex 46.76025947977329 54.74922952320217 87.21806763186933
    vertex 41.33242244163114 58.95448121310667 79.75764637828343
    vertex 37.61830981401646 61.39106422547725 87.23380486687341
  endloop
endfacet
facet normal 0.760043 0.649138 -0.0309108
  outer loop
    vertex 50.91168824543137 50.91168824543147 -20
    vertex 54.74922952320218 46.76025947977328 -12.82303371509475
    vertex 58.24922359499617 42.32053816505812 -20
  endloop
endfacet
facet normal -0.997855 0.0651488 -0.00639663
  outer loop
    vertex -72 0 85.3
    vertex -71.4219543584732 9.105187291657991 87.86163381422476
    vertex -71.31288048084542 9.923360193233693 79.17940990548841
  endloop
endfacet
facet normal 0.997786 0.0663643 0.00432661
  outer loop
    vertex 72 8.81745695386094e-15 -8.299999999999983
    vertex 71.38629320161579 9.380679236225001 -10.65618122661907
    vertex 71.31402216189906 9.915152197125808 -2.187393702369505
  endloop
endfacet
facet normal 0.620111 0.784431 -0.01139
  outer loop
    vertex 40.16162635565745 59.75821088744677 71.3684689147134
    vertex 41.33242244163114 58.95448121310667 79.75764637828343
    vertex 48.33807457930484 53.36132069172916 75.96749584433263
  endloop
endfacet
facet normal -0.744859 0.667195 0.00590874
  outer loop
    vertex -56.35521267945132 44.81171726070994 71.10813669896724
    vertex -56.84890687230521 44.18372763160631 79.78327537117418
    vertex -50.26996185626318 51.54542593644798 77.87019457085235
  endloop
endfacet
facet normal -0.588163 0.808114 0.0318682
  outer loop
    vertex -37.61989665954825 61.39009183349468 87.51448665605339
    vertex -42.17290384674875 58.3562008798798 80.41715281237198
    vertex -46.76025947977317 54.74922952320227 87.2180676318693
  endloop
endfacet
facet normal -0.883706 0.468042 0.000996135
  outer loop
    vertex -65.75436388286668 29.33195578817677 20.88141461906299
    vertex -65.80337800227481 29.22183162448473 29.14204222018775
    vertex -61.18984668221566 37.94473168974767 23.43852295191957
  endloop
endfacet
facet normal 0.382444 0.92348 -0.0303526
  outer loop
    vertex 22.87838879870892 68.26843579557914 54.75591300529528
    vertex 30.58882717466943 65.17916578231272 57.91645213525193
    vertex 33.72698322570209 63.61203190036622 49.77718310010718
  endloop
endfacet
facet normal -0.64955 0.760219 0.0123734
  outer loop
    vertex -41.83653919567784 58.59781555765123 3.564732450431251
    vertex -42.94033762943208 57.79383534833433 -4.9835301816738
    vertex -50.67493628108129 51.14734433876652 -2.657524115035983
  endloop
endfacet
facet normal -0.982538 0.185932 -0.00693844
  outer loop
    vertex -69.61225503857064 18.38841886745561 -10.2951732959864
    vertex -71.53315640994262 8.185812973106923 -11.68361393572707
    vertex -71.40823674107476 9.212150971983732 -1.870045897249113
  endloop
endfacet
facet normal 0.982561 0.185811 0.00690044
  outer loop
    vertex 69.61662061833199 18.37188432587229 87.2973468446072
    vertex 71.53315640994235 8.185812973109261 88.68361393572934
    vertex 71.4087864981001 9.207888513049967 78.87099736210729
  endloop
endfacet
facet normal 0.100394 0.994898 -0.00994533
  outer loop
    vertex 2.369536645663798 71.96099843724278 77.58782833230842
    vertex 11.64593906332393 71.05189725358039 80.2854006751715
    vertex 12.8427249963397 70.84535563230939 71.70466180329304
  endloop
endfacet
facet normal 0.624073 0.781279 -0.0116586
  outer loop
    vertex 40.6737808854914 59.4108032977087 43.25911340358243
    vertex 41.90976922902414 58.54546304514075 51.43119807931954
    vertex 48.1909469651585 53.49422988137394 49.15762502846394
  endloop
endfacet
facet normal -0.983017 0.182631 0.017985
  outer loop
    vertex -71.11356052284992 11.26328148289661 -20
    vertex -71.53315640994262 8.185812973106923 -11.68361393572707
    vertex -69.61225503857064 18.38841886745561 -10.2951732959864
  endloop
endfacet
facet normal 0.983039 0.182519 -0.0179427
  outer loop
    vertex 71.11356052284992 11.26328148289661 97
    vertex 71.53315640994235 8.185812973109261 88.68361393572934
    vertex 69.61662061833199 18.37188432587229 87.2973468446072
  endloop
endfacet
facet normal -0.583653 0.811209 -0.0359105
  outer loop
    vertex -46.7602594797733 54.74922952320217 -11.67524950972621
    vertex -42.94033762943208 57.79383534833433 -4.9835301816738
    vertex -37.61989665954842 61.39009183349458 -10.21806763186933
  endloop
endfacet
facet normal -0.279445 0.960094 -0.0113954
  outer loop
    vertex -25.16536533212496 67.45890888311702 71.25151280598428
    vertex -23.70558929593936 67.9856237459968 79.83110913099792
    vertex -15.9676897159106 70.20707147528945 77.24046692323502
  endloop
endfacet
facet normal 0.627617 0.778511 0.00428182
  outer loop
    vertex 41.90976922902414 58.54546304514075 51.43119807931954
    vertex 48.6334012032812 53.09229969968043 57.38195807076009
    vertex 48.1909469651585 53.49422988137394 49.15762502846394
  endloop
endfacet
facet normal 0.101776 0.994698 -0.014765
  outer loop
    vertex 5.64905489240499 71.77804802878521 87.8685357346772
    vertex 11.64593906332393 71.05189725358039 80.2854006751715
    vertex 2.369536645663798 71.96099843724278 77.58782833230842
  endloop
endfacet
facet normal -0.159765 0.987137 -0.0060443
  outer loop
    vertex -15.9676897159106 70.20707147528945 77.24046692323502
    vertex -7.186142674346014 71.64048683156713 79.22455473540501
    vertex -6.459553830453788 71.70965182115633 71.31491300107591
  endloop
endfacet
facet normal 0.111933 0.993613 0.0143225
  outer loop
    vertex 13.46793377698742 70.72916484575993 4.038330855340419
    vertex 11.63509882963538 71.05367320008598 -4.150254452643054
    vertex 3.913823319912033 71.89354621258096 -2.072736758814372
  endloop
endfacet
facet normal 0.453404 0.890506 -0.0377306
  outer loop
    vertex 27.55320713028636 66.5193263408127 -10.2180676318693
    vertex 32.68731598124728 64.15246974156253 -4.383909834964925
    vertex 37.59562688946019 61.40495777043169 -10.24726613417086
  endloop
endfacet
facet normal -0.821998 0.569277 0.0156154
  outer loop
    vertex -56.62335143068222 44.47241923661741 25.8457367928894
    vertex -61.18984668221566 37.94473168974767 23.43852295191957
    vertex -62.20311621874949 36.25978947369585 31.5262171236708
  endloop
endfacet
facet normal -0.821801 0.569773 0.00106822
  outer loop
    vertex -61.39009183349461 37.61989665954837 87.21806763186933
    vertex -56.84890687230521 44.18372763160631 79.78327537117418
    vertex -61.29059662683402 37.78177821551974 77.41629011175993
  endloop
endfacet
facet normal -0.892465 0.450797 0.0169513
  outer loop
    vertex -62.20311621874949 36.25978947369585 31.5262171236708
    vertex -65.80337800227481 29.22183162448473 29.14204222018775
    vertex -66.62871634835717 27.28761912974748 37.12681924946489
  endloop
endfacet
facet normal -0.888028 0.459528 -0.0155215
  outer loop
    vertex -61.18984668221566 37.94473168974767 23.43852295191957
    vertex -65.80337800227481 29.22183162448473 29.14204222018775
    vertex -62.20311621874949 36.25978947369585 31.5262171236708
  endloop
endfacet
facet normal 0.507428 0.861679 0.00514236
  outer loop
    vertex 40.49739580230676 59.53117614520401 -0.6859378428417244
    vertex 32.68731598124728 64.15246974156253 -4.383909834964925
    vertex 32.0939902952602 64.45134433762995 4.082290007473219
  endloop
endfacet
facet normal 0.720327 0.693618 -0.00485458
  outer loop
    vertex 48.1909469651585 53.49422988137394 49.15762502846394
    vertex 48.6334012032812 53.09229969968043 57.38195807076009
    vertex 55.01354112787079 46.44900744442306 54.88522322780086
  endloop
endfacet
facet normal -0.824453 0.565812 0.0115649
  outer loop
    vertex -56.45194927737844 44.68979103536167 3.127865889434958
    vertex -57.32738666596496 43.56111497713234 -4.060945809038088
    vertex -62.04352377292276 36.53219344412225 3.618956454834986
  endloop
endfacet
facet normal -0.944212 0.329329 -0.00257922
  outer loop
    vertex -66.56512084101882 27.44238851522516 67.79658691550652
    vertex -66.40317456813135 27.83196736262592 58.25415451283116
    vertex -69.26347286185441 19.6614172204131 62.1038339227794
  endloop
endfacet
facet normal -0.810377 0.585145 -0.0299084
  outer loop
    vertex -61.39009183349468 37.61989665954826 -10.21806763186933
    vertex -57.32738666596496 43.56111497713234 -4.060945809038088
    vertex -54.97266622036307 46.49737593267552 -10.41613754945976
  endloop
endfacet
facet normal 0.503356 0.86392 0.0165431
  outer loop
    vertex 37.59562688946019 61.40495777043169 -10.24726613417086
    vertex 32.68731598124728 64.15246974156253 -4.383909834964925
    vertex 40.49739580230676 59.53117614520401 -0.6859378428417244
  endloop
endfacet
facet normal 0.110757 0.993798 0.00987855
  outer loop
    vertex 3.913823319912033 71.89354621258096 -2.072736758814372
    vertex 11.63509882963538 71.05367320008598 -4.150254452643054
    vertex 6.207534136601101 71.73190726547658 -11.52843421975413
  endloop
endfacet
facet normal -0.647561 0.761663 0.0231134
  outer loop
    vertex -50.67493628108129 51.14734433876652 -2.657524115035983
    vertex -42.94033762943208 57.79383534833433 -4.9835301816738
    vertex -46.7602594797733 54.74922952320217 -11.67524950972621
  endloop
endfacet
facet normal -0.820679 0.571365 -0.00534323
  outer loop
    vertex -61.29059662683402 37.78177821551974 77.41629011175993
    vertex -56.84890687230521 44.18372763160631 79.78327537117418
    vertex -56.35521267945132 44.81171726070994 71.10813669896724
  endloop
endfacet
facet normal 0.808303 -0.588491 0.0179923
  outer loop
    vertex 61.36446120538784 -37.66169009713254 87.19682588605664
    vertex 54.68762309235726 -46.83229527268841 87.20195060513169
    vertex 57.46580163400448 -43.3783545395771 75.36365532842909
  endloop
endfacet
facet normal -0.943448 -0.331466 -0.00605942
  outer loop
    vertex -69.61662725354532 -18.37185918302582 -10.29734737183558
    vertex -66.0682428298835 -28.61795396899551 -2.29016608467856
    vertex -69.31559616826934 -19.47686134461622 3.278829184072691
  endloop
endfacet
facet normal -0.798845 -0.601307 -0.0166112
  outer loop
    vertex -60.69112355994474 -38.7374175834105 26.98340396079604
    vertex -53.03438917192863 -48.69654572103055 19.27478059750439
    vertex -55.00140402562341 -46.4633786460922 33.03179519439262
  endloop
endfacet
facet normal 0.837935 -0.545628 -0.0124777
  outer loop
    vertex 57.46580163400448 -43.3783545395771 75.36365532842909
    vertex 62.67723519136535 -35.43394119719501 77.94009644044844
    vertex 61.36446120538784 -37.66169009713254 87.19682588605664
  endloop
endfacet
facet normal -0.514419 -0.857522 0.00543905
  outer loop
    vertex -41.12795088506542 -59.09730667294109 45.01055188169553
    vertex -32.40119368107351 -64.29745444449229 50.52045148954473
    vertex -41.86899352216533 -58.57463086901085 57.32879838886067
  endloop
endfacet
facet normal -0.947033 -0.321014 0.00890442
  outer loop
    vertex -69.61662725354532 -18.37185918302582 -10.29734737183558
    vertex -66.51932634081263 -27.55320713028651 -11.88006764279825
    vertex -66.0682428298835 -28.61795396899551 -2.29016608467856
  endloop
endfacet
facet normal -0.723275 -0.69056 1.65127e-05
  outer loop
    vertex -48.71114781744925 -53.02097771926324 49.64797434957956
    vertex -48.70849309324718 -53.02341653067154 63.93687719341945
    vertex -55.21832529576693 -46.20537362180795 56.2166702128543
  endloop
endfacet
facet normal -0.972181 -0.2334 0.0196855
  outer loop
    vertex -71.11356052284992 -11.26328148289658 97
    vertex -69.757318784888 -17.83021244807563 86.11844362185505
    vertex -68.47606917325108 -22.24922359499618 97
  endloop
endfacet
facet normal -0.792027 -0.610483 0.00201636
  outer loop
    vertex -60.54023941513017 -38.97280348600442 14.98410549399421
    vertex -53.03438917192863 -48.69654572103055 19.27478059750439
    vertex -60.69112355994474 -38.7374175834105 26.98340396079604
  endloop
endfacet
facet normal -0.523354 -0.852036 -0.0115978
  outer loop
    vertex -41.86899352216533 -58.57463086901085 57.32879838886067
    vertex -32.40119368107351 -64.29745444449229 50.52045148954473
    vertex -33.93082167547301 -63.50353801503701 61.22006082008008
  endloop
endfacet
facet normal -0.6302 -0.776433 -1.54363e-05
  outer loop
    vertex -41.86899352216533 -58.57463086901085 57.32879838886067
    vertex -48.70849309324718 -53.02341653067154 63.93687719341945
    vertex -48.71114781744925 -53.02097771926324 49.64797434957956
  endloop
endfacet
facet normal 0.825498 -0.564233 -0.0138967
  outer loop
    vertex 55.45546289394546 -45.92049254111108 16.99815058724367
    vertex 62.10751064408279 -36.42330464956665 26.54159594823859
    vertex 56.70864168947179 -44.36361073825147 28.2275682064017
  endloop
endfacet
facet normal 0.8124 -0.582936 0.0138454
  outer loop
    vertex 61.05317725145508 -38.16424435911718 15.10699783364038
    vertex 62.10751064408279 -36.42330464956665 26.54159594823859
    vertex 55.45546289394546 -45.92049254111108 16.99815058724367
  endloop
endfacet
facet normal -0.982696 -0.184908 -0.0108897
  outer loop
    vertex -71.11356052284992 -11.26328148289658 97
    vertex -71.42826419425978 -9.055554880570631 87.91177789002063
    vertex -69.757318784888 -17.83021244807563 86.11844362185505
  endloop
endfacet
facet normal -0.714227 -0.69982 0.0114791
  outer loop
    vertex -55.00140402562341 -46.4633786460922 33.03179519439262
    vertex -53.03438917192863 -48.69654572103055 19.27478059750439
    vertex -48.25274673704429 -53.43849204768657 27.69644264560246
  endloop
endfacet
facet normal -0.808702 -0.588211 -0.0029675
  outer loop
    vertex -61.39009183349462 -37.61989665954836 -10.21806763186935
    vertex -54.86176323650238 -46.62817747437654 -3.716308716632938
    vertex -61.10370755385829 -38.08328929035099 3.589167132049553
  endloop
endfacet
facet normal -0.80786 -0.589352 0.0050397
  outer loop
    vertex -60.90322936570824 -38.40308129340578 73.67466236442689
    vertex -54.83846922725476 -46.65557086577586 80.78933169242777
    vertex -61.39009183349464 -37.6198966595483 87.21806763186935
  endloop
endfacet
facet normal -0.886303 -0.463098 0.00284104
  outer loop
    vertex -61.39009183349462 -37.61989665954836 -10.21806763186935
    vertex -61.10370755385829 -38.08328929035099 3.589167132049553
    vertex -66.0682428298835 -28.61795396899551 -2.29016608467856
  endloop
endfacet
facet normal -0.878742 -0.477295 -0.00168674
  outer loop
    vertex -60.69112355994474 -38.7374175834105 26.98340396079604
    vertex -65.59281040112158 -29.69146718642439 20.89589364612995
    vertex -60.54023941513017 -38.97280348600442 14.98410549399421
  endloop
endfacet
facet normal -0.713293 -0.700736 -0.0135398
  outer loop
    vertex -54.86176323650238 -46.62817747437654 -3.716308716632938
    vertex -46.76025947977309 -54.74922952320234 -10.21806763186929
    vertex -48.33146252201308 -53.36730956759245 1.03517528015584
  endloop
endfacet
facet normal -0.882936 -0.469471 -0.00459159
  outer loop
    vertex -65.74799543891028 -29.34622796485152 79.26895473627381
    vertex -60.90322936570824 -38.40308129340578 73.67466236442689
    vertex -61.39009183349464 -37.6198966595483 87.21806763186935
  endloop
endfacet
facet normal -0.711372 -0.702756 0.00913878
  outer loop
    vertex -54.83846922725476 -46.65557086577586 80.78933169242777
    vertex -47.80842659938082 -53.83636639012348 75.82514334758588
    vertex -46.76025947977334 -54.74922952320213 87.21806763186937
  endloop
endfacet
facet normal -0.810563 -0.585645 -0.0027058
  outer loop
    vertex -55.54864679473759 -45.8077268511928 69.10255605976761
    vertex -61.08924499048249 -38.10648431032191 62.01073748349321
    vertex -55.21832529576693 -46.20537362180795 56.2166702128543
  endloop
endfacet
facet normal 0.42531 -0.905039 0.00388764
  outer loop
    vertex 34.93576717575176 -62.95627190234239 79.16985993769623
    vertex 25.74944801941994 -67.23812851868492 87.34539072818107
    vertex 26.48792756626543 -66.95065117864259 73.47980460960203
  endloop
endfacet
facet normal -0.877977 -0.478701 0.00117384
  outer loop
    vertex -60.54023941513017 -38.97280348600442 14.98410549399421
    vertex -65.59281040112158 -29.69146718642439 20.89589364612995
    vertex -65.51623165148159 -29.86006346593058 9.418345007085094
  endloop
endfacet
facet normal 0.537637 -0.843176 0.000273787
  outer loop
    vertex 42.37245214657855 -58.21147051128249 -5.676458761281452
    vertex 34.9217090028888 -62.96407102719419 -11.08771959695542
    vertex 42.32053816505818 -58.24922359499614 -20
  endloop
endfacet
facet normal 0.636643 -0.771159 -0.000274864
  outer loop
    vertex 42.32053816505818 -58.24922359499614 -20
    vertex 49.15220705033088 -52.61236111486923 -11.21554934847917
    vertex 42.37245214657855 -58.21147051128249 -5.676458761281452
  endloop
endfacet
facet normal -0.980391 -0.196978 0.00570612
  outer loop
    vertex -69.31559616826934 -19.47686134461622 3.278829184072691
    vertex -71.40878530932518 -9.207897732202731 -1.870995472672845
    vertex -69.61662725354532 -18.37185918302582 -10.29734737183558
  endloop
endfacet
facet normal 0.980731 -0.195264 -0.00614855
  outer loop
    vertex 69.61275168822485 -18.38653861915146 3.588466773403439
    vertex 69.28929208365246 -19.57023256239686 -10.41387456097058
    vertex 71.41815708157364 -9.134924141539079 -2.248642403634705
  endloop
endfacet
facet normal -0.62252 -0.782604 -5.00264e-05
  outer loop
    vertex -41.13441195695247 -59.09280965528485 10.91473009646938
    vertex -48.32497280858648 -53.37318618041626 12.2110093840857
    vertex -48.33146252201308 -53.36730956759245 1.03517528015584
  endloop
endfacet
facet normal -0.61551 -0.788085 -0.0083327
  outer loop
    vertex -48.33146252201308 -53.36730956759245 1.03517528015584
    vertex -39.98547559827965 -59.87622016443075 0.1393602030028944
    vertex -41.13441195695247 -59.09280965528485 10.91473009646938
  endloop
endfacet
facet normal -0.70735 -0.706862 0.00151631
  outer loop
    vertex -54.86176323650238 -46.62817747437654 -3.716308716632938
    vertex -54.7492295232022 -46.76025947977326 -12.79292174736973
    vertex -46.76025947977309 -54.74922952320234 -10.21806763186929
  endloop
endfacet
facet normal -0.00045084 -0.999785 -0.0207414
  outer loop
    vertex 5.615302449558268 -71.7806964190233 -10.23253172852367
    vertex -1.556666919392734 -71.9831701726318 -0.3169194825836001
    vertex -5.681417178143009 -71.77549372068367 -10.23776614035629
  endloop
endfacet
facet normal -0.707303 -0.70691 -0.00120503
  outer loop
    vertex -46.76025947977334 -54.74922952320213 87.21806763186937
    vertex -54.74922952320228 -46.76025947977316 89.82303809086292
    vertex -54.83846922725476 -46.65557086577586 80.78933169242777
  endloop
endfacet
facet normal 0.312201 -0.950011 -0.00306896
  outer loop
    vertex 25.74944801941994 -67.23812851868492 87.34539072818107
    vertex 18.68854709643816 -69.53228176483361 79.2168984768646
    vertex 26.48792756626543 -66.95065117864259 73.47980460960203
  endloop
endfacet
facet normal 0.951648 -0.307163 0.00398273
  outer loop
    vertex 69.61275168822485 -18.38653861915146 3.588466773403439
    vertex 67.39277021741799 -25.34195182740072 -2.388787631115022
    vertex 69.28929208365246 -19.57023256239686 -10.41387456097058
  endloop
endfacet
facet normal 0.000665748 -0.999931 0.0117373
  outer loop
    vertex 5.00307908577223 -71.82596466224111 62.03567822300179
    vertex -5.806356339298897 -71.76549467579167 67.80039649236384
    vertex -3.817788048495552 -71.89870996350884 56.33863957644679
  endloop
endfacet
facet normal -0.388707 -0.921273 0.012789
  outer loop
    vertex -33.93082167547301 -63.50353801503701 61.22006082008008
    vertex -32.40119368107351 -64.29745444449229 50.52045148954473
    vertex -22.44132448827604 -68.41335363225444 56.7446527146561
  endloop
endfacet
facet normal 0.98061 -0.195619 0.0117081
  outer loop
    vertex 71.53649324124727 -8.156600685640072 67.75
    vertex 69.53992924451941 -18.66007075729437 59.47995240230135
    vertex 71.28703124999939 -10.1073822309048 56.05
  endloop
endfacet
facet normal -0.58771 -0.808913 -0.0159966
  outer loop
    vertex -37.61989665954817 -61.39009183349474 -10.21806763186932
    vertex -39.98547559827965 -59.87622016443075 0.1393602030028944
    vertex -46.76025947977309 -54.74922952320234 -10.21806763186929
  endloop
endfacet
facet normal -0.614193 -0.789077 0.0111452
  outer loop
    vertex -46.76025947977309 -54.74922952320234 -10.21806763186929
    vertex -39.98547559827965 -59.87622016443075 0.1393602030028944
    vertex -48.33146252201308 -53.36730956759245 1.03517528015584
  endloop
endfacet
facet normal -0.724778 -0.688977 0.002682
  outer loop
    vertex -55.21832529576693 -46.20537362180795 56.2166702128543
    vertex -48.70849309324718 -53.02341653067154 63.93687719341945
    vertex -55.54864679473759 -45.8077268511928 69.10255605976761
  endloop
endfacet
facet normal -0.223829 -0.974225 -0.0280264
  outer loop
    vertex -22.624946606708 -68.35284771714791 76.22458186588572
    vertex -9.695163914715975 -71.34426253502652 76.94721909832114
    vertex -14.99583853536994 -70.42105385906343 87.18865495866021
  endloop
endfacet
facet normal -0.810896 -0.585187 -0.00194834
  outer loop
    vertex -60.90322936570824 -38.40308129340578 73.67466236442689
    vertex -61.08924499048249 -38.10648431032191 62.01073748349321
    vertex -55.54864679473759 -45.8077268511928 69.10255605976761
  endloop
endfacet
facet normal 0.0490696 -0.998681 0.0150993
  outer loop
    vertex 5.615302449558268 -71.7806964190233 -10.23253172852367
    vertex 8.124001300434719 -71.54020270358852 -2.478804953183143
    vertex -1.556666919392734 -71.9831701726318 -0.3169194825836001
  endloop
endfacet
facet normal 0.899066 -0.437813 -0.000356737
  outer loop
    vertex 66.5237197147088 -27.54259819477573 87.21147736044793
    vertex 62.67723519136535 -35.43394119719501 77.94009644044844
    vertex 66.55275842329154 -27.47235603749699 74.1900059245184
  endloop
endfacet
facet normal 0.983195 -0.182474 -0.00561015
  outer loop
    vertex 69.71483088682935 -17.99562042333589 68.52020347014373
    vertex 69.53992924451941 -18.66007075729437 59.47995240230135
    vertex 71.53649324124727 -8.156600685640072 67.75
  endloop
endfacet
facet normal -0.879273 -0.476277 0.00629988
  outer loop
    vertex -61.10370755385829 -38.08328929035099 3.589167132049553
    vertex -60.54023941513017 -38.97280348600442 14.98410549399421
    vertex -65.51623165148159 -29.86006346593058 9.418345007085094
  endloop
endfacet
facet normal -0.394543 -0.918861 0.00542488
  outer loop
    vertex -31.53032224958822 -64.72896398705237 83.50029794108971
    vertex -24.67940672234681 -67.63820579992482 88.99213364040853
    vertex -32.68731598124755 -64.1524697415624 97
  endloop
endfacet
facet normal 0.945675 -0.325112 0.000355154
  outer loop
    vertex 66.55275842329154 -27.47235603749699 74.1900059245184
    vertex 69.38239427242162 -19.23755091029611 77.8955397196641
    vertex 66.5237197147088 -27.54259819477573 87.21147736044793
  endloop
endfacet
facet normal 0.000850821 -0.999927 0.0120843
  outer loop
    vertex 5.00307908577223 -71.82596466224111 62.03567822300179
    vertex 6.369510645844995 -71.71770586216815 70.8974648699363
    vertex -5.806356339298897 -71.76549467579167 67.80039649236384
  endloop
endfacet
facet normal 0.74276 -0.66923 -0.0209455
  outer loop
    vertex 54.68762309235726 -46.83229527268841 87.20195060513169
    vertex 49.69016750480623 -52.10457996514604 78.43910487573353
    vertex 57.46580163400448 -43.3783545395771 75.36365532842909
  endloop
endfacet
facet normal -0.879636 -0.475645 0.00148458
  outer loop
    vertex -60.69112355994474 -38.7374175834105 26.98340396079604
    vertex -65.69473038154345 -29.46527447855037 32.97672112388398
    vertex -65.59281040112158 -29.69146718642439 20.89589364612995
  endloop
endfacet
facet normal -0.627038 -0.778974 -0.00466878
  outer loop
    vertex -41.86899352216533 -58.57463086901085 57.32879838886067
    vertex -48.71114781744925 -53.02097771926324 49.64797434957956
    vertex -41.12795088506542 -59.09730667294109 45.01055188169553
  endloop
endfacet
facet normal 0.983111 -0.182764 -0.00951149
  outer loop
    vertex 69.71483088682935 -17.99562042333589 68.52020347014373
    vertex 71.53649324124727 -8.156600685640072 67.75
    vertex 71.28703125 -10.10738223090049 79.44999999999999
  endloop
endfacet
facet normal -0.495413 -0.868641 -0.00536478
  outer loop
    vertex -32.68731598124755 -64.1524697415624 97
    vertex -39.27665651548358 -60.34355187561236 88.77250018248725
    vertex -31.53032224958822 -64.72896398705237 83.50029794108971
  endloop
endfacet
facet normal -0.938684 -0.344775 -0.00146389
  outer loop
    vertex -65.59281040112158 -29.69146718642439 20.89589364612995
    vertex -65.69473038154345 -29.46527447855037 32.97672112388398
    vertex -69.18402755844264 -19.93916574966589 26.81503740815263
  endloop
endfacet
facet normal -0.274527 -0.961531 0.00964522
  outer loop
    vertex -14.99583853536994 -70.42105385906343 87.18865495866021
    vertex -24.67940672234681 -67.63820579992482 88.99213364040853
    vertex -22.624946606708 -68.35284771714791 76.22458186588572
  endloop
endfacet
facet normal 0.0784413 -0.996691 0.0213029
  outer loop
    vertex -2.050722872765087e-13 -72 97
    vertex 5.70730793626615 -71.7734396286024 86.58462093648677
    vertex 11.26328148289642 -71.11356052284995 97
  endloop
endfacet
facet normal -0.807557 -0.589789 -0.000143146
  outer loop
    vertex -54.86176323650238 -46.62817747437654 -3.716308716632938
    vertex -54.87622133788227 -46.61116102046542 7.737947477879231
    vertex -61.10370755385829 -38.08328929035099 3.589167132049553
  endloop
endfacet
facet normal -0.808422 -0.588569 0.00642677
  outer loop
    vertex -60.90322936570824 -38.40308129340578 73.67466236442689
    vertex -55.54864679473759 -45.8077268511928 69.10255605976761
    vertex -54.83846922725476 -46.65557086577586 80.78933169242777
  endloop
endfacet
facet normal -0.938998 -0.343924 3.07064e-05
  outer loop
    vertex -69.18402755844264 -19.93916574966589 26.81503740815263
    vertex -65.69473038154345 -29.46527447855037 32.97672112388398
    vertex -69.18546254234278 -19.93418603309613 38.70816455648895
  endloop
endfacet
facet normal 0.764567 -0.644042 0.025437
  outer loop
    vertex 54.74922952320227 -46.76025947977317 -10.21806763186937
    vertex 58.24338479710454 -42.32857341532326 -3.036667870348964
    vertex 51.02829046515929 -50.79481835978284 -0.5280829676421774
  endloop
endfacet
facet normal 0.00770417 -0.999817 -0.0175268
  outer loop
    vertex -4.548940532884969 -71.85615589515123 86.79488096463764
    vertex 5.70730793626615 -71.7734396286024 86.58462093648677
    vertex -2.050722872765087e-13 -72 97
  endloop
endfacet
facet normal -0.978011 -0.208555 -3.06804e-05
  outer loop
    vertex -71.29927660456931 -10.02063649001973 32.6772407167218
    vertex -69.18402755844264 -19.93916574966589 26.81503740815263
    vertex -69.18546254234278 -19.93418603309613 38.70816455648895
  endloop
endfacet
facet normal -0.0784419 -0.996699 0.0209168
  outer loop
    vertex -11.26328148289689 -71.11356052284987 97
    vertex -4.548940532884969 -71.85615589515123 86.79488096463764
    vertex -2.050722872765087e-13 -72 97
  endloop
endfacet
facet normal 0.946537 -0.322586 -0.00256162
  outer loop
    vertex 66.34421425077247 -27.97222256896293 51.32347589196722
    vertex 69.53992924451941 -18.66007075729437 59.47995240230135
    vertex 66.51320519513743 -27.56798024283867 62.86041559698977
  endloop
endfacet
facet normal -0.403575 -0.914352 -0.0329748
  outer loop
    vertex -22.44132448827604 -68.41335363225444 56.7446527146561
    vertex -26.26524278074665 -67.03832502135205 65.41727314663764
    vertex -33.93082167547301 -63.50353801503701 61.22006082008008
  endloop
endfacet
facet normal 0.978643 -0.205429 0.00748863
  outer loop
    vertex 71.28703125 -10.10738223090049 79.44999999999999
    vertex 69.38239427242162 -19.23755091029611 77.8955397196641
    vertex 69.71483088682935 -17.99562042333589 68.52020347014373
  endloop
endfacet
facet normal 0.387004 -0.921807 0.0223584
  outer loop
    vertex 32.92406131156347 -64.03129068473014 -0.6044949583418884
    vertex 23.30917178466409 -68.12255508062671 -2.856495086565573
    vertex 27.55320713028662 -66.51932634081258 -10.21806763186936
  endloop
endfacet
facet normal 0.158008 -0.987198 -0.0217427
  outer loop
    vertex 11.26328148289642 -71.11356052284995 97
    vertex 5.70730793626615 -71.7734396286024 86.58462093648677
    vertex 16.80806619762505 -70.01063426863276 87.2180676318693
  endloop
endfacet
facet normal -0.136733 -0.990446 -0.0178902
  outer loop
    vertex -14.99583853536994 -70.42105385906343 87.18865495866021
    vertex -4.548940532884969 -71.85615589515123 86.79488096463764
    vertex -11.26328148289689 -71.11356052284987 97
  endloop
endfacet
facet normal -0.135356 -0.99061 0.0192416
  outer loop
    vertex -9.695163914715975 -71.34426253502652 76.94721909832114
    vertex -4.548940532884969 -71.85615589515123 86.79488096463764
    vertex -14.99583853536994 -70.42105385906343 87.18865495866021
  endloop
endfacet
facet normal -0.226961 -0.973396 0.0314562
  outer loop
    vertex -22.624946606708 -68.35284771714791 76.22458186588572
    vertex -16.40368605376374 -70.10648389307195 66.8466022510799
    vertex -9.695163914715975 -71.34426253502652 76.94721909832114
  endloop
endfacet
facet normal -0.97797 -0.208747 -0.000361641
  outer loop
    vertex -69.18546254234278 -19.93418603309613 38.70816455648895
    vertex -71.29085143994989 -10.08040182567117 44.39134573476399
    vertex -71.29927660456931 -10.02063649001973 32.6772407167218
  endloop
endfacet
facet normal 0.939739 -0.341894 0.00016006
  outer loop
    vertex 69.17640282734895 -19.9656027173824 38.52255483664928
    vertex 65.83964372355646 -29.14002941582509 32.29164237457911
    vertex 69.16876903293173 -19.99203317496607 26.88541339023567
  endloop
endfacet
facet normal 0.977896 -0.209091 0.000290077
  outer loop
    vertex 71.2929021139791 -10.06588834463182 20.9715908505331
    vertex 69.16876903293173 -19.99203317496607 26.88541339023567
    vertex 69.18221228990153 -19.94546321033928 15.13420432510574
  endloop
endfacet
facet normal 0.643238 -0.765666 0.000363761
  outer loop
    vertex 42.37557193291953 -58.20919947360523 62.30471419485213
    vertex 50.0066018767435 -51.80096300978268 56.81708552965789
    vertex 50.04998223919436 -51.75905020241706 68.3283026063568
  endloop
endfacet
facet normal -0.718191 -0.695846 0.000127215
  outer loop
    vertex -54.86176323650238 -46.62817747437654 -3.716308716632938
    vertex -48.33146252201308 -53.36730956759245 1.03517528015584
    vertex -54.87622133788227 -46.61116102046542 7.737947477879231
  endloop
endfacet
facet normal 0.890749 -0.454177 0.0170212
  outer loop
    vertex 61.36446120538784 -37.66169009713254 87.19682588605664
    vertex 62.67723519136535 -35.43394119719501 77.94009644044844
    vertex 66.5237197147088 -27.54259819477573 87.21147736044793
  endloop
endfacet
facet normal -0.716966 -0.697073 -0.00700246
  outer loop
    vertex -55.54864679473759 -45.8077268511928 69.10255605976761
    vertex -47.80842659938082 -53.83636639012348 75.82514334758588
    vertex -54.83846922725476 -46.65557086577586 80.78933169242777
  endloop
endfacet
facet normal 0.940201 -0.340621 -0.000274298
  outer loop
    vertex 69.18221228990153 -19.94546321033928 15.13420432510574
    vertex 69.16876903293173 -19.99203317496607 26.88541339023567
    vertex 65.91317407130525 -28.9733236589421 20.68897960113794
  endloop
endfacet
facet normal -0.809479 -0.587149 0.000495496
  outer loop
    vertex -55.21832529576693 -46.20537362180795 56.2166702128543
    vertex -61.08924499048249 -38.10648431032191 62.01073748349321
    vertex -61.0454287456088 -38.17663721786925 50.4629201890618
  endloop
endfacet
facet normal -0.939475 -0.342618 0.000556038
  outer loop
    vertex -65.75557883638402 -29.32923203720284 67.74123063932825
    vertex -69.21166350112762 -19.84302485526539 73.57145374486329
    vertex -69.18607671103349 -19.93205431798208 61.94461832007927
  endloop
endfacet
facet normal -0.977942 -0.208876 0.000212631
  outer loop
    vertex -71.28948623221915 -10.09005216766677 56.06127399724127
    vertex -69.18607671103349 -19.93205431798208 61.94461832007927
    vertex -71.29445347142683 -10.05489454000162 67.75252677843486
  endloop
endfacet
facet normal 0.997978 -0.0635655 0
  outer loop
    vertex 72 8.81745695386094e-15 3.399999999999991
    vertex 71.41815708157364 -9.134924141539079 -2.248642403634705
    vertex 72 8.81745695386094e-15 -8.299999999999983
  endloop
endfacet
facet normal -0.939562 -0.342378 0.000113296
  outer loop
    vertex -65.75557883638402 -29.32923203720284 67.74123063932825
    vertex -65.74799543891028 -29.34622796485152 79.26895473627381
    vertex -69.21166350112762 -19.84302485526539 73.57145374486329
  endloop
endfacet
facet normal 0.646266 -0.763086 -0.00625701
  outer loop
    vertex 50.04998223919436 -51.75905020241706 68.3283026063568
    vertex 43.20949436377777 -57.59287800437357 73.27309003994013
    vertex 42.37557193291953 -58.20919947360523 62.30471419485213
  endloop
endfacet
facet normal -0.978034 -0.208444 -0.000556222
  outer loop
    vertex -69.18607671103349 -19.93205431798208 61.94461832007927
    vertex -69.21166350112762 -19.84302485526539 73.57145374486329
    vertex -71.29445347142683 -10.05489454000162 67.75252677843486
  endloop
endfacet
facet normal -0.806105 -0.591739 -0.00633139
  outer loop
    vertex -54.87622133788227 -46.61116102046542 7.737947477879231
    vertex -60.54023941513017 -38.97280348600442 14.98410549399421
    vertex -61.10370755385829 -38.08328929035099 3.589167132049553
  endloop
endfacet
facet normal -0.997538 -0.0701207 -0.000212957
  outer loop
    vertex -71.28948623221915 -10.09005216766677 56.06127399724127
    vertex -71.29445347142683 -10.05489454000162 67.75252677843486
    vertex -72 0 61.9
  endloop
endfacet
facet normal -0.383973 -0.923289 -0.0101066
  outer loop
    vertex -22.624946606708 -68.35284771714791 76.22458186588572
    vertex -24.67940672234681 -67.63820579992482 88.99213364040853
    vertex -31.53032224958822 -64.72896398705237 83.50029794108971
  endloop
endfacet
facet normal 0.977904 -0.209053 0.000222205
  outer loop
    vertex 71.2929021139791 -10.06588834463182 20.9715908505331
    vertex 69.18221228990153 -19.94546321033928 15.13420432510574
    vertex 71.28770024029801 -10.10266274055583 9.266898795351182
  endloop
endfacet
facet normal -0.977884 -0.209146 -5.85539e-05
  outer loop
    vertex -71.28948623221915 -10.09005216766677 56.06127399724127
    vertex -71.29085143994989 -10.08040182567117 44.39134573476399
    vertex -69.17868901402242 -19.95767988272117 50.32775368084043
  endloop
endfacet
facet normal -0.938584 -0.34504 -0.00270351
  outer loop
    vertex -69.31559616826934 -19.47686134461622 3.278829184072691
    vertex -65.51623165148159 -29.86006346593058 9.418345007085094
    vertex -69.19958141930239 -19.88511833993803 15.10620528632526
  endloop
endfacet
facet normal -0.979335 -0.20199 -0.0101865
  outer loop
    vertex -69.21166350112762 -19.84302485526539 73.57145374486329
    vertex -69.757318784888 -17.83021244807563 86.11844362185505
    vertex -71.30615236730716 -9.971591376022921 79.19364356440738
  endloop
endfacet
facet normal -0.977998 -0.208615 0.000336201
  outer loop
    vertex -69.19958141930239 -19.88511833993803 15.10620528632526
    vertex -69.18402755844264 -19.93916574966589 26.81503740815263
    vertex -71.29446207608751 -10.05483352827487 20.93727942952945
  endloop
endfacet
facet normal -0.978339 -0.206996 0.00245144
  outer loop
    vertex -71.29542359890856 -10.04801342814556 9.313451633534555
    vertex -69.31559616826934 -19.47686134461622 3.278829184072691
    vertex -69.19958141930239 -19.88511833993803 15.10620528632526
  endloop
endfacet
facet normal -0.881798 -0.471627 -0.000115263
  outer loop
    vertex -65.75557883638402 -29.32923203720284 67.74123063932825
    vertex -60.90322936570824 -38.40308129340578 73.67466236442689
    vertex -65.74799543891028 -29.34622796485152 79.26895473627381
  endloop
endfacet
facet normal -0.938466 -0.345372 -0.000347577
  outer loop
    vertex -65.59281040112158 -29.69146718642439 20.89589364612995
    vertex -69.18402755844264 -19.93916574966589 26.81503740815263
    vertex -69.19958141930239 -19.88511833993803 15.10620528632526
  endloop
endfacet
facet normal 0.977875 -0.209189 -3.1697e-05
  outer loop
    vertex 71.29006418598378 -10.08596789397585 44.36713816315164
    vertex 69.1778659408959 -19.96053265480243 50.20003336375633
    vertex 69.17640282734895 -19.9656027173824 38.52255483664928
  endloop
endfacet
facet normal -0.97791 -0.209028 0.000147425
  outer loop
    vertex -69.17868901402242 -19.95767988272117 50.32775368084043
    vertex -71.29085143994989 -10.08040182567117 44.39134573476399
    vertex -69.18546254234278 -19.93418603309613 38.70816455648895
  endloop
endfacet
facet normal -0.977982 -0.208689 0.000206817
  outer loop
    vertex -71.29446207608751 -10.05483352827487 20.93727942952945
    vertex -69.18402755844264 -19.93916574966589 26.81503740815263
    vertex -71.29927660456931 -10.02063649001973 32.6772407167218
  endloop
endfacet
facet normal -0.997556 -0.0698777 -0.00020555
  outer loop
    vertex -72 0 26.8
    vertex -71.29446207608751 -10.05483352827487 20.93727942952945
    vertex -71.29927660456931 -10.02063649001973 32.6772407167218
  endloop
endfacet
facet normal 0.978916 -0.204066 0.00895035
  outer loop
    vertex 69.18221228990153 -19.94546321033928 15.13420432510574
    vertex 69.61275168822485 -18.38653861915146 3.588466773403439
    vertex 71.28770024029801 -10.10266274055583 9.266898795351182
  endloop
endfacet
facet normal 0.643389 -0.765539 -8.65019e-05
  outer loop
    vertex 50.01695276814448 -51.79096867011858 45.35601309729329
    vertex 50.0066018767435 -51.80096300978268 56.81708552965789
    vertex 42.41594910576275 -58.17978395849666 50.94491066137433
  endloop
endfacet
facet normal 0.977864 -0.209241 5.95975e-05
  outer loop
    vertex 71.29006418598378 -10.08596789397585 44.36713816315164
    vertex 69.17640282734895 -19.9656027173824 38.52255483664928
    vertex 71.28866942008382 -10.09582152744422 32.65708148011377
  endloop
endfacet
facet normal -0.978164 -0.207836 0.000513057
  outer loop
    vertex -71.29445347142683 -10.05489454000162 67.75252677843486
    vertex -69.21166350112762 -19.84302485526539 73.57145374486329
    vertex -71.30615236730716 -9.971591376022921 79.19364356440738
  endloop
endfacet
facet normal 0.977839 -0.20936 -0.000182099
  outer loop
    vertex 71.28866942008382 -10.09582152744422 32.65708148011377
    vertex 69.16876903293173 -19.99203317496607 26.88541339023567
    vertex 71.2929021139791 -10.06588834463182 20.9715908505331
  endloop
endfacet
facet normal -0.940656 -0.339258 0.00835779
  outer loop
    vertex -69.31559616826934 -19.47686134461622 3.278829184072691
    vertex -66.0682428298835 -28.61795396899551 -2.29016608467856
    vertex -65.51623165148159 -29.86006346593058 9.418345007085094
  endloop
endfacet
facet normal -0.997549 -0.0699661 0.000360503
  outer loop
    vertex -71.29927660456931 -10.02063649001973 32.6772407167218
    vertex -71.29085143994989 -10.08040182567117 44.39134573476399
    vertex -72 0 38.5
  endloop
endfacet
facet normal -0.308641 -0.950897 -0.0231322
  outer loop
    vertex -22.46781541592678 -68.40465825099811 -0.7200618747492911
    vertex -27.55320713028636 -66.51932634081268 -10.36893011388359
    vertex -16.80806619762502 -70.01063426863276 -10.21806763186933
  endloop
endfacet
facet normal 0.941565 -0.336673 -0.0103472
  outer loop
    vertex 69.18221228990153 -19.94546321033928 15.13420432510574
    vertex 65.7445775085979 -29.35388438036717 8.446575183054648
    vertex 69.61275168822485 -18.38653861915146 3.588466773403439
  endloop
endfacet
facet normal 0.997533 -0.0702036 -0.000222761
  outer loop
    vertex 72 8.81745695386094e-15 15.09999999999999
    vertex 71.2929021139791 -10.06588834463182 20.9715908505331
    vertex 71.28770024029801 -10.10266274055583 9.266898795351182
  endloop
endfacet
facet normal 0.939907 -0.341429 0.00105093
  outer loop
    vertex 69.16876903293173 -19.99203317496607 26.88541339023567
    vertex 65.83964372355646 -29.14002941582509 32.29164237457911
    vertex 65.91317407130525 -28.9733236589421 20.68897960113794
  endloop
endfacet
facet normal -0.243087 -0.969851 -0.0172653
  outer loop
    vertex -22.44132448827604 -68.41335363225444 56.7446527146561
    vertex -13.00342735993192 -70.8160354502776 58.83061245768099
    vertex -16.40368605376374 -70.10648389307195 66.8466022510799
  endloop
endfacet
facet normal 0.433667 -0.901027 -0.00908877
  outer loop
    vertex 27.55320713028662 -66.51932634081258 -10.21806763186936
    vertex 34.9217090028888 -62.96407102719419 -11.08771959695542
    vertex 32.92406131156347 -64.03129068473014 -0.6044949583418884
  endloop
endfacet
facet normal -0.978043 -0.208401 -4.13724e-05
  outer loop
    vertex -71.29542359890856 -10.04801342814556 9.313451633534555
    vertex -69.19958141930239 -19.88511833993803 15.10620528632526
    vertex -71.29446207608751 -10.05483352827487 20.93727942952945
  endloop
endfacet
facet normal -0.939324 -0.343032 -0.000203577
  outer loop
    vertex -65.74179752686653 -29.3601099782764 56.18290138085675
    vertex -65.75557883638402 -29.32923203720284 67.74123063932825
    vertex -69.18607671103349 -19.93205431798208 61.94461832007927
  endloop
endfacet
facet normal -0.882726 -0.469888 -0.000494791
  outer loop
    vertex -61.0454287456088 -38.17663721786925 50.4629201890618
    vertex -61.08924499048249 -38.10648431032191 62.01073748349321
    vertex -65.74179752686653 -29.3601099782764 56.18290138085675
  endloop
endfacet
facet normal 0.0736719 -0.99707 -0.0205802
  outer loop
    vertex -0.06499948061105673 -71.99997066018514 76.89622348074657
    vertex 10.3985237641371 -71.24514512250414 77.78315584660216
    vertex 5.70730793626615 -71.7734396286024 86.58462093648677
  endloop
endfacet
facet normal -0.939252 -0.343227 0.00015981
  outer loop
    vertex -69.17868901402242 -19.95767988272117 50.32775368084043
    vertex -65.74179752686653 -29.3601099782764 56.18290138085675
    vertex -69.18607671103349 -19.93205431798208 61.94461832007927
  endloop
endfacet
facet normal 0.997529 -0.0702493 -5.97016e-05
  outer loop
    vertex 72 8.81745695386094e-15 38.5
    vertex 71.29006418598378 -10.08596789397585 44.36713816315164
    vertex 71.28866942008382 -10.09582152744422 32.65708148011377
  endloop
endfacet
facet normal -0.997568 -0.0697007 -0.000512551
  outer loop
    vertex -72 0 73.59999999999999
    vertex -71.29445347142683 -10.05489454000162 67.75252677843486
    vertex -71.30615236730716 -9.971591376022921 79.19364356440738
  endloop
endfacet
facet normal -0.997588 -0.0694146 0
  outer loop
    vertex -72 0 73.59999999999999
    vertex -71.30615236730716 -9.971591376022921 79.19364356440738
    vertex -72 0 85.3
  endloop
endfacet
facet normal 0.997521 -0.0703646 0
  outer loop
    vertex 72 8.81745695386094e-15 85.3
    vertex 71.28703125 -10.10738223090049 79.44999999999999
    vertex 72 8.81745695386094e-15 73.59999999999999
  endloop
endfacet
facet normal -0.0680086 -0.997551 -0.0163137
  outer loop
    vertex -9.695163914715975 -71.34426253502652 76.94721909832114
    vertex -0.06499948061105673 -71.99997066018514 76.89622348074657
    vertex -4.548940532884969 -71.85615589515123 86.79488096463764
  endloop
endfacet
facet normal 0.643212 -0.765688 0.000303527
  outer loop
    vertex 42.41594910576275 -58.17978395849666 50.94491066137433
    vertex 50.0066018767435 -51.80096300978268 56.81708552965789
    vertex 42.37557193291953 -58.20919947360523 62.30471419485213
  endloop
endfacet
facet normal -0.882502 -0.470308 0.00033739
  outer loop
    vertex -65.71883264958187 -29.41147794953957 44.64662963509737
    vertex -61.0454287456088 -38.17663721786925 50.4629201890618
    vertex -65.74179752686653 -29.3601099782764 56.18290138085675
  endloop
endfacet
facet normal 0.977863 -0.209244 -0.00012968
  outer loop
    vertex 71.28703124999939 -10.1073822309048 56.05
    vertex 69.1778659408959 -19.96053265480243 50.20003336375633
    vertex 71.29006418598378 -10.08596789397585 44.36713816315164
  endloop
endfacet
facet normal -0.8824 -0.470495 0.00210844
  outer loop
    vertex -65.75557883638402 -29.32923203720284 67.74123063932825
    vertex -61.08924499048249 -38.10648431032191 62.01073748349321
    vertex -60.90322936570824 -38.40308129340578 73.67466236442689
  endloop
endfacet
facet normal -0.608243 -0.793714 -0.00763743
  outer loop
    vertex -47.80842659938082 -53.83636639012348 75.82514334758588
    vertex -39.9186963145517 -59.92076171534035 79.80576518236805
    vertex -46.76025947977334 -54.74922952320213 87.21806763186937
  endloop
endfacet
facet normal -0.883491 -0.468379 -0.00803527
  outer loop
    vertex -66.0682428298835 -28.61795396899551 -2.29016608467856
    vertex -61.10370755385829 -38.08328929035099 3.589167132049553
    vertex -65.51623165148159 -29.86006346593058 9.418345007085094
  endloop
endfacet
facet normal -0.941921 -0.335588 0.0128725
  outer loop
    vertex -65.74799543891028 -29.34622796485152 79.26895473627381
    vertex -69.757318784888 -17.83021244807563 86.11844362185505
    vertex -69.21166350112762 -19.84302485526539 73.57145374486329
  endloop
endfacet
facet normal -0.939152 -0.343502 -0.000340015
  outer loop
    vertex -69.17868901402242 -19.95767988272117 50.32775368084043
    vertex -65.71883264958187 -29.41147794953957 44.64662963509737
    vertex -65.74179752686653 -29.3601099782764 56.18290138085675
  endloop
endfacet
facet normal -0.977896 -0.20909 -0.000160659
  outer loop
    vertex -71.28948623221915 -10.09005216766677 56.06127399724127
    vertex -69.17868901402242 -19.95767988272117 50.32775368084043
    vertex -69.18607671103349 -19.93205431798208 61.94461832007927
  endloop
endfacet
facet normal 0.0116102 -0.999919 -0.0052084
  outer loop
    vertex -3.817788048495552 -71.89870996350884 56.33863957644679
    vertex 5.917335314338189 -71.75642927834193 50.72412043083727
    vertex 5.00307908577223 -71.82596466224111 62.03567822300179
  endloop
endfacet
facet normal 0.883412 -0.468591 0.00240042
  outer loop
    vertex 65.91317407130525 -28.9733236589421 20.68897960113794
    vertex 61.05317725145508 -38.16424435911718 15.10699783364038
    vertex 65.7445775085979 -29.35388438036717 8.446575183054648
  endloop
endfacet
facet normal 0.977837 -0.209369 -0.000165925
  outer loop
    vertex 69.17640282734895 -19.9656027173824 38.52255483664928
    vertex 69.16876903293173 -19.99203317496607 26.88541339023567
    vertex 71.28866942008382 -10.09582152744422 32.65708148011377
  endloop
endfacet
facet normal -0.118767 -0.992922 0.000479043
  outer loop
    vertex -13.3662316610688 -70.74845476180128 16.60628493217499
    vertex -3.656491463426347 -71.90709332310611 22.35852104620415
    vertex -13.44462190863323 -70.73359980754478 27.9615547806974
  endloop
endfacet
facet normal -0.997549 -0.069973 4.14617e-05
  outer loop
    vertex -71.29542359890856 -10.04801342814556 9.313451633534555
    vertex -71.29446207608751 -10.05483352827487 20.93727942952945
    vertex -72 0 15.09999999999999
  endloop
endfacet
facet normal -0.882283 -0.470719 -0.000457758
  outer loop
    vertex -65.71883264958187 -29.41147794953957 44.64662963509737
    vertex -61.00514317505269 -38.24097940941525 38.98047759977839
    vertex -61.0454287456088 -38.17663721786925 50.4629201890618
  endloop
endfacet
facet normal -0.808921 -0.587918 0.000456355
  outer loop
    vertex -61.00514317505269 -38.24097940941525 38.98047759977839
    vertex -55.18118308021182 -46.24972468964702 44.76685201790789
    vertex -61.0454287456088 -38.17663721786925 50.4629201890618
  endloop
endfacet
facet normal 0.758184 -0.651765 -0.018988
  outer loop
    vertex 51.02829046515929 -50.79481835978284 -0.5280829676421774
    vertex 58.24338479710454 -42.32857341532326 -3.036667870348964
    vertex 56.66143297035148 -44.42389012396783 5.718502746802429
  endloop
endfacet
facet normal 0.828353 -0.560152 -0.00779849
  outer loop
    vertex 62.14602640183368 -36.35754945623524 68.20323603402754
    vertex 57.46580163400448 -43.3783545395771 75.36365532842909
    vertex 56.50356223788946 -44.62451629350117 62.66456538324375
  endloop
endfacet
facet normal -0.997551 -0.0699492 0
  outer loop
    vertex -72 0 3.399999999999991
    vertex -71.29542359890856 -10.04801342814556 9.313451633534555
    vertex -72 0 15.09999999999999
  endloop
endfacet
facet normal 0.745119 -0.666872 0.00898075
  outer loop
    vertex 57.46580163400448 -43.3783545395771 75.36365532842909
    vertex 50.04998223919436 -51.75905020241706 68.3283026063568
    vertex 56.50356223788946 -44.62451629350117 62.66456538324375
  endloop
endfacet
facet normal 0.741473 -0.670982 -0.00035119
  outer loop
    vertex 50.04998223919436 -51.75905020241706 68.3283026063568
    vertex 50.0066018767435 -51.80096300978268 56.81708552965789
    vertex 56.50356223788946 -44.62451629350117 62.66456538324375
  endloop
endfacet
facet normal -0.808192 -0.588916 -0.00165928
  outer loop
    vertex -61.00514317505269 -38.24097940941525 38.98047759977839
    vertex -55.00140402562341 -46.4633786460922 33.03179519439262
    vertex -55.18118308021182 -46.24972468964702 44.76685201790789
  endloop
endfacet
facet normal -0.882919 -0.469526 0.000201605
  outer loop
    vertex -65.74179752686653 -29.3601099782764 56.18290138085675
    vertex -61.08924499048249 -38.10648431032191 62.01073748349321
    vertex -65.75557883638402 -29.32923203720284 67.74123063932825
  endloop
endfacet
facet normal -0.809191 -0.587546 -0.000349078
  outer loop
    vertex -55.18118308021182 -46.24972468964702 44.76685201790789
    vertex -55.21832529576693 -46.20537362180795 56.2166702128543
    vertex -61.0454287456088 -38.17663721786925 50.4629201890618
  endloop
endfacet
facet normal 0.147021 -0.989116 0.00580263
  outer loop
    vertex 5.00307908577223 -71.82596466224111 62.03567822300179
    vertex 5.917335314338189 -71.75642927834193 50.72412043083727
    vertex 15.68181885317287 -70.27147755281848 56.44584677255263
  endloop
endfacet
facet normal 0.282642 -0.959223 0.0020041
  outer loop
    vertex 15.33525091873332 -70.347921641364 68.73449508220338
    vertex 15.68181885317287 -70.27147755281848 56.44584677255263
    vertex 25.08569617965917 -67.48857567901277 62.18067462172025
  endloop
endfacet
facet normal 0.997534 -0.0701789 0.000181557
  outer loop
    vertex 71.28866942008382 -10.09582152744422 32.65708148011377
    vertex 71.2929021139791 -10.06588834463182 20.9715908505331
    vertex 72 8.81745695386094e-15 26.8
  endloop
endfacet
facet normal 0.997527 -0.0702896 0.000130125
  outer loop
    vertex 71.28703124999939 -10.1073822309048 56.05
    vertex 71.29006418598378 -10.08596789397585 44.36713816315164
    vertex 72 8.81745695386094e-15 50.2
  endloop
endfacet
facet normal -0.719262 -0.694738 0.00162975
  outer loop
    vertex -55.00140402562341 -46.4633786460922 33.03179519439262
    vertex -48.23559473743214 -53.45397459802413 39.01856286467689
    vertex -55.18118308021182 -46.24972468964702 44.76685201790789
  endloop
endfacet
facet normal 0.997524 -0.0703315 0
  outer loop
    vertex 72 8.81745695386094e-15 15.09999999999999
    vertex 71.28770024029801 -10.10266274055583 9.266898795351182
    vertex 72 8.81745695386094e-15 3.399999999999991
  endloop
endfacet
facet normal 0.824053 -0.566511 0.00134099
  outer loop
    vertex 61.84205851408874 -36.87220902983742 57.11755655601181
    vertex 56.50356223788946 -44.62451629350117 62.66456538324375
    vertex 56.65182583155691 -44.4361410335207 51.1354446977227
  endloop
endfacet
facet normal -0.997532 -0.0702094 5.86374e-05
  outer loop
    vertex -72 0 50.2
    vertex -71.29085143994989 -10.08040182567117 44.39134573476399
    vertex -71.28948623221915 -10.09005216766677 56.06127399724127
  endloop
endfacet
facet normal -0.117735 -0.993045 0.000331182
  outer loop
    vertex -3.57454668908601 -71.91121342299505 11.04088227997316
    vertex -13.3662316610688 -70.74845476180128 16.60628493217499
    vertex -13.31226755597767 -70.75862867889728 5.2842086824311
  endloop
endfacet
facet normal 0.997733 -0.0670548 0.00566796
  outer loop
    vertex 71.28770024029801 -10.10266274055583 9.266898795351182
    vertex 71.41815708157364 -9.134924141539079 -2.248642403634705
    vertex 72 8.81745695386094e-15 3.399999999999991
  endloop
endfacet
facet normal -0.99753 -0.0702433 0
  outer loop
    vertex -72 0 50.2
    vertex -71.28948623221915 -10.09005216766677 56.06127399724127
    vertex -72 0 61.9
  endloop
endfacet
facet normal 0.997521 -0.0703646 0
  outer loop
    vertex 72 8.81745695386094e-15 61.9
    vertex 71.28703124999939 -10.1073822309048 56.05
    vertex 72 8.81745695386094e-15 50.2
  endloop
endfacet
facet normal -0.118198 -0.99299 -0.000494317
  outer loop
    vertex -3.57454668908601 -71.91121342299505 11.04088227997316
    vertex -3.656491463426347 -71.90709332310611 22.35852104620415
    vertex -13.3662316610688 -70.74845476180128 16.60628493217499
  endloop
endfacet
facet normal -0.718624 -0.695399 0.000137722
  outer loop
    vertex -55.00140402562341 -46.4633786460922 33.03179519439262
    vertex -48.25274673704429 -53.43849204768657 27.69644264560246
    vertex -48.23559473743214 -53.45397459802413 39.01856286467689
  endloop
endfacet
facet normal 0.142961 -0.989726 -0.00212498
  outer loop
    vertex 15.33525091873332 -70.347921641364 68.73449508220338
    vertex 5.00307908577223 -71.82596466224111 62.03567822300179
    vertex 15.68181885317287 -70.27147755281848 56.44584677255263
  endloop
endfacet
facet normal -0.795174 -0.606132 0.0173843
  outer loop
    vertex -54.87622133788227 -46.61116102046542 7.737947477879231
    vertex -53.03438917192863 -48.69654572103055 19.27478059750439
    vertex -60.54023941513017 -38.97280348600442 14.98410549399421
  endloop
endfacet
facet normal -0.997564 -0.0697577 0
  outer loop
    vertex -72 0 26.8
    vertex -71.29927660456931 -10.02063649001973 32.6772407167218
    vertex -72 0 38.5
  endloop
endfacet
facet normal 0.283917 -0.958849 -0.000269086
  outer loop
    vertex 25.08569617965917 -67.48857567901277 62.18067462172025
    vertex 15.68181885317287 -70.27147755281848 56.44584677255263
    vertex 25.12760719547408 -67.47298241985423 50.83745211312689
  endloop
endfacet
facet normal 0.74248 -0.669868 8.64184e-05
  outer loop
    vertex 56.65182583155691 -44.4361410335207 51.1354446977227
    vertex 50.0066018767435 -51.80096300978268 56.81708552965789
    vertex 50.01695276814448 -51.79096867011858 45.35601309729329
  endloop
endfacet
facet normal -0.938305 -0.345806 -0.0011808
  outer loop
    vertex -65.51623165148159 -29.86006346593058 9.418345007085094
    vertex -65.59281040112158 -29.69146718642439 20.89589364612995
    vertex -69.19958141930239 -19.88511833993803 15.10620528632526
  endloop
endfacet
facet normal 0.939795 -0.341732 -0.00231951
  outer loop
    vertex 69.18221228990153 -19.94546321033928 15.13420432510574
    vertex 65.91317407130525 -28.9733236589421 20.68897960113794
    vertex 65.7445775085979 -29.35388438036717 8.446575183054648
  endloop
endfacet
facet normal -0.617831 -0.786311 -0.00013929
  outer loop
    vertex -48.25274673704429 -53.43849204768657 27.69644264560246
    vertex -40.51620287302238 -59.51837787399865 33.44657088500356
    vertex -48.23559473743214 -53.45397459802413 39.01856286467689
  endloop
endfacet
facet normal -0.252766 -0.967527 -0.000479229
  outer loop
    vertex -13.3662316610688 -70.74845476180128 16.60628493217499
    vertex -13.44462190863323 -70.73359980754478 27.9615547806974
    vertex -22.90857270209306 -68.25831302305176 22.22950722446116
  endloop
endfacet
facet normal 0.997527 -0.0702837 0
  outer loop
    vertex 72 8.81745695386094e-15 38.5
    vertex 71.28866942008382 -10.09582152744422 32.65708148011377
    vertex 72 8.81745695386094e-15 26.8
  endloop
endfacet
facet normal -0.997547 -0.0699973 0
  outer loop
    vertex -72 0 61.9
    vertex -71.29445347142683 -10.05489454000162 67.75252677843486
    vertex -72 0 73.59999999999999
  endloop
endfacet
facet normal -0.617661 -0.786444 -0.000508982
  outer loop
    vertex -48.25274673704429 -53.43849204768657 27.69644264560246
    vertex -40.44658986818637 -59.56570630853564 22.09825705912888
    vertex -40.51620287302238 -59.51837787399865 33.44657088500356
  endloop
endfacet
facet normal 0.411835 -0.911258 0.000268966
  outer loop
    vertex 34.05965028326761 -63.43453493627512 56.56454675610713
    vertex 25.08569617965917 -67.48857567901277 62.18067462172025
    vertex 25.12760719547408 -67.47298241985423 50.83745211312689
  endloop
endfacet
facet normal 0.997542 -0.0700743 0
  outer loop
    vertex 72 8.81745695386094e-15 26.8
    vertex 71.2929021139791 -10.06588834463182 20.9715908505331
    vertex 72 8.81745695386094e-15 15.09999999999999
  endloop
endfacet
facet normal 0.824813 -0.565394 0.00363252
  outer loop
    vertex 61.84205851408874 -36.87220902983742 57.11755655601181
    vertex 62.14602640183368 -36.35754945623524 68.20323603402754
    vertex 56.50356223788946 -44.62451629350117 62.66456538324375
  endloop
endfacet
facet normal -0.997547 -0.0699969 0
  outer loop
    vertex -72 0 15.09999999999999
    vertex -71.29446207608751 -10.05483352827487 20.93727942952945
    vertex -72 0 26.8
  endloop
endfacet
facet normal 0.415717 -0.909456 -0.00829374
  outer loop
    vertex 34.00630210893869 -63.46315007053772 67.90728904096947
    vertex 26.48792756626543 -66.95065117864259 73.47980460960203
    vertex 25.08569617965917 -67.48857567901277 62.18067462172025
  endloop
endfacet
facet normal -0.997535 -0.0701758 0
  outer loop
    vertex -72 0 38.5
    vertex -71.29085143994989 -10.08040182567117 44.39134573476399
    vertex -72 0 50.2
  endloop
endfacet
facet normal -0.505514 -0.862818 -0.00135958
  outer loop
    vertex -40.51620287302238 -59.51837787399865 33.44657088500356
    vertex -32.01136463065797 -64.49242230280282 27.84285487183656
    vertex -32.21665897707089 -64.39011480309006 39.24815452967834
  endloop
endfacet
facet normal -0.508528 -0.861034 0.00445051
  outer loop
    vertex -40.51620287302238 -59.51837787399865 33.44657088500356
    vertex -32.21665897707089 -64.39011480309006 39.24815452967834
    vertex -41.12795088506542 -59.09730667294109 45.01055188169553
  endloop
endfacet
facet normal 0.997532 -0.0702147 0
  outer loop
    vertex 72 8.81745695386094e-15 50.2
    vertex 71.29006418598378 -10.08596789397585 44.36713816315164
    vertex 72 8.81745695386094e-15 38.5
  endloop
endfacet
facet normal 0.424286 -0.90551 0.00573795
  outer loop
    vertex 34.00630210893869 -63.46315007053772 67.90728904096947
    vertex 34.93576717575176 -62.95627190234239 79.16985993769623
    vertex 26.48792756626543 -66.95065117864259 73.47980460960203
  endloop
endfacet
facet normal -0.619637 -0.784878 -0.0042003
  outer loop
    vertex -40.51620287302238 -59.51837787399865 33.44657088500356
    vertex -41.12795088506542 -59.09730667294109 45.01055188169553
    vertex -48.23559473743214 -53.45397459802413 39.01856286467689
  endloop
endfacet
facet normal 0.284254 -0.958749 0.000346952
  outer loop
    vertex 25.12760719547408 -67.47298241985423 50.83745211312689
    vertex 15.68181885317287 -70.27147755281848 56.44584677255263
    vertex 15.73808207223146 -70.25889817444981 45.11124036322396
  endloop
endfacet
facet normal 0.411506 -0.911407 -0.000363839
  outer loop
    vertex 34.05965028326761 -63.43453493627512 56.56454675610713
    vertex 34.00630210893869 -63.46315007053772 67.90728904096947
    vertex 25.08569617965917 -67.48857567901277 62.18067462172025
  endloop
endfacet
facet normal -0.383627 -0.923487 0.00137859
  outer loop
    vertex -32.01136463065797 -64.49242230280282 27.84285487183656
    vertex -22.99625727805438 -68.22882199775643 33.58731846629995
    vertex -32.21665897707089 -64.39011480309006 39.24815452967834
  endloop
endfacet
facet normal -0.499657 -0.866194 0.00716628
  outer loop
    vertex -32.67530175631492 -64.1585898780028 72.6100319623733
    vertex -31.53032224958822 -64.72896398705237 83.50029794108971
    vertex -39.9186963145517 -59.92076171534035 79.80576518236805
  endloop
endfacet
facet normal 0.741903 -0.670505 -0.00141462
  outer loop
    vertex 56.50356223788946 -44.62451629350117 62.66456538324375
    vertex 50.0066018767435 -51.80096300978268 56.81708552965789
    vertex 56.65182583155691 -44.4361410335207 51.1354446977227
  endloop
endfacet
facet normal 0.980845 -0.194721 -0.00525209
  outer loop
    vertex 69.61275168822485 -18.38653861915146 3.588466773403439
    vertex 71.41815708157364 -9.134924141539079 -2.248642403634705
    vertex 71.28770024029801 -10.10266274055583 9.266898795351182
  endloop
endfacet
facet normal -0.381519 -0.924361 -0.000454105
  outer loop
    vertex -31.93888994208079 -64.52834500642064 16.49590671406447
    vertex -22.83689365936327 -68.28232778685077 10.89166052374804
    vertex -22.90857270209306 -68.25831302305176 22.22950722446116
  endloop
endfacet
facet normal -0.381486 -0.924375 -0.000392216
  outer loop
    vertex -31.93888994208079 -64.52834500642064 16.49590671406447
    vertex -31.99531070251171 -64.50038831704612 5.484824274332524
    vertex -22.83689365936327 -68.28232778685077 10.89166052374804
  endloop
endfacet
facet normal -0.382576 -0.923924 -0.000554556
  outer loop
    vertex -32.01136463065797 -64.49242230280282 27.84285487183656
    vertex -22.90857270209306 -68.25831302305176 22.22950722446116
    vertex -22.99625727805438 -68.22882199775643 33.58731846629995
  endloop
endfacet
facet normal -0.253352 -0.967374 0.000555895
  outer loop
    vertex -22.90857270209306 -68.25831302305176 22.22950722446116
    vertex -13.44462190863323 -70.73359980754478 27.9615547806974
    vertex -22.99625727805438 -68.22882199775643 33.58731846629995
  endloop
endfacet
facet normal -0.25398 -0.967209 0.00077557
  outer loop
    vertex -13.51273859588637 -70.72061860334115 39.29277414252898
    vertex -13.39006616066498 -70.74394764368903 50.37147055469097
    vertex -23.03626047785021 -68.21532601400243 44.90960333865076
  endloop
endfacet
facet normal -0.382028 -0.924151 0.000485647
  outer loop
    vertex -32.01136463065797 -64.49242230280282 27.84285487183656
    vertex -31.93888994208079 -64.52834500642064 16.49590671406447
    vertex -22.90857270209306 -68.25831302305176 22.22950722446116
  endloop
endfacet
facet normal 0.540549 -0.841285 -0.00674735
  outer loop
    vertex 34.00630210893869 -63.46315007053772 67.90728904096947
    vertex 43.20949436377777 -57.59287800437357 73.27309003994013
    vertex 34.93576717575176 -62.95627190234239 79.16985993769623
  endloop
endfacet
facet normal -0.254268 -0.967134 0.000254445
  outer loop
    vertex -22.99625727805438 -68.22882199775643 33.58731846629995
    vertex -13.51273859588637 -70.72061860334115 39.29277414252898
    vertex -23.03626047785021 -68.21532601400243 44.90960333865076
  endloop
endfacet
facet normal -0.380497 -0.924779 -0.00235144
  outer loop
    vertex -31.99531070251171 -64.50038831704612 5.484824274332524
    vertex -22.46781541592678 -68.40465825099811 -0.7200618747492911
    vertex -22.83689365936327 -68.28232778685077 10.89166052374804
  endloop
endfacet
facet normal 0.287519 -0.957724 0.00991362
  outer loop
    vertex 26.48792756626543 -66.95065117864259 73.47980460960203
    vertex 15.33525091873332 -70.347921641364 68.73449508220338
    vertex 25.08569617965917 -67.48857567901277 62.18067462172025
  endloop
endfacet
facet normal -0.382619 -0.92387 -0.00815965
  outer loop
    vertex -32.67530175631492 -64.1585898780028 72.6100319623733
    vertex -22.624946606708 -68.35284771714791 76.22458186588572
    vertex -31.53032224958822 -64.72896398705237 83.50029794108971
  endloop
endfacet
facet normal -0.384484 -0.923132 -0.000258075
  outer loop
    vertex -22.99625727805438 -68.22882199775643 33.58731846629995
    vertex -23.03626047785021 -68.21532601400243 44.90960333865076
    vertex -32.21665897707089 -64.39011480309006 39.24815452967834
  endloop
endfacet
facet normal 0.0161843 -0.999869 0.000273393
  outer loop
    vertex -3.718301872977594 -71.90392361464993 33.68246217066996
    vertex 6.066368183114949 -71.74398356006509 39.39403498833033
    vertex -3.763705003658952 -71.90156135053975 45.00963845362138
  endloop
endfacet
facet normal 0.154333 -0.988018 0.00137438
  outer loop
    vertex 6.192318316403393 -71.73322238592336 16.74996188648319
    vertex 6.414112952605665 -71.71373058927568 5.85634768517815
    vertex 15.86960976121821 -70.22930646123916 11.19812483347818
  endloop
endfacet
facet normal 0.153211 -0.988193 0.000368818
  outer loop
    vertex 6.131212944862485 -71.73847104465463 28.07079512486089
    vertex 6.192318316403393 -71.73322238592336 16.74996188648319
    vertex 15.8497844583752 -70.23378341384613 22.45840207006979
  endloop
endfacet
facet normal -0.119571 -0.992826 -0.000320929
  outer loop
    vertex -3.763705003658952 -71.90156135053975 45.00963845362138
    vertex -3.817788048495552 -71.89870996350884 56.33863957644679
    vertex -13.39006616066498 -70.74394764368903 50.37147055469097
  endloop
endfacet
facet normal 0.0165725 -0.999863 -0.00039186
  outer loop
    vertex -3.718301872977594 -71.90392361464993 33.68246217066996
    vertex 6.131212944862485 -71.73847104465463 28.07079512486089
    vertex 6.066368183114949 -71.74398356006509 39.39403498833033
  endloop
endfacet
facet normal -0.119814 -0.992796 -0.000763911
  outer loop
    vertex -13.51273859588637 -70.72061860334115 39.29277414252898
    vertex -3.763705003658952 -71.90156135053975 45.00963845362138
    vertex -13.39006616066498 -70.74394764368903 50.37147055469097
  endloop
endfacet
facet normal 0.150549 -0.988603 -0.000349872
  outer loop
    vertex 15.68181885317287 -70.27147755281848 56.44584677255263
    vertex 5.917335314338189 -71.75642927834193 50.72412043083727
    vertex 15.73808207223146 -70.25889817444981 45.11124036322396
  endloop
endfacet
facet normal -0.251691 -0.967801 -0.00354129
  outer loop
    vertex -13.39006616066498 -70.74394764368903 50.37147055469097
    vertex -22.44132448827604 -68.41335363225444 56.7446527146561
    vertex -23.03626047785021 -68.21532601400243 44.90960333865076
  endloop
endfacet
facet normal -0.119247 -0.992864 -0.000372984
  outer loop
    vertex -13.44462190863323 -70.73359980754478 27.9615547806974
    vertex -3.656491463426347 -71.90709332310611 22.35852104620415
    vertex -3.718301872977594 -71.90392361464993 33.68246217066996
  endloop
endfacet
facet normal 0.153495 -0.988149 -0.000122627
  outer loop
    vertex 6.192318316403393 -71.73322238592336 16.74996188648319
    vertex 15.86960976121821 -70.22930646123916 11.19812483347818
    vertex 15.8497844583752 -70.23378341384613 22.45840207006979
  endloop
endfacet
facet normal -0.120097 -0.992762 -0.000274349
  outer loop
    vertex -13.51273859588637 -70.72061860334115 39.29277414252898
    vertex -3.718301872977594 -71.90392361464993 33.68246217066996
    vertex -3.763705003658952 -71.90156135053975 45.00963845362138
  endloop
endfacet
facet normal -0.250388 -0.968143 0.00224091
  outer loop
    vertex -22.46781541592678 -68.40465825099811 -0.7200618747492911
    vertex -13.31226755597767 -70.75862867889728 5.2842086824311
    vertex -22.83689365936327 -68.28232778685077 10.89166052374804
  endloop
endfacet
facet normal -0.51233 -0.858731 -0.00998538
  outer loop
    vertex -41.39407349189332 -58.91121013650742 68.68415271880775
    vertex -32.67530175631492 -64.1585898780028 72.6100319623733
    vertex -39.9186963145517 -59.92076171534035 79.80576518236805
  endloop
endfacet
facet normal 0.0174409 -0.999848 -0.000369418
  outer loop
    vertex 6.131212944862485 -71.73847104465463 28.07079512486089
    vertex -3.656491463426347 -71.90709332310611 22.35852104620415
    vertex 6.192318316403393 -71.73322238592336 16.74996188648319
  endloop
endfacet
facet normal 0.0147995 -0.99989 0.000322312
  outer loop
    vertex -3.763705003658952 -71.90156135053975 45.00963845362138
    vertex 5.917335314338189 -71.75642927834193 50.72412043083727
    vertex -3.817788048495552 -71.89870996350884 56.33863957644679
  endloop
endfacet
facet normal -0.119706 -0.992809 0.000417774
  outer loop
    vertex -13.51273859588637 -70.72061860334115 39.29277414252898
    vertex -13.44462190863323 -70.73359980754478 27.9615547806974
    vertex -3.718301872977594 -71.90392361464993 33.68246217066996
  endloop
endfacet
facet normal 0.0155174 -0.999879 -0.000894222
  outer loop
    vertex 6.066368183114949 -71.74398356006509 39.39403498833033
    vertex 5.917335314338189 -71.75642927834193 50.72412043083727
    vertex -3.763705003658952 -71.90156135053975 45.00963845362138
  endloop
endfacet
facet normal 0.52394 -0.851754 -0.00131502
  outer loop
    vertex 32.92406131156347 -64.03129068473014 -0.6044949583418884
    vertex 42.37245214657855 -58.21147051128249 -5.676458761281452
    vertex 42.21728672653984 -58.3241005198462 5.453262142464624
  endloop
endfacet
facet normal 0.0190398 -0.999818 -0.00140131
  outer loop
    vertex 6.192318316403393 -71.73322238592336 16.74996188648319
    vertex -3.57454668908601 -71.91121342299505 11.04088227997316
    vertex 6.414112952605665 -71.71373058927568 5.85634768517815
  endloop
endfacet
facet normal -0.613732 -0.789454 0.00975505
  outer loop
    vertex -47.80842659938082 -53.83636639012348 75.82514334758588
    vertex -41.39407349189332 -58.91121013650742 68.68415271880775
    vertex -39.9186963145517 -59.92076171534035 79.80576518236805
  endloop
endfacet
facet normal 0.151249 -0.988495 0.000903655
  outer loop
    vertex 15.73808207223146 -70.25889817444981 45.11124036322396
    vertex 5.917335314338189 -71.75642927834193 50.72412043083727
    vertex 6.066368183114949 -71.74398356006509 39.39403498833033
  endloop
endfacet
facet normal 0.017008 -0.999855 0.000372708
  outer loop
    vertex -3.718301872977594 -71.90392361464993 33.68246217066996
    vertex -3.656491463426347 -71.90709332310611 22.35852104620415
    vertex 6.131212944862485 -71.73847104465463 28.07079512486089
  endloop
endfacet
facet normal -0.253889 -0.967233 -0.000418158
  outer loop
    vertex -22.99625727805438 -68.22882199775643 33.58731846629995
    vertex -13.44462190863323 -70.73359980754478 27.9615547806974
    vertex -13.51273859588637 -70.72061860334115 39.29277414252898
  endloop
endfacet
facet normal 0.410362 -0.91189 0.00773079
  outer loop
    vertex 25.3237868933395 -67.39959805058726 5.519056814592446
    vertex 32.92406131156347 -64.03129068473014 -0.6044949583418884
    vertex 34.22388287616492 -63.34607991721781 11.22342294294981
  endloop
endfacet
facet normal 0.233385 -0.97212 0.0226842
  outer loop
    vertex 11.26328148289642 -71.11356052284995 97
    vertex 16.80806619762505 -70.01063426863276 87.2180676318693
    vertex 22.24922359499608 -68.4760691732511 97
  endloop
endfacet
facet normal 0.649281 -0.76021 0.0226842
  outer loop
    vertex 42.32053816505795 -58.24922359499629 97
    vertex 46.76025947977316 -54.74922952320228 87.21806763186932
    vertex 50.91168824543137 -50.91168824543148 97
  endloop
endfacet
facet normal 0.382585 -0.923642 -0.0226842
  outer loop
    vertex 32.68731598124755 -64.1524697415624 -20
    vertex 27.55320713028662 -66.51932634081258 -10.21806763186936
    vertex 22.24922359499641 -68.47606917325099 -20
  endloop
endfacet
facet normal -0.649281 -0.76021 0.0226842
  outer loop
    vertex -50.9116882454315 -50.91168824543134 97
    vertex -46.76025947977334 -54.74922952320213 87.21806763186937
    vertex -42.32053816505818 -58.24922359499614 97
  endloop
endfacet
facet normal -0.0784388 -0.99666 -0.0227292
  outer loop
    vertex 2.050722872765087e-13 -72 -20
    vertex -5.681417178143009 -71.77549372068367 -10.23776614035629
    vertex -11.26328148289642 -71.11356052284995 -20
  endloop
endfacet
facet normal -0.522364 -0.852421 -0.0226842
  outer loop
    vertex -32.68731598124725 -64.15246974156256 -20
    vertex -37.61989665954817 -61.39009183349474 -10.21806763186932
    vertex -42.32053816505795 -58.24922359499629 -20
  endloop
endfacet
facet normal -0.233398 -0.972172 0.0201741
  outer loop
    vertex -22.24922359499641 -68.47606917325099 97
    vertex -14.99583853536994 -70.42105385906343 87.18865495866021
    vertex -11.26328148289689 -71.11356052284987 97
  endloop
endfacet
facet normal 0.0179324 -0.999839 0.000493822
  outer loop
    vertex 6.192318316403393 -71.73322238592336 16.74996188648319
    vertex -3.656491463426347 -71.90709332310611 22.35852104620415
    vertex -3.57454668908601 -71.91121342299505 11.04088227997316
  endloop
endfacet
facet normal 0.233386 -0.972123 -0.022548
  outer loop
    vertex 22.24922359499641 -68.47606917325099 -20
    vertex 16.77931340452438 -70.01753095955861 -10.15922682317191
    vertex 11.26328148289689 -71.11356052284987 -20
  endloop
endfacet
facet normal 0.308854 -0.950838 0.0227345
  outer loop
    vertex 27.55320713028662 -66.51932634081258 -10.21806763186936
    vertex 16.77931340452438 -70.01753095955861 -10.15922682317191
    vertex 22.24922359499641 -68.47606917325099 -20
  endloop
endfacet
facet normal -0.25225 -0.967662 0.000454859
  outer loop
    vertex -22.83689365936327 -68.28232778685077 10.89166052374804
    vertex -13.3662316610688 -70.74845476180128 16.60628493217499
    vertex -22.90857270209306 -68.25831302305176 22.22950722446116
  endloop
endfacet
facet normal 0.0784388 -0.99666 -0.0227169
  outer loop
    vertex 11.26328148289689 -71.11356052284987 -20
    vertex 5.615302449558268 -71.7806964190233 -10.23253172852367
    vertex 2.050722872765087e-13 -72 -20
  endloop
endfacet
facet normal -0.000470957 -0.999742 0.0227174
  outer loop
    vertex 2.050722872765087e-13 -72 -20
    vertex 5.615302449558268 -71.7806964190233 -10.23253172852367
    vertex -5.681417178143009 -71.77549372068367 -10.23776614035629
  endloop
endfacet
facet normal 0.155814 -0.987527 0.0226488
  outer loop
    vertex 11.26328148289689 -71.11356052284987 -20
    vertex 16.77931340452438 -70.01753095955861 -10.15922682317191
    vertex 5.615302449558268 -71.7806964190233 -10.23253172852367
  endloop
endfacet
facet normal -0.233385 -0.97212 -0.0226842
  outer loop
    vertex -11.26328148289642 -71.11356052284995 -20
    vertex -16.80806619762502 -70.01063426863276 -10.21806763186933
    vertex -22.24922359499608 -68.4760691732511 -20
  endloop
endfacet
facet normal -0.156578 -0.987407 0.0225768
  outer loop
    vertex -5.681417178143009 -71.77549372068367 -10.23776614035629
    vertex -16.80806619762502 -70.01063426863276 -10.21806763186933
    vertex -11.26328148289642 -71.11356052284995 -20
  endloop
endfacet
facet normal -0.251806 -0.967778 -0.000330542
  outer loop
    vertex -13.31226755597767 -70.75862867889728 5.2842086824311
    vertex -13.3662316610688 -70.74845476180128 16.60628493217499
    vertex -22.83689365936327 -68.28232778685077 10.89166052374804
  endloop
endfacet
facet normal -0.509046 -0.860739 0.000422966
  outer loop
    vertex -31.93888994208079 -64.52834500642064 16.49590671406447
    vertex -41.13441195695247 -59.09280965528485 10.91473009646938
    vertex -31.99531070251171 -64.50038831704612 5.484824274332524
  endloop
endfacet
facet normal -0.518268 -0.855182 0.00794622
  outer loop
    vertex -41.39407349189332 -58.91121013650742 68.68415271880775
    vertex -33.93082167547301 -63.50353801503701 61.22006082008008
    vertex -32.67530175631492 -64.1585898780028 72.6100319623733
  endloop
endfacet
facet normal -0.504599 -0.863354 0.000505323
  outer loop
    vertex -40.51620287302238 -59.51837787399865 33.44657088500356
    vertex -40.44658986818637 -59.56570630853564 22.09825705912888
    vertex -32.01136463065797 -64.49242230280282 27.84285487183656
  endloop
endfacet
facet normal -0.939115 -0.343604 -0.000147291
  outer loop
    vertex -69.17868901402242 -19.95767988272117 50.32775368084043
    vertex -69.18546254234278 -19.93418603309613 38.70816455648895
    vertex -65.71883264958187 -29.41147794953957 44.64662963509737
  endloop
endfacet
facet normal 0.286495 -0.958082 -0.000442908
  outer loop
    vertex 15.86960976121821 -70.22930646123916 11.19812483347818
    vertex 25.3237868933395 -67.39959805058726 5.519056814592446
    vertex 25.2550178368219 -67.42539635821066 16.84169025731825
  endloop
endfacet
facet normal 0.152812 -0.988255 -0.000338625
  outer loop
    vertex 6.131212944862485 -71.73847104465463 28.07079512486089
    vertex 15.8497844583752 -70.23378341384613 22.45840207006979
    vertex 15.79484458792338 -70.24615921488767 33.7835451844426
  endloop
endfacet
facet normal 0.41218 -0.911102 -0.000379922
  outer loop
    vertex 34.11531910562327 -63.40461341512537 45.20443985098035
    vertex 34.05965028326761 -63.43453493627512 56.56454675610713
    vertex 25.12760719547408 -67.47298241985423 50.83745211312689
  endloop
endfacet
facet normal -0.806459 -0.591281 0.00335836
  outer loop
    vertex -61.00514317505269 -38.24097940941525 38.98047759977839
    vertex -60.69112355994474 -38.7374175834105 26.98340396079604
    vertex -55.00140402562341 -46.4633786460922 33.03179519439262
  endloop
endfacet
facet normal 0.742582 -0.669755 -0.000173246
  outer loop
    vertex 56.66959115595039 -44.41348261752763 39.68702759268965
    vertex 56.65182583155691 -44.4361410335207 51.1354446977227
    vertex 50.01695276814448 -51.79096867011858 45.35601309729329
  endloop
endfacet
facet normal 0.15239 -0.98832 0.000391548
  outer loop
    vertex 6.131212944862485 -71.73847104465463 28.07079512486089
    vertex 15.79484458792338 -70.24615921488767 33.7835451844426
    vertex 6.066368183114949 -71.74398356006509 39.39403498833033
  endloop
endfacet
facet normal 0.151973 -0.988385 -0.000349995
  outer loop
    vertex 15.79484458792338 -70.24615921488767 33.7835451844426
    vertex 15.73808207223146 -70.25889817444981 45.11124036322396
    vertex 6.066368183114949 -71.74398356006509 39.39403498833033
  endloop
endfacet
facet normal 0.284622 -0.95864 -0.000309514
  outer loop
    vertex 25.17585783649644 -67.45499375284621 39.49233311685185
    vertex 25.12760719547408 -67.47298241985423 50.83745211312689
    vertex 15.73808207223146 -70.25889817444981 45.11124036322396
  endloop
endfacet
facet normal -0.504095 -0.863648 -0.000485557
  outer loop
    vertex -32.01136463065797 -64.49242230280282 27.84285487183656
    vertex -40.44658986818637 -59.56570630853564 22.09825705912888
    vertex -31.93888994208079 -64.52834500642064 16.49590671406447
  endloop
endfacet
facet normal -0.649281 -0.76021 -0.0226842
  outer loop
    vertex -42.32053816505795 -58.24922359499629 -20
    vertex -46.76025947977309 -54.74922952320234 -10.21806763186929
    vertex -50.91168824543137 -50.91168824543148 -20
  endloop
endfacet
facet normal -0.587634 -0.808809 0.0226842
  outer loop
    vertex -37.61989665954817 -61.39009183349474 -10.21806763186932
    vertex -46.76025947977309 -54.74922952320234 -10.21806763186929
    vertex -42.32053816505795 -58.24922359499629 -20
  endloop
endfacet
facet normal 0.534933 -0.844867 0.00680288
  outer loop
    vertex 42.37557193291953 -58.20919947360523 62.30471419485213
    vertex 43.20949436377777 -57.59287800437357 73.27309003994013
    vertex 34.00630210893869 -63.46315007053772 67.90728904096947
  endloop
endfacet
facet normal 0.531858 -0.846833 0.000365117
  outer loop
    vertex 34.05965028326761 -63.43453493627512 56.56454675610713
    vertex 42.37557193291953 -58.20919947360523 62.30471419485213
    vertex 34.00630210893869 -63.46315007053772 67.90728904096947
  endloop
endfacet
facet normal 0.286183 -0.958175 0.000122906
  outer loop
    vertex 15.86960976121821 -70.22930646123916 11.19812483347818
    vertex 25.2550178368219 -67.42539635821066 16.84169025731825
    vertex 15.8497844583752 -70.23378341384613 22.45840207006979
  endloop
endfacet
facet normal 0.533492 -0.845805 -0.000240212
  outer loop
    vertex 34.15231091175252 -63.38469578208126 33.84234414833943
    vertex 42.50631763106461 -58.11379321165541 28.18634752326327
    vertex 42.47407307166766 -58.13736420498126 39.56899489911633
  endloop
endfacet
facet normal -0.506457 -0.862249 -0.00531157
  outer loop
    vertex -31.93888994208079 -64.52834500642064 16.49590671406447
    vertex -40.44658986818637 -59.56570630853564 22.09825705912888
    vertex -41.13441195695247 -59.09280965528485 10.91473009646938
  endloop
endfacet
facet normal 0.527431 -0.849553 -0.00874575
  outer loop
    vertex 32.92406131156347 -64.03129068473014 -0.6044949583418884
    vertex 42.21728672653984 -58.3241005198462 5.453262142464624
    vertex 34.22388287616492 -63.34607991721781 11.22342294294981
  endloop
endfacet
facet normal 0.825142 -0.564923 -0.00161057
  outer loop
    vertex 61.98762357694 -36.62696442900492 45.67276197908974
    vertex 61.84205851408874 -36.87220902983742 57.11755655601181
    vertex 56.65182583155691 -44.4361410335207 51.1354446977227
  endloop
endfacet
facet normal 0.760211 -0.649282 0.0226405
  outer loop
    vertex 50.91168824543137 -50.91168824543148 97
    vertex 54.68762309235726 -46.83229527268841 87.20195060513169
    vertex 58.24922359499617 -42.32053816505813 97
  endloop
endfacet
facet normal 0.706443 -0.707419 -0.0222858
  outer loop
    vertex 46.76025947977316 -54.74922952320228 87.21806763186932
    vertex 54.68762309235726 -46.83229527268841 87.20195060513169
    vertex 50.91168824543137 -50.91168824543148 97
  endloop
endfacet
facet normal 0.414248 -0.910164 0.000442188
  outer loop
    vertex 25.3237868933395 -67.39959805058726 5.519056814592446
    vertex 34.22388287616492 -63.34607991721781 11.22342294294981
    vertex 25.2550178368219 -67.42539635821066 16.84169025731825
  endloop
endfacet
facet normal 0.00843948 -0.999796 0.0183487
  outer loop
    vertex -0.06499948061105673 -71.99997066018514 76.89622348074657
    vertex 5.70730793626615 -71.7734396286024 86.58462093648677
    vertex -4.548940532884969 -71.85615589515123 86.79488096463764
  endloop
endfacet
facet normal 0.650185 -0.759774 0.00137585
  outer loop
    vertex 42.37245214657855 -58.21147051128249 -5.676458761281452
    vertex 51.02829046515929 -50.79481835978284 -0.5280829676421774
    vertex 42.21728672653984 -58.3241005198462 5.453262142464624
  endloop
endfacet
facet normal 0.742987 -0.669306 -0.000380954
  outer loop
    vertex 50.04639880094545 -51.76251507661433 33.93579829836128
    vertex 56.70864168947179 -44.36361073825147 28.2275682064017
    vertex 56.66959115595039 -44.41348261752763 39.68702759268965
  endloop
endfacet
facet normal -0.526368 -0.850251 -0.00318738
  outer loop
    vertex -41.39407349189332 -58.91121013650742 68.68415271880775
    vertex -41.86899352216533 -58.57463086901085 57.32879838886067
    vertex -33.93082167547301 -63.50353801503701 61.22006082008008
  endloop
endfacet
facet normal 0.64392 -0.765093 -0.000245948
  outer loop
    vertex 50.04639880094545 -51.76251507661433 33.93579829836128
    vertex 50.01695276814448 -51.79096867011858 45.35601309729329
    vertex 42.47407307166766 -58.13736420498126 39.56899489911633
  endloop
endfacet
facet normal 0.895701 -0.444657 0.000625979
  outer loop
    vertex 66.51320519513743 -27.56798024283867 62.86041559698977
    vertex 66.55275842329154 -27.47235603749699 74.1900059245184
    vertex 62.14602640183368 -36.35754945623524 68.20323603402754
  endloop
endfacet
facet normal 0.285713 -0.958315 0.000338816
  outer loop
    vertex 15.8497844583752 -70.23378341384613 22.45840207006979
    vertex 25.22508673377477 -67.43659984958865 28.16819102799606
    vertex 15.79484458792338 -70.24615921488767 33.7835451844426
  endloop
endfacet
facet normal -0.882068 -0.471122 0.000350039
  outer loop
    vertex -65.71883264958187 -29.41147794953957 44.64662963509737
    vertex -65.69473038154345 -29.46527447855037 32.97672112388398
    vertex -61.00514317505269 -38.24097940941525 38.98047759977839
  endloop
endfacet
facet normal 0.412838 -0.910805 -0.000252546
  outer loop
    vertex 25.17585783649644 -67.45499375284621 39.49233311685185
    vertex 34.15231091175252 -63.38469578208126 33.84234414833943
    vertex 34.11531910562327 -63.40461341512537 45.20443985098035
  endloop
endfacet
facet normal 0.284983 -0.958533 0.000350081
  outer loop
    vertex 15.79484458792338 -70.24615921488767 33.7835451844426
    vertex 25.17585783649644 -67.45499375284621 39.49233311685185
    vertex 15.73808207223146 -70.25889817444981 45.11124036322396
  endloop
endfacet
facet normal 0.643614 -0.76535 0.000434551
  outer loop
    vertex 50.01695276814448 -51.79096867011858 45.35601309729329
    vertex 42.41594910576275 -58.17978395849666 50.94491066137433
    vertex 42.47407307166766 -58.13736420498126 39.56899489911633
  endloop
endfacet
facet normal 0.533789 -0.845617 0.000373818
  outer loop
    vertex 34.15231091175252 -63.38469578208126 33.84234414833943
    vertex 34.20671394656927 -63.35535274132394 22.53528664880261
    vertex 42.50631763106461 -58.11379321165541 28.18634752326327
  endloop
endfacet
facet normal -0.939072 -0.343719 -0.000355006
  outer loop
    vertex -69.18546254234278 -19.93418603309613 38.70816455648895
    vertex -65.69473038154345 -29.46527447855037 32.97672112388398
    vertex -65.71883264958187 -29.41147794953957 44.64662963509737
  endloop
endfacet
facet normal 0.742742 -0.669577 0.000246837
  outer loop
    vertex 50.04639880094545 -51.76251507661433 33.93579829836128
    vertex 56.66959115595039 -44.41348261752763 39.68702759268965
    vertex 50.01695276814448 -51.79096867011858 45.35601309729329
  endloop
endfacet
facet normal 0.532516 -0.84642 0.000380134
  outer loop
    vertex 34.11531910562327 -63.40461341512537 45.20443985098035
    vertex 42.41594910576275 -58.17978395849666 50.94491066137433
    vertex 34.05965028326761 -63.43453493627512 56.56454675610713
  endloop
endfacet
facet normal 0.412539 -0.91094 0.000310151
  outer loop
    vertex 25.17585783649644 -67.45499375284621 39.49233311685185
    vertex 34.11531910562327 -63.40461341512537 45.20443985098035
    vertex 25.12760719547408 -67.47298241985423 50.83745211312689
  endloop
endfacet
facet normal 0.744315 -0.667756 0.00982817
  outer loop
    vertex 51.02829046515929 -50.79481835978284 -0.5280829676421774
    vertex 56.66143297035148 -44.42389012396783 5.718502746802429
    vertex 49.75186398862828 -52.04567253535141 11.15243918515814
  endloop
endfacet
facet normal -0.852421 -0.522364 0.0226842
  outer loop
    vertex -64.1524697415625 -32.68731598124733 97
    vertex -61.39009183349464 -37.6198966595483 87.21806763186935
    vertex -58.24922359499624 -42.32053816505803 97
  endloop
endfacet
facet normal 0.852422 -0.522365 0.0226333
  outer loop
    vertex 58.24922359499617 -42.32053816505813 97
    vertex 61.36446120538784 -37.66169009713254 87.19682588605664
    vertex 64.15246974156248 -32.68731598124738 97
  endloop
endfacet
facet normal 0.28601 -0.958227 -0.000192017
  outer loop
    vertex 25.2550178368219 -67.42539635821066 16.84169025731825
    vertex 25.22508673377477 -67.43659984958865 28.16819102799606
    vertex 15.8497844583752 -70.23378341384613 22.45840207006979
  endloop
endfacet
facet normal 0.533249 -0.845958 0.000253155
  outer loop
    vertex 34.15231091175252 -63.38469578208126 33.84234414833943
    vertex 42.47407307166766 -58.13736420498126 39.56899489911633
    vertex 34.11531910562327 -63.40461341512537 45.20443985098035
  endloop
endfacet
facet normal 0.645156 -0.763967 -0.0113109
  outer loop
    vertex 51.02829046515929 -50.79481835978284 -0.5280829676421774
    vertex 49.75186398862828 -52.04567253535141 11.15243918515814
    vertex 42.21728672653984 -58.3241005198462 5.453262142464624
  endloop
endfacet
facet normal -0.880971 -0.473157 -0.00347995
  outer loop
    vertex -61.00514317505269 -38.24097940941525 38.98047759977839
    vertex -65.69473038154345 -29.46527447855037 32.97672112388398
    vertex -60.69112355994474 -38.7374175834105 26.98340396079604
  endloop
endfacet
facet normal 0.76021 -0.649281 -0.0226842
  outer loop
    vertex 58.24922359499624 -42.32053816505803 -20
    vertex 54.74922952320227 -46.76025947977317 -10.21806763186937
    vertex 50.9116882454315 -50.91168824543134 -20
  endloop
endfacet
facet normal 0.923642 -0.382585 0.0226688
  outer loop
    vertex 64.15246974156248 -32.68731598124738 97
    vertex 66.5237197147088 -27.54259819477573 87.21147736044793
    vertex 68.47606917325103 -22.24922359499629 97
  endloop
endfacet
facet normal 0.894624 -0.446804 -0.0037873
  outer loop
    vertex 61.84205851408874 -36.87220902983742 57.11755655601181
    vertex 66.51320519513743 -27.56798024283867 62.86041559698977
    vertex 62.14602640183368 -36.35754945623524 68.20323603402754
  endloop
endfacet
facet normal -0.852421 -0.522364 -0.0226842
  outer loop
    vertex -58.24922359499617 -42.32053816505813 -20
    vertex -61.39009183349462 -37.61989665954836 -10.21806763186935
    vertex -64.15246974156248 -32.68731598124738 -20
  endloop
endfacet
facet normal 0.644131 -0.764915 0.000240711
  outer loop
    vertex 42.50631763106461 -58.11379321165541 28.18634752326327
    vertex 50.04639880094545 -51.76251507661433 33.93579829836128
    vertex 42.47407307166766 -58.13736420498126 39.56899489911633
  endloop
endfacet
facet normal 0.532188 -0.846626 -0.000300684
  outer loop
    vertex 34.05965028326761 -63.43453493627512 56.56454675610713
    vertex 42.41594910576275 -58.17978395849666 50.94491066137433
    vertex 42.37557193291953 -58.20919947360523 62.30471419485213
  endloop
endfacet
facet normal 0.413135 -0.91067 0.000316793
  outer loop
    vertex 25.17585783649644 -67.45499375284621 39.49233311685185
    vertex 25.22508673377477 -67.43659984958865 28.16819102799606
    vertex 34.15231091175252 -63.38469578208126 33.84234414833943
  endloop
endfacet
facet normal 0.285355 -0.958422 -0.000316263
  outer loop
    vertex 15.79484458792338 -70.24615921488767 33.7835451844426
    vertex 25.22508673377477 -67.43659984958865 28.16819102799606
    vertex 25.17585783649644 -67.45499375284621 39.49233311685185
  endloop
endfacet
facet normal 0.852421 -0.522364 -0.0226688
  outer loop
    vertex 64.1524697415625 -32.68731598124733 -20
    vertex 61.38409138475244 -37.62968674953807 -10.21147736044378
    vertex 58.24922359499624 -42.32053816505803 -20
  endloop
endfacet
facet normal 0.825722 -0.564078 0.000164923
  outer loop
    vertex 56.66959115595039 -44.41348261752763 39.68702759268965
    vertex 61.98762357694 -36.62696442900492 45.67276197908974
    vertex 56.65182583155691 -44.4361410335207 51.1354446977227
  endloop
endfacet
facet normal 0.808213 -0.588448 -0.0228206
  outer loop
    vertex 58.24922359499617 -42.32053816505813 97
    vertex 54.68762309235726 -46.83229527268841 87.20195060513169
    vertex 61.36446120538784 -37.66169009713254 87.19682588605664
  endloop
endfacet
facet normal 0.532918 -0.846167 -0.000432391
  outer loop
    vertex 42.47407307166766 -58.13736420498126 39.56899489911633
    vertex 42.41594910576275 -58.17978395849666 50.94491066137433
    vertex 34.11531910562327 -63.40461341512537 45.20443985098035
  endloop
endfacet
facet normal -0.890395 -0.455107 -0.00864773
  outer loop
    vertex -66.0682428298835 -28.61795396899551 -2.29016608467856
    vertex -66.51932634081263 -27.55320713028651 -11.88006764279825
    vertex -61.39009183349462 -37.61989665954836 -10.21806763186935
  endloop
endfacet
facet normal 0.890668 -0.454077 -0.0228945
  outer loop
    vertex 61.36446120538784 -37.66169009713254 87.19682588605664
    vertex 66.5237197147088 -27.54259819477573 87.21147736044793
    vertex 64.15246974156248 -32.68731598124738 97
  endloop
endfacet
facet normal 0.948474 -0.316855 -0.00063693
  outer loop
    vertex 66.51320519513743 -27.56798024283867 62.86041559698977
    vertex 69.71483088682935 -17.99562042333589 68.52020347014373
    vertex 66.55275842329154 -27.47235603749699 74.1900059245184
  endloop
endfacet
facet normal -0.972155 -0.233394 -0.0210094
  outer loop
    vertex -68.47606917325103 -22.24922359499629 -20
    vertex -69.61662725354532 -18.37185918302582 -10.29734737183558
    vertex -71.11356052284991 -11.26328148289664 -20
  endloop
endfacet
facet normal 0.949926 -0.312197 0.0131733
  outer loop
    vertex 66.5237197147088 -27.54259819477573 87.21147736044793
    vertex 69.38239427242162 -19.23755091029611 77.8955397196641
    vertex 69.90449574773591 -17.24417218235691 87.488275651042
  endloop
endfacet
facet normal 0.923733 -0.382623 -0.0177985
  outer loop
    vertex 68.47606917325108 -22.24922359499618 -20
    vertex 65.45525156468153 -29.99350000590555 -10.29654684662873
    vertex 64.1524697415625 -32.68731598124733 -20
  endloop
endfacet
facet normal 0.413793 -0.910371 0.000192995
  outer loop
    vertex 25.2550178368219 -67.42539635821066 16.84169025731825
    vertex 34.20671394656927 -63.35535274132394 22.53528664880261
    vertex 25.22508673377477 -67.43659984958865 28.16819102799606
  endloop
endfacet
facet normal 0.640508 -0.76795 -0.00148495
  outer loop
    vertex 49.75186398862828 -52.04567253535141 11.15243918515814
    vertex 49.56221380602778 -52.22630527469457 22.76522380574967
    vertex 42.3737448449775 -58.21052952699144 16.91300898899668
  endloop
endfacet
facet normal -0.383974 -0.923336 0.00385248
  outer loop
    vertex -22.44132448827604 -68.41335363225444 56.7446527146561
    vertex -32.40119368107351 -64.29745444449229 50.52045148954473
    vertex -23.03626047785021 -68.21532601400243 44.90960333865076
  endloop
endfacet
facet normal 0.413957 -0.910296 -0.000117913
  outer loop
    vertex 34.22388287616492 -63.34607991721781 11.22342294294981
    vertex 34.20671394656927 -63.35535274132394 22.53528664880261
    vertex 25.2550178368219 -67.42539635821066 16.84169025731825
  endloop
endfacet
facet normal -0.511286 -0.85941 -0.00130556
  outer loop
    vertex -32.21665897707089 -64.39011480309006 39.24815452967834
    vertex -32.40119368107351 -64.29745444449229 50.52045148954473
    vertex -41.12795088506542 -59.09730667294109 45.01055188169553
  endloop
endfacet
facet normal 0.533492 -0.845804 0.000984044
  outer loop
    vertex 34.20671394656927 -63.35535274132394 22.53528664880261
    vertex 42.3737448449775 -58.21052952699144 16.91300898899668
    vertex 42.50631763106461 -58.11379321165541 28.18634752326327
  endloop
endfacet
facet normal -0.4536 -0.890912 0.0228603
  outer loop
    vertex -32.68731598124725 -64.15246974156256 -20
    vertex -27.55320713028636 -66.51932634081268 -10.36893011388359
    vertex -37.61989665954817 -61.39009183349474 -10.21806763186932
  endloop
endfacet
facet normal -0.309227 -0.950714 0.0228603
  outer loop
    vertex -16.80806619762502 -70.01063426863276 -10.21806763186933
    vertex -27.55320713028636 -66.51932634081268 -10.36893011388359
    vertex -22.24922359499608 -68.4760691732511 -20
  endloop
endfacet
facet normal 0.413499 -0.910505 -0.000373341
  outer loop
    vertex 25.22508673377477 -67.43659984958865 28.16819102799606
    vertex 34.20671394656927 -63.35535274132394 22.53528664880261
    vertex 34.15231091175252 -63.38469578208126 33.84234414833943
  endloop
endfacet
facet normal 0.640668 -0.767817 -0.00113755
  outer loop
    vertex 49.75186398862828 -52.04567253535141 11.15243918515814
    vertex 42.3737448449775 -58.21052952699144 16.91300898899668
    vertex 42.21728672653984 -58.3241005198462 5.453262142464624
  endloop
endfacet
facet normal 0.808755 -0.58771 0.0226305
  outer loop
    vertex 58.24922359499624 -42.32053816505803 -20
    vertex 61.38409138475244 -37.62968674953807 -10.21147736044378
    vertex 54.74922952320227 -46.76025947977317 -10.21806763186937
  endloop
endfacet
facet normal 0.943153 -0.332215 0.00975785
  outer loop
    vertex 69.1778659408959 -19.96053265480243 50.20003336375633
    vertex 69.53992924451941 -18.66007075729437 59.47995240230135
    vertex 66.34421425077247 -27.97222256896293 51.32347589196722
  endloop
endfacet
facet normal 0.741481 -0.67096 -0.00428173
  outer loop
    vertex 50.04639880094545 -51.76251507661433 33.93579829836128
    vertex 49.56221380602778 -52.22630527469457 22.76522380574967
    vertex 56.70864168947179 -44.36361073825147 28.2275682064017
  endloop
endfacet
facet normal 0.882415 -0.470316 0.0120938
  outer loop
    vertex 65.45525156468153 -29.99350000590555 -10.29654684662873
    vertex 61.38409138475244 -37.62968674953807 -10.21147736044378
    vertex 64.1524697415625 -32.68731598124733 -20
  endloop
endfacet
facet normal 0.533064 -0.846075 0.000115511
  outer loop
    vertex 34.22388287616492 -63.34607991721781 11.22342294294981
    vertex 42.3737448449775 -58.21052952699144 16.91300898899668
    vertex 34.20671394656927 -63.35535274132394 22.53528664880261
  endloop
endfacet
facet normal 0.640246 -0.76817 -0.000937544
  outer loop
    vertex 42.3737448449775 -58.21052952699144 16.91300898899668
    vertex 49.56221380602778 -52.22630527469457 22.76522380574967
    vertex 42.50631763106461 -58.11379321165541 28.18634752326327
  endloop
endfacet
facet normal 0.532564 -0.846389 0.00111707
  outer loop
    vertex 42.21728672653984 -58.3241005198462 5.453262142464624
    vertex 42.3737448449775 -58.21052952699144 16.91300898899668
    vertex 34.22388287616492 -63.34607991721781 11.22342294294981
  endloop
endfacet
facet normal -0.979317 -0.202262 -0.0052668
  outer loop
    vertex -71.29542359890856 -10.04801342814556 9.313451633534555
    vertex -71.40878530932518 -9.207897732202731 -1.870995472672845
    vertex -69.31559616826934 -19.47686134461622 3.278829184072691
  endloop
endfacet
facet normal 0.723465 -0.690294 -0.00960396
  outer loop
    vertex 51.02829046515929 -50.79481835978284 -0.5280829676421774
    vertex 49.15220705033088 -52.61236111486923 -11.21554934847917
    vertex 54.74922952320227 -46.76025947977317 -10.21806763186937
  endloop
endfacet
facet normal -0.382582 -0.923634 -0.0230393
  outer loop
    vertex -22.24922359499608 -68.4760691732511 -20
    vertex -27.55320713028636 -66.51932634081268 -10.36893011388359
    vertex -32.68731598124725 -64.15246974156256 -20
  endloop
endfacet
facet normal -0.38529 -0.922794 0.00127809
  outer loop
    vertex -23.03626047785021 -68.21532601400243 44.90960333865076
    vertex -32.40119368107351 -64.29745444449229 50.52045148954473
    vertex -32.21665897707089 -64.39011480309006 39.24815452967834
  endloop
endfacet
facet normal 0.382605 -0.92369 0.0202732
  outer loop
    vertex 22.24922359499608 -68.4760691732511 97
    vertex 25.74944801941994 -67.23812851868492 87.34539072818107
    vertex 32.68731598124725 -64.15246974156256 97
  endloop
endfacet
facet normal 0.642462 -0.766308 0.00396897
  outer loop
    vertex 42.50631763106461 -58.11379321165541 28.18634752326327
    vertex 49.56221380602778 -52.22630527469457 22.76522380574967
    vertex 50.04639880094545 -51.76251507661433 33.93579829836128
  endloop
endfacet
facet normal -0.299553 -0.953887 0.0191586
  outer loop
    vertex -16.40368605376374 -70.10648389307195 66.8466022510799
    vertex -26.26524278074665 -67.03832502135205 65.41727314663764
    vertex -22.44132448827604 -68.41335363225444 56.7446527146561
  endloop
endfacet
facet normal -0.997945 -0.0640754 0
  outer loop
    vertex -72 0 -8.299999999999983
    vertex -71.40878530932518 -9.207897732202731 -1.870995472672845
    vertex -72 0 3.399999999999991
  endloop
endfacet
facet normal -0.109824 -0.993863 -0.0132153
  outer loop
    vertex -13.31226755597767 -70.75862867889728 5.2842086824311
    vertex -1.556666919392734 -71.9831701726318 -0.3169194825836001
    vertex -3.57454668908601 -71.91121342299505 11.04088227997316
  endloop
endfacet
facet normal 0.287461 -0.957792 0.00130873
  outer loop
    vertex 15.86960976121821 -70.22930646123916 11.19812483347818
    vertex 16.06318479606342 -70.18528402882984 0.8974241138121073
    vertex 25.3237868933395 -67.39959805058726 5.519056814592446
  endloop
endfacet
facet normal -0.228648 -0.973098 0.0282879
  outer loop
    vertex -16.80806619762502 -70.01063426863276 -10.21806763186933
    vertex -11.26948556372073 -71.11257761556031 -3.356860601639667
    vertex -22.46781541592678 -68.40465825099811 -0.7200618747492911
  endloop
endfacet
facet normal 0.972225 -0.233411 -0.0172469
  outer loop
    vertex 71.11356052284992 -11.26328148289658 -20
    vertex 69.28929208365246 -19.57023256239686 -10.41387456097058
    vertex 68.47606917325108 -22.24922359499618 -20
  endloop
endfacet
facet normal -0.294799 -0.95541 -0.01691
  outer loop
    vertex -22.624946606708 -68.35284771714791 76.22458186588572
    vertex -26.26524278074665 -67.03832502135205 65.41727314663764
    vertex -16.40368605376374 -70.10648389307195 66.8466022510799
  endloop
endfacet
facet normal 0.972109 -0.233383 0.0231813
  outer loop
    vertex 68.47606917325103 -22.24922359499629 97
    vertex 69.90449574773591 -17.24417218235691 87.488275651042
    vertex 71.11356052284991 -11.26328148289664 97
  endloop
endfacet
facet normal 0.296326 -0.954969 -0.0150172
  outer loop
    vertex 16.80806619762505 -70.01063426863276 87.2180676318693
    vertex 25.74944801941994 -67.23812851868492 87.34539072818107
    vertex 22.24922359499608 -68.4760691732511 97
  endloop
endfacet
facet normal 0.444317 -0.895255 -0.0331616
  outer loop
    vertex 25.74944801941994 -67.23812851868492 87.34539072818107
    vertex 37.6198966595482 -61.39009183349471 88.5141970160241
    vertex 32.68731598124725 -64.15246974156256 97
  endloop
endfacet
facet normal 0.811925 -0.583687 0.00936294
  outer loop
    vertex 61.05317725145508 -38.16424435911718 15.10699783364038
    vertex 55.45546289394546 -45.92049254111108 16.99815058724367
    vertex 56.66143297035148 -44.42389012396783 5.718502746802429
  endloop
endfacet
facet normal -0.723124 -0.690718 0.000329758
  outer loop
    vertex -55.18118308021182 -46.24972468964702 44.76685201790789
    vertex -48.71114781744925 -53.02097771926324 49.64797434957956
    vertex -55.21832529576693 -46.20537362180795 56.2166702128543
  endloop
endfacet
facet normal 0.941565 -0.33683 2.8271e-05
  outer loop
    vertex 69.1778659408959 -19.96053265480243 50.20003336375633
    vertex 66.14313182015373 -28.44443905268246 41.81774548576092
    vertex 69.17640282734895 -19.9656027173824 38.52255483664928
  endloop
endfacet
facet normal 0.647646 -0.761936 -0.00299076
  outer loop
    vertex 50.04998223919436 -51.75905020241706 68.3283026063568
    vertex 49.69016750480623 -52.10457996514604 78.43910487573353
    vertex 43.20949436377777 -57.59287800437357 73.27309003994013
  endloop
endfacet
facet normal -0.62384 -0.781542 0.00392651
  outer loop
    vertex -41.12795088506542 -59.09730667294109 45.01055188169553
    vertex -48.71114781744925 -53.02097771926324 49.64797434957956
    vertex -48.23559473743214 -53.45397459802413 39.01856286467689
  endloop
endfacet
facet normal 0.0124787 -0.999356 -0.0336384
  outer loop
    vertex -5.806356339298897 -71.76549467579167 67.80039649236384
    vertex 6.369510645844995 -71.71770586216815 70.8974648699363
    vertex -0.06499948061105673 -71.99997066018514 76.89622348074657
  endloop
endfacet
facet normal -0.809215 -0.587511 -0.00148341
  outer loop
    vertex -61.39009183349462 -37.61989665954836 -10.21806763186935
    vertex -54.7492295232022 -46.76025947977326 -12.79292174736973
    vertex -54.86176323650238 -46.62817747437654 -3.716308716632938
  endloop
endfacet
facet normal -0.809177 -0.587564 0.00118439
  outer loop
    vertex -54.83846922725476 -46.65557086577586 80.78933169242777
    vertex -54.74922952320228 -46.76025947977316 89.82303809086292
    vertex -61.39009183349464 -37.6198966595483 87.21806763186935
  endloop
endfacet
facet normal 0.299756 -0.95377 -0.0216781
  outer loop
    vertex 26.48792756626543 -66.95065117864259 73.47980460960203
    vertex 18.68854709643816 -69.53228176483361 79.2168984768646
    vertex 15.33525091873332 -70.347921641364 68.73449508220338
  endloop
endfacet
facet normal -0.238712 -0.970947 -0.0166613
  outer loop
    vertex -22.46781541592678 -68.40465825099811 -0.7200618747492911
    vertex -11.26948556372073 -71.11257761556031 -3.356860601639667
    vertex -13.31226755597767 -70.75862867889728 5.2842086824311
  endloop
endfacet
facet normal 0.394586 -0.918726 -0.0156097
  outer loop
    vertex 25.3237868933395 -67.39959805058726 5.519056814592446
    vertex 23.30917178466409 -68.12255508062671 -2.856495086565573
    vertex 32.92406131156347 -64.03129068473014 -0.6044949583418884
  endloop
endfacet
facet normal 0.439895 -0.897725 0.024107
  outer loop
    vertex 34.93576717575176 -62.95627190234239 79.16985993769623
    vertex 37.6198966595482 -61.39009183349471 88.5141970160241
    vertex 25.74944801941994 -67.23812851868492 87.34539072818107
  endloop
endfacet
facet normal 0.585355 -0.810413 -0.0242926
  outer loop
    vertex 42.32053816505795 -58.24922359499629 97
    vertex 37.6198966595482 -61.39009183349471 88.5141970160241
    vertex 46.76025947977316 -54.74922952320228 87.21806763186932
  endloop
endfacet
facet normal -0.998013 -0.063011 0
  outer loop
    vertex -72 0 85.3
    vertex -71.42826419425978 -9.055554880570631 87.91177789002063
    vertex -72 0 97
  endloop
endfacet
facet normal -0.997742 -0.0669716 0.00508222
  outer loop
    vertex -72 0 3.399999999999991
    vertex -71.40878530932518 -9.207897732202731 -1.870995472672845
    vertex -71.29542359890856 -10.04801342814556 9.313451633534555
  endloop
endfacet
facet normal -0.996798 -0.0784497 0.0154596
  outer loop
    vertex -72 0 97
    vertex -71.42826419425978 -9.055554880570631 87.91177789002063
    vertex -71.11356052284992 -11.26328148289658 97
  endloop
endfacet
facet normal -0.982102 -0.188252 0.0060241
  outer loop
    vertex -69.757318784888 -17.83021244807563 86.11844362185505
    vertex -71.42826419425978 -9.055554880570631 87.91177789002063
    vertex -71.30615236730716 -9.971591376022921 79.19364356440738
  endloop
endfacet
facet normal -0.152922 -0.988046 -0.0195137
  outer loop
    vertex -16.40368605376374 -70.10648389307195 66.8466022510799
    vertex -5.806356339298897 -71.76549467579167 67.80039649236384
    vertex -9.695163914715975 -71.34426253502652 76.94721909832114
  endloop
endfacet
facet normal 0.997876 -0.0642782 0.0105589
  outer loop
    vertex 71.28703125 -10.10738223090049 79.44999999999999
    vertex 71.53649324124727 -8.156600685640072 67.75
    vertex 72 8.81745695386094e-15 73.59999999999999
  endloop
endfacet
facet normal 0.0253918 -0.999619 0.0108443
  outer loop
    vertex -3.57454668908601 -71.91121342299505 11.04088227997316
    vertex -1.556666919392734 -71.9831701726318 -0.3169194825836001
    vertex 6.414112952605665 -71.71373058927568 5.85634768517815
  endloop
endfacet
facet normal -0.0678316 -0.99755 0.0171006
  outer loop
    vertex -9.695163914715975 -71.34426253502652 76.94721909832114
    vertex -5.806356339298897 -71.76549467579167 67.80039649236384
    vertex -0.06499948061105673 -71.99997066018514 76.89622348074657
  endloop
endfacet
facet normal 0.946118 -0.322906 0.024356
  outer loop
    vertex 65.7445775085979 -29.35388438036717 8.446575183054648
    vertex 67.39277021741799 -25.34195182740072 -2.388787631115022
    vertex 69.61275168822485 -18.38653861915146 3.588466773403439
  endloop
endfacet
facet normal 0.997876 -0.0642782 -0.0105589
  outer loop
    vertex 72 8.81745695386094e-15 61.9
    vertex 71.53649324124727 -8.156600685640072 67.75
    vertex 71.28703124999939 -10.1073822309048 56.05
  endloop
endfacet
facet normal 0.95007 -0.311321 -0.0211397
  outer loop
    vertex 66.5237197147088 -27.54259819477573 87.21147736044793
    vertex 69.90449574773591 -17.24417218235691 87.488275651042
    vertex 68.47606917325103 -22.24922359499629 97
  endloop
endfacet
facet normal 0.88223 -0.470535 -0.0163525
  outer loop
    vertex 65.45525156468153 -29.99350000590555 -10.29654684662873
    vertex 63.47457388044294 -33.98497419001801 -2.303062040861619
    vertex 61.38409138475244 -37.62968674953807 -10.21147736044378
  endloop
endfacet
facet normal 0.93845 -0.345005 0.0168053
  outer loop
    vertex 68.47606917325108 -22.24922359499618 -20
    vertex 69.28929208365246 -19.57023256239686 -10.41387456097058
    vertex 65.45525156468153 -29.99350000590555 -10.29654684662873
  endloop
endfacet
facet normal -0.723032 -0.690774 0.00750419
  outer loop
    vertex -55.54864679473759 -45.8077268511928 69.10255605976761
    vertex -48.70849309324718 -53.02341653067154 63.93687719341945
    vertex -47.80842659938082 -53.83636639012348 75.82514334758588
  endloop
endfacet
facet normal 0.155804 -0.987787 -0.0012936
  outer loop
    vertex 6.414112952605665 -71.71373058927568 5.85634768517815
    vertex 16.06318479606342 -70.18528402882984 0.8974241138121073
    vertex 15.86960976121821 -70.22930646123916 11.19812483347818
  endloop
endfacet
facet normal -0.624626 -0.7809 -0.00610919
  outer loop
    vertex -47.80842659938082 -53.83636639012348 75.82514334758588
    vertex -48.70849309324718 -53.02341653067154 63.93687719341945
    vertex -41.39407349189332 -58.91121013650742 68.68415271880775
  endloop
endfacet
facet normal -0.887752 -0.460258 0.00763839
  outer loop
    vertex -61.39009183349464 -37.6198966595483 87.21806763186935
    vertex -66.18719381142029 -28.34176027295214 88.74932248071438
    vertex -65.74799543891028 -29.34622796485152 79.26895473627381
  endloop
endfacet
facet normal -0.391121 -0.920126 0.0198265
  outer loop
    vertex -32.67530175631492 -64.1585898780028 72.6100319623733
    vertex -26.26524278074665 -67.03832502135205 65.41727314663764
    vertex -22.624946606708 -68.35284771714791 76.22458186588572
  endloop
endfacet
facet normal -0.718229 -0.695807 5.11916e-05
  outer loop
    vertex -48.33146252201308 -53.36730956759245 1.03517528015584
    vertex -48.32497280858648 -53.37318618041626 12.2110093840857
    vertex -54.87622133788227 -46.61116102046542 7.737947477879231
  endloop
endfacet
facet normal 0.155478 -0.987558 0.0235939
  outer loop
    vertex 5.70730793626615 -71.7734396286024 86.58462093648677
    vertex 10.3985237641371 -71.24514512250414 77.78315584660216
    vertex 16.80806619762505 -70.01063426863276 87.2180676318693
  endloop
endfacet
facet normal 0.998282 -0.0585993 0
  outer loop
    vertex 72 8.81745695386094e-15 97
    vertex 71.50552101002305 -8.423803480919625 88.45166471939835
    vertex 72 8.81745695386094e-15 85.3
  endloop
endfacet
facet normal 0.998282 -0.0585938 0
  outer loop
    vertex 72 8.81745695386094e-15 -8.299999999999983
    vertex 71.50561497624808 -8.423005809600653 -11.4524453771872
    vertex 72 8.81745695386094e-15 -20
  endloop
endfacet
facet normal -0.599422 -0.800416 0.00517968
  outer loop
    vertex -39.9186963145517 -59.92076171534035 79.80576518236805
    vertex -39.27665651548358 -60.34355187561236 88.77250018248725
    vertex -46.76025947977334 -54.74922952320213 87.21806763186937
  endloop
endfacet
facet normal 0.996725 -0.078444 0.0196456
  outer loop
    vertex 71.11356052284991 -11.26328148289664 97
    vertex 71.50552101002305 -8.423803480919625 88.45166471939835
    vertex 72 8.81745695386094e-15 97
  endloop
endfacet
facet normal 0.200313 -0.979657 0.0121477
  outer loop
    vertex 15.33525091873332 -70.347921641364 68.73449508220338
    vertex 18.68854709643816 -69.53228176483361 79.2168984768646
    vertex 10.3985237641371 -71.24514512250414 77.78315584660216
  endloop
endfacet
facet normal 0.996725 -0.0784439 -0.019651
  outer loop
    vertex 72 8.81745695386094e-15 -20
    vertex 71.50561497624808 -8.423005809600653 -11.4524453771872
    vertex 71.11356052284992 -11.26328148289658 -20
  endloop
endfacet
facet normal 0.835146 -0.549988 0.00660753
  outer loop
    vertex 62.14602640183368 -36.35754945623524 68.20323603402754
    vertex 62.67723519136535 -35.43394119719501 77.94009644044844
    vertex 57.46580163400448 -43.3783545395771 75.36365532842909
  endloop
endfacet
facet normal -0.892382 -0.450599 0.0247887
  outer loop
    vertex -61.39009183349462 -37.61989665954836 -10.21806763186935
    vertex -66.51932634081263 -27.55320713028651 -11.88006764279825
    vertex -64.15246974156248 -32.68731598124738 -20
  endloop
endfacet
facet normal -0.596472 -0.802466 -0.0164037
  outer loop
    vertex -46.76025947977334 -54.74922952320213 87.21806763186937
    vertex -39.27665651548358 -60.34355187561236 88.77250018248725
    vertex -42.32053816505818 -58.24922359499614 97
  endloop
endfacet
facet normal -0.94647 -0.322313 0.0175438
  outer loop
    vertex -68.47606917325103 -22.24922359499629 -20
    vertex -66.51932634081263 -27.55320713028651 -11.88006764279825
    vertex -69.61662725354532 -18.37185918302582 -10.29734737183558
  endloop
endfacet
facet normal 0.640075 -0.7682 0.013162
  outer loop
    vertex 49.69016750480623 -52.10457996514604 78.43910487573353
    vertex 41.76433225151359 -58.64930137337683 81.89390039493233
    vertex 43.20949436377777 -57.59287800437357 73.27309003994013
  endloop
endfacet
facet normal 0.52242 -0.852513 -0.0172983
  outer loop
    vertex 42.32053816505818 -58.24922359499614 -20
    vertex 34.9217090028888 -62.96407102719419 -11.08771959695542
    vertex 32.68731598124755 -64.1524697415624 -20
  endloop
endfacet
facet normal 0.886812 -0.461989 -0.0114303
  outer loop
    vertex 65.91317407130525 -28.9733236589421 20.68897960113794
    vertex 62.10751064408279 -36.42330464956665 26.54159594823859
    vertex 61.05317725145508 -38.16424435911718 15.10699783364038
  endloop
endfacet
facet normal 0.893026 -0.449998 0.00268658
  outer loop
    vertex 61.84205851408874 -36.87220902983742 57.11755655601181
    vertex 66.34421425077247 -27.97222256896293 51.32347589196722
    vertex 66.51320519513743 -27.56798024283867 62.86041559698977
  endloop
endfacet
facet normal -0.505309 -0.862893 0.00885643
  outer loop
    vertex -41.13441195695247 -59.09280965528485 10.91473009646938
    vertex -39.98547559827965 -59.87622016443075 0.1393602030028944
    vertex -31.99531070251171 -64.50038831704612 5.484824274332524
  endloop
endfacet
facet normal 0.644796 -0.764171 0.0167693
  outer loop
    vertex 42.37245214657855 -58.21147051128249 -5.676458761281452
    vertex 49.15220705033088 -52.61236111486923 -11.21554934847917
    vertex 51.02829046515929 -50.79481835978284 -0.5280829676421774
  endloop
endfacet
facet normal -0.945034 -0.326283 -0.021231
  outer loop
    vertex -69.757318784888 -17.83021244807563 86.11844362185505
    vertex -66.18719381142029 -28.34176027295214 88.74932248071438
    vertex -68.47606917325108 -22.24922359499618 97
  endloop
endfacet
facet normal 0.649353 -0.760294 -0.0171312
  outer loop
    vertex 50.9116882454315 -50.91168824543134 -20
    vertex 49.15220705033088 -52.61236111486923 -11.21554934847917
    vertex 42.32053816505818 -58.24922359499614 -20
  endloop
endfacet
facet normal 0.736958 -0.675851 -0.0108807
  outer loop
    vertex 56.66143297035148 -44.42389012396783 5.718502746802429
    vertex 55.45546289394546 -45.92049254111108 16.99815058724367
    vertex 49.75186398862828 -52.04567253535141 11.15243918515814
  endloop
endfacet
facet normal -0.711118 -0.702586 -0.0261658
  outer loop
    vertex -50.9116882454315 -50.91168824543134 97
    vertex -54.74922952320228 -46.76025947977316 89.82303809086292
    vertex -46.76025947977334 -54.74922952320213 87.21806763186937
  endloop
endfacet
facet normal 0.910633 -0.412966 -0.0143873
  outer loop
    vertex 63.47457388044294 -33.98497419001801 -2.303062040861619
    vertex 67.39277021741799 -25.34195182740072 -2.388787631115022
    vertex 65.7445775085979 -29.35388438036717 8.446575183054648
  endloop
endfacet
facet normal -0.711062 -0.702644 0.0261195
  outer loop
    vertex -46.76025947977309 -54.74922952320234 -10.21806763186929
    vertex -54.7492295232022 -46.76025947977326 -12.79292174736973
    vertex -50.91168824543137 -50.91168824543148 -20
  endloop
endfacet
facet normal 0.530107 -0.847803 0.0147067
  outer loop
    vertex 32.92406131156347 -64.03129068473014 -0.6044949583418884
    vertex 34.9217090028888 -62.96407102719419 -11.08771959695542
    vertex 42.37245214657855 -58.21147051128249 -5.676458761281452
  endloop
endfacet
facet normal 0.735886 -0.677004 0.0117387
  outer loop
    vertex 49.56221380602778 -52.22630527469457 22.76522380574967
    vertex 55.45546289394546 -45.92049254111108 16.99815058724367
    vertex 56.70864168947179 -44.36361073825147 28.2275682064017
  endloop
endfacet
facet normal -0.805179 -0.592454 -0.0261658
  outer loop
    vertex -61.39009183349464 -37.6198966595483 87.21806763186935
    vertex -54.74922952320228 -46.76025947977316 89.82303809086292
    vertex -58.24922359499624 -42.32053816505803 97
  endloop
endfacet
facet normal -0.24734 -0.968924 0.00304804
  outer loop
    vertex -13.39006616066498 -70.74394764368903 50.37147055469097
    vertex -13.00342735993192 -70.8160354502776 58.83061245768099
    vertex -22.44132448827604 -68.41335363225444 56.7446527146561
  endloop
endfacet
facet normal -0.805228 -0.59239 0.0261195
  outer loop
    vertex -58.24922359499617 -42.32053816505813 -20
    vertex -54.7492295232022 -46.76025947977326 -12.79292174736973
    vertex -61.39009183349462 -37.61989665954836 -10.21806763186935
  endloop
endfacet
facet normal -0.72153 -0.692371 -0.00407653
  outer loop
    vertex -48.23559473743214 -53.45397459802413 39.01856286467689
    vertex -48.71114781744925 -53.02097771926324 49.64797434957956
    vertex -55.18118308021182 -46.24972468964702 44.76685201790789
  endloop
endfacet
facet normal -0.606311 -0.795219 0.00366415
  outer loop
    vertex -40.44658986818637 -59.56570630853564 22.09825705912888
    vertex -46.61945895580605 -54.8691720975259 19.93976847883053
    vertex -41.13441195695247 -59.09280965528485 10.91473009646938
  endloop
endfacet
facet normal -0.382611 -0.923704 0.0194654
  outer loop
    vertex -32.68731598124755 -64.1524697415624 97
    vertex -24.67940672234681 -67.63820579992482 88.99213364040853
    vertex -22.24922359499641 -68.47606917325099 97
  endloop
endfacet
facet normal 0.706482 -0.707367 0.0226896
  outer loop
    vertex 46.76025947977316 -54.74922952320228 87.21806763186932
    vertex 49.69016750480623 -52.10457996514604 78.43910487573353
    vertex 54.68762309235726 -46.83229527268841 87.20195060513169
  endloop
endfacet
facet normal -0.998378 -0.0569383 0
  outer loop
    vertex -72 0 -20
    vertex -71.53315640994231 -8.185812973109588 -11.68361393573176
    vertex -72 0 -8.299999999999983
  endloop
endfacet
facet normal 0.825015 -0.565111 0.000352034
  outer loop
    vertex 56.70864168947179 -44.36361073825147 28.2275682064017
    vertex 61.87742528072204 -36.81282712083739 35.92263544922071
    vertex 56.66959115595039 -44.41348261752763 39.68702759268965
  endloop
endfacet
facet normal -0.996692 -0.0784414 -0.0212601
  outer loop
    vertex -71.11356052284991 -11.26328148289664 -20
    vertex -71.53315640994231 -8.185812973109588 -11.68361393573176
    vertex -72 0 -20
  endloop
endfacet
facet normal 0.156096 -0.987542 -0.0198743
  outer loop
    vertex 16.77931340452438 -70.01753095955861 -10.15922682317191
    vertex 8.124001300434719 -71.54020270358852 -2.478804953183143
    vertex 5.615302449558268 -71.7806964190233 -10.23253172852367
  endloop
endfacet
facet normal 0.52232 -0.852349 0.0261467
  outer loop
    vertex 32.68731598124725 -64.15246974156256 97
    vertex 37.6198966595482 -61.39009183349471 88.5141970160241
    vertex 42.32053816505795 -58.24922359499629 97
  endloop
endfacet
facet normal 0.942615 -0.333864 -0.00335455
  outer loop
    vertex 66.34421425077247 -27.97222256896293 51.32347589196722
    vertex 66.14313182015373 -28.44443905268246 41.81774548576092
    vertex 69.1778659408959 -19.96053265480243 50.20003336375633
  endloop
endfacet
facet normal -0.713993 -0.70004 -0.0125508
  outer loop
    vertex -54.87622133788227 -46.61116102046542 7.737947477879231
    vertex -48.32497280858648 -53.37318618041626 12.2110093840857
    vertex -53.03438917192863 -48.69654572103055 19.27478059750439
  endloop
endfacet
facet normal 0.847813 -0.53 -0.0176715
  outer loop
    vertex 63.47457388044294 -33.98497419001801 -2.303062040861619
    vertex 61.67469351754661 -37.15147614182636 6.314422640885141
    vertex 58.24338479710454 -42.32857341532326 -3.036667870348964
  endloop
endfacet
facet normal 0.747276 -0.664502 0.00388451
  outer loop
    vertex 57.46580163400448 -43.3783545395771 75.36365532842909
    vertex 49.69016750480623 -52.10457996514604 78.43910487573353
    vertex 50.04998223919436 -51.75905020241706 68.3283026063568
  endloop
endfacet
facet normal -0.382252 -0.924042 -0.00551049
  outer loop
    vertex -31.99531070251171 -64.50038831704612 5.484824274332524
    vertex -32.60741842371745 -64.19311694987721 -3.580146714077074
    vertex -22.46781541592678 -68.40465825099811 -0.7200618747492911
  endloop
endfacet
facet normal 0.846188 -0.532443 0.0217062
  outer loop
    vertex 63.47457388044294 -33.98497419001801 -2.303062040861619
    vertex 58.24338479710454 -42.32857341532326 -3.036667870348964
    vertex 61.38409138475244 -37.62968674953807 -10.21147736044378
  endloop
endfacet
facet normal -0.623952 -0.781345 -0.0135497
  outer loop
    vertex -41.13441195695247 -59.09280965528485 10.91473009646938
    vertex -46.61945895580605 -54.8691720975259 19.93976847883053
    vertex -48.32497280858648 -53.37318618041626 12.2110093840857
  endloop
endfacet
facet normal -0.119511 -0.99279 -0.00919587
  outer loop
    vertex -5.806356339298897 -71.76549467579167 67.80039649236384
    vertex -13.00342735993192 -70.8160354502776 58.83061245768099
    vertex -3.817788048495552 -71.89870996350884 56.33863957644679
  endloop
endfacet
facet normal -0.923561 -0.382551 0.0262758
  outer loop
    vertex -68.47606917325108 -22.24922359499618 97
    vertex -66.18719381142029 -28.34176027295214 88.74932248071438
    vertex -64.1524697415625 -32.68731598124733 97
  endloop
endfacet
facet normal -0.889509 -0.456434 -0.021035
  outer loop
    vertex -64.1524697415625 -32.68731598124733 97
    vertex -66.18719381142029 -28.34176027295214 88.74932248071438
    vertex -61.39009183349464 -37.6198966595483 87.21806763186935
  endloop
endfacet
facet normal -0.389569 -0.920646 0.0254318
  outer loop
    vertex -22.46781541592678 -68.40465825099811 -0.7200618747492911
    vertex -32.60741842371745 -64.19311694987721 -3.580146714077074
    vertex -27.55320713028636 -66.51932634081268 -10.36893011388359
  endloop
endfacet
facet normal 0.169861 -0.98546 -0.00394984
  outer loop
    vertex 16.06318479606342 -70.18528402882984 0.8974241138121073
    vertex 8.124001300434719 -71.54020270358852 -2.478804953183143
    vertex 16.77931340452438 -70.01753095955861 -10.15922682317191
  endloop
endfacet
facet normal 0.0430394 -0.999002 -0.0119688
  outer loop
    vertex -1.556666919392734 -71.9831701726318 -0.3169194825836001
    vertex 8.124001300434719 -71.54020270358852 -2.478804953183143
    vertex 6.414112952605665 -71.71373058927568 5.85634768517815
  endloop
endfacet
facet normal 0.630494 -0.775844 -0.0232998
  outer loop
    vertex 46.76025947977316 -54.74922952320228 87.21806763186932
    vertex 41.76433225151359 -58.64930137337683 81.89390039493233
    vertex 49.69016750480623 -52.10457996514604 78.43910487573353
  endloop
endfacet
facet normal -0.62831 -0.777956 0.00321904
  outer loop
    vertex -41.39407349189332 -58.91121013650742 68.68415271880775
    vertex -48.70849309324718 -53.02341653067154 63.93687719341945
    vertex -41.86899352216533 -58.57463086901085 57.32879838886067
  endloop
endfacet
facet normal -0.923535 -0.382541 -0.027324
  outer loop
    vertex -64.15246974156248 -32.68731598124738 -20
    vertex -66.51932634081263 -27.55320713028651 -11.88006764279825
    vertex -68.47606917325103 -22.24922359499629 -20
  endloop
endfacet
facet normal 0.93809 -0.345362 -0.0266948
  outer loop
    vertex 69.28929208365246 -19.57023256239686 -10.41387456097058
    vertex 67.39277021741799 -25.34195182740072 -2.388787631115022
    vertex 65.45525156468153 -29.99350000590555 -10.29654684662873
  endloop
endfacet
facet normal 0.82358 -0.567155 -0.00711144
  outer loop
    vertex 56.66143297035148 -44.42389012396783 5.718502746802429
    vertex 61.67469351754661 -37.15147614182636 6.314422640885141
    vertex 61.05317725145508 -38.16424435911718 15.10699783364038
  endloop
endfacet
facet normal 0.29598 -0.955113 0.0124612
  outer loop
    vertex 16.80806619762505 -70.01063426863276 87.2180676318693
    vertex 18.68854709643816 -69.53228176483361 79.2168984768646
    vertex 25.74944801941994 -67.23812851868492 87.34539072818107
  endloop
endfacet
facet normal -0.415818 -0.909425 -0.0064665
  outer loop
    vertex -33.93082167547301 -63.50353801503701 61.22006082008008
    vertex -26.26524278074665 -67.03832502135205 65.41727314663764
    vertex -32.67530175631492 -64.1585898780028 72.6100319623733
  endloop
endfacet
facet normal 0.0695865 -0.997191 0.0277196
  outer loop
    vertex -0.06499948061105673 -71.99997066018514 76.89622348074657
    vertex 6.369510645844995 -71.71770586216815 70.8974648699363
    vertex 10.3985237641371 -71.24514512250414 77.78315584660216
  endloop
endfacet
facet normal 0.998389 -0.0567344 0
  outer loop
    vertex 72 8.81745695386094e-15 73.59999999999999
    vertex 71.53649324124727 -8.156600685640072 67.75
    vertex 72 8.81745695386094e-15 61.9
  endloop
endfacet
facet normal -0.495471 -0.868607 -0.00547873
  outer loop
    vertex -31.53032224958822 -64.72896398705237 83.50029794108971
    vertex -39.27665651548358 -60.34355187561236 88.77250018248725
    vertex -39.9186963145517 -59.92076171534035 79.80576518236805
  endloop
endfacet
facet normal -0.522351 -0.8524 0.0237289
  outer loop
    vertex -42.32053816505818 -58.24922359499614 97
    vertex -39.27665651548358 -60.34355187561236 88.77250018248725
    vertex -32.68731598124755 -64.1524697415624 97
  endloop
endfacet
facet normal 0.890249 -0.455473 -0.000902357
  outer loop
    vertex 65.83964372355646 -29.14002941582509 32.29164237457911
    vertex 62.10751064408279 -36.42330464956665 26.54159594823859
    vertex 65.91317407130525 -28.9733236589421 20.68897960113794
  endloop
endfacet
facet normal 0.89277 -0.45051 0.0017013
  outer loop
    vertex 61.98762357694 -36.62696442900492 45.67276197908974
    vertex 66.34421425077247 -27.97222256896293 51.32347589196722
    vertex 61.84205851408874 -36.87220902983742 57.11755655601181
  endloop
endfacet
facet normal 0.9409 -0.338643 -0.00524823
  outer loop
    vertex 69.17640282734895 -19.9656027173824 38.52255483664928
    vertex 66.14313182015373 -28.44443905268246 41.81774548576092
    vertex 65.83964372355646 -29.14002941582509 32.29164237457911
  endloop
endfacet
facet normal 0.435566 -0.900092 0.0108213
  outer loop
    vertex 32.68731598124755 -64.1524697415624 -20
    vertex 34.9217090028888 -62.96407102719419 -11.08771959695542
    vertex 27.55320713028662 -66.51932634081258 -10.21806763186936
  endloop
endfacet
facet normal 0.731209 -0.682152 0.00133086
  outer loop
    vertex 49.75186398862828 -52.04567253535141 11.15243918515814
    vertex 55.45546289394546 -45.92049254111108 16.99815058724367
    vertex 49.56221380602778 -52.22630527469457 22.76522380574967
  endloop
endfacet
facet normal 0.897769 -0.440407 -0.00720347
  outer loop
    vertex 66.55275842329154 -27.47235603749699 74.1900059245184
    vertex 62.67723519136535 -35.43394119719501 77.94009644044844
    vertex 62.14602640183368 -36.35754945623524 68.20323603402754
  endloop
endfacet
facet normal -0.946105 -0.323719 -0.00953152
  outer loop
    vertex -65.74799543891028 -29.34622796485152 79.26895473627381
    vertex -66.18719381142029 -28.34176027295214 88.74932248071438
    vertex -69.757318784888 -17.83021244807563 86.11844362185505
  endloop
endfacet
facet normal 0.826643 -0.562718 -0.00309055
  outer loop
    vertex 62.10751064408279 -36.42330464956665 26.54159594823859
    vertex 61.87742528072204 -36.81282712083739 35.92263544922071
    vertex 56.70864168947179 -44.36361073825147 28.2275682064017
  endloop
endfacet
facet normal 0.978957 -0.203838 -0.00962943
  outer loop
    vertex 71.28703124999939 -10.1073822309048 56.05
    vertex 69.53992924451941 -18.66007075729437 59.47995240230135
    vertex 69.1778659408959 -19.96053265480243 50.20003336375633
  endloop
endfacet
facet normal -0.998202 -0.0595922 0.00644468
  outer loop
    vertex -72 0 -8.299999999999983
    vertex -71.53315640994231 -8.185812973109588 -11.68361393573176
    vertex -71.40878530932518 -9.207897732202731 -1.870995472672845
  endloop
endfacet
facet normal 0.891336 -0.453341 -0.00143224
  outer loop
    vertex 61.87742528072204 -36.81282712083739 35.92263544922071
    vertex 66.14313182015373 -28.44443905268246 41.81774548576092
    vertex 61.98762357694 -36.62696442900492 45.67276197908974
  endloop
endfacet
facet normal 0.148469 -0.988858 -0.0108127
  outer loop
    vertex 15.33525091873332 -70.347921641364 68.73449508220338
    vertex 6.369510645844995 -71.71770586216815 70.8974648699363
    vertex 5.00307908577223 -71.82596466224111 62.03567822300179
  endloop
endfacet
facet normal 0.308546 -0.950762 -0.0291797
  outer loop
    vertex 27.55320713028662 -66.51932634081258 -10.21806763186936
    vertex 23.30917178466409 -68.12255508062671 -2.856495086565573
    vertex 16.77931340452438 -70.01753095955861 -10.15922682317191
  endloop
endfacet
facet normal 0.825265 -0.564744 0.00143815
  outer loop
    vertex 56.66959115595039 -44.41348261752763 39.68702759268965
    vertex 61.87742528072204 -36.81282712083739 35.92263544922071
    vertex 61.98762357694 -36.62696442900492 45.67276197908974
  endloop
endfacet
facet normal 0.88948 -0.456946 0.00502837
  outer loop
    vertex 65.83964372355646 -29.14002941582509 32.29164237457911
    vertex 66.14313182015373 -28.44443905268246 41.81774548576092
    vertex 61.87742528072204 -36.81282712083739 35.92263544922071
  endloop
endfacet
facet normal -0.156479 -0.987457 0.0210307
  outer loop
    vertex -16.40368605376374 -70.10648389307195 66.8466022510799
    vertex -13.00342735993192 -70.8160354502776 58.83061245768099
    vertex -5.806356339298897 -71.76549467579167 67.80039649236384
  endloop
endfacet
facet normal 0.72174 -0.692083 0.0105733
  outer loop
    vertex 54.74922952320227 -46.76025947977317 -10.21806763186937
    vertex 49.15220705033088 -52.61236111486923 -11.21554934847917
    vertex 50.9116882454315 -50.91168824543134 -20
  endloop
endfacet
facet normal 0.946923 -0.321335 -0.00899001
  outer loop
    vertex 69.71483088682935 -17.99562042333589 68.52020347014373
    vertex 69.38239427242162 -19.23755091029611 77.8955397196641
    vertex 66.55275842329154 -27.47235603749699 74.1900059245184
  endloop
endfacet
facet normal 0.998163 -0.0603885 0.00481384
  outer loop
    vertex 71.41815708157364 -9.134924141539079 -2.248642403634705
    vertex 71.50561497624808 -8.423005809600653 -11.4524453771872
    vertex 72 8.81745695386094e-15 -8.299999999999983
  endloop
endfacet
facet normal -0.692619 -0.721189 -0.012822
  outer loop
    vertex -53.03438917192863 -48.69654572103055 19.27478059750439
    vertex -46.61945895580605 -54.8691720975259 19.93976847883053
    vertex -48.25274673704429 -53.43849204768657 27.69644264560246
  endloop
endfacet
facet normal -0.760046 -0.64914 -0.0307818
  outer loop
    vertex -50.91168824543137 -50.91168824543148 -20
    vertex -54.7492295232022 -46.76025947977326 -12.79292174736973
    vertex -58.24922359499617 -42.32053816505813 -20
  endloop
endfacet
facet normal -0.760043 -0.649138 0.0309108
  outer loop
    vertex -58.24922359499624 -42.32053816505803 97
    vertex -54.74922952320228 -46.76025947977316 89.82303809086292
    vertex -50.9116882454315 -50.91168824543134 97
  endloop
endfacet
facet normal 0.885455 -0.464636 0.00907088
  outer loop
    vertex 61.05317725145508 -38.16424435911718 15.10699783364038
    vertex 61.67469351754661 -37.15147614182636 6.314422640885141
    vertex 65.7445775085979 -29.35388438036717 8.446575183054648
  endloop
endfacet
facet normal -0.997856 -0.0650605 -0.00714054
  outer loop
    vertex -71.30615236730716 -9.971591376022921 79.19364356440738
    vertex -71.42826419425978 -9.055554880570631 87.91177789002063
    vertex -72 0 85.3
  endloop
endfacet
facet normal 0.997923 -0.0632169 -0.0123983
  outer loop
    vertex 72 8.81745695386094e-15 85.3
    vertex 71.50552101002305 -8.423803480919625 88.45166471939835
    vertex 71.28703125 -10.10738223090049 79.44999999999999
  endloop
endfacet
facet normal 0.537218 -0.843338 -0.0132882
  outer loop
    vertex 43.20949436377777 -57.59287800437357 73.27309003994013
    vertex 41.76433225151359 -58.64930137337683 81.89390039493233
    vertex 34.93576717575176 -62.95627190234239 79.16985993769623
  endloop
endfacet
facet normal 0.808596 -0.587556 -0.0308433
  outer loop
    vertex 61.38409138475244 -37.62968674953807 -10.21147736044378
    vertex 58.24338479710454 -42.32857341532326 -3.036667870348964
    vertex 54.74922952320227 -46.76025947977317 -10.21806763186937
  endloop
endfacet
facet normal 0.947421 -0.319946 0.00518601
  outer loop
    vertex 66.51320519513743 -27.56798024283867 62.86041559698977
    vertex 69.53992924451941 -18.66007075729437 59.47995240230135
    vertex 69.71483088682935 -17.99562042333589 68.52020347014373
  endloop
endfacet
facet normal -0.0949481 -0.995314 0.0183232
  outer loop
    vertex -13.31226755597767 -70.75862867889728 5.2842086824311
    vertex -11.26948556372073 -71.11257761556031 -3.356860601639667
    vertex -1.556666919392734 -71.9831701726318 -0.3169194825836001
  endloop
endfacet
facet normal -0.156632 -0.987135 -0.0321006
  outer loop
    vertex -5.681417178143009 -71.77549372068367 -10.23776614035629
    vertex -11.26948556372073 -71.11257761556031 -3.356860601639667
    vertex -16.80806619762502 -70.01063426863276 -10.21806763186933
  endloop
endfacet
facet normal -0.982561 -0.18581 -0.00690048
  outer loop
    vertex -71.40878530932518 -9.207897732202731 -1.870995472672845
    vertex -71.53315640994231 -8.185812973109588 -11.68361393573176
    vertex -69.61662725354532 -18.37185918302582 -10.29734737183558
  endloop
endfacet
facet normal -0.117878 -0.993023 -0.00307463
  outer loop
    vertex -3.817788048495552 -71.89870996350884 56.33863957644679
    vertex -13.00342735993192 -70.8160354502776 58.83061245768099
    vertex -13.39006616066498 -70.74394764368903 50.37147055469097
  endloop
endfacet
facet normal -0.454136 -0.89032 -0.033029
  outer loop
    vertex -27.55320713028636 -66.51932634081268 -10.36893011388359
    vertex -32.60741842371745 -64.19311694987721 -3.580146714077074
    vertex -37.61989665954817 -61.39009183349474 -10.21806763186932
  endloop
endfacet
facet normal 0.984092 -0.177129 -0.0137137
  outer loop
    vertex 69.90449574773591 -17.24417218235691 87.488275651042
    vertex 71.50552101002305 -8.423803480919625 88.45166471939835
    vertex 71.11356052284991 -11.26328148289664 97
  endloop
endfacet
facet normal 0.980962 -0.193247 0.01922
  outer loop
    vertex 71.11356052284992 -11.26328148289658 -20
    vertex 71.50561497624808 -8.423005809600653 -11.4524453771872
    vertex 69.28929208365246 -19.57023256239686 -10.41387456097058
  endloop
endfacet
facet normal 0.281051 -0.959572 0.0152253
  outer loop
    vertex 16.06318479606342 -70.18528402882984 0.8974241138121073
    vertex 23.30917178466409 -68.12255508062671 -2.856495086565573
    vertex 25.3237868933395 -67.39959805058726 5.519056814592446
  endloop
endfacet
facet normal 0.979246 -0.202365 -0.0112455
  outer loop
    vertex 69.90449574773591 -17.24417218235691 87.488275651042
    vertex 69.38239427242162 -19.23755091029611 77.8955397196641
    vertex 71.28703125 -10.10738223090049 79.44999999999999
  endloop
endfacet
facet normal 0.275349 -0.961339 0.00324853
  outer loop
    vertex 16.77931340452438 -70.01753095955861 -10.15922682317191
    vertex 23.30917178466409 -68.12255508062671 -2.856495086565573
    vertex 16.06318479606342 -70.18528402882984 0.8974241138121073
  endloop
endfacet
facet normal 0.146759 -0.989009 -0.0179976
  outer loop
    vertex 10.3985237641371 -71.24514512250414 77.78315584660216
    vertex 6.369510645844995 -71.71770586216815 70.8974648699363
    vertex 15.33525091873332 -70.347921641364 68.73449508220338
  endloop
endfacet
facet normal -0.983039 -0.182519 0.0179427
  outer loop
    vertex -69.61662725354532 -18.37185918302582 -10.29734737183558
    vertex -71.53315640994231 -8.185812973109588 -11.68361393573176
    vertex -71.11356052284991 -11.26328148289664 -20
  endloop
endfacet
facet normal 0.822777 -0.568223 0.0126768
  outer loop
    vertex 58.24338479710454 -42.32857341532326 -3.036667870348964
    vertex 61.67469351754661 -37.15147614182636 6.314422640885141
    vertex 56.66143297035148 -44.42389012396783 5.718502746802429
  endloop
endfacet
facet normal 0.590749 -0.806047 0.0361186
  outer loop
    vertex 37.6198966595482 -61.39009183349471 88.5141970160241
    vertex 41.76433225151359 -58.64930137337683 81.89390039493233
    vertex 46.76025947977316 -54.74922952320228 87.21806763186932
  endloop
endfacet
facet normal -0.278887 -0.960193 -0.01583
  outer loop
    vertex -22.24922359499641 -68.47606917325099 97
    vertex -24.67940672234681 -67.63820579992482 88.99213364040853
    vertex -14.99583853536994 -70.42105385906343 87.18865495866021
  endloop
endfacet
facet normal -0.609363 -0.792689 0.0178967
  outer loop
    vertex -48.25274673704429 -53.43849204768657 27.69644264560246
    vertex -46.61945895580605 -54.8691720975259 19.93976847883053
    vertex -40.44658986818637 -59.56570630853564 22.09825705912888
  endloop
endfacet
facet normal -0.500359 -0.865731 0.0122586
  outer loop
    vertex -37.61989665954817 -61.39009183349474 -10.21806763186932
    vertex -32.60741842371745 -64.19311694987721 -3.580146714077074
    vertex -39.98547559827965 -59.87622016443075 0.1393602030028944
  endloop
endfacet
facet normal 0.884883 -0.465611 0.0137307
  outer loop
    vertex 65.7445775085979 -29.35388438036717 8.446575183054648
    vertex 61.67469351754661 -37.15147614182636 6.314422640885141
    vertex 63.47457388044294 -33.98497419001801 -2.303062040861619
  endloop
endfacet
facet normal -0.50324 -0.864134 0.00468986
  outer loop
    vertex -39.98547559827965 -59.87622016443075 0.1393602030028944
    vertex -32.60741842371745 -64.19311694987721 -3.580146714077074
    vertex -31.99531070251171 -64.50038831704612 5.484824274332524
  endloop
endfacet
facet normal -0.0950608 -0.995296 0.0186882
  outer loop
    vertex -1.556666919392734 -71.9831701726318 -0.3169194825836001
    vertex -11.26948556372073 -71.11257761556031 -3.356860601639667
    vertex -5.681417178143009 -71.77549372068367 -10.23776614035629
  endloop
endfacet
facet normal 0.980682 -0.195523 -0.00580498
  outer loop
    vertex 69.28929208365246 -19.57023256239686 -10.41387456097058
    vertex 71.50561497624808 -8.423005809600653 -11.4524453771872
    vertex 71.41815708157364 -9.134924141539079 -2.248642403634705
  endloop
endfacet
facet normal 0.983689 -0.179615 0.00971713
  outer loop
    vertex 71.28703125 -10.10738223090049 79.44999999999999
    vertex 71.50552101002305 -8.423803480919625 88.45166471939835
    vertex 69.90449574773591 -17.24417218235691 87.488275651042
  endloop
endfacet
facet normal -0.694045 -0.719799 0.0138306
  outer loop
    vertex -48.32497280858648 -53.37318618041626 12.2110093840857
    vertex -46.61945895580605 -54.8691720975259 19.93976847883053
    vertex -53.03438917192863 -48.69654572103055 19.27478059750439
  endloop
endfacet
facet normal 0.537117 -0.843409 -0.0129236
  outer loop
    vertex 34.93576717575176 -62.95627190234239 79.16985993769623
    vertex 41.76433225151359 -58.64930137337683 81.89390039493233
    vertex 37.6198966595482 -61.39009183349471 88.5141970160241
  endloop
endfacet
facet normal 0.204083 -0.978897 -0.0105588
  outer loop
    vertex 10.3985237641371 -71.24514512250414 77.78315584660216
    vertex 18.68854709643816 -69.53228176483361 79.2168984768646
    vertex 16.80806619762505 -70.01063426863276 87.2180676318693
  endloop
endfacet
facet normal 0.892279 -0.451471 0.00355266
  outer loop
    vertex 61.98762357694 -36.62696442900492 45.67276197908974
    vertex 66.14313182015373 -28.44443905268246 41.81774548576092
    vertex 66.34421425077247 -27.97222256896293 51.32347589196722
  endloop
endfacet
facet normal 0.910679 -0.412649 0.0196012
  outer loop
    vertex 65.45525156468153 -29.99350000590555 -10.29654684662873
    vertex 67.39277021741799 -25.34195182740072 -2.388787631115022
    vertex 63.47457388044294 -33.98497419001801 -2.303062040861619
  endloop
endfacet
facet normal 0.889059 -0.457785 0.00279735
  outer loop
    vertex 65.83964372355646 -29.14002941582509 32.29164237457911
    vertex 61.87742528072204 -36.81282712083739 35.92263544922071
    vertex 62.10751064408279 -36.42330464956665 26.54159594823859
  endloop
endfacet
facet normal 0.162892 -0.98656 0.012877
  outer loop
    vertex 6.414112952605665 -71.71373058927568 5.85634768517815
    vertex 8.124001300434719 -71.54020270358852 -2.478804953183143
    vertex 16.06318479606342 -70.18528402882984 0.8974241138121073
  endloop
endfacet
facet normal -0 0 1
  outer loop
    vertex 8.521133772390678 48.68531721530415 97
    vertex 20.94445079260493 47.8906672843313 97
    vertex 14.47211802793224 60.28070989446697 97
  endloop
endfacet
facet normal 0 0 1
  outer loop
    vertex 32.68731598124725 -64.15246974156256 97
    vertex 21.92283506960084 -55.34376334646625 97
    vertex 22.24922359499608 -68.4760691732511 97
  endloop
endfacet
facet normal 0 -0 1
  outer loop
    vertex 20.94445079260493 47.8906672843313 97
    vertex 24.54893486844297 58.73162952608223 97
    vertex 14.47211802793224 60.28070989446697 97
  endloop
endfacet
facet normal 0 0 1
  outer loop
    vertex 1.323062753105786e-13 72 97
    vertex 4.383676055583068 59.97806833264573 97
    vertex 11.26328148289678 71.11356052284989 97
  endloop
endfacet
facet normal 0 0 1
  outer loop
    vertex 32.60456897049999 -53.48135363357696 97
    vertex 21.92283506960084 -55.34376334646625 97
    vertex 32.68731598124725 -64.15246974156256 97
  endloop
endfacet
facet normal 0 0 1
  outer loop
    vertex -22.43664875954188 45.96474978424695 97
    vertex -22.93300235951337 57.85461397997787 97
    vertex -32.28070238732031 53.0856411863939 97
  endloop
endfacet
facet normal 0 0 1
  outer loop
    vertex -12.97095162312201 53.08100489314349 97
    vertex -22.93300235951337 57.85461397997787 97
    vertex -22.43664875954188 45.96474978424695 97
  endloop
endfacet
facet normal -0 0 1
  outer loop
    vertex 44.7465817949611 -0.1745767371412095 97
    vertex 55.56118331664201 -2.997012713267486 97
    vertex 52.32455569063996 8.025004412820545 97
  endloop
endfacet
facet normal 0 0 1
  outer loop
    vertex 32.39156594543385 52.85823153679945 97
    vertex 24.54893486844297 58.73162952608223 97
    vertex 20.94445079260493 47.8906672843313 97
  endloop
endfacet
facet normal 0 0 1
  outer loop
    vertex 36.13816911370064 -38.0617730527706 97
    vertex 27.83696384916898 -45.29998810759461 97
    vertex 39.34707474107806 -47.65967462673746 97
  endloop
endfacet
facet normal 0 0 1
  outer loop
    vertex 39.34707474107806 -47.65967462673746 97
    vertex 27.83696384916898 -45.29998810759461 97
    vertex 32.60456897049999 -53.48135363357696 97
  endloop
endfacet
facet normal 0 0 1
  outer loop
    vertex -1.238060122413423 -51.3702486979152 97
    vertex -5.088900118101534 -62.00159987876712 97
    vertex 4.91292564035566 -61.71042850283724 97
  endloop
endfacet
facet normal 0 0 1
  outer loop
    vertex -1.238060122413423 -51.3702486979152 97
    vertex -8.720904367817205 -54.73710238682175 97
    vertex -5.088900118101534 -62.00159987876712 97
  endloop
endfacet
facet normal 0 -0 1
  outer loop
    vertex -50.9116882454315 -50.91168824543134 97
    vertex -45.76458844253955 -39.22568631436725 97
    vertex -58.24922359499624 -42.32053816505803 97
  endloop
endfacet
facet normal -0 0 1
  outer loop
    vertex -6.093918579841748 61.24659127140497 97
    vertex 4.383676055583068 59.97806833264573 97
    vertex 1.323062753105786e-13 72 97
  endloop
endfacet
facet normal 0 0 1
  outer loop
    vertex 11.26328148289678 71.11356052284989 97
    vertex 4.383676055583068 59.97806833264573 97
    vertex 14.47211802793224 60.28070989446697 97
  endloop
endfacet
facet normal -0 0 1
  outer loop
    vertex 20.94445079260493 47.8906672843313 97
    vertex 31.87757523386183 42.84651786270751 97
    vertex 32.39156594543385 52.85823153679945 97
  endloop
endfacet
facet normal 0 0 1
  outer loop
    vertex -32.28070238732031 53.0856411863939 97
    vertex -32.32957147144005 44.14683459785653 97
    vertex -22.43664875954188 45.96474978424695 97
  endloop
endfacet
facet normal 0 0 1
  outer loop
    vertex 52.32455569063996 8.025004412820545 97
    vertex 55.56118331664201 -2.997012713267486 97
    vertex 62.69794650884547 4.516972607693558 97
  endloop
endfacet
facet normal 0 0 1
  outer loop
    vertex -60.57408189221572 15.18343819425219 97
    vertex -62.41099724888647 5.407878860598078 97
    vertex -51.70562603134564 9.789394797499542 97
  endloop
endfacet
facet normal -0 0 1
  outer loop
    vertex -62.41099724888647 5.407878860598078 97
    vertex -55.52163609283636 0.1906769553502315 97
    vertex -51.70562603134564 9.789394797499542 97
  endloop
endfacet
facet normal 0 0 1
  outer loop
    vertex -53.68463143713554 -31.38825739443821 97
    vertex -45.45648664559971 -28.15527867571213 97
    vertex -51.20503873055273 -19.8867979573503 97
  endloop
endfacet
facet normal 0 0 1
  outer loop
    vertex -58.24922359499624 -42.32053816505803 97
    vertex -45.76458844253955 -39.22568631436725 97
    vertex -53.68463143713554 -31.38825739443821 97
  endloop
endfacet
facet normal 0 0 1
  outer loop
    vertex -51.20503873055273 -19.8867979573503 97
    vertex -59.72810514800828 -24.31243004548251 97
    vertex -53.68463143713554 -31.38825739443821 97
  endloop
endfacet
facet normal 0 -0 1
  outer loop
    vertex 4.91292564035566 -61.71042850283724 97
    vertex 10.43280416363601 -52.51832567758788 97
    vertex -1.238060122413423 -51.3702486979152 97
  endloop
endfacet
facet normal 0 0 1
  outer loop
    vertex 71.11356052284992 11.26328148289661 97
    vertex 60.12421011487984 15.72581356649296 97
    vertex 62.69794650884547 4.516972607693558 97
  endloop
endfacet
facet normal 0 0 1
  outer loop
    vertex 52.85823153679952 32.3915659454337 97
    vertex 44.14111566937386 30.78652984479137 97
    vertex 49.30624038483059 20.75664689532123 97
  endloop
endfacet
facet normal 0 0 1
  outer loop
    vertex 21.92283506960084 -55.34376334646625 97
    vertex 14.156213990297 -61.83242944459849 97
    vertex 22.24922359499608 -68.4760691732511 97
  endloop
endfacet
facet normal 0 0 1
  outer loop
    vertex 49.30624038483059 20.75664689532123 97
    vertex 58.89923745691769 24.98345907734526 97
    vertex 52.85823153679952 32.3915659454337 97
  endloop
endfacet
facet normal 0 0 1
  outer loop
    vertex -48.08322132875929 40.31593801535218 97
    vertex -44.79423256247149 28.62100931367938 97
    vertex -38.49144947684425 37.83416416903712 97
  endloop
endfacet
facet normal 0 0 1
  outer loop
    vertex 60.28070989446697 -14.47211802793215 97
    vertex 48.12257962986207 -10.74642229289094 97
    vertex 51.06763043432341 -21.76602683453557 97
  endloop
endfacet
facet normal 0 0 1
  outer loop
    vertex 68.47606917325108 22.24922359499618 97
    vertex 60.12421011487984 15.72581356649296 97
    vertex 71.11356052284992 11.26328148289661 97
  endloop
endfacet
facet normal 0 0 1
  outer loop
    vertex 14.47211802793224 60.28070989446697 97
    vertex 4.383676055583068 59.97806833264573 97
    vertex 8.521133772390678 48.68531721530415 97
  endloop
endfacet
facet normal 0 -0 1
  outer loop
    vertex 48.12257962986207 -10.74642229289094 97
    vertex 55.56118331664201 -2.997012713267486 97
    vertex 44.7465817949611 -0.1745767371412095 97
  endloop
endfacet
facet normal 0 0 1
  outer loop
    vertex -31.00806956854467 -52.6982568288263 97
    vertex -19.06987904613046 -52.45195123586723 97
    vertex -23.13410072105271 -44.1470780804394 97
  endloop
endfacet
facet normal 0 0 1
  outer loop
    vertex 50.91168824543148 50.91168824543136 97
    vertex 40.63053081131846 49.5228879260285 97
    vertex 41.90058571752954 40.85590649098713 97
  endloop
endfacet
facet normal -0 0 1
  outer loop
    vertex 41.90058571752954 40.85590649098713 97
    vertex 50.21967621219705 40.25220563990184 97
    vertex 50.91168824543148 50.91168824543136 97
  endloop
endfacet
facet normal 0 0 1
  outer loop
    vertex -53.97415032333352 31.71020601456003 97
    vertex -52.32197093302121 21.46392614558383 97
    vertex -44.79423256247149 28.62100931367938 97
  endloop
endfacet
facet normal -0 0 1
  outer loop
    vertex -53.97415032333352 31.71020601456003 97
    vertex -44.79423256247149 28.62100931367938 97
    vertex -48.08322132875929 40.31593801535218 97
  endloop
endfacet
facet normal 0 0 1
  outer loop
    vertex -6.093918579841748 61.24659127140497 97
    vertex -12.97095162312201 53.08100489314349 97
    vertex -2.351242036824594 50.5751428549703 97
  endloop
endfacet
facet normal 0 -0 1
  outer loop
    vertex -23.97885834782485 -59.71641094665614 97
    vertex -19.06987904613046 -52.45195123586723 97
    vertex -31.00806956854467 -52.6982568288263 97
  endloop
endfacet
facet normal 0 0 1
  outer loop
    vertex -23.13410072105271 -44.1470780804394 97
    vertex -33.93639891036018 -41.76077657691168 97
    vertex -31.00806956854467 -52.6982568288263 97
  endloop
endfacet
facet normal 0 0 1
  outer loop
    vertex 60.28070989446697 -14.47211802793215 97
    vertex 55.56118331664201 -2.997012713267486 97
    vertex 48.12257962986207 -10.74642229289094 97
  endloop
endfacet
facet normal -0 0 1
  outer loop
    vertex -59.83544245264318 24.19816375387988 97
    vertex -52.32197093302121 21.46392614558383 97
    vertex -53.97415032333352 31.71020601456003 97
  endloop
endfacet
facet normal 0 0 1
  outer loop
    vertex 54.09532333597822 -31.90303925145857 97
    vertex 51.06763043432341 -21.76602683453557 97
    vertex 43.66665252747293 -29.68279439155282 97
  endloop
endfacet
facet normal 0 0 1
  outer loop
    vertex 44.7465817949611 -0.1745767371412095 97
    vertex 37.04227011186505 -8.268759488339686 97
    vertex 48.12257962986207 -10.74642229289094 97
  endloop
endfacet
facet normal 0 0 1
  outer loop
    vertex 33.62041726055084 2.579565025960662 97
    vertex 25.99093639152282 -5.751545436607271 97
    vertex 37.04227011186505 -8.268759488339686 97
  endloop
endfacet
facet normal 0 0 1
  outer loop
    vertex 48.12257962986207 -10.74642229289094 97
    vertex 37.04227011186505 -8.268759488339686 97
    vertex 40.40069211467734 -19.00531991548233 97
  endloop
endfacet
facet normal 0 0 1
  outer loop
    vertex 33.62041726055084 2.579565025960662 97
    vertex 37.04227011186505 -8.268759488339686 97
    vertex 44.7465817949611 -0.1745767371412095 97
  endloop
endfacet
facet normal 0 0 1
  outer loop
    vertex 37.04227011186505 -8.268759488339686 97
    vertex 25.99093639152282 -5.751545436607271 97
    vertex 29.37238491365542 -16.5230047939166 97
  endloop
endfacet
facet normal 0 0 1
  outer loop
    vertex 40.40069211467734 -19.00531991548233 97
    vertex 37.04227011186505 -8.268759488339686 97
    vertex 29.37238491365542 -16.5230047939166 97
  endloop
endfacet
facet normal 0 -0 1
  outer loop
    vertex 32.74461156924669 -27.29495493245906 97
    vertex 40.40069211467734 -19.00531991548233 97
    vertex 29.37238491365542 -16.5230047939166 97
  endloop
endfacet
facet normal -0 0 1
  outer loop
    vertex 6.445230494972295 -41.69297365796812 97
    vertex 17.16362761620081 -43.64292490205037 97
    vertex 14.03391095030223 -33.14794765343038 97
  endloop
endfacet
facet normal 0 0 1
  outer loop
    vertex 10.69271362794688 -22.37237893342531 97
    vertex 3.047343174254666 -30.73085248651471 97
    vertex 14.03391095030223 -33.14794765343038 97
  endloop
endfacet
facet normal 0 0 1
  outer loop
    vertex 14.03391095030223 -33.14794765343038 97
    vertex 3.047343174254666 -30.73085248651471 97
    vertex 6.445230494972295 -41.69297365796812 97
  endloop
endfacet
facet normal 0 0 1
  outer loop
    vertex 10.69271362794688 -22.37237893342531 97
    vertex 14.03391095030223 -33.14794765343038 97
    vertex 21.68398295457633 -24.80058040167774 97
  endloop
endfacet
facet normal 0 0 1
  outer loop
    vertex 25.99093639152282 -5.751545436607271 97
    vertex 22.60634317968631 5.036846305592048 97
    vertex 14.96282663552964 -3.279986572379868 97
  endloop
endfacet
facet normal 0 0 1
  outer loop
    vertex 33.62041726055084 2.579565025960662 97
    vertex 22.60634317968631 5.036846305592048 97
    vertex 25.99093639152282 -5.751545436607271 97
  endloop
endfacet
facet normal 0 -0 1
  outer loop
    vertex 18.33854949377425 -14.05457940854752 97
    vertex 25.99093639152282 -5.751545436607271 97
    vertex 14.96282663552964 -3.279986572379868 97
  endloop
endfacet
facet normal 0 -0 1
  outer loop
    vertex -4.589337344036094 -39.0174020169982 97
    vertex 3.047343174254666 -30.73085248651471 97
    vertex -7.971013100200143 -28.23725516898318 97
  endloop
endfacet
facet normal -0 0 1
  outer loop
    vertex -7.971013100200143 -28.23725516898318 97
    vertex 3.047343174254666 -30.73085248651471 97
    vertex -0.3274455834571679 -19.91715748828307 97
  endloop
endfacet
facet normal -0 0 1
  outer loop
    vertex -11.35271724989873 -17.45707674261781 97
    vertex -0.3274455834571679 -19.91715748828307 97
    vertex -3.70780234608194 -9.138266377617356 97
  endloop
endfacet
facet normal 0 0 1
  outer loop
    vertex 6.445230494972295 -41.69297365796812 97
    vertex 3.047343174254666 -30.73085248651471 97
    vertex -4.589337344036094 -39.0174020169982 97
  endloop
endfacet
facet normal 0 -0 1
  outer loop
    vertex -7.971013100200143 -28.23725516898318 97
    vertex -0.3274455834571679 -19.91715748828307 97
    vertex -11.35271724989873 -17.45707674261781 97
  endloop
endfacet
facet normal 0 0 1
  outer loop
    vertex -3.70780234608194 -9.138266377617356 97
    vertex -0.3274455834571679 -19.91715748828307 97
    vertex 7.318415754892561 -11.59925537891476 97
  endloop
endfacet
facet normal 0 0 1
  outer loop
    vertex 19.22749567038547 15.81764396233763 97
    vertex 22.60634317968631 5.036846305592048 97
    vertex 30.25421530869157 13.35618169883135 97
  endloop
endfacet
facet normal -0 0 1
  outer loop
    vertex 11.58216781143753 7.499219155409783 97
    vertex 22.60634317968631 5.036846305592048 97
    vertex 19.22749567038547 15.81764396233763 97
  endloop
endfacet
facet normal -0 0 1
  outer loop
    vertex 0.5556670739320382 9.960478166466894 97
    vertex 11.58216781143753 7.499219155409783 97
    vertex 8.200767459529102 18.27911448715388 97
  endloop
endfacet
facet normal 0 0 1
  outer loop
    vertex 30.25421530869157 13.35618169883135 97
    vertex 22.60634317968631 5.036846305592048 97
    vertex 33.62041726055084 2.579565025960662 97
  endloop
endfacet
facet normal 0 0 1
  outer loop
    vertex 8.200767459529102 18.27911448715388 97
    vertex 11.58216781143753 7.499219155409783 97
    vertex 19.22749567038547 15.81764396233763 97
  endloop
endfacet
facet normal 0 -0 1
  outer loop
    vertex 3.937080095487205 -0.8194277286992052 97
    vertex 11.58216781143753 7.499219155409783 97
    vertex 0.5556670739320382 9.960478166466894 97
  endloop
endfacet
facet normal 0 0 1
  outer loop
    vertex -33.40612239756393 -12.53418484119835 97
    vertex -36.70270475691935 -1.813747068137086 97
    vertex -44.04245848423492 -10.32055841868488 97
  endloop
endfacet
facet normal 0 0 1
  outer loop
    vertex -40.04931839682993 8.915692274386874 97
    vertex -46.83308305358717 -0.09475381825628844 97
    vertex -36.70270475691935 -1.813747068137086 97
  endloop
endfacet
facet normal 0 -0 1
  outer loop
    vertex -33.40612239756393 -12.53418484119835 97
    vertex -25.74690223426732 -4.225442322281538 97
    vertex -36.70270475691935 -1.813747068137086 97
  endloop
endfacet
facet normal 0 0 1
  outer loop
    vertex -36.70270475691935 -1.813747068137086 97
    vertex -46.83308305358717 -0.09475381825628844 97
    vertex -44.04245848423492 -10.32055841868488 97
  endloop
endfacet
facet normal 0 0 1
  outer loop
    vertex -14.73439737204581 -6.676921669212899 97
    vertex -25.74690223426732 -4.225442322281538 97
    vertex -22.37941452969927 -14.99563591191903 97
  endloop
endfacet
facet normal 0 0 1
  outer loop
    vertex -22.37941452969927 -14.99563591191903 97
    vertex -25.74690223426732 -4.225442322281538 97
    vertex -33.40612239756393 -12.53418484119835 97
  endloop
endfacet
facet normal 0 0 1
  outer loop
    vertex -14.73439737204581 -6.676921669212899 97
    vertex -18.1136885648246 4.101551333257888 97
    vertex -25.74690223426732 -4.225442322281538 97
  endloop
endfacet
facet normal 0 0 1
  outer loop
    vertex -7.08939241240594 1.641803802528409 97
    vertex -18.1136885648246 4.101551333257888 97
    vertex -14.73439737204581 -6.676921669212899 97
  endloop
endfacet
facet normal 0 0 1
  outer loop
    vertex -24.87937158753442 25.66348263052524 97
    vertex -28.26104325169175 36.44363019528856 97
    vertex -35.54966011921923 27.79737726721774 97
  endloop
endfacet
facet normal 0 0 1
  outer loop
    vertex -28.26104325169175 36.44363019528856 97
    vertex -38.49144947684425 37.83416416903712 97
    vertex -35.54966011921923 27.79737726721774 97
  endloop
endfacet
facet normal 0 0 1
  outer loop
    vertex -17.23432608444847 33.98217027174769 97
    vertex -28.26104325169175 36.44363019528856 97
    vertex -24.87937158753442 25.66348263052524 97
  endloop
endfacet
facet normal 0 0 1
  outer loop
    vertex -9.657114815383846 42.29345721994805 97
    vertex -22.43664875954188 45.96474978424695 97
    vertex -17.23432608444847 33.98217027174769 97
  endloop
endfacet
facet normal -0 0 1
  outer loop
    vertex -17.23432608444847 33.98217027174769 97
    vertex -6.218917491824307 31.51947958167193 97
    vertex -9.657114815383846 42.29345721994805 97
  endloop
endfacet
facet normal 0 0 1
  outer loop
    vertex 1.437436585678746 39.83939798798058 97
    vertex -6.218917491824307 31.51947958167193 97
    vertex 4.819104810402839 29.05925363800469 97
  endloop
endfacet
facet normal 0 0 1
  outer loop
    vertex -10.4709915312011 12.4218833613301 97
    vertex -18.1136885648246 4.101551333257888 97
    vertex -7.08939241240594 1.641803802528409 97
  endloop
endfacet
facet normal 0 0 1
  outer loop
    vertex -22.43664875954188 45.96474978424695 97
    vertex -28.26104325169175 36.44363019528856 97
    vertex -17.23432608444847 33.98217027174769 97
  endloop
endfacet
facet normal 0 0 1
  outer loop
    vertex -9.657114815383846 42.29345721994805 97
    vertex -6.218917491824307 31.51947958167193 97
    vertex 1.437436585678746 39.83939798798058 97
  endloop
endfacet
facet normal 0 0 1
  outer loop
    vertex 4.819104810402839 29.05925363800469 97
    vertex -6.218917491824307 31.51947958167193 97
    vertex -2.825949472847253 20.74057421016815 97
  endloop
endfacet
facet normal 0 0 1
  outer loop
    vertex -15.61606010584628 -36.55594138325394 97
    vertex -26.48820496191025 -33.86389665513204 97
    vertex -23.13410072105271 -44.1470780804394 97
  endloop
endfacet
facet normal 0 0 1
  outer loop
    vertex -18.99773803117998 -25.77578794473692 97
    vertex -26.48820496191025 -33.86389665513204 97
    vertex -15.61606010584628 -36.55594138325394 97
  endloop
endfacet
facet normal 0 -0 1
  outer loop
    vertex -13.85265597434786 23.20202416218243 97
    vertex -6.218917491824307 31.51947958167193 97
    vertex -17.23432608444847 33.98217027174769 97
  endloop
endfacet
facet normal 0 -0 1
  outer loop
    vertex -25.74690223426732 -4.225442322281538 97
    vertex -18.1136885648246 4.101551333257888 97
    vertex -29.14274609098361 6.564648050628669 97
  endloop
endfacet
facet normal -0 0 1
  outer loop
    vertex -29.14274609098361 6.564648050628669 97
    vertex -18.1136885648246 4.101551333257888 97
    vertex -21.49770174804384 14.88333677655458 97
  endloop
endfacet
facet normal 0 0 1
  outer loop
    vertex 34.08656483500627 32.19419659698578 97
    vertex 23.50027749634435 34.96392006115784 97
    vertex 26.87254389299213 24.13632934276123 97
  endloop
endfacet
facet normal 0 0 1
  outer loop
    vertex -30.02445135876592 -23.31433176319031 97
    vertex -26.48820496191025 -33.86389665513204 97
    vertex -18.99773803117998 -25.77578794473692 97
  endloop
endfacet
facet normal 0 0 1
  outer loop
    vertex 26.87254389299213 24.13632934276123 97
    vertex 23.50027749634435 34.96392006115784 97
    vertex 15.84582369953614 26.59779210449999 97
  endloop
endfacet
facet normal 0 0 1
  outer loop
    vertex -32.52441770484516 17.34479556537366 97
    vertex -43.04829233611774 19.28134479963199 97
    vertex -40.04931839682993 8.915692274386874 97
  endloop
endfacet
facet normal -0 0 1
  outer loop
    vertex 12.46415377363751 37.37793804503071 97
    vertex 23.50027749634435 34.96392006115784 97
    vertex 20.94445079260493 47.8906672843313 97
  endloop
endfacet
facet normal 0 0 1
  outer loop
    vertex 71.11356052284991 -11.26328148289664 97
    vertex 60.28070989446697 -14.47211802793215 97
    vertex 68.47606917325103 -22.24922359499629 97
  endloop
endfacet
facet normal 0 0 1
  outer loop
    vertex -71.11356052284991 11.26328148289666 97
    vertex -60.57408189221572 15.18343819425219 97
    vertex -68.47606917325103 22.24922359499628 97
  endloop
endfacet
facet normal 0 0 1
  outer loop
    vertex 11.26328148289678 71.11356052284989 97
    vertex 14.47211802793224 60.28070989446697 97
    vertex 22.24922359499636 68.47606917325102 97
  endloop
endfacet
facet normal -0 0 1
  outer loop
    vertex -11.26328148289651 71.11356052284994 97
    vertex -6.093918579841748 61.24659127140497 97
    vertex 1.323062753105786e-13 72 97
  endloop
endfacet
facet normal -0 0 1
  outer loop
    vertex -42.32053816505801 58.24922359499626 97
    vertex -32.28070238732031 53.0856411863939 97
    vertex -32.68731598124728 64.15246974156253 97
  endloop
endfacet
facet normal 0 -0 1
  outer loop
    vertex -58.24922359499624 -42.32053816505803 97
    vertex -53.68463143713554 -31.38825739443821 97
    vertex -64.1524697415625 -32.68731598124733 97
  endloop
endfacet
facet normal 0 0 1
  outer loop
    vertex 11.26328148289642 -71.11356052284995 97
    vertex 4.91292564035566 -61.71042850283724 97
    vertex -2.050722872765087e-13 -72 97
  endloop
endfacet
facet normal -0 0 1
  outer loop
    vertex -64.15246974156247 32.68731598124741 97
    vertex -53.97415032333352 31.71020601456003 97
    vertex -58.24922359499617 42.32053816505812 97
  endloop
endfacet
facet normal 0 -0 1
  outer loop
    vertex 41.14992738267858 10.95119431912098 97
    vertex 49.30624038483059 20.75664689532123 97
    vertex 37.58812341470828 21.5772667079351 97
  endloop
endfacet
facet normal 0 0 1
  outer loop
    vertex -2.351242036824594 50.5751428549703 97
    vertex -12.97095162312201 53.08100489314349 97
    vertex -9.657114815383846 42.29345721994805 97
  endloop
endfacet
facet normal 0 0 1
  outer loop
    vertex 71.11356052284992 11.26328148289661 97
    vertex 62.69794650884547 4.516972607693558 97
    vertex 72 8.81745695386094e-15 97
  endloop
endfacet
facet normal 0 -0 1
  outer loop
    vertex -71.11356052284992 -11.26328148289658 97
    vertex -63.00124177546997 -4.881496439062667 97
    vertex -72 0 97
  endloop
endfacet
facet normal 0 0 1
  outer loop
    vertex 58.24922359499627 42.320538165058 97
    vertex 52.85823153679952 32.3915659454337 97
    vertex 64.15246974156251 32.68731598124732 97
  endloop
endfacet
facet normal 0 0 1
  outer loop
    vertex -12.97095162312201 53.08100489314349 97
    vertex -22.43664875954188 45.96474978424695 97
    vertex -9.657114815383846 42.29345721994805 97
  endloop
endfacet
facet normal 0 0 1
  outer loop
    vertex 32.68731598124749 64.15246974156243 97
    vertex 32.39156594543385 52.85823153679945 97
    vertex 42.32053816505815 58.24922359499616 97
  endloop
endfacet
facet normal 0 -0 1
  outer loop
    vertex -32.68731598124755 -64.1524697415624 97
    vertex -31.00806956854467 -52.6982568288263 97
    vertex -42.32053816505818 -58.24922359499614 97
  endloop
endfacet
facet normal 0 0 1
  outer loop
    vertex 42.32053816505795 -58.24922359499629 97
    vertex 32.60456897049999 -53.48135363357696 97
    vertex 32.68731598124725 -64.15246974156256 97
  endloop
endfacet
facet normal 0 0 1
  outer loop
    vertex 58.24922359499617 -42.32053816505813 97
    vertex 47.14030170288572 -40.26162119135537 97
    vertex 50.91168824543137 -50.91168824543148 97
  endloop
endfacet
facet normal -0 0 1
  outer loop
    vertex 30.25421530869157 13.35618169883135 97
    vertex 41.14992738267858 10.95119431912098 97
    vertex 37.58812341470828 21.5772667079351 97
  endloop
endfacet
facet normal 0 0 1
  outer loop
    vertex 30.25421530869157 13.35618169883135 97
    vertex 33.62041726055084 2.579565025960662 97
    vertex 41.14992738267858 10.95119431912098 97
  endloop
endfacet
facet normal -0 0 1
  outer loop
    vertex -36.70270475691935 -1.813747068137086 97
    vertex -25.74690223426732 -4.225442322281538 97
    vertex -29.14274609098361 6.564648050628669 97
  endloop
endfacet
facet normal 0 0 1
  outer loop
    vertex -11.26328148289689 -71.11356052284987 97
    vertex -14.85094609485036 -61.09780348492225 97
    vertex -22.24922359499641 -68.47606917325099 97
  endloop
endfacet
facet normal 0 0 1
  outer loop
    vertex 37.58812341470828 21.5772667079351 97
    vertex 34.08656483500627 32.19419659698578 97
    vertex 26.87254389299213 24.13632934276123 97
  endloop
endfacet
facet normal 0 0 1
  outer loop
    vertex -2.351242036824594 50.5751428549703 97
    vertex -9.657114815383846 42.29345721994805 97
    vertex 1.437436585678746 39.83939798798058 97
  endloop
endfacet
facet normal -0 0 1
  outer loop
    vertex 33.62041726055084 2.579565025960662 97
    vertex 44.7465817949611 -0.1745767371412095 97
    vertex 41.14992738267858 10.95119431912098 97
  endloop
endfacet
facet normal 0 -0 1
  outer loop
    vertex -1.238060122413423 -51.3702486979152 97
    vertex 6.445230494972295 -41.69297365796812 97
    vertex -4.589337344036094 -39.0174020169982 97
  endloop
endfacet
facet normal 0 0 1
  outer loop
    vertex -40.04931839682993 8.915692274386874 97
    vertex -36.70270475691935 -1.813747068137086 97
    vertex -29.14274609098361 6.564648050628669 97
  endloop
endfacet
facet normal 0 -0 1
  outer loop
    vertex 30.25421530869157 13.35618169883135 97
    vertex 37.58812341470828 21.5772667079351 97
    vertex 26.87254389299213 24.13632934276123 97
  endloop
endfacet
facet normal 0 0 1
  outer loop
    vertex 8.521133772390678 48.68531721530415 97
    vertex -2.351242036824594 50.5751428549703 97
    vertex 1.437436585678746 39.83939798798058 97
  endloop
endfacet
facet normal 0 -0 1
  outer loop
    vertex 12.46415377363751 37.37793804503071 97
    vertex 20.94445079260493 47.8906672843313 97
    vertex 8.521133772390678 48.68531721530415 97
  endloop
endfacet
facet normal -0 0 1
  outer loop
    vertex -36.95230489995902 -31.34999851141918 97
    vertex -26.48820496191025 -33.86389665513204 97
    vertex -30.02445135876592 -23.31433176319031 97
  endloop
endfacet
facet normal 0 0 1
  outer loop
    vertex -15.61606010584628 -36.55594138325394 97
    vertex -23.13410072105271 -44.1470780804394 97
    vertex -12.23438713997531 -47.33609010532655 97
  endloop
endfacet
facet normal 0 0 1
  outer loop
    vertex -32.52441770484516 17.34479556537366 97
    vertex -40.04931839682993 8.915692274386874 97
    vertex -29.14274609098361 6.564648050628669 97
  endloop
endfacet
facet normal -0 0 1
  outer loop
    vertex 19.22749567038547 15.81764396233763 97
    vertex 30.25421530869157 13.35618169883135 97
    vertex 26.87254389299213 24.13632934276123 97
  endloop
endfacet
facet normal 0 0 1
  outer loop
    vertex -35.54966011921923 27.79737726721774 97
    vertex -43.04829233611774 19.28134479963199 97
    vertex -32.52441770484516 17.34479556537366 97
  endloop
endfacet
facet normal 0 0 1
  outer loop
    vertex 12.46415377363751 37.37793804503071 97
    vertex 8.521133772390678 48.68531721530415 97
    vertex 1.437436585678746 39.83939798798058 97
  endloop
endfacet
facet normal -0 0 1
  outer loop
    vertex -12.23438713997531 -47.33609010532655 97
    vertex -1.238060122413423 -51.3702486979152 97
    vertex -4.589337344036094 -39.0174020169982 97
  endloop
endfacet
facet normal 0 0 1
  outer loop
    vertex -44.04245848423492 -10.32055841868488 97
    vertex -51.20503873055273 -19.8867979573503 97
    vertex -40.5112124365239 -20.6834932150488 97
  endloop
endfacet
facet normal 0 0 1
  outer loop
    vertex -40.5112124365239 -20.6834932150488 97
    vertex -36.95230489995902 -31.34999851141918 97
    vertex -30.02445135876592 -23.31433176319031 97
  endloop
endfacet
facet normal 0 0 1
  outer loop
    vertex -15.61606010584628 -36.55594138325394 97
    vertex -12.23438713997531 -47.33609010532655 97
    vertex -4.589337344036094 -39.0174020169982 97
  endloop
endfacet
facet normal 0 0 1
  outer loop
    vertex -32.52441770484516 17.34479556537366 97
    vertex -29.14274609098361 6.564648050628669 97
    vertex -21.49770174804384 14.88333677655458 97
  endloop
endfacet
facet normal 0 -0 1
  outer loop
    vertex 19.22749567038547 15.81764396233763 97
    vertex 26.87254389299213 24.13632934276123 97
    vertex 15.84582369953614 26.59779210449999 97
  endloop
endfacet
facet normal 0 -0 1
  outer loop
    vertex 15.84582369953614 26.59779210449999 97
    vertex 23.50027749634435 34.96392006115784 97
    vertex 12.46415377363751 37.37793804503071 97
  endloop
endfacet
facet normal 0 0 1
  outer loop
    vertex -24.87937158753442 25.66348263052524 97
    vertex -35.54966011921923 27.79737726721774 97
    vertex -32.52441770484516 17.34479556537366 97
  endloop
endfacet
facet normal 0 0 1
  outer loop
    vertex 12.46415377363751 37.37793804503071 97
    vertex 1.437436585678746 39.83939798798058 97
    vertex 4.819104810402839 29.05925363800469 97
  endloop
endfacet
facet normal 0 0 1
  outer loop
    vertex -33.40612239756393 -12.53418484119835 97
    vertex -44.04245848423492 -10.32055841868488 97
    vertex -40.5112124365239 -20.6834932150488 97
  endloop
endfacet
facet normal 0 0 1
  outer loop
    vertex -24.87937158753442 25.66348263052524 97
    vertex -32.52441770484516 17.34479556537366 97
    vertex -21.49770174804384 14.88333677655458 97
  endloop
endfacet
facet normal 0 0 1
  outer loop
    vertex 15.84582369953614 26.59779210449999 97
    vertex 12.46415377363751 37.37793804503071 97
    vertex 4.819104810402839 29.05925363800469 97
  endloop
endfacet
facet normal -0 0 1
  outer loop
    vertex -15.61606010584628 -36.55594138325394 97
    vertex -4.589337344036094 -39.0174020169982 97
    vertex -7.971013100200143 -28.23725516898318 97
  endloop
endfacet
facet normal -0 0 1
  outer loop
    vertex 8.200767459529102 18.27911448715388 97
    vertex 19.22749567038547 15.81764396233763 97
    vertex 15.84582369953614 26.59779210449999 97
  endloop
endfacet
facet normal 0 0 1
  outer loop
    vertex -13.85265597434786 23.20202416218243 97
    vertex -17.23432608444847 33.98217027174769 97
    vertex -24.87937158753442 25.66348263052524 97
  endloop
endfacet
facet normal 0 0 1
  outer loop
    vertex -33.40612239756393 -12.53418484119835 97
    vertex -40.5112124365239 -20.6834932150488 97
    vertex -30.02445135876592 -23.31433176319031 97
  endloop
endfacet
facet normal 0 0 1
  outer loop
    vertex -22.37941452969927 -14.99563591191903 97
    vertex -33.40612239756393 -12.53418484119835 97
    vertex -30.02445135876592 -23.31433176319031 97
  endloop
endfacet
facet normal 0 0 1
  outer loop
    vertex -21.49770174804384 14.88333677655458 97
    vertex -18.1136885648246 4.101551333257888 97
    vertex -10.4709915312011 12.4218833613301 97
  endloop
endfacet
facet normal 0 -0 1
  outer loop
    vertex 8.200767459529102 18.27911448715388 97
    vertex 15.84582369953614 26.59779210449999 97
    vertex 4.819104810402839 29.05925363800469 97
  endloop
endfacet
facet normal 0 0 1
  outer loop
    vertex -13.85265597434786 23.20202416218243 97
    vertex -24.87937158753442 25.66348263052524 97
    vertex -21.49770174804384 14.88333677655458 97
  endloop
endfacet
facet normal 0 0 1
  outer loop
    vertex -18.99773803117998 -25.77578794473692 97
    vertex -15.61606010584628 -36.55594138325394 97
    vertex -7.971013100200143 -28.23725516898318 97
  endloop
endfacet
facet normal -0 0 1
  outer loop
    vertex -18.99773803117998 -25.77578794473692 97
    vertex -7.971013100200143 -28.23725516898318 97
    vertex -11.35271724989873 -17.45707674261781 97
  endloop
endfacet
facet normal 0 0 1
  outer loop
    vertex -13.85265597434786 23.20202416218243 97
    vertex -21.49770174804384 14.88333677655458 97
    vertex -10.4709915312011 12.4218833613301 97
  endloop
endfacet
facet normal 0 0 1
  outer loop
    vertex 8.200767459529102 18.27911448715388 97
    vertex 4.819104810402839 29.05925363800469 97
    vertex -2.825949472847253 20.74057421016815 97
  endloop
endfacet
facet normal 0 0 1
  outer loop
    vertex -22.37941452969927 -14.99563591191903 97
    vertex -30.02445135876592 -23.31433176319031 97
    vertex -18.99773803117998 -25.77578794473692 97
  endloop
endfacet
facet normal 0 0 1
  outer loop
    vertex -2.825949472847253 20.74057421016815 97
    vertex -6.218917491824307 31.51947958167193 97
    vertex -13.85265597434786 23.20202416218243 97
  endloop
endfacet
facet normal 0 -0 1
  outer loop
    vertex 0.5556670739320382 9.960478166466894 97
    vertex 8.200767459529102 18.27911448715388 97
    vertex -2.825949472847253 20.74057421016815 97
  endloop
endfacet
facet normal 0 0 1
  outer loop
    vertex -2.825949472847253 20.74057421016815 97
    vertex -13.85265597434786 23.20202416218243 97
    vertex -10.4709915312011 12.4218833613301 97
  endloop
endfacet
facet normal 0 0 1
  outer loop
    vertex -22.37941452969927 -14.99563591191903 97
    vertex -18.99773803117998 -25.77578794473692 97
    vertex -11.35271724989873 -17.45707674261781 97
  endloop
endfacet
facet normal 0 0 1
  outer loop
    vertex -14.73439737204581 -6.676921669212899 97
    vertex -22.37941452969927 -14.99563591191903 97
    vertex -11.35271724989873 -17.45707674261781 97
  endloop
endfacet
facet normal 0 0 1
  outer loop
    vertex 0.5556670739320382 9.960478166466894 97
    vertex -2.825949472847253 20.74057421016815 97
    vertex -10.4709915312011 12.4218833613301 97
  endloop
endfacet
facet normal 0 0 1
  outer loop
    vertex -14.73439737204581 -6.676921669212899 97
    vertex -11.35271724989873 -17.45707674261781 97
    vertex -3.70780234608194 -9.138266377617356 97
  endloop
endfacet
facet normal 0 0 1
  outer loop
    vertex 0.5556670739320382 9.960478166466894 97
    vertex -10.4709915312011 12.4218833613301 97
    vertex -7.08939241240594 1.641803802528409 97
  endloop
endfacet
facet normal 0 0 1
  outer loop
    vertex 3.937080095487205 -0.8194277286992052 97
    vertex 0.5556670739320382 9.960478166466894 97
    vertex -7.08939241240594 1.641803802528409 97
  endloop
endfacet
facet normal 0 0 1
  outer loop
    vertex -7.08939241240594 1.641803802528409 97
    vertex -14.73439737204581 -6.676921669212899 97
    vertex -3.70780234608194 -9.138266377617356 97
  endloop
endfacet
facet normal 0 0 1
  outer loop
    vertex 3.937080095487205 -0.8194277286992052 97
    vertex -7.08939241240594 1.641803802528409 97
    vertex -3.70780234608194 -9.138266377617356 97
  endloop
endfacet
facet normal 0 0 1
  outer loop
    vertex 14.96282663552964 -3.279986572379868 97
    vertex 11.58216781143753 7.499219155409783 97
    vertex 3.937080095487205 -0.8194277286992052 97
  endloop
endfacet
facet normal 0 0 1
  outer loop
    vertex 3.937080095487205 -0.8194277286992052 97
    vertex -3.70780234608194 -9.138266377617356 97
    vertex 7.318415754892561 -11.59925537891476 97
  endloop
endfacet
facet normal 0 -0 1
  outer loop
    vertex 14.96282663552964 -3.279986572379868 97
    vertex 22.60634317968631 5.036846305592048 97
    vertex 11.58216781143753 7.499219155409783 97
  endloop
endfacet
facet normal 0 0 1
  outer loop
    vertex 14.96282663552964 -3.279986572379868 97
    vertex 3.937080095487205 -0.8194277286992052 97
    vertex 7.318415754892561 -11.59925537891476 97
  endloop
endfacet
facet normal 0 0 1
  outer loop
    vertex 18.33854949377425 -14.05457940854752 97
    vertex 14.96282663552964 -3.279986572379868 97
    vertex 7.318415754892561 -11.59925537891476 97
  endloop
endfacet
facet normal 0 0 1
  outer loop
    vertex 7.318415754892561 -11.59925537891476 97
    vertex -0.3274455834571679 -19.91715748828307 97
    vertex 10.69271362794688 -22.37237893342531 97
  endloop
endfacet
facet normal 0 0 1
  outer loop
    vertex -0.3274455834571679 -19.91715748828307 97
    vertex 3.047343174254666 -30.73085248651471 97
    vertex 10.69271362794688 -22.37237893342531 97
  endloop
endfacet
facet normal 0 0 1
  outer loop
    vertex 18.33854949377425 -14.05457940854752 97
    vertex 7.318415754892561 -11.59925537891476 97
    vertex 10.69271362794688 -22.37237893342531 97
  endloop
endfacet
facet normal 0 0 1
  outer loop
    vertex 29.37238491365542 -16.5230047939166 97
    vertex 25.99093639152282 -5.751545436607271 97
    vertex 18.33854949377425 -14.05457940854752 97
  endloop
endfacet
facet normal 0 0 1
  outer loop
    vertex 18.33854949377425 -14.05457940854752 97
    vertex 10.69271362794688 -22.37237893342531 97
    vertex 21.68398295457633 -24.80058040167774 97
  endloop
endfacet
facet normal 0 0 1
  outer loop
    vertex 14.03391095030223 -33.14794765343038 97
    vertex 17.16362761620081 -43.64292490205037 97
    vertex 24.85544960152477 -35.38221546009723 97
  endloop
endfacet
facet normal 0 0 1
  outer loop
    vertex 29.37238491365542 -16.5230047939166 97
    vertex 18.33854949377425 -14.05457940854752 97
    vertex 21.68398295457633 -24.80058040167774 97
  endloop
endfacet
facet normal 0 0 1
  outer loop
    vertex 21.68398295457633 -24.80058040167774 97
    vertex 14.03391095030223 -33.14794765343038 97
    vertex 24.85544960152477 -35.38221546009723 97
  endloop
endfacet
facet normal 0 0 1
  outer loop
    vertex 32.74461156924669 -27.29495493245906 97
    vertex 29.37238491365542 -16.5230047939166 97
    vertex 21.68398295457633 -24.80058040167774 97
  endloop
endfacet
facet normal 0 0 1
  outer loop
    vertex 51.06763043432341 -21.76602683453557 97
    vertex 48.12257962986207 -10.74642229289094 97
    vertex 40.40069211467734 -19.00531991548233 97
  endloop
endfacet
facet normal 0 0 1
  outer loop
    vertex 32.74461156924669 -27.29495493245906 97
    vertex 21.68398295457633 -24.80058040167774 97
    vertex 24.85544960152477 -35.38221546009723 97
  endloop
endfacet
facet normal 0 -0 1
  outer loop
    vertex 43.66665252747293 -29.68279439155282 97
    vertex 51.06763043432341 -21.76602683453557 97
    vertex 40.40069211467734 -19.00531991548233 97
  endloop
endfacet
facet normal 0 0 1
  outer loop
    vertex 32.74461156924669 -27.29495493245906 97
    vertex 24.85544960152477 -35.38221546009723 97
    vertex 36.13816911370064 -38.0617730527706 97
  endloop
endfacet
facet normal 0 0 1
  outer loop
    vertex 43.66665252747293 -29.68279439155282 97
    vertex 40.40069211467734 -19.00531991548233 97
    vertex 32.74461156924669 -27.29495493245906 97
  endloop
endfacet
facet normal 0 0 1
  outer loop
    vertex 43.66665252747293 -29.68279439155282 97
    vertex 32.74461156924669 -27.29495493245906 97
    vertex 36.13816911370064 -38.0617730527706 97
  endloop
endfacet
facet normal -0 0 1
  outer loop
    vertex -1.238060122413423 -51.3702486979152 97
    vertex 10.43280416363601 -52.51832567758788 97
    vertex 6.445230494972295 -41.69297365796812 97
  endloop
endfacet
facet normal 0 -0 1
  outer loop
    vertex 44.14111566937386 30.78652984479137 97
    vertex 50.21967621219705 40.25220563990184 97
    vertex 41.90058571752954 40.85590649098713 97
  endloop
endfacet
facet normal 0 0 1
  outer loop
    vertex 62.69794650884547 4.516972607693558 97
    vertex 60.12421011487984 15.72581356649296 97
    vertex 52.32455569063996 8.025004412820545 97
  endloop
endfacet
facet normal 0 0 1
  outer loop
    vertex -26.48820496191025 -33.86389665513204 97
    vertex -33.93639891036018 -41.76077657691168 97
    vertex -23.13410072105271 -44.1470780804394 97
  endloop
endfacet
facet normal -0 0 1
  outer loop
    vertex 10.43280416363601 -52.51832567758788 97
    vertex 21.92283506960084 -55.34376334646625 97
    vertex 17.16362761620081 -43.64292490205037 97
  endloop
endfacet
facet normal 0 0 1
  outer loop
    vertex 43.66665252747293 -29.68279439155282 97
    vertex 36.13816911370064 -38.0617730527706 97
    vertex 47.14030170288572 -40.26162119135537 97
  endloop
endfacet
facet normal 0 0 1
  outer loop
    vertex 6.445230494972295 -41.69297365796812 97
    vertex 10.43280416363601 -52.51832567758788 97
    vertex 17.16362761620081 -43.64292490205037 97
  endloop
endfacet
facet normal 0 -0 1
  outer loop
    vertex 44.7465817949611 -0.1745767371412095 97
    vertex 52.32455569063996 8.025004412820545 97
    vertex 41.14992738267858 10.95119431912098 97
  endloop
endfacet
facet normal 0 0 1
  outer loop
    vertex -12.97095162312201 53.08100489314349 97
    vertex -15.10207552807395 62.35436796812547 97
    vertex -22.93300235951337 57.85461397997787 97
  endloop
endfacet
facet normal 0 0 1
  outer loop
    vertex -50.9116882454315 -50.91168824543134 97
    vertex -40.78825666638681 -48.56912631210654 97
    vertex -45.76458844253955 -39.22568631436725 97
  endloop
endfacet
facet normal 0 0 1
  outer loop
    vertex -36.95230489995902 -31.34999851141918 97
    vertex -33.93639891036018 -41.76077657691168 97
    vertex -26.48820496191025 -33.86389665513204 97
  endloop
endfacet
facet normal 0 -0 1
  outer loop
    vertex 23.50027749634435 34.96392006115784 97
    vertex 31.87757523386183 42.84651786270751 97
    vertex 20.94445079260493 47.8906672843313 97
  endloop
endfacet
facet normal 0 0 1
  outer loop
    vertex -43.04829233611774 19.28134479963199 97
    vertex -51.70562603134564 9.789394797499542 97
    vertex -40.04931839682993 8.915692274386874 97
  endloop
endfacet
facet normal 0 0 1
  outer loop
    vertex 32.60456897049999 -53.48135363357696 97
    vertex 27.83696384916898 -45.29998810759461 97
    vertex 21.92283506960084 -55.34376334646625 97
  endloop
endfacet
facet normal 0 0 1
  outer loop
    vertex 52.85823153679952 32.3915659454337 97
    vertex 50.21967621219705 40.25220563990184 97
    vertex 44.14111566937386 30.78652984479137 97
  endloop
endfacet
facet normal 0 0 1
  outer loop
    vertex 36.13816911370064 -38.0617730527706 97
    vertex 39.34707474107806 -47.65967462673746 97
    vertex 47.14030170288572 -40.26162119135537 97
  endloop
endfacet
facet normal 0 -0 1
  outer loop
    vertex 34.08656483500627 32.19419659698578 97
    vertex 41.90058571752954 40.85590649098713 97
    vertex 31.87757523386183 42.84651786270751 97
  endloop
endfacet
facet normal -0 0 1
  outer loop
    vertex 41.14992738267858 10.95119431912098 97
    vertex 52.32455569063996 8.025004412820545 97
    vertex 49.30624038483059 20.75664689532123 97
  endloop
endfacet
facet normal 0 0 1
  outer loop
    vertex -36.95230489995902 -31.34999851141918 97
    vertex -45.76458844253955 -39.22568631436725 97
    vertex -33.93639891036018 -41.76077657691168 97
  endloop
endfacet
facet normal 0 0 1
  outer loop
    vertex 41.90058571752954 40.85590649098713 97
    vertex 40.63053081131846 49.5228879260285 97
    vertex 31.87757523386183 42.84651786270751 97
  endloop
endfacet
facet normal 0 0 1
  outer loop
    vertex 49.30624038483059 20.75664689532123 97
    vertex 44.14111566937386 30.78652984479137 97
    vertex 37.58812341470828 21.5772667079351 97
  endloop
endfacet
facet normal 0 0 1
  outer loop
    vertex 24.85544960152477 -35.38221546009723 97
    vertex 27.83696384916898 -45.29998810759461 97
    vertex 36.13816911370064 -38.0617730527706 97
  endloop
endfacet
facet normal 0 0 1
  outer loop
    vertex 8.521133772390678 48.68531721530415 97
    vertex 4.383676055583068 59.97806833264573 97
    vertex -2.351242036824594 50.5751428549703 97
  endloop
endfacet
facet normal 0 -0 1
  outer loop
    vertex 21.92283506960084 -55.34376334646625 97
    vertex 27.83696384916898 -45.29998810759461 97
    vertex 17.16362761620081 -43.64292490205037 97
  endloop
endfacet
facet normal 0 0 1
  outer loop
    vertex -46.83308305358717 -0.09475381825628844 97
    vertex -53.65723235489254 -9.267638624027509 97
    vertex -44.04245848423492 -10.32055841868488 97
  endloop
endfacet
facet normal 0 0 1
  outer loop
    vertex 34.08656483500627 32.19419659698578 97
    vertex 31.87757523386183 42.84651786270751 97
    vertex 23.50027749634435 34.96392006115784 97
  endloop
endfacet
facet normal -0 0 1
  outer loop
    vertex 34.08656483500627 32.19419659698578 97
    vertex 44.14111566937386 30.78652984479137 97
    vertex 41.90058571752954 40.85590649098713 97
  endloop
endfacet
facet normal 0 0 1
  outer loop
    vertex -38.49144947684425 37.83416416903712 97
    vertex -44.79423256247149 28.62100931367938 97
    vertex -35.54966011921923 27.79737726721774 97
  endloop
endfacet
facet normal 0 0 1
  outer loop
    vertex -22.43664875954188 45.96474978424695 97
    vertex -32.32957147144005 44.14683459785653 97
    vertex -28.26104325169175 36.44363019528856 97
  endloop
endfacet
facet normal 0 0 1
  outer loop
    vertex -51.20503873055273 -19.8867979573503 97
    vertex -45.45648664559971 -28.15527867571213 97
    vertex -40.5112124365239 -20.6834932150488 97
  endloop
endfacet
facet normal 0 0 1
  outer loop
    vertex -40.04931839682993 8.915692274386874 97
    vertex -51.70562603134564 9.789394797499542 97
    vertex -46.83308305358717 -0.09475381825628844 97
  endloop
endfacet
facet normal 0 -0 1
  outer loop
    vertex 52.32455569063996 8.025004412820545 97
    vertex 60.12421011487984 15.72581356649296 97
    vertex 49.30624038483059 20.75664689532123 97
  endloop
endfacet
facet normal 0 0 1
  outer loop
    vertex 31.87757523386183 42.84651786270751 97
    vertex 40.63053081131846 49.5228879260285 97
    vertex 32.39156594543385 52.85823153679945 97
  endloop
endfacet
facet normal 0 0 1
  outer loop
    vertex 10.43280416363601 -52.51832567758788 97
    vertex 14.156213990297 -61.83242944459849 97
    vertex 21.92283506960084 -55.34376334646625 97
  endloop
endfacet
facet normal 0 0 1
  outer loop
    vertex -6.093918579841748 61.24659127140497 97
    vertex -15.10207552807395 62.35436796812547 97
    vertex -12.97095162312201 53.08100489314349 97
  endloop
endfacet
facet normal 0 0 1
  outer loop
    vertex 54.09532333597822 -31.90303925145857 97
    vertex 43.66665252747293 -29.68279439155282 97
    vertex 47.14030170288572 -40.26162119135537 97
  endloop
endfacet
facet normal 0 -0 1
  outer loop
    vertex -2.351242036824594 50.5751428549703 97
    vertex 4.383676055583068 59.97806833264573 97
    vertex -6.093918579841748 61.24659127140497 97
  endloop
endfacet
facet normal -0 0 1
  outer loop
    vertex 4.91292564035566 -61.71042850283724 97
    vertex 14.156213990297 -61.83242944459849 97
    vertex 10.43280416363601 -52.51832567758788 97
  endloop
endfacet
facet normal 0 -0 1
  outer loop
    vertex 54.09532333597822 -31.90303925145857 97
    vertex 59.83982510348284 -24.78646712789659 97
    vertex 51.06763043432341 -21.76602683453557 97
  endloop
endfacet
facet normal 0 0 1
  outer loop
    vertex 60.12421011487984 15.72581356649296 97
    vertex 58.89923745691769 24.98345907734526 97
    vertex 49.30624038483059 20.75664689532123 97
  endloop
endfacet
facet normal 0 -0 1
  outer loop
    vertex -45.76458844253955 -39.22568631436725 97
    vertex -45.45648664559971 -28.15527867571213 97
    vertex -53.68463143713554 -31.38825739443821 97
  endloop
endfacet
facet normal 0 0 1
  outer loop
    vertex -36.95230489995902 -31.34999851141918 97
    vertex -45.45648664559971 -28.15527867571213 97
    vertex -45.76458844253955 -39.22568631436725 97
  endloop
endfacet
facet normal 0 0 1
  outer loop
    vertex 64.15246974156248 -32.68731598124738 97
    vertex 54.09532333597822 -31.90303925145857 97
    vertex 58.24922359499617 -42.32053816505813 97
  endloop
endfacet
facet normal 0 0 1
  outer loop
    vertex -2.050722872765087e-13 -72 97
    vertex -5.088900118101534 -62.00159987876712 97
    vertex -11.26328148289689 -71.11356052284987 97
  endloop
endfacet
facet normal 0 0 1
  outer loop
    vertex -22.24922359499641 -68.47606917325099 97
    vertex -23.97885834782485 -59.71641094665614 97
    vertex -32.68731598124755 -64.1524697415624 97
  endloop
endfacet
facet normal 0 -0 1
  outer loop
    vertex -63.00124177546997 -4.881496439062667 97
    vertex -62.41099724888647 5.407878860598078 97
    vertex -72 0 97
  endloop
endfacet
facet normal 0 0 1
  outer loop
    vertex 50.91168824543137 -50.91168824543148 97
    vertex 39.34707474107806 -47.65967462673746 97
    vertex 42.32053816505795 -58.24922359499629 97
  endloop
endfacet
facet normal 0 0 1
  outer loop
    vertex -64.15246974156247 32.68731598124741 97
    vertex -59.83544245264318 24.19816375387988 97
    vertex -53.97415032333352 31.71020601456003 97
  endloop
endfacet
facet normal 0 0 1
  outer loop
    vertex -72 0 97
    vertex -62.41099724888647 5.407878860598078 97
    vertex -71.11356052284991 11.26328148289666 97
  endloop
endfacet
facet normal -0 0 1
  outer loop
    vertex -32.68731598124728 64.15246974156253 97
    vertex -22.93300235951337 57.85461397997787 97
    vertex -22.2492235949961 68.47606917325109 97
  endloop
endfacet
facet normal 0 0 1
  outer loop
    vertex 58.24922359499617 -42.32053816505813 97
    vertex 54.09532333597822 -31.90303925145857 97
    vertex 47.14030170288572 -40.26162119135537 97
  endloop
endfacet
facet normal 0 0 1
  outer loop
    vertex 4.91292564035566 -61.71042850283724 97
    vertex -5.088900118101534 -62.00159987876712 97
    vertex -2.050722872765087e-13 -72 97
  endloop
endfacet
facet normal 0 0 1
  outer loop
    vertex 22.24922359499636 68.47606917325102 97
    vertex 24.54893486844297 58.73162952608223 97
    vertex 32.68731598124749 64.15246974156243 97
  endloop
endfacet
facet normal 0 -0 1
  outer loop
    vertex -60.57408189221572 15.18343819425219 97
    vertex -59.83544245264318 24.19816375387988 97
    vertex -68.47606917325103 22.24922359499628 97
  endloop
endfacet
facet normal -0 0 1
  outer loop
    vertex -71.11356052284991 11.26328148289666 97
    vertex -62.41099724888647 5.407878860598078 97
    vertex -60.57408189221572 15.18343819425219 97
  endloop
endfacet
facet normal 0 0 1
  outer loop
    vertex 32.68731598124749 64.15246974156243 97
    vertex 24.54893486844297 58.73162952608223 97
    vertex 32.39156594543385 52.85823153679945 97
  endloop
endfacet
facet normal 0 -0 1
  outer loop
    vertex -32.28070238732031 53.0856411863939 97
    vertex -22.93300235951337 57.85461397997787 97
    vertex -32.68731598124728 64.15246974156253 97
  endloop
endfacet
facet normal 0 0 1
  outer loop
    vertex -32.68731598124755 -64.1524697415624 97
    vertex -23.97885834782485 -59.71641094665614 97
    vertex -31.00806956854467 -52.6982568288263 97
  endloop
endfacet
facet normal 0 -0 1
  outer loop
    vertex -11.26328148289689 -71.11356052284987 97
    vertex -5.088900118101534 -62.00159987876712 97
    vertex -14.85094609485036 -61.09780348492225 97
  endloop
endfacet
facet normal 0 0 1
  outer loop
    vertex 42.32053816505795 -58.24922359499629 97
    vertex 39.34707474107806 -47.65967462673746 97
    vertex 32.60456897049999 -53.48135363357696 97
  endloop
endfacet
facet normal -0 0 1
  outer loop
    vertex 14.47211802793224 60.28070989446697 97
    vertex 24.54893486844297 58.73162952608223 97
    vertex 22.24922359499636 68.47606917325102 97
  endloop
endfacet
facet normal 0 -0 1
  outer loop
    vertex -68.47606917325108 -22.24922359499618 97
    vertex -61.12231665753951 -15.35055529938055 97
    vertex -71.11356052284992 -11.26328148289658 97
  endloop
endfacet
facet normal 0 0 1
  outer loop
    vertex -68.47606917325103 22.24922359499628 97
    vertex -59.83544245264318 24.19816375387988 97
    vertex -64.15246974156247 32.68731598124741 97
  endloop
endfacet
facet normal 0 0 1
  outer loop
    vertex 47.14030170288572 -40.26162119135537 97
    vertex 39.34707474107806 -47.65967462673746 97
    vertex 50.91168824543137 -50.91168824543148 97
  endloop
endfacet
facet normal 0 0 1
  outer loop
    vertex -14.85094609485036 -61.09780348492225 97
    vertex -23.97885834782485 -59.71641094665614 97
    vertex -22.24922359499641 -68.47606917325099 97
  endloop
endfacet
facet normal -0 0 1
  outer loop
    vertex -71.11356052284992 -11.26328148289658 97
    vertex -61.12231665753951 -15.35055529938055 97
    vertex -63.00124177546997 -4.881496439062667 97
  endloop
endfacet
facet normal 0 0 1
  outer loop
    vertex -42.32053816505801 58.24922359499626 97
    vertex -40.82336326942382 47.62353231987719 97
    vertex -32.28070238732031 53.0856411863939 97
  endloop
endfacet
facet normal 0 -0 1
  outer loop
    vertex -53.97415032333352 31.71020601456003 97
    vertex -48.08322132875929 40.31593801535218 97
    vertex -58.24922359499617 42.32053816505812 97
  endloop
endfacet
facet normal 0 0 1
  outer loop
    vertex 22.24922359499608 -68.4760691732511 97
    vertex 14.156213990297 -61.83242944459849 97
    vertex 11.26328148289642 -71.11356052284995 97
  endloop
endfacet
facet normal 0 0 1
  outer loop
    vertex -46.83308305358717 -0.09475381825628844 97
    vertex -55.52163609283636 0.1906769553502315 97
    vertex -53.65723235489254 -9.267638624027509 97
  endloop
endfacet
facet normal 0 0 1
  outer loop
    vertex -11.26328148289651 71.11356052284994 97
    vertex -15.10207552807395 62.35436796812547 97
    vertex -6.093918579841748 61.24659127140497 97
  endloop
endfacet
facet normal 0 0 1
  outer loop
    vertex -53.68463143713554 -31.38825739443821 97
    vertex -59.72810514800828 -24.31243004548251 97
    vertex -64.1524697415625 -32.68731598124733 97
  endloop
endfacet
facet normal 0 -0 1
  outer loop
    vertex -42.32053816505818 -58.24922359499614 97
    vertex -40.78825666638681 -48.56912631210654 97
    vertex -50.9116882454315 -50.91168824543134 97
  endloop
endfacet
facet normal -0 0 1
  outer loop
    vertex -50.91168824543137 50.91168824543147 97
    vertex -40.82336326942382 47.62353231987719 97
    vertex -42.32053816505801 58.24922359499626 97
  endloop
endfacet
facet normal -0 0 1
  outer loop
    vertex 51.06763043432341 -21.76602683453557 97
    vertex 59.83982510348284 -24.78646712789659 97
    vertex 60.28070989446697 -14.47211802793215 97
  endloop
endfacet
facet normal 0 0 1
  outer loop
    vertex 60.28070989446697 -14.47211802793215 97
    vertex 59.83982510348284 -24.78646712789659 97
    vertex 68.47606917325103 -22.24922359499629 97
  endloop
endfacet
facet normal 0 0 1
  outer loop
    vertex 64.15246974156251 32.68731598124732 97
    vertex 58.89923745691769 24.98345907734526 97
    vertex 68.47606917325108 22.24922359499618 97
  endloop
endfacet
facet normal 0 0 1
  outer loop
    vertex 42.32053816505815 58.24922359499616 97
    vertex 40.63053081131846 49.5228879260285 97
    vertex 50.91168824543148 50.91168824543136 97
  endloop
endfacet
facet normal -0 0 1
  outer loop
    vertex -58.24922359499617 42.32053816505812 97
    vertex -48.08322132875929 40.31593801535218 97
    vertex -50.91168824543137 50.91168824543147 97
  endloop
endfacet
facet normal 0 0 1
  outer loop
    vertex -44.79423256247149 28.62100931367938 97
    vertex -52.32197093302121 21.46392614558383 97
    vertex -43.04829233611774 19.28134479963199 97
  endloop
endfacet
facet normal 0 0 1
  outer loop
    vertex -31.00806956854467 -52.6982568288263 97
    vertex -40.78825666638681 -48.56912631210654 97
    vertex -42.32053816505818 -58.24922359499614 97
  endloop
endfacet
facet normal 0 -0 1
  outer loop
    vertex 11.26328148289642 -71.11356052284995 97
    vertex 14.156213990297 -61.83242944459849 97
    vertex 4.91292564035566 -61.71042850283724 97
  endloop
endfacet
facet normal 0 -0 1
  outer loop
    vertex 37.58812341470828 21.5772667079351 97
    vertex 44.14111566937386 30.78652984479137 97
    vertex 34.08656483500627 32.19419659698578 97
  endloop
endfacet
facet normal 0 0 1
  outer loop
    vertex 62.69794650884547 4.516972607693558 97
    vertex 64.75388641550734 -4.98407485497402 97
    vertex 72 8.81745695386094e-15 97
  endloop
endfacet
facet normal 0 0 1
  outer loop
    vertex 71.11356052284991 -11.26328148289664 97
    vertex 64.75388641550734 -4.98407485497402 97
    vertex 60.28070989446697 -14.47211802793215 97
  endloop
endfacet
facet normal 0 0 1
  outer loop
    vertex 50.91168824543148 50.91168824543136 97
    vertex 50.21967621219705 40.25220563990184 97
    vertex 58.24922359499627 42.320538165058 97
  endloop
endfacet
facet normal -0 0 1
  outer loop
    vertex 17.16362761620081 -43.64292490205037 97
    vertex 27.83696384916898 -45.29998810759461 97
    vertex 24.85544960152477 -35.38221546009723 97
  endloop
endfacet
facet normal -0 0 1
  outer loop
    vertex -22.2492235949961 68.47606917325109 97
    vertex -15.10207552807395 62.35436796812547 97
    vertex -11.26328148289651 71.11356052284994 97
  endloop
endfacet
facet normal 0 -0 1
  outer loop
    vertex -64.1524697415625 -32.68731598124733 97
    vertex -59.72810514800828 -24.31243004548251 97
    vertex -68.47606917325108 -22.24922359499618 97
  endloop
endfacet
facet normal 0 0 1
  outer loop
    vertex -51.70562603134564 9.789394797499542 97
    vertex -55.52163609283636 0.1906769553502315 97
    vertex -46.83308305358717 -0.09475381825628844 97
  endloop
endfacet
facet normal 0 0 1
  outer loop
    vertex -33.93639891036018 -41.76077657691168 97
    vertex -40.78825666638681 -48.56912631210654 97
    vertex -31.00806956854467 -52.6982568288263 97
  endloop
endfacet
facet normal 0 0 1
  outer loop
    vertex -44.04245848423492 -10.32055841868488 97
    vertex -53.65723235489254 -9.267638624027509 97
    vertex -51.20503873055273 -19.8867979573503 97
  endloop
endfacet
facet normal 0 0 1
  outer loop
    vertex -45.76458844253955 -39.22568631436725 97
    vertex -40.78825666638681 -48.56912631210654 97
    vertex -33.93639891036018 -41.76077657691168 97
  endloop
endfacet
facet normal 0 0 1
  outer loop
    vertex 68.47606917325108 22.24922359499618 97
    vertex 58.89923745691769 24.98345907734526 97
    vertex 60.12421011487984 15.72581356649296 97
  endloop
endfacet
facet normal -0 0 1
  outer loop
    vertex 55.56118331664201 -2.997012713267486 97
    vertex 64.75388641550734 -4.98407485497402 97
    vertex 62.69794650884547 4.516972607693558 97
  endloop
endfacet
facet normal 0 -0 1
  outer loop
    vertex 60.28070989446697 -14.47211802793215 97
    vertex 64.75388641550734 -4.98407485497402 97
    vertex 55.56118331664201 -2.997012713267486 97
  endloop
endfacet
facet normal 0 0 1
  outer loop
    vertex 68.47606917325103 -22.24922359499629 97
    vertex 59.83982510348284 -24.78646712789659 97
    vertex 64.15246974156248 -32.68731598124738 97
  endloop
endfacet
facet normal -0 0 1
  outer loop
    vertex 52.85823153679952 32.3915659454337 97
    vertex 58.89923745691769 24.98345907734526 97
    vertex 64.15246974156251 32.68731598124732 97
  endloop
endfacet
facet normal 0 0 1
  outer loop
    vertex -8.720904367817205 -54.73710238682175 97
    vertex -19.06987904613046 -52.45195123586723 97
    vertex -14.85094609485036 -61.09780348492225 97
  endloop
endfacet
facet normal 0 0 1
  outer loop
    vertex -61.12231665753951 -15.35055529938055 97
    vertex -59.72810514800828 -24.31243004548251 97
    vertex -51.20503873055273 -19.8867979573503 97
  endloop
endfacet
facet normal 0 0 1
  outer loop
    vertex -35.54966011921923 27.79737726721774 97
    vertex -44.79423256247149 28.62100931367938 97
    vertex -43.04829233611774 19.28134479963199 97
  endloop
endfacet
facet normal -0 0 1
  outer loop
    vertex 32.39156594543385 52.85823153679945 97
    vertex 40.63053081131846 49.5228879260285 97
    vertex 42.32053816505815 58.24922359499616 97
  endloop
endfacet
facet normal 0 0 1
  outer loop
    vertex -28.26104325169175 36.44363019528856 97
    vertex -32.32957147144005 44.14683459785653 97
    vertex -38.49144947684425 37.83416416903712 97
  endloop
endfacet
facet normal 0 0 1
  outer loop
    vertex -43.04829233611774 19.28134479963199 97
    vertex -52.32197093302121 21.46392614558383 97
    vertex -51.70562603134564 9.789394797499542 97
  endloop
endfacet
facet normal 0 0 1
  outer loop
    vertex -40.5112124365239 -20.6834932150488 97
    vertex -45.45648664559971 -28.15527867571213 97
    vertex -36.95230489995902 -31.34999851141918 97
  endloop
endfacet
facet normal 0 0 1
  outer loop
    vertex 72 8.81745695386094e-15 97
    vertex 64.75388641550734 -4.98407485497402 97
    vertex 71.11356052284991 -11.26328148289664 97
  endloop
endfacet
facet normal 0 0 1
  outer loop
    vertex -51.20503873055273 -19.8867979573503 97
    vertex -53.65723235489254 -9.267638624027509 97
    vertex -61.12231665753951 -15.35055529938055 97
  endloop
endfacet
facet normal 0 0 1
  outer loop
    vertex -22.93300235951337 57.85461397997787 97
    vertex -15.10207552807395 62.35436796812547 97
    vertex -22.2492235949961 68.47606917325109 97
  endloop
endfacet
facet normal 0 0 1
  outer loop
    vertex -12.23438713997531 -47.33609010532655 97
    vertex -8.720904367817205 -54.73710238682175 97
    vertex -1.238060122413423 -51.3702486979152 97
  endloop
endfacet
facet normal -0 0 1
  outer loop
    vertex -68.47606917325108 -22.24922359499618 97
    vertex -59.72810514800828 -24.31243004548251 97
    vertex -61.12231665753951 -15.35055529938055 97
  endloop
endfacet
facet normal 0 0 1
  outer loop
    vertex -50.91168824543137 50.91168824543147 97
    vertex -48.08322132875929 40.31593801535218 97
    vertex -40.82336326942382 47.62353231987719 97
  endloop
endfacet
facet normal 0 0 1
  outer loop
    vertex -40.82336326942382 47.62353231987719 97
    vertex -48.08322132875929 40.31593801535218 97
    vertex -38.49144947684425 37.83416416903712 97
  endloop
endfacet
facet normal 0 0 1
  outer loop
    vertex -12.23438713997531 -47.33609010532655 97
    vertex -19.06987904613046 -52.45195123586723 97
    vertex -8.720904367817205 -54.73710238682175 97
  endloop
endfacet
facet normal 0 0 1
  outer loop
    vertex -23.13410072105271 -44.1470780804394 97
    vertex -19.06987904613046 -52.45195123586723 97
    vertex -12.23438713997531 -47.33609010532655 97
  endloop
endfacet
facet normal 0 0 1
  outer loop
    vertex 58.24922359499627 42.320538165058 97
    vertex 50.21967621219705 40.25220563990184 97
    vertex 52.85823153679952 32.3915659454337 97
  endloop
endfacet
facet normal 0 0 1
  outer loop
    vertex 64.15246974156248 -32.68731598124738 97
    vertex 59.83982510348284 -24.78646712789659 97
    vertex 54.09532333597822 -31.90303925145857 97
  endloop
endfacet
facet normal 0 -0 1
  outer loop
    vertex -61.12231665753951 -15.35055529938055 97
    vertex -53.65723235489254 -9.267638624027509 97
    vertex -63.00124177546997 -4.881496439062667 97
  endloop
endfacet
facet normal -0 0 1
  outer loop
    vertex -40.82336326942382 47.62353231987719 97
    vertex -32.32957147144005 44.14683459785653 97
    vertex -32.28070238732031 53.0856411863939 97
  endloop
endfacet
facet normal 0 0 1
  outer loop
    vertex -51.70562603134564 9.789394797499542 97
    vertex -52.32197093302121 21.46392614558383 97
    vertex -60.57408189221572 15.18343819425219 97
  endloop
endfacet
facet normal 0 -0 1
  outer loop
    vertex -38.49144947684425 37.83416416903712 97
    vertex -32.32957147144005 44.14683459785653 97
    vertex -40.82336326942382 47.62353231987719 97
  endloop
endfacet
facet normal 0 0 1
  outer loop
    vertex -53.65723235489254 -9.267638624027509 97
    vertex -55.52163609283636 0.1906769553502315 97
    vertex -63.00124177546997 -4.881496439062667 97
  endloop
endfacet
facet normal 0 0 1
  outer loop
    vertex -60.57408189221572 15.18343819425219 97
    vertex -52.32197093302121 21.46392614558383 97
    vertex -59.83544245264318 24.19816375387988 97
  endloop
endfacet
facet normal 0 0 1
  outer loop
    vertex -14.85094609485036 -61.09780348492225 97
    vertex -19.06987904613046 -52.45195123586723 97
    vertex -23.97885834782485 -59.71641094665614 97
  endloop
endfacet
facet normal 0 0 1
  outer loop
    vertex -5.088900118101534 -62.00159987876712 97
    vertex -8.720904367817205 -54.73710238682175 97
    vertex -14.85094609485036 -61.09780348492225 97
  endloop
endfacet
facet normal 0 0 1
  outer loop
    vertex -63.00124177546997 -4.881496439062667 97
    vertex -55.52163609283636 0.1906769553502315 97
    vertex -62.41099724888647 5.407878860598078 97
  endloop
endfacet
facet normal -0 0 -1
  outer loop
    vertex -8.521133772417969 48.68531721531253 -20
    vertex -20.94445079261281 47.89066728433347 -20
    vertex -14.47211802793224 60.28070989446697 -20
  endloop
endfacet
facet normal 0 0 -1
  outer loop
    vertex -32.68731598124725 -64.15246974156256 -20
    vertex -21.92283506960114 -55.34376334646721 -20
    vertex -22.24922359499608 -68.4760691732511 -20
  endloop
endfacet
facet normal 0 0 -1
  outer loop
    vertex -20.94445079261281 47.89066728433347 -20
    vertex -24.54893486844455 58.73162952608266 -20
    vertex -14.47211802793224 60.28070989446697 -20
  endloop
endfacet
facet normal 0 0 -1
  outer loop
    vertex -1.323062753105786e-13 72 -20
    vertex -4.383676055589555 59.97806833264775 -20
    vertex -11.26328148289678 71.11356052284989 -20
  endloop
endfacet
facet normal 0 -0 -1
  outer loop
    vertex -32.60456897049999 -53.48135363357696 -20
    vertex -21.92283506960114 -55.34376334646721 -20
    vertex -32.68731598124725 -64.15246974156256 -20
  endloop
endfacet
facet normal 0 0 -1
  outer loop
    vertex 22.43664875950223 45.96474978425965 -20
    vertex 22.93300235950675 57.85461397997997 -20
    vertex 32.28070238732028 53.0856411863939 -20
  endloop
endfacet
facet normal 0 0 -1
  outer loop
    vertex 12.97095162312198 53.08100489314348 -20
    vertex 22.93300235950675 57.85461397997997 -20
    vertex 22.43664875950223 45.96474978425965 -20
  endloop
endfacet
facet normal -0 0 -1
  outer loop
    vertex -44.74658179496124 -0.1745767371411793 -20
    vertex -55.56118331664207 -2.997012713267472 -20
    vertex -52.32455569064008 8.025004412820575 -20
  endloop
endfacet
facet normal 0 0 -1
  outer loop
    vertex -32.39156594543385 52.85823153679945 -20
    vertex -24.54893486844455 58.73162952608266 -20
    vertex -20.94445079261281 47.89066728433347 -20
  endloop
endfacet
facet normal 0 -0 -1
  outer loop
    vertex -36.13816911370064 -38.0617730527706 -20
    vertex -27.83696384916911 -45.29998810759499 -20
    vertex -39.34707474107806 -47.65967462673746 -20
  endloop
endfacet
facet normal 0 0 -1
  outer loop
    vertex -39.34707474107806 -47.65967462673746 -20
    vertex -27.83696384916911 -45.29998810759499 -20
    vertex -32.60456897049999 -53.48135363357696 -20
  endloop
endfacet
facet normal 0 -0 -1
  outer loop
    vertex 1.238060122408968 -51.37024869792871 -20
    vertex 5.088900118100787 -62.00159987876936 -20
    vertex -4.912925640355658 -61.71042850283723 -20
  endloop
endfacet
facet normal 0 0 -1
  outer loop
    vertex 1.238060122408968 -51.37024869792871 -20
    vertex 8.720904367816914 -54.73710238682255 -20
    vertex 5.088900118100787 -62.00159987876936 -20
  endloop
endfacet
facet normal 0 0 -1
  outer loop
    vertex 50.9116882454315 -50.91168824543134 -20
    vertex 45.76458844245068 -39.22568631472573 -20
    vertex 58.24922359499624 -42.32053816505803 -20
  endloop
endfacet
facet normal -0 0 -1
  outer loop
    vertex 6.093918579841741 61.24659127140496 -20
    vertex -4.383676055589555 59.97806833264775 -20
    vertex -1.323062753105786e-13 72 -20
  endloop
endfacet
facet normal 0 -0 -1
  outer loop
    vertex -11.26328148289678 71.11356052284989 -20
    vertex -4.383676055589555 59.97806833264775 -20
    vertex -14.47211802793224 60.28070989446697 -20
  endloop
endfacet
facet normal -0 0 -1
  outer loop
    vertex -20.94445079261281 47.89066728433347 -20
    vertex -31.87757523386317 42.84651786270786 -20
    vertex -32.39156594543385 52.85823153679945 -20
  endloop
endfacet
facet normal 0 -0 -1
  outer loop
    vertex 32.28070238732028 53.0856411863939 -20
    vertex 32.32957147143987 44.14683459785653 -20
    vertex 22.43664875950223 45.96474978425965 -20
  endloop
endfacet
facet normal 0 0 -1
  outer loop
    vertex -52.32455569064008 8.025004412820575 -20
    vertex -55.56118331664207 -2.997012713267472 -20
    vertex -62.69794650884548 4.516972607693579 -20
  endloop
endfacet
facet normal 0 -0 -1
  outer loop
    vertex 60.57408189351439 15.18343818964782 -20
    vertex 62.41099723956991 5.407878859220578 -20
    vertex 51.70562602200431 9.789394786259125 -20
  endloop
endfacet
facet normal -0 0 -1
  outer loop
    vertex 62.41099723956991 5.407878859220578 -20
    vertex 55.52163608469851 0.1906769487512318 -20
    vertex 51.70562602200431 9.789394786259125 -20
  endloop
endfacet
facet normal 0 0 -1
  outer loop
    vertex 53.68463143713554 -31.38825739443817 -20
    vertex 45.45648664559975 -28.15527867571204 -20
    vertex 51.20503872799418 -19.8867979634305 -20
  endloop
endfacet
facet normal 0 0 -1
  outer loop
    vertex 58.24922359499624 -42.32053816505803 -20
    vertex 45.76458844245068 -39.22568631472573 -20
    vertex 53.68463143713554 -31.38825739443817 -20
  endloop
endfacet
facet normal 0 0 -1
  outer loop
    vertex 51.20503872799418 -19.8867979634305 -20
    vertex 59.72810514718338 -24.31243004686512 -20
    vertex 53.68463143713554 -31.38825739443817 -20
  endloop
endfacet
facet normal 0 0 -1
  outer loop
    vertex -4.912925640355658 -61.71042850283723 -20
    vertex -10.43280416363792 -52.51832567759372 -20
    vertex 1.238060122408968 -51.37024869792871 -20
  endloop
endfacet
facet normal 0 0 -1
  outer loop
    vertex -71.11356052284992 11.26328148289661 -20
    vertex -60.12421011487987 15.725813566493 -20
    vertex -62.69794650884548 4.516972607693579 -20
  endloop
endfacet
facet normal 0 0 -1
  outer loop
    vertex -52.85823153679952 32.3915659454337 -20
    vertex -44.14111566937405 30.78652984479141 -20
    vertex -49.30624038483077 20.75664689532127 -20
  endloop
endfacet
facet normal 0 -0 -1
  outer loop
    vertex -21.92283506960114 -55.34376334646721 -20
    vertex -14.15621399029744 -61.83242944459984 -20
    vertex -22.24922359499608 -68.4760691732511 -20
  endloop
endfacet
facet normal 0 0 -1
  outer loop
    vertex -49.30624038483077 20.75664689532127 -20
    vertex -58.89923745691772 24.98345907734528 -20
    vertex -52.85823153679952 32.3915659454337 -20
  endloop
endfacet
facet normal 0 0 -1
  outer loop
    vertex 48.08322132882716 40.31593801512302 -20
    vertex 44.79423256247143 28.62100931367948 -20
    vertex 38.49144947684222 37.83416416903572 -20
  endloop
endfacet
facet normal 0 0 -1
  outer loop
    vertex -60.28070989446697 -14.47211802793215 -20
    vertex -48.12257962986202 -10.74642229289093 -20
    vertex -51.06763043432338 -21.76602683453556 -20
  endloop
endfacet
facet normal 0 -0 -1
  outer loop
    vertex -68.47606917325108 22.24922359499618 -20
    vertex -60.12421011487987 15.725813566493 -20
    vertex -71.11356052284992 11.26328148289661 -20
  endloop
endfacet
facet normal 0 0 -1
  outer loop
    vertex -14.47211802793224 60.28070989446697 -20
    vertex -4.383676055589555 59.97806833264775 -20
    vertex -8.521133772417969 48.68531721531253 -20
  endloop
endfacet
facet normal 0 0 -1
  outer loop
    vertex -48.12257962986202 -10.74642229289093 -20
    vertex -55.56118331664207 -2.997012713267472 -20
    vertex -44.74658179496124 -0.1745767371411793 -20
  endloop
endfacet
facet normal 0 0 -1
  outer loop
    vertex 31.00806956854469 -52.69825682882627 -20
    vertex 19.06987904612911 -52.45195123587136 -20
    vertex 23.13410072102159 -44.14707808053406 -20
  endloop
endfacet
facet normal 0 0 -1
  outer loop
    vertex -50.91168824543148 50.91168824543136 -20
    vertex -40.63053081131844 49.5228879260285 -20
    vertex -41.90058571752983 40.8559064909872 -20
  endloop
endfacet
facet normal -0 0 -1
  outer loop
    vertex -41.90058571752983 40.8559064909872 -20
    vertex -50.21967621219707 40.25220563990184 -20
    vertex -50.91168824543148 50.91168824543136 -20
  endloop
endfacet
facet normal 0 0 -1
  outer loop
    vertex 53.97415032390617 31.71020601263663 -20
    vertex 52.32197093194071 21.46392614079927 -20
    vertex 44.79423256247143 28.62100931367948 -20
  endloop
endfacet
facet normal -0 0 -1
  outer loop
    vertex 53.97415032390617 31.71020601263663 -20
    vertex 44.79423256247143 28.62100931367948 -20
    vertex 48.08322132882716 40.31593801512302 -20
  endloop
endfacet
facet normal 0 -0 -1
  outer loop
    vertex 6.093918579841741 61.24659127140496 -20
    vertex 12.97095162312198 53.08100489314348 -20
    vertex 2.351242036797408 50.57514285497894 -20
  endloop
endfacet
facet normal 0 0 -1
  outer loop
    vertex 23.97885834782485 -59.71641094665612 -20
    vertex 19.06987904612911 -52.45195123587136 -20
    vertex 31.00806956854469 -52.69825682882627 -20
  endloop
endfacet
facet normal 0 0 -1
  outer loop
    vertex 23.13410072102159 -44.14707808053406 -20
    vertex 33.93639891019642 -41.76077657751073 -20
    vertex 31.00806956854469 -52.69825682882627 -20
  endloop
endfacet
facet normal 0 0 -1
  outer loop
    vertex -60.28070989446697 -14.47211802793215 -20
    vertex -55.56118331664207 -2.997012713267472 -20
    vertex -48.12257962986202 -10.74642229289093 -20
  endloop
endfacet
facet normal -0 0 -1
  outer loop
    vertex 59.83544245397956 24.19816374934298 -20
    vertex 52.32197093194071 21.46392614079927 -20
    vertex 53.97415032390617 31.71020601263663 -20
  endloop
endfacet
facet normal 0 0 -1
  outer loop
    vertex -54.09532333597822 -31.90303925145857 -20
    vertex -51.06763043432338 -21.76602683453556 -20
    vertex -43.66665252747293 -29.68279439155282 -20
  endloop
endfacet
facet normal 0 -0 -1
  outer loop
    vertex -44.74658179496124 -0.1745767371411793 -20
    vertex -37.04227011186516 -8.268759488339679 -20
    vertex -48.12257962986202 -10.74642229289093 -20
  endloop
endfacet
facet normal 0 -0 -1
  outer loop
    vertex -33.6204172605513 2.579565025960675 -20
    vertex -25.99093639152293 -5.751545436607271 -20
    vertex -37.04227011186516 -8.268759488339679 -20
  endloop
endfacet
facet normal 0 0 -1
  outer loop
    vertex -48.12257962986202 -10.74642229289093 -20
    vertex -37.04227011186516 -8.268759488339679 -20
    vertex -40.40069211467733 -19.00531991548232 -20
  endloop
endfacet
facet normal 0 0 -1
  outer loop
    vertex -33.6204172605513 2.579565025960675 -20
    vertex -37.04227011186516 -8.268759488339679 -20
    vertex -44.74658179496124 -0.1745767371411793 -20
  endloop
endfacet
facet normal 0 0 -1
  outer loop
    vertex -37.04227011186516 -8.268759488339679 -20
    vertex -25.99093639152293 -5.751545436607271 -20
    vertex -29.37238491365543 -16.52300479391661 -20
  endloop
endfacet
facet normal 0 0 -1
  outer loop
    vertex -40.40069211467733 -19.00531991548232 -20
    vertex -37.04227011186516 -8.268759488339679 -20
    vertex -29.37238491365543 -16.52300479391661 -20
  endloop
endfacet
facet normal 0 0 -1
  outer loop
    vertex -32.74461156924669 -27.29495493245906 -20
    vertex -40.40069211467733 -19.00531991548232 -20
    vertex -29.37238491365543 -16.52300479391661 -20
  endloop
endfacet
facet normal -0 0 -1
  outer loop
    vertex -6.44523049497823 -41.69297365798614 -20
    vertex -17.16362761620197 -43.64292490205387 -20
    vertex -14.03391095030322 -33.14794765343338 -20
  endloop
endfacet
facet normal 0 -0 -1
  outer loop
    vertex -10.69271362794689 -22.3723789334253 -20
    vertex -3.047343174285414 -30.73085248660469 -20
    vertex -14.03391095030322 -33.14794765343338 -20
  endloop
endfacet
facet normal 0 0 -1
  outer loop
    vertex -14.03391095030322 -33.14794765343338 -20
    vertex -3.047343174285414 -30.73085248660469 -20
    vertex -6.44523049497823 -41.69297365798614 -20
  endloop
endfacet
facet normal 0 0 -1
  outer loop
    vertex -10.69271362794689 -22.3723789334253 -20
    vertex -14.03391095030322 -33.14794765343338 -20
    vertex -21.68398295457634 -24.80058040167775 -20
  endloop
endfacet
facet normal 0 0 -1
  outer loop
    vertex -25.99093639152293 -5.751545436607271 -20
    vertex -22.60634317969159 5.036846305590481 -20
    vertex -14.96282663552967 -3.279986572379872 -20
  endloop
endfacet
facet normal 0 0 -1
  outer loop
    vertex -33.6204172605513 2.579565025960675 -20
    vertex -22.60634317969159 5.036846305590481 -20
    vertex -25.99093639152293 -5.751545436607271 -20
  endloop
endfacet
facet normal 0 0 -1
  outer loop
    vertex -18.33854949377426 -14.05457940854753 -20
    vertex -25.99093639152293 -5.751545436607271 -20
    vertex -14.96282663552967 -3.279986572379872 -20
  endloop
endfacet
facet normal 0 0 -1
  outer loop
    vertex 4.589337344004944 -39.01740201709288 -20
    vertex -3.047343174285414 -30.73085248660469 -20
    vertex 7.971013100200138 -28.23725516898315 -20
  endloop
endfacet
facet normal -0 0 -1
  outer loop
    vertex 7.971013100200138 -28.23725516898315 -20
    vertex -3.047343174285414 -30.73085248660469 -20
    vertex 0.3274455833107702 -19.91715748870734 -20
  endloop
endfacet
facet normal -0 0 -1
  outer loop
    vertex 11.35271724902039 -17.45707674516352 -20
    vertex 0.3274455833107702 -19.91715748870734 -20
    vertex 3.707802346081921 -9.138266377617342 -20
  endloop
endfacet
facet normal 0 0 -1
  outer loop
    vertex -6.44523049497823 -41.69297365798614 -20
    vertex -3.047343174285414 -30.73085248660469 -20
    vertex 4.589337344004944 -39.01740201709288 -20
  endloop
endfacet
facet normal 0 0 -1
  outer loop
    vertex 7.971013100200138 -28.23725516898315 -20
    vertex 0.3274455833107702 -19.91715748870734 -20
    vertex 11.35271724902039 -17.45707674516352 -20
  endloop
endfacet
facet normal 0 0 -1
  outer loop
    vertex 3.707802346081921 -9.138266377617342 -20
    vertex 0.3274455833107702 -19.91715748870734 -20
    vertex -7.318415754892577 -11.59925537891476 -20
  endloop
endfacet
facet normal 0 0 -1
  outer loop
    vertex -19.22749567039616 15.81764396233734 -20
    vertex -22.60634317969159 5.036846305590481 -20
    vertex -30.25421530869368 13.35618169883135 -20
  endloop
endfacet
facet normal -0 0 -1
  outer loop
    vertex -11.5821678114558 7.499219155400658 -20
    vertex -22.60634317969159 5.036846305590481 -20
    vertex -19.22749567039616 15.81764396233734 -20
  endloop
endfacet
facet normal -0 0 -1
  outer loop
    vertex -0.555667073995784 9.960478166419138 -20
    vertex -11.5821678114558 7.499219155400658 -20
    vertex -8.20076745956416 18.27911448714718 -20
  endloop
endfacet
facet normal 0 -0 -1
  outer loop
    vertex -30.25421530869368 13.35618169883135 -20
    vertex -22.60634317969159 5.036846305590481 -20
    vertex -33.6204172605513 2.579565025960675 -20
  endloop
endfacet
facet normal 0 0 -1
  outer loop
    vertex -8.20076745956416 18.27911448714718 -20
    vertex -11.5821678114558 7.499219155400658 -20
    vertex -19.22749567039616 15.81764396233734 -20
  endloop
endfacet
facet normal 0 0 -1
  outer loop
    vertex -3.937080095487233 -0.8194277286991984 -20
    vertex -11.5821678114558 7.499219155400658 -20
    vertex -0.555667073995784 9.960478166419138 -20
  endloop
endfacet
facet normal 0 -0 -1
  outer loop
    vertex 40.04931838189544 8.915692237830491 -20
    vertex 46.83308303839264 -0.09475383971629621 -20
    vertex 36.70270473192981 -1.81374710966639 -20
  endloop
endfacet
facet normal 0 0 -1
  outer loop
    vertex 40.04931838189544 8.915692237830491 -20
    vertex 36.70270473192981 -1.81374710966639 -20
    vertex 29.14274608331709 6.564648009951149 -20
  endloop
endfacet
facet normal -0 0 -1
  outer loop
    vertex 36.70270473192981 -1.81374710966639 -20
    vertex 25.74690593760543 -4.225438868417783 -20
    vertex 29.14274608331709 6.564648009951149 -20
  endloop
endfacet
facet normal 0 0 -1
  outer loop
    vertex 29.14274608331709 6.564648009951149 -20
    vertex 25.74690593760543 -4.225438868417783 -20
    vertex 18.11605053056565 4.103208388631904 -20
  endloop
endfacet
facet normal 0 -0 -1
  outer loop
    vertex 18.11605053056565 4.103208388631904 -20
    vertex 25.74690593760543 -4.225438868417783 -20
    vertex 14.73439736677584 -6.676921684487297 -20
  endloop
endfacet
facet normal 0 0 -1
  outer loop
    vertex 7.089392412023668 1.641803802241835 -20
    vertex 18.11605053056565 4.103208388631904 -20
    vertex 14.73439736677584 -6.676921684487297 -20
  endloop
endfacet
facet normal -0 0 -1
  outer loop
    vertex 29.14274608331709 6.564648009951149 -20
    vertex 18.11605053056565 4.103208388631904 -20
    vertex 21.4977017476202 14.88333677624865 -20
  endloop
endfacet
facet normal 0 0 -1
  outer loop
    vertex 24.87937158753436 25.66348263052528 -20
    vertex 28.26104325169168 36.44363019528851 -20
    vertex 35.54966011920739 27.79737726720928 -20
  endloop
endfacet
facet normal 0 0 -1
  outer loop
    vertex 28.26104325169168 36.44363019528851 -20
    vertex 38.49144947684222 37.83416416903572 -20
    vertex 35.54966011920739 27.79737726720928 -20
  endloop
endfacet
facet normal 0 0 -1
  outer loop
    vertex 17.23432608432677 33.98217027178539 -20
    vertex 28.26104325169168 36.44363019528851 -20
    vertex 24.87937158753436 25.66348263052528 -20
  endloop
endfacet
facet normal -0 0 -1
  outer loop
    vertex 17.23432608432677 33.98217027178539 -20
    vertex 6.218917491694399 31.51947958170275 -20
    vertex 9.657114815228356 42.29345721999929 -20
  endloop
endfacet
facet normal 0 0 -1
  outer loop
    vertex 9.657114815228356 42.29345721999929 -20
    vertex 22.43664875950223 45.96474978425965 -20
    vertex 17.23432608432677 33.98217027178539 -20
  endloop
endfacet
facet normal 0 0 -1
  outer loop
    vertex 21.4977017476202 14.88333677624865 -20
    vertex 18.11605053056565 4.103208388631904 -20
    vertex 10.47099153103466 12.42188336120537 -20
  endloop
endfacet
facet normal 0 0 -1
  outer loop
    vertex 13.8526559742661 23.20202416219098 -20
    vertex 6.218917491694399 31.51947958170275 -20
    vertex 17.23432608432677 33.98217027178539 -20
  endloop
endfacet
facet normal 0 0 -1
  outer loop
    vertex 33.40612238919364 -12.53418488510698 -20
    vertex 25.74690593760543 -4.225438868417783 -20
    vertex 36.70270473192981 -1.81374710966639 -20
  endloop
endfacet
facet normal 0 -0 -1
  outer loop
    vertex 22.43664875950223 45.96474978425965 -20
    vertex 28.26104325169168 36.44363019528851 -20
    vertex 17.23432608432677 33.98217027178539 -20
  endloop
endfacet
facet normal 0 0 -1
  outer loop
    vertex 22.37941452385054 -14.99563592982908 -20
    vertex 25.74690593760543 -4.225438868417783 -20
    vertex 33.40612238919364 -12.53418488510698 -20
  endloop
endfacet
facet normal 0 0 -1
  outer loop
    vertex 2.825949472700827 20.74057421017567 -20
    vertex 6.218917491694399 31.51947958170275 -20
    vertex 13.8526559742661 23.20202416219098 -20
  endloop
endfacet
facet normal 0 0 -1
  outer loop
    vertex 15.61606010565942 -36.55594138382212 -20
    vertex 26.48820496141705 -33.86389665672132 -20
    vertex 23.13410072102159 -44.14707808053406 -20
  endloop
endfacet
facet normal 0 -0 -1
  outer loop
    vertex 18.9977380300588 -25.77578794814619 -20
    vertex 26.48820496141705 -33.86389665672132 -20
    vertex 15.61606010565942 -36.55594138382212 -20
  endloop
endfacet
facet normal 0 0 -1
  outer loop
    vertex 9.657114815228356 42.29345721999929 -20
    vertex 6.218917491694399 31.51947958170275 -20
    vertex -1.437436585814501 39.83939798802408 -20
  endloop
endfacet
facet normal 0 -0 -1
  outer loop
    vertex -1.437436585814501 39.83939798802408 -20
    vertex 6.218917491694399 31.51947958170275 -20
    vertex -4.819104810541147 29.0592536380411 -20
  endloop
endfacet
facet normal 0 0 -1
  outer loop
    vertex -34.0865648350067 32.19419659698583 -20
    vertex -23.50027749634729 34.96392006115845 -20
    vertex -26.87254389299389 24.13632934276144 -20
  endloop
endfacet
facet normal 0 0 -1
  outer loop
    vertex 30.02445135760426 -23.31433176674348 -20
    vertex 26.48820496141705 -33.86389665672132 -20
    vertex 18.9977380300588 -25.77578794814619 -20
  endloop
endfacet
facet normal 0 0 -1
  outer loop
    vertex -26.87254389299389 24.13632934276144 -20
    vertex -23.50027749634729 34.96392006115845 -20
    vertex -15.84582369956507 26.59779210450495 -20
  endloop
endfacet
facet normal 0 0 -1
  outer loop
    vertex 32.52441770477452 17.34479556532271 -20
    vertex 43.04829233576837 19.2813447932296 -20
    vertex 40.04931838189544 8.915692237830491 -20
  endloop
endfacet
facet normal -0 0 -1
  outer loop
    vertex -12.46415377366541 37.37793804503761 -20
    vertex -23.50027749634729 34.96392006115845 -20
    vertex -20.94445079261281 47.89066728433347 -20
  endloop
endfacet
facet normal 0 0 -1
  outer loop
    vertex -71.11356052284991 -11.26328148289664 -20
    vertex -60.28070989446697 -14.47211802793215 -20
    vertex -68.47606917325103 -22.24922359499629 -20
  endloop
endfacet
facet normal 0 0 -1
  outer loop
    vertex 71.11356052284991 11.26328148289666 -20
    vertex 60.57408189351439 15.18343818964782 -20
    vertex 68.47606917325103 22.24922359499628 -20
  endloop
endfacet
facet normal 0 0 -1
  outer loop
    vertex -11.26328148289678 71.11356052284989 -20
    vertex -14.47211802793224 60.28070989446697 -20
    vertex -22.24922359499636 68.47606917325102 -20
  endloop
endfacet
facet normal -0 0 -1
  outer loop
    vertex 11.26328148289651 71.11356052284994 -20
    vertex 6.093918579841741 61.24659127140496 -20
    vertex -1.323062753105786e-13 72 -20
  endloop
endfacet
facet normal 0 0 -1
  outer loop
    vertex 58.24922359499624 -42.32053816505803 -20
    vertex 53.68463143713554 -31.38825739443817 -20
    vertex 64.1524697415625 -32.68731598124733 -20
  endloop
endfacet
facet normal 0 0 -1
  outer loop
    vertex -11.26328148289642 -71.11356052284995 -20
    vertex -4.912925640355658 -61.71042850283723 -20
    vertex 2.050722872765087e-13 -72 -20
  endloop
endfacet
facet normal -0 0 -1
  outer loop
    vertex 42.32053816505801 58.24922359499626 -20
    vertex 32.28070238732028 53.0856411863939 -20
    vertex 32.68731598124728 64.15246974156253 -20
  endloop
endfacet
facet normal -0 0 -1
  outer loop
    vertex 64.15246974156247 32.68731598124741 -20
    vertex 53.97415032390617 31.71020601263663 -20
    vertex 58.24922359499617 42.32053816505812 -20
  endloop
endfacet
facet normal 0 -0 -1
  outer loop
    vertex -71.11356052284992 11.26328148289661 -20
    vertex -62.69794650884548 4.516972607693579 -20
    vertex -72 0 -20
  endloop
endfacet
facet normal 0 0 -1
  outer loop
    vertex -30.25421530869368 13.35618169883135 -20
    vertex -33.6204172605513 2.579565025960675 -20
    vertex -41.14992738267908 10.95119431912102 -20
  endloop
endfacet
facet normal 0 0 -1
  outer loop
    vertex 71.11356052284992 -11.26328148289658 -20
    vertex 63.00124176863327 -4.881496437979828 -20
    vertex 72 8.81745695386094e-15 -20
  endloop
endfacet
facet normal 0 0 -1
  outer loop
    vertex -41.14992738267908 10.95119431912102 -20
    vertex -49.30624038483077 20.75664689532127 -20
    vertex -37.58812341470895 21.57726670793515 -20
  endloop
endfacet
facet normal 0 -0 -1
  outer loop
    vertex -58.24922359499627 42.320538165058 -20
    vertex -52.85823153679952 32.3915659454337 -20
    vertex -64.15246974156251 32.68731598124732 -20
  endloop
endfacet
facet normal 0 -0 -1
  outer loop
    vertex -32.68731598124749 64.15246974156243 -20
    vertex -32.39156594543385 52.85823153679945 -20
    vertex -42.32053816505815 58.24922359499616 -20
  endloop
endfacet
facet normal 0 0 -1
  outer loop
    vertex 32.68731598124755 -64.1524697415624 -20
    vertex 31.00806956854469 -52.69825682882627 -20
    vertex 42.32053816505818 -58.24922359499614 -20
  endloop
endfacet
facet normal 0 0 -1
  outer loop
    vertex -42.32053816505795 -58.24922359499629 -20
    vertex -32.60456897049999 -53.48135363357696 -20
    vertex -32.68731598124725 -64.15246974156256 -20
  endloop
endfacet
facet normal 0 0 -1
  outer loop
    vertex -58.24922359499617 -42.32053816505813 -20
    vertex -47.14030170288572 -40.26162119135537 -20
    vertex -50.91168824543137 -50.91168824543148 -20
  endloop
endfacet
facet normal 0 0 -1
  outer loop
    vertex -37.58812341470895 21.57726670793515 -20
    vertex -34.0865648350067 32.19419659698583 -20
    vertex -26.87254389299389 24.13632934276144 -20
  endloop
endfacet
facet normal -0 0 -1
  outer loop
    vertex -30.25421530869368 13.35618169883135 -20
    vertex -41.14992738267908 10.95119431912102 -20
    vertex -37.58812341470895 21.57726670793515 -20
  endloop
endfacet
facet normal 0 0 -1
  outer loop
    vertex 11.26328148289689 -71.11356052284987 -20
    vertex 14.85094609485036 -61.09780348492225 -20
    vertex 22.24922359499641 -68.47606917325099 -20
  endloop
endfacet
facet normal 0 0 -1
  outer loop
    vertex 2.351242036797408 50.57514285497894 -20
    vertex 12.97095162312198 53.08100489314348 -20
    vertex 9.657114815228356 42.29345721999929 -20
  endloop
endfacet
facet normal 0 -0 -1
  outer loop
    vertex 12.97095162312198 53.08100489314348 -20
    vertex 22.43664875950223 45.96474978425965 -20
    vertex 9.657114815228356 42.29345721999929 -20
  endloop
endfacet
facet normal 0 -0 -1
  outer loop
    vertex 2.351242036797408 50.57514285497894 -20
    vertex 9.657114815228356 42.29345721999929 -20
    vertex -1.437436585814501 39.83939798802408 -20
  endloop
endfacet
facet normal -0 0 -1
  outer loop
    vertex -33.6204172605513 2.579565025960675 -20
    vertex -44.74658179496124 -0.1745767371411793 -20
    vertex -41.14992738267908 10.95119431912102 -20
  endloop
endfacet
facet normal 0 0 -1
  outer loop
    vertex -12.46415377366541 37.37793804503761 -20
    vertex -20.94445079261281 47.89066728433347 -20
    vertex -8.521133772417969 48.68531721531253 -20
  endloop
endfacet
facet normal 0 0 -1
  outer loop
    vertex 36.70270473192981 -1.81374710966639 -20
    vertex 46.83308303839264 -0.09475383971629621 -20
    vertex 44.04245846791375 -10.32055845333631 -20
  endloop
endfacet
facet normal 0 0 -1
  outer loop
    vertex 1.238060122408968 -51.37024869792871 -20
    vertex -6.44523049497823 -41.69297365798614 -20
    vertex 4.589337344004944 -39.01740201709288 -20
  endloop
endfacet
facet normal 0 0 -1
  outer loop
    vertex -8.521133772417969 48.68531721531253 -20
    vertex 2.351242036797408 50.57514285497894 -20
    vertex -1.437436585814501 39.83939798802408 -20
  endloop
endfacet
facet normal 0 0 -1
  outer loop
    vertex -30.25421530869368 13.35618169883135 -20
    vertex -37.58812341470895 21.57726670793515 -20
    vertex -26.87254389299389 24.13632934276144 -20
  endloop
endfacet
facet normal 0 -0 -1
  outer loop
    vertex 15.61606010565942 -36.55594138382212 -20
    vertex 23.13410072102159 -44.14707808053406 -20
    vertex 12.2343871399753 -47.33609010532653 -20
  endloop
endfacet
facet normal 0 0 -1
  outer loop
    vertex 33.40612238919364 -12.53418488510698 -20
    vertex 36.70270473192981 -1.81374710966639 -20
    vertex 44.04245846791375 -10.32055845333631 -20
  endloop
endfacet
facet normal 0 -0 -1
  outer loop
    vertex 32.52441770477452 17.34479556532271 -20
    vertex 40.04931838189544 8.915692237830491 -20
    vertex 29.14274608331709 6.564648009951149 -20
  endloop
endfacet
facet normal -0 0 -1
  outer loop
    vertex 36.95230489950064 -31.3499985133297 -20
    vertex 26.48820496141705 -33.86389665672132 -20
    vertex 30.02445135760426 -23.31433176674348 -20
  endloop
endfacet
facet normal 0 -0 -1
  outer loop
    vertex 35.54966011920739 27.79737726720928 -20
    vertex 43.04829233576837 19.2813447932296 -20
    vertex 32.52441770477452 17.34479556532271 -20
  endloop
endfacet
facet normal -0 0 -1
  outer loop
    vertex -19.22749567039616 15.81764396233734 -20
    vertex -30.25421530869368 13.35618169883135 -20
    vertex -26.87254389299389 24.13632934276144 -20
  endloop
endfacet
facet normal 0 0 -1
  outer loop
    vertex -12.46415377366541 37.37793804503761 -20
    vertex -8.521133772417969 48.68531721531253 -20
    vertex -1.437436585814501 39.83939798802408 -20
  endloop
endfacet
facet normal -0 0 -1
  outer loop
    vertex 12.2343871399753 -47.33609010532653 -20
    vertex 1.238060122408968 -51.37024869792871 -20
    vertex 4.589337344004944 -39.01740201709288 -20
  endloop
endfacet
facet normal 0 -0 -1
  outer loop
    vertex 44.04245846791375 -10.32055845333631 -20
    vertex 51.20503872799418 -19.8867979634305 -20
    vertex 40.51121243493524 -20.68349322295903 -20
  endloop
endfacet
facet normal 0 0 -1
  outer loop
    vertex 40.51121243493524 -20.68349322295903 -20
    vertex 36.95230489950064 -31.3499985133297 -20
    vertex 30.02445135760426 -23.31433176674348 -20
  endloop
endfacet
facet normal 0 0 -1
  outer loop
    vertex 32.52441770477452 17.34479556532271 -20
    vertex 29.14274608331709 6.564648009951149 -20
    vertex 21.4977017476202 14.88333677624865 -20
  endloop
endfacet
facet normal 0 0 -1
  outer loop
    vertex 15.61606010565942 -36.55594138382212 -20
    vertex 12.2343871399753 -47.33609010532653 -20
    vertex 4.589337344004944 -39.01740201709288 -20
  endloop
endfacet
facet normal 0 0 -1
  outer loop
    vertex -12.46415377366541 37.37793804503761 -20
    vertex -1.437436585814501 39.83939798802408 -20
    vertex -4.819104810541147 29.0592536380411 -20
  endloop
endfacet
facet normal 0 0 -1
  outer loop
    vertex -19.22749567039616 15.81764396233734 -20
    vertex -26.87254389299389 24.13632934276144 -20
    vertex -15.84582369956507 26.59779210450495 -20
  endloop
endfacet
facet normal 0 0 -1
  outer loop
    vertex -15.84582369956507 26.59779210450495 -20
    vertex -23.50027749634729 34.96392006115845 -20
    vertex -12.46415377366541 37.37793804503761 -20
  endloop
endfacet
facet normal 0 0 -1
  outer loop
    vertex 24.87937158753436 25.66348263052528 -20
    vertex 35.54966011920739 27.79737726720928 -20
    vertex 32.52441770477452 17.34479556532271 -20
  endloop
endfacet
facet normal 0 0 -1
  outer loop
    vertex 33.40612238919364 -12.53418488510698 -20
    vertex 44.04245846791375 -10.32055845333631 -20
    vertex 40.51121243493524 -20.68349322295903 -20
  endloop
endfacet
facet normal 0 -0 -1
  outer loop
    vertex 33.40612238919364 -12.53418488510698 -20
    vertex 40.51121243493524 -20.68349322295903 -20
    vertex 30.02445135760426 -23.31433176674348 -20
  endloop
endfacet
facet normal 0 -0 -1
  outer loop
    vertex 24.87937158753436 25.66348263052528 -20
    vertex 32.52441770477452 17.34479556532271 -20
    vertex 21.4977017476202 14.88333677624865 -20
  endloop
endfacet
facet normal -0 0 -1
  outer loop
    vertex 15.61606010565942 -36.55594138382212 -20
    vertex 4.589337344004944 -39.01740201709288 -20
    vertex 7.971013100200138 -28.23725516898315 -20
  endloop
endfacet
facet normal -0 0 -1
  outer loop
    vertex -8.20076745956416 18.27911448714718 -20
    vertex -19.22749567039616 15.81764396233734 -20
    vertex -15.84582369956507 26.59779210450495 -20
  endloop
endfacet
facet normal 0 0 -1
  outer loop
    vertex -15.84582369956507 26.59779210450495 -20
    vertex -12.46415377366541 37.37793804503761 -20
    vertex -4.819104810541147 29.0592536380411 -20
  endloop
endfacet
facet normal 0 0 -1
  outer loop
    vertex 13.8526559742661 23.20202416219098 -20
    vertex 17.23432608432677 33.98217027178539 -20
    vertex 24.87937158753436 25.66348263052528 -20
  endloop
endfacet
facet normal 0 0 -1
  outer loop
    vertex -8.20076745956416 18.27911448714718 -20
    vertex -15.84582369956507 26.59779210450495 -20
    vertex -4.819104810541147 29.0592536380411 -20
  endloop
endfacet
facet normal 0 0 -1
  outer loop
    vertex 18.9977380300588 -25.77578794814619 -20
    vertex 15.61606010565942 -36.55594138382212 -20
    vertex 7.971013100200138 -28.23725516898315 -20
  endloop
endfacet
facet normal 0 0 -1
  outer loop
    vertex 22.37941452385054 -14.99563592982908 -20
    vertex 33.40612238919364 -12.53418488510698 -20
    vertex 30.02445135760426 -23.31433176674348 -20
  endloop
endfacet
facet normal 0 0 -1
  outer loop
    vertex 13.8526559742661 23.20202416219098 -20
    vertex 24.87937158753436 25.66348263052528 -20
    vertex 21.4977017476202 14.88333677624865 -20
  endloop
endfacet
facet normal 0 0 -1
  outer loop
    vertex -4.819104810541147 29.0592536380411 -20
    vertex 6.218917491694399 31.51947958170275 -20
    vertex 2.825949472700827 20.74057421017567 -20
  endloop
endfacet
facet normal -0 0 -1
  outer loop
    vertex 18.9977380300588 -25.77578794814619 -20
    vertex 7.971013100200138 -28.23725516898315 -20
    vertex 11.35271724902039 -17.45707674516352 -20
  endloop
endfacet
facet normal 0 -0 -1
  outer loop
    vertex 22.37941452385054 -14.99563592982908 -20
    vertex 30.02445135760426 -23.31433176674348 -20
    vertex 18.9977380300588 -25.77578794814619 -20
  endloop
endfacet
facet normal 0 0 -1
  outer loop
    vertex -8.20076745956416 18.27911448714718 -20
    vertex -4.819104810541147 29.0592536380411 -20
    vertex 2.825949472700827 20.74057421017567 -20
  endloop
endfacet
facet normal 0 -0 -1
  outer loop
    vertex 13.8526559742661 23.20202416219098 -20
    vertex 21.4977017476202 14.88333677624865 -20
    vertex 10.47099153103466 12.42188336120537 -20
  endloop
endfacet
facet normal 0 0 -1
  outer loop
    vertex -0.555667073995784 9.960478166419138 -20
    vertex -8.20076745956416 18.27911448714718 -20
    vertex 2.825949472700827 20.74057421017567 -20
  endloop
endfacet
facet normal 0 0 -1
  outer loop
    vertex 14.73439736677584 -6.676921684487297 -20
    vertex 25.74690593760543 -4.225438868417783 -20
    vertex 22.37941452385054 -14.99563592982908 -20
  endloop
endfacet
facet normal 0 0 -1
  outer loop
    vertex 22.37941452385054 -14.99563592982908 -20
    vertex 18.9977380300588 -25.77578794814619 -20
    vertex 11.35271724902039 -17.45707674516352 -20
  endloop
endfacet
facet normal 0 0 -1
  outer loop
    vertex 2.825949472700827 20.74057421017567 -20
    vertex 13.8526559742661 23.20202416219098 -20
    vertex 10.47099153103466 12.42188336120537 -20
  endloop
endfacet
facet normal 0 -0 -1
  outer loop
    vertex 10.47099153103466 12.42188336120537 -20
    vertex 18.11605053056565 4.103208388631904 -20
    vertex 7.089392412023668 1.641803802241835 -20
  endloop
endfacet
facet normal 0 -0 -1
  outer loop
    vertex 14.73439736677584 -6.676921684487297 -20
    vertex 22.37941452385054 -14.99563592982908 -20
    vertex 11.35271724902039 -17.45707674516352 -20
  endloop
endfacet
facet normal 0 0 -1
  outer loop
    vertex -0.555667073995784 9.960478166419138 -20
    vertex 2.825949472700827 20.74057421017567 -20
    vertex 10.47099153103466 12.42188336120537 -20
  endloop
endfacet
facet normal 0 0 -1
  outer loop
    vertex 14.73439736677584 -6.676921684487297 -20
    vertex 11.35271724902039 -17.45707674516352 -20
    vertex 3.707802346081921 -9.138266377617342 -20
  endloop
endfacet
facet normal 0 0 -1
  outer loop
    vertex -0.555667073995784 9.960478166419138 -20
    vertex 10.47099153103466 12.42188336120537 -20
    vertex 7.089392412023668 1.641803802241835 -20
  endloop
endfacet
facet normal 0 0 -1
  outer loop
    vertex -3.937080095487233 -0.8194277286991984 -20
    vertex -0.555667073995784 9.960478166419138 -20
    vertex 7.089392412023668 1.641803802241835 -20
  endloop
endfacet
facet normal 0 -0 -1
  outer loop
    vertex 7.089392412023668 1.641803802241835 -20
    vertex 14.73439736677584 -6.676921684487297 -20
    vertex 3.707802346081921 -9.138266377617342 -20
  endloop
endfacet
facet normal 0 0 -1
  outer loop
    vertex -3.937080095487233 -0.8194277286991984 -20
    vertex 7.089392412023668 1.641803802241835 -20
    vertex 3.707802346081921 -9.138266377617342 -20
  endloop
endfacet
facet normal 0 0 -1
  outer loop
    vertex -14.96282663552967 -3.279986572379872 -20
    vertex -11.5821678114558 7.499219155400658 -20
    vertex -3.937080095487233 -0.8194277286991984 -20
  endloop
endfacet
facet normal 0 -0 -1
  outer loop
    vertex -3.937080095487233 -0.8194277286991984 -20
    vertex 3.707802346081921 -9.138266377617342 -20
    vertex -7.318415754892577 -11.59925537891476 -20
  endloop
endfacet
facet normal 0 0 -1
  outer loop
    vertex -14.96282663552967 -3.279986572379872 -20
    vertex -22.60634317969159 5.036846305590481 -20
    vertex -11.5821678114558 7.499219155400658 -20
  endloop
endfacet
facet normal 0 0 -1
  outer loop
    vertex -14.96282663552967 -3.279986572379872 -20
    vertex -3.937080095487233 -0.8194277286991984 -20
    vertex -7.318415754892577 -11.59925537891476 -20
  endloop
endfacet
facet normal 0 -0 -1
  outer loop
    vertex -7.318415754892577 -11.59925537891476 -20
    vertex 0.3274455833107702 -19.91715748870734 -20
    vertex -10.69271362794689 -22.3723789334253 -20
  endloop
endfacet
facet normal 0 0 -1
  outer loop
    vertex -18.33854949377426 -14.05457940854753 -20
    vertex -14.96282663552967 -3.279986572379872 -20
    vertex -7.318415754892577 -11.59925537891476 -20
  endloop
endfacet
facet normal 0 0 -1
  outer loop
    vertex 0.3274455833107702 -19.91715748870734 -20
    vertex -3.047343174285414 -30.73085248660469 -20
    vertex -10.69271362794689 -22.3723789334253 -20
  endloop
endfacet
facet normal 0 0 -1
  outer loop
    vertex -18.33854949377426 -14.05457940854753 -20
    vertex -7.318415754892577 -11.59925537891476 -20
    vertex -10.69271362794689 -22.3723789334253 -20
  endloop
endfacet
facet normal 0 -0 -1
  outer loop
    vertex -18.33854949377426 -14.05457940854753 -20
    vertex -10.69271362794689 -22.3723789334253 -20
    vertex -21.68398295457634 -24.80058040167775 -20
  endloop
endfacet
facet normal 0 0 -1
  outer loop
    vertex -29.37238491365543 -16.52300479391661 -20
    vertex -25.99093639152293 -5.751545436607271 -20
    vertex -18.33854949377426 -14.05457940854753 -20
  endloop
endfacet
facet normal 0 0 -1
  outer loop
    vertex -14.03391095030322 -33.14794765343338 -20
    vertex -17.16362761620197 -43.64292490205387 -20
    vertex -24.85544960152477 -35.38221546009723 -20
  endloop
endfacet
facet normal 0 0 -1
  outer loop
    vertex -29.37238491365543 -16.52300479391661 -20
    vertex -18.33854949377426 -14.05457940854753 -20
    vertex -21.68398295457634 -24.80058040167775 -20
  endloop
endfacet
facet normal 0 -0 -1
  outer loop
    vertex -21.68398295457634 -24.80058040167775 -20
    vertex -14.03391095030322 -33.14794765343338 -20
    vertex -24.85544960152477 -35.38221546009723 -20
  endloop
endfacet
facet normal 0 0 -1
  outer loop
    vertex -51.06763043432338 -21.76602683453556 -20
    vertex -48.12257962986202 -10.74642229289093 -20
    vertex -40.40069211467733 -19.00531991548232 -20
  endloop
endfacet
facet normal 0 0 -1
  outer loop
    vertex -32.74461156924669 -27.29495493245906 -20
    vertex -29.37238491365543 -16.52300479391661 -20
    vertex -21.68398295457634 -24.80058040167775 -20
  endloop
endfacet
facet normal 0 0 -1
  outer loop
    vertex -43.66665252747293 -29.68279439155282 -20
    vertex -51.06763043432338 -21.76602683453556 -20
    vertex -40.40069211467733 -19.00531991548232 -20
  endloop
endfacet
facet normal 0 0 -1
  outer loop
    vertex -32.74461156924669 -27.29495493245906 -20
    vertex -21.68398295457634 -24.80058040167775 -20
    vertex -24.85544960152477 -35.38221546009723 -20
  endloop
endfacet
facet normal 0 -0 -1
  outer loop
    vertex -32.74461156924669 -27.29495493245906 -20
    vertex -24.85544960152477 -35.38221546009723 -20
    vertex -36.13816911370064 -38.0617730527706 -20
  endloop
endfacet
facet normal 0 0 -1
  outer loop
    vertex -43.66665252747293 -29.68279439155282 -20
    vertex -40.40069211467733 -19.00531991548232 -20
    vertex -32.74461156924669 -27.29495493245906 -20
  endloop
endfacet
facet normal 0 0 -1
  outer loop
    vertex -43.66665252747293 -29.68279439155282 -20
    vertex -32.74461156924669 -27.29495493245906 -20
    vertex -36.13816911370064 -38.0617730527706 -20
  endloop
endfacet
facet normal -0 0 -1
  outer loop
    vertex 1.238060122408968 -51.37024869792871 -20
    vertex -10.43280416363792 -52.51832567759372 -20
    vertex -6.44523049497823 -41.69297365798614 -20
  endloop
endfacet
facet normal 0 0 -1
  outer loop
    vertex -44.14111566937405 30.78652984479141 -20
    vertex -50.21967621219707 40.25220563990184 -20
    vertex -41.90058571752983 40.8559064909872 -20
  endloop
endfacet
facet normal 0 0 -1
  outer loop
    vertex -62.69794650884548 4.516972607693579 -20
    vertex -60.12421011487987 15.725813566493 -20
    vertex -52.32455569064008 8.025004412820575 -20
  endloop
endfacet
facet normal 0 -0 -1
  outer loop
    vertex 26.48820496141705 -33.86389665672132 -20
    vertex 33.93639891019642 -41.76077657751073 -20
    vertex 23.13410072102159 -44.14707808053406 -20
  endloop
endfacet
facet normal -0 0 -1
  outer loop
    vertex -10.43280416363792 -52.51832567759372 -20
    vertex -21.92283506960114 -55.34376334646721 -20
    vertex -17.16362761620197 -43.64292490205387 -20
  endloop
endfacet
facet normal 0 -0 -1
  outer loop
    vertex -43.66665252747293 -29.68279439155282 -20
    vertex -36.13816911370064 -38.0617730527706 -20
    vertex -47.14030170288572 -40.26162119135537 -20
  endloop
endfacet
facet normal 0 0 -1
  outer loop
    vertex -6.44523049497823 -41.69297365798614 -20
    vertex -10.43280416363792 -52.51832567759372 -20
    vertex -17.16362761620197 -43.64292490205387 -20
  endloop
endfacet
facet normal 0 0 -1
  outer loop
    vertex -44.74658179496124 -0.1745767371411793 -20
    vertex -52.32455569064008 8.025004412820575 -20
    vertex -41.14992738267908 10.95119431912102 -20
  endloop
endfacet
facet normal 0 0 -1
  outer loop
    vertex 12.97095162312198 53.08100489314348 -20
    vertex 15.10207552807262 62.35436796812589 -20
    vertex 22.93300235950675 57.85461397997997 -20
  endloop
endfacet
facet normal 0 0 -1
  outer loop
    vertex 50.9116882454315 -50.91168824543134 -20
    vertex 40.7882566663363 -48.56912631229804 -20
    vertex 45.76458844245068 -39.22568631472573 -20
  endloop
endfacet
facet normal 0 0 -1
  outer loop
    vertex 36.95230489950064 -31.3499985133297 -20
    vertex 33.93639891019642 -41.76077657751073 -20
    vertex 26.48820496141705 -33.86389665672132 -20
  endloop
endfacet
facet normal 0 0 -1
  outer loop
    vertex -23.50027749634729 34.96392006115845 -20
    vertex -31.87757523386317 42.84651786270786 -20
    vertex -20.94445079261281 47.89066728433347 -20
  endloop
endfacet
facet normal 0 -0 -1
  outer loop
    vertex 43.04829233576837 19.2813447932296 -20
    vertex 51.70562602200431 9.789394786259125 -20
    vertex 40.04931838189544 8.915692237830491 -20
  endloop
endfacet
facet normal 0 0 -1
  outer loop
    vertex -32.60456897049999 -53.48135363357696 -20
    vertex -27.83696384916911 -45.29998810759499 -20
    vertex -21.92283506960114 -55.34376334646721 -20
  endloop
endfacet
facet normal 0 0 -1
  outer loop
    vertex -52.85823153679952 32.3915659454337 -20
    vertex -50.21967621219707 40.25220563990184 -20
    vertex -44.14111566937405 30.78652984479141 -20
  endloop
endfacet
facet normal 0 0 -1
  outer loop
    vertex -36.13816911370064 -38.0617730527706 -20
    vertex -39.34707474107806 -47.65967462673746 -20
    vertex -47.14030170288572 -40.26162119135537 -20
  endloop
endfacet
facet normal 0 0 -1
  outer loop
    vertex -34.0865648350067 32.19419659698583 -20
    vertex -41.90058571752983 40.8559064909872 -20
    vertex -31.87757523386317 42.84651786270786 -20
  endloop
endfacet
facet normal -0 0 -1
  outer loop
    vertex -41.14992738267908 10.95119431912102 -20
    vertex -52.32455569064008 8.025004412820575 -20
    vertex -49.30624038483077 20.75664689532127 -20
  endloop
endfacet
facet normal 0 -0 -1
  outer loop
    vertex 36.95230489950064 -31.3499985133297 -20
    vertex 45.76458844245068 -39.22568631472573 -20
    vertex 33.93639891019642 -41.76077657751073 -20
  endloop
endfacet
facet normal 0 0 -1
  outer loop
    vertex -41.90058571752983 40.8559064909872 -20
    vertex -40.63053081131844 49.5228879260285 -20
    vertex -31.87757523386317 42.84651786270786 -20
  endloop
endfacet
facet normal 0 0 -1
  outer loop
    vertex -49.30624038483077 20.75664689532127 -20
    vertex -44.14111566937405 30.78652984479141 -20
    vertex -37.58812341470895 21.57726670793515 -20
  endloop
endfacet
facet normal 0 0 -1
  outer loop
    vertex -24.85544960152477 -35.38221546009723 -20
    vertex -27.83696384916911 -45.29998810759499 -20
    vertex -36.13816911370064 -38.0617730527706 -20
  endloop
endfacet
facet normal 0 0 -1
  outer loop
    vertex -8.521133772417969 48.68531721531253 -20
    vertex -4.383676055589555 59.97806833264775 -20
    vertex 2.351242036797408 50.57514285497894 -20
  endloop
endfacet
facet normal 0 0 -1
  outer loop
    vertex -21.92283506960114 -55.34376334646721 -20
    vertex -27.83696384916911 -45.29998810759499 -20
    vertex -17.16362761620197 -43.64292490205387 -20
  endloop
endfacet
facet normal 0 -0 -1
  outer loop
    vertex 46.83308303839264 -0.09475383971629621 -20
    vertex 53.65723235489249 -9.26763862402742 -20
    vertex 44.04245846791375 -10.32055845333631 -20
  endloop
endfacet
facet normal 0 0 -1
  outer loop
    vertex -34.0865648350067 32.19419659698583 -20
    vertex -31.87757523386317 42.84651786270786 -20
    vertex -23.50027749634729 34.96392006115845 -20
  endloop
endfacet
facet normal -0 0 -1
  outer loop
    vertex -34.0865648350067 32.19419659698583 -20
    vertex -44.14111566937405 30.78652984479141 -20
    vertex -41.90058571752983 40.8559064909872 -20
  endloop
endfacet
facet normal 0 -0 -1
  outer loop
    vertex 38.49144947684222 37.83416416903572 -20
    vertex 44.79423256247143 28.62100931367948 -20
    vertex 35.54966011920739 27.79737726720928 -20
  endloop
endfacet
facet normal 0 0 -1
  outer loop
    vertex 22.43664875950223 45.96474978425965 -20
    vertex 32.32957147143987 44.14683459785653 -20
    vertex 28.26104325169168 36.44363019528851 -20
  endloop
endfacet
facet normal 0 0 -1
  outer loop
    vertex 51.20503872799418 -19.8867979634305 -20
    vertex 45.45648664559975 -28.15527867571204 -20
    vertex 40.51121243493524 -20.68349322295903 -20
  endloop
endfacet
facet normal 0 0 -1
  outer loop
    vertex 40.04931838189544 8.915692237830491 -20
    vertex 51.70562602200431 9.789394786259125 -20
    vertex 46.83308303839264 -0.09475383971629621 -20
  endloop
endfacet
facet normal 0 0 -1
  outer loop
    vertex -52.32455569064008 8.025004412820575 -20
    vertex -60.12421011487987 15.725813566493 -20
    vertex -49.30624038483077 20.75664689532127 -20
  endloop
endfacet
facet normal 0 0 -1
  outer loop
    vertex -31.87757523386317 42.84651786270786 -20
    vertex -40.63053081131844 49.5228879260285 -20
    vertex -32.39156594543385 52.85823153679945 -20
  endloop
endfacet
facet normal 0 0 -1
  outer loop
    vertex -10.43280416363792 -52.51832567759372 -20
    vertex -14.15621399029744 -61.83242944459984 -20
    vertex -21.92283506960114 -55.34376334646721 -20
  endloop
endfacet
facet normal 0 0 -1
  outer loop
    vertex 6.093918579841741 61.24659127140496 -20
    vertex 15.10207552807262 62.35436796812589 -20
    vertex 12.97095162312198 53.08100489314348 -20
  endloop
endfacet
facet normal 0 0 -1
  outer loop
    vertex -54.09532333597822 -31.90303925145857 -20
    vertex -43.66665252747293 -29.68279439155282 -20
    vertex -47.14030170288572 -40.26162119135537 -20
  endloop
endfacet
facet normal 0 0 -1
  outer loop
    vertex 2.351242036797408 50.57514285497894 -20
    vertex -4.383676055589555 59.97806833264775 -20
    vertex 6.093918579841741 61.24659127140496 -20
  endloop
endfacet
facet normal -0 0 -1
  outer loop
    vertex -4.912925640355658 -61.71042850283723 -20
    vertex -14.15621399029744 -61.83242944459984 -20
    vertex -10.43280416363792 -52.51832567759372 -20
  endloop
endfacet
facet normal 0 0 -1
  outer loop
    vertex -54.09532333597822 -31.90303925145857 -20
    vertex -59.83982510348285 -24.78646712789659 -20
    vertex -51.06763043432338 -21.76602683453556 -20
  endloop
endfacet
facet normal 0 0 -1
  outer loop
    vertex -60.12421011487987 15.725813566493 -20
    vertex -58.89923745691772 24.98345907734528 -20
    vertex -49.30624038483077 20.75664689532127 -20
  endloop
endfacet
facet normal 0 0 -1
  outer loop
    vertex 36.95230489950064 -31.3499985133297 -20
    vertex 45.45648664559975 -28.15527867571204 -20
    vertex 45.76458844245068 -39.22568631472573 -20
  endloop
endfacet
facet normal 0 0 -1
  outer loop
    vertex 45.76458844245068 -39.22568631472573 -20
    vertex 45.45648664559975 -28.15527867571204 -20
    vertex 53.68463143713554 -31.38825739443817 -20
  endloop
endfacet
facet normal 0 0 -1
  outer loop
    vertex -64.15246974156248 -32.68731598124738 -20
    vertex -54.09532333597822 -31.90303925145857 -20
    vertex -58.24922359499617 -42.32053816505813 -20
  endloop
endfacet
facet normal 0 0 -1
  outer loop
    vertex 2.050722872765087e-13 -72 -20
    vertex 5.088900118100787 -62.00159987876936 -20
    vertex 11.26328148289689 -71.11356052284987 -20
  endloop
endfacet
facet normal 0 0 -1
  outer loop
    vertex 22.24922359499641 -68.47606917325099 -20
    vertex 23.97885834782485 -59.71641094665612 -20
    vertex 32.68731598124755 -64.1524697415624 -20
  endloop
endfacet
facet normal 0 0 -1
  outer loop
    vertex -50.91168824543137 -50.91168824543148 -20
    vertex -39.34707474107806 -47.65967462673746 -20
    vertex -42.32053816505795 -58.24922359499629 -20
  endloop
endfacet
facet normal 0 0 -1
  outer loop
    vertex 63.00124176863327 -4.881496437979828 -20
    vertex 62.41099723956991 5.407878859220578 -20
    vertex 72 8.81745695386094e-15 -20
  endloop
endfacet
facet normal 0 0 -1
  outer loop
    vertex 64.15246974156247 32.68731598124741 -20
    vertex 59.83544245397956 24.19816374934298 -20
    vertex 53.97415032390617 31.71020601263663 -20
  endloop
endfacet
facet normal 0 0 -1
  outer loop
    vertex -58.24922359499617 -42.32053816505813 -20
    vertex -54.09532333597822 -31.90303925145857 -20
    vertex -47.14030170288572 -40.26162119135537 -20
  endloop
endfacet
facet normal 0 0 -1
  outer loop
    vertex 72 8.81745695386094e-15 -20
    vertex 62.41099723956991 5.407878859220578 -20
    vertex 71.11356052284991 11.26328148289666 -20
  endloop
endfacet
facet normal 0 0 -1
  outer loop
    vertex 32.28070238732028 53.0856411863939 -20
    vertex 22.93300235950675 57.85461397997997 -20
    vertex 32.68731598124728 64.15246974156253 -20
  endloop
endfacet
facet normal -0 0 -1
  outer loop
    vertex 32.68731598124728 64.15246974156253 -20
    vertex 22.93300235950675 57.85461397997997 -20
    vertex 22.2492235949961 68.47606917325109 -20
  endloop
endfacet
facet normal 0 0 -1
  outer loop
    vertex -4.912925640355658 -61.71042850283723 -20
    vertex 5.088900118100787 -62.00159987876936 -20
    vertex 2.050722872765087e-13 -72 -20
  endloop
endfacet
facet normal 0 0 -1
  outer loop
    vertex -22.24922359499636 68.47606917325102 -20
    vertex -24.54893486844455 58.73162952608266 -20
    vertex -32.68731598124749 64.15246974156243 -20
  endloop
endfacet
facet normal 0 0 -1
  outer loop
    vertex -32.68731598124749 64.15246974156243 -20
    vertex -24.54893486844455 58.73162952608266 -20
    vertex -32.39156594543385 52.85823153679945 -20
  endloop
endfacet
facet normal 0 0 -1
  outer loop
    vertex 32.68731598124755 -64.1524697415624 -20
    vertex 23.97885834782485 -59.71641094665612 -20
    vertex 31.00806956854469 -52.69825682882627 -20
  endloop
endfacet
facet normal 0 0 -1
  outer loop
    vertex 11.26328148289689 -71.11356052284987 -20
    vertex 5.088900118100787 -62.00159987876936 -20
    vertex 14.85094609485036 -61.09780348492225 -20
  endloop
endfacet
facet normal 0 0 -1
  outer loop
    vertex 60.57408189351439 15.18343818964782 -20
    vertex 59.83544245397956 24.19816374934298 -20
    vertex 68.47606917325103 22.24922359499628 -20
  endloop
endfacet
facet normal 0 0 -1
  outer loop
    vertex -42.32053816505795 -58.24922359499629 -20
    vertex -39.34707474107806 -47.65967462673746 -20
    vertex -32.60456897049999 -53.48135363357696 -20
  endloop
endfacet
facet normal -0 0 -1
  outer loop
    vertex -14.47211802793224 60.28070989446697 -20
    vertex -24.54893486844455 58.73162952608266 -20
    vertex -22.24922359499636 68.47606917325102 -20
  endloop
endfacet
facet normal 0 0 -1
  outer loop
    vertex 68.47606917325108 -22.24922359499618 -20
    vertex 61.12231665597362 -15.35055530021342 -20
    vertex 71.11356052284992 -11.26328148289658 -20
  endloop
endfacet
facet normal 0 -0 -1
  outer loop
    vertex -47.14030170288572 -40.26162119135537 -20
    vertex -39.34707474107806 -47.65967462673746 -20
    vertex -50.91168824543137 -50.91168824543148 -20
  endloop
endfacet
facet normal 0 0 -1
  outer loop
    vertex 68.47606917325103 22.24922359499628 -20
    vertex 59.83544245397956 24.19816374934298 -20
    vertex 64.15246974156247 32.68731598124741 -20
  endloop
endfacet
facet normal 0 0 -1
  outer loop
    vertex 14.85094609485036 -61.09780348492225 -20
    vertex 23.97885834782485 -59.71641094665612 -20
    vertex 22.24922359499641 -68.47606917325099 -20
  endloop
endfacet
facet normal -0 0 -1
  outer loop
    vertex 71.11356052284991 11.26328148289666 -20
    vertex 62.41099723956991 5.407878859220578 -20
    vertex 60.57408189351439 15.18343818964782 -20
  endloop
endfacet
facet normal -0 0 -1
  outer loop
    vertex 71.11356052284992 -11.26328148289658 -20
    vertex 61.12231665597362 -15.35055530021342 -20
    vertex 63.00124176863327 -4.881496437979828 -20
  endloop
endfacet
facet normal 0 0 -1
  outer loop
    vertex 42.32053816505801 58.24922359499626 -20
    vertex 40.82336326942344 47.62353231987696 -20
    vertex 32.28070238732028 53.0856411863939 -20
  endloop
endfacet
facet normal 0 0 -1
  outer loop
    vertex 53.97415032390617 31.71020601263663 -20
    vertex 48.08322132882716 40.31593801512302 -20
    vertex 58.24922359499617 42.32053816505812 -20
  endloop
endfacet
facet normal 0 0 -1
  outer loop
    vertex -22.24922359499608 -68.4760691732511 -20
    vertex -14.15621399029744 -61.83242944459984 -20
    vertex -11.26328148289642 -71.11356052284995 -20
  endloop
endfacet
facet normal 0 0 -1
  outer loop
    vertex 46.83308303839264 -0.09475383971629621 -20
    vertex 55.52163608469851 0.1906769487512318 -20
    vertex 53.65723235489249 -9.26763862402742 -20
  endloop
endfacet
facet normal 0 -0 -1
  outer loop
    vertex 11.26328148289651 71.11356052284994 -20
    vertex 15.10207552807262 62.35436796812589 -20
    vertex 6.093918579841741 61.24659127140496 -20
  endloop
endfacet
facet normal 0 0 -1
  outer loop
    vertex 53.68463143713554 -31.38825739443817 -20
    vertex 59.72810514718338 -24.31243004686512 -20
    vertex 64.1524697415625 -32.68731598124733 -20
  endloop
endfacet
facet normal 0 0 -1
  outer loop
    vertex 42.32053816505818 -58.24922359499614 -20
    vertex 40.7882566663363 -48.56912631229804 -20
    vertex 50.9116882454315 -50.91168824543134 -20
  endloop
endfacet
facet normal -0 0 -1
  outer loop
    vertex 50.91168824543137 50.91168824543147 -20
    vertex 40.82336326942344 47.62353231987696 -20
    vertex 42.32053816505801 58.24922359499626 -20
  endloop
endfacet
facet normal -0 0 -1
  outer loop
    vertex -51.06763043432338 -21.76602683453556 -20
    vertex -59.83982510348285 -24.78646712789659 -20
    vertex -60.28070989446697 -14.47211802793215 -20
  endloop
endfacet
facet normal 0 -0 -1
  outer loop
    vertex -60.28070989446697 -14.47211802793215 -20
    vertex -59.83982510348285 -24.78646712789659 -20
    vertex -68.47606917325103 -22.24922359499629 -20
  endloop
endfacet
facet normal 0 -0 -1
  outer loop
    vertex -64.15246974156251 32.68731598124732 -20
    vertex -58.89923745691772 24.98345907734528 -20
    vertex -68.47606917325108 22.24922359499618 -20
  endloop
endfacet
facet normal 0 -0 -1
  outer loop
    vertex -42.32053816505815 58.24922359499616 -20
    vertex -40.63053081131844 49.5228879260285 -20
    vertex -50.91168824543148 50.91168824543136 -20
  endloop
endfacet
facet normal -0 0 -1
  outer loop
    vertex 58.24922359499617 42.32053816505812 -20
    vertex 48.08322132882716 40.31593801512302 -20
    vertex 50.91168824543137 50.91168824543147 -20
  endloop
endfacet
facet normal 0 -0 -1
  outer loop
    vertex 44.79423256247143 28.62100931367948 -20
    vertex 52.32197093194071 21.46392614079927 -20
    vertex 43.04829233576837 19.2813447932296 -20
  endloop
endfacet
facet normal 0 0 -1
  outer loop
    vertex 31.00806956854469 -52.69825682882627 -20
    vertex 40.7882566663363 -48.56912631229804 -20
    vertex 42.32053816505818 -58.24922359499614 -20
  endloop
endfacet
facet normal 0 0 -1
  outer loop
    vertex -11.26328148289642 -71.11356052284995 -20
    vertex -14.15621399029744 -61.83242944459984 -20
    vertex -4.912925640355658 -61.71042850283723 -20
  endloop
endfacet
facet normal 0 0 -1
  outer loop
    vertex -37.58812341470895 21.57726670793515 -20
    vertex -44.14111566937405 30.78652984479141 -20
    vertex -34.0865648350067 32.19419659698583 -20
  endloop
endfacet
facet normal 0 0 -1
  outer loop
    vertex -62.69794650884548 4.516972607693579 -20
    vertex -64.75388641550734 -4.984074854974017 -20
    vertex -72 0 -20
  endloop
endfacet
facet normal 0 0 -1
  outer loop
    vertex -71.11356052284991 -11.26328148289664 -20
    vertex -64.75388641550734 -4.984074854974017 -20
    vertex -60.28070989446697 -14.47211802793215 -20
  endloop
endfacet
facet normal 0 -0 -1
  outer loop
    vertex -50.91168824543148 50.91168824543136 -20
    vertex -50.21967621219707 40.25220563990184 -20
    vertex -58.24922359499627 42.320538165058 -20
  endloop
endfacet
facet normal -0 0 -1
  outer loop
    vertex -17.16362761620197 -43.64292490205387 -20
    vertex -27.83696384916911 -45.29998810759499 -20
    vertex -24.85544960152477 -35.38221546009723 -20
  endloop
endfacet
facet normal -0 0 -1
  outer loop
    vertex 22.2492235949961 68.47606917325109 -20
    vertex 15.10207552807262 62.35436796812589 -20
    vertex 11.26328148289651 71.11356052284994 -20
  endloop
endfacet
facet normal 0 0 -1
  outer loop
    vertex 64.1524697415625 -32.68731598124733 -20
    vertex 59.72810514718338 -24.31243004686512 -20
    vertex 68.47606917325108 -22.24922359499618 -20
  endloop
endfacet
facet normal 0 -0 -1
  outer loop
    vertex 51.70562602200431 9.789394786259125 -20
    vertex 55.52163608469851 0.1906769487512318 -20
    vertex 46.83308303839264 -0.09475383971629621 -20
  endloop
endfacet
facet normal 0 -0 -1
  outer loop
    vertex 33.93639891019642 -41.76077657751073 -20
    vertex 40.7882566663363 -48.56912631229804 -20
    vertex 31.00806956854469 -52.69825682882627 -20
  endloop
endfacet
facet normal 0 0 -1
  outer loop
    vertex 44.04245846791375 -10.32055845333631 -20
    vertex 53.65723235489249 -9.26763862402742 -20
    vertex 51.20503872799418 -19.8867979634305 -20
  endloop
endfacet
facet normal 0 0 -1
  outer loop
    vertex 45.76458844245068 -39.22568631472573 -20
    vertex 40.7882566663363 -48.56912631229804 -20
    vertex 33.93639891019642 -41.76077657751073 -20
  endloop
endfacet
facet normal 0 0 -1
  outer loop
    vertex -68.47606917325108 22.24922359499618 -20
    vertex -58.89923745691772 24.98345907734528 -20
    vertex -60.12421011487987 15.725813566493 -20
  endloop
endfacet
facet normal 0 0 -1
  outer loop
    vertex -60.28070989446697 -14.47211802793215 -20
    vertex -64.75388641550734 -4.984074854974017 -20
    vertex -55.56118331664207 -2.997012713267472 -20
  endloop
endfacet
facet normal -0 0 -1
  outer loop
    vertex -55.56118331664207 -2.997012713267472 -20
    vertex -64.75388641550734 -4.984074854974017 -20
    vertex -62.69794650884548 4.516972607693579 -20
  endloop
endfacet
facet normal 0 0 -1
  outer loop
    vertex -68.47606917325103 -22.24922359499629 -20
    vertex -59.83982510348285 -24.78646712789659 -20
    vertex -64.15246974156248 -32.68731598124738 -20
  endloop
endfacet
facet normal -0 0 -1
  outer loop
    vertex -52.85823153679952 32.3915659454337 -20
    vertex -58.89923745691772 24.98345907734528 -20
    vertex -64.15246974156251 32.68731598124732 -20
  endloop
endfacet
facet normal 0 0 -1
  outer loop
    vertex 8.720904367816914 -54.73710238682255 -20
    vertex 19.06987904612911 -52.45195123587136 -20
    vertex 14.85094609485036 -61.09780348492225 -20
  endloop
endfacet
facet normal 0 0 -1
  outer loop
    vertex 61.12231665597362 -15.35055530021342 -20
    vertex 59.72810514718338 -24.31243004686512 -20
    vertex 51.20503872799418 -19.8867979634305 -20
  endloop
endfacet
facet normal 0 0 -1
  outer loop
    vertex 35.54966011920739 27.79737726720928 -20
    vertex 44.79423256247143 28.62100931367948 -20
    vertex 43.04829233576837 19.2813447932296 -20
  endloop
endfacet
facet normal -0 0 -1
  outer loop
    vertex -32.39156594543385 52.85823153679945 -20
    vertex -40.63053081131844 49.5228879260285 -20
    vertex -42.32053816505815 58.24922359499616 -20
  endloop
endfacet
facet normal 0 0 -1
  outer loop
    vertex 28.26104325169168 36.44363019528851 -20
    vertex 32.32957147143987 44.14683459785653 -20
    vertex 38.49144947684222 37.83416416903572 -20
  endloop
endfacet
facet normal 0 0 -1
  outer loop
    vertex 43.04829233576837 19.2813447932296 -20
    vertex 52.32197093194071 21.46392614079927 -20
    vertex 51.70562602200431 9.789394786259125 -20
  endloop
endfacet
facet normal 0 -0 -1
  outer loop
    vertex 40.51121243493524 -20.68349322295903 -20
    vertex 45.45648664559975 -28.15527867571204 -20
    vertex 36.95230489950064 -31.3499985133297 -20
  endloop
endfacet
facet normal 0 0 -1
  outer loop
    vertex -72 0 -20
    vertex -64.75388641550734 -4.984074854974017 -20
    vertex -71.11356052284991 -11.26328148289664 -20
  endloop
endfacet
facet normal 0 0 -1
  outer loop
    vertex 51.20503872799418 -19.8867979634305 -20
    vertex 53.65723235489249 -9.26763862402742 -20
    vertex 61.12231665597362 -15.35055530021342 -20
  endloop
endfacet
facet normal 0 0 -1
  outer loop
    vertex 22.93300235950675 57.85461397997997 -20
    vertex 15.10207552807262 62.35436796812589 -20
    vertex 22.2492235949961 68.47606917325109 -20
  endloop
endfacet
facet normal 0 0 -1
  outer loop
    vertex 12.2343871399753 -47.33609010532653 -20
    vertex 8.720904367816914 -54.73710238682255 -20
    vertex 1.238060122408968 -51.37024869792871 -20
  endloop
endfacet
facet normal -0 0 -1
  outer loop
    vertex 68.47606917325108 -22.24922359499618 -20
    vertex 59.72810514718338 -24.31243004686512 -20
    vertex 61.12231665597362 -15.35055530021342 -20
  endloop
endfacet
facet normal 0 -0 -1
  outer loop
    vertex 40.82336326942344 47.62353231987696 -20
    vertex 48.08322132882716 40.31593801512302 -20
    vertex 38.49144947684222 37.83416416903572 -20
  endloop
endfacet
facet normal 0 0 -1
  outer loop
    vertex 50.91168824543137 50.91168824543147 -20
    vertex 48.08322132882716 40.31593801512302 -20
    vertex 40.82336326942344 47.62353231987696 -20
  endloop
endfacet
facet normal 0 -0 -1
  outer loop
    vertex 12.2343871399753 -47.33609010532653 -20
    vertex 19.06987904612911 -52.45195123587136 -20
    vertex 8.720904367816914 -54.73710238682255 -20
  endloop
endfacet
facet normal 0 0 -1
  outer loop
    vertex 23.13410072102159 -44.14707808053406 -20
    vertex 19.06987904612911 -52.45195123587136 -20
    vertex 12.2343871399753 -47.33609010532653 -20
  endloop
endfacet
facet normal 0 0 -1
  outer loop
    vertex -58.24922359499627 42.320538165058 -20
    vertex -50.21967621219707 40.25220563990184 -20
    vertex -52.85823153679952 32.3915659454337 -20
  endloop
endfacet
facet normal 0 0 -1
  outer loop
    vertex -64.15246974156248 -32.68731598124738 -20
    vertex -59.83982510348285 -24.78646712789659 -20
    vertex -54.09532333597822 -31.90303925145857 -20
  endloop
endfacet
facet normal 0 0 -1
  outer loop
    vertex 61.12231665597362 -15.35055530021342 -20
    vertex 53.65723235489249 -9.26763862402742 -20
    vertex 63.00124176863327 -4.881496437979828 -20
  endloop
endfacet
facet normal -0 0 -1
  outer loop
    vertex 40.82336326942344 47.62353231987696 -20
    vertex 32.32957147143987 44.14683459785653 -20
    vertex 32.28070238732028 53.0856411863939 -20
  endloop
endfacet
facet normal 0 0 -1
  outer loop
    vertex 51.70562602200431 9.789394786259125 -20
    vertex 52.32197093194071 21.46392614079927 -20
    vertex 60.57408189351439 15.18343818964782 -20
  endloop
endfacet
facet normal 0 0 -1
  outer loop
    vertex 38.49144947684222 37.83416416903572 -20
    vertex 32.32957147143987 44.14683459785653 -20
    vertex 40.82336326942344 47.62353231987696 -20
  endloop
endfacet
facet normal 0 0 -1
  outer loop
    vertex 53.65723235489249 -9.26763862402742 -20
    vertex 55.52163608469851 0.1906769487512318 -20
    vertex 63.00124176863327 -4.881496437979828 -20
  endloop
endfacet
facet normal 0 0 -1
  outer loop
    vertex 60.57408189351439 15.18343818964782 -20
    vertex 52.32197093194071 21.46392614079927 -20
    vertex 59.83544245397956 24.19816374934298 -20
  endloop
endfacet
facet normal 0 0 -1
  outer loop
    vertex 14.85094609485036 -61.09780348492225 -20
    vertex 19.06987904612911 -52.45195123587136 -20
    vertex 23.97885834782485 -59.71641094665612 -20
  endloop
endfacet
facet normal 0 0 -1
  outer loop
    vertex 5.088900118100787 -62.00159987876936 -20
    vertex 8.720904367816914 -54.73710238682255 -20
    vertex 14.85094609485036 -61.09780348492225 -20
  endloop
endfacet
facet normal 0 0 -1
  outer loop
    vertex 63.00124176863327 -4.881496437979828 -20
    vertex 55.52163608469851 0.1906769487512318 -20
    vertex 62.41099723956991 5.407878859220578 -20
  endloop
endfacet
endsolid Created by Gmsh
