solid Created by Gmsh
facet normal 0.999146 0.041325 0
  outer loop
    vertex 71.75408349648023 5.945712874007936 96
    vertex 72 8.817456953860942e-15 97
    vertex 72 8.817456953860942e-15 96
  endloop
endfacet
facet normal 0.999146 0.041325 -0
  outer loop
    vertex 71.75408349648023 5.945712874007936 96
    vertex 71.75408349648023 5.945712874007936 97
    vertex 72 8.817456953860942e-15 97
  endloop
endfacet
facet normal -0.999146 0.041325 0
  outer loop
    vertex -72 0 97
    vertex -71.75408349648023 5.94571287400789 96
    vertex -72 0 96
  endloop
endfacet
facet normal -0.999146 0.041325 0
  outer loop
    vertex -72 0 97
    vertex -71.75408349648023 5.94571287400789 97
    vertex -71.75408349648023 5.94571287400789 96
  endloop
endfacet
facet normal 0.992321 0.123693 0
  outer loop
    vertex 71.01801384499601 11.85081050021286 97
    vertex 71.75408349648023 5.945712874007936 97
    vertex 71.01801384499601 11.85081050021286 96
  endloop
endfacet
facet normal 0.992321 0.123693 0
  outer loop
    vertex 71.01801384499601 11.85081050021286 96
    vertex 71.75408349648023 5.945712874007936 97
    vertex 71.75408349648023 5.945712874007936 96
  endloop
endfacet
facet normal 0.978717 0.205215 0
  outer loop
    vertex 71.01801384499601 11.85081050021286 97
    vertex 69.79681914763179 17.67495507413756 96
    vertex 69.79681914763179 17.67495507413756 97
  endloop
endfacet
facet normal 0.978717 0.205215 -0
  outer loop
    vertex 71.01801384499601 11.85081050021286 96
    vertex 69.79681914763179 17.67495507413756 96
    vertex 71.01801384499601 11.85081050021286 97
  endloop
endfacet
facet normal 0.958427 0.285336 -0
  outer loop
    vertex 68.09884140244569 23.37836178273724 96
    vertex 68.09884140244569 23.37836178273724 97
    vertex 69.79681914763179 17.67495507413756 97
  endloop
endfacet
facet normal 0.958427 0.285336 0
  outer loop
    vertex 68.09884140244569 23.37836178273724 96
    vertex 69.79681914763179 17.67495507413756 97
    vertex 69.79681914763179 17.67495507413756 96
  endloop
endfacet
facet normal 0.931591 0.363508 0
  outer loop
    vertex 65.93567951916413 28.92207057501383 97
    vertex 68.09884140244569 23.37836178273724 97
    vertex 68.09884140244569 23.37836178273724 96
  endloop
endfacet
facet normal 0.898391 0.439197 0
  outer loop
    vertex 65.93567951916413 28.92207057501383 97
    vertex 63.3221100868672 34.26821229866933 96
    vertex 63.3221100868672 34.26821229866933 97
  endloop
endfacet
facet normal 0.931591 0.363508 0
  outer loop
    vertex 65.93567951916413 28.92207057501383 97
    vertex 68.09884140244569 23.37836178273724 96
    vertex 65.93567951916413 28.92207057501383 96
  endloop
endfacet
facet normal 0.898391 0.439197 -0
  outer loop
    vertex 65.93567951916413 28.92207057501383 96
    vertex 63.3221100868672 34.26821229866933 96
    vertex 65.93567951916413 28.92207057501383 97
  endloop
endfacet
facet normal 0.859054 0.511885 0
  outer loop
    vertex 60.27598643490203 39.38026738481477 97
    vertex 63.3221100868672 34.26821229866933 97
    vertex 60.27598643490203 39.38026738481477 96
  endloop
endfacet
facet normal 0.859054 0.511885 0
  outer loop
    vertex 60.27598643490203 39.38026738481477 96
    vertex 63.3221100868672 34.26821229866933 97
    vertex 63.3221100868672 34.26821229866933 96
  endloop
endfacet
facet normal 0.813849 0.581077 0
  outer loop
    vertex 56.81811667654031 44.22331531365612 97
    vertex 60.27598643490203 39.38026738481477 97
    vertex 60.27598643490203 39.38026738481477 96
  endloop
endfacet
facet normal 0.763084 0.646299 -0
  outer loop
    vertex 52.97212156846544 48.76427315705339 96
    vertex 52.97212156846544 48.76427315705339 97
    vertex 56.81811667654031 44.22331531365612 97
  endloop
endfacet
facet normal 0.813849 0.581077 -0
  outer loop
    vertex 56.81811667654031 44.22331531365612 96
    vertex 56.81811667654031 44.22331531365612 97
    vertex 60.27598643490203 39.38026738481477 96
  endloop
endfacet
facet normal 0.763084 0.646299 0
  outer loop
    vertex 52.97212156846544 48.76427315705339 96
    vertex 56.81811667654031 44.22331531365612 97
    vertex 56.81811667654031 44.22331531365612 96
  endloop
endfacet
facet normal 0.707107 0.707107 0
  outer loop
    vertex 52.97212156846544 48.76427315705339 97
    vertex 48.76427315705332 52.9721215684655 96
    vertex 48.76427315705332 52.9721215684655 97
  endloop
endfacet
facet normal 0.707107 0.707107 -0
  outer loop
    vertex 52.97212156846544 48.76427315705339 96
    vertex 48.76427315705332 52.9721215684655 96
    vertex 52.97212156846544 48.76427315705339 97
  endloop
endfacet
facet normal 0.646299 0.763084 0
  outer loop
    vertex 44.22331531365604 56.81811667654037 97
    vertex 48.76427315705332 52.9721215684655 97
    vertex 48.76427315705332 52.9721215684655 96
  endloop
endfacet
facet normal 0.581077 0.813849 0
  outer loop
    vertex 39.38026738481469 60.27598643490209 97
    vertex 44.22331531365604 56.81811667654037 97
    vertex 44.22331531365604 56.81811667654037 96
  endloop
endfacet
facet normal 0.646299 0.763084 -0
  outer loop
    vertex 44.22331531365604 56.81811667654037 96
    vertex 44.22331531365604 56.81811667654037 97
    vertex 48.76427315705332 52.9721215684655 96
  endloop
endfacet
facet normal 0.511885 0.859054 -0
  outer loop
    vertex 39.38026738481469 60.27598643490209 96
    vertex 34.26821229866923 63.32211008686725 97
    vertex 39.38026738481469 60.27598643490209 97
  endloop
endfacet
facet normal 0.581077 0.813849 -0
  outer loop
    vertex 39.38026738481469 60.27598643490209 96
    vertex 39.38026738481469 60.27598643490209 97
    vertex 44.22331531365604 56.81811667654037 96
  endloop
endfacet
facet normal 0.439197 0.898391 -0
  outer loop
    vertex 28.92207057501373 65.93567951916417 96
    vertex 28.92207057501373 65.93567951916417 97
    vertex 34.26821229866923 63.32211008686725 97
  endloop
endfacet
facet normal 0.511885 0.859054 0
  outer loop
    vertex 39.38026738481469 60.27598643490209 96
    vertex 34.26821229866923 63.32211008686725 96
    vertex 34.26821229866923 63.32211008686725 97
  endloop
endfacet
facet normal 0.439197 0.898391 0
  outer loop
    vertex 28.92207057501373 65.93567951916417 96
    vertex 34.26821229866923 63.32211008686725 97
    vertex 34.26821229866923 63.32211008686725 96
  endloop
endfacet
facet normal 0.363508 0.931591 0
  outer loop
    vertex 23.37836178273714 68.09884140244571 97
    vertex 28.92207057501373 65.93567951916417 97
    vertex 28.92207057501373 65.93567951916417 96
  endloop
endfacet
facet normal 0.285336 0.958427 0
  outer loop
    vertex 17.67495507413747 69.79681914763181 97
    vertex 23.37836178273714 68.09884140244571 97
    vertex 23.37836178273714 68.09884140244571 96
  endloop
endfacet
facet normal 0.363508 0.931591 0
  outer loop
    vertex 23.37836178273714 68.09884140244571 97
    vertex 28.92207057501373 65.93567951916417 96
    vertex 23.37836178273714 68.09884140244571 96
  endloop
endfacet
facet normal 0.205215 0.978717 0
  outer loop
    vertex 11.85081050021277 71.01801384499602 97
    vertex 17.67495507413747 69.79681914763181 97
    vertex 17.67495507413747 69.79681914763181 96
  endloop
endfacet
facet normal 0.285336 0.958427 -0
  outer loop
    vertex 17.67495507413747 69.79681914763181 96
    vertex 17.67495507413747 69.79681914763181 97
    vertex 23.37836178273714 68.09884140244571 96
  endloop
endfacet
facet normal 0.123693 0.992321 -0
  outer loop
    vertex 5.945712874007852 71.75408349648023 96
    vertex 5.945712874007852 71.75408349648023 97
    vertex 11.85081050021277 71.01801384499602 97
  endloop
endfacet
facet normal 0.205215 0.978717 -0
  outer loop
    vertex 11.85081050021277 71.01801384499602 96
    vertex 11.85081050021277 71.01801384499602 97
    vertex 17.67495507413747 69.79681914763181 96
  endloop
endfacet
facet normal 0.123693 0.992321 0
  outer loop
    vertex 5.945712874007852 71.75408349648023 96
    vertex 11.85081050021277 71.01801384499602 97
    vertex 11.85081050021277 71.01801384499602 96
  endloop
endfacet
facet normal 0.041325 0.999146 0
  outer loop
    vertex -7.552747489925071e-14 72 97
    vertex 5.945712874007852 71.75408349648023 97
    vertex -7.552747489925071e-14 72 96
  endloop
endfacet
facet normal 0.041325 0.999146 0
  outer loop
    vertex -7.552747489925071e-14 72 96
    vertex 5.945712874007852 71.75408349648023 97
    vertex 5.945712874007852 71.75408349648023 96
  endloop
endfacet
facet normal -0.041325 0.999146 0
  outer loop
    vertex -5.945712874008003 71.75408349648022 97
    vertex -7.552747489925071e-14 72 97
    vertex -7.552747489925071e-14 72 96
  endloop
endfacet
facet normal -0.123693 0.992321 0
  outer loop
    vertex -11.85081050021293 71.01801384499601 97
    vertex -5.945712874008003 71.75408349648022 97
    vertex -11.85081050021293 71.01801384499601 96
  endloop
endfacet
facet normal -0.041325 0.999146 0
  outer loop
    vertex -5.945712874008003 71.75408349648022 96
    vertex -5.945712874008003 71.75408349648022 97
    vertex -7.552747489925071e-14 72 96
  endloop
endfacet
facet normal -0.123693 0.992321 0
  outer loop
    vertex -11.85081050021293 71.01801384499601 96
    vertex -5.945712874008003 71.75408349648022 97
    vertex -5.945712874008003 71.75408349648022 96
  endloop
endfacet
facet normal -0.205215 0.978717 0
  outer loop
    vertex -17.67495507413761 69.79681914763177 96
    vertex -17.67495507413761 69.79681914763177 97
    vertex -11.85081050021293 71.01801384499601 97
  endloop
endfacet
facet normal -0.205215 0.978717 0
  outer loop
    vertex -17.67495507413761 69.79681914763177 96
    vertex -11.85081050021293 71.01801384499601 97
    vertex -11.85081050021293 71.01801384499601 96
  endloop
endfacet
facet normal -0.285336 0.958427 0
  outer loop
    vertex -23.3783617827373 68.09884140244567 97
    vertex -17.67495507413761 69.79681914763177 97
    vertex -17.67495507413761 69.79681914763177 96
  endloop
endfacet
facet normal -0.363508 0.931591 0
  outer loop
    vertex -28.92207057501388 65.9356795191641 97
    vertex -23.3783617827373 68.09884140244567 97
    vertex -28.92207057501388 65.9356795191641 96
  endloop
endfacet
facet normal -0.285336 0.958427 0
  outer loop
    vertex -23.3783617827373 68.09884140244567 97
    vertex -17.67495507413761 69.79681914763177 96
    vertex -23.3783617827373 68.09884140244567 96
  endloop
endfacet
facet normal -0.363508 0.931591 0
  outer loop
    vertex -28.92207057501388 65.9356795191641 96
    vertex -23.3783617827373 68.09884140244567 97
    vertex -23.3783617827373 68.09884140244567 96
  endloop
endfacet
facet normal -0.439197 0.898391 0
  outer loop
    vertex -34.26821229866938 63.32211008686716 96
    vertex -34.26821229866938 63.32211008686716 97
    vertex -28.92207057501388 65.9356795191641 97
  endloop
endfacet
facet normal -0.439197 0.898391 0
  outer loop
    vertex -34.26821229866938 63.32211008686716 96
    vertex -28.92207057501388 65.9356795191641 97
    vertex -28.92207057501388 65.9356795191641 96
  endloop
endfacet
facet normal -0.511885 0.859054 0
  outer loop
    vertex -39.3802673848148 60.27598643490202 97
    vertex -34.26821229866938 63.32211008686716 97
    vertex -39.3802673848148 60.27598643490202 96
  endloop
endfacet
facet normal -0.511885 0.859054 0
  outer loop
    vertex -39.3802673848148 60.27598643490202 96
    vertex -34.26821229866938 63.32211008686716 97
    vertex -34.26821229866938 63.32211008686716 96
  endloop
endfacet
facet normal -0.581077 0.813849 0
  outer loop
    vertex -44.22331531365619 56.81811667654026 97
    vertex -39.3802673848148 60.27598643490202 97
    vertex -39.3802673848148 60.27598643490202 96
  endloop
endfacet
facet normal -0.646299 0.763084 0
  outer loop
    vertex -48.76427315705344 52.9721215684654 96
    vertex -48.76427315705344 52.9721215684654 97
    vertex -44.22331531365619 56.81811667654026 97
  endloop
endfacet
facet normal -0.581077 0.813849 0
  outer loop
    vertex -44.22331531365619 56.81811667654026 97
    vertex -39.3802673848148 60.27598643490202 96
    vertex -44.22331531365619 56.81811667654026 96
  endloop
endfacet
facet normal -0.646299 0.763084 0
  outer loop
    vertex -48.76427315705344 52.9721215684654 96
    vertex -44.22331531365619 56.81811667654026 97
    vertex -44.22331531365619 56.81811667654026 96
  endloop
endfacet
facet normal -0.707107 0.707107 0
  outer loop
    vertex -52.97212156846556 48.76427315705326 97
    vertex -48.76427315705344 52.9721215684654 97
    vertex -48.76427315705344 52.9721215684654 96
  endloop
endfacet
facet normal -0.763084 0.646299 0
  outer loop
    vertex -56.81811667654043 44.22331531365597 97
    vertex -52.97212156846556 48.76427315705326 97
    vertex -56.81811667654043 44.22331531365597 96
  endloop
endfacet
facet normal -0.707107 0.707107 0
  outer loop
    vertex -52.97212156846556 48.76427315705326 97
    vertex -48.76427315705344 52.9721215684654 96
    vertex -52.97212156846556 48.76427315705326 96
  endloop
endfacet
facet normal -0.763084 0.646299 0
  outer loop
    vertex -56.81811667654043 44.22331531365597 96
    vertex -52.97212156846556 48.76427315705326 97
    vertex -52.97212156846556 48.76427315705326 96
  endloop
endfacet
facet normal -0.813849 0.581077 0
  outer loop
    vertex -60.27598643490214 39.3802673848146 97
    vertex -56.81811667654043 44.22331531365597 97
    vertex -60.27598643490214 39.3802673848146 96
  endloop
endfacet
facet normal -0.813849 0.581077 0
  outer loop
    vertex -60.27598643490214 39.3802673848146 96
    vertex -56.81811667654043 44.22331531365597 97
    vertex -56.81811667654043 44.22331531365597 96
  endloop
endfacet
facet normal -0.859054 0.511885 0
  outer loop
    vertex -63.3221100868673 34.26821229866913 97
    vertex -60.27598643490214 39.3802673848146 97
    vertex -60.27598643490214 39.3802673848146 96
  endloop
endfacet
facet normal -0.898391 0.439197 0
  outer loop
    vertex -65.93567951916421 28.92207057501365 97
    vertex -63.3221100868673 34.26821229866913 97
    vertex -63.3221100868673 34.26821229866913 96
  endloop
endfacet
facet normal -0.859054 0.511885 0
  outer loop
    vertex -63.3221100868673 34.26821229866913 97
    vertex -60.27598643490214 39.3802673848146 96
    vertex -63.3221100868673 34.26821229866913 96
  endloop
endfacet
facet normal -0.931591 0.363508 0
  outer loop
    vertex -68.09884140244576 23.37836178273704 97
    vertex -65.93567951916421 28.92207057501365 97
    vertex -68.09884140244576 23.37836178273704 96
  endloop
endfacet
facet normal -0.898391 0.439197 0
  outer loop
    vertex -65.93567951916421 28.92207057501365 97
    vertex -63.3221100868673 34.26821229866913 96
    vertex -65.93567951916421 28.92207057501365 96
  endloop
endfacet
facet normal -0.931591 0.363508 0
  outer loop
    vertex -68.09884140244576 23.37836178273704 96
    vertex -65.93567951916421 28.92207057501365 97
    vertex -65.93567951916421 28.92207057501365 96
  endloop
endfacet
facet normal -0.958427 0.285336 0
  outer loop
    vertex -69.79681914763182 17.67495507413741 97
    vertex -68.09884140244576 23.37836178273704 97
    vertex -68.09884140244576 23.37836178273704 96
  endloop
endfacet
facet normal -0.978717 0.205215 0
  outer loop
    vertex -71.01801384499602 11.85081050021282 96
    vertex -71.01801384499602 11.85081050021282 97
    vertex -69.79681914763182 17.67495507413741 97
  endloop
endfacet
facet normal -0.958427 0.285336 0
  outer loop
    vertex -69.79681914763182 17.67495507413741 97
    vertex -68.09884140244576 23.37836178273704 96
    vertex -69.79681914763182 17.67495507413741 96
  endloop
endfacet
facet normal -0.978717 0.205215 0
  outer loop
    vertex -71.01801384499602 11.85081050021282 96
    vertex -69.79681914763182 17.67495507413741 97
    vertex -69.79681914763182 17.67495507413741 96
  endloop
endfacet
facet normal -0.992321 0.123693 0
  outer loop
    vertex -71.75408349648023 5.94571287400789 97
    vertex -71.01801384499602 11.85081050021282 97
    vertex -71.75408349648023 5.94571287400789 96
  endloop
endfacet
facet normal -0.992321 0.123693 0
  outer loop
    vertex -71.75408349648023 5.94571287400789 96
    vertex -71.01801384499602 11.85081050021282 97
    vertex -71.01801384499602 11.85081050021282 96
  endloop
endfacet
facet normal 0.999146 -0.041325 0
  outer loop
    vertex 72 8.817456953860942e-15 96
    vertex 72 8.817456953860942e-15 97
    vertex 71.75408349648023 -5.945712874007897 96
  endloop
endfacet
facet normal 0.999146 -0.041325 0
  outer loop
    vertex 72 8.817456953860942e-15 97
    vertex 71.75408349648023 -5.945712874007897 97
    vertex 71.75408349648023 -5.945712874007897 96
  endloop
endfacet
facet normal -0.999146 -0.041325 0
  outer loop
    vertex -71.75408349648023 -5.945712874007936 96
    vertex -72 0 97
    vertex -72 0 96
  endloop
endfacet
facet normal -0.999146 -0.041325 0
  outer loop
    vertex -71.75408349648023 -5.945712874007936 96
    vertex -71.75408349648023 -5.945712874007936 97
    vertex -72 0 97
  endloop
endfacet
facet normal -0.992321 -0.123693 0
  outer loop
    vertex -71.01801384499602 -11.85081050021283 97
    vertex -71.75408349648023 -5.945712874007936 97
    vertex -71.75408349648023 -5.945712874007936 96
  endloop
endfacet
facet normal -0.978717 -0.205215 0
  outer loop
    vertex -71.01801384499602 -11.85081050021283 97
    vertex -69.79681914763179 -17.67495507413755 96
    vertex -69.79681914763179 -17.67495507413755 97
  endloop
endfacet
facet normal -0.992321 -0.123693 0
  outer loop
    vertex -71.01801384499602 -11.85081050021283 96
    vertex -71.01801384499602 -11.85081050021283 97
    vertex -71.75408349648023 -5.945712874007936 96
  endloop
endfacet
facet normal -0.978717 -0.205215 0
  outer loop
    vertex -71.01801384499602 -11.85081050021283 96
    vertex -69.79681914763179 -17.67495507413755 96
    vertex -71.01801384499602 -11.85081050021283 97
  endloop
endfacet
facet normal -0.958427 -0.285336 0
  outer loop
    vertex -69.79681914763179 -17.67495507413755 96
    vertex -68.09884140244569 -23.37836178273724 97
    vertex -69.79681914763179 -17.67495507413755 97
  endloop
endfacet
facet normal -0.931591 -0.363508 0
  outer loop
    vertex -65.93567951916411 -28.92207057501384 97
    vertex -68.09884140244569 -23.37836178273724 97
    vertex -68.09884140244569 -23.37836178273724 96
  endloop
endfacet
facet normal -0.958427 -0.285336 0
  outer loop
    vertex -69.79681914763179 -17.67495507413755 96
    vertex -68.09884140244569 -23.37836178273724 96
    vertex -68.09884140244569 -23.37836178273724 97
  endloop
endfacet
facet normal -0.898391 -0.439197 0
  outer loop
    vertex -63.3221100868672 -34.26821229866932 96
    vertex -63.3221100868672 -34.26821229866932 97
    vertex -65.93567951916411 -28.92207057501384 97
  endloop
endfacet
facet normal -0.931591 -0.363508 -0
  outer loop
    vertex -65.93567951916411 -28.92207057501384 97
    vertex -68.09884140244569 -23.37836178273724 96
    vertex -65.93567951916411 -28.92207057501384 96
  endloop
endfacet
facet normal -0.898391 -0.439197 0
  outer loop
    vertex -63.3221100868672 -34.26821229866932 96
    vertex -65.93567951916411 -28.92207057501384 97
    vertex -65.93567951916411 -28.92207057501384 96
  endloop
endfacet
facet normal -0.859054 -0.511885 0
  outer loop
    vertex -60.27598643490203 -39.38026738481477 96
    vertex -60.27598643490203 -39.38026738481477 97
    vertex -63.3221100868672 -34.26821229866932 97
  endloop
endfacet
facet normal -0.859054 -0.511885 0
  outer loop
    vertex -60.27598643490203 -39.38026738481477 96
    vertex -63.3221100868672 -34.26821229866932 97
    vertex -63.3221100868672 -34.26821229866932 96
  endloop
endfacet
facet normal -0.813849 -0.581077 0
  outer loop
    vertex -56.81811667654031 -44.22331531365613 97
    vertex -60.27598643490203 -39.38026738481477 97
    vertex -60.27598643490203 -39.38026738481477 96
  endloop
endfacet
facet normal -0.763084 -0.646299 0
  outer loop
    vertex -56.81811667654031 -44.22331531365613 97
    vertex -52.97212156846545 -48.76427315705339 96
    vertex -52.97212156846545 -48.76427315705339 97
  endloop
endfacet
facet normal -0.813849 -0.581077 -0
  outer loop
    vertex -56.81811667654031 -44.22331531365613 97
    vertex -60.27598643490203 -39.38026738481477 96
    vertex -56.81811667654031 -44.22331531365613 96
  endloop
endfacet
facet normal -0.763084 -0.646299 0
  outer loop
    vertex -56.81811667654031 -44.22331531365613 96
    vertex -52.97212156846545 -48.76427315705339 96
    vertex -56.81811667654031 -44.22331531365613 97
  endloop
endfacet
facet normal -0.707107 -0.707107 -0
  outer loop
    vertex -48.76427315705331 -52.97212156846552 97
    vertex -52.97212156846545 -48.76427315705339 97
    vertex -48.76427315705331 -52.97212156846552 96
  endloop
endfacet
facet normal -0.707107 -0.707107 0
  outer loop
    vertex -48.76427315705331 -52.97212156846552 96
    vertex -52.97212156846545 -48.76427315705339 97
    vertex -52.97212156846545 -48.76427315705339 96
  endloop
endfacet
facet normal -0.646299 -0.763084 0
  outer loop
    vertex -48.76427315705331 -52.97212156846552 97
    vertex -44.22331531365604 -56.81811667654037 96
    vertex -44.22331531365604 -56.81811667654037 97
  endloop
endfacet
facet normal -0.646299 -0.763084 0
  outer loop
    vertex -48.76427315705331 -52.97212156846552 96
    vertex -44.22331531365604 -56.81811667654037 96
    vertex -48.76427315705331 -52.97212156846552 97
  endloop
endfacet
facet normal -0.581077 -0.813849 -0
  outer loop
    vertex -39.38026738481468 -60.27598643490209 97
    vertex -44.22331531365604 -56.81811667654037 97
    vertex -39.38026738481468 -60.27598643490209 96
  endloop
endfacet
facet normal -0.581077 -0.813849 0
  outer loop
    vertex -39.38026738481468 -60.27598643490209 96
    vertex -44.22331531365604 -56.81811667654037 97
    vertex -44.22331531365604 -56.81811667654037 96
  endloop
endfacet
facet normal -0.511885 -0.859054 -0
  outer loop
    vertex -34.26821229866923 -63.32211008686726 97
    vertex -39.38026738481468 -60.27598643490209 97
    vertex -34.26821229866923 -63.32211008686726 96
  endloop
endfacet
facet normal -0.511885 -0.859054 0
  outer loop
    vertex -34.26821229866923 -63.32211008686726 96
    vertex -39.38026738481468 -60.27598643490209 97
    vertex -39.38026738481468 -60.27598643490209 96
  endloop
endfacet
facet normal -0.439197 -0.898391 0
  outer loop
    vertex -28.92207057501371 -65.93567951916417 97
    vertex -34.26821229866923 -63.32211008686726 97
    vertex -34.26821229866923 -63.32211008686726 96
  endloop
endfacet
facet normal -0.363508 -0.931591 0
  outer loop
    vertex -23.37836178273711 -68.09884140244573 96
    vertex -23.37836178273711 -68.09884140244573 97
    vertex -28.92207057501371 -65.93567951916417 97
  endloop
endfacet
facet normal -0.439197 -0.898391 -0
  outer loop
    vertex -28.92207057501371 -65.93567951916417 97
    vertex -34.26821229866923 -63.32211008686726 96
    vertex -28.92207057501371 -65.93567951916417 96
  endloop
endfacet
facet normal -0.363508 -0.931591 0
  outer loop
    vertex -23.37836178273711 -68.09884140244573 96
    vertex -28.92207057501371 -65.93567951916417 97
    vertex -28.92207057501371 -65.93567951916417 96
  endloop
endfacet
facet normal -0.285336 -0.958427 0
  outer loop
    vertex -23.37836178273711 -68.09884140244573 97
    vertex -17.67495507413741 -69.79681914763182 96
    vertex -17.67495507413741 -69.79681914763182 97
  endloop
endfacet
facet normal -0.285336 -0.958427 0
  outer loop
    vertex -23.37836178273711 -68.09884140244573 96
    vertex -17.67495507413741 -69.79681914763182 96
    vertex -23.37836178273711 -68.09884140244573 97
  endloop
endfacet
facet normal -0.205215 -0.978717 0
  outer loop
    vertex -17.67495507413741 -69.79681914763182 97
    vertex -11.8508105002127 -71.01801384499603 96
    vertex -11.8508105002127 -71.01801384499603 97
  endloop
endfacet
facet normal -0.205215 -0.978717 0
  outer loop
    vertex -17.67495507413741 -69.79681914763182 96
    vertex -11.8508105002127 -71.01801384499603 96
    vertex -17.67495507413741 -69.79681914763182 97
  endloop
endfacet
facet normal -0.123693 -0.992321 -0
  outer loop
    vertex -5.945712874007829 -71.75408349648023 97
    vertex -11.8508105002127 -71.01801384499603 97
    vertex -5.945712874007829 -71.75408349648023 96
  endloop
endfacet
facet normal -0.123693 -0.992321 0
  outer loop
    vertex -5.945712874007829 -71.75408349648023 96
    vertex -11.8508105002127 -71.01801384499603 97
    vertex -11.8508105002127 -71.01801384499603 96
  endloop
endfacet
facet normal -0.041325 -0.999146 0
  outer loop
    vertex 1.146719438155364e-13 -72 96
    vertex 1.146719438155364e-13 -72 97
    vertex -5.945712874007829 -71.75408349648023 97
  endloop
endfacet
facet normal -0.041325 -0.999146 0
  outer loop
    vertex 1.146719438155364e-13 -72 96
    vertex -5.945712874007829 -71.75408349648023 97
    vertex -5.945712874007829 -71.75408349648023 96
  endloop
endfacet
facet normal 0.041325 -0.999146 0
  outer loop
    vertex 5.945712874008058 -71.75408349648022 96
    vertex 5.945712874008058 -71.75408349648022 97
    vertex 1.146719438155364e-13 -72 97
  endloop
endfacet
facet normal 0.041325 -0.999146 0
  outer loop
    vertex 5.945712874008058 -71.75408349648022 96
    vertex 1.146719438155364e-13 -72 97
    vertex 1.146719438155364e-13 -72 96
  endloop
endfacet
facet normal 0.123693 -0.992321 0
  outer loop
    vertex 5.945712874008058 -71.75408349648022 97
    vertex 11.85081050021299 -71.01801384499598 96
    vertex 11.85081050021299 -71.01801384499598 97
  endloop
endfacet
facet normal 0.123693 -0.992321 0
  outer loop
    vertex 5.945712874008058 -71.75408349648022 96
    vertex 11.85081050021299 -71.01801384499598 96
    vertex 5.945712874008058 -71.75408349648022 97
  endloop
endfacet
facet normal 0.205215 -0.978717 0
  outer loop
    vertex 17.6749550741377 -69.79681914763175 97
    vertex 11.85081050021299 -71.01801384499598 97
    vertex 17.6749550741377 -69.79681914763175 96
  endloop
endfacet
facet normal 0.205215 -0.978717 0
  outer loop
    vertex 17.6749550741377 -69.79681914763175 96
    vertex 11.85081050021299 -71.01801384499598 97
    vertex 11.85081050021299 -71.01801384499598 96
  endloop
endfacet
facet normal 0.285336 -0.958427 0
  outer loop
    vertex 23.37836178273738 -68.09884140244564 96
    vertex 23.37836178273738 -68.09884140244564 97
    vertex 17.6749550741377 -69.79681914763175 97
  endloop
endfacet
facet normal 0.285336 -0.958427 0
  outer loop
    vertex 23.37836178273738 -68.09884140244564 96
    vertex 17.6749550741377 -69.79681914763175 97
    vertex 17.6749550741377 -69.79681914763175 96
  endloop
endfacet
facet normal 0.363508 -0.931591 0
  outer loop
    vertex 28.92207057501398 -65.93567951916405 97
    vertex 23.37836178273738 -68.09884140244564 97
    vertex 23.37836178273738 -68.09884140244564 96
  endloop
endfacet
facet normal 0.439197 -0.898391 0
  outer loop
    vertex 34.26821229866948 -63.32211008686711 97
    vertex 28.92207057501398 -65.93567951916405 97
    vertex 28.92207057501398 -65.93567951916405 96
  endloop
endfacet
facet normal 0.363508 -0.931591 0
  outer loop
    vertex 28.92207057501398 -65.93567951916405 97
    vertex 23.37836178273738 -68.09884140244564 96
    vertex 28.92207057501398 -65.93567951916405 96
  endloop
endfacet
facet normal 0.511885 -0.859054 0
  outer loop
    vertex 39.38026738481487 -60.27598643490197 97
    vertex 34.26821229866948 -63.32211008686711 97
    vertex 39.38026738481487 -60.27598643490197 96
  endloop
endfacet
facet normal 0.439197 -0.898391 0
  outer loop
    vertex 34.26821229866948 -63.32211008686711 96
    vertex 34.26821229866948 -63.32211008686711 97
    vertex 28.92207057501398 -65.93567951916405 96
  endloop
endfacet
facet normal 0.511885 -0.859054 0
  outer loop
    vertex 39.38026738481487 -60.27598643490197 96
    vertex 34.26821229866948 -63.32211008686711 97
    vertex 34.26821229866948 -63.32211008686711 96
  endloop
endfacet
facet normal 0.581077 -0.813849 0
  outer loop
    vertex 44.22331531365623 -56.81811667654023 97
    vertex 39.38026738481487 -60.27598643490197 97
    vertex 39.38026738481487 -60.27598643490197 96
  endloop
endfacet
facet normal 0.646299 -0.763084 0
  outer loop
    vertex 44.22331531365623 -56.81811667654023 97
    vertex 48.7642731570535 -52.97212156846534 96
    vertex 48.7642731570535 -52.97212156846534 97
  endloop
endfacet
facet normal 0.581077 -0.813849 0
  outer loop
    vertex 44.22331531365623 -56.81811667654023 97
    vertex 39.38026738481487 -60.27598643490197 96
    vertex 44.22331531365623 -56.81811667654023 96
  endloop
endfacet
facet normal 0.646299 -0.763084 0
  outer loop
    vertex 44.22331531365623 -56.81811667654023 96
    vertex 48.7642731570535 -52.97212156846534 96
    vertex 44.22331531365623 -56.81811667654023 97
  endloop
endfacet
facet normal 0.707107 -0.707107 0
  outer loop
    vertex 52.97212156846562 -48.7642731570532 97
    vertex 48.7642731570535 -52.97212156846534 97
    vertex 48.7642731570535 -52.97212156846534 96
  endloop
endfacet
facet normal 0.763084 -0.646299 0
  outer loop
    vertex 56.81811667654048 -44.2233153136559 96
    vertex 56.81811667654048 -44.2233153136559 97
    vertex 52.97212156846562 -48.7642731570532 97
  endloop
endfacet
facet normal 0.707107 -0.707107 0
  outer loop
    vertex 52.97212156846562 -48.7642731570532 96
    vertex 52.97212156846562 -48.7642731570532 97
    vertex 48.7642731570535 -52.97212156846534 96
  endloop
endfacet
facet normal 0.763084 -0.646299 0
  outer loop
    vertex 56.81811667654048 -44.2233153136559 96
    vertex 52.97212156846562 -48.7642731570532 97
    vertex 52.97212156846562 -48.7642731570532 96
  endloop
endfacet
facet normal 0.813849 -0.581077 0
  outer loop
    vertex 60.27598643490219 -39.38026738481452 97
    vertex 56.81811667654048 -44.2233153136559 97
    vertex 56.81811667654048 -44.2233153136559 96
  endloop
endfacet
facet normal 0.859054 -0.511885 0
  outer loop
    vertex 60.27598643490219 -39.38026738481452 97
    vertex 63.32211008686734 -34.26821229866906 96
    vertex 63.32211008686734 -34.26821229866906 97
  endloop
endfacet
facet normal 0.813849 -0.581077 0
  outer loop
    vertex 60.27598643490219 -39.38026738481452 97
    vertex 56.81811667654048 -44.2233153136559 96
    vertex 60.27598643490219 -39.38026738481452 96
  endloop
endfacet
facet normal 0.859054 -0.511885 0
  outer loop
    vertex 60.27598643490219 -39.38026738481452 96
    vertex 63.32211008686734 -34.26821229866906 96
    vertex 60.27598643490219 -39.38026738481452 97
  endloop
endfacet
facet normal 0.898391 -0.439197 0
  outer loop
    vertex 65.93567951916422 -28.9220705750136 96
    vertex 65.93567951916422 -28.9220705750136 97
    vertex 63.32211008686734 -34.26821229866906 97
  endloop
endfacet
facet normal 0.898391 -0.439197 0
  outer loop
    vertex 65.93567951916422 -28.9220705750136 96
    vertex 63.32211008686734 -34.26821229866906 97
    vertex 63.32211008686734 -34.26821229866906 96
  endloop
endfacet
facet normal 0.931591 -0.363508 0
  outer loop
    vertex 65.93567951916422 -28.9220705750136 96
    vertex 68.09884140244574 -23.37836178273705 97
    vertex 65.93567951916422 -28.9220705750136 97
  endloop
endfacet
facet normal 0.958427 -0.285336 0
  outer loop
    vertex 69.79681914763182 -17.67495507413742 97
    vertex 68.09884140244574 -23.37836178273705 97
    vertex 68.09884140244574 -23.37836178273705 96
  endloop
endfacet
facet normal 0.931591 -0.363508 0
  outer loop
    vertex 65.93567951916422 -28.9220705750136 96
    vertex 68.09884140244574 -23.37836178273705 96
    vertex 68.09884140244574 -23.37836178273705 97
  endloop
endfacet
facet normal 0.978717 -0.205215 0
  outer loop
    vertex 69.79681914763182 -17.67495507413742 97
    vertex 71.01801384499602 -11.85081050021276 96
    vertex 71.01801384499602 -11.85081050021276 97
  endloop
endfacet
facet normal 0.958427 -0.285336 0
  outer loop
    vertex 69.79681914763182 -17.67495507413742 96
    vertex 69.79681914763182 -17.67495507413742 97
    vertex 68.09884140244574 -23.37836178273705 96
  endloop
endfacet
facet normal 0.978717 -0.205215 0
  outer loop
    vertex 69.79681914763182 -17.67495507413742 96
    vertex 71.01801384499602 -11.85081050021276 96
    vertex 69.79681914763182 -17.67495507413742 97
  endloop
endfacet
facet normal 0.992321 -0.123693 0
  outer loop
    vertex 71.75408349648023 -5.945712874007897 97
    vertex 71.01801384499602 -11.85081050021276 97
    vertex 71.75408349648023 -5.945712874007897 96
  endloop
endfacet
facet normal 0.992321 -0.123693 0
  outer loop
    vertex 71.75408349648023 -5.945712874007897 96
    vertex 71.01801384499602 -11.85081050021276 97
    vertex 71.01801384499602 -11.85081050021276 96
  endloop
endfacet
facet normal 0 0 1
  outer loop
    vertex -31.91012728860465 51.80750460239238 97
    vertex -38.14062654204596 54.248934046188 97
    vertex -36.71491598364364 48.30502261068588 97
  endloop
endfacet
facet normal 0 0 1
  outer loop
    vertex 25.05018035749711 55.16705431621978 97
    vertex 24.19892176763323 61.71023351795294 97
    vertex 19.65149079473506 57.40756492440656 97
  endloop
endfacet
facet normal -0 0 1
  outer loop
    vertex -64.552435188326 14.03733587788048 97
    vertex -58.53875944703656 12.87855228120863 97
    vertex -59.44188187921154 19.20895517682573 97
  endloop
endfacet
facet normal 0 0 1
  outer loop
    vertex 19.05616656604575 -64.00853517727678 97
    vertex 24.72581269563619 -62.14076797142869 97
    vertex 21.23447371691504 -56.98771024651058 97
  endloop
endfacet
facet normal 0 0 1
  outer loop
    vertex 29.40821662390919 59.85344584191615 97
    vertex 24.19892176763323 61.71023351795294 97
    vertex 25.05018035749711 55.16705431621978 97
  endloop
endfacet
facet normal 0 0 1
  outer loop
    vertex -33.78756663610367 57.50698452242554 97
    vertex -38.14062654204596 54.248934046188 97
    vertex -31.91012728860465 51.80750460239238 97
  endloop
endfacet
facet normal -0 0 1
  outer loop
    vertex 25.05018035749711 55.16705431621978 97
    vertex 30.79481479251279 52.80340440474863 97
    vertex 29.40821662390919 59.85344584191615 97
  endloop
endfacet
facet normal 0 0 1
  outer loop
    vertex -59.44188187921154 19.20895517682573 97
    vertex -64.92148436674547 19.69790991957151 97
    vertex -64.552435188326 14.03733587788048 97
  endloop
endfacet
facet normal -0 0 1
  outer loop
    vertex -43.23572296475232 -50.77038451010607 97
    vertex -39.65562603833863 -54.58304397657792 97
    vertex -37.35489453621951 -48.54379716887253 97
  endloop
endfacet
facet normal 0 -0 1
  outer loop
    vertex 30.79481479251279 52.80340440474863 97
    vertex 34.53093178481068 57.43709162190068 97
    vertex 29.40821662390919 59.85344584191615 97
  endloop
endfacet
facet normal 0 0 1
  outer loop
    vertex -10.16267279957197 -60.41515298867604 97
    vertex -13.79956215840471 -65.8131297498087 97
    vertex -8.12688594247294 -66.2369783943529 97
  endloop
endfacet
facet normal 0 0 1
  outer loop
    vertex 21.23447371691504 -56.98771024651058 97
    vertex 15.74667071085449 -59.69879765650889 97
    vertex 19.05616656604575 -64.00853517727678 97
  endloop
endfacet
facet normal 0 0 1
  outer loop
    vertex -33.78756663610367 57.50698452242554 97
    vertex -31.91012728860465 51.80750460239238 97
    vertex -26.88636913381576 55.91741056736946 97
  endloop
endfacet
facet normal 0 0 1
  outer loop
    vertex -37.35489453621951 -48.54379716887253 97
    vertex -39.65562603833863 -54.58304397657792 97
    vertex -34.96833541783854 -53.3235394143057 97
  endloop
endfacet
facet normal -0 0 1
  outer loop
    vertex -48.76427315705344 52.9721215684654 97
    vertex -42.82756664545287 50.779989430182 97
    vertex -44.22331531365619 56.81811667654026 97
  endloop
endfacet
facet normal 0 0 1
  outer loop
    vertex -26.88636913381576 55.91741056736946 97
    vertex -29.68811510307081 60.95707481014642 97
    vertex -33.78756663610367 57.50698452242554 97
  endloop
endfacet
facet normal 0 0 1
  outer loop
    vertex 59.84075398933172 28.79746671667252 97
    vertex 53.61426500774358 30.84444326371012 97
    vertex 54.39301507207942 25.09763973969539 97
  endloop
endfacet
facet normal 0 0 1
  outer loop
    vertex 17.67495507413747 69.79681914763181 97
    vertex 18.78321047190713 63.79881510356522 97
    vertex 23.37836178273714 68.09884140244571 97
  endloop
endfacet
facet normal 0 0 1
  outer loop
    vertex -61.16400779747795 -8.855800610196189 97
    vertex -65.52899689148896 -13.33298592041091 97
    vertex -60.31679987988538 -14.79932172312226 97
  endloop
endfacet
facet normal 0 -0 1
  outer loop
    vertex -47.04429818909561 46.9405636864542 97
    vertex -42.82756664545287 50.779989430182 97
    vertex -48.76427315705344 52.9721215684654 97
  endloop
endfacet
facet normal 0 0 1
  outer loop
    vertex -66.46519488299829 -7.743625564006397 97
    vertex -65.52899689148896 -13.33298592041091 97
    vertex -61.16400779747795 -8.855800610196189 97
  endloop
endfacet
facet normal 0 0 1
  outer loop
    vertex -48.34862260290785 -37.54538399066697 97
    vertex -54.60770633000904 -38.97837808823873 97
    vertex -51.04361919201597 -43.18894756442218 97
  endloop
endfacet
facet normal 0 0 1
  outer loop
    vertex -37.35489453621951 -48.54379716887253 97
    vertex -41.97823460055444 -45.16746864900883 97
    vertex -43.23572296475232 -50.77038451010607 97
  endloop
endfacet
facet normal 0 0 1
  outer loop
    vertex -24.57635687175135 62.10318935490583 97
    vertex -29.68811510307081 60.95707481014642 97
    vertex -26.88636913381576 55.91741056736946 97
  endloop
endfacet
facet normal 0 0 1
  outer loop
    vertex -10.16267279957197 -60.41515298867604 97
    vertex -15.59218096114558 -61.44678927165536 97
    vertex -13.79956215840471 -65.8131297498087 97
  endloop
endfacet
facet normal 0 0 1
  outer loop
    vertex 2.434945497759524 66.94390881155974 97
    vertex -3.328654135631965 67.1851459143744 97
    vertex -0.8282219900913513 61.54646759527888 97
  endloop
endfacet
facet normal -0 0 1
  outer loop
    vertex 54.39301507207942 25.09763973969539 97
    vertex 59.5029000052515 22.40425382104165 97
    vertex 59.84075398933172 28.79746671667252 97
  endloop
endfacet
facet normal 0 0 1
  outer loop
    vertex -26.88636913381576 55.91741056736946 97
    vertex -20.95524028077674 58.40235814719802 97
    vertex -24.57635687175135 62.10318935490583 97
  endloop
endfacet
facet normal 0 0 1
  outer loop
    vertex 39.02406347307382 54.02182993037135 97
    vertex 35.62448631826566 49.64595805486628 97
    vertex 41.58730306986158 47.30375467601139 97
  endloop
endfacet
facet normal 0 0 1
  outer loop
    vertex 59.96528057088091 -29.03123640463253 97
    vertex 59.11925475308725 -22.53182794438928 97
    vertex 54.39939188823335 -26.08505514653953 97
  endloop
endfacet
facet normal 0 -0 1
  outer loop
    vertex -8.12688594247294 -66.2369783943529 97
    vertex -4.170082436385242 -61.76556637324829 97
    vertex -10.16267279957197 -60.41515298867604 97
  endloop
endfacet
facet normal 0 0 1
  outer loop
    vertex -13.13542371734796 65.26927711873198 97
    vertex -11.69858263804567 59.75160342311212 97
    vertex -7.190466092799473 63.13694780098605 97
  endloop
endfacet
facet normal -0 0 1
  outer loop
    vertex 54.78149313192513 19.13455719251441 97
    vertex 60.01677542447306 16.54915972430586 97
    vertex 59.5029000052515 22.40425382104165 97
  endloop
endfacet
facet normal 0 -0 1
  outer loop
    vertex 19.65149079473506 57.40756492440656 97
    vertex 24.19892176763323 61.71023351795294 97
    vertex 18.78321047190713 63.79881510356522 97
  endloop
endfacet
facet normal 0 0 1
  outer loop
    vertex -36.71491598364364 48.30502261068588 97
    vertex -38.14062654204596 54.248934046188 97
    vertex -42.82756664545287 50.779989430182 97
  endloop
endfacet
facet normal 0 -0 1
  outer loop
    vertex 41.58730306986158 47.30375467601139 97
    vertex 44.21635162883124 51.7831379581839 97
    vertex 39.02406347307382 54.02182993037135 97
  endloop
endfacet
facet normal 0 0 1
  outer loop
    vertex 61.52637606330569 4.710100925511071 97
    vertex 61.93327528516785 -1.104631306152898 97
    vertex 66.70086235512031 2.383303351825426 97
  endloop
endfacet
facet normal -0 0 1
  outer loop
    vertex 13.30764877128288 65.36819625460257 97
    vertex 18.78321047190713 63.79881510356522 97
    vertex 17.67495507413747 69.79681914763181 97
  endloop
endfacet
facet normal 0 0 1
  outer loop
    vertex 5.638364752276984 -61.3632250817631 97
    vertex 2.94674428222747 -66.93556841363215 97
    vertex 8.471606305148882 -66.41607068159961 97
  endloop
endfacet
facet normal -0 0 1
  outer loop
    vertex -66.46519488299829 -7.743625564006397 97
    vertex -61.16400779747795 -8.855800610196189 97
    vertex -62.422489115747 -2.398662847741562 97
  endloop
endfacet
facet normal 0 0 1
  outer loop
    vertex 5.638364752276984 -61.3632250817631 97
    vertex 0.462311736123859 -63.03287911133148 97
    vertex 2.94674428222747 -66.93556841363215 97
  endloop
endfacet
facet normal 0 0 1
  outer loop
    vertex 65.32768405473227 14.13376752502887 97
    vertex 60.01677542447306 16.54915972430586 97
    vertex 60.69053186071854 10.62027491286326 97
  endloop
endfacet
facet normal 0 0 1
  outer loop
    vertex -41.2967894554916 44.64503967667606 97
    vertex -42.82756664545287 50.779989430182 97
    vertex -47.04429818909561 46.9405636864542 97
  endloop
endfacet
facet normal 0 0 1
  outer loop
    vertex -0.8282219900913513 61.54646759527888 97
    vertex 4.52412252857502 62.74839912173156 97
    vertex 2.434945497759524 66.94390881155974 97
  endloop
endfacet
facet normal 0 -0 1
  outer loop
    vertex 54.78149313192513 19.13455719251441 97
    vertex 59.5029000052515 22.40425382104165 97
    vertex 54.39301507207942 25.09763973969539 97
  endloop
endfacet
facet normal 0 0 1
  outer loop
    vertex -62.422489115747 -2.398662847741562 97
    vertex -67.90578892266429 -2.760373577744666 97
    vertex -66.46519488299829 -7.743625564006397 97
  endloop
endfacet
facet normal 0 0 1
  outer loop
    vertex -47.04429818909561 46.9405636864542 97
    vertex -45.85351272714343 41.12088321415307 97
    vertex -41.2967894554916 44.64503967667606 97
  endloop
endfacet
facet normal 0 -0 1
  outer loop
    vertex 54.47633342493786 -38.4765791217016 97
    vertex 54.6502671348962 -32.04721776292689 97
    vertex 49.83458156414639 -35.10781252050472 97
  endloop
endfacet
facet normal 0 0 1
  outer loop
    vertex -7.190466092799473 63.13694780098605 97
    vertex -8.44246935465241 67.72946778194161 97
    vertex -13.13542371734796 65.26927711873198 97
  endloop
endfacet
facet normal 0 -0 1
  outer loop
    vertex -62.422489115747 -2.398662847741562 97
    vertex -61.98000250379921 4.031409686882739 97
    vertex -66.88717711809588 2.286133397032554 97
  endloop
endfacet
facet normal 0 0 1
  outer loop
    vertex 59.5029000052515 22.40425382104165 97
    vertex 60.01677542447306 16.54915972430586 97
    vertex 64.52358724685902 19.94899041915303 97
  endloop
endfacet
facet normal 0 0 1
  outer loop
    vertex 51.40683437006807 42.73911606335665 97
    vertex 47.30337572127256 38.78655343094182 97
    vertex 52.38096182765995 36.63621418979751 97
  endloop
endfacet
facet normal 0 0 1
  outer loop
    vertex -54.3374963887774 -28.9001026506285 97
    vertex -60.41167324297838 -29.53346744309632 97
    vertex -57.54056667690288 -34.19000948600808 97
  endloop
endfacet
facet normal 0 0 1
  outer loop
    vertex -54.646011007798 29.05532741488486 97
    vertex -57.78995226018841 34.25355627427682 97
    vertex -60.19137898708906 29.28471961508187 97
  endloop
endfacet
facet normal 0 0 1
  outer loop
    vertex -66.88717711809588 2.286133397032554 97
    vertex -67.90578892266429 -2.760373577744666 97
    vertex -62.422489115747 -2.398662847741562 97
  endloop
endfacet
facet normal 0 -0 1
  outer loop
    vertex -54.646011007798 29.05532741488486 97
    vertex -53.31772003967169 34.33699720256537 97
    vertex -57.78995226018841 34.25355627427682 97
  endloop
endfacet
facet normal 0 0 1
  outer loop
    vertex 66.70086235512031 2.383303351825426 97
    vertex 61.93327528516785 -1.104631306152898 97
    vertex 67.1263905227222 -3.337647145756684 97
  endloop
endfacet
facet normal 0 0 1
  outer loop
    vertex -51.04361919201597 -43.18894756442218 97
    vertex -46.13204876866836 -42.64875146946192 97
    vertex -48.34862260290785 -37.54538399066697 97
  endloop
endfacet
facet normal -0 0 1
  outer loop
    vertex 18.78321047190713 63.79881510356522 97
    vertex 24.19892176763323 61.71023351795294 97
    vertex 23.37836178273714 68.09884140244571 97
  endloop
endfacet
facet normal 0 0 1
  outer loop
    vertex -25.72084238587108 -52.11242264853102 97
    vertex -30.29097409845754 -55.29214123119486 97
    vertex -25.27965116261878 -57.41044138880202 97
  endloop
endfacet
facet normal 0 0 1
  outer loop
    vertex -61.98000250379921 4.031409686882739 97
    vertex -62.03010071258899 9.514987937648355 97
    vertex -66.32391489591365 7.866755870849374 97
  endloop
endfacet
facet normal 0 0 1
  outer loop
    vertex 54.39939188823335 -26.08505514653953 97
    vertex 54.6502671348962 -32.04721776292689 97
    vertex 59.96528057088091 -29.03123640463253 97
  endloop
endfacet
facet normal 0 0 1
  outer loop
    vertex -48.34862260290785 -37.54538399066697 97
    vertex -52.48130203780801 -34.25666299660589 97
    vertex -54.60770633000904 -38.97837808823873 97
  endloop
endfacet
facet normal 0 0 1
  outer loop
    vertex 15.74667071085449 -59.69879765650889 97
    vertex 10.81750208552149 -62.14578387610666 97
    vertex 14.00035378490216 -65.47674032020484 97
  endloop
endfacet
facet normal 0 0 1
  outer loop
    vertex 64.52358724685902 19.94899041915303 97
    vertex 60.01677542447306 16.54915972430586 97
    vertex 65.32768405473227 14.13376752502887 97
  endloop
endfacet
facet normal 0 0 1
  outer loop
    vertex 19.05616656604575 -64.00853517727678 97
    vertex 15.74667071085449 -59.69879765650889 97
    vertex 14.00035378490216 -65.47674032020484 97
  endloop
endfacet
facet normal 0 0 1
  outer loop
    vertex -40.58188851106485 38.74631399520271 97
    vertex -45.85351272714343 41.12088321415307 97
    vertex -45.29654085623577 35.23550672051488 97
  endloop
endfacet
facet normal 0 0 1
  outer loop
    vertex -41.2967894554916 44.64503967667606 97
    vertex -45.85351272714343 41.12088321415307 97
    vertex -40.58188851106485 38.74631399520271 97
  endloop
endfacet
facet normal 0 0 1
  outer loop
    vertex -20.95524028077674 58.40235814719802 97
    vertex -16.31359772937275 60.70201444108244 97
    vertex -19.39577954083539 64.01137111169113 97
  endloop
endfacet
facet normal 0 0 1
  outer loop
    vertex -0.8282219900913513 61.54646759527888 97
    vertex -3.328654135631965 67.1851459143744 97
    vertex -7.190466092799473 63.13694780098605 97
  endloop
endfacet
facet normal -0 0 1
  outer loop
    vertex -24.57635687175135 62.10318935490583 97
    vertex -20.95524028077674 58.40235814719802 97
    vertex -19.39577954083539 64.01137111169113 97
  endloop
endfacet
facet normal 0 0 1
  outer loop
    vertex -66.88717711809588 2.286133397032554 97
    vertex -61.98000250379921 4.031409686882739 97
    vertex -66.32391489591365 7.866755870849374 97
  endloop
endfacet
facet normal 0 0 1
  outer loop
    vertex 45.94214785737633 -44.68591307322587 97
    vertex 40.40286376749853 -47.08174595191345 97
    vertex 43.4315355347336 -51.07780762096449 97
  endloop
endfacet
facet normal 0 0 1
  outer loop
    vertex 36.51053914588836 -51.80149306360907 97
    vertex 34.97805547550492 -58.28829253987782 97
    vertex 39.69128181216352 -55.71224091672238 97
  endloop
endfacet
facet normal 0 -0 1
  outer loop
    vertex 59.96528057088091 -29.03123640463253 97
    vertex 63.45766051478018 -24.76125596983636 97
    vertex 59.11925475308725 -22.53182794438928 97
  endloop
endfacet
facet normal 0 -0 1
  outer loop
    vertex -59.44188187921154 19.20895517682573 97
    vertex -58.04963905482498 25.11708718554586 97
    vertex -62.71744421611223 24.18994168627691 97
  endloop
endfacet
facet normal 0 0 1
  outer loop
    vertex 54.47633342493786 -38.4765791217016 97
    vertex 58.56447199241594 -34.80925175908385 97
    vertex 54.6502671348962 -32.04721776292689 97
  endloop
endfacet
facet normal -0 0 1
  outer loop
    vertex 30.70681629554517 -55.01738205494128 97
    vertex 34.97805547550492 -58.28829253987782 97
    vertex 36.51053914588836 -51.80149306360907 97
  endloop
endfacet
facet normal 0 0 1
  outer loop
    vertex 43.4315355347336 -51.07780762096449 97
    vertex 40.40286376749853 -47.08174595191345 97
    vertex 36.51053914588836 -51.80149306360907 97
  endloop
endfacet
facet normal 0 0 1
  outer loop
    vertex 30.79481479251279 52.80340440474863 97
    vertex 34.99357409216574 53.47707100297173 97
    vertex 34.53093178481068 57.43709162190068 97
  endloop
endfacet
facet normal 0 0 1
  outer loop
    vertex -34.80661387263481 -58.2634040009598 97
    vertex -39.65562603833863 -54.58304397657792 97
    vertex -39.38026738481468 -60.27598643490209 97
  endloop
endfacet
facet normal 0 -0 1
  outer loop
    vertex 24.72581269563619 -62.14076797142869 97
    vertex 26.54565947533214 -57.44339000068325 97
    vertex 21.23447371691504 -56.98771024651058 97
  endloop
endfacet
facet normal 0 -0 1
  outer loop
    vertex -42.82756664545287 50.779989430182 97
    vertex -38.14062654204596 54.248934046188 97
    vertex -44.22331531365619 56.81811667654026 97
  endloop
endfacet
facet normal 0 0 1
  outer loop
    vertex 64.29391066486966 -18.86231027553741 97
    vertex 63.11479940253987 -12.62790918439024 97
    vertex 58.64008609258697 -16.53574774506852 97
  endloop
endfacet
facet normal 0 0 1
  outer loop
    vertex -64.552435188326 14.03733587788048 97
    vertex -62.03010071258899 9.514987937648355 97
    vertex -58.53875944703656 12.87855228120863 97
  endloop
endfacet
facet normal 0 0 1
  outer loop
    vertex -62.71744421611223 24.18994168627691 97
    vertex -64.92148436674547 19.69790991957151 97
    vertex -59.44188187921154 19.20895517682573 97
  endloop
endfacet
facet normal -0 0 1
  outer loop
    vertex 36.51053914588836 -51.80149306360907 97
    vertex 39.69128181216352 -55.71224091672238 97
    vertex 43.4315355347336 -51.07780762096449 97
  endloop
endfacet
facet normal 0 0 1
  outer loop
    vertex 43.4315355347336 -51.07780762096449 97
    vertex 48.52631676659138 -48.52631676659108 97
    vertex 45.94214785737633 -44.68591307322587 97
  endloop
endfacet
facet normal 0 0 1
  outer loop
    vertex -25.27965116261878 -57.41044138880202 97
    vertex -30.29097409845754 -55.29214123119486 97
    vertex -29.69270334442995 -60.49450103457809 97
  endloop
endfacet
facet normal 0 0 1
  outer loop
    vertex 55.27445624735194 13.05311447523393 97
    vertex 49.98134399317215 15.4827539358395 97
    vertex 50.64499102307508 9.532220993471459 97
  endloop
endfacet
facet normal 0 0 1
  outer loop
    vertex 59.84075398933172 28.79746671667252 97
    vertex 57.55944259285676 34.97575954184488 97
    vertex 53.61426500774358 30.84444326371012 97
  endloop
endfacet
facet normal 0 0 1
  outer loop
    vertex 54.78149313192513 19.13455719251441 97
    vertex 49.98134399317215 15.4827539358395 97
    vertex 55.27445624735194 13.05311447523393 97
  endloop
endfacet
facet normal 0 0 1
  outer loop
    vertex 56.05806259792246 7.119413691608322 97
    vertex 55.27445624735194 13.05311447523393 97
    vertex 50.64499102307508 9.532220993471459 97
  endloop
endfacet
facet normal 0 0 1
  outer loop
    vertex 56.6089158404354 1.191187812330575 97
    vertex 51.91098017918587 -2.302343402970111 97
    vertex 57.22303447328233 -4.735519232366705 97
  endloop
endfacet
facet normal 0 0 1
  outer loop
    vertex 51.25730927021647 3.613418505551253 97
    vertex 51.91098017918587 -2.302343402970111 97
    vertex 56.6089158404354 1.191187812330575 97
  endloop
endfacet
facet normal 0 0 1
  outer loop
    vertex 49.39321553470058 21.3672650085273 97
    vertex 44.57596478496772 17.86891236385136 97
    vertex 49.98134399317215 15.4827539358395 97
  endloop
endfacet
facet normal 0 0 1
  outer loop
    vertex 39.77286090545933 14.35960477497891 97
    vertex 34.33390959718237 16.77322159281573 97
    vertex 34.96330973881359 10.85580820463982 97
  endloop
endfacet
facet normal -0 0 1
  outer loop
    vertex 39.14395062594739 20.27704825152912 97
    vertex 44.57596478496772 17.86891236385136 97
    vertex 43.95384579375603 23.7808705451195 97
  endloop
endfacet
facet normal 0 0 1
  outer loop
    vertex 49.39321553470058 21.3672650085273 97
    vertex 49.98134399317215 15.4827539358395 97
    vertex 54.78149313192513 19.13455719251441 97
  endloop
endfacet
facet normal 0 0 1
  outer loop
    vertex 39.14395062594739 20.27704825152912 97
    vertex 34.33390959718237 16.77322159281573 97
    vertex 39.77286090545933 14.35960477497891 97
  endloop
endfacet
facet normal 0 0 1
  outer loop
    vertex 40.40197366179677 8.442176226410613 97
    vertex 39.77286090545933 14.35960477497891 97
    vertex 34.96330973881359 10.85580820463982 97
  endloop
endfacet
facet normal 0 0 1
  outer loop
    vertex 45.21057185677085 11.94593166711385 97
    vertex 39.77286090545933 14.35960477497891 97
    vertex 40.40197366179677 8.442176226410613 97
  endloop
endfacet
facet normal 0 0 1
  outer loop
    vertex 45.83696625235264 6.028326309876064 97
    vertex 45.21057185677085 11.94593166711385 97
    vertex 40.40197366179677 8.442176226410613 97
  endloop
endfacet
facet normal 0 0 1
  outer loop
    vertex 51.91098017918587 -2.302343402970111 97
    vertex 47.10011397341411 -5.806245907893055 97
    vertex 52.54042078457165 -8.219774310702544 97
  endloop
endfacet
facet normal 0 -0 1
  outer loop
    vertex 39.77286090545933 14.35960477497891 97
    vertex 44.57596478496772 17.86891236385136 97
    vertex 39.14395062594739 20.27704825152912 97
  endloop
endfacet
facet normal 0 0 1
  outer loop
    vertex 57.22303447328233 -4.735519232366705 97
    vertex 51.91098017918587 -2.302343402970111 97
    vertex 52.54042078457165 -8.219774310702544 97
  endloop
endfacet
facet normal 0 0 1
  outer loop
    vertex 46.46671760945694 0.1109055382219897 97
    vertex 47.10011397341411 -5.806245907893055 97
    vertex 51.91098017918587 -2.302343402970111 97
  endloop
endfacet
facet normal 0 0 1
  outer loop
    vertex 47.10011397341411 -5.806245907893055 97
    vertex 42.29084040602865 -9.310031010167526 97
    vertex 47.73051271190432 -11.7236008304659 97
  endloop
endfacet
facet normal 0 0 1
  outer loop
    vertex 49.98134399317215 15.4827539358395 97
    vertex 44.57596478496772 17.86891236385136 97
    vertex 45.21057185677085 11.94593166711385 97
  endloop
endfacet
facet normal 0 0 1
  outer loop
    vertex 43.95384579375603 23.7808705451195 97
    vertex 44.57596478496772 17.86891236385136 97
    vertex 49.39321553470058 21.3672650085273 97
  endloop
endfacet
facet normal 0 0 1
  outer loop
    vertex 41.66089295098939 -3.392651053505086 97
    vertex 42.29084040602865 -9.310031010167526 97
    vertex 47.10011397341411 -5.806245907893055 97
  endloop
endfacet
facet normal 0 0 1
  outer loop
    vertex 52.54042078457165 -8.219774310702544 97
    vertex 47.10011397341411 -5.806245907893055 97
    vertex 47.73051271190432 -11.7236008304659 97
  endloop
endfacet
facet normal -0 0 1
  outer loop
    vertex 41.66089295098939 -3.392651053505086 97
    vertex 47.10011397341411 -5.806245907893055 97
    vertex 46.46671760945694 0.1109055382219897 97
  endloop
endfacet
facet normal 0 0 1
  outer loop
    vertex 41.03226769925768 2.524814330386073 97
    vertex 41.66089295098939 -3.392651053505086 97
    vertex 46.46671760945694 0.1109055382219897 97
  endloop
endfacet
facet normal 0 0 1
  outer loop
    vertex 24.08476358087469 15.68299784054766 97
    vertex 24.71420945116585 9.76558502723266 97
    vertex 29.52408512723639 13.26940576119881 97
  endloop
endfacet
facet normal -0 0 1
  outer loop
    vertex 28.89467044513015 19.18682038188323 97
    vertex 34.33390959718237 16.77322159281573 97
    vertex 33.70458074050736 22.69064218266454 97
  endloop
endfacet
facet normal -0 0 1
  outer loop
    vertex 24.08476358087469 15.68299784054766 97
    vertex 29.52408512723639 13.26940576119881 97
    vertex 28.89467044513015 19.18682038188323 97
  endloop
endfacet
facet normal 0 0 1
  outer loop
    vertex 29.52408512723639 13.26940576119881 97
    vertex 24.71420945116585 9.76558502723266 97
    vertex 30.15353416321598 7.35199309088549 97
  endloop
endfacet
facet normal 0 0 1
  outer loop
    vertex 34.96330973881359 10.85580820463982 97
    vertex 29.52408512723639 13.26940576119881 97
    vertex 30.15353416321598 7.35199309088549 97
  endloop
endfacet
facet normal 0 0 1
  outer loop
    vertex 35.59277365530374 4.938396054852209 97
    vertex 34.96330973881359 10.85580820463982 97
    vertex 30.15353416321598 7.35199309088549 97
  endloop
endfacet
facet normal 0 -0 1
  outer loop
    vertex 29.52408512723639 13.26940576119881 97
    vertex 34.33390959718237 16.77322159281573 97
    vertex 28.89467044513015 19.18682038188323 97
  endloop
endfacet
facet normal 0 0 1
  outer loop
    vertex 31.41244478461538 -4.482831391769284 97
    vertex 32.04187423704651 -10.40024528772885 97
    vertex 36.85166456365639 -6.896430179632995 97
  endloop
endfacet
facet normal 0 0 1
  outer loop
    vertex 36.85166456365639 -6.896430179632995 97
    vertex 32.04187423704651 -10.40024528772885 97
    vertex 37.48125273854491 -12.81383391442103 97
  endloop
endfacet
facet normal -0 0 1
  outer loop
    vertex 36.85166456365639 -6.896430179632995 97
    vertex 42.29084040602865 -9.310031010167526 97
    vertex 41.66089295098939 -3.392651053505086 97
  endloop
endfacet
facet normal -0 0 1
  outer loop
    vertex 31.41244478461538 -4.482831391769284 97
    vertex 36.85166456365639 -6.896430179632995 97
    vertex 36.22233735278114 -0.9790096735857833 97
  endloop
endfacet
facet normal 0 0 1
  outer loop
    vertex 33.70458074050736 22.69064218266454 97
    vertex 34.33390959718237 16.77322159281573 97
    vertex 39.14395062594739 20.27704825152912 97
  endloop
endfacet
facet normal 0 0 1
  outer loop
    vertex 30.78298065005657 1.434580321686943 97
    vertex 31.41244478461538 -4.482831391769284 97
    vertex 36.22233735278114 -0.9790096735857833 97
  endloop
endfacet
facet normal 0 0 1
  outer loop
    vertex 24.71420945116585 9.76558502723266 97
    vertex 19.2748566554876 12.17917528297815 97
    vertex 19.90430246044371 6.261762467289076 97
  endloop
endfacet
facet normal 0 0 1
  outer loop
    vertex 24.08476358087469 15.68299784054766 97
    vertex 19.2748566554876 12.17917528297815 97
    vertex 24.71420945116585 9.76558502723266 97
  endloop
endfacet
facet normal 0 0 1
  outer loop
    vertex 21.79263971456435 -11.49047598819081 97
    vertex 16.35328720123758 -9.076885716147556 97
    vertex 16.98273345276525 -14.99429850500774 97
  endloop
endfacet
facet normal 0 0 1
  outer loop
    vertex 27.23199260319666 -13.90406623796677 97
    vertex 22.42208604393633 -17.40788877247552 97
    vertex 27.86143899698819 -19.82147901857575 97
  endloop
endfacet
facet normal 0 0 1
  outer loop
    vertex 25.34365535958193 3.848172218059056 97
    vertex 24.71420945116585 9.76558502723266 97
    vertex 19.90430246044371 6.261762467289076 97
  endloop
endfacet
facet normal 0 0 1
  outer loop
    vertex 21.79263971456435 -11.49047598819081 97
    vertex 22.42208604393633 -17.40788877247552 97
    vertex 27.23199260319666 -13.90406623796677 97
  endloop
endfacet
facet normal 0 0 1
  outer loop
    vertex 21.16319310600993 -5.573063220799957 97
    vertex 16.35328720123758 -9.076885716147556 97
    vertex 21.79263971456435 -11.49047598819081 97
  endloop
endfacet
facet normal -0 0 1
  outer loop
    vertex 15.72384148214349 -3.159472895731444 97
    vertex 21.16319310600993 -5.573063220799957 97
    vertex 20.53374773349677 0.3443496201563312 97
  endloop
endfacet
facet normal 0 0 1
  outer loop
    vertex 15.72384148214349 -3.159472895731444 97
    vertex 16.35328720123758 -9.076885716147556 97
    vertex 21.16319310600993 -5.573063220799957 97
  endloop
endfacet
facet normal 0 0 1
  outer loop
    vertex 33.3007917689663 -22.2350692753941 97
    vertex 32.67134149607988 -16.3176567428538 97
    vertex 27.86143899698819 -19.82147901857575 97
  endloop
endfacet
facet normal -0 0 1
  outer loop
    vertex 27.23199260319666 -13.90406623796677 97
    vertex 32.67134149607988 -16.3176567428538 97
    vertex 32.04187423704651 -10.40024528772885 97
  endloop
endfacet
facet normal -0 0 1
  outer loop
    vertex 16.98273345276525 -14.99429850500774 97
    vertex 22.42208604393633 -17.40788877247552 97
    vertex 21.79263971456435 -11.49047598819081 97
  endloop
endfacet
facet normal 0 0 1
  outer loop
    vertex 20.53374773349677 0.3443496201563312 97
    vertex 21.16319310600993 -5.573063220799957 97
    vertex 25.97309668873076 -2.069240864304908 97
  endloop
endfacet
facet normal 0 0 1
  outer loop
    vertex 32.04187423704651 -10.40024528772885 97
    vertex 32.67134149607988 -16.3176567428538 97
    vertex 37.48125273854491 -12.81383391442103 97
  endloop
endfacet
facet normal 0 -0 1
  outer loop
    vertex 27.86143899698819 -19.82147901857575 97
    vertex 32.67134149607988 -16.3176567428538 97
    vertex 27.23199260319666 -13.90406623796677 97
  endloop
endfacet
facet normal 0 0 1
  outer loop
    vertex 18.64541076889479 18.09658809322355 97
    vertex 13.83550389158194 14.5927655400442 97
    vertex 19.2748566554876 12.17917528297815 97
  endloop
endfacet
facet normal -0 0 1
  outer loop
    vertex 8.396151131973989 17.00635579755328 97
    vertex 13.83550389158194 14.5927655400442 97
    vertex 13.20605799681926 20.51017835003458 97
  endloop
endfacet
facet normal 0 0 1
  outer loop
    vertex 3.5862442712633 13.50253324531953 97
    vertex 4.215690173552872 7.585120435732696 97
    vertex 9.025597030904223 11.08894298776584 97
  endloop
endfacet
facet normal 0 0 1
  outer loop
    vertex 18.64541076889479 18.09658809322355 97
    vertex 19.2748566554876 12.17917528297815 97
    vertex 24.08476358087469 15.68299784054766 97
  endloop
endfacet
facet normal 0 0 1
  outer loop
    vertex 14.46494976541175 8.675352728709802 97
    vertex 9.025597030904223 11.08894298776584 97
    vertex 9.655042927950561 5.171530177867054 97
  endloop
endfacet
facet normal 0 0 1
  outer loop
    vertex 9.025597030904223 11.08894298776584 97
    vertex 4.215690173552872 7.585120435732696 97
    vertex 9.655042927950561 5.171530177867054 97
  endloop
endfacet
facet normal 0 0 1
  outer loop
    vertex 15.09439557635643 2.757939913672163 97
    vertex 14.46494976541175 8.675352728709802 97
    vertex 9.655042927950561 5.171530177867054 97
  endloop
endfacet
facet normal 0 0 1
  outer loop
    vertex 9.025597030904223 11.08894298776584 97
    vertex 8.396151131973989 17.00635579755328 97
    vertex 3.5862442712633 13.50253324531953 97
  endloop
endfacet
facet normal 0 -0 1
  outer loop
    vertex 9.025597030904223 11.08894298776584 97
    vertex 13.83550389158194 14.5927655400442 97
    vertex 8.396151131973989 17.00635579755328 97
  endloop
endfacet
facet normal 0 0 1
  outer loop
    vertex -39.92857790530294 32.81125529980354 97
    vertex -40.58188851106485 38.74631399520271 97
    vertex -45.29654085623577 35.23550672051488 97
  endloop
endfacet
facet normal 0 0 1
  outer loop
    vertex -39.92857790530294 32.81125529980354 97
    vertex -45.29654085623577 35.23550672051488 97
    vertex -44.73848476806471 29.30743274744665 97
  endloop
endfacet
facet normal 0 0 1
  outer loop
    vertex -35.74811695185412 42.23249066132763 97
    vertex -40.58188851106485 38.74631399520271 97
    vertex -35.1186710425411 36.31507785216042 97
  endloop
endfacet
facet normal 0 0 1
  outer loop
    vertex 44.17949731307372 -27.06224978901923 97
    vertex 39.35056221592554 -30.5381588693995 97
    vertex 44.72755037294227 -32.85912494154769 97
  endloop
endfacet
facet normal 0 0 1
  outer loop
    vertex 44.72755037294227 -32.85912494154769 97
    vertex 39.35056221592554 -30.5381588693995 97
    vertex 39.96625980275221 -36.43654197532231 97
  endloop
endfacet
facet normal 0 -0 1
  outer loop
    vertex 44.72755037294227 -32.85912494154769 97
    vertex 49.53160704767711 -29.43394632336791 97
    vertex 44.17949731307372 -27.06224978901923 97
  endloop
endfacet
facet normal -0 0 1
  outer loop
    vertex -44.73848476806471 29.30743274744665 97
    vertex -39.29913199598971 26.89384249063634 97
    vertex -39.92857790530294 32.81125529980354 97
  endloop
endfacet
facet normal 0 0 1
  outer loop
    vertex -35.1186710425411 36.31507785216042 97
    vertex -40.58188851106485 38.74631399520271 97
    vertex -39.92857790530294 32.81125529980354 97
  endloop
endfacet
facet normal 0 0 1
  outer loop
    vertex 39.96625980275221 -36.43654197532231 97
    vertex 39.35056221592554 -30.5381588693995 97
    vertex 34.55968358754738 -34.06989489373337 97
  endloop
endfacet
facet normal 0 0 1
  outer loop
    vertex -35.74811695185412 42.23249066132763 97
    vertex -41.2967894554916 44.64503967667606 97
    vertex -40.58188851106485 38.74631399520271 97
  endloop
endfacet
facet normal 0 0 1
  outer loop
    vertex 19.2748566554876 12.17917528297815 97
    vertex 13.83550389158194 14.5927655400442 97
    vertex 14.46494976541175 8.675352728709802 97
  endloop
endfacet
facet normal 0 -0 1
  outer loop
    vertex 35.16511652380296 -39.9474861051111 97
    vertex 39.96625980275221 -36.43654197532231 97
    vertex 34.55968358754738 -34.06989489373337 97
  endloop
endfacet
facet normal 0 0 1
  outer loop
    vertex 15.72384148214349 -3.159472895731444 97
    vertex 10.91393468883215 -6.663295443907376 97
    vertex 16.35328720123758 -9.076885716147556 97
  endloop
endfacet
facet normal 0 -0 1
  outer loop
    vertex -44.10903885875149 23.39001993827942 97
    vertex -39.29913199598971 26.89384249063634 97
    vertex -44.73848476806471 29.30743274744665 97
  endloop
endfacet
facet normal 0 0 1
  outer loop
    vertex 13.20605799681926 20.51017835003458 97
    vertex 13.83550389158194 14.5927655400442 97
    vertex 18.64541076889479 18.09658809322355 97
  endloop
endfacet
facet normal 0 -0 1
  outer loop
    vertex -48.9189457215132 19.88619738592249 97
    vertex -44.10903885875149 23.39001993827942 97
    vertex -49.54839163082632 25.80361019508963 97
  endloop
endfacet
facet normal -0 0 1
  outer loop
    vertex 26.37498221815799 42.86964020219816 97
    vertex 31.80838698004644 40.4258304496001 97
    vertex 31.18679362923944 46.36029417779717 97
  endloop
endfacet
facet normal -0 0 1
  outer loop
    vertex 24.3104239527109 -35.1601271892799 97
    vertex 29.74833501707399 -37.56997613597331 97
    vertex 29.12033081547259 -31.656304636923 97
  endloop
endfacet
facet normal 0 0 1
  outer loop
    vertex 26.37498221815799 42.86964020219816 97
    vertex 21.566979903716 39.35264907308325 97
    vertex 27.00633267579072 36.93905881627288 97
  endloop
endfacet
facet normal 0 0 1
  outer loop
    vertex -43.4795929494384 17.47260712911224 97
    vertex -44.10903885875149 23.39001993827942 97
    vertex -48.9189457215132 19.88619738592249 97
  endloop
endfacet
facet normal -0 0 1
  outer loop
    vertex -43.4795929494384 17.47260712911224 97
    vertex -38.04024017736363 15.05901687230196 97
    vertex -38.66968608667665 20.97642968146916 97
  endloop
endfacet
facet normal 0 -0 1
  outer loop
    vertex 27.00633267579072 36.93905881627288 97
    vertex 31.80838698004644 40.4258304496001 97
    vertex 26.37498221815799 42.86964020219816 97
  endloop
endfacet
facet normal 0 0 1
  outer loop
    vertex -38.66968608667665 20.97642968146916 97
    vertex -44.10903885875149 23.39001993827942 97
    vertex -43.4795929494384 17.47260712911224 97
  endloop
endfacet
facet normal 0 0 1
  outer loop
    vertex 31.18679362923944 46.36029417779717 97
    vertex 31.80838698004644 40.4258304496001 97
    vertex 36.58093559859789 43.83122983005044 97
  endloop
endfacet
facet normal 0 0 1
  outer loop
    vertex -33.23033331460188 18.56283942465887 97
    vertex -38.04024017736363 15.05901687230196 97
    vertex -32.60088740528884 12.64542661549169 97
  endloop
endfacet
facet normal 0 0 1
  outer loop
    vertex -42.85014704012535 11.55519431994505 97
    vertex -42.22070113081224 5.637781510777865 97
    vertex -37.41079426805054 9.141604063134782 97
  endloop
endfacet
facet normal 0 0 1
  outer loop
    vertex 22.19642581302899 33.43523626391596 97
    vertex 21.566979903716 39.35264907308325 97
    vertex 16.75707304095424 35.84882652072626 97
  endloop
endfacet
facet normal 0 0 1
  outer loop
    vertex -44.10903885875149 23.39001993827942 97
    vertex -44.73848476806471 29.30743274744665 97
    vertex -49.54839163082632 25.80361019508963 97
  endloop
endfacet
facet normal 0 0 1
  outer loop
    vertex 34.55968358754738 -34.06989489373337 97
    vertex 29.74833501707399 -37.56997613597331 97
    vertex 35.16511652380296 -39.9474861051111 97
  endloop
endfacet
facet normal 0 0 1
  outer loop
    vertex 20.93506759213317 45.28487436740247 97
    vertex 21.566979903716 39.35264907308325 97
    vertex 26.37498221815799 42.86964020219816 97
  endloop
endfacet
facet normal -0 0 1
  outer loop
    vertex 44.17949731307372 -27.06224978901923 97
    vertex 49.53160704767711 -29.43394632336791 97
    vertex 48.98803303040232 -23.55857308456793 97
  endloop
endfacet
facet normal 0 0 1
  outer loop
    vertex 11.3177202688795 38.26241677753656 97
    vertex 10.68819343372881 44.17964720936027 97
    vertex 5.878367496804754 40.67600703434688 97
  endloop
endfacet
facet normal 0 -0 1
  outer loop
    vertex 5.878367496804754 40.67600703434688 97
    vertex 10.68819343372881 44.17964720936027 97
    vertex 5.248833739382382 46.59322186589316 97
  endloop
endfacet
facet normal -0 0 1
  outer loop
    vertex 48.98803303040232 -23.55857308456793 97
    vertex 54.39939188823335 -26.08505514653953 97
    vertex 53.79108416546217 -20.05547977100569 97
  endloop
endfacet
facet normal 0 0 1
  outer loop
    vertex -37.41079426805054 9.141604063134782 97
    vertex -38.04024017736363 15.05901687230196 97
    vertex -42.85014704012535 11.55519431994505 97
  endloop
endfacet
facet normal 0 0 1
  outer loop
    vertex 48.35995826705741 -17.64101442822887 97
    vertex 48.98803303040232 -23.55857308456793 97
    vertex 53.79108416546217 -20.05547977100569 97
  endloop
endfacet
facet normal 0 0 1
  outer loop
    vertex 25.56931577133697 -46.99495280761434 97
    vertex 24.93990939020849 -41.07442923673624 97
    vertex 20.12996299926223 -44.58136255080399 97
  endloop
endfacet
facet normal 0 0 1
  outer loop
    vertex 30.37945980320594 -43.47246568499213 97
    vertex 24.93990939020849 -41.07442923673624 97
    vertex 25.56931577133697 -46.99495280761434 97
  endloop
endfacet
facet normal 0 -0 1
  outer loop
    vertex 24.93990939020849 -41.07442923673624 97
    vertex 29.74833501707399 -37.56997613597331 97
    vertex 24.3104239527109 -35.1601271892799 97
  endloop
endfacet
facet normal 0 0 1
  outer loop
    vertex 29.12033081547259 -31.656304636923 97
    vertex 29.74833501707399 -37.56997613597331 97
    vertex 34.55968358754738 -34.06989489373337 97
  endloop
endfacet
facet normal 0 0 1
  outer loop
    vertex -25.72084238587108 -52.11242264853102 97
    vertex -26.34037772823813 -46.4688343239262 97
    vertex -31.28384137422577 -50.00921713527887 97
  endloop
endfacet
facet normal 0 -0 1
  outer loop
    vertex -37.14568975763883 -41.69018413339293 97
    vertex -32.36865297710122 -38.19580893867487 97
    vertex -37.81457976562082 -35.78410815339234 97
  endloop
endfacet
facet normal 0 0 1
  outer loop
    vertex -32.36865297710122 -38.19580893867487 97
    vertex -33.00357723345164 -32.27997068911416 97
    vertex -37.81457976562082 -35.78410815339234 97
  endloop
endfacet
facet normal 0 0 1
  outer loop
    vertex -38.66968608667665 20.97642968146916 97
    vertex -38.04024017736363 15.05901687230196 97
    vertex -33.23033331460188 18.56283942465887 97
  endloop
endfacet
facet normal 0 -0 1
  outer loop
    vertex 16.12762713164121 41.76623932989348 97
    vertex 20.93506759213317 45.28487436740247 97
    vertex 15.49746379610204 47.68203532182309 97
  endloop
endfacet
facet normal 0 -0 1
  outer loop
    vertex 20.12996299926223 -44.58136255080399 97
    vertex 24.93990939020849 -41.07442923673624 97
    vertex 19.50051708994919 -38.6639497416368 97
  endloop
endfacet
facet normal 0 0 1
  outer loop
    vertex -41.59125522149917 -0.2796312983893059 97
    vertex -40.96180931218611 -6.197044107556477 97
    vertex -36.15190244942443 -2.693221555199573 97
  endloop
endfacet
facet normal 0 -0 1
  outer loop
    vertex -42.85014704012535 11.55519431994505 97
    vertex -38.04024017736363 15.05901687230196 97
    vertex -43.4795929494384 17.47260712911224 97
  endloop
endfacet
facet normal 0 0 1
  outer loop
    vertex -36.15190244942443 -2.693221555199573 97
    vertex -36.78134835873747 3.224191253967605 97
    vertex -41.59125522149917 -0.2796312983893059 97
  endloop
endfacet
facet normal 0 0 1
  outer loop
    vertex 27.00633267579072 36.93905881627288 97
    vertex 21.566979903716 39.35264907308325 97
    vertex 22.19642581302899 33.43523626391596 97
  endloop
endfacet
facet normal 0 0 1
  outer loop
    vertex -32.60088740528884 12.64542661549169 97
    vertex -38.04024017736363 15.05901687230196 97
    vertex -37.41079426805054 9.141604063134782 97
  endloop
endfacet
facet normal 0 0 1
  outer loop
    vertex -0.9980021797236918 -40.84441433272999 97
    vertex -0.368556270410654 -46.76182714189719 97
    vertex 4.441350592351032 -43.25800458954028 97
  endloop
endfacet
facet normal 0 0 1
  outer loop
    vertex 33.07513135717849 28.60805575029534 97
    vertex 33.70458074050736 22.69064218266454 97
    vertex 38.51448412925325 26.19446549348505 97
  endloop
endfacet
facet normal 0 0 1
  outer loop
    vertex -36.15190244942443 -2.693221555199573 97
    vertex -40.96180931218611 -6.197044107556477 97
    vertex -35.52245654011135 -8.610634364366742 97
  endloop
endfacet
facet normal 0 0 1
  outer loop
    vertex -21.72218186113934 7.818246101871125 97
    vertex -22.35162777045238 13.73565891103834 97
    vertex -27.16153463321408 10.23183635868141 97
  endloop
endfacet
facet normal -0 0 1
  outer loop
    vertex -37.14568975763883 -41.69018413339293 97
    vertex -31.7381113983807 -44.11290683592075 97
    vertex -32.36865297710122 -38.19580893867487 97
  endloop
endfacet
facet normal 0 0 1
  outer loop
    vertex 25.73601356724648 48.85289589515555 97
    vertex 20.93506759213317 45.28487436740247 97
    vertex 26.37498221815799 42.86964020219816 97
  endloop
endfacet
facet normal -0 0 1
  outer loop
    vertex -47.66005390288701 8.051371767588128 97
    vertex -42.22070113081224 5.637781510777865 97
    vertex -42.85014704012535 11.55519431994505 97
  endloop
endfacet
facet normal 0 0 1
  outer loop
    vertex -17.67495507413741 -69.79681914763182 97
    vertex -19.08742778182596 -64.16043090653771 97
    vertex -23.37836178273711 -68.09884140244573 97
  endloop
endfacet
facet normal 0 0 1
  outer loop
    vertex 15.3200561365005 -48.08518510316089 97
    vertex 15.91556836095432 -53.99143805041376 97
    vertex 20.75940890857525 -50.49877535997121 97
  endloop
endfacet
facet normal 0 0 1
  outer loop
    vertex -35.74811695185412 42.23249066132763 97
    vertex -36.71491598364364 48.30502261068588 97
    vertex -41.2967894554916 44.64503967667606 97
  endloop
endfacet
facet normal 0 0 1
  outer loop
    vertex 10.28448886199606 -0.7458826298233975 97
    vertex 10.91393468883215 -6.663295443907376 97
    vertex 15.72384148214349 -3.159472895731444 97
  endloop
endfacet
facet normal -0 0 1
  outer loop
    vertex -42.22070113081224 5.637781510777865 97
    vertex -36.78134835873747 3.224191253967605 97
    vertex -37.41079426805054 9.141604063134782 97
  endloop
endfacet
facet normal 0 0 1
  outer loop
    vertex 20.30733893593537 51.18578638226135 97
    vertex 20.93506759213317 45.28487436740247 97
    vertex 25.73601356724648 48.85289589515555 97
  endloop
endfacet
facet normal 0 0 1
  outer loop
    vertex 1.146719438155364e-13 -72 97
    vertex -2.693982681735521 -66.85502311499957 97
    vertex -5.945712874007829 -71.75408349648023 97
  endloop
endfacet
facet normal 0 0 1
  outer loop
    vertex -24.86941140770458 37.40531014770703 97
    vertex -24.23996549839153 31.48789733853985 97
    vertex -19.43005863562984 34.99171989089675 97
  endloop
endfacet
facet normal -0 0 1
  outer loop
    vertex -4.370892138031708 39.58577473880026 97
    vertex 1.068457787113448 37.17217806604855 97
    vertex 0.438997643153182 43.08955879550865 97
  endloop
endfacet
facet normal 0 0 1
  outer loop
    vertex 16.12762713164121 41.76623932989348 97
    vertex 10.68819343372881 44.17964720936027 97
    vertex 11.3177202688795 38.26241677753656 97
  endloop
endfacet
facet normal 0 0 1
  outer loop
    vertex 15.49746379610204 47.68203532182309 97
    vertex 10.68819343372881 44.17964720936027 97
    vertex 16.12762713164121 41.76623932989348 97
  endloop
endfacet
facet normal 0 0 1
  outer loop
    vertex 38.51448412925325 26.19446549348505 97
    vertex 33.70458074050736 22.69064218266454 97
    vertex 39.14395062594739 20.27704825152912 97
  endloop
endfacet
facet normal 0 -0 1
  outer loop
    vertex -41.59125522149917 -0.2796312983893059 97
    vertex -36.78134835873747 3.224191253967605 97
    vertex -42.22070113081224 5.637781510777865 97
  endloop
endfacet
facet normal 0 0 1
  outer loop
    vertex -37.14568975763883 -41.69018413339293 97
    vertex -37.35489453621951 -48.54379716887253 97
    vertex -31.7381113983807 -44.11290683592075 97
  endloop
endfacet
facet normal 0 0 1
  outer loop
    vertex -5.807909042485361 -44.34823688508691 97
    vertex -6.437354951798435 -38.43082407591969 97
    vertex -11.2472618145601 -41.9346466282766 97
  endloop
endfacet
facet normal 0 0 1
  outer loop
    vertex 11.85081050021299 -71.01801384499598 97
    vertex 8.471606305148882 -66.41607068159961 97
    vertex 5.945712874008058 -71.75408349648022 97
  endloop
endfacet
facet normal 0 0 1
  outer loop
    vertex 5.248833739382382 46.59322186589316 97
    vertex 0.438997643153182 43.08955879550865 97
    vertex 5.878367496804754 40.67600703434688 97
  endloop
endfacet
facet normal -0 0 1
  outer loop
    vertex 43.55005140376787 -21.14483697985121 97
    vertex 48.98803303040232 -23.55857308456793 97
    vertex 48.35995826705741 -17.64101442822887 97
  endloop
endfacet
facet normal 0 -0 1
  outer loop
    vertex 16.75707304095424 35.84882652072626 97
    vertex 21.566979903716 39.35264907308325 97
    vertex 16.12762713164121 41.76623932989348 97
  endloop
endfacet
facet normal 0 0 1
  outer loop
    vertex -0.9980021797236918 -40.84441433272999 97
    vertex -6.437354951798435 -38.43082407591969 97
    vertex -5.807909042485361 -44.34823688508691 97
  endloop
endfacet
facet normal 0 -0 1
  outer loop
    vertex -31.28384137422577 -50.00921713527887 97
    vertex -26.34037772823813 -46.4688343239262 97
    vertex -31.7381113983807 -44.11290683592075 97
  endloop
endfacet
facet normal 0 -0 1
  outer loop
    vertex -47.03060799357393 2.133958958420961 97
    vertex -42.22070113081224 5.637781510777865 97
    vertex -47.66005390288701 8.051371767588128 97
  endloop
endfacet
facet normal -0 0 1
  outer loop
    vertex -60.27598643490214 39.3802673848146 97
    vertex -54.86662454949261 38.95937442150745 97
    vertex -56.81811667654043 44.22331531365597 97
  endloop
endfacet
facet normal 0 -0 1
  outer loop
    vertex -52.97212156846545 -48.76427315705339 97
    vertex -51.04361919201597 -43.18894756442218 97
    vertex -56.81811667654031 -44.22331531365613 97
  endloop
endfacet
facet normal 0 -0 1
  outer loop
    vertex -4.370892138031708 39.58577473880026 97
    vertex 0.438997643153182 43.08955879550865 97
    vertex -5.000338047344764 45.50318754796746 97
  endloop
endfacet
facet normal -0 0 1
  outer loop
    vertex -29.67931827046627 33.90148759535012 97
    vertex -24.23996549839153 31.48789733853985 97
    vertex -24.86941140770458 37.40531014770703 97
  endloop
endfacet
facet normal 0 0 1
  outer loop
    vertex -23.38485917733581 -25.27264049632169 97
    vertex -24.01430508664912 -19.35522768715451 97
    vertex -28.82421194941049 -22.8590502395114 97
  endloop
endfacet
facet normal 0 0 1
  outer loop
    vertex -57.80796223519759 6.971920393507621 97
    vertex -57.07634731838295 1.065375486564699 97
    vertex -52.46996076564868 4.547549215231227 97
  endloop
endfacet
facet normal 0 0 1
  outer loop
    vertex -53.09940667496177 10.46496202439838 97
    vertex -58.53875944703656 12.87855228120863 97
    vertex -57.80796223519759 6.971920393507621 97
  endloop
endfacet
facet normal 0 0 1
  outer loop
    vertex -27.56532013078434 -34.69387585784575 97
    vertex -33.00357723345164 -32.27997068911416 97
    vertex -32.36865297710122 -38.19580893867487 97
  endloop
endfacet
facet normal 0 -0 1
  outer loop
    vertex -71.01801384499602 -11.85081050021283 97
    vertex -66.46519488299829 -7.743625564006397 97
    vertex -71.75408349648023 -5.945712874007936 97
  endloop
endfacet
facet normal 0 -0 1
  outer loop
    vertex -65.93567951916411 -28.92207057501384 97
    vertex -62.70568897018715 -24.46185217816475 97
    vertex -68.09884140244569 -23.37836178273724 97
  endloop
endfacet
facet normal 0 0 1
  outer loop
    vertex -18.1711668170051 23.1568942725623 97
    vertex -18.8006127263172 29.07430708172954 97
    vertex -23.61051958907848 25.57048452937266 97
  endloop
endfacet
facet normal 0 -0 1
  outer loop
    vertex -27.56532013078434 -34.69387585784575 97
    vertex -22.75538283276138 -31.19004455793549 97
    vertex -28.19458342852951 -28.77641056335836 97
  endloop
endfacet
facet normal 0 0 1
  outer loop
    vertex 13.43171840856138 -30.3329466756593 97
    vertex 7.992365636486628 -27.91935641884901 97
    vertex 8.621811545799689 -33.83676922801619 97
  endloop
endfacet
facet normal -0 0 1
  outer loop
    vertex 28.26522450131683 25.10423319679044 97
    vertex 33.70458074050736 22.69064218266454 97
    vertex 33.07513135717849 28.60805575029534 97
  endloop
endfacet
facet normal 0 0 1
  outer loop
    vertex -10.61781590524703 -47.8520594374438 97
    vertex -11.2472618145601 -41.9346466282766 97
    vertex -16.05716867732178 -45.43846918063351 97
  endloop
endfacet
facet normal -0 0 1
  outer loop
    vertex 48.35995826705741 -17.64101442822887 97
    vertex 53.79108416546217 -20.05547977100569 97
    vertex 53.16986518848703 -14.13719174395032 97
  endloop
endfacet
facet normal 0 0 1
  outer loop
    vertex -10.43969081941952 47.91677780477774 97
    vertex -9.810244910106473 41.99936499561054 97
    vertex -5.000338047344764 45.50318754796746 97
  endloop
endfacet
facet normal 0 0 1
  outer loop
    vertex 68.09884140244569 23.37836178273724 97
    vertex 64.52358724685902 19.94899041915303 97
    vertex 69.79681914763179 17.67495507413756 97
  endloop
endfacet
facet normal 0 0 1
  outer loop
    vertex 18.87107118063614 -32.7465369324696 97
    vertex 19.50051708994919 -38.6639497416368 97
    vertex 24.3104239527109 -35.1601271892799 97
  endloop
endfacet
facet normal 0 0 1
  outer loop
    vertex -16.91227499837984 11.32206865422791 97
    vertex -22.35162777045238 13.73565891103834 97
    vertex -21.72218186113934 7.818246101871125 97
  endloop
endfacet
facet normal 0 0 1
  outer loop
    vertex 5.070796501664058 -49.17541739870744 97
    vertex 5.6816473187012 -55.0673036121024 97
    vertex 10.51014927373878 -51.58900765551775 97
  endloop
endfacet
facet normal -0 0 1
  outer loop
    vertex -48.28949981220013 13.9687845767553 97
    vertex -42.85014704012535 11.55519431994505 97
    vertex -43.4795929494384 17.47260712911224 97
  endloop
endfacet
facet normal -0 0 1
  outer loop
    vertex -9.810244910106473 41.99936499561054 97
    vertex -4.370892138031708 39.58577473880026 97
    vertex -5.000338047344764 45.50318754796746 97
  endloop
endfacet
facet normal 0 0 1
  outer loop
    vertex 60.27598643490219 -39.38026738481452 97
    vertex 54.47633342493786 -38.4765791217016 97
    vertex 56.81811667654048 -44.2233153136559 97
  endloop
endfacet
facet normal -0 0 1
  outer loop
    vertex -34.89301063079829 -14.52804717353392 97
    vertex -29.45365785872355 -16.94163743034421 97
    vertex -30.08310376803666 -11.02422462117703 97
  endloop
endfacet
facet normal -0 0 1
  outer loop
    vertex -31.7381113983807 -44.11290683592075 97
    vertex -26.34037772823813 -46.4688343239262 97
    vertex -26.93587422147128 -40.61128866701293 97
  endloop
endfacet
facet normal 0 0 1
  outer loop
    vertex 28.89467044513015 19.18682038188323 97
    vertex 28.26522450131683 25.10423319679044 97
    vertex 23.45531763165506 21.60041064558155 97
  endloop
endfacet
facet normal 0 0 1
  outer loop
    vertex -53.72885258427488 16.38237483356554 97
    vertex -58.53875944703656 12.87855228120863 97
    vertex -53.09940667496177 10.46496202439838 97
  endloop
endfacet
facet normal 0 0 1
  outer loop
    vertex 35.67426039872133 -45.68445549559597 97
    vertex 35.16511652380296 -39.9474861051111 97
    vertex 30.37945980320594 -43.47246568499213 97
  endloop
endfacet
facet normal -0 0 1
  outer loop
    vertex -52.97212156846556 48.76427315705326 97
    vertex -47.04429818909561 46.9405636864542 97
    vertex -48.76427315705344 52.9721215684654 97
  endloop
endfacet
facet normal 0 0 1
  outer loop
    vertex 34.26821229866948 -63.32211008686711 97
    vertex 30.01548281406627 -60.46648837810085 97
    vertex 28.92207057501398 -65.93567951916405 97
  endloop
endfacet
facet normal 0 -0 1
  outer loop
    vertex 23.45531763165506 21.60041064558155 97
    vertex 28.26522450131683 25.10423319679044 97
    vertex 22.82587172234203 27.51782345474875 97
  endloop
endfacet
facet normal -0 0 1
  outer loop
    vertex 10.51014927373878 -51.58900765551775 97
    vertex 15.91556836095432 -53.99143805041376 97
    vertex 15.3200561365005 -48.08518510316089 97
  endloop
endfacet
facet normal 0 0 1
  outer loop
    vertex -28.82421194941049 -22.8590502395114 97
    vertex -28.19458342852951 -28.77641056335836 97
    vertex -23.38485917733581 -25.27264049632169 97
  endloop
endfacet
facet normal 0 0 1
  outer loop
    vertex -7.190466092799473 63.13694780098605 97
    vertex -11.69858263804567 59.75160342311212 97
    vertex -6.259229865970896 57.33801316630183 97
  endloop
endfacet
facet normal 0 0 1
  outer loop
    vertex -27.56532013078434 -34.69387585784575 97
    vertex -28.19458342852951 -28.77641056335836 97
    vertex -33.00357723345164 -32.27997068911416 97
  endloop
endfacet
facet normal 0 0 1
  outer loop
    vertex -13.36125995424283 26.66071682491925 97
    vertex -18.8006127263172 29.07430708172954 97
    vertex -18.1711668170051 23.1568942725623 97
  endloop
endfacet
facet normal 0 0 1
  outer loop
    vertex 4.619475678178633 52.5108326526813 97
    vertex -0.1904458259346166 49.00697710405422 97
    vertex 5.248833739382382 46.59322186589316 97
  endloop
endfacet
facet normal 0 0 1
  outer loop
    vertex 8.621811545799689 -33.83676922801619 97
    vertex 7.992365636486628 -27.91935641884901 97
    vertex 3.182458773724937 -31.42317897120591 97
  endloop
endfacet
facet normal -0 0 1
  outer loop
    vertex 16.12762713164121 41.76623932989348 97
    vertex 21.566979903716 39.35264907308325 97
    vertex 20.93506759213317 45.28487436740247 97
  endloop
endfacet
facet normal 0 0 1
  outer loop
    vertex -43.25393253769558 -33.37051789658204 97
    vertex -48.34862260290785 -37.54538399066697 97
    vertex -42.40462815488405 -39.25778459665726 97
  endloop
endfacet
facet normal 0 0 1
  outer loop
    vertex -36.71491598364364 48.30502261068588 97
    vertex -42.82756664545287 50.779989430182 97
    vertex -41.2967894554916 44.64503967667606 97
  endloop
endfacet
facet normal -0 0 1
  outer loop
    vertex -39.70291749355997 -18.03186972589081 97
    vertex -34.26356472148522 -20.4454599827011 97
    vertex -34.89301063079829 -14.52804717353392 97
  endloop
endfacet
facet normal 0 0 1
  outer loop
    vertex -38.66968608667665 20.97642968146916 97
    vertex -39.29913199598971 26.89384249063634 97
    vertex -44.10903885875149 23.39001993827942 97
  endloop
endfacet
facet normal 0 0 1
  outer loop
    vertex 43.32439099201495 29.69828804584196 97
    vertex 42.66761237490682 35.554102778928 97
    vertex 37.8850382199402 32.11187830265224 97
  endloop
endfacet
facet normal 0 0 1
  outer loop
    vertex -52.46996076564868 4.547549215231227 97
    vertex -57.07634731838295 1.065375486564699 97
    vertex -51.8405148563356 -1.369863593935943 97
  endloop
endfacet
facet normal 0 0 1
  outer loop
    vertex -47.66005390288701 8.051371767588128 97
    vertex -48.28949981220013 13.9687845767553 97
    vertex -53.09940667496177 10.46496202439838 97
  endloop
endfacet
facet normal 0 0 1
  outer loop
    vertex -28.92207057501371 -65.93567951916417 97
    vertex -29.69270334442995 -60.49450103457809 97
    vertex -34.26821229866923 -63.32211008686726 97
  endloop
endfacet
facet normal 0 0 1
  outer loop
    vertex -10.84347631701637 2.991065588248985 97
    vertex -15.65338317975155 -0.5127569641063238 97
    vertex -10.21403040769907 -2.926347220917947 97
  endloop
endfacet
facet normal 0 0 1
  outer loop
    vertex -35.52245654011135 -8.610634364366742 97
    vertex -40.96180931218611 -6.197044107556477 97
    vertex -40.33236340287304 -12.11445691672364 97
  endloop
endfacet
facet normal 0 0 1
  outer loop
    vertex -13.36125995424283 26.66071682491925 97
    vertex -12.73181404493386 20.74330401575182 97
    vertex -7.921907182171009 24.24712656810879 97
  endloop
endfacet
facet normal 0 0 1
  outer loop
    vertex 20.12996299926223 -44.58136255080399 97
    vertex 19.50051708994919 -38.6639497416368 97
    vertex 14.69061022718749 -42.16777229399369 97
  endloop
endfacet
facet normal 0 -0 1
  outer loop
    vertex -33.00357723345164 -32.27997068911416 97
    vertex -28.19458342852951 -28.77641056335836 97
    vertex -33.63411881217218 -26.36287279186828 97
  endloop
endfacet
facet normal 0 0 1
  outer loop
    vertex 20.75940890857525 -50.49877535997121 97
    vertex 15.91556836095432 -53.99143805041376 97
    vertex 21.23447371691504 -56.98771024651058 97
  endloop
endfacet
facet normal -0 0 1
  outer loop
    vertex -42.40462815488405 -39.25778459665726 97
    vertex -37.14568975763883 -41.69018413339293 97
    vertex -37.81457976562082 -35.78410815339234 97
  endloop
endfacet
facet normal 0 0 1
  outer loop
    vertex -44.73848476806471 29.30743274744665 97
    vertex -49.53653128274235 31.81204525006435 97
    vertex -49.54839163082632 25.80361019508963 97
  endloop
endfacet
facet normal 0 0 1
  outer loop
    vertex 48.98803303040232 -23.55857308456793 97
    vertex 49.53160704767711 -29.43394632336791 97
    vertex 54.39939188823335 -26.08505514653953 97
  endloop
endfacet
facet normal 0 0 1
  outer loop
    vertex 71.01801384499601 11.85081050021286 97
    vertex 66.27208411461748 8.260806669970291 97
    vertex 71.75408349648023 5.945712874007936 97
  endloop
endfacet
facet normal 0 -0 1
  outer loop
    vertex -60.27598643490203 -39.38026738481477 97
    vertex -57.54056667690288 -34.19000948600808 97
    vertex -63.3221100868672 -34.26821229866932 97
  endloop
endfacet
facet normal 0 0 1
  outer loop
    vertex -5.404123544915121 0.5774753314402782 97
    vertex -10.84347631701637 2.991065588248985 97
    vertex -10.21403040769907 -2.926347220917947 97
  endloop
endfacet
facet normal 0 0 1
  outer loop
    vertex -15.02393727044142 -6.430169773273693 97
    vertex -15.65338317975155 -0.5127569641063238 97
    vertex -20.46329004251393 -4.016579516463272 97
  endloop
endfacet
facet normal 0 0 1
  outer loop
    vertex -14.39449136113024 -12.34758258244099 97
    vertex -19.20439822388845 -15.85140513479768 97
    vertex -13.76504545181401 -18.26499539160798 97
  endloop
endfacet
facet normal 0 0 1
  outer loop
    vertex -13.76504545181401 -18.26499539160798 97
    vertex -19.20439822388845 -15.85140513479768 97
    vertex -18.57495231457439 -21.76881794396481 97
  endloop
endfacet
facet normal 0 0 1
  outer loop
    vertex -31.34199558666275 0.8106009971573296 97
    vertex -36.78134835873747 3.224191253967605 97
    vertex -36.15190244942443 -2.693221555199573 97
  endloop
endfacet
facet normal -0 0 1
  outer loop
    vertex 14.06116431787444 -36.2503594848265 97
    vertex 19.50051708994919 -38.6639497416368 97
    vertex 18.87107118063614 -32.7465369324696 97
  endloop
endfacet
facet normal -0 0 1
  outer loop
    vertex 9.880703364425768 -45.67159484635056 97
    vertex 15.3200561365005 -48.08518510316089 97
    vertex 14.69061022718749 -42.16777229399369 97
  endloop
endfacet
facet normal 0 0 1
  outer loop
    vertex 9.880703364425768 -45.67159484635056 97
    vertex 5.070796501664058 -49.17541739870744 97
    vertex 10.51014927373878 -51.58900765551775 97
  endloop
endfacet
facet normal 0 0 1
  outer loop
    vertex -29.67931827046627 33.90148759535012 97
    vertex -35.1186710425411 36.31507785216042 97
    vertex -34.48922513322796 30.39766504299323 97
  endloop
endfacet
facet normal 0 0 1
  outer loop
    vertex -30.30876417977933 39.8189004045173 97
    vertex -35.74811695185412 42.23249066132763 97
    vertex -35.1186710425411 36.31507785216042 97
  endloop
endfacet
facet normal -0 0 1
  outer loop
    vertex -38.44402567493387 -29.86669534422516 97
    vertex -33.00357723345164 -32.27997068911416 97
    vertex -33.63411881217218 -26.36287279186828 97
  endloop
endfacet
facet normal 0 0 1
  outer loop
    vertex -59.44188187921154 19.20895517682573 97
    vertex -58.53875944703656 12.87855228120863 97
    vertex -53.72885258427488 16.38237483356554 97
  endloop
endfacet
facet normal 0 0 1
  outer loop
    vertex -24.64375099596199 -13.43781487798731 97
    vertex -24.01430508664912 -19.35522768715451 97
    vertex -19.20439822388845 -15.85140513479768 97
  endloop
endfacet
facet normal 0 -0 1
  outer loop
    vertex 6.104027908435071 -10.16711799135575 97
    vertex 10.91393468883215 -6.663295443907376 97
    vertex 5.474581998547355 -4.249705182221312 97
  endloop
endfacet
facet normal 0 0 1
  outer loop
    vertex -20.46329004251393 -4.016579516463272 97
    vertex -25.27319690527524 -7.520402068820145 97
    vertex -19.83384413320146 -9.933992325630488 97
  endloop
endfacet
facet normal 0 0 1
  outer loop
    vertex -27.79098054252713 16.14924916784858 97
    vertex -28.42042645184017 22.06666197701576 97
    vertex -33.23033331460188 18.56283942465887 97
  endloop
endfacet
facet normal 0 0 1
  outer loop
    vertex -29.04987236115322 27.98407478618294 97
    vertex -29.67931827046627 33.90148759535012 97
    vertex -34.48922513322796 30.39766504299323 97
  endloop
endfacet
facet normal 0 -0 1
  outer loop
    vertex 15.3200561365005 -48.08518510316089 97
    vertex 20.12996299926223 -44.58136255080399 97
    vertex 14.69061022718749 -42.16777229399369 97
  endloop
endfacet
facet normal 0 0 1
  outer loop
    vertex -29.67931827046627 33.90148759535012 97
    vertex -30.30876417977933 39.8189004045173 97
    vertex -35.1186710425411 36.31507785216042 97
  endloop
endfacet
facet normal 0 -0 1
  outer loop
    vertex -15.42772276800871 -51.35588198980069 97
    vertex -10.61781590524703 -47.8520594374438 97
    vertex -16.05716867732178 -45.43846918063351 97
  endloop
endfacet
facet normal 0 0 1
  outer loop
    vertex -51.21106894702253 -7.287276403103101 97
    vertex -55.87837017506082 -10.77223880107083 97
    vertex -50.58162303770946 -13.20468921227029 97
  endloop
endfacet
facet normal 0 -0 1
  outer loop
    vertex -37.81457976562082 -35.78410815339234 97
    vertex -33.00357723345164 -32.27997068911416 97
    vertex -38.44402567493387 -29.86669534422516 97
  endloop
endfacet
facet normal 0 -0 1
  outer loop
    vertex 28.89467044513015 19.18682038188323 97
    vertex 33.70458074050736 22.69064218266454 97
    vertex 28.26522450131683 25.10423319679044 97
  endloop
endfacet
facet normal 0 0 1
  outer loop
    vertex -19.20439822388845 -15.85140513479768 97
    vertex -24.01430508664912 -19.35522768715451 97
    vertex -18.57495231457439 -21.76881794396481 97
  endloop
endfacet
facet normal 0 0 1
  outer loop
    vertex 11.54338068063337 -12.58070824816481 97
    vertex 10.91393468883215 -6.663295443907376 97
    vertex 6.104027908435071 -10.16711799135575 97
  endloop
endfacet
facet normal -0 0 1
  outer loop
    vertex 5.248833739382382 46.59322186589316 97
    vertex 10.68819343372881 44.17964720936027 97
    vertex 10.05830136159747 50.09605453014541 97
  endloop
endfacet
facet normal 0 0 1
  outer loop
    vertex 23.37836178273738 -68.09884140244564 97
    vertex 19.05616656604575 -64.00853517727678 97
    vertex 17.6749550741377 -69.79681914763175 97
  endloop
endfacet
facet normal 0 0 1
  outer loop
    vertex -37.41079426805054 9.141604063134782 97
    vertex -36.78134835873747 3.224191253967605 97
    vertex -31.97144149597578 6.728013806324508 97
  endloop
endfacet
facet normal 0 0 1
  outer loop
    vertex -7.921907182171009 24.24712656810879 97
    vertex -12.73181404493386 20.74330401575182 97
    vertex -7.292461272868309 18.32971375894099 97
  endloop
endfacet
facet normal 0 0 1
  outer loop
    vertex 16.75707304095424 35.84882652072626 97
    vertex 16.12762713164121 41.76623932989348 97
    vertex 11.3177202688795 38.26241677753656 97
  endloop
endfacet
facet normal 0 0 1
  outer loop
    vertex -34.48922513322796 30.39766504299323 97
    vertex -39.29913199598971 26.89384249063634 97
    vertex -33.85977922391491 24.48025223382605 97
  endloop
endfacet
facet normal 0 0 1
  outer loop
    vertex 27.63577858510374 31.02164600710565 97
    vertex 28.26522450131683 25.10423319679044 97
    vertex 33.07513135717849 28.60805575029534 97
  endloop
endfacet
facet normal 0 -0 1
  outer loop
    vertex -29.67931827046627 33.90148759535012 97
    vertex -24.86941140770458 37.40531014770703 97
    vertex -30.30876417977933 39.8189004045173 97
  endloop
endfacet
facet normal 0 0 1
  outer loop
    vertex 37.8850382199402 32.11187830265224 97
    vertex 37.25559231062715 38.02929111181943 97
    vertex 32.44568544786546 34.52546855946255 97
  endloop
endfacet
facet normal 0 0 1
  outer loop
    vertex -45.77171617494779 -9.700866659913375 97
    vertex -51.21106894702253 -7.287276403103101 97
    vertex -50.58162303770946 -13.20468921227029 97
  endloop
endfacet
facet normal 0 0 1
  outer loop
    vertex 43.55005140376787 -21.14483697985121 97
    vertex 42.92060549766277 -15.22742417508709 97
    vertex 38.11069863173675 -18.73124672303627 97
  endloop
endfacet
facet normal 0 0 1
  outer loop
    vertex -0.8198770938961364 54.92442290949157 97
    vertex -0.8282219900913513 61.54646759527888 97
    vertex -6.259229865970896 57.33801316630183 97
  endloop
endfacet
facet normal 0 -0 1
  outer loop
    vertex 26.04571185449802 -52.60460135243483 97
    vertex 31.01009155805513 -49.29655564283261 97
    vertex 25.56931577133697 -46.99495280761434 97
  endloop
endfacet
facet normal 0 0 1
  outer loop
    vertex -47.03060799357393 2.133958958420961 97
    vertex -47.66005390288701 8.051371767588128 97
    vertex -52.46996076564868 4.547549215231227 97
  endloop
endfacet
facet normal 0 0 1
  outer loop
    vertex -53.99205126456296 22.37504103390884 97
    vertex -59.44188187921154 19.20895517682573 97
    vertex -53.72885258427488 16.38237483356554 97
  endloop
endfacet
facet normal 0 -0 1
  outer loop
    vertex 10.05830136159747 50.09605453014541 97
    vertex 14.8649578443143 53.59255191052773 97
    vertex 9.426220009004776 56.00752801068456 97
  endloop
endfacet
facet normal 0 -0 1
  outer loop
    vertex 40.45583590077303 -42.15906050617182 97
    vertex 45.17973587033806 -38.49112650063584 97
    vertex 39.96625980275221 -36.43654197532231 97
  endloop
endfacet
facet normal -0 0 1
  outer loop
    vertex -28.19458342852951 -28.77641056335836 97
    vertex -22.75538283276138 -31.19004455793549 97
    vertex -23.38485917733581 -25.27264049632169 97
  endloop
endfacet
facet normal 0 0 1
  outer loop
    vertex 72 8.817456953860942e-15 97
    vertex 67.1263905227222 -3.337647145756684 97
    vertex 71.75408349648023 -5.945712874007897 97
  endloop
endfacet
facet normal 0 0 1
  outer loop
    vertex -10.21403040769907 -2.926347220917947 97
    vertex -15.65338317975155 -0.5127569641063238 97
    vertex -15.02393727044142 -6.430169773273693 97
  endloop
endfacet
facet normal 0 0 1
  outer loop
    vertex -15.02393727044142 -6.430169773273693 97
    vertex -14.39449136113024 -12.34758258244099 97
    vertex -9.584584498389713 -8.843760030085354 97
  endloop
endfacet
facet normal 0 0 1
  outer loop
    vertex -3.515785816976972 -17.17476309606133 97
    vertex -4.145231726316617 -11.25735028689573 97
    vertex -8.955138589055803 -14.76117283925129 97
  endloop
endfacet
facet normal 0 0 1
  outer loop
    vertex -20.46329004251393 -4.016579516463272 97
    vertex -25.90264281458814 -1.60298925965296 97
    vertex -25.27319690527524 -7.520402068820145 97
  endloop
endfacet
facet normal 0 0 1
  outer loop
    vertex -26.53208872390106 4.314423549514222 97
    vertex -31.97144149597578 6.728013806324508 97
    vertex -31.34199558666275 0.8106009971573296 97
  endloop
endfacet
facet normal 0 0 1
  outer loop
    vertex -31.97144149597578 6.728013806324508 97
    vertex -36.78134835873747 3.224191253967605 97
    vertex -31.34199558666275 0.8106009971573296 97
  endloop
endfacet
facet normal 0 -0 1
  outer loop
    vertex -29.45365785872355 -16.94163743034421 97
    vertex -24.64375099596199 -13.43781487798731 97
    vertex -30.08310376803666 -11.02422462117703 97
  endloop
endfacet
facet normal 0 0 1
  outer loop
    vertex 3.182458773724937 -31.42317897120591 97
    vertex 2.553012864411873 -25.50576616203873 97
    vertex -2.256893998349848 -29.00958871439563 97
  endloop
endfacet
facet normal 0 0 1
  outer loop
    vertex 23.68097804339782 -29.24271438011269 97
    vertex 23.05153213410039 -23.32530157096136 97
    vertex 18.24162527132307 -26.82912412330241 97
  endloop
endfacet
facet normal 0 0 1
  outer loop
    vertex 18.24162527132307 -26.82912412330241 97
    vertex 17.61217936200315 -20.91171131415066 97
    vertex 12.80227249924832 -24.41553386649213 97
  endloop
endfacet
facet normal 0 0 1
  outer loop
    vertex -1.853108500814356 15.91612350212945 97
    vertex -2.482554410100713 21.83353631129823 97
    vertex -7.292461272868309 18.32971375894099 97
  endloop
endfacet
facet normal -0 0 1
  outer loop
    vertex 7.137259315430518 28.84118141601245 97
    vertex 12.57661208750545 26.42759115920217 97
    vertex 11.94716617819248 32.34500396836935 97
  endloop
endfacet
facet normal 0 0 1
  outer loop
    vertex 33.93023767823427 -28.15248208456608 97
    vertex 33.3007917689663 -22.2350692753941 97
    vertex 28.49088490615952 -25.73889182775579 97
  endloop
endfacet
facet normal 0 -0 1
  outer loop
    vertex -16.05716867732178 -45.43846918063351 97
    vertex -11.2472618145601 -41.9346466282766 97
    vertex -16.68661458663484 -39.52105637146633 97
  endloop
endfacet
facet normal 0 0 1
  outer loop
    vertex -45.77171617494779 -9.700866659913375 97
    vertex -46.40116208426086 -3.783453850746207 97
    vertex -51.21106894702253 -7.287276403103101 97
  endloop
endfacet
facet normal 0 0 1
  outer loop
    vertex -21.49652144939653 -43.02487892382322 97
    vertex -20.86707554008347 -48.94229173299041 97
    vertex -16.05716867732178 -45.43846918063351 97
  endloop
endfacet
facet normal -0 0 1
  outer loop
    vertex -20.86707554008347 -48.94229173299041 97
    vertex -15.42772276800871 -51.35588198980069 97
    vertex -16.05716867732178 -45.43846918063351 97
  endloop
endfacet
facet normal -0 0 1
  outer loop
    vertex -24.86941140770458 37.40531014770703 97
    vertex -19.43005863562984 34.99171989089675 97
    vertex -20.05950454494289 40.90913270006394 97
  endloop
endfacet
facet normal 0 0 1
  outer loop
    vertex -51.8405148563356 -1.369863593935943 97
    vertex -57.07634731838295 1.065375486564699 97
    vertex -56.54819254694905 -4.862811844246274 97
  endloop
endfacet
facet normal -0 0 1
  outer loop
    vertex -33.63411881217218 -26.36287279186828 97
    vertex -28.19458342852951 -28.77641056335836 97
    vertex -28.82421194941049 -22.8590502395114 97
  endloop
endfacet
facet normal -0 0 1
  outer loop
    vertex -21.72218186113934 7.818246101871125 97
    vertex -16.28282908907025 5.404655845060518 97
    vertex -16.91227499837984 11.32206865422791 97
  endloop
endfacet
facet normal 0 0 1
  outer loop
    vertex -48.28949981220013 13.9687845767553 97
    vertex -53.72885258427488 16.38237483356554 97
    vertex -53.09940667496177 10.46496202439838 97
  endloop
endfacet
facet normal 0 0 1
  outer loop
    vertex -57.07634731838295 1.065375486564699 97
    vertex -62.422489115747 -2.398662847741562 97
    vertex -56.54819254694905 -4.862811844246274 97
  endloop
endfacet
facet normal 0 0 1
  outer loop
    vertex 45.17973587033806 -38.49112650063584 97
    vertex 44.72755037294227 -32.85912494154769 97
    vertex 39.96625980275221 -36.43654197532231 97
  endloop
endfacet
facet normal -0 0 1
  outer loop
    vertex 25.73601356724648 48.85289589515555 97
    vertex 31.18679362923944 46.36029417779717 97
    vertex 30.79481479251279 52.80340440474863 97
  endloop
endfacet
facet normal 0 0 1
  outer loop
    vertex 25.73601356724648 48.85289589515555 97
    vertex 26.37498221815799 42.86964020219816 97
    vertex 31.18679362923944 46.36029417779717 97
  endloop
endfacet
facet normal -0 0 1
  outer loop
    vertex -29.45365785872355 -16.94163743034421 97
    vertex -24.01430508664912 -19.35522768715451 97
    vertex -24.64375099596199 -13.43781487798731 97
  endloop
endfacet
facet normal 0 0 1
  outer loop
    vertex -72 0 97
    vertex -66.88717711809588 2.286133397032554 97
    vertex -71.75408349648023 5.94571287400789 97
  endloop
endfacet
facet normal 0 0 1
  outer loop
    vertex 5.474581998547355 -4.249705182221312 97
    vertex 0.6646751361790033 -7.753527734554983 97
    vertex 6.104027908435071 -10.16711799135575 97
  endloop
endfacet
facet normal -0 0 1
  outer loop
    vertex -14.39449136113024 -12.34758258244099 97
    vertex -8.955138589055803 -14.76117283925129 97
    vertex -9.584584498389713 -8.843760030085354 97
  endloop
endfacet
facet normal 0 0 1
  outer loop
    vertex -14.39449136113024 -12.34758258244099 97
    vertex -13.76504545181401 -18.26499539160798 97
    vertex -8.955138589055803 -14.76117283925129 97
  endloop
endfacet
facet normal 0 0 1
  outer loop
    vertex -13.76504545181401 -18.26499539160798 97
    vertex -13.13559954249975 -24.18240820077509 97
    vertex -8.32569267973874 -20.67858564841823 97
  endloop
endfacet
facet normal 0 -0 1
  outer loop
    vertex -7.066800861111544 -32.51341126675253 97
    vertex -2.256893998349848 -29.00958871439563 97
    vertex -7.696246770424807 -26.59599845758536 97
  endloop
endfacet
facet normal 0 0 1
  outer loop
    vertex -12.50615363318635 -30.09982100994225 97
    vertex -11.87670772387319 -36.01723381910942 97
    vertex -7.066800861111544 -32.51341126675253 97
  endloop
endfacet
facet normal 0 0 1
  outer loop
    vertex 2.553012864411873 -25.50576616203873 97
    vertex -2.886339907662971 -23.09217590522845 97
    vertex -2.256893998349848 -29.00958871439563 97
  endloop
endfacet
facet normal 0 0 1
  outer loop
    vertex -27.16153463321408 10.23183635868141 97
    vertex -32.60088740528884 12.64542661549169 97
    vertex -31.97144149597578 6.728013806324508 97
  endloop
endfacet
facet normal 0 0 1
  outer loop
    vertex -27.79098054252713 16.14924916784858 97
    vertex -33.23033331460188 18.56283942465887 97
    vertex -32.60088740528884 12.64542661549169 97
  endloop
endfacet
facet normal 0 -0 1
  outer loop
    vertex 18.24162527132307 -26.82912412330241 97
    vertex 23.05153213410039 -23.32530157096136 97
    vertex 17.61217936200315 -20.91171131415066 97
  endloop
endfacet
facet normal 0 -0 1
  outer loop
    vertex 24.3104239527109 -35.1601271892799 97
    vertex 29.12033081547259 -31.656304636923 97
    vertex 23.68097804339782 -29.24271438011269 97
  endloop
endfacet
facet normal 0 0 1
  outer loop
    vertex -12.10236813562654 14.82589120658431 97
    vertex -11.47292222634048 8.908478397415507 97
    vertex -6.663015363590617 12.41230094977169 97
  endloop
endfacet
facet normal 0 0 1
  outer loop
    vertex -2.482554410100713 21.83353631129823 97
    vertex -7.921907182171009 24.24712656810879 97
    vertex -7.292461272868309 18.32971375894099 97
  endloop
endfacet
facet normal 0 -0 1
  outer loop
    vertex 17.38651895026728 29.93141371155905 97
    vertex 22.19642581302899 33.43523626391596 97
    vertex 16.75707304095424 35.84882652072626 97
  endloop
endfacet
facet normal 0 0 1
  outer loop
    vertex 0.438997643153182 43.08955879550865 97
    vertex 1.068457787113448 37.17217806604855 97
    vertex 5.878367496804754 40.67600703434688 97
  endloop
endfacet
facet normal 0 0 1
  outer loop
    vertex 27.63577858510374 31.02164600710565 97
    vertex 27.00633267579072 36.93905881627288 97
    vertex 22.19642581302899 33.43523626391596 97
  endloop
endfacet
facet normal -0 0 1
  outer loop
    vertex 19.50051708994919 -38.6639497416368 97
    vertex 24.93990939020849 -41.07442923673624 97
    vertex 24.3104239527109 -35.1601271892799 97
  endloop
endfacet
facet normal 0 -0 1
  outer loop
    vertex 38.74014454100347 -24.64865953220839 97
    vertex 43.55005140376787 -21.14483697985121 97
    vertex 38.11069863173675 -18.73124672303627 97
  endloop
endfacet
facet normal 0 -0 1
  outer loop
    vertex 44.17949731307372 -27.06224978901923 97
    vertex 48.98803303040232 -23.55857308456793 97
    vertex 43.55005140376787 -21.14483697985121 97
  endloop
endfacet
facet normal 0 0 1
  outer loop
    vertex -56.54819254694905 -4.862811844246274 97
    vertex -55.87837017506082 -10.77223880107083 97
    vertex -51.21106894702253 -7.287276403103101 97
  endloop
endfacet
facet normal 0 0 1
  outer loop
    vertex -46.40116208426086 -3.783453850746207 97
    vertex -47.03060799357393 2.133958958420961 97
    vertex -51.8405148563356 -1.369863593935943 97
  endloop
endfacet
facet normal 0 0 1
  outer loop
    vertex -20.86707554008347 -48.94229173299041 97
    vertex -26.34037772823813 -46.4688343239262 97
    vertex -25.72084238587108 -52.11242264853102 97
  endloop
endfacet
facet normal 0 0 1
  outer loop
    vertex -15.42772276800871 -51.35588198980069 97
    vertex -15.27553224411522 -56.8747652679581 97
    vertex -9.988369995933963 -53.76947224661097 97
  endloop
endfacet
facet normal 0 0 1
  outer loop
    vertex -41.59125522149917 -0.2796312983893059 97
    vertex -42.22070113081224 5.637781510777865 97
    vertex -47.03060799357393 2.133958958420961 97
  endloop
endfacet
facet normal -0 0 1
  outer loop
    vertex -16.91227499837984 11.32206865422791 97
    vertex -11.47292222634048 8.908478397415507 97
    vertex -12.10236813562654 14.82589120658431 97
  endloop
endfacet
facet normal 0 0 1
  outer loop
    vertex -18.57495231457439 -21.76881794396481 97
    vertex -24.01430508664912 -19.35522768715451 97
    vertex -23.38485917733581 -25.27264049632169 97
  endloop
endfacet
facet normal -0 0 1
  outer loop
    vertex 20.30733893593537 51.18578638226135 97
    vertex 25.73601356724648 48.85289589515555 97
    vertex 25.05018035749711 55.16705431621978 97
  endloop
endfacet
facet normal 0 0 1
  outer loop
    vertex 39.38026738481469 60.27598643490209 97
    vertex 39.02406347307382 54.02182993037135 97
    vertex 44.22331531365604 56.81811667654037 97
  endloop
endfacet
facet normal 0 0 1
  outer loop
    vertex -7.552747489925071e-14 72 97
    vertex 2.434945497759524 66.94390881155974 97
    vertex 5.945712874007852 71.75408349648023 97
  endloop
endfacet
facet normal -0 0 1
  outer loop
    vertex -17.67495507413761 69.79681914763177 97
    vertex -13.13542371734796 65.26927711873198 97
    vertex -11.85081050021293 71.01801384499601 97
  endloop
endfacet
facet normal 0 0 1
  outer loop
    vertex 9.655042927950561 5.171530177867054 97
    vertex 4.215690173552872 7.585120435732696 97
    vertex 4.845136085799235 1.667707626740766 97
  endloop
endfacet
facet normal 0 0 1
  outer loop
    vertex -6.033569454364944 6.494888140599294 97
    vertex -11.47292222634048 8.908478397415507 97
    vertex -10.84347631701637 2.991065588248985 97
  endloop
endfacet
facet normal 0 0 1
  outer loop
    vertex -15.02393727044142 -6.430169773273693 97
    vertex -19.83384413320146 -9.933992325630488 97
    vertex -14.39449136113024 -12.34758258244099 97
  endloop
endfacet
facet normal -0 0 1
  outer loop
    vertex -13.13559954249975 -24.18240820077509 97
    vertex -7.696246770424807 -26.59599845758536 97
    vertex -8.32569267973874 -20.67858564841823 97
  endloop
endfacet
facet normal 0 0 1
  outer loop
    vertex -18.57495231457439 -21.76881794396481 97
    vertex -17.94550640526113 -27.68623075313198 97
    vertex -13.13559954249975 -24.18240820077509 97
  endloop
endfacet
facet normal 0 -0 1
  outer loop
    vertex -1.627448089036751 -34.92700152356281 97
    vertex 3.182458773724937 -31.42317897120591 97
    vertex -2.256893998349848 -29.00958871439563 97
  endloop
endfacet
facet normal 0 -0 1
  outer loop
    vertex -34.26356472148522 -20.4454599827011 97
    vertex -29.45365785872355 -16.94163743034421 97
    vertex -34.89301063079829 -14.52804717353392 97
  endloop
endfacet
facet normal 0 -0 1
  outer loop
    vertex -27.79098054252713 16.14924916784858 97
    vertex -22.98107367976609 19.65307172020545 97
    vertex -28.42042645184017 22.06666197701576 97
  endloop
endfacet
facet normal 0 0 1
  outer loop
    vertex -33.85977922391491 24.48025223382605 97
    vertex -38.66968608667665 20.97642968146916 97
    vertex -33.23033331460188 18.56283942465887 97
  endloop
endfacet
facet normal -0 0 1
  outer loop
    vertex -16.68661458663484 -39.52105637146633 97
    vertex -11.2472618145601 -41.9346466282766 97
    vertex -11.87670772387319 -36.01723381910942 97
  endloop
endfacet
facet normal 0 0 1
  outer loop
    vertex -40.33236340287304 -12.11445691672364 97
    vertex -45.77171617494779 -9.700866659913375 97
    vertex -45.14227026563471 -15.61827946908054 97
  endloop
endfacet
facet normal 0 0 1
  outer loop
    vertex 28.49088490615952 -25.73889182775579 97
    vertex 23.05153213410039 -23.32530157096136 97
    vertex 23.68097804339782 -29.24271438011269 97
  endloop
endfacet
facet normal 0 0 1
  outer loop
    vertex -7.292461272868309 18.32971375894099 97
    vertex -12.10236813562654 14.82589120658431 97
    vertex -6.663015363590617 12.41230094977169 97
  endloop
endfacet
facet normal 0 0 1
  outer loop
    vertex 1.69790654335587 31.25477167282277 97
    vertex 1.068457787113448 37.17217806604855 97
    vertex -3.741446228719179 33.66836192963304 97
  endloop
endfacet
facet normal 0 0 1
  outer loop
    vertex 11.94716617819248 32.34500396836935 97
    vertex 12.57661208750545 26.42759115920217 97
    vertex 17.38651895026728 29.93141371155905 97
  endloop
endfacet
facet normal 0 0 1
  outer loop
    vertex 33.3007917689663 -22.2350692753941 97
    vertex 27.86143899698819 -19.82147901857575 97
    vertex 28.49088490615952 -25.73889182775579 97
  endloop
endfacet
facet normal 0 0 1
  outer loop
    vertex -22.12596735870959 -37.10746611465604 97
    vertex -27.56532013078434 -34.69387585784575 97
    vertex -26.93587422147128 -40.61128866701293 97
  endloop
endfacet
facet normal 0 0 1
  outer loop
    vertex 38.74014454100347 -24.64865953220839 97
    vertex 38.11069863173675 -18.73124672303627 97
    vertex 33.3007917689663 -22.2350692753941 97
  endloop
endfacet
facet normal 0 0 1
  outer loop
    vertex -45.77171617494779 -9.700866659913375 97
    vertex -50.58162303770946 -13.20468921227029 97
    vertex -45.14227026563471 -15.61827946908054 97
  endloop
endfacet
facet normal 0 0 1
  outer loop
    vertex -27.56532013078434 -34.69387585784575 97
    vertex -32.36865297710122 -38.19580893867487 97
    vertex -26.93587422147128 -40.61128866701293 97
  endloop
endfacet
facet normal 0 0 1
  outer loop
    vertex -32.36865297710122 -38.19580893867487 97
    vertex -31.7381113983807 -44.11290683592075 97
    vertex -26.93587422147128 -40.61128866701293 97
  endloop
endfacet
facet normal 0 0 1
  outer loop
    vertex -50.58162303770946 -13.20468921227029 97
    vertex -55.87837017506082 -10.77223880107083 97
    vertex -55.25150029716847 -16.67147095261812 97
  endloop
endfacet
facet normal -0 0 1
  outer loop
    vertex -20.05950454494289 40.90913270006394 97
    vertex -14.62015177286815 38.49554244325365 97
    vertex -15.2495976821812 44.41295525242084 97
  endloop
endfacet
facet normal 0 0 1
  outer loop
    vertex -15.2495976821812 44.41295525242084 97
    vertex -15.87904359149427 50.33036806158802 97
    vertex -20.68895045425596 46.82654550923111 97
  endloop
endfacet
facet normal 0 0 1
  outer loop
    vertex -43.8833784470086 -27.45310508741487 97
    vertex -43.25393253769558 -33.37051789658204 97
    vertex -38.44402567493387 -29.86669534422516 97
  endloop
endfacet
facet normal 0 -0 1
  outer loop
    vertex -23.61051958907848 25.57048452937266 97
    vertex -18.8006127263172 29.07430708172954 97
    vertex -24.23996549839153 31.48789733853985 97
  endloop
endfacet
facet normal 0 0 1
  outer loop
    vertex -43.8833784470086 -27.45310508741487 97
    vertex -48.50513735226613 -30.93691400103875 97
    vertex -43.25393253769558 -33.37051789658204 97
  endloop
endfacet
facet normal 0 0 1
  outer loop
    vertex -43.25393253769558 -33.37051789658204 97
    vertex -42.40462815488405 -39.25778459665726 97
    vertex -37.81457976562082 -35.78410815339234 97
  endloop
endfacet
facet normal 0 0 1
  outer loop
    vertex -53.09940667496177 10.46496202439838 97
    vertex -57.80796223519759 6.971920393507621 97
    vertex -52.46996076564868 4.547549215231227 97
  endloop
endfacet
facet normal 0 -0 1
  outer loop
    vertex 49.39321553470058 21.3672650085273 97
    vertex 54.39301507207942 25.09763973969539 97
    vertex 48.76374524616102 27.28469700710578 97
  endloop
endfacet
facet normal 0 0 1
  outer loop
    vertex 0.6646751361790033 -7.753527734554983 97
    vertex 1.294121045713593 -13.67094054370931 97
    vertex 6.104027908435071 -10.16711799135575 97
  endloop
endfacet
facet normal 0 0 1
  outer loop
    vertex -15.65338317975155 -0.5127569641063238 97
    vertex -16.28282908907025 5.404655845060518 97
    vertex -21.09273595182643 1.900833292703942 97
  endloop
endfacet
facet normal 0 0 1
  outer loop
    vertex 63.3221100868672 34.26821229866933 97
    vertex 59.84075398933172 28.79746671667252 97
    vertex 65.93567951916413 28.92207057501383 97
  endloop
endfacet
facet normal 0 0 1
  outer loop
    vertex 4.845136085799235 1.667707626740766 97
    vertex -0.5942166829740333 4.081297883748175 97
    vertex 0.03522922635810945 -1.836114925417862 97
  endloop
endfacet
facet normal 0 0 1
  outer loop
    vertex -5.404123544915121 0.5774753314402782 97
    vertex -10.21403040769907 -2.926347220917947 97
    vertex -4.774677635735642 -5.339937477734879 97
  endloop
endfacet
facet normal 0 0 1
  outer loop
    vertex -6.033569454364944 6.494888140599294 97
    vertex -10.84347631701637 2.991065588248985 97
    vertex -5.404123544915121 0.5774753314402782 97
  endloop
endfacet
facet normal 0 -0 1
  outer loop
    vertex -8.955138589055803 -14.76117283925129 97
    vertex -4.145231726316617 -11.25735028689573 97
    vertex -9.584584498389713 -8.843760030085354 97
  endloop
endfacet
facet normal 0 0 1
  outer loop
    vertex -19.83384413320146 -9.933992325630488 97
    vertex -19.20439822388845 -15.85140513479768 97
    vertex -14.39449136113024 -12.34758258244099 97
  endloop
endfacet
facet normal 0 0 1
  outer loop
    vertex -19.83384413320146 -9.933992325630488 97
    vertex -24.64375099596199 -13.43781487798731 97
    vertex -19.20439822388845 -15.85140513479768 97
  endloop
endfacet
facet normal 0 0 1
  outer loop
    vertex -13.13559954249975 -24.18240820077509 97
    vertex -12.50615363318635 -30.09982100994225 97
    vertex -7.696246770424807 -26.59599845758536 97
  endloop
endfacet
facet normal -0 0 1
  outer loop
    vertex -7.066800861111544 -32.51341126675253 97
    vertex -1.627448089036751 -34.92700152356281 97
    vertex -2.256893998349848 -29.00958871439563 97
  endloop
endfacet
facet normal 0 -0 1
  outer loop
    vertex -27.16153463321408 10.23183635868141 97
    vertex -22.35162777045238 13.73565891103834 97
    vertex -27.79098054252713 16.14924916784858 97
  endloop
endfacet
facet normal 0 0 1
  outer loop
    vertex 18.24162527132307 -26.82912412330241 97
    vertex 12.80227249924832 -24.41553386649213 97
    vertex 13.43171840856138 -30.3329466756593 97
  endloop
endfacet
facet normal 0 0 1
  outer loop
    vertex -8.5513530914813 30.16453937727614 97
    vertex -13.36125995424283 26.66071682491925 97
    vertex -7.921907182171009 24.24712656810879 97
  endloop
endfacet
facet normal 0 -0 1
  outer loop
    vertex 2.327352452667447 25.33735886365549 97
    vertex 7.137259315430518 28.84118141601245 97
    vertex 1.69790654335587 31.25477167282277 97
  endloop
endfacet
facet normal -0 0 1
  outer loop
    vertex 2.327352452667447 25.33735886365549 97
    vertex 7.766705224743497 22.92376860684533 97
    vertex 7.137259315430518 28.84118141601245 97
  endloop
endfacet
facet normal 0 -0 1
  outer loop
    vertex -29.04987236115322 27.98407478618294 97
    vertex -24.23996549839153 31.48789733853985 97
    vertex -29.67931827046627 33.90148759535012 97
  endloop
endfacet
facet normal 0 0 1
  outer loop
    vertex -39.70291749355997 -18.03186972589081 97
    vertex -39.07347158424692 -23.94928253505798 97
    vertex -34.26356472148522 -20.4454599827011 97
  endloop
endfacet
facet normal 0 -0 1
  outer loop
    vertex 33.93023767823427 -28.15248208456608 97
    vertex 38.74014454100347 -24.64865953220839 97
    vertex 33.3007917689663 -22.2350692753941 97
  endloop
endfacet
facet normal 0 -0 1
  outer loop
    vertex 27.63577858510374 31.02164600710565 97
    vertex 32.44568544786546 34.52546855946255 97
    vertex 27.00633267579072 36.93905881627288 97
  endloop
endfacet
facet normal 0 0 1
  outer loop
    vertex -39.07347158424692 -23.94928253505798 97
    vertex -43.8833784470086 -27.45310508741487 97
    vertex -38.44402567493387 -29.86669534422516 97
  endloop
endfacet
facet normal 0 -0 1
  outer loop
    vertex 43.55005140376787 -21.14483697985121 97
    vertex 48.35995826705741 -17.64101442822887 97
    vertex 42.92060549766277 -15.22742417508709 97
  endloop
endfacet
facet normal 0 0 1
  outer loop
    vertex 18.01596485958032 24.01400090239186 97
    vertex 13.20605799681926 20.51017835003458 97
    vertex 18.64541076889479 18.09658809322355 97
  endloop
endfacet
facet normal 0 0 1
  outer loop
    vertex 38.51448412925325 26.19446549348505 97
    vertex 39.14395062594739 20.27704825152912 97
    vertex 43.95384579375603 23.7808705451195 97
  endloop
endfacet
facet normal 0 0 1
  outer loop
    vertex -15.87904359149427 50.33036806158802 97
    vertex -21.20689180551508 52.59088933987593 97
    vertex -20.68895045425596 46.82654550923111 97
  endloop
endfacet
facet normal 0 0 1
  outer loop
    vertex -20.68895045425596 46.82654550923111 97
    vertex -21.20689180551508 52.59088933987593 97
    vertex -26.1283032263307 49.24013576604138 97
  endloop
endfacet
facet normal 0 0 1
  outer loop
    vertex -16.382962469858 56.07546240467897 97
    vertex -21.20689180551508 52.59088933987593 97
    vertex -15.87904359149427 50.33036806158802 97
  endloop
endfacet
facet normal 0 0 1
  outer loop
    vertex -20.86707554008347 -48.94229173299041 97
    vertex -25.72084238587108 -52.11242264853102 97
    vertex -20.31358824414263 -54.50871897923246 97
  endloop
endfacet
facet normal -0 0 1
  outer loop
    vertex -20.31358824414263 -54.50871897923246 97
    vertex -15.27553224411522 -56.8747652679581 97
    vertex -15.42772276800871 -51.35588198980069 97
  endloop
endfacet
facet normal 0 0 1
  outer loop
    vertex -6.259229865970896 57.33801316630183 97
    vertex -11.69858263804567 59.75160342311212 97
    vertex -11.06913672873259 53.83419061394492 97
  endloop
endfacet
facet normal 0 0 1
  outer loop
    vertex -0.8282219900913513 61.54646759527888 97
    vertex -7.190466092799473 63.13694780098605 97
    vertex -6.259229865970896 57.33801316630183 97
  endloop
endfacet
facet normal -0 0 1
  outer loop
    vertex -0.8198770938961364 54.92442290949157 97
    vertex 4.619475678178633 52.5108326526813 97
    vertex 3.99002976886555 58.42824546184849 97
  endloop
endfacet
facet normal 0 0 1
  outer loop
    vertex -48.9189457215132 19.88619738592249 97
    vertex -53.99205126456296 22.37504103390884 97
    vertex -53.72885258427488 16.38237483356554 97
  endloop
endfacet
facet normal 0 0 1
  outer loop
    vertex -9.988369995933963 -53.76947224661097 97
    vertex -15.27553224411522 -56.8747652679581 97
    vertex -10.16267279957197 -60.41515298867604 97
  endloop
endfacet
facet normal -0 0 1
  outer loop
    vertex 49.39321553470058 21.3672650085273 97
    vertex 54.78149313192513 19.13455719251441 97
    vertex 54.39301507207942 25.09763973969539 97
  endloop
endfacet
facet normal 0 0 1
  outer loop
    vertex -18.57495231457439 -21.76881794396481 97
    vertex -23.38485917733581 -25.27264049632169 97
    vertex -17.94550640526113 -27.68623075313198 97
  endloop
endfacet
facet normal 0 -0 1
  outer loop
    vertex 20.30733893593537 51.18578638226135 97
    vertex 25.05018035749711 55.16705431621978 97
    vertex 19.65149079473506 57.40756492440656 97
  endloop
endfacet
facet normal 0 0 1
  outer loop
    vertex -10.84347631701637 2.991065588248985 97
    vertex -16.28282908907025 5.404655845060518 97
    vertex -15.65338317975155 -0.5127569641063238 97
  endloop
endfacet
facet normal 0 0 1
  outer loop
    vertex -16.91227499837984 11.32206865422791 97
    vertex -16.28282908907025 5.404655845060518 97
    vertex -11.47292222634048 8.908478397415507 97
  endloop
endfacet
facet normal 0 0 1
  outer loop
    vertex 11.85081050021277 71.01801384499602 97
    vertex 13.30764877128288 65.36819625460257 97
    vertex 17.67495507413747 69.79681914763181 97
  endloop
endfacet
facet normal 0 0 1
  outer loop
    vertex -13.76504545181401 -18.26499539160798 97
    vertex -18.57495231457439 -21.76881794396481 97
    vertex -13.13559954249975 -24.18240820077509 97
  endloop
endfacet
facet normal 0 0 1
  outer loop
    vertex -30.71254967734973 -5.106811812009848 97
    vertex -35.52245654011135 -8.610634364366742 97
    vertex -30.08310376803666 -11.02422462117703 97
  endloop
endfacet
facet normal 0 -0 1
  outer loop
    vertex 3.811904683037997 -37.34059178037309 97
    vertex 8.621811545799689 -33.83676922801619 97
    vertex 3.182458773724937 -31.42317897120591 97
  endloop
endfacet
facet normal 0 0 1
  outer loop
    vertex -35.52245654011135 -8.610634364366742 97
    vertex -40.33236340287304 -12.11445691672364 97
    vertex -34.89301063079829 -14.52804717353392 97
  endloop
endfacet
facet normal 0 0 1
  outer loop
    vertex -27.16153463321408 10.23183635868141 97
    vertex -27.79098054252713 16.14924916784858 97
    vertex -32.60088740528884 12.64542661549169 97
  endloop
endfacet
facet normal 0 0 1
  outer loop
    vertex -28.42042645184017 22.06666197701576 97
    vertex -29.04987236115322 27.98407478618294 97
    vertex -33.85977922391491 24.48025223382605 97
  endloop
endfacet
facet normal -0 0 1
  outer loop
    vertex 18.87107118063614 -32.7465369324696 97
    vertex 24.3104239527109 -35.1601271892799 97
    vertex 23.68097804339782 -29.24271438011269 97
  endloop
endfacet
facet normal 0 0 1
  outer loop
    vertex -1.223662591626049 9.998710692954822 97
    vertex -1.853108500814356 15.91612350212945 97
    vertex -6.663015363590617 12.41230094977169 97
  endloop
endfacet
facet normal 0 0 1
  outer loop
    vertex -1.853108500814356 15.91612350212945 97
    vertex -7.292461272868309 18.32971375894099 97
    vertex -6.663015363590617 12.41230094977169 97
  endloop
endfacet
facet normal 0 0 1
  outer loop
    vertex 3.5862442712633 13.50253324531953 97
    vertex 2.956798361978822 19.41994605448824 97
    vertex -1.853108500814356 15.91612350212945 97
  endloop
endfacet
facet normal -0 0 1
  outer loop
    vertex -21.49652144939653 -43.02487892382322 97
    vertex -16.05716867732178 -45.43846918063351 97
    vertex -16.68661458663484 -39.52105637146633 97
  endloop
endfacet
facet normal -0 0 1
  outer loop
    vertex 22.82587172234203 27.51782345474875 97
    vertex 28.26522450131683 25.10423319679044 97
    vertex 27.63577858510374 31.02164600710565 97
  endloop
endfacet
facet normal 0 0 1
  outer loop
    vertex -50.58162303770946 -13.20468921227029 97
    vertex -49.95217712839637 -19.12210202143746 97
    vertex -45.14227026563471 -15.61827946908054 97
  endloop
endfacet
facet normal -0 0 1
  outer loop
    vertex 38.51448412925325 26.19446549348505 97
    vertex 43.95384579375603 23.7808705451195 97
    vertex 43.32439099201495 29.69828804584196 97
  endloop
endfacet
facet normal 0 0 1
  outer loop
    vertex -24.86941140770458 37.40531014770703 97
    vertex -25.49885731701763 43.3227229568742 97
    vertex -30.30876417977933 39.8189004045173 97
  endloop
endfacet
facet normal 0 -0 1
  outer loop
    vertex 24.08476358087469 15.68299784054766 97
    vertex 28.89467044513015 19.18682038188323 97
    vertex 23.45531763165506 21.60041064558155 97
  endloop
endfacet
facet normal 0 -0 1
  outer loop
    vertex -10.43969081941952 47.91677780477774 97
    vertex -5.629783956657826 51.42060035713465 97
    vertex -11.06913672873259 53.83419061394492 97
  endloop
endfacet
facet normal -0 0 1
  outer loop
    vertex 5.6816473187012 -55.0673036121024 97
    vertex 10.88466677812598 -57.18949928201364 97
    vertex 10.51014927373878 -51.58900765551775 97
  endloop
endfacet
facet normal -0 0 1
  outer loop
    vertex -15.42772276800871 -51.35588198980069 97
    vertex -9.988369995933963 -53.76947224661097 97
    vertex -10.61781590524703 -47.8520594374438 97
  endloop
endfacet
facet normal 0 -0 1
  outer loop
    vertex -47.66005390288701 8.051371767588128 97
    vertex -42.85014704012535 11.55519431994505 97
    vertex -48.28949981220013 13.9687845767553 97
  endloop
endfacet
facet normal 0 0 1
  outer loop
    vertex -17.54172090769327 17.23948146339506 97
    vertex -16.91227499837984 11.32206865422791 97
    vertex -12.10236813562654 14.82589120658431 97
  endloop
endfacet
facet normal 0 0 1
  outer loop
    vertex 16.98273345276525 -14.99429850500774 97
    vertex 11.54338068063337 -12.58070824816481 97
    vertex 12.17282658993411 -18.49812105732751 97
  endloop
endfacet
facet normal 0 0 1
  outer loop
    vertex 11.54338068063337 -12.58070824816481 97
    vertex 6.73347381786217 -16.08453080051626 97
    vertex 12.17282658993411 -18.49812105732751 97
  endloop
endfacet
facet normal -0 0 1
  outer loop
    vertex -5.000338047344764 45.50318754796746 97
    vertex 0.438997643153182 43.08955879550865 97
    vertex -0.1904458259346166 49.00697710405422 97
  endloop
endfacet
facet normal 0 -0 1
  outer loop
    vertex -10.61781590524703 -47.8520594374438 97
    vertex -5.807909042485361 -44.34823688508691 97
    vertex -11.2472618145601 -41.9346466282766 97
  endloop
endfacet
facet normal 0 0 1
  outer loop
    vertex 11.54338068063337 -12.58070824816481 97
    vertex 6.104027908435071 -10.16711799135575 97
    vertex 6.73347381786217 -16.08453080051626 97
  endloop
endfacet
facet normal 0 0 1
  outer loop
    vertex 16.35328720123758 -9.076885716147556 97
    vertex 10.91393468883215 -6.663295443907376 97
    vertex 11.54338068063337 -12.58070824816481 97
  endloop
endfacet
facet normal 0 0 1
  outer loop
    vertex -13.36125995424283 26.66071682491925 97
    vertex -18.1711668170051 23.1568942725623 97
    vertex -12.73181404493386 20.74330401575182 97
  endloop
endfacet
facet normal 0 0 1
  outer loop
    vertex 6.73347381786217 -16.08453080051626 97
    vertex 1.294121045713593 -13.67094054370931 97
    vertex 1.923566955098902 -19.58835335287183 97
  endloop
endfacet
facet normal 0 -0 1
  outer loop
    vertex 4.619475678178633 52.5108326526813 97
    vertex 9.426220009004776 56.00752801068456 97
    vertex 3.99002976886555 58.42824546184849 97
  endloop
endfacet
facet normal 0 0 1
  outer loop
    vertex 4.619475678178633 52.5108326526813 97
    vertex 5.248833739382382 46.59322186589316 97
    vertex 10.05830136159747 50.09605453014541 97
  endloop
endfacet
facet normal -0 0 1
  outer loop
    vertex 10.05830136159747 50.09605453014541 97
    vertex 15.49746379610204 47.68203532182309 97
    vertex 14.8649578443143 53.59255191052773 97
  endloop
endfacet
facet normal 0 0 1
  outer loop
    vertex -44.73848476806471 29.30743274744665 97
    vertex -45.29654085623577 35.23550672051488 97
    vertex -49.53653128274235 31.81204525006435 97
  endloop
endfacet
facet normal 0 0 1
  outer loop
    vertex 4.845136085799235 1.667707626740766 97
    vertex 0.03522922635810945 -1.836114925417862 97
    vertex 5.474581998547355 -4.249705182221312 97
  endloop
endfacet
facet normal 0 0 1
  outer loop
    vertex -5.404123544915121 0.5774753314402782 97
    vertex -4.774677635735642 -5.339937477734879 97
    vertex 0.03522922635810945 -1.836114925417862 97
  endloop
endfacet
facet normal 0 0 1
  outer loop
    vertex -0.5942166829740333 4.081297883748175 97
    vertex -6.033569454364944 6.494888140599294 97
    vertex -5.404123544915121 0.5774753314402782 97
  endloop
endfacet
facet normal 0 0 1
  outer loop
    vertex -10.21403040769907 -2.926347220917947 97
    vertex -9.584584498389713 -8.843760030085354 97
    vertex -4.774677635735642 -5.339937477734879 97
  endloop
endfacet
facet normal -0 0 1
  outer loop
    vertex -9.584584498389713 -8.843760030085354 97
    vertex -4.145231726316617 -11.25735028689573 97
    vertex -4.774677635735642 -5.339937477734879 97
  endloop
endfacet
facet normal 0 0 1
  outer loop
    vertex -1.223662591626049 9.998710692954822 97
    vertex -6.663015363590617 12.41230094977169 97
    vertex -6.033569454364944 6.494888140599294 97
  endloop
endfacet
facet normal 0 0 1
  outer loop
    vertex -6.663015363590617 12.41230094977169 97
    vertex -11.47292222634048 8.908478397415507 97
    vertex -6.033569454364944 6.494888140599294 97
  endloop
endfacet
facet normal 0 0 1
  outer loop
    vertex -20.46329004251393 -4.016579516463272 97
    vertex -21.09273595182643 1.900833292703942 97
    vertex -25.90264281458814 -1.60298925965296 97
  endloop
endfacet
facet normal 0 -0 1
  outer loop
    vertex -7.696246770424807 -26.59599845758536 97
    vertex -2.886339907662971 -23.09217590522845 97
    vertex -8.32569267973874 -20.67858564841823 97
  endloop
endfacet
facet normal 0 0 1
  outer loop
    vertex -25.90264281458814 -1.60298925965296 97
    vertex -30.71254967734973 -5.106811812009848 97
    vertex -25.27319690527524 -7.520402068820145 97
  endloop
endfacet
facet normal -0 0 1
  outer loop
    vertex -30.08310376803666 -11.02422462117703 97
    vertex -24.64375099596199 -13.43781487798731 97
    vertex -25.27319690527524 -7.520402068820145 97
  endloop
endfacet
facet normal 0 0 1
  outer loop
    vertex -25.90264281458814 -1.60298925965296 97
    vertex -31.34199558666275 0.8106009971573296 97
    vertex -30.71254967734973 -5.106811812009848 97
  endloop
endfacet
facet normal 0 0 1
  outer loop
    vertex -25.90264281458814 -1.60298925965296 97
    vertex -26.53208872390106 4.314423549514222 97
    vertex -31.34199558666275 0.8106009971573296 97
  endloop
endfacet
facet normal -0 0 1
  outer loop
    vertex -12.50615363318635 -30.09982100994225 97
    vertex -7.066800861111544 -32.51341126675253 97
    vertex -7.696246770424807 -26.59599845758536 97
  endloop
endfacet
facet normal -0 0 1
  outer loop
    vertex -1.627448089036751 -34.92700152356281 97
    vertex 3.811904683037997 -37.34059178037309 97
    vertex 3.182458773724937 -31.42317897120591 97
  endloop
endfacet
facet normal 0 0 1
  outer loop
    vertex -1.627448089036751 -34.92700152356281 97
    vertex -6.437354951798435 -38.43082407591969 97
    vertex -0.9980021797236918 -40.84441433272999 97
  endloop
endfacet
facet normal -0 0 1
  outer loop
    vertex 3.811904683037997 -37.34059178037309 97
    vertex 9.251257455112739 -39.75418203718338 97
    vertex 8.621811545799689 -33.83676922801619 97
  endloop
endfacet
facet normal 0 -0 1
  outer loop
    vertex 9.251257455112739 -39.75418203718338 97
    vertex 14.06116431787444 -36.2503594848265 97
    vertex 8.621811545799689 -33.83676922801619 97
  endloop
endfacet
facet normal 0 0 1
  outer loop
    vertex 12.80227249924832 -24.41553386649213 97
    vertex 7.992365636486628 -27.91935641884901 97
    vertex 13.43171840856138 -30.3329466756593 97
  endloop
endfacet
facet normal 0 0 1
  outer loop
    vertex 29.12033081547259 -31.656304636923 97
    vertex 28.49088490615952 -25.73889182775579 97
    vertex 23.68097804339782 -29.24271438011269 97
  endloop
endfacet
facet normal 0 0 1
  outer loop
    vertex 11.94716617819248 32.34500396836935 97
    vertex 11.3177202688795 38.26241677753656 97
    vertex 6.507813406117771 34.75859422517966 97
  endloop
endfacet
facet normal 0 -0 1
  outer loop
    vertex 22.82587172234203 27.51782345474875 97
    vertex 27.63577858510374 31.02164600710565 97
    vertex 22.19642581302899 33.43523626391596 97
  endloop
endfacet
facet normal 0 0 1
  outer loop
    vertex -23.61051958907848 25.57048452937266 97
    vertex -24.23996549839153 31.48789733853985 97
    vertex -29.04987236115322 27.98407478618294 97
  endloop
endfacet
facet normal 0 -0 1
  outer loop
    vertex 29.12033081547259 -31.656304636923 97
    vertex 33.93023767823427 -28.15248208456608 97
    vertex 28.49088490615952 -25.73889182775579 97
  endloop
endfacet
facet normal 0 0 1
  outer loop
    vertex 27.86143899698819 -19.82147901857575 97
    vertex 23.05153213410039 -23.32530157096136 97
    vertex 28.49088490615952 -25.73889182775579 97
  endloop
endfacet
facet normal -0 0 1
  outer loop
    vertex 18.01596485958032 24.01400090239186 97
    vertex 23.45531763165506 21.60041064558155 97
    vertex 22.82587172234203 27.51782345474875 97
  endloop
endfacet
facet normal 0 0 1
  outer loop
    vertex 17.61217936200315 -20.91171131415066 97
    vertex 12.17282658993411 -18.49812105732751 97
    vertex 12.80227249924832 -24.41553386649213 97
  endloop
endfacet
facet normal 0 0 1
  outer loop
    vertex 32.44568544786546 34.52546855946255 97
    vertex 31.80838698004644 40.4258304496001 97
    vertex 27.00633267579072 36.93905881627288 97
  endloop
endfacet
facet normal 0 0 1
  outer loop
    vertex -28.82421194941049 -22.8590502395114 97
    vertex -29.45365785872355 -16.94163743034421 97
    vertex -34.26356472148522 -20.4454599827011 97
  endloop
endfacet
facet normal 0 -0 1
  outer loop
    vertex -2.886339907662971 -23.09217590522845 97
    vertex 1.923566955098902 -19.58835335287183 97
    vertex -3.515785816976972 -17.17476309606133 97
  endloop
endfacet
facet normal 0 -0 1
  outer loop
    vertex 37.8850382199402 32.11187830265224 97
    vertex 42.66761237490682 35.554102778928 97
    vertex 37.25559231062715 38.02929111181943 97
  endloop
endfacet
facet normal 0 0 1
  outer loop
    vertex -50.58162303770946 -13.20468921227029 97
    vertex -55.25150029716847 -16.67147095261812 97
    vertex -49.95217712839637 -19.12210202143746 97
  endloop
endfacet
facet normal 0 0 1
  outer loop
    vertex 48.76374524616102 27.28469700710578 97
    vertex 48.1108700312482 33.14931213556845 97
    vertex 43.32439099201495 29.69828804584196 97
  endloop
endfacet
facet normal 0 -0 1
  outer loop
    vertex -24.86941140770458 37.40531014770703 97
    vertex -20.05950454494289 40.90913270006394 97
    vertex -25.49885731701763 43.3227229568742 97
  endloop
endfacet
facet normal 0 0 1
  outer loop
    vertex -20.68895045425596 46.82654550923111 97
    vertex -26.1283032263307 49.24013576604138 97
    vertex -25.49885731701763 43.3227229568742 97
  endloop
endfacet
facet normal -0 0 1
  outer loop
    vertex 43.95384579375603 23.7808705451195 97
    vertex 49.39321553470058 21.3672650085273 97
    vertex 48.76374524616102 27.28469700710578 97
  endloop
endfacet
facet normal -0 0 1
  outer loop
    vertex 18.64541076889479 18.09658809322355 97
    vertex 24.08476358087469 15.68299784054766 97
    vertex 23.45531763165506 21.60041064558155 97
  endloop
endfacet
facet normal 0 -0 1
  outer loop
    vertex -28.82421194941049 -22.8590502395114 97
    vertex -24.01430508664912 -19.35522768715451 97
    vertex -29.45365785872355 -16.94163743034421 97
  endloop
endfacet
facet normal 0 -0 1
  outer loop
    vertex -21.09273595182643 1.900833292703942 97
    vertex -16.28282908907025 5.404655845060518 97
    vertex -21.72218186113934 7.818246101871125 97
  endloop
endfacet
facet normal 0 0 1
  outer loop
    vertex -5.629783956657826 51.42060035713465 97
    vertex -6.259229865970896 57.33801316630183 97
    vertex -11.06913672873259 53.83419061394492 97
  endloop
endfacet
facet normal 0 0 1
  outer loop
    vertex -11.06913672873259 53.83419061394492 97
    vertex -11.69858263804567 59.75160342311212 97
    vertex -16.382962469858 56.07546240467897 97
  endloop
endfacet
facet normal -0 0 1
  outer loop
    vertex -5.629783956657826 51.42060035713465 97
    vertex -0.1904458259346166 49.00697710405422 97
    vertex -0.8198770938961364 54.92442290949157 97
  endloop
endfacet
facet normal 0 -0 1
  outer loop
    vertex -5.000338047344764 45.50318754796746 97
    vertex -0.1904458259346166 49.00697710405422 97
    vertex -5.629783956657826 51.42060035713465 97
  endloop
endfacet
facet normal -0 0 1
  outer loop
    vertex 20.75940890857525 -50.49877535997121 97
    vertex 26.04571185449802 -52.60460135243483 97
    vertex 25.56931577133697 -46.99495280761434 97
  endloop
endfacet
facet normal 0 0 1
  outer loop
    vertex 31.01009155805513 -49.29655564283261 97
    vertex 30.37945980320594 -43.47246568499213 97
    vertex 25.56931577133697 -46.99495280761434 97
  endloop
endfacet
facet normal 0 0 1
  outer loop
    vertex -48.28949981220013 13.9687845767553 97
    vertex -48.9189457215132 19.88619738592249 97
    vertex -53.72885258427488 16.38237483356554 97
  endloop
endfacet
facet normal 0 0 1
  outer loop
    vertex 17.61217936200315 -20.91171131415066 97
    vertex 16.98273345276525 -14.99429850500774 97
    vertex 12.17282658993411 -18.49812105732751 97
  endloop
endfacet
facet normal -0 0 1
  outer loop
    vertex -9.988369995933963 -53.76947224661097 97
    vertex -4.613851111585707 -56.09406114651595 97
    vertex -5.178463133172305 -50.26564969425409 97
  endloop
endfacet
facet normal 0 0 1
  outer loop
    vertex 30.37945980320594 -43.47246568499213 97
    vertex 29.74833501707399 -37.56997613597331 97
    vertex 24.93990939020849 -41.07442923673624 97
  endloop
endfacet
facet normal 0 0 1
  outer loop
    vertex 9.426220009004776 56.00752801068456 97
    vertex 8.972727477948183 61.52672670867973 97
    vertex 3.99002976886555 58.42824546184849 97
  endloop
endfacet
facet normal 0 0 1
  outer loop
    vertex 10.05830136159747 50.09605453014541 97
    vertex 10.68819343372881 44.17964720936027 97
    vertex 15.49746379610204 47.68203532182309 97
  endloop
endfacet
facet normal 0 0 1
  outer loop
    vertex -0.1904458259346166 49.00697710405422 97
    vertex 0.438997643153182 43.08955879550865 97
    vertex 5.248833739382382 46.59322186589316 97
  endloop
endfacet
facet normal -0 0 1
  outer loop
    vertex -4.145231726316617 -11.25735028689573 97
    vertex 1.294121045713593 -13.67094054370931 97
    vertex 0.6646751361790033 -7.753527734554983 97
  endloop
endfacet
facet normal 0 0 1
  outer loop
    vertex 52.97212156846544 48.76427315705339 97
    vertex 51.40683437006807 42.73911606335665 97
    vertex 56.81811667654031 44.22331531365612 97
  endloop
endfacet
facet normal 0 0 1
  outer loop
    vertex 28.92207057501373 65.93567951916417 97
    vertex 29.40821662390919 59.85344584191615 97
    vertex 34.26821229866923 63.32211008686725 97
  endloop
endfacet
facet normal 0 0 1
  outer loop
    vertex -65.93567951916421 28.92207057501365 97
    vertex -60.19137898708906 29.28471961508187 97
    vertex -63.3221100868673 34.26821229866913 97
  endloop
endfacet
facet normal -0 0 1
  outer loop
    vertex 5.474581998547355 -4.249705182221312 97
    vertex 10.91393468883215 -6.663295443907376 97
    vertex 10.28448886199606 -0.7458826298233975 97
  endloop
endfacet
facet normal 0 0 1
  outer loop
    vertex -10.21403040769907 -2.926347220917947 97
    vertex -15.02393727044142 -6.430169773273693 97
    vertex -9.584584498389713 -8.843760030085354 97
  endloop
endfacet
facet normal -0 0 1
  outer loop
    vertex -8.32569267973874 -20.67858564841823 97
    vertex -2.886339907662971 -23.09217590522845 97
    vertex -3.515785816976972 -17.17476309606133 97
  endloop
endfacet
facet normal 0 0 1
  outer loop
    vertex -13.13559954249975 -24.18240820077509 97
    vertex -17.94550640526113 -27.68623075313198 97
    vertex -12.50615363318635 -30.09982100994225 97
  endloop
endfacet
facet normal 0 0 1
  outer loop
    vertex -2.256893998349848 -29.00958871439563 97
    vertex -2.886339907662971 -23.09217590522845 97
    vertex -7.696246770424807 -26.59599845758536 97
  endloop
endfacet
facet normal 0 0 1
  outer loop
    vertex -31.34199558666275 0.8106009971573296 97
    vertex -36.15190244942443 -2.693221555199573 97
    vertex -30.71254967734973 -5.106811812009848 97
  endloop
endfacet
facet normal 0 0 1
  outer loop
    vertex -1.627448089036751 -34.92700152356281 97
    vertex -0.9980021797236918 -40.84441433272999 97
    vertex 3.811904683037997 -37.34059178037309 97
  endloop
endfacet
facet normal 0 -0 1
  outer loop
    vertex -26.53208872390106 4.314423549514222 97
    vertex -21.72218186113934 7.818246101871125 97
    vertex -27.16153463321408 10.23183635868141 97
  endloop
endfacet
facet normal -0 0 1
  outer loop
    vertex 9.251257455112739 -39.75418203718338 97
    vertex 14.69061022718749 -42.16777229399369 97
    vertex 14.06116431787444 -36.2503594848265 97
  endloop
endfacet
facet normal 0 0 1
  outer loop
    vertex 9.251257455112739 -39.75418203718338 97
    vertex 9.880703364425768 -45.67159484635056 97
    vertex 14.69061022718749 -42.16777229399369 97
  endloop
endfacet
facet normal 0 0 1
  outer loop
    vertex -7.292461272868309 18.32971375894099 97
    vertex -12.73181404493386 20.74330401575182 97
    vertex -12.10236813562654 14.82589120658431 97
  endloop
endfacet
facet normal 0 -0 1
  outer loop
    vertex -2.482554410100713 21.83353631129823 97
    vertex 2.327352452667447 25.33735886365549 97
    vertex -3.112000319407584 27.75094912046578 97
  endloop
endfacet
facet normal 0 0 1
  outer loop
    vertex -3.112000319407584 27.75094912046578 97
    vertex -8.5513530914813 30.16453937727614 97
    vertex -7.921907182171009 24.24712656810879 97
  endloop
endfacet
facet normal 0 0 1
  outer loop
    vertex -22.12596735870959 -37.10746611465604 97
    vertex -26.93587422147128 -40.61128866701293 97
    vertex -21.49652144939653 -43.02487892382322 97
  endloop
endfacet
facet normal -0 0 1
  outer loop
    vertex 27.63577858510374 31.02164600710565 97
    vertex 33.07513135717849 28.60805575029534 97
    vertex 32.44568544786546 34.52546855946255 97
  endloop
endfacet
facet normal 0 0 1
  outer loop
    vertex 18.01596485958032 24.01400090239186 97
    vertex 18.64541076889479 18.09658809322355 97
    vertex 23.45531763165506 21.60041064558155 97
  endloop
endfacet
facet normal 0 0 1
  outer loop
    vertex -46.40116208426086 -3.783453850746207 97
    vertex -51.8405148563356 -1.369863593935943 97
    vertex -51.21106894702253 -7.287276403103101 97
  endloop
endfacet
facet normal 0 0 1
  outer loop
    vertex 48.1108700312482 33.14931213556845 97
    vertex 42.66761237490682 35.554102778928 97
    vertex 43.32439099201495 29.69828804584196 97
  endloop
endfacet
facet normal 0 0 1
  outer loop
    vertex -20.05950454494289 40.90913270006394 97
    vertex -20.68895045425596 46.82654550923111 97
    vertex -25.49885731701763 43.3227229568742 97
  endloop
endfacet
facet normal 0 0 1
  outer loop
    vertex -15.2495976821812 44.41295525242084 97
    vertex -14.62015177286815 38.49554244325365 97
    vertex -9.810244910106473 41.99936499561054 97
  endloop
endfacet
facet normal -0 0 1
  outer loop
    vertex -43.25393253769558 -33.37051789658204 97
    vertex -37.81457976562082 -35.78410815339234 97
    vertex -38.44402567493387 -29.86669534422516 97
  endloop
endfacet
facet normal 0 -0 1
  outer loop
    vertex 48.35995826705741 -17.64101442822887 97
    vertex 53.16986518848703 -14.13719174395032 97
    vertex 47.73051271190432 -11.7236008304659 97
  endloop
endfacet
facet normal 0 0 1
  outer loop
    vertex -10.43969081941952 47.91677780477774 97
    vertex -11.06913672873259 53.83419061394492 97
    vertex -15.87904359149427 50.33036806158802 97
  endloop
endfacet
facet normal 0 0 1
  outer loop
    vertex -11.06913672873259 53.83419061394492 97
    vertex -16.382962469858 56.07546240467897 97
    vertex -15.87904359149427 50.33036806158802 97
  endloop
endfacet
facet normal -0 0 1
  outer loop
    vertex -10.43969081941952 47.91677780477774 97
    vertex -5.000338047344764 45.50318754796746 97
    vertex -5.629783956657826 51.42060035713465 97
  endloop
endfacet
facet normal 0 -0 1
  outer loop
    vertex -5.629783956657826 51.42060035713465 97
    vertex -0.8198770938961364 54.92442290949157 97
    vertex -6.259229865970896 57.33801316630183 97
  endloop
endfacet
facet normal 0 0 1
  outer loop
    vertex -0.8198770938961364 54.92442290949157 97
    vertex -0.1904458259346166 49.00697710405422 97
    vertex 4.619475678178633 52.5108326526813 97
  endloop
endfacet
facet normal 0 -0 1
  outer loop
    vertex -9.988369995933963 -53.76947224661097 97
    vertex -5.178463133172305 -50.26564969425409 97
    vertex -10.61781590524703 -47.8520594374438 97
  endloop
endfacet
facet normal 0 0 1
  outer loop
    vertex -9.988369995933963 -53.76947224661097 97
    vertex -10.16267279957197 -60.41515298867604 97
    vertex -4.613851111585707 -56.09406114651595 97
  endloop
endfacet
facet normal 0 0 1
  outer loop
    vertex 2.553012864411873 -25.50576616203873 97
    vertex 1.923566955098902 -19.58835335287183 97
    vertex -2.886339907662971 -23.09217590522845 97
  endloop
endfacet
facet normal 0 0 1
  outer loop
    vertex -55.25150029716847 -16.67147095261812 97
    vertex -54.3330334414964 -22.52106727003165 97
    vertex -49.95217712839637 -19.12210202143746 97
  endloop
endfacet
facet normal 0 0 1
  outer loop
    vertex -55.87837017506082 -10.77223880107083 97
    vertex -60.31679987988538 -14.79932172312226 97
    vertex -55.25150029716847 -16.67147095261812 97
  endloop
endfacet
facet normal 0 0 1
  outer loop
    vertex 6.104027908435071 -10.16711799135575 97
    vertex 1.294121045713593 -13.67094054370931 97
    vertex 6.73347381786217 -16.08453080051626 97
  endloop
endfacet
facet normal 0 -0 1
  outer loop
    vertex 35.67426039872133 -45.68445549559597 97
    vertex 40.45583590077303 -42.15906050617182 97
    vertex 35.16511652380296 -39.9474861051111 97
  endloop
endfacet
facet normal 0 0 1
  outer loop
    vertex 20.30733893593537 51.18578638226135 97
    vertex 19.65149079473506 57.40756492440656 97
    vertex 14.8649578443143 53.59255191052773 97
  endloop
endfacet
facet normal -0 0 1
  outer loop
    vertex 15.49746379610204 47.68203532182309 97
    vertex 20.93506759213317 45.28487436740247 97
    vertex 20.30733893593537 51.18578638226135 97
  endloop
endfacet
facet normal -0 0 1
  outer loop
    vertex -39.3802673848148 60.27598643490202 97
    vertex -33.78756663610367 57.50698452242554 97
    vertex -34.26821229866938 63.32211008686716 97
  endloop
endfacet
facet normal 0 0 1
  outer loop
    vertex 4.845136085799235 1.667707626740766 97
    vertex 5.474581998547355 -4.249705182221312 97
    vertex 10.28448886199606 -0.7458826298233975 97
  endloop
endfacet
facet normal 0 0 1
  outer loop
    vertex -0.5942166829740333 4.081297883748175 97
    vertex -5.404123544915121 0.5774753314402782 97
    vertex 0.03522922635810945 -1.836114925417862 97
  endloop
endfacet
facet normal -0 0 1
  outer loop
    vertex -13.76504545181401 -18.26499539160798 97
    vertex -8.32569267973874 -20.67858564841823 97
    vertex -8.955138589055803 -14.76117283925129 97
  endloop
endfacet
facet normal 0 0 1
  outer loop
    vertex -30.71254967734973 -5.106811812009848 97
    vertex -30.08310376803666 -11.02422462117703 97
    vertex -25.27319690527524 -7.520402068820145 97
  endloop
endfacet
facet normal 0 0 1
  outer loop
    vertex -12.50615363318635 -30.09982100994225 97
    vertex -17.31606049594792 -33.60364356229915 97
    vertex -11.87670772387319 -36.01723381910942 97
  endloop
endfacet
facet normal 0 0 1
  outer loop
    vertex -12.50615363318635 -30.09982100994225 97
    vertex -17.94550640526113 -27.68623075313198 97
    vertex -17.31606049594792 -33.60364356229915 97
  endloop
endfacet
facet normal 0 0 1
  outer loop
    vertex -26.53208872390106 4.314423549514222 97
    vertex -27.16153463321408 10.23183635868141 97
    vertex -31.97144149597578 6.728013806324508 97
  endloop
endfacet
facet normal 0 0 1
  outer loop
    vertex -32.60088740528884 12.64542661549169 97
    vertex -37.41079426805054 9.141604063134782 97
    vertex -31.97144149597578 6.728013806324508 97
  endloop
endfacet
facet normal 0 -0 1
  outer loop
    vertex -28.42042645184017 22.06666197701576 97
    vertex -23.61051958907848 25.57048452937266 97
    vertex -29.04987236115322 27.98407478618294 97
  endloop
endfacet
facet normal 0 0 1
  outer loop
    vertex -40.33236340287304 -12.11445691672364 97
    vertex -45.14227026563471 -15.61827946908054 97
    vertex -39.70291749355997 -18.03186972589081 97
  endloop
endfacet
facet normal 0 0 1
  outer loop
    vertex 2.327352452667447 25.33735886365549 97
    vertex 1.69790654335587 31.25477167282277 97
    vertex -3.112000319407584 27.75094912046578 97
  endloop
endfacet
facet normal 0 0 1
  outer loop
    vertex -9.180799000793652 36.08195218644335 97
    vertex -13.99070586355543 32.57812963408645 97
    vertex -8.5513530914813 30.16453937727614 97
  endloop
endfacet
facet normal 0 0 1
  outer loop
    vertex 11.3177202688795 38.26241677753656 97
    vertex 5.878367496804754 40.67600703434688 97
    vertex 6.507813406117771 34.75859422517966 97
  endloop
endfacet
facet normal 0 -0 1
  outer loop
    vertex 11.94716617819248 32.34500396836935 97
    vertex 16.75707304095424 35.84882652072626 97
    vertex 11.3177202688795 38.26241677753656 97
  endloop
endfacet
facet normal 0 0 1
  outer loop
    vertex 17.38651895026728 29.93141371155905 97
    vertex 18.01596485958032 24.01400090239186 97
    vertex 22.82587172234203 27.51782345474875 97
  endloop
endfacet
facet normal 0 0 1
  outer loop
    vertex -33.85977922391491 24.48025223382605 97
    vertex -39.29913199598971 26.89384249063634 97
    vertex -38.66968608667665 20.97642968146916 97
  endloop
endfacet
facet normal -0 0 1
  outer loop
    vertex 33.07513135717849 28.60805575029534 97
    vertex 38.51448412925325 26.19446549348505 97
    vertex 37.8850382199402 32.11187830265224 97
  endloop
endfacet
facet normal -0 0 1
  outer loop
    vertex -39.07347158424692 -23.94928253505798 97
    vertex -33.63411881217218 -26.36287279186828 97
    vertex -34.26356472148522 -20.4454599827011 97
  endloop
endfacet
facet normal 0 0 1
  outer loop
    vertex -51.8405148563356 -1.369863593935943 97
    vertex -56.54819254694905 -4.862811844246274 97
    vertex -51.21106894702253 -7.287276403103101 97
  endloop
endfacet
facet normal -0 0 1
  outer loop
    vertex 15.3200561365005 -48.08518510316089 97
    vertex 20.75940890857525 -50.49877535997121 97
    vertex 20.12996299926223 -44.58136255080399 97
  endloop
endfacet
facet normal 0 -0 1
  outer loop
    vertex 53.16986518848703 -14.13719174395032 97
    vertex 57.97722926045232 -10.63909950855512 97
    vertex 52.54042078457165 -8.219774310702544 97
  endloop
endfacet
facet normal 0 -0 1
  outer loop
    vertex 20.75940890857525 -50.49877535997121 97
    vertex 25.56931577133697 -46.99495280761434 97
    vertex 20.12996299926223 -44.58136255080399 97
  endloop
endfacet
facet normal 0 -0 1
  outer loop
    vertex -48.28949981220013 13.9687845767553 97
    vertex -43.4795929494384 17.47260712911224 97
    vertex -48.9189457215132 19.88619738592249 97
  endloop
endfacet
facet normal 0 0 1
  outer loop
    vertex -12.73181404493386 20.74330401575182 97
    vertex -17.54172090769327 17.23948146339506 97
    vertex -12.10236813562654 14.82589120658431 97
  endloop
endfacet
facet normal 0 0 1
  outer loop
    vertex 16.98273345276525 -14.99429850500774 97
    vertex 16.35328720123758 -9.076885716147556 97
    vertex 11.54338068063337 -12.58070824816481 97
  endloop
endfacet
facet normal 0 -0 1
  outer loop
    vertex 31.01009155805513 -49.29655564283261 97
    vertex 35.67426039872133 -45.68445549559597 97
    vertex 30.37945980320594 -43.47246568499213 97
  endloop
endfacet
facet normal 0 -0 1
  outer loop
    vertex -3.741446228719179 33.66836192963304 97
    vertex 1.068457787113448 37.17217806604855 97
    vertex -4.370892138031708 39.58577473880026 97
  endloop
endfacet
facet normal 0 -0 1
  outer loop
    vertex -44.22331531365604 -56.81811667654037 97
    vertex -43.23572296475232 -50.77038451010607 97
    vertex -48.76427315705331 -52.97212156846552 97
  endloop
endfacet
facet normal -0 0 1
  outer loop
    vertex -4.774677635735642 -5.339937477734879 97
    vertex 0.6646751361790033 -7.753527734554983 97
    vertex 0.03522922635810945 -1.836114925417862 97
  endloop
endfacet
facet normal 0 0 1
  outer loop
    vertex -15.02393727044142 -6.430169773273693 97
    vertex -20.46329004251393 -4.016579516463272 97
    vertex -19.83384413320146 -9.933992325630488 97
  endloop
endfacet
facet normal 0 -0 1
  outer loop
    vertex -8.32569267973874 -20.67858564841823 97
    vertex -3.515785816976972 -17.17476309606133 97
    vertex -8.955138589055803 -14.76117283925129 97
  endloop
endfacet
facet normal 0 -0 1
  outer loop
    vertex -20.46329004251393 -4.016579516463272 97
    vertex -15.65338317975155 -0.5127569641063238 97
    vertex -21.09273595182643 1.900833292703942 97
  endloop
endfacet
facet normal 0 0 1
  outer loop
    vertex -40.33236340287304 -12.11445691672364 97
    vertex -39.70291749355997 -18.03186972589081 97
    vertex -34.89301063079829 -14.52804717353392 97
  endloop
endfacet
facet normal 0 0 1
  outer loop
    vertex -28.42042645184017 22.06666197701576 97
    vertex -33.85977922391491 24.48025223382605 97
    vertex -33.23033331460188 18.56283942465887 97
  endloop
endfacet
facet normal 0 0 1
  outer loop
    vertex -17.31606049594792 -33.60364356229915 97
    vertex -22.12596735870959 -37.10746611465604 97
    vertex -16.68661458663484 -39.52105637146633 97
  endloop
endfacet
facet normal 0 0 1
  outer loop
    vertex 18.87107118063614 -32.7465369324696 97
    vertex 18.24162527132307 -26.82912412330241 97
    vertex 13.43171840856138 -30.3329466756593 97
  endloop
endfacet
facet normal 0 -0 1
  outer loop
    vertex -1.223662591626049 9.998710692954822 97
    vertex 3.5862442712633 13.50253324531953 97
    vertex -1.853108500814356 15.91612350212945 97
  endloop
endfacet
facet normal 0 -0 1
  outer loop
    vertex 7.137259315430518 28.84118141601245 97
    vertex 11.94716617819248 32.34500396836935 97
    vertex 6.507813406117771 34.75859422517966 97
  endloop
endfacet
facet normal 0 -0 1
  outer loop
    vertex 7.766705224743497 22.92376860684533 97
    vertex 12.57661208750545 26.42759115920217 97
    vertex 7.137259315430518 28.84118141601245 97
  endloop
endfacet
facet normal -0 0 1
  outer loop
    vertex 11.94716617819248 32.34500396836935 97
    vertex 17.38651895026728 29.93141371155905 97
    vertex 16.75707304095424 35.84882652072626 97
  endloop
endfacet
facet normal -0 0 1
  outer loop
    vertex 17.38651895026728 29.93141371155905 97
    vertex 22.82587172234203 27.51782345474875 97
    vertex 22.19642581302899 33.43523626391596 97
  endloop
endfacet
facet normal 0 0 1
  outer loop
    vertex 17.38651895026728 29.93141371155905 97
    vertex 12.57661208750545 26.42759115920217 97
    vertex 18.01596485958032 24.01400090239186 97
  endloop
endfacet
facet normal 0 0 1
  outer loop
    vertex 12.17282658993411 -18.49812105732751 97
    vertex 7.362919727173665 -22.00194360968257 97
    vertex 12.80227249924832 -24.41553386649213 97
  endloop
endfacet
facet normal 0 -0 1
  outer loop
    vertex 33.07513135717849 28.60805575029534 97
    vertex 37.8850382199402 32.11187830265224 97
    vertex 32.44568544786546 34.52546855946255 97
  endloop
endfacet
facet normal 0 -0 1
  outer loop
    vertex 38.51448412925325 26.19446549348505 97
    vertex 43.32439099201495 29.69828804584196 97
    vertex 37.8850382199402 32.11187830265224 97
  endloop
endfacet
facet normal 0 0 1
  outer loop
    vertex 42.66761237490682 35.554102778928 97
    vertex 41.93788713626223 41.16401012654286 97
    vertex 37.25559231062715 38.02929111181943 97
  endloop
endfacet
facet normal 0 -0 1
  outer loop
    vertex 43.95384579375603 23.7808705451195 97
    vertex 48.76374524616102 27.28469700710578 97
    vertex 43.32439099201495 29.69828804584196 97
  endloop
endfacet
facet normal -0 0 1
  outer loop
    vertex -15.2495976821812 44.41295525242084 97
    vertex -9.810244910106473 41.99936499561054 97
    vertex -10.43969081941952 47.91677780477774 97
  endloop
endfacet
facet normal 0 0 1
  outer loop
    vertex 35.16511652380296 -39.9474861051111 97
    vertex 29.74833501707399 -37.56997613597331 97
    vertex 30.37945980320594 -43.47246568499213 97
  endloop
endfacet
facet normal -0 0 1
  outer loop
    vertex 4.619475678178633 52.5108326526813 97
    vertex 10.05830136159747 50.09605453014541 97
    vertex 9.426220009004776 56.00752801068456 97
  endloop
endfacet
facet normal 0 0 1
  outer loop
    vertex 40.45583590077303 -42.15906050617182 97
    vertex 39.96625980275221 -36.43654197532231 97
    vertex 35.16511652380296 -39.9474861051111 97
  endloop
endfacet
facet normal 0 0 1
  outer loop
    vertex -11.47292222634048 8.908478397415507 97
    vertex -16.28282908907025 5.404655845060518 97
    vertex -10.84347631701637 2.991065588248985 97
  endloop
endfacet
facet normal -0 0 1
  outer loop
    vertex -28.92207057501388 65.9356795191641 97
    vertex -24.57635687175135 62.10318935490583 97
    vertex -23.3783617827373 68.09884140244567 97
  endloop
endfacet
facet normal 0 0 1
  outer loop
    vertex -0.5942166829740333 4.081297883748175 97
    vertex -1.223662591626049 9.998710692954822 97
    vertex -6.033569454364944 6.494888140599294 97
  endloop
endfacet
facet normal 0 0 1
  outer loop
    vertex -25.27319690527524 -7.520402068820145 97
    vertex -24.64375099596199 -13.43781487798731 97
    vertex -19.83384413320146 -9.933992325630488 97
  endloop
endfacet
facet normal 0 0 1
  outer loop
    vertex -17.31606049594792 -33.60364356229915 97
    vertex -16.68661458663484 -39.52105637146633 97
    vertex -11.87670772387319 -36.01723381910942 97
  endloop
endfacet
facet normal 0 -0 1
  outer loop
    vertex 14.06116431787444 -36.2503594848265 97
    vertex 18.87107118063614 -32.7465369324696 97
    vertex 13.43171840856138 -30.3329466756593 97
  endloop
endfacet
facet normal 0 -0 1
  outer loop
    vertex -1.853108500814356 15.91612350212945 97
    vertex 2.956798361978822 19.41994605448824 97
    vertex -2.482554410100713 21.83353631129823 97
  endloop
endfacet
facet normal 0 0 1
  outer loop
    vertex -2.482554410100713 21.83353631129823 97
    vertex -3.112000319407584 27.75094912046578 97
    vertex -7.921907182171009 24.24712656810879 97
  endloop
endfacet
facet normal -0 0 1
  outer loop
    vertex -2.482554410100713 21.83353631129823 97
    vertex 2.956798361978822 19.41994605448824 97
    vertex 2.327352452667447 25.33735886365549 97
  endloop
endfacet
facet normal 0 0 1
  outer loop
    vertex 2.327352452667447 25.33735886365549 97
    vertex 2.956798361978822 19.41994605448824 97
    vertex 7.766705224743497 22.92376860684533 97
  endloop
endfacet
facet normal 0 0 1
  outer loop
    vertex 6.507813406117771 34.75859422517966 97
    vertex 1.068457787113448 37.17217806604855 97
    vertex 1.69790654335587 31.25477167282277 97
  endloop
endfacet
facet normal 0 0 1
  outer loop
    vertex -29.04987236115322 27.98407478618294 97
    vertex -34.48922513322796 30.39766504299323 97
    vertex -33.85977922391491 24.48025223382605 97
  endloop
endfacet
facet normal -0 0 1
  outer loop
    vertex 29.12033081547259 -31.656304636923 97
    vertex 34.55968358754738 -34.06989489373337 97
    vertex 33.93023767823427 -28.15248208456608 97
  endloop
endfacet
facet normal 0 0 1
  outer loop
    vertex -22.12596735870959 -37.10746611465604 97
    vertex -22.75538283276138 -31.19004455793549 97
    vertex -27.56532013078434 -34.69387585784575 97
  endloop
endfacet
facet normal 0 0 1
  outer loop
    vertex 38.74014454100347 -24.64865953220839 97
    vertex 39.35056221592554 -30.5381588693995 97
    vertex 44.17949731307372 -27.06224978901923 97
  endloop
endfacet
facet normal 0 0 1
  outer loop
    vertex 9.880703364425768 -45.67159484635056 97
    vertex 4.441350592351032 -43.25800458954028 97
    vertex 5.070796501664058 -49.17541739870744 97
  endloop
endfacet
facet normal 0 0 1
  outer loop
    vertex -35.1186710425411 36.31507785216042 97
    vertex -39.92857790530294 32.81125529980354 97
    vertex -34.48922513322796 30.39766504299323 97
  endloop
endfacet
facet normal 0 0 1
  outer loop
    vertex -39.92857790530294 32.81125529980354 97
    vertex -39.29913199598971 26.89384249063634 97
    vertex -34.48922513322796 30.39766504299323 97
  endloop
endfacet
facet normal 0 -0 1
  outer loop
    vertex -33.63411881217218 -26.36287279186828 97
    vertex -28.82421194941049 -22.8590502395114 97
    vertex -34.26356472148522 -20.4454599827011 97
  endloop
endfacet
facet normal 0 0 1
  outer loop
    vertex 6.73347381786217 -16.08453080051626 97
    vertex 7.362919727173665 -22.00194360968257 97
    vertex 12.17282658993411 -18.49812105732751 97
  endloop
endfacet
facet normal -0 0 1
  outer loop
    vertex -37.35489453621951 -48.54379716887253 97
    vertex -31.28384137422577 -50.00921713527887 97
    vertex -31.7381113983807 -44.11290683592075 97
  endloop
endfacet
facet normal 0 0 1
  outer loop
    vertex 65.93567951916422 -28.9220705750136 97
    vertex 59.96528057088091 -29.03123640463253 97
    vertex 63.32211008686734 -34.26821229866906 97
  endloop
endfacet
facet normal 0 0 1
  outer loop
    vertex -35.52245654011135 -8.610634364366742 97
    vertex -34.89301063079829 -14.52804717353392 97
    vertex -30.08310376803666 -11.02422462117703 97
  endloop
endfacet
facet normal 0 -0 1
  outer loop
    vertex 14.69061022718749 -42.16777229399369 97
    vertex 19.50051708994919 -38.6639497416368 97
    vertex 14.06116431787444 -36.2503594848265 97
  endloop
endfacet
facet normal 0 -0 1
  outer loop
    vertex 18.87107118063614 -32.7465369324696 97
    vertex 23.68097804339782 -29.24271438011269 97
    vertex 18.24162527132307 -26.82912412330241 97
  endloop
endfacet
facet normal 0 0 1
  outer loop
    vertex 1.69790654335587 31.25477167282277 97
    vertex -3.741446228719179 33.66836192963304 97
    vertex -3.112000319407584 27.75094912046578 97
  endloop
endfacet
facet normal 0 0 1
  outer loop
    vertex 7.137259315430518 28.84118141601245 97
    vertex 6.507813406117771 34.75859422517966 97
    vertex 1.69790654335587 31.25477167282277 97
  endloop
endfacet
facet normal 0 0 1
  outer loop
    vertex -8.5513530914813 30.16453937727614 97
    vertex -13.99070586355543 32.57812963408645 97
    vertex -13.36125995424283 26.66071682491925 97
  endloop
endfacet
facet normal 0 0 1
  outer loop
    vertex -3.741446228719179 33.66836192963304 97
    vertex -9.180799000793652 36.08195218644335 97
    vertex -8.5513530914813 30.16453937727614 97
  endloop
endfacet
facet normal 0 0 1
  outer loop
    vertex 5.878367496804754 40.67600703434688 97
    vertex 1.068457787113448 37.17217806604855 97
    vertex 6.507813406117771 34.75859422517966 97
  endloop
endfacet
facet normal -0 0 1
  outer loop
    vertex -5.807909042485361 -44.34823688508691 97
    vertex -0.368556270410654 -46.76182714189719 97
    vertex -0.9980021797236918 -40.84441433272999 97
  endloop
endfacet
facet normal 0 0 1
  outer loop
    vertex -22.12596735870959 -37.10746611465604 97
    vertex -21.49652144939653 -43.02487892382322 97
    vertex -16.68661458663484 -39.52105637146633 97
  endloop
endfacet
facet normal -0 0 1
  outer loop
    vertex 38.74014454100347 -24.64865953220839 97
    vertex 44.17949731307372 -27.06224978901923 97
    vertex 43.55005140376787 -21.14483697985121 97
  endloop
endfacet
facet normal 0 0 1
  outer loop
    vertex 12.57661208750545 26.42759115920217 97
    vertex 13.20605799681926 20.51017835003458 97
    vertex 18.01596485958032 24.01400090239186 97
  endloop
endfacet
facet normal 0 0 1
  outer loop
    vertex -26.93587422147128 -40.61128866701293 97
    vertex -26.34037772823813 -46.4688343239262 97
    vertex -21.49652144939653 -43.02487892382322 97
  endloop
endfacet
facet normal 0 0 1
  outer loop
    vertex -21.49652144939653 -43.02487892382322 97
    vertex -26.34037772823813 -46.4688343239262 97
    vertex -20.86707554008347 -48.94229173299041 97
  endloop
endfacet
facet normal 0 -0 1
  outer loop
    vertex -20.05950454494289 40.90913270006394 97
    vertex -15.2495976821812 44.41295525242084 97
    vertex -20.68895045425596 46.82654550923111 97
  endloop
endfacet
facet normal 0 -0 1
  outer loop
    vertex -15.2495976821812 44.41295525242084 97
    vertex -10.43969081941952 47.91677780477774 97
    vertex -15.87904359149427 50.33036806158802 97
  endloop
endfacet
facet normal 0 0 1
  outer loop
    vertex -20.86707554008347 -48.94229173299041 97
    vertex -20.31358824414263 -54.50871897923246 97
    vertex -15.42772276800871 -51.35588198980069 97
  endloop
endfacet
facet normal 0 -0 1
  outer loop
    vertex -35.74811695185412 42.23249066132763 97
    vertex -30.99443560950514 45.76216640371634 97
    vertex -36.71491598364364 48.30502261068588 97
  endloop
endfacet
facet normal 0 -0 1
  outer loop
    vertex -0.8198770938961364 54.92442290949157 97
    vertex 3.99002976886555 58.42824546184849 97
    vertex -0.8282219900913513 61.54646759527888 97
  endloop
endfacet
facet normal 0 0 1
  outer loop
    vertex -48.50513735226613 -30.93691400103875 97
    vertex -48.34862260290785 -37.54538399066697 97
    vertex -43.25393253769558 -33.37051789658204 97
  endloop
endfacet
facet normal 0 0 1
  outer loop
    vertex 53.16986518848703 -14.13719174395032 97
    vertex 52.54042078457165 -8.219774310702544 97
    vertex 47.73051271190432 -11.7236008304659 97
  endloop
endfacet
facet normal 0 -0 1
  outer loop
    vertex 53.79108416546217 -20.05547977100569 97
    vertex 58.64008609258697 -16.53574774506852 97
    vertex 53.16986518848703 -14.13719174395032 97
  endloop
endfacet
facet normal -0 0 1
  outer loop
    vertex 1.923566955098902 -19.58835335287183 97
    vertex 7.362919727173665 -22.00194360968257 97
    vertex 6.73347381786217 -16.08453080051626 97
  endloop
endfacet
facet normal 0 0 1
  outer loop
    vertex -37.35489453621951 -48.54379716887253 97
    vertex -34.96833541783854 -53.3235394143057 97
    vertex -31.28384137422577 -50.00921713527887 97
  endloop
endfacet
facet normal 0 0 1
  outer loop
    vertex 48.7642731570535 -52.97212156846534 97
    vertex 43.4315355347336 -51.07780762096449 97
    vertex 44.22331531365623 -56.81811667654023 97
  endloop
endfacet
facet normal 0 0 1
  outer loop
    vertex 69.79681914763182 -17.67495507413742 97
    vertex 64.29391066486966 -18.86231027553741 97
    vertex 68.09884140244574 -23.37836178273705 97
  endloop
endfacet
facet normal 0 -0 1
  outer loop
    vertex -4.145231726316617 -11.25735028689573 97
    vertex 0.6646751361790033 -7.753527734554983 97
    vertex -4.774677635735642 -5.339937477734879 97
  endloop
endfacet
facet normal 0 -0 1
  outer loop
    vertex -25.90264281458814 -1.60298925965296 97
    vertex -21.09273595182643 1.900833292703942 97
    vertex -26.53208872390106 4.314423549514222 97
  endloop
endfacet
facet normal 0 -0 1
  outer loop
    vertex 3.182458773724937 -31.42317897120591 97
    vertex 7.992365636486628 -27.91935641884901 97
    vertex 2.553012864411873 -25.50576616203873 97
  endloop
endfacet
facet normal -0 0 1
  outer loop
    vertex -26.53208872390106 4.314423549514222 97
    vertex -21.09273595182643 1.900833292703942 97
    vertex -21.72218186113934 7.818246101871125 97
  endloop
endfacet
facet normal -0 0 1
  outer loop
    vertex -1.223662591626049 9.998710692954822 97
    vertex 4.215690173552872 7.585120435732696 97
    vertex 3.5862442712633 13.50253324531953 97
  endloop
endfacet
facet normal -0 0 1
  outer loop
    vertex 33.93023767823427 -28.15248208456608 97
    vertex 39.35056221592554 -30.5381588693995 97
    vertex 38.74014454100347 -24.64865953220839 97
  endloop
endfacet
facet normal 0 0 1
  outer loop
    vertex -39.07347158424692 -23.94928253505798 97
    vertex -38.44402567493387 -29.86669534422516 97
    vertex -33.63411881217218 -26.36287279186828 97
  endloop
endfacet
facet normal 0 0 1
  outer loop
    vertex 42.92060549766277 -15.22742417508709 97
    vertex 37.48125273854491 -12.81383391442103 97
    vertex 38.11069863173675 -18.73124672303627 97
  endloop
endfacet
facet normal 0 0 1
  outer loop
    vertex -30.30876417977933 39.8189004045173 97
    vertex -30.99443560950514 45.76216640371634 97
    vertex -35.74811695185412 42.23249066132763 97
  endloop
endfacet
facet normal 0 -0 1
  outer loop
    vertex -46.40116208426086 -3.783453850746207 97
    vertex -41.59125522149917 -0.2796312983893059 97
    vertex -47.03060799357393 2.133958958420961 97
  endloop
endfacet
facet normal -0 0 1
  outer loop
    vertex -46.40116208426086 -3.783453850746207 97
    vertex -40.96180931218611 -6.197044107556477 97
    vertex -41.59125522149917 -0.2796312983893059 97
  endloop
endfacet
facet normal 0 0 1
  outer loop
    vertex 20.75940890857525 -50.49877535997121 97
    vertex 21.23447371691504 -56.98771024651058 97
    vertex 26.04571185449802 -52.60460135243483 97
  endloop
endfacet
facet normal 0 0 1
  outer loop
    vertex -47.66005390288701 8.051371767588128 97
    vertex -53.09940667496177 10.46496202439838 97
    vertex -52.46996076564868 4.547549215231227 97
  endloop
endfacet
facet normal 0 0 1
  outer loop
    vertex 57.97722926045232 -10.63909950855512 97
    vertex 57.22303447328233 -4.735519232366705 97
    vertex 52.54042078457165 -8.219774310702544 97
  endloop
endfacet
facet normal 0 -0 1
  outer loop
    vertex 25.73601356724648 48.85289589515555 97
    vertex 30.79481479251279 52.80340440474863 97
    vertex 25.05018035749711 55.16705431621978 97
  endloop
endfacet
facet normal 0 0 1
  outer loop
    vertex 9.655042927950561 5.171530177867054 97
    vertex 4.845136085799235 1.667707626740766 97
    vertex 10.28448886199606 -0.7458826298233975 97
  endloop
endfacet
facet normal 0 0 1
  outer loop
    vertex 4.845136085799235 1.667707626740766 97
    vertex 4.215690173552872 7.585120435732696 97
    vertex -0.5942166829740333 4.081297883748175 97
  endloop
endfacet
facet normal 0 0 1
  outer loop
    vertex 0.03522922635810945 -1.836114925417862 97
    vertex 0.6646751361790033 -7.753527734554983 97
    vertex 5.474581998547355 -4.249705182221312 97
  endloop
endfacet
facet normal 0 0 1
  outer loop
    vertex 14.06116431787444 -36.2503594848265 97
    vertex 13.43171840856138 -30.3329466756593 97
    vertex 8.621811545799689 -33.83676922801619 97
  endloop
endfacet
facet normal 0 0 1
  outer loop
    vertex -3.112000319407584 27.75094912046578 97
    vertex -3.741446228719179 33.66836192963304 97
    vertex -8.5513530914813 30.16453937727614 97
  endloop
endfacet
facet normal 0 0 1
  outer loop
    vertex 9.880703364425768 -45.67159484635056 97
    vertex 10.51014927373878 -51.58900765551775 97
    vertex 15.3200561365005 -48.08518510316089 97
  endloop
endfacet
facet normal 0 0 1
  outer loop
    vertex 1.923566955098902 -19.58835335287183 97
    vertex 1.294121045713593 -13.67094054370931 97
    vertex -3.515785816976972 -17.17476309606133 97
  endloop
endfacet
facet normal 0 0 1
  outer loop
    vertex -48.9189457215132 19.88619738592249 97
    vertex -49.54839163082632 25.80361019508963 97
    vertex -53.99205126456296 22.37504103390884 97
  endloop
endfacet
facet normal -0 0 1
  outer loop
    vertex 7.766705224743497 22.92376860684533 97
    vertex 13.20605799681926 20.51017835003458 97
    vertex 12.57661208750545 26.42759115920217 97
  endloop
endfacet
facet normal 0 -0 1
  outer loop
    vertex 2.553012864411873 -25.50576616203873 97
    vertex 7.362919727173665 -22.00194360968257 97
    vertex 1.923566955098902 -19.58835335287183 97
  endloop
endfacet
facet normal 0 0 1
  outer loop
    vertex -21.20689180551508 52.59088933987593 97
    vertex -26.88636913381576 55.91741056736946 97
    vertex -26.1283032263307 49.24013576604138 97
  endloop
endfacet
facet normal 0 0 1
  outer loop
    vertex -4.370892138031708 39.58577473880026 97
    vertex -9.180799000793652 36.08195218644335 97
    vertex -3.741446228719179 33.66836192963304 97
  endloop
endfacet
facet normal 0 0 1
  outer loop
    vertex -23.38485917733581 -25.27264049632169 97
    vertex -22.75538283276138 -31.19004455793549 97
    vertex -17.94550640526113 -27.68623075313198 97
  endloop
endfacet
facet normal 0 0 1
  outer loop
    vertex 41.93788713626223 41.16401012654286 97
    vertex 41.58730306986158 47.30375467601139 97
    vertex 36.58093559859789 43.83122983005044 97
  endloop
endfacet
facet normal 0 -0 1
  outer loop
    vertex -0.5942166829740333 4.081297883748175 97
    vertex 4.215690173552872 7.585120435732696 97
    vertex -1.223662591626049 9.998710692954822 97
  endloop
endfacet
facet normal 0 0 1
  outer loop
    vertex -17.31606049594792 -33.60364356229915 97
    vertex -22.75538283276138 -31.19004455793549 97
    vertex -22.12596735870959 -37.10746611465604 97
  endloop
endfacet
facet normal 0 0 1
  outer loop
    vertex 12.80227249924832 -24.41553386649213 97
    vertex 7.362919727173665 -22.00194360968257 97
    vertex 7.992365636486628 -27.91935641884901 97
  endloop
endfacet
facet normal 0 0 1
  outer loop
    vertex -39.07347158424692 -23.94928253505798 97
    vertex -44.51282435632164 -21.53569227824771 97
    vertex -43.8833784470086 -27.45310508741487 97
  endloop
endfacet
facet normal -0 0 1
  outer loop
    vertex -49.95217712839637 -19.12210202143746 97
    vertex -44.51282435632164 -21.53569227824771 97
    vertex -45.14227026563471 -15.61827946908054 97
  endloop
endfacet
facet normal 0 -0 1
  outer loop
    vertex -3.515785816976972 -17.17476309606133 97
    vertex 1.294121045713593 -13.67094054370931 97
    vertex -4.145231726316617 -11.25735028689573 97
  endloop
endfacet
facet normal 0 0 1
  outer loop
    vertex -47.03060799357393 2.133958958420961 97
    vertex -52.46996076564868 4.547549215231227 97
    vertex -51.8405148563356 -1.369863593935943 97
  endloop
endfacet
facet normal 0 -0 1
  outer loop
    vertex 10.88466677812598 -57.18949928201364 97
    vertex 15.91556836095432 -53.99143805041376 97
    vertex 10.51014927373878 -51.58900765551775 97
  endloop
endfacet
facet normal 0 0 1
  outer loop
    vertex -5.178463133172305 -50.26564969425409 97
    vertex -5.807909042485361 -44.34823688508691 97
    vertex -10.61781590524703 -47.8520594374438 97
  endloop
endfacet
facet normal 0 0 1
  outer loop
    vertex 4.441350592351032 -43.25800458954028 97
    vertex -0.368556270410654 -46.76182714189719 97
    vertex 5.070796501664058 -49.17541739870744 97
  endloop
endfacet
facet normal -0 0 1
  outer loop
    vertex 31.01009155805513 -49.29655564283261 97
    vertex 36.51053914588836 -51.80149306360907 97
    vertex 35.67426039872133 -45.68445549559597 97
  endloop
endfacet
facet normal 0 -0 1
  outer loop
    vertex 15.49746379610204 47.68203532182309 97
    vertex 20.30733893593537 51.18578638226135 97
    vertex 14.8649578443143 53.59255191052773 97
  endloop
endfacet
facet normal 0 0 1
  outer loop
    vertex -9.810244910106473 41.99936499561054 97
    vertex -9.180799000793652 36.08195218644335 97
    vertex -4.370892138031708 39.58577473880026 97
  endloop
endfacet
facet normal 0 0 1
  outer loop
    vertex -71.01801384499602 11.85081050021282 97
    vertex -64.552435188326 14.03733587788048 97
    vertex -69.79681914763182 17.67495507413741 97
  endloop
endfacet
facet normal 0 0 1
  outer loop
    vertex -30.71254967734973 -5.106811812009848 97
    vertex -36.15190244942443 -2.693221555199573 97
    vertex -35.52245654011135 -8.610634364366742 97
  endloop
endfacet
facet normal 0 0 1
  outer loop
    vertex -45.14227026563471 -15.61827946908054 97
    vertex -44.51282435632164 -21.53569227824771 97
    vertex -39.70291749355997 -18.03186972589081 97
  endloop
endfacet
facet normal 0 0 1
  outer loop
    vertex 48.35995826705741 -17.64101442822887 97
    vertex 47.73051271190432 -11.7236008304659 97
    vertex 42.92060549766277 -15.22742417508709 97
  endloop
endfacet
facet normal 0 0 1
  outer loop
    vertex -26.1283032263307 49.24013576604138 97
    vertex -31.91012728860465 51.80750460239238 97
    vertex -30.99443560950514 45.76216640371634 97
  endloop
endfacet
facet normal 0 -0 1
  outer loop
    vertex 58.64008609258697 -16.53574774506852 97
    vertex 63.11479940253987 -12.62790918439024 97
    vertex 57.97722926045232 -10.63909950855512 97
  endloop
endfacet
facet normal 0 0 1
  outer loop
    vertex -14.62015177286815 38.49554244325365 97
    vertex -13.99070586355543 32.57812963408645 97
    vertex -9.180799000793652 36.08195218644335 97
  endloop
endfacet
facet normal 0 0 1
  outer loop
    vertex -7.066800861111544 -32.51341126675253 97
    vertex -6.437354951798435 -38.43082407591969 97
    vertex -1.627448089036751 -34.92700152356281 97
  endloop
endfacet
facet normal 0 -0 1
  outer loop
    vertex -19.43005863562984 34.99171989089675 97
    vertex -14.62015177286815 38.49554244325365 97
    vertex -20.05950454494289 40.90913270006394 97
  endloop
endfacet
facet normal 0 0 1
  outer loop
    vertex 9.251257455112739 -39.75418203718338 97
    vertex 4.441350592351032 -43.25800458954028 97
    vertex 9.880703364425768 -45.67159484635056 97
  endloop
endfacet
facet normal 0 0 1
  outer loop
    vertex 41.93788713626223 41.16401012654286 97
    vertex 36.58093559859789 43.83122983005044 97
    vertex 37.25559231062715 38.02929111181943 97
  endloop
endfacet
facet normal 0 0 1
  outer loop
    vertex -17.54172090769327 17.23948146339506 97
    vertex -22.35162777045238 13.73565891103834 97
    vertex -16.91227499837984 11.32206865422791 97
  endloop
endfacet
facet normal 0 -0 1
  outer loop
    vertex -45.77171617494779 -9.700866659913375 97
    vertex -40.96180931218611 -6.197044107556477 97
    vertex -46.40116208426086 -3.783453850746207 97
  endloop
endfacet
facet normal -0 0 1
  outer loop
    vertex -24.23996549839153 31.48789733853985 97
    vertex -18.8006127263172 29.07430708172954 97
    vertex -19.43005863562984 34.99171989089675 97
  endloop
endfacet
facet normal -0 0 1
  outer loop
    vertex -28.42042645184017 22.06666197701576 97
    vertex -22.98107367976609 19.65307172020545 97
    vertex -23.61051958907848 25.57048452937266 97
  endloop
endfacet
facet normal 0 0 1
  outer loop
    vertex -17.94550640526113 -27.68623075313198 97
    vertex -22.75538283276138 -31.19004455793549 97
    vertex -17.31606049594792 -33.60364356229915 97
  endloop
endfacet
facet normal -0 0 1
  outer loop
    vertex -14.62015177286815 38.49554244325365 97
    vertex -9.180799000793652 36.08195218644335 97
    vertex -9.810244910106473 41.99936499561054 97
  endloop
endfacet
facet normal 0 -0 1
  outer loop
    vertex 34.55968358754738 -34.06989489373337 97
    vertex 39.35056221592554 -30.5381588693995 97
    vertex 33.93023767823427 -28.15248208456608 97
  endloop
endfacet
facet normal -0 0 1
  outer loop
    vertex 53.16986518848703 -14.13719174395032 97
    vertex 58.64008609258697 -16.53574774506852 97
    vertex 57.97722926045232 -10.63909950855512 97
  endloop
endfacet
facet normal 0 0 1
  outer loop
    vertex 7.992365636486628 -27.91935641884901 97
    vertex 7.362919727173665 -22.00194360968257 97
    vertex 2.553012864411873 -25.50576616203873 97
  endloop
endfacet
facet normal 0 0 1
  outer loop
    vertex -22.35162777045238 13.73565891103834 97
    vertex -22.98107367976609 19.65307172020545 97
    vertex -27.79098054252713 16.14924916784858 97
  endloop
endfacet
facet normal 0 0 1
  outer loop
    vertex -39.70291749355997 -18.03186972589081 97
    vertex -44.51282435632164 -21.53569227824771 97
    vertex -39.07347158424692 -23.94928253505798 97
  endloop
endfacet
facet normal -0 0 1
  outer loop
    vertex 40.45583590077303 -42.15906050617182 97
    vertex 45.94214785737633 -44.68591307322587 97
    vertex 45.17973587033806 -38.49112650063584 97
  endloop
endfacet
facet normal -0 0 1
  outer loop
    vertex -11.87670772387319 -36.01723381910942 97
    vertex -6.437354951798435 -38.43082407591969 97
    vertex -7.066800861111544 -32.51341126675253 97
  endloop
endfacet
facet normal 0 0 1
  outer loop
    vertex -40.33236340287304 -12.11445691672364 97
    vertex -40.96180931218611 -6.197044107556477 97
    vertex -45.77171617494779 -9.700866659913375 97
  endloop
endfacet
facet normal 0 -0 1
  outer loop
    vertex -11.2472618145601 -41.9346466282766 97
    vertex -6.437354951798435 -38.43082407591969 97
    vertex -11.87670772387319 -36.01723381910942 97
  endloop
endfacet
facet normal 0 0 1
  outer loop
    vertex -23.61051958907848 25.57048452937266 97
    vertex -22.98107367976609 19.65307172020545 97
    vertex -18.1711668170051 23.1568942725623 97
  endloop
endfacet
facet normal 0 0 1
  outer loop
    vertex 37.25559231062715 38.02929111181943 97
    vertex 31.80838698004644 40.4258304496001 97
    vertex 32.44568544786546 34.52546855946255 97
  endloop
endfacet
facet normal 0 0 1
  outer loop
    vertex 5.070796501664058 -49.17541739870744 97
    vertex 0.2469848089020069 -52.6601519589514 97
    vertex 5.6816473187012 -55.0673036121024 97
  endloop
endfacet
facet normal 0 0 1
  outer loop
    vertex 3.811904683037997 -37.34059178037309 97
    vertex 4.441350592351032 -43.25800458954028 97
    vertex 9.251257455112739 -39.75418203718338 97
  endloop
endfacet
facet normal 0 0 1
  outer loop
    vertex 53.61426500774358 30.84444326371012 97
    vertex 52.38096182765995 36.63621418979751 97
    vertex 48.1108700312482 33.14931213556845 97
  endloop
endfacet
facet normal -0 0 1
  outer loop
    vertex -0.9980021797236918 -40.84441433272999 97
    vertex 4.441350592351032 -43.25800458954028 97
    vertex 3.811904683037997 -37.34059178037309 97
  endloop
endfacet
facet normal 0 0 1
  outer loop
    vertex -19.43005863562984 34.99171989089675 97
    vertex -18.8006127263172 29.07430708172954 97
    vertex -13.99070586355543 32.57812963408645 97
  endloop
endfacet
facet normal 0 0 1
  outer loop
    vertex -12.73181404493386 20.74330401575182 97
    vertex -18.1711668170051 23.1568942725623 97
    vertex -17.54172090769327 17.23948146339506 97
  endloop
endfacet
facet normal -0 0 1
  outer loop
    vertex -19.43005863562984 34.99171989089675 97
    vertex -13.99070586355543 32.57812963408645 97
    vertex -14.62015177286815 38.49554244325365 97
  endloop
endfacet
facet normal 0 0 1
  outer loop
    vertex -18.1711668170051 23.1568942725623 97
    vertex -22.98107367976609 19.65307172020545 97
    vertex -17.54172090769327 17.23948146339506 97
  endloop
endfacet
facet normal 0 0 1
  outer loop
    vertex 54.39301507207942 25.09763973969539 97
    vertex 53.61426500774358 30.84444326371012 97
    vertex 48.76374524616102 27.28469700710578 97
  endloop
endfacet
facet normal 0 0 1
  outer loop
    vertex -13.99070586355543 32.57812963408645 97
    vertex -18.8006127263172 29.07430708172954 97
    vertex -13.36125995424283 26.66071682491925 97
  endloop
endfacet
facet normal 0 0 1
  outer loop
    vertex -49.95217712839637 -19.12210202143746 97
    vertex -49.21986480122233 -25.01870300685531 97
    vertex -44.51282435632164 -21.53569227824771 97
  endloop
endfacet
facet normal 0 0 1
  outer loop
    vertex -26.1283032263307 49.24013576604138 97
    vertex -30.99443560950514 45.76216640371634 97
    vertex -25.49885731701763 43.3227229568742 97
  endloop
endfacet
facet normal 0 0 1
  outer loop
    vertex -43.8833784470086 -27.45310508741487 97
    vertex -49.21986480122233 -25.01870300685531 97
    vertex -48.50513735226613 -30.93691400103875 97
  endloop
endfacet
facet normal 0 -0 1
  outer loop
    vertex 48.76374524616102 27.28469700710578 97
    vertex 53.61426500774358 30.84444326371012 97
    vertex 48.1108700312482 33.14931213556845 97
  endloop
endfacet
facet normal 0 0 1
  outer loop
    vertex -44.51282435632164 -21.53569227824771 97
    vertex -49.21986480122233 -25.01870300685531 97
    vertex -43.8833784470086 -27.45310508741487 97
  endloop
endfacet
facet normal 0 0 1
  outer loop
    vertex -17.54172090769327 17.23948146339506 97
    vertex -22.98107367976609 19.65307172020545 97
    vertex -22.35162777045238 13.73565891103834 97
  endloop
endfacet
facet normal 0 0 1
  outer loop
    vertex 15.09439557635643 2.757939913672163 97
    vertex 9.655042927950561 5.171530177867054 97
    vertex 10.28448886199606 -0.7458826298233975 97
  endloop
endfacet
facet normal 0 0 1
  outer loop
    vertex -25.49885731701763 43.3227229568742 97
    vertex -30.99443560950514 45.76216640371634 97
    vertex -30.30876417977933 39.8189004045173 97
  endloop
endfacet
facet normal 0 -0 1
  outer loop
    vertex -4.613851111585707 -56.09406114651595 97
    vertex 0.2469848089020069 -52.6601519589514 97
    vertex -5.178463133172305 -50.26564969425409 97
  endloop
endfacet
facet normal 0 0 1
  outer loop
    vertex 36.58093559859789 43.83122983005044 97
    vertex 31.80838698004644 40.4258304496001 97
    vertex 37.25559231062715 38.02929111181943 97
  endloop
endfacet
facet normal -0 0 1
  outer loop
    vertex -54.3330334414964 -22.52106727003165 97
    vertex -49.21986480122233 -25.01870300685531 97
    vertex -49.95217712839637 -19.12210202143746 97
  endloop
endfacet
facet normal 0 0 1
  outer loop
    vertex -0.368556270410654 -46.76182714189719 97
    vertex 0.2469848089020069 -52.6601519589514 97
    vertex 5.070796501664058 -49.17541739870744 97
  endloop
endfacet
facet normal 0 0 1
  outer loop
    vertex -30.99443560950514 45.76216640371634 97
    vertex -31.91012728860465 51.80750460239238 97
    vertex -36.71491598364364 48.30502261068588 97
  endloop
endfacet
facet normal 0 -0 1
  outer loop
    vertex -5.178463133172305 -50.26564969425409 97
    vertex -0.368556270410654 -46.76182714189719 97
    vertex -5.807909042485361 -44.34823688508691 97
  endloop
endfacet
facet normal 0 0 1
  outer loop
    vertex -26.88636913381576 55.91741056736946 97
    vertex -31.91012728860465 51.80750460239238 97
    vertex -26.1283032263307 49.24013576604138 97
  endloop
endfacet
facet normal -0 0 1
  outer loop
    vertex -5.178463133172305 -50.26564969425409 97
    vertex 0.2469848089020069 -52.6601519589514 97
    vertex -0.368556270410654 -46.76182714189719 97
  endloop
endfacet
facet normal -0 0 1
  outer loop
    vertex -4.613851111585707 -56.09406114651595 97
    vertex 0.5905147642356049 -58.24501257301427 97
    vertex 0.2469848089020069 -52.6601519589514 97
  endloop
endfacet
facet normal 0 0 1
  outer loop
    vertex -49.21986480122233 -25.01870300685531 97
    vertex -54.3374963887774 -28.9001026506285 97
    vertex -48.50513735226613 -30.93691400103875 97
  endloop
endfacet
facet normal 0 0 1
  outer loop
    vertex -54.3330334414964 -22.52106727003165 97
    vertex -54.3374963887774 -28.9001026506285 97
    vertex -49.21986480122233 -25.01870300685531 97
  endloop
endfacet
facet normal 0 0 1
  outer loop
    vertex 7.766705224743497 22.92376860684533 97
    vertex 8.396151131973989 17.00635579755328 97
    vertex 13.20605799681926 20.51017835003458 97
  endloop
endfacet
facet normal 0 -0 1
  outer loop
    vertex 3.5862442712633 13.50253324531953 97
    vertex 8.396151131973989 17.00635579755328 97
    vertex 2.956798361978822 19.41994605448824 97
  endloop
endfacet
facet normal 0 0 1
  outer loop
    vertex 0.2469848089020069 -52.6601519589514 97
    vertex 0.5905147642356049 -58.24501257301427 97
    vertex 5.6816473187012 -55.0673036121024 97
  endloop
endfacet
facet normal 0 0 1
  outer loop
    vertex 15.09439557635643 2.757939913672163 97
    vertex 10.28448886199606 -0.7458826298233975 97
    vertex 15.72384148214349 -3.159472895731444 97
  endloop
endfacet
facet normal -0 0 1
  outer loop
    vertex 21.79263971456435 -11.49047598819081 97
    vertex 27.23199260319666 -13.90406623796677 97
    vertex 26.60254487238713 -7.986653536380112 97
  endloop
endfacet
facet normal -0 0 1
  outer loop
    vertex 2.956798361978822 19.41994605448824 97
    vertex 8.396151131973989 17.00635579755328 97
    vertex 7.766705224743497 22.92376860684533 97
  endloop
endfacet
facet normal 0 0 1
  outer loop
    vertex 15.09439557635643 2.757939913672163 97
    vertex 15.72384148214349 -3.159472895731444 97
    vertex 20.53374773349677 0.3443496201563312 97
  endloop
endfacet
facet normal 0 0 1
  outer loop
    vertex 19.90430246044371 6.261762467289076 97
    vertex 14.46494976541175 8.675352728709802 97
    vertex 15.09439557635643 2.757939913672163 97
  endloop
endfacet
facet normal 0 0 1
  outer loop
    vertex 21.16319310600993 -5.573063220799957 97
    vertex 21.79263971456435 -11.49047598819081 97
    vertex 26.60254487238713 -7.986653536380112 97
  endloop
endfacet
facet normal 0 0 1
  outer loop
    vertex 14.46494976541175 8.675352728709802 97
    vertex 13.83550389158194 14.5927655400442 97
    vertex 9.025597030904223 11.08894298776584 97
  endloop
endfacet
facet normal 0 0 1
  outer loop
    vertex 19.90430246044371 6.261762467289076 97
    vertex 19.2748566554876 12.17917528297815 97
    vertex 14.46494976541175 8.675352728709802 97
  endloop
endfacet
facet normal 0 0 1
  outer loop
    vertex 25.97309668873076 -2.069240864304908 97
    vertex 21.16319310600993 -5.573063220799957 97
    vertex 26.60254487238713 -7.986653536380112 97
  endloop
endfacet
facet normal 0 0 1
  outer loop
    vertex 19.90430246044371 6.261762467289076 97
    vertex 15.09439557635643 2.757939913672163 97
    vertex 20.53374773349677 0.3443496201563312 97
  endloop
endfacet
facet normal 0 0 1
  outer loop
    vertex 25.34365535958193 3.848172218059056 97
    vertex 19.90430246044371 6.261762467289076 97
    vertex 20.53374773349677 0.3443496201563312 97
  endloop
endfacet
facet normal 0 0 1
  outer loop
    vertex 25.97309668873076 -2.069240864304908 97
    vertex 26.60254487238713 -7.986653536380112 97
    vertex 31.41244478461538 -4.482831391769284 97
  endloop
endfacet
facet normal 0 0 1
  outer loop
    vertex 27.86143899698819 -19.82147901857575 97
    vertex 22.42208604393633 -17.40788877247552 97
    vertex 23.05153213410039 -23.32530157096136 97
  endloop
endfacet
facet normal 0 -0 1
  outer loop
    vertex 17.61217936200315 -20.91171131415066 97
    vertex 22.42208604393633 -17.40788877247552 97
    vertex 16.98273345276525 -14.99429850500774 97
  endloop
endfacet
facet normal 0 -0 1
  outer loop
    vertex 27.23199260319666 -13.90406623796677 97
    vertex 32.04187423704651 -10.40024528772885 97
    vertex 26.60254487238713 -7.986653536380112 97
  endloop
endfacet
facet normal -0 0 1
  outer loop
    vertex 25.97309668873076 -2.069240864304908 97
    vertex 31.41244478461538 -4.482831391769284 97
    vertex 30.78298065005657 1.434580321686943 97
  endloop
endfacet
facet normal 0 0 1
  outer loop
    vertex 25.34365535958193 3.848172218059056 97
    vertex 20.53374773349677 0.3443496201563312 97
    vertex 25.97309668873076 -2.069240864304908 97
  endloop
endfacet
facet normal 0 0 1
  outer loop
    vertex 23.05153213410039 -23.32530157096136 97
    vertex 22.42208604393633 -17.40788877247552 97
    vertex 17.61217936200315 -20.91171131415066 97
  endloop
endfacet
facet normal -0 0 1
  outer loop
    vertex 26.60254487238713 -7.986653536380112 97
    vertex 32.04187423704651 -10.40024528772885 97
    vertex 31.41244478461538 -4.482831391769284 97
  endloop
endfacet
facet normal 0 0 1
  outer loop
    vertex 38.11069863173675 -18.73124672303627 97
    vertex 32.67134149607988 -16.3176567428538 97
    vertex 33.3007917689663 -22.2350692753941 97
  endloop
endfacet
facet normal 0 0 1
  outer loop
    vertex 37.48125273854491 -12.81383391442103 97
    vertex 32.67134149607988 -16.3176567428538 97
    vertex 38.11069863173675 -18.73124672303627 97
  endloop
endfacet
facet normal 0 0 1
  outer loop
    vertex 25.34365535958193 3.848172218059056 97
    vertex 25.97309668873076 -2.069240864304908 97
    vertex 30.78298065005657 1.434580321686943 97
  endloop
endfacet
facet normal 0 0 1
  outer loop
    vertex 30.15353416321598 7.35199309088549 97
    vertex 24.71420945116585 9.76558502723266 97
    vertex 25.34365535958193 3.848172218059056 97
  endloop
endfacet
facet normal 0 0 1
  outer loop
    vertex 30.15353416321598 7.35199309088549 97
    vertex 25.34365535958193 3.848172218059056 97
    vertex 30.78298065005657 1.434580321686943 97
  endloop
endfacet
facet normal 0 0 1
  outer loop
    vertex 36.22233735278114 -0.9790096735857833 97
    vertex 36.85166456365639 -6.896430179632995 97
    vertex 41.66089295098939 -3.392651053505086 97
  endloop
endfacet
facet normal 0 0 1
  outer loop
    vertex 35.59277365530374 4.938396054852209 97
    vertex 30.15353416321598 7.35199309088549 97
    vertex 30.78298065005657 1.434580321686943 97
  endloop
endfacet
facet normal 0 -0 1
  outer loop
    vertex 37.48125273854491 -12.81383391442103 97
    vertex 42.29084040602865 -9.310031010167526 97
    vertex 36.85166456365639 -6.896430179632995 97
  endloop
endfacet
facet normal 0 0 1
  outer loop
    vertex 42.92060549766277 -15.22742417508709 97
    vertex 42.29084040602865 -9.310031010167526 97
    vertex 37.48125273854491 -12.81383391442103 97
  endloop
endfacet
facet normal -0 0 1
  outer loop
    vertex 36.22233735278114 -0.9790096735857833 97
    vertex 41.66089295098939 -3.392651053505086 97
    vertex 41.03226769925768 2.524814330386073 97
  endloop
endfacet
facet normal 0 0 1
  outer loop
    vertex 35.59277365530374 4.938396054852209 97
    vertex 30.78298065005657 1.434580321686943 97
    vertex 36.22233735278114 -0.9790096735857833 97
  endloop
endfacet
facet normal 0 0 1
  outer loop
    vertex 47.73051271190432 -11.7236008304659 97
    vertex 42.29084040602865 -9.310031010167526 97
    vertex 42.92060549766277 -15.22742417508709 97
  endloop
endfacet
facet normal 0 0 1
  outer loop
    vertex 40.40197366179677 8.442176226410613 97
    vertex 34.96330973881359 10.85580820463982 97
    vertex 35.59277365530374 4.938396054852209 97
  endloop
endfacet
facet normal 0 0 1
  outer loop
    vertex 35.59277365530374 4.938396054852209 97
    vertex 36.22233735278114 -0.9790096735857833 97
    vertex 41.03226769925768 2.524814330386073 97
  endloop
endfacet
facet normal 0 0 1
  outer loop
    vertex 34.96330973881359 10.85580820463982 97
    vertex 34.33390959718237 16.77322159281573 97
    vertex 29.52408512723639 13.26940576119881 97
  endloop
endfacet
facet normal 0 0 1
  outer loop
    vertex 40.40197366179677 8.442176226410613 97
    vertex 35.59277365530374 4.938396054852209 97
    vertex 41.03226769925768 2.524814330386073 97
  endloop
endfacet
facet normal 0 0 1
  outer loop
    vertex 45.83696625235264 6.028326309876064 97
    vertex 40.40197366179677 8.442176226410613 97
    vertex 41.03226769925768 2.524814330386073 97
  endloop
endfacet
facet normal -0 0 1
  outer loop
    vertex 46.46671760945694 0.1109055382219897 97
    vertex 51.91098017918587 -2.302343402970111 97
    vertex 51.25730927021647 3.613418505551253 97
  endloop
endfacet
facet normal 0 0 1
  outer loop
    vertex 45.83696625235264 6.028326309876064 97
    vertex 41.03226769925768 2.524814330386073 97
    vertex 46.46671760945694 0.1109055382219897 97
  endloop
endfacet
facet normal 0 0 1
  outer loop
    vertex 50.64499102307508 9.532220993471459 97
    vertex 45.21057185677085 11.94593166711385 97
    vertex 45.83696625235264 6.028326309876064 97
  endloop
endfacet
facet normal 0 0 1
  outer loop
    vertex 45.83696625235264 6.028326309876064 97
    vertex 46.46671760945694 0.1109055382219897 97
    vertex 51.25730927021647 3.613418505551253 97
  endloop
endfacet
facet normal 0 0 1
  outer loop
    vertex 50.64499102307508 9.532220993471459 97
    vertex 49.98134399317215 15.4827539358395 97
    vertex 45.21057185677085 11.94593166711385 97
  endloop
endfacet
facet normal 0 0 1
  outer loop
    vertex 45.21057185677085 11.94593166711385 97
    vertex 44.57596478496772 17.86891236385136 97
    vertex 39.77286090545933 14.35960477497891 97
  endloop
endfacet
facet normal 0 0 1
  outer loop
    vertex 50.64499102307508 9.532220993471459 97
    vertex 45.83696625235264 6.028326309876064 97
    vertex 51.25730927021647 3.613418505551253 97
  endloop
endfacet
facet normal 0 0 1
  outer loop
    vertex 56.05806259792246 7.119413691608322 97
    vertex 50.64499102307508 9.532220993471459 97
    vertex 51.25730927021647 3.613418505551253 97
  endloop
endfacet
facet normal 0 0 1
  outer loop
    vertex 56.05806259792246 7.119413691608322 97
    vertex 51.25730927021647 3.613418505551253 97
    vertex 56.6089158404354 1.191187812330575 97
  endloop
endfacet
facet normal -0 0 1
  outer loop
    vertex 8.972727477948183 61.52672670867973 97
    vertex 14.22031421208877 59.47571459127322 97
    vertex 13.30764877128288 65.36819625460257 97
  endloop
endfacet
facet normal 0 0 1
  outer loop
    vertex 56.05806259792246 7.119413691608322 97
    vertex 56.6089158404354 1.191187812330575 97
    vertex 61.52637606330569 4.710100925511071 97
  endloop
endfacet
facet normal 0 0 1
  outer loop
    vertex 60.69053186071854 10.62027491286326 97
    vertex 55.27445624735194 13.05311447523393 97
    vertex 56.05806259792246 7.119413691608322 97
  endloop
endfacet
facet normal -0 0 1
  outer loop
    vertex -57.54056667690288 -34.19000948600808 97
    vertex -52.48130203780801 -34.25666299660589 97
    vertex -54.3374963887774 -28.9001026506285 97
  endloop
endfacet
facet normal 0 -0 1
  outer loop
    vertex 57.97722926045232 -10.63909950855512 97
    vertex 62.41407245614122 -6.839213548461072 97
    vertex 57.22303447328233 -4.735519232366705 97
  endloop
endfacet
facet normal 0 0 1
  outer loop
    vertex -37.14568975763883 -41.69018413339293 97
    vertex -41.97823460055444 -45.16746864900883 97
    vertex -37.35489453621951 -48.54379716887253 97
  endloop
endfacet
facet normal 0 0 1
  outer loop
    vertex 60.69053186071854 10.62027491286326 97
    vertex 56.05806259792246 7.119413691608322 97
    vertex 61.52637606330569 4.710100925511071 97
  endloop
endfacet
facet normal 0 -0 1
  outer loop
    vertex 9.426220009004776 56.00752801068456 97
    vertex 14.22031421208877 59.47571459127322 97
    vertex 8.972727477948183 61.52672670867973 97
  endloop
endfacet
facet normal 0 0 1
  outer loop
    vertex 19.65149079473506 57.40756492440656 97
    vertex 14.22031421208877 59.47571459127322 97
    vertex 14.8649578443143 53.59255191052773 97
  endloop
endfacet
facet normal 0 0 1
  outer loop
    vertex 58.64008609258697 -16.53574774506852 97
    vertex 59.11925475308725 -22.53182794438928 97
    vertex 64.29391066486966 -18.86231027553741 97
  endloop
endfacet
facet normal -0 0 1
  outer loop
    vertex 53.79108416546217 -20.05547977100569 97
    vertex 59.11925475308725 -22.53182794438928 97
    vertex 58.64008609258697 -16.53574774506852 97
  endloop
endfacet
facet normal 0 -0 1
  outer loop
    vertex 52.38096182765995 36.63621418979751 97
    vertex 55.86158543933486 39.84022461285929 97
    vertex 51.40683437006807 42.73911606335665 97
  endloop
endfacet
facet normal 0 0 1
  outer loop
    vertex 63.11479940253987 -12.62790918439024 97
    vertex 62.41407245614122 -6.839213548461072 97
    vertex 57.97722926045232 -10.63909950855512 97
  endloop
endfacet
facet normal 0 0 1
  outer loop
    vertex -42.40462815488405 -39.25778459665726 97
    vertex -41.97823460055444 -45.16746864900883 97
    vertex -37.14568975763883 -41.69018413339293 97
  endloop
endfacet
facet normal 0 0 1
  outer loop
    vertex 14.8649578443143 53.59255191052773 97
    vertex 14.22031421208877 59.47571459127322 97
    vertex 9.426220009004776 56.00752801068456 97
  endloop
endfacet
facet normal 0 -0 1
  outer loop
    vertex 54.39939188823335 -26.08505514653953 97
    vertex 59.11925475308725 -22.53182794438928 97
    vertex 53.79108416546217 -20.05547977100569 97
  endloop
endfacet
facet normal 0 0 1
  outer loop
    vertex -2.693982681735521 -66.85502311499957 97
    vertex -4.170082436385242 -61.76556637324829 97
    vertex -8.12688594247294 -66.2369783943529 97
  endloop
endfacet
facet normal 0 0 1
  outer loop
    vertex 60.69053186071854 10.62027491286326 97
    vertex 61.52637606330569 4.710100925511071 97
    vertex 66.27208411461748 8.260806669970291 97
  endloop
endfacet
facet normal 0 0 1
  outer loop
    vertex 5.6816473187012 -55.0673036121024 97
    vertex 5.638364752276984 -61.3632250817631 97
    vertex 10.88466677812598 -57.18949928201364 97
  endloop
endfacet
facet normal -0 0 1
  outer loop
    vertex 49.53160704767711 -29.43394632336791 97
    vertex 54.6502671348962 -32.04721776292689 97
    vertex 54.39939188823335 -26.08505514653953 97
  endloop
endfacet
facet normal 0 0 1
  outer loop
    vertex -34.96833541783854 -53.3235394143057 97
    vertex -39.65562603833863 -54.58304397657792 97
    vertex -34.80661387263481 -58.2634040009598 97
  endloop
endfacet
facet normal 0 -0 1
  outer loop
    vertex 45.17973587033806 -38.49112650063584 97
    vertex 49.83458156414639 -35.10781252050472 97
    vertex 44.72755037294227 -32.85912494154769 97
  endloop
endfacet
facet normal 0 0 1
  outer loop
    vertex 52.38096182765995 36.63621418979751 97
    vertex 47.30337572127256 38.78655343094182 97
    vertex 48.1108700312482 33.14931213556845 97
  endloop
endfacet
facet normal 0 -0 1
  outer loop
    vertex 42.66761237490682 35.554102778928 97
    vertex 47.30337572127256 38.78655343094182 97
    vertex 41.93788713626223 41.16401012654286 97
  endloop
endfacet
facet normal 0 -0 1
  outer loop
    vertex 31.18679362923944 46.36029417779717 97
    vertex 35.62448631826566 49.64595805486628 97
    vertex 30.79481479251279 52.80340440474863 97
  endloop
endfacet
facet normal 0 0 1
  outer loop
    vertex 41.58730306986158 47.30375467601139 97
    vertex 35.62448631826566 49.64595805486628 97
    vertex 36.58093559859789 43.83122983005044 97
  endloop
endfacet
facet normal 0 0 1
  outer loop
    vertex -41.97823460055444 -45.16746864900883 97
    vertex -47.40992649203118 -47.33682252381787 97
    vertex -43.23572296475232 -50.77038451010607 97
  endloop
endfacet
facet normal 0 0 1
  outer loop
    vertex 19.65149079473506 57.40756492440656 97
    vertex 18.78321047190713 63.79881510356522 97
    vertex 14.22031421208877 59.47571459127322 97
  endloop
endfacet
facet normal -0 0 1
  outer loop
    vertex 26.04571185449802 -52.60460135243483 97
    vertex 30.70681629554517 -55.01738205494128 97
    vertex 31.01009155805513 -49.29655564283261 97
  endloop
endfacet
facet normal -0 0 1
  outer loop
    vertex 0.5905147642356049 -58.24501257301427 97
    vertex 5.638364752276984 -61.3632250817631 97
    vertex 5.6816473187012 -55.0673036121024 97
  endloop
endfacet
facet normal -0 0 1
  outer loop
    vertex 41.58730306986158 47.30375467601139 97
    vertex 46.15591692007199 43.33115393042463 97
    vertex 47.48280313051144 47.79986693953089 97
  endloop
endfacet
facet normal 0 -0 1
  outer loop
    vertex 14.22031421208877 59.47571459127322 97
    vertex 18.78321047190713 63.79881510356522 97
    vertex 13.30764877128288 65.36819625460257 97
  endloop
endfacet
facet normal 0 0 1
  outer loop
    vertex -49.54839163082632 25.80361019508963 97
    vertex -54.646011007798 29.05532741488486 97
    vertex -53.99205126456296 22.37504103390884 97
  endloop
endfacet
facet normal -0 0 1
  outer loop
    vertex 61.52637606330569 4.710100925511071 97
    vertex 66.70086235512031 2.383303351825426 97
    vertex 66.27208411461748 8.260806669970291 97
  endloop
endfacet
facet normal 0 0 1
  outer loop
    vertex 26.04571185449802 -52.60460135243483 97
    vertex 26.54565947533214 -57.44339000068325 97
    vertex 30.70681629554517 -55.01738205494128 97
  endloop
endfacet
facet normal 0 0 1
  outer loop
    vertex 62.41407245614122 -6.839213548461072 97
    vertex 61.93327528516785 -1.104631306152898 97
    vertex 57.22303447328233 -4.735519232366705 97
  endloop
endfacet
facet normal 0 0 1
  outer loop
    vertex -62.422489115747 -2.398662847741562 97
    vertex -61.16400779747795 -8.855800610196189 97
    vertex -56.54819254694905 -4.862811844246274 97
  endloop
endfacet
facet normal 0 0 1
  outer loop
    vertex -55.87837017506082 -10.77223880107083 97
    vertex -61.16400779747795 -8.855800610196189 97
    vertex -60.31679987988538 -14.79932172312226 97
  endloop
endfacet
facet normal 0 0 1
  outer loop
    vertex -53.99205126456296 22.37504103390884 97
    vertex -58.04963905482498 25.11708718554586 97
    vertex -59.44188187921154 19.20895517682573 97
  endloop
endfacet
facet normal -0 0 1
  outer loop
    vertex 56.6089158404354 1.191187812330575 97
    vertex 61.93327528516785 -1.104631306152898 97
    vertex 61.52637606330569 4.710100925511071 97
  endloop
endfacet
facet normal 0 0 1
  outer loop
    vertex 15.91556836095432 -53.99143805041376 97
    vertex 15.74667071085449 -59.69879765650889 97
    vertex 21.23447371691504 -56.98771024651058 97
  endloop
endfacet
facet normal 0 0 1
  outer loop
    vertex 67.1263905227222 -3.337647145756684 97
    vertex 61.93327528516785 -1.104631306152898 97
    vertex 62.41407245614122 -6.839213548461072 97
  endloop
endfacet
facet normal 0 0 1
  outer loop
    vertex -4.613851111585707 -56.09406114651595 97
    vertex -4.170082436385242 -61.76556637324829 97
    vertex 0.5905147642356049 -58.24501257301427 97
  endloop
endfacet
facet normal 0 -0 1
  outer loop
    vertex 41.93788713626223 41.16401012654286 97
    vertex 46.15591692007199 43.33115393042463 97
    vertex 41.58730306986158 47.30375467601139 97
  endloop
endfacet
facet normal 0 -0 1
  outer loop
    vertex 45.94214785737633 -44.68591307322587 97
    vertex 49.4713826572064 -39.9497169515539 97
    vertex 45.17973587033806 -38.49112650063584 97
  endloop
endfacet
facet normal 0 0 1
  outer loop
    vertex 60.69053186071854 10.62027491286326 97
    vertex 60.01677542447306 16.54915972430586 97
    vertex 55.27445624735194 13.05311447523393 97
  endloop
endfacet
facet normal -0 0 1
  outer loop
    vertex 44.72755037294227 -32.85912494154769 97
    vertex 49.83458156414639 -35.10781252050472 97
    vertex 49.53160704767711 -29.43394632336791 97
  endloop
endfacet
facet normal 0 0 1
  outer loop
    vertex 65.32768405473227 14.13376752502887 97
    vertex 60.69053186071854 10.62027491286326 97
    vertex 66.27208411461748 8.260806669970291 97
  endloop
endfacet
facet normal 0 0 1
  outer loop
    vertex 48.1108700312482 33.14931213556845 97
    vertex 47.30337572127256 38.78655343094182 97
    vertex 42.66761237490682 35.554102778928 97
  endloop
endfacet
facet normal 0 0 1
  outer loop
    vertex 36.58093559859789 43.83122983005044 97
    vertex 35.62448631826566 49.64595805486628 97
    vertex 31.18679362923944 46.36029417779717 97
  endloop
endfacet
facet normal 0 -0 1
  outer loop
    vertex -21.20689180551508 52.59088933987593 97
    vertex -20.95524028077674 58.40235814719802 97
    vertex -26.88636913381576 55.91741056736946 97
  endloop
endfacet
facet normal 0 0 1
  outer loop
    vertex -47.04429818909561 46.9405636864542 97
    vertex -51.19052976605875 42.95105746173386 97
    vertex -45.85351272714343 41.12088321415307 97
  endloop
endfacet
facet normal -0 0 1
  outer loop
    vertex -64.41314579594435 -19.07340205079023 97
    vertex -59.16634386062504 -20.54783386039428 97
    vertex -60.31679987988538 -14.79932172312226 97
  endloop
endfacet
facet normal 0 0 1
  outer loop
    vertex -31.28384137422577 -50.00921713527887 97
    vertex -30.29097409845754 -55.29214123119486 97
    vertex -25.72084238587108 -52.11242264853102 97
  endloop
endfacet
facet normal 0 -0 1
  outer loop
    vertex 63.11479940253987 -12.62790918439024 97
    vertex 67.25642224770399 -8.922618127163185 97
    vertex 62.41407245614122 -6.839213548461072 97
  endloop
endfacet
facet normal 0 0 1
  outer loop
    vertex -57.07634731838295 1.065375486564699 97
    vertex -61.98000250379921 4.031409686882739 97
    vertex -62.422489115747 -2.398662847741562 97
  endloop
endfacet
facet normal 0 -0 1
  outer loop
    vertex 49.83458156414639 -35.10781252050472 97
    vertex 54.6502671348962 -32.04721776292689 97
    vertex 49.53160704767711 -29.43394632336791 97
  endloop
endfacet
facet normal 0 0 1
  outer loop
    vertex 31.01009155805513 -49.29655564283261 97
    vertex 30.70681629554517 -55.01738205494128 97
    vertex 36.51053914588836 -51.80149306360907 97
  endloop
endfacet
facet normal 0 0 1
  outer loop
    vertex 30.70681629554517 -55.01738205494128 97
    vertex 26.54565947533214 -57.44339000068325 97
    vertex 30.01548281406627 -60.46648837810085 97
  endloop
endfacet
facet normal 0 0 1
  outer loop
    vertex 0.5905147642356049 -58.24501257301427 97
    vertex 0.462311736123859 -63.03287911133148 97
    vertex 5.638364752276984 -61.3632250817631 97
  endloop
endfacet
facet normal 0 0 1
  outer loop
    vertex -54.3374963887774 -28.9001026506285 97
    vertex -52.48130203780801 -34.25666299660589 97
    vertex -48.50513735226613 -30.93691400103875 97
  endloop
endfacet
facet normal 0 0 1
  outer loop
    vertex -49.53653128274235 31.81204525006435 97
    vertex -54.646011007798 29.05532741488486 97
    vertex -49.54839163082632 25.80361019508963 97
  endloop
endfacet
facet normal 0 0 1
  outer loop
    vertex -48.34862260290785 -37.54538399066697 97
    vertex -46.13204876866836 -42.64875146946192 97
    vertex -42.40462815488405 -39.25778459665726 97
  endloop
endfacet
facet normal 0 0 1
  outer loop
    vertex -68.09884140244576 23.37836178273704 97
    vertex -62.71744421611223 24.18994168627691 97
    vertex -65.93567951916421 28.92207057501365 97
  endloop
endfacet
facet normal 0 0 1
  outer loop
    vertex -2.693982681735521 -66.85502311499957 97
    vertex -8.12688594247294 -66.2369783943529 97
    vertex -5.945712874007829 -71.75408349648023 97
  endloop
endfacet
facet normal 0 -0 1
  outer loop
    vertex 1.146719438155364e-13 -72 97
    vertex 2.94674428222747 -66.93556841363215 97
    vertex -2.693982681735521 -66.85502311499957 97
  endloop
endfacet
facet normal 0 0 1
  outer loop
    vertex 71.01801384499601 11.85081050021286 97
    vertex 65.32768405473227 14.13376752502887 97
    vertex 66.27208411461748 8.260806669970291 97
  endloop
endfacet
facet normal 0 0 1
  outer loop
    vertex 69.79681914763179 17.67495507413756 97
    vertex 65.32768405473227 14.13376752502887 97
    vertex 71.01801384499601 11.85081050021286 97
  endloop
endfacet
facet normal -0 0 1
  outer loop
    vertex -63.3221100868673 34.26821229866913 97
    vertex -57.78995226018841 34.25355627427682 97
    vertex -60.27598643490214 39.3802673848146 97
  endloop
endfacet
facet normal 0 0 1
  outer loop
    vertex -60.27598643490214 39.3802673848146 97
    vertex -57.78995226018841 34.25355627427682 97
    vertex -54.86662454949261 38.95937442150745 97
  endloop
endfacet
facet normal 0 0 1
  outer loop
    vertex -23.37836178273711 -68.09884140244573 97
    vertex -24.44383924321343 -62.64419116151755 97
    vertex -28.92207057501371 -65.93567951916417 97
  endloop
endfacet
facet normal -0 0 1
  outer loop
    vertex -65.93567951916421 28.92207057501365 97
    vertex -62.71744421611223 24.18994168627691 97
    vertex -60.19137898708906 29.28471961508187 97
  endloop
endfacet
facet normal 0 -0 1
  outer loop
    vertex -28.92207057501371 -65.93567951916417 97
    vertex -24.44383924321343 -62.64419116151755 97
    vertex -29.69270334442995 -60.49450103457809 97
  endloop
endfacet
facet normal 0 0 1
  outer loop
    vertex -19.08742778182596 -64.16043090653771 97
    vertex -24.44383924321343 -62.64419116151755 97
    vertex -23.37836178273711 -68.09884140244573 97
  endloop
endfacet
facet normal -0 0 1
  outer loop
    vertex -34.26821229866938 63.32211008686716 97
    vertex -29.68811510307081 60.95707481014642 97
    vertex -28.92207057501388 65.9356795191641 97
  endloop
endfacet
facet normal 0 -0 1
  outer loop
    vertex -68.09884140244569 -23.37836178273724 97
    vertex -64.41314579594435 -19.07340205079023 97
    vertex -69.79681914763179 -17.67495507413755 97
  endloop
endfacet
facet normal 0 0 1
  outer loop
    vertex -62.70568897018715 -24.46185217816475 97
    vertex -64.41314579594435 -19.07340205079023 97
    vertex -68.09884140244569 -23.37836178273724 97
  endloop
endfacet
facet normal 0 0 1
  outer loop
    vertex 28.92207057501398 -65.93567951916405 97
    vertex 24.72581269563619 -62.14076797142869 97
    vertex 23.37836178273738 -68.09884140244564 97
  endloop
endfacet
facet normal 0 -0 1
  outer loop
    vertex -63.3221100868672 -34.26821229866932 97
    vertex -60.41167324297838 -29.53346744309632 97
    vertex -65.93567951916411 -28.92207057501384 97
  endloop
endfacet
facet normal 0 0 1
  outer loop
    vertex -51.04361919201597 -43.18894756442218 97
    vertex -54.60770633000904 -38.97837808823873 97
    vertex -56.81811667654031 -44.22331531365613 97
  endloop
endfacet
facet normal 0 -0 1
  outer loop
    vertex -66.88717711809588 2.286133397032554 97
    vertex -66.32391489591365 7.866755870849374 97
    vertex -71.75408349648023 5.94571287400789 97
  endloop
endfacet
facet normal 0 0 1
  outer loop
    vertex 30.01548281406627 -60.46648837810085 97
    vertex 24.72581269563619 -62.14076797142869 97
    vertex 28.92207057501398 -65.93567951916405 97
  endloop
endfacet
facet normal 0 0 1
  outer loop
    vertex 17.6749550741377 -69.79681914763175 97
    vertex 14.00035378490216 -65.47674032020484 97
    vertex 11.85081050021299 -71.01801384499598 97
  endloop
endfacet
facet normal -0 0 1
  outer loop
    vertex 29.40821662390919 59.85344584191615 97
    vertex 34.53093178481068 57.43709162190068 97
    vertex 34.26821229866923 63.32211008686725 97
  endloop
endfacet
facet normal 0 0 1
  outer loop
    vertex -57.54056667690288 -34.19000948600808 97
    vertex -60.41167324297838 -29.53346744309632 97
    vertex -63.3221100868672 -34.26821229866932 97
  endloop
endfacet
facet normal 0 -0 1
  outer loop
    vertex -48.76427315705331 -52.97212156846552 97
    vertex -47.40992649203118 -47.33682252381787 97
    vertex -52.97212156846545 -48.76427315705339 97
  endloop
endfacet
facet normal 0 0 1
  outer loop
    vertex 71.75408349648023 5.945712874007936 97
    vertex 66.70086235512031 2.383303351825426 97
    vertex 72 8.817456953860942e-15 97
  endloop
endfacet
facet normal 0 0 1
  outer loop
    vertex 64.52358724685902 19.94899041915303 97
    vertex 65.32768405473227 14.13376752502887 97
    vertex 69.79681914763179 17.67495507413756 97
  endloop
endfacet
facet normal 0 0 1
  outer loop
    vertex 66.27208411461748 8.260806669970291 97
    vertex 66.70086235512031 2.383303351825426 97
    vertex 71.75408349648023 5.945712874007936 97
  endloop
endfacet
facet normal -0 0 1
  outer loop
    vertex -23.3783617827373 68.09884140244567 97
    vertex -19.39577954083539 64.01137111169113 97
    vertex -17.67495507413761 69.79681914763177 97
  endloop
endfacet
facet normal 0 -0 1
  outer loop
    vertex 23.37836178273738 -68.09884140244564 97
    vertex 24.72581269563619 -62.14076797142869 97
    vertex 19.05616656604575 -64.00853517727678 97
  endloop
endfacet
facet normal 0 -0 1
  outer loop
    vertex -60.19137898708906 29.28471961508187 97
    vertex -57.78995226018841 34.25355627427682 97
    vertex -63.3221100868673 34.26821229866913 97
  endloop
endfacet
facet normal 0 0 1
  outer loop
    vertex 19.05616656604575 -64.00853517727678 97
    vertex 14.00035378490216 -65.47674032020484 97
    vertex 17.6749550741377 -69.79681914763175 97
  endloop
endfacet
facet normal 0 0 1
  outer loop
    vertex 34.26821229866923 63.32211008686725 97
    vertex 34.53093178481068 57.43709162190068 97
    vertex 39.38026738481469 60.27598643490209 97
  endloop
endfacet
facet normal 0 0 1
  outer loop
    vertex -17.67495507413761 69.79681914763177 97
    vertex -19.39577954083539 64.01137111169113 97
    vertex -13.13542371734796 65.26927711873198 97
  endloop
endfacet
facet normal 0 -0 1
  outer loop
    vertex -33.78756663610367 57.50698452242554 97
    vertex -29.68811510307081 60.95707481014642 97
    vertex -34.26821229866938 63.32211008686716 97
  endloop
endfacet
facet normal -0 0 1
  outer loop
    vertex -65.93567951916411 -28.92207057501384 97
    vertex -60.41167324297838 -29.53346744309632 97
    vertex -62.70568897018715 -24.46185217816475 97
  endloop
endfacet
facet normal 0 0 1
  outer loop
    vertex -5.945712874007829 -71.75408349648023 97
    vertex -8.12688594247294 -66.2369783943529 97
    vertex -11.8508105002127 -71.01801384499603 97
  endloop
endfacet
facet normal 0 0 1
  outer loop
    vertex 72 8.817456953860942e-15 97
    vertex 66.70086235512031 2.383303351825426 97
    vertex 67.1263905227222 -3.337647145756684 97
  endloop
endfacet
facet normal 0 0 1
  outer loop
    vertex 39.38026738481469 60.27598643490209 97
    vertex 34.53093178481068 57.43709162190068 97
    vertex 39.02406347307382 54.02182993037135 97
  endloop
endfacet
facet normal 0 0 1
  outer loop
    vertex -24.57635687175135 62.10318935490583 97
    vertex -19.39577954083539 64.01137111169113 97
    vertex -23.3783617827373 68.09884140244567 97
  endloop
endfacet
facet normal 0 -0 1
  outer loop
    vertex -54.86662454949261 38.95937442150745 97
    vertex -51.19052976605875 42.95105746173386 97
    vertex -56.81811667654043 44.22331531365597 97
  endloop
endfacet
facet normal 0 -0 1
  outer loop
    vertex -56.81811667654031 -44.22331531365613 97
    vertex -54.60770633000904 -38.97837808823873 97
    vertex -60.27598643490203 -39.38026738481477 97
  endloop
endfacet
facet normal 0 0 1
  outer loop
    vertex 48.76427315705332 52.9721215684655 97
    vertex 47.48280313051144 47.79986693953089 97
    vertex 52.97212156846544 48.76427315705339 97
  endloop
endfacet
facet normal 0 0 1
  outer loop
    vertex 52.97212156846544 48.76427315705339 97
    vertex 47.48280313051144 47.79986693953089 97
    vertex 51.40683437006807 42.73911606335665 97
  endloop
endfacet
facet normal 0 0 1
  outer loop
    vertex -28.92207057501388 65.9356795191641 97
    vertex -29.68811510307081 60.95707481014642 97
    vertex -24.57635687175135 62.10318935490583 97
  endloop
endfacet
facet normal 0 0 1
  outer loop
    vertex -52.97212156846545 -48.76427315705339 97
    vertex -47.40992649203118 -47.33682252381787 97
    vertex -51.04361919201597 -43.18894756442218 97
  endloop
endfacet
facet normal 0 0 1
  outer loop
    vertex 8.471606305148882 -66.41607068159961 97
    vertex 2.94674428222747 -66.93556841363215 97
    vertex 5.945712874008058 -71.75408349648022 97
  endloop
endfacet
facet normal 0 -0 1
  outer loop
    vertex 11.85081050021299 -71.01801384499598 97
    vertex 14.00035378490216 -65.47674032020484 97
    vertex 8.471606305148882 -66.41607068159961 97
  endloop
endfacet
facet normal 0 0 1
  outer loop
    vertex -43.23572296475232 -50.77038451010607 97
    vertex -47.40992649203118 -47.33682252381787 97
    vertex -48.76427315705331 -52.97212156846552 97
  endloop
endfacet
facet normal 0 0 1
  outer loop
    vertex -11.8508105002127 -71.01801384499603 97
    vertex -13.79956215840471 -65.8131297498087 97
    vertex -17.67495507413741 -69.79681914763182 97
  endloop
endfacet
facet normal 0 0 1
  outer loop
    vertex 5.945712874008058 -71.75408349648022 97
    vertex 2.94674428222747 -66.93556841363215 97
    vertex 1.146719438155364e-13 -72 97
  endloop
endfacet
facet normal 0 0 1
  outer loop
    vertex -52.97212156846556 48.76427315705326 97
    vertex -51.19052976605875 42.95105746173386 97
    vertex -47.04429818909561 46.9405636864542 97
  endloop
endfacet
facet normal 0 0 1
  outer loop
    vertex -60.27598643490203 -39.38026738481477 97
    vertex -54.60770633000904 -38.97837808823873 97
    vertex -57.54056667690288 -34.19000948600808 97
  endloop
endfacet
facet normal 0 0 1
  outer loop
    vertex -71.75408349648023 5.94571287400789 97
    vertex -66.32391489591365 7.866755870849374 97
    vertex -71.01801384499602 11.85081050021282 97
  endloop
endfacet
facet normal 0 0 1
  outer loop
    vertex -7.552747489925071e-14 72 97
    vertex -3.328654135631965 67.1851459143744 97
    vertex 2.434945497759524 66.94390881155974 97
  endloop
endfacet
facet normal -0 0 1
  outer loop
    vertex -56.81811667654043 44.22331531365597 97
    vertex -51.19052976605875 42.95105746173386 97
    vertex -52.97212156846556 48.76427315705326 97
  endloop
endfacet
facet normal -0 0 1
  outer loop
    vertex -5.945712874008003 71.75408349648022 97
    vertex -3.328654135631965 67.1851459143744 97
    vertex -7.552747489925071e-14 72 97
  endloop
endfacet
facet normal 0 -0 1
  outer loop
    vertex -17.67495507413741 -69.79681914763182 97
    vertex -13.79956215840471 -65.8131297498087 97
    vertex -19.08742778182596 -64.16043090653771 97
  endloop
endfacet
facet normal -0 0 1
  outer loop
    vertex -71.01801384499602 11.85081050021282 97
    vertex -66.32391489591365 7.866755870849374 97
    vertex -64.552435188326 14.03733587788048 97
  endloop
endfacet
facet normal 0 0 1
  outer loop
    vertex 23.37836178273714 68.09884140244571 97
    vertex 24.19892176763323 61.71023351795294 97
    vertex 28.92207057501373 65.93567951916417 97
  endloop
endfacet
facet normal 0 0 1
  outer loop
    vertex -60.31679987988538 -14.79932172312226 97
    vertex -59.16634386062504 -20.54783386039428 97
    vertex -55.25150029716847 -16.67147095261812 97
  endloop
endfacet
facet normal 0 0 1
  outer loop
    vertex 51.41053480549765 -44.01841402378957 97
    vertex 49.4713826572064 -39.9497169515539 97
    vertex 45.94214785737633 -44.68591307322587 97
  endloop
endfacet
facet normal 0 -0 1
  outer loop
    vertex 36.51053914588836 -51.80149306360907 97
    vertex 40.40286376749853 -47.08174595191345 97
    vertex 35.67426039872133 -45.68445549559597 97
  endloop
endfacet
facet normal 0 0 1
  outer loop
    vertex 40.45583590077303 -42.15906050617182 97
    vertex 40.40286376749853 -47.08174595191345 97
    vertex 45.94214785737633 -44.68591307322587 97
  endloop
endfacet
facet normal 0 0 1
  outer loop
    vertex -15.27553224411522 -56.8747652679581 97
    vertex -15.59218096114558 -61.44678927165536 97
    vertex -10.16267279957197 -60.41515298867604 97
  endloop
endfacet
facet normal 0 0 1
  outer loop
    vertex 28.92207057501373 65.93567951916417 97
    vertex 24.19892176763323 61.71023351795294 97
    vertex 29.40821662390919 59.85344584191615 97
  endloop
endfacet
facet normal 0 0 1
  outer loop
    vertex -60.31679987988538 -14.79932172312226 97
    vertex -65.52899689148896 -13.33298592041091 97
    vertex -64.41314579594435 -19.07340205079023 97
  endloop
endfacet
facet normal 0 0 1
  outer loop
    vertex 56.81811667654048 -44.2233153136559 97
    vertex 51.41053480549765 -44.01841402378957 97
    vertex 52.97212156846562 -48.7642731570532 97
  endloop
endfacet
facet normal 0 -0 1
  outer loop
    vertex 53.61426500774358 30.84444326371012 97
    vertex 57.55944259285676 34.97575954184488 97
    vertex 52.38096182765995 36.63621418979751 97
  endloop
endfacet
facet normal 0 -0 1
  outer loop
    vertex 3.99002976886555 58.42824546184849 97
    vertex 4.52412252857502 62.74839912173156 97
    vertex -0.8282219900913513 61.54646759527888 97
  endloop
endfacet
facet normal 0 0 1
  outer loop
    vertex -45.29654085623577 35.23550672051488 97
    vertex -49.74948109813707 37.60468265209339 97
    vertex -49.53653128274235 31.81204525006435 97
  endloop
endfacet
facet normal 0 0 1
  outer loop
    vertex 60.27598643490203 39.38026738481477 97
    vertex 57.55944259285676 34.97575954184488 97
    vertex 63.3221100868672 34.26821229866933 97
  endloop
endfacet
facet normal 0 0 1
  outer loop
    vertex -64.552435188326 14.03733587788048 97
    vertex -64.92148436674547 19.69790991957151 97
    vertex -69.79681914763182 17.67495507413741 97
  endloop
endfacet
facet normal 0 0 1
  outer loop
    vertex -20.31358824414263 -54.50871897923246 97
    vertex -20.19517103938928 -59.54056108474533 97
    vertex -15.27553224411522 -56.8747652679581 97
  endloop
endfacet
facet normal 0 0 1
  outer loop
    vertex 54.47633342493786 -38.4765791217016 97
    vertex 51.41053480549765 -44.01841402378957 97
    vertex 56.81811667654048 -44.2233153136559 97
  endloop
endfacet
facet normal 0 0 1
  outer loop
    vertex -66.46519488299829 -7.743625564006397 97
    vertex -67.90578892266429 -2.760373577744666 97
    vertex -71.75408349648023 -5.945712874007936 97
  endloop
endfacet
facet normal -0 0 1
  outer loop
    vertex -72 0 97
    vertex -67.90578892266429 -2.760373577744666 97
    vertex -66.88717711809588 2.286133397032554 97
  endloop
endfacet
facet normal 0 0 1
  outer loop
    vertex -49.53653128274235 31.81204525006435 97
    vertex -53.31772003967169 34.33699720256537 97
    vertex -54.646011007798 29.05532741488486 97
  endloop
endfacet
facet normal -0 0 1
  outer loop
    vertex -71.01801384499602 -11.85081050021283 97
    vertex -65.52899689148896 -13.33298592041091 97
    vertex -66.46519488299829 -7.743625564006397 97
  endloop
endfacet
facet normal 0 0 1
  outer loop
    vertex 47.48280313051144 47.79986693953089 97
    vertex 44.21635162883124 51.7831379581839 97
    vertex 41.58730306986158 47.30375467601139 97
  endloop
endfacet
facet normal -0 0 1
  outer loop
    vertex -44.22331531365619 56.81811667654026 97
    vertex -38.14062654204596 54.248934046188 97
    vertex -39.3802673848148 60.27598643490202 97
  endloop
endfacet
facet normal 0 0 1
  outer loop
    vertex 63.3221100868672 34.26821229866933 97
    vertex 57.55944259285676 34.97575954184488 97
    vertex 59.84075398933172 28.79746671667252 97
  endloop
endfacet
facet normal 0 0 1
  outer loop
    vertex 13.30764877128288 65.36819625460257 97
    vertex 7.839327941631037 66.55988803967497 97
    vertex 8.972727477948183 61.52672670867973 97
  endloop
endfacet
facet normal 0 0 1
  outer loop
    vertex -69.79681914763182 17.67495507413741 97
    vertex -64.92148436674547 19.69790991957151 97
    vertex -68.09884140244576 23.37836178273704 97
  endloop
endfacet
facet normal -0 0 1
  outer loop
    vertex 2.434945497759524 66.94390881155974 97
    vertex 7.839327941631037 66.55988803967497 97
    vertex 5.945712874007852 71.75408349648023 97
  endloop
endfacet
facet normal 0 0 1
  outer loop
    vertex 11.85081050021277 71.01801384499602 97
    vertex 7.839327941631037 66.55988803967497 97
    vertex 13.30764877128288 65.36819625460257 97
  endloop
endfacet
facet normal 0 0 1
  outer loop
    vertex -56.54819254694905 -4.862811844246274 97
    vertex -61.16400779747795 -8.855800610196189 97
    vertex -55.87837017506082 -10.77223880107083 97
  endloop
endfacet
facet normal -0 0 1
  outer loop
    vertex 10.88466677812598 -57.18949928201364 97
    vertex 15.74667071085449 -59.69879765650889 97
    vertex 15.91556836095432 -53.99143805041376 97
  endloop
endfacet
facet normal 0 -0 1
  outer loop
    vertex 57.22303447328233 -4.735519232366705 97
    vertex 61.93327528516785 -1.104631306152898 97
    vertex 56.6089158404354 1.191187812330575 97
  endloop
endfacet
facet normal -0 0 1
  outer loop
    vertex -10.16267279957197 -60.41515298867604 97
    vertex -4.170082436385242 -61.76556637324829 97
    vertex -4.613851111585707 -56.09406114651595 97
  endloop
endfacet
facet normal -0 0 1
  outer loop
    vertex 39.02406347307382 54.02182993037135 97
    vertex 44.21635162883124 51.7831379581839 97
    vertex 44.22331531365604 56.81811667654037 97
  endloop
endfacet
facet normal 0 -0 1
  outer loop
    vertex -71.75408349648023 -5.945712874007936 97
    vertex -67.90578892266429 -2.760373577744666 97
    vertex -72 0 97
  endloop
endfacet
facet normal 0 0 1
  outer loop
    vertex -29.69270334442995 -60.49450103457809 97
    vertex -34.80661387263481 -58.2634040009598 97
    vertex -34.26821229866923 -63.32211008686726 97
  endloop
endfacet
facet normal 0 -0 1
  outer loop
    vertex 64.29391066486966 -18.86231027553741 97
    vertex 67.38478009267433 -14.10806195324529 97
    vertex 63.11479940253987 -12.62790918439024 97
  endloop
endfacet
facet normal 0 0 1
  outer loop
    vertex 67.1263905227222 -3.337647145756684 97
    vertex 67.25642224770399 -8.922618127163185 97
    vertex 71.75408349648023 -5.945712874007897 97
  endloop
endfacet
facet normal 0 0 1
  outer loop
    vertex 64.29391066486966 -18.86231027553741 97
    vertex 63.45766051478018 -24.76125596983636 97
    vertex 68.09884140244574 -23.37836178273705 97
  endloop
endfacet
facet normal 0 0 1
  outer loop
    vertex 65.93567951916422 -28.9220705750136 97
    vertex 63.45766051478018 -24.76125596983636 97
    vertex 59.96528057088091 -29.03123640463253 97
  endloop
endfacet
facet normal 0 0 1
  outer loop
    vertex 43.4315355347336 -51.07780762096449 97
    vertex 39.69128181216352 -55.71224091672238 97
    vertex 44.22331531365623 -56.81811667654023 97
  endloop
endfacet
facet normal 0 0 1
  outer loop
    vertex -8.12688594247294 -66.2369783943529 97
    vertex -13.79956215840471 -65.8131297498087 97
    vertex -11.8508105002127 -71.01801384499603 97
  endloop
endfacet
facet normal -0 0 1
  outer loop
    vertex 62.41407245614122 -6.839213548461072 97
    vertex 67.25642224770399 -8.922618127163185 97
    vertex 67.1263905227222 -3.337647145756684 97
  endloop
endfacet
facet normal 0 0 1
  outer loop
    vertex 60.27598643490219 -39.38026738481452 97
    vertex 58.56447199241594 -34.80925175908385 97
    vertex 54.47633342493786 -38.4765791217016 97
  endloop
endfacet
facet normal 0 0 1
  outer loop
    vertex 59.96528057088091 -29.03123640463253 97
    vertex 58.56447199241594 -34.80925175908385 97
    vertex 63.32211008686734 -34.26821229866906 97
  endloop
endfacet
facet normal 0 -0 1
  outer loop
    vertex 34.26821229866948 -63.32211008686711 97
    vertex 34.97805547550492 -58.28829253987782 97
    vertex 30.01548281406627 -60.46648837810085 97
  endloop
endfacet
facet normal 0 0 1
  outer loop
    vertex -13.13542371734796 65.26927711873198 97
    vertex -8.44246935465241 67.72946778194161 97
    vertex -11.85081050021293 71.01801384499601 97
  endloop
endfacet
facet normal 0 0 1
  outer loop
    vertex -51.19052976605875 42.95105746173386 97
    vertex -49.74948109813707 37.60468265209339 97
    vertex -45.85351272714343 41.12088321415307 97
  endloop
endfacet
facet normal 0 -0 1
  outer loop
    vertex -69.79681914763179 -17.67495507413755 97
    vertex -65.52899689148896 -13.33298592041091 97
    vertex -71.01801384499602 -11.85081050021283 97
  endloop
endfacet
facet normal -0 0 1
  outer loop
    vertex 59.11925475308725 -22.53182794438928 97
    vertex 63.45766051478018 -24.76125596983636 97
    vertex 64.29391066486966 -18.86231027553741 97
  endloop
endfacet
facet normal -0 0 1
  outer loop
    vertex -54.86662454949261 38.95937442150745 97
    vertex -49.74948109813707 37.60468265209339 97
    vertex -51.19052976605875 42.95105746173386 97
  endloop
endfacet
facet normal 0 0 1
  outer loop
    vertex -39.3802673848148 60.27598643490202 97
    vertex -38.14062654204596 54.248934046188 97
    vertex -33.78756663610367 57.50698452242554 97
  endloop
endfacet
facet normal -0 0 1
  outer loop
    vertex 63.11479940253987 -12.62790918439024 97
    vertex 67.38478009267433 -14.10806195324529 97
    vertex 67.25642224770399 -8.922618127163185 97
  endloop
endfacet
facet normal 0 0 1
  outer loop
    vertex -39.38026738481468 -60.27598643490209 97
    vertex -39.65562603833863 -54.58304397657792 97
    vertex -44.22331531365604 -56.81811667654037 97
  endloop
endfacet
facet normal 0 0 1
  outer loop
    vertex 69.79681914763182 -17.67495507413742 97
    vertex 67.38478009267433 -14.10806195324529 97
    vertex 64.29391066486966 -18.86231027553741 97
  endloop
endfacet
facet normal 0 0 1
  outer loop
    vertex 48.7642731570535 -52.97212156846534 97
    vertex 48.52631676659138 -48.52631676659108 97
    vertex 43.4315355347336 -51.07780762096449 97
  endloop
endfacet
facet normal -0 0 1
  outer loop
    vertex 51.40683437006807 42.73911606335665 97
    vertex 55.86158543933486 39.84022461285929 97
    vertex 56.81811667654031 44.22331531365612 97
  endloop
endfacet
facet normal 0 0 1
  outer loop
    vertex 68.09884140244569 23.37836178273724 97
    vertex 63.70871423537271 24.77428754858986 97
    vertex 64.52358724685902 19.94899041915303 97
  endloop
endfacet
facet normal -0 0 1
  outer loop
    vertex 59.84075398933172 28.79746671667252 97
    vertex 63.70871423537271 24.77428754858986 97
    vertex 65.93567951916413 28.92207057501383 97
  endloop
endfacet
facet normal 0 0 1
  outer loop
    vertex 64.52358724685902 19.94899041915303 97
    vertex 63.70871423537271 24.77428754858986 97
    vertex 59.5029000052515 22.40425382104165 97
  endloop
endfacet
facet normal 0 0 1
  outer loop
    vertex 59.5029000052515 22.40425382104165 97
    vertex 63.70871423537271 24.77428754858986 97
    vertex 59.84075398933172 28.79746671667252 97
  endloop
endfacet
facet normal 0 0 1
  outer loop
    vertex 10.88466677812598 -57.18949928201364 97
    vertex 10.81750208552149 -62.14578387610666 97
    vertex 15.74667071085449 -59.69879765650889 97
  endloop
endfacet
facet normal -0 0 1
  outer loop
    vertex -68.09884140244576 23.37836178273704 97
    vertex -64.92148436674547 19.69790991957151 97
    vertex -62.71744421611223 24.18994168627691 97
  endloop
endfacet
facet normal 0 -0 1
  outer loop
    vertex 55.27445624735194 13.05311447523393 97
    vertex 60.01677542447306 16.54915972430586 97
    vertex 54.78149313192513 19.13455719251441 97
  endloop
endfacet
facet normal 0 0 1
  outer loop
    vertex -54.3374963887774 -28.9001026506285 97
    vertex -58.055501339471 -25.55324747627736 97
    vertex -60.41167324297838 -29.53346744309632 97
  endloop
endfacet
facet normal 0 0 1
  outer loop
    vertex -55.25150029716847 -16.67147095261812 97
    vertex -59.16634386062504 -20.54783386039428 97
    vertex -54.3330334414964 -22.52106727003165 97
  endloop
endfacet
facet normal 0 0 1
  outer loop
    vertex 5.945712874007852 71.75408349648023 97
    vertex 7.839327941631037 66.55988803967497 97
    vertex 11.85081050021277 71.01801384499602 97
  endloop
endfacet
facet normal 0 0 1
  outer loop
    vertex -64.41314579594435 -19.07340205079023 97
    vertex -65.52899689148896 -13.33298592041091 97
    vertex -69.79681914763179 -17.67495507413755 97
  endloop
endfacet
facet normal -0 0 1
  outer loop
    vertex 54.6502671348962 -32.04721776292689 97
    vertex 58.56447199241594 -34.80925175908385 97
    vertex 59.96528057088091 -29.03123640463253 97
  endloop
endfacet
facet normal -0 0 1
  outer loop
    vertex -20.19517103938928 -59.54056108474533 97
    vertex -15.59218096114558 -61.44678927165536 97
    vertex -15.27553224411522 -56.8747652679581 97
  endloop
endfacet
facet normal 0 0 1
  outer loop
    vertex -16.382962469858 56.07546240467897 97
    vertex -20.95524028077674 58.40235814719802 97
    vertex -21.20689180551508 52.59088933987593 97
  endloop
endfacet
facet normal 0 0 1
  outer loop
    vertex -25.72084238587108 -52.11242264853102 97
    vertex -25.27965116261878 -57.41044138880202 97
    vertex -20.31358824414263 -54.50871897923246 97
  endloop
endfacet
facet normal -0 0 1
  outer loop
    vertex -34.96833541783854 -53.3235394143057 97
    vertex -30.29097409845754 -55.29214123119486 97
    vertex -31.28384137422577 -50.00921713527887 97
  endloop
endfacet
facet normal 0 0 1
  outer loop
    vertex -41.97823460055444 -45.16746864900883 97
    vertex -46.13204876866836 -42.64875146946192 97
    vertex -47.40992649203118 -47.33682252381787 97
  endloop
endfacet
facet normal 0 0 1
  outer loop
    vertex -57.80796223519759 6.971920393507621 97
    vertex -61.98000250379921 4.031409686882739 97
    vertex -57.07634731838295 1.065375486564699 97
  endloop
endfacet
facet normal 0 0 1
  outer loop
    vertex 30.01548281406627 -60.46648837810085 97
    vertex 34.97805547550492 -58.28829253987782 97
    vertex 30.70681629554517 -55.01738205494128 97
  endloop
endfacet
facet normal 0 0 1
  outer loop
    vertex -3.328654135631965 67.1851459143744 97
    vertex -8.44246935465241 67.72946778194161 97
    vertex -7.190466092799473 63.13694780098605 97
  endloop
endfacet
facet normal 0 0 1
  outer loop
    vertex 48.76427315705332 52.9721215684655 97
    vertex 44.21635162883124 51.7831379581839 97
    vertex 47.48280313051144 47.79986693953089 97
  endloop
endfacet
facet normal 0 0 1
  outer loop
    vertex -45.85351272714343 41.12088321415307 97
    vertex -49.74948109813707 37.60468265209339 97
    vertex -45.29654085623577 35.23550672051488 97
  endloop
endfacet
facet normal 0 0 1
  outer loop
    vertex 44.22331531365604 56.81811667654037 97
    vertex 44.21635162883124 51.7831379581839 97
    vertex 48.76427315705332 52.9721215684655 97
  endloop
endfacet
facet normal 0 0 1
  outer loop
    vertex 60.27598643490203 39.38026738481477 97
    vertex 55.86158543933486 39.84022461285929 97
    vertex 57.55944259285676 34.97575954184488 97
  endloop
endfacet
facet normal 0 0 1
  outer loop
    vertex -48.50513735226613 -30.93691400103875 97
    vertex -52.48130203780801 -34.25666299660589 97
    vertex -48.34862260290785 -37.54538399066697 97
  endloop
endfacet
facet normal 0 0 1
  outer loop
    vertex -57.80796223519759 6.971920393507621 97
    vertex -62.03010071258899 9.514987937648355 97
    vertex -61.98000250379921 4.031409686882739 97
  endloop
endfacet
facet normal 0 0 1
  outer loop
    vertex 51.41053480549765 -44.01841402378957 97
    vertex 48.52631676659138 -48.52631676659108 97
    vertex 52.97212156846562 -48.7642731570532 97
  endloop
endfacet
facet normal 0 0 1
  outer loop
    vertex -5.945712874008003 71.75408349648022 97
    vertex -8.44246935465241 67.72946778194161 97
    vertex -3.328654135631965 67.1851459143744 97
  endloop
endfacet
facet normal 0 -0 1
  outer loop
    vertex -16.382962469858 56.07546240467897 97
    vertex -16.31359772937275 60.70201444108244 97
    vertex -20.95524028077674 58.40235814719802 97
  endloop
endfacet
facet normal 0 0 1
  outer loop
    vertex 2.434945497759524 66.94390881155974 97
    vertex 4.52412252857502 62.74839912173156 97
    vertex 7.839327941631037 66.55988803967497 97
  endloop
endfacet
facet normal 0 0 1
  outer loop
    vertex -34.26821229866923 -63.32211008686726 97
    vertex -34.80661387263481 -58.2634040009598 97
    vertex -39.38026738481468 -60.27598643490209 97
  endloop
endfacet
facet normal 0 0 1
  outer loop
    vertex 57.55944259285676 34.97575954184488 97
    vertex 55.86158543933486 39.84022461285929 97
    vertex 52.38096182765995 36.63621418979751 97
  endloop
endfacet
facet normal -0 0 1
  outer loop
    vertex 45.94214785737633 -44.68591307322587 97
    vertex 48.52631676659138 -48.52631676659108 97
    vertex 51.41053480549765 -44.01841402378957 97
  endloop
endfacet
facet normal 0 0 1
  outer loop
    vertex -13.13542371734796 65.26927711873198 97
    vertex -16.31359772937275 60.70201444108244 97
    vertex -11.69858263804567 59.75160342311212 97
  endloop
endfacet
facet normal 0 0 1
  outer loop
    vertex -24.44383924321343 -62.64419116151755 97
    vertex -25.27965116261878 -57.41044138880202 97
    vertex -29.69270334442995 -60.49450103457809 97
  endloop
endfacet
facet normal 0 0 1
  outer loop
    vertex -59.16634386062504 -20.54783386039428 97
    vertex -58.055501339471 -25.55324747627736 97
    vertex -54.3330334414964 -22.52106727003165 97
  endloop
endfacet
facet normal 0 0 1
  outer loop
    vertex 71.75408349648023 -5.945712874007897 97
    vertex 67.25642224770399 -8.922618127163185 97
    vertex 71.01801384499602 -11.85081050021276 97
  endloop
endfacet
facet normal 0 0 1
  outer loop
    vertex -58.53875944703656 12.87855228120863 97
    vertex -62.03010071258899 9.514987937648355 97
    vertex -57.80796223519759 6.971920393507621 97
  endloop
endfacet
facet normal 0 0 1
  outer loop
    vertex 68.09884140244574 -23.37836178273705 97
    vertex 63.45766051478018 -24.76125596983636 97
    vertex 65.93567951916422 -28.9220705750136 97
  endloop
endfacet
facet normal -0 0 1
  outer loop
    vertex -4.170082436385242 -61.76556637324829 97
    vertex 0.462311736123859 -63.03287911133148 97
    vertex 0.5905147642356049 -58.24501257301427 97
  endloop
endfacet
facet normal -0 0 1
  outer loop
    vertex -62.70568897018715 -24.46185217816475 97
    vertex -58.055501339471 -25.55324747627736 97
    vertex -59.16634386062504 -20.54783386039428 97
  endloop
endfacet
facet normal 0 0 1
  outer loop
    vertex 44.22331531365623 -56.81811667654023 97
    vertex 39.69128181216352 -55.71224091672238 97
    vertex 39.38026738481487 -60.27598643490197 97
  endloop
endfacet
facet normal 0 0 1
  outer loop
    vertex -42.40462815488405 -39.25778459665726 97
    vertex -46.13204876866836 -42.64875146946192 97
    vertex -41.97823460055444 -45.16746864900883 97
  endloop
endfacet
facet normal 0 -0 1
  outer loop
    vertex -62.70568897018715 -24.46185217816475 97
    vertex -59.16634386062504 -20.54783386039428 97
    vertex -64.41314579594435 -19.07340205079023 97
  endloop
endfacet
facet normal 0 -0 1
  outer loop
    vertex -54.60770633000904 -38.97837808823873 97
    vertex -52.48130203780801 -34.25666299660589 97
    vertex -57.54056667690288 -34.19000948600808 97
  endloop
endfacet
facet normal 0 0 1
  outer loop
    vertex -30.29097409845754 -55.29214123119486 97
    vertex -34.80661387263481 -58.2634040009598 97
    vertex -29.69270334442995 -60.49450103457809 97
  endloop
endfacet
facet normal 0 0 1
  outer loop
    vertex 63.32211008686734 -34.26821229866906 97
    vertex 58.56447199241594 -34.80925175908385 97
    vertex 60.27598643490219 -39.38026738481452 97
  endloop
endfacet
facet normal 0 0 1
  outer loop
    vertex 39.38026738481487 -60.27598643490197 97
    vertex 34.97805547550492 -58.28829253987782 97
    vertex 34.26821229866948 -63.32211008686711 97
  endloop
endfacet
facet normal 0 0 1
  outer loop
    vertex -49.74948109813707 37.60468265209339 97
    vertex -53.31772003967169 34.33699720256537 97
    vertex -49.53653128274235 31.81204525006435 97
  endloop
endfacet
facet normal 0 0 1
  outer loop
    vertex -66.32391489591365 7.866755870849374 97
    vertex -62.03010071258899 9.514987937648355 97
    vertex -64.552435188326 14.03733587788048 97
  endloop
endfacet
facet normal -0 0 1
  outer loop
    vertex -11.85081050021293 71.01801384499601 97
    vertex -8.44246935465241 67.72946778194161 97
    vertex -5.945712874008003 71.75408349648022 97
  endloop
endfacet
facet normal -0 0 1
  outer loop
    vertex 35.67426039872133 -45.68445549559597 97
    vertex 40.40286376749853 -47.08174595191345 97
    vertex 40.45583590077303 -42.15906050617182 97
  endloop
endfacet
facet normal -0 0 1
  outer loop
    vertex 5.638364752276984 -61.3632250817631 97
    vertex 10.81750208552149 -62.14578387610666 97
    vertex 10.88466677812598 -57.18949928201364 97
  endloop
endfacet
facet normal 0 0 1
  outer loop
    vertex -54.646011007798 29.05532741488486 97
    vertex -58.04963905482498 25.11708718554586 97
    vertex -53.99205126456296 22.37504103390884 97
  endloop
endfacet
facet normal 0 0 1
  outer loop
    vertex 7.839327941631037 66.55988803967497 97
    vertex 4.52412252857502 62.74839912173156 97
    vertex 8.972727477948183 61.52672670867973 97
  endloop
endfacet
facet normal 0 0 1
  outer loop
    vertex -11.69858263804567 59.75160342311212 97
    vertex -16.31359772937275 60.70201444108244 97
    vertex -16.382962469858 56.07546240467897 97
  endloop
endfacet
facet normal 0 0 1
  outer loop
    vertex -54.3330334414964 -22.52106727003165 97
    vertex -58.055501339471 -25.55324747627736 97
    vertex -54.3374963887774 -28.9001026506285 97
  endloop
endfacet
facet normal 0 0 1
  outer loop
    vertex 30.01548281406627 -60.46648837810085 97
    vertex 26.54565947533214 -57.44339000068325 97
    vertex 24.72581269563619 -62.14076797142869 97
  endloop
endfacet
facet normal 0 0 1
  outer loop
    vertex 47.30337572127256 38.78655343094182 97
    vertex 46.15591692007199 43.33115393042463 97
    vertex 41.93788713626223 41.16401012654286 97
  endloop
endfacet
facet normal 0 0 1
  outer loop
    vertex -44.22331531365604 -56.81811667654037 97
    vertex -39.65562603833863 -54.58304397657792 97
    vertex -43.23572296475232 -50.77038451010607 97
  endloop
endfacet
facet normal 0 -0 1
  outer loop
    vertex -47.40992649203118 -47.33682252381787 97
    vertex -46.13204876866836 -42.64875146946192 97
    vertex -51.04361919201597 -43.18894756442218 97
  endloop
endfacet
facet normal -0 0 1
  outer loop
    vertex 21.23447371691504 -56.98771024651058 97
    vertex 26.54565947533214 -57.44339000068325 97
    vertex 26.04571185449802 -52.60460135243483 97
  endloop
endfacet
facet normal 0 0 1
  outer loop
    vertex 52.97212156846562 -48.7642731570532 97
    vertex 48.52631676659138 -48.52631676659108 97
    vertex 48.7642731570535 -52.97212156846534 97
  endloop
endfacet
facet normal 0 -0 1
  outer loop
    vertex 8.471606305148882 -66.41607068159961 97
    vertex 10.81750208552149 -62.14578387610666 97
    vertex 5.638364752276984 -61.3632250817631 97
  endloop
endfacet
facet normal 0 0 1
  outer loop
    vertex 56.81811667654031 44.22331531365612 97
    vertex 55.86158543933486 39.84022461285929 97
    vertex 60.27598643490203 39.38026738481477 97
  endloop
endfacet
facet normal -0 0 1
  outer loop
    vertex 45.17973587033806 -38.49112650063584 97
    vertex 49.4713826572064 -39.9497169515539 97
    vertex 49.83458156414639 -35.10781252050472 97
  endloop
endfacet
facet normal 0 0 1
  outer loop
    vertex 65.93567951916413 28.92207057501383 97
    vertex 63.70871423537271 24.77428754858986 97
    vertex 68.09884140244569 23.37836178273724 97
  endloop
endfacet
facet normal 0 0 1
  outer loop
    vertex 8.972727477948183 61.52672670867973 97
    vertex 4.52412252857502 62.74839912173156 97
    vertex 3.99002976886555 58.42824546184849 97
  endloop
endfacet
facet normal 0 0 1
  outer loop
    vertex 35.62448631826566 49.64595805486628 97
    vertex 34.99357409216574 53.47707100297173 97
    vertex 30.79481479251279 52.80340440474863 97
  endloop
endfacet
facet normal 0 0 1
  outer loop
    vertex 71.01801384499602 -11.85081050021276 97
    vertex 67.38478009267433 -14.10806195324529 97
    vertex 69.79681914763182 -17.67495507413742 97
  endloop
endfacet
facet normal -0 0 1
  outer loop
    vertex -19.39577954083539 64.01137111169113 97
    vertex -16.31359772937275 60.70201444108244 97
    vertex -13.13542371734796 65.26927711873198 97
  endloop
endfacet
facet normal 0 0 1
  outer loop
    vertex -19.08742778182596 -64.16043090653771 97
    vertex -20.19517103938928 -59.54056108474533 97
    vertex -24.44383924321343 -62.64419116151755 97
  endloop
endfacet
facet normal 0 0 1
  outer loop
    vertex 39.69128181216352 -55.71224091672238 97
    vertex 34.97805547550492 -58.28829253987782 97
    vertex 39.38026738481487 -60.27598643490197 97
  endloop
endfacet
facet normal 0 0 1
  outer loop
    vertex 67.25642224770399 -8.922618127163185 97
    vertex 67.38478009267433 -14.10806195324529 97
    vertex 71.01801384499602 -11.85081050021276 97
  endloop
endfacet
facet normal 0 0 1
  outer loop
    vertex 14.00035378490216 -65.47674032020484 97
    vertex 10.81750208552149 -62.14578387610666 97
    vertex 8.471606305148882 -66.41607068159961 97
  endloop
endfacet
facet normal 0 0 1
  outer loop
    vertex 51.40683437006807 42.73911606335665 97
    vertex 46.15591692007199 43.33115393042463 97
    vertex 47.30337572127256 38.78655343094182 97
  endloop
endfacet
facet normal 0 0 1
  outer loop
    vertex -60.19137898708906 29.28471961508187 97
    vertex -58.04963905482498 25.11708718554586 97
    vertex -54.646011007798 29.05532741488486 97
  endloop
endfacet
facet normal 0 0 1
  outer loop
    vertex 2.94674428222747 -66.93556841363215 97
    vertex 0.462311736123859 -63.03287911133148 97
    vertex -2.693982681735521 -66.85502311499957 97
  endloop
endfacet
facet normal 0 0 1
  outer loop
    vertex -34.96833541783854 -53.3235394143057 97
    vertex -34.80661387263481 -58.2634040009598 97
    vertex -30.29097409845754 -55.29214123119486 97
  endloop
endfacet
facet normal 0 0 1
  outer loop
    vertex -62.71744421611223 24.18994168627691 97
    vertex -58.04963905482498 25.11708718554586 97
    vertex -60.19137898708906 29.28471961508187 97
  endloop
endfacet
facet normal 0 -0 1
  outer loop
    vertex -2.693982681735521 -66.85502311499957 97
    vertex 0.462311736123859 -63.03287911133148 97
    vertex -4.170082436385242 -61.76556637324829 97
  endloop
endfacet
facet normal 0 0 1
  outer loop
    vertex 49.83458156414639 -35.10781252050472 97
    vertex 49.4713826572064 -39.9497169515539 97
    vertex 54.47633342493786 -38.4765791217016 97
  endloop
endfacet
facet normal 0 0 1
  outer loop
    vertex 47.48280313051144 47.79986693953089 97
    vertex 46.15591692007199 43.33115393042463 97
    vertex 51.40683437006807 42.73911606335665 97
  endloop
endfacet
facet normal 0 -0 1
  outer loop
    vertex -19.08742778182596 -64.16043090653771 97
    vertex -15.59218096114558 -61.44678927165536 97
    vertex -20.19517103938928 -59.54056108474533 97
  endloop
endfacet
facet normal 0 -0 1
  outer loop
    vertex -24.44383924321343 -62.64419116151755 97
    vertex -20.19517103938928 -59.54056108474533 97
    vertex -25.27965116261878 -57.41044138880202 97
  endloop
endfacet
facet normal 0 -0 1
  outer loop
    vertex -60.41167324297838 -29.53346744309632 97
    vertex -58.055501339471 -25.55324747627736 97
    vertex -62.70568897018715 -24.46185217816475 97
  endloop
endfacet
facet normal 0 0 1
  outer loop
    vertex 39.02406347307382 54.02182993037135 97
    vertex 34.99357409216574 53.47707100297173 97
    vertex 35.62448631826566 49.64595805486628 97
  endloop
endfacet
facet normal 0 0 1
  outer loop
    vertex -13.79956215840471 -65.8131297498087 97
    vertex -15.59218096114558 -61.44678927165536 97
    vertex -19.08742778182596 -64.16043090653771 97
  endloop
endfacet
facet normal 0 0 1
  outer loop
    vertex 54.47633342493786 -38.4765791217016 97
    vertex 49.4713826572064 -39.9497169515539 97
    vertex 51.41053480549765 -44.01841402378957 97
  endloop
endfacet
facet normal 0 0 1
  outer loop
    vertex -57.78995226018841 34.25355627427682 97
    vertex -53.31772003967169 34.33699720256537 97
    vertex -54.86662454949261 38.95937442150745 97
  endloop
endfacet
facet normal 0 0 1
  outer loop
    vertex 34.53093178481068 57.43709162190068 97
    vertex 34.99357409216574 53.47707100297173 97
    vertex 39.02406347307382 54.02182993037135 97
  endloop
endfacet
facet normal -0 0 1
  outer loop
    vertex -25.27965116261878 -57.41044138880202 97
    vertex -20.19517103938928 -59.54056108474533 97
    vertex -20.31358824414263 -54.50871897923246 97
  endloop
endfacet
facet normal 0 0 1
  outer loop
    vertex -54.86662454949261 38.95937442150745 97
    vertex -53.31772003967169 34.33699720256537 97
    vertex -49.74948109813707 37.60468265209339 97
  endloop
endfacet
facet normal -0 0 -1
  outer loop
    vertex -31.89285981633838 51.74070684372349 96
    vertex -36.69669602838272 48.30519615092985 96
    vertex -38.13557284458399 54.23847208402308 96
  endloop
endfacet
facet normal 0 0 -1
  outer loop
    vertex 25.0850903056764 54.9157487922358 96
    vertex 19.6467611240158 57.44667374029277 96
    vertex 24.20382043413444 61.67595375593346 96
  endloop
endfacet
facet normal 0 0 -1
  outer loop
    vertex -58.53875944703631 12.8785522812092 96
    vertex -64.55243518832599 14.03733587788073 96
    vertex -59.43043673861937 19.2110367840628 96
  endloop
endfacet
facet normal 0 0 -1
  outer loop
    vertex 19.05616656604575 -64.00853517727678 96
    vertex 21.23447371691488 -56.98771024651062 96
    vertex 24.72581269563614 -62.14076797142872 96
  endloop
endfacet
facet normal -0 0 -1
  outer loop
    vertex 29.40821662390927 59.8534458419161 96
    vertex 25.0850903056764 54.9157487922358 96
    vertex 24.20382043413444 61.67595375593346 96
  endloop
endfacet
facet normal 0 -0 -1
  outer loop
    vertex -33.78756663610354 57.5069845224256 96
    vertex -31.89285981633838 51.74070684372349 96
    vertex -38.13557284458399 54.23847208402308 96
  endloop
endfacet
facet normal 0 0 -1
  outer loop
    vertex 25.0850903056764 54.9157487922358 96
    vertex 29.40821662390927 59.8534458419161 96
    vertex 30.79954308211494 52.76969859000001 96
  endloop
endfacet
facet normal -0 0 -1
  outer loop
    vertex -59.43043673861937 19.2110367840628 96
    vertex -64.55243518832599 14.03733587788073 96
    vertex -64.91881383394065 19.69839562792689 96
  endloop
endfacet
facet normal 0 0 -1
  outer loop
    vertex -43.23572296475245 -50.77038451010603 96
    vertex -37.37236928288166 -48.50986043488079 96
    vertex -39.65642420772971 -54.57151377161485 96
  endloop
endfacet
facet normal 0 0 -1
  outer loop
    vertex 30.79954308211494 52.76969859000001 96
    vertex 29.40821662390927 59.8534458419161 96
    vertex 34.53149467643009 57.43307902490675 96
  endloop
endfacet
facet normal 0 -0 -1
  outer loop
    vertex -10.16267279957215 -60.41515298867598 96
    vertex -8.126885942473017 -66.23697839435289 96
    vertex -13.79956215840471 -65.8131297498087 96
  endloop
endfacet
facet normal 0 0 -1
  outer loop
    vertex 21.23447371691488 -56.98771024651062 96
    vertex 19.05616656604575 -64.00853517727678 96
    vertex 15.74667071085431 -59.69879765650897 96
  endloop
endfacet
facet normal 0 0 -1
  outer loop
    vertex -31.89285981633838 51.74070684372349 96
    vertex -33.78756663610354 57.5069845224256 96
    vertex -27.05875240993958 55.92462893911178 96
  endloop
endfacet
facet normal 0 -0 -1
  outer loop
    vertex -37.37236928288166 -48.50986043488079 96
    vertex -34.95908996624219 -53.28227837316336 96
    vertex -39.65642420772971 -54.57151377161485 96
  endloop
endfacet
facet normal 0 0 -1
  outer loop
    vertex -48.76427315705344 52.9721215684654 96
    vertex -44.22331531365619 56.81811667654026 96
    vertex -42.83273188820833 50.78384187561728 96
  endloop
endfacet
facet normal 0 0 -1
  outer loop
    vertex -27.05875240993958 55.92462893911178 96
    vertex -33.78756663610354 57.5069845224256 96
    vertex -29.66269299103639 60.98113417661578 96
  endloop
endfacet
facet normal -0 0 -1
  outer loop
    vertex 59.84075398933193 28.79746671667224 96
    vertex 54.39301507207965 25.09763973969478 96
    vertex 53.61426500774394 30.84444326370933 96
  endloop
endfacet
facet normal 0 0 -1
  outer loop
    vertex 17.67495507413747 69.79681914763181 96
    vertex 23.37836178273714 68.09884140244571 96
    vertex 18.78242219345428 63.80533323954624 96
  endloop
endfacet
facet normal 0 -0 -1
  outer loop
    vertex -61.16400779747799 -8.855800610195805 96
    vertex -60.31679987988543 -14.799321723122 96
    vertex -65.52899689148896 -13.33298592041077 96
  endloop
endfacet
facet normal 0 0 -1
  outer loop
    vertex -47.04429818909534 46.94056368645434 96
    vertex -48.76427315705344 52.9721215684654 96
    vertex -42.83273188820833 50.78384187561728 96
  endloop
endfacet
facet normal 0 0 -1
  outer loop
    vertex -66.46519488299829 -7.743625564006251 96
    vertex -61.16400779747799 -8.855800610195805 96
    vertex -65.52899689148896 -13.33298592041077 96
  endloop
endfacet
facet normal 0 0 -1
  outer loop
    vertex -48.34862260290798 -37.54538399066672 96
    vertex -51.04361919201602 -43.18894756442207 96
    vertex -54.60770633000907 -38.97837808823869 96
  endloop
endfacet
facet normal -0 0 -1
  outer loop
    vertex -37.37236928288166 -48.50986043488079 96
    vertex -43.23572296475245 -50.77038451010603 96
    vertex -41.97823460055479 -45.16746864900865 96
  endloop
endfacet
facet normal 0 0 -1
  outer loop
    vertex -24.27686303545556 62.21626781551023 96
    vertex -27.05875240993958 55.92462893911178 96
    vertex -29.66269299103639 60.98113417661578 96
  endloop
endfacet
facet normal 0 0 -1
  outer loop
    vertex -10.16267279957215 -60.41515298867598 96
    vertex -13.79956215840471 -65.8131297498087 96
    vertex -15.59218096114566 -61.44678927165532 96
  endloop
endfacet
facet normal -0 0 -1
  outer loop
    vertex 2.434945497759738 66.94390881155968 96
    vertex -0.8262941437891808 61.54382112531114 96
    vertex -3.33430058603788 67.18726144558215 96
  endloop
endfacet
facet normal 0 0 -1
  outer loop
    vertex -27.05875240993958 55.92462893911178 96
    vertex -24.27686303545556 62.21626781551023 96
    vertex -22.04499148418111 57.54651036672729 96
  endloop
endfacet
facet normal 0 0 -1
  outer loop
    vertex 54.39301507207965 25.09763973969478 96
    vertex 59.84075398933193 28.79746671667224 96
    vertex 59.50290000525172 22.40425382104138 96
  endloop
endfacet
facet normal 0 -0 -1
  outer loop
    vertex 39.02406347307398 54.0218299303712 96
    vertex 41.58730306986189 47.30375467601104 96
    vertex 35.62527436653302 49.64034041907451 96
  endloop
endfacet
facet normal 0 0 -1
  outer loop
    vertex 59.96528057088091 -29.03123640463274 96
    vertex 54.39354296105613 -26.08159904729212 96
    vertex 59.11855845240134 -22.53141650362326 96
  endloop
endfacet
facet normal 0 0 -1
  outer loop
    vertex -8.126885942473017 -66.23697839435289 96
    vertex -10.16267279957215 -60.41515298867598 96
    vertex -4.170082436385417 -61.76556637324828 96
  endloop
endfacet
facet normal 0 0 -1
  outer loop
    vertex -13.36375793388896 65.37984035179284 96
    vertex -7.226272641537379 63.15228745820055 96
    vertex -11.91401294365836 59.34861778577419 96
  endloop
endfacet
facet normal 0 0 -1
  outer loop
    vertex 54.78149313192527 19.13455719251409 96
    vertex 59.50290000525172 22.40425382104138 96
    vertex 60.01677542447317 16.54915972430569 96
  endloop
endfacet
facet normal 0 0 -1
  outer loop
    vertex 19.6467611240158 57.44667374029277 96
    vertex 18.78242219345428 63.80533323954624 96
    vertex 24.20382043413444 61.67595375593346 96
  endloop
endfacet
facet normal 0 0 -1
  outer loop
    vertex -36.69669602838272 48.30519615092985 96
    vertex -42.83273188820833 50.78384187561728 96
    vertex -38.13557284458399 54.23847208402308 96
  endloop
endfacet
facet normal 0 0 -1
  outer loop
    vertex 41.58730306986189 47.30375467601104 96
    vertex 39.02406347307398 54.0218299303712 96
    vertex 44.21635162883137 51.78313795818377 96
  endloop
endfacet
facet normal 0 0 -1
  outer loop
    vertex 61.52637606330569 4.710100925511071 96
    vertex 66.70086235512031 2.383303351825365 96
    vertex 61.9332752853122 -1.104631305827764 96
  endloop
endfacet
facet normal 0 0 -1
  outer loop
    vertex 13.3076487712834 65.36819625460257 96
    vertex 17.67495507413747 69.79681914763181 96
    vertex 18.78242219345428 63.80533323954624 96
  endloop
endfacet
facet normal 0 -0 -1
  outer loop
    vertex 5.638364752276823 -61.36322508176315 96
    vertex 8.471606305148807 -66.41607068159962 96
    vertex 2.946744282227427 -66.93556841363217 96
  endloop
endfacet
facet normal 0 0 -1
  outer loop
    vertex -66.46519488299829 -7.743625564006251 96
    vertex -62.42248911574698 -2.3986628477412 96
    vertex -61.16400779747799 -8.855800610195805 96
  endloop
endfacet
facet normal 0 0 -1
  outer loop
    vertex 5.638364752276823 -61.36322508176315 96
    vertex 2.946744282227427 -66.93556841363217 96
    vertex 0.4623117361237311 -63.03287911133148 96
  endloop
endfacet
facet normal -0 0 -1
  outer loop
    vertex 65.32768405473234 14.13376752502878 96
    vertex 60.69053186071859 10.62027491286317 96
    vertex 60.01677542447317 16.54915972430569 96
  endloop
endfacet
facet normal 0 0 -1
  outer loop
    vertex -41.34600086728564 44.66798080904347 96
    vertex -47.04429818909534 46.94056368645434 96
    vertex -42.83273188820833 50.78384187561728 96
  endloop
endfacet
facet normal 0 0 -1
  outer loop
    vertex -0.8262941437891808 61.54382112531114 96
    vertex 2.434945497759738 66.94390881155968 96
    vertex 4.524122528575612 62.74839912173156 96
  endloop
endfacet
facet normal 0 0 -1
  outer loop
    vertex 54.78149313192527 19.13455719251409 96
    vertex 54.39301507207965 25.09763973969478 96
    vertex 59.50290000525172 22.40425382104138 96
  endloop
endfacet
facet normal 0 0 -1
  outer loop
    vertex -62.42248911574698 -2.3986628477412 96
    vertex -66.46519488299829 -7.743625564006251 96
    vertex -67.90578892266427 -2.760373577744536 96
  endloop
endfacet
facet normal 0 0 -1
  outer loop
    vertex -47.04429818909534 46.94056368645434 96
    vertex -41.34600086728564 44.66798080904347 96
    vertex -45.84174102311314 41.12428648668248 96
  endloop
endfacet
facet normal 0 0 -1
  outer loop
    vertex 54.47633342493774 -38.47657912170175 96
    vertex 49.84918445855222 -35.12367297990137 96
    vertex 54.65544599888203 -32.05007163110233 96
  endloop
endfacet
facet normal 0 0 -1
  outer loop
    vertex -7.226272641537379 63.15228745820055 96
    vertex -13.36375793388896 65.37984035179284 96
    vertex -8.442469354652385 67.72946778194139 96
  endloop
endfacet
facet normal 0 0 -1
  outer loop
    vertex -62.42248911574698 -2.3986628477412 96
    vertex -66.88717711809586 2.2861333970327 96
    vertex -61.98000250379917 4.031409686883197 96
  endloop
endfacet
facet normal 0 0 -1
  outer loop
    vertex 59.50290000525172 22.40425382104138 96
    vertex 64.52358724685917 19.94899041915299 96
    vertex 60.01677542447317 16.54915972430569 96
  endloop
endfacet
facet normal 0 -0 -1
  outer loop
    vertex 51.40683437006826 42.73911606335635 96
    vertex 52.38096182766023 36.63621418979702 96
    vertex 47.30337572127308 38.78655343094119 96
  endloop
endfacet
facet normal 0 0 -1
  outer loop
    vertex -54.3374963887775 -28.9001026506283 96
    vertex -57.54056667690296 -34.19000948600797 96
    vertex -60.41167324297838 -29.53346744309632 96
  endloop
endfacet
facet normal 0 0 -1
  outer loop
    vertex -54.62745988981749 29.057490789156 96
    vertex -60.19137898708904 29.28471961508196 96
    vertex -57.78686040719163 34.25391683665535 96
  endloop
endfacet
facet normal 0 -0 -1
  outer loop
    vertex -66.88717711809586 2.2861333970327 96
    vertex -62.42248911574698 -2.3986628477412 96
    vertex -67.90578892266427 -2.760373577744536 96
  endloop
endfacet
facet normal 0 0 -1
  outer loop
    vertex -54.62745988981749 29.057490789156 96
    vertex -57.78686040719163 34.25391683665535 96
    vertex -53.29481452560854 34.34417032838662 96
  endloop
endfacet
facet normal 0 -0 -1
  outer loop
    vertex 66.70086235512031 2.383303351825365 96
    vertex 67.12639052272223 -3.337647145756794 96
    vertex 61.9332752853122 -1.104631305827764 96
  endloop
endfacet
facet normal 0 0 -1
  outer loop
    vertex -51.04361919201602 -43.18894756442207 96
    vertex -48.34862260290798 -37.54538399066672 96
    vertex -46.13204876866849 -42.64875146946154 96
  endloop
endfacet
facet normal 0 0 -1
  outer loop
    vertex 18.78242219345428 63.80533323954624 96
    vertex 23.37836178273714 68.09884140244571 96
    vertex 24.20382043413444 61.67595375593346 96
  endloop
endfacet
facet normal 0 -0 -1
  outer loop
    vertex -25.72084238587139 -52.11242264853088 96
    vertex -25.27965116261896 -57.41044138880196 96
    vertex -30.2788161890842 -55.25653631238445 96
  endloop
endfacet
facet normal 0 0 -1
  outer loop
    vertex -61.98000250379917 4.031409686883197 96
    vertex -66.32391489591363 7.866755870849639 96
    vertex -62.03010071258901 9.514987937648993 96
  endloop
endfacet
facet normal 0 0 -1
  outer loop
    vertex 54.39354296105613 -26.08159904729212 96
    vertex 59.96528057088091 -29.03123640463274 96
    vertex 54.65544599888203 -32.05007163110233 96
  endloop
endfacet
facet normal -0 0 -1
  outer loop
    vertex -48.34862260290798 -37.54538399066672 96
    vertex -54.60770633000907 -38.97837808823869 96
    vertex -52.48130203780809 -34.25666299660561 96
  endloop
endfacet
facet normal 0 0 -1
  outer loop
    vertex 15.74667071085431 -59.69879765650897 96
    vertex 14.00035378490207 -65.47674032020488 96
    vertex 10.81750208552127 -62.14578387610675 96
  endloop
endfacet
facet normal 0 -0 -1
  outer loop
    vertex 64.52358724685917 19.94899041915299 96
    vertex 65.32768405473234 14.13376752502878 96
    vertex 60.01677542447317 16.54915972430569 96
  endloop
endfacet
facet normal -0 0 -1
  outer loop
    vertex 19.05616656604575 -64.00853517727678 96
    vertex 14.00035378490207 -65.47674032020488 96
    vertex 15.74667071085431 -59.69879765650897 96
  endloop
endfacet
facet normal 0 0 -1
  outer loop
    vertex -45.84174102311314 41.12428648668248 96
    vertex -41.34600086728564 44.66798080904347 96
    vertex -40.55802381461532 38.72866810897114 96
  endloop
endfacet
facet normal 0 0 -1
  outer loop
    vertex -45.20056391671014 35.25063110955519 96
    vertex -45.84174102311314 41.12428648668248 96
    vertex -40.55802381461532 38.72866810897114 96
  endloop
endfacet
facet normal 0 0 -1
  outer loop
    vertex -24.27686303545556 62.21626781551023 96
    vertex -17.5545753368438 60.82238350529843 96
    vertex -22.04499148418111 57.54651036672729 96
  endloop
endfacet
facet normal 0 0 -1
  outer loop
    vertex -0.8262941437891808 61.54382112531114 96
    vertex -7.226272641537379 63.15228745820055 96
    vertex -3.33430058603788 67.18726144558215 96
  endloop
endfacet
facet normal 0 0 -1
  outer loop
    vertex -66.88717711809586 2.2861333970327 96
    vertex -66.32391489591363 7.866755870849639 96
    vertex -61.98000250379917 4.031409686883197 96
  endloop
endfacet
facet normal 0 0 -1
  outer loop
    vertex 45.94175057338248 -44.68513066066713 96
    vertex 43.43153553473348 -51.07780762096446 96
    vertex 40.39508919588101 -47.06937250398313 96
  endloop
endfacet
facet normal 0 -0 -1
  outer loop
    vertex 36.51053914588817 -51.80149306360904 96
    vertex 39.69128181216345 -55.71224091672235 96
    vertex 34.97805547550488 -58.28829253987779 96
  endloop
endfacet
facet normal 0 0 -1
  outer loop
    vertex 59.96528057088091 -29.03123640463274 96
    vertex 59.11855845240134 -22.53141650362326 96
    vertex 63.45766051478035 -24.76125596983642 96
  endloop
endfacet
facet normal 0 0 -1
  outer loop
    vertex -59.43043673861937 19.2110367840628 96
    vertex -62.71553669268022 24.19028862081645 96
    vertex -58.0496390548251 25.11708718554593 96
  endloop
endfacet
facet normal 0 0 -1
  outer loop
    vertex 54.47633342493774 -38.47657912170175 96
    vertex 54.65544599888203 -32.05007163110233 96
    vertex 58.56484946063655 -34.80945976696843 96
  endloop
endfacet
facet normal 0 0 -1
  outer loop
    vertex 30.70681629554504 -55.0173820549413 96
    vertex 36.51053914588817 -51.80149306360904 96
    vertex 34.97805547550488 -58.28829253987779 96
  endloop
endfacet
facet normal -0 0 -1
  outer loop
    vertex 43.43153553473348 -51.07780762096446 96
    vertex 36.51053914588817 -51.80149306360904 96
    vertex 40.39508919588101 -47.06937250398313 96
  endloop
endfacet
facet normal 0 0 -1
  outer loop
    vertex 30.79954308211494 52.76969859000001 96
    vertex 34.53149467643009 57.43307902490675 96
    vertex 34.99509389953801 53.46623699108811 96
  endloop
endfacet
facet normal 0 0 -1
  outer loop
    vertex -17.5545753368438 60.82238350529843 96
    vertex -24.27686303545556 62.21626781551023 96
    vertex -19.43623685804782 65.28516878410124 96
  endloop
endfacet
facet normal -0 0 -1
  outer loop
    vertex -34.80777104960726 -58.20300656572834 96
    vertex -39.38026738481468 -60.27598643490209 96
    vertex -39.65642420772971 -54.57151377161485 96
  endloop
endfacet
facet normal 0 -0 -1
  outer loop
    vertex -17.5545753368438 60.82238350529843 96
    vertex -16.68127323386594 55.71696919728195 96
    vertex -22.04499148418111 57.54651036672729 96
  endloop
endfacet
facet normal 0 0 -1
  outer loop
    vertex 24.72581269563614 -62.14076797142872 96
    vertex 21.23447371691488 -56.98771024651062 96
    vertex 26.54565947533202 -57.44339000068328 96
  endloop
endfacet
facet normal 0 0 -1
  outer loop
    vertex -42.83273188820833 50.78384187561728 96
    vertex -44.22331531365619 56.81811667654026 96
    vertex -38.13557284458399 54.23847208402308 96
  endloop
endfacet
facet normal 0 0 -1
  outer loop
    vertex 64.2939106648697 -18.86231027553766 96
    vertex 58.64008609327259 -16.53574774352379 96
    vertex 63.11479940279754 -12.62790918380997 96
  endloop
endfacet
facet normal 0 0 -1
  outer loop
    vertex -64.55243518832599 14.03733587788073 96
    vertex -58.53875944703631 12.8785522812092 96
    vertex -62.03010071258901 9.514987937648993 96
  endloop
endfacet
facet normal -0 0 -1
  outer loop
    vertex -16.68127323386594 55.71696919728195 96
    vertex -21.38682245505852 52.60174961640408 96
    vertex -22.04499148418111 57.54651036672729 96
  endloop
endfacet
facet normal 0 -0 -1
  outer loop
    vertex -62.71553669268022 24.19028862081645 96
    vertex -59.43043673861937 19.2110367840628 96
    vertex -64.91881383394065 19.69839562792689 96
  endloop
endfacet
facet normal 0 0 -1
  outer loop
    vertex 36.51053914588817 -51.80149306360904 96
    vertex 43.43153553473348 -51.07780762096446 96
    vertex 39.69128181216345 -55.71224091672235 96
  endloop
endfacet
facet normal 0 0 -1
  outer loop
    vertex 43.43153553473348 -51.07780762096446 96
    vertex 45.94175057338248 -44.68513066066713 96
    vertex 48.52631676659126 -48.52631676659097 96
  endloop
endfacet
facet normal -0 0 -1
  outer loop
    vertex -25.27965116261896 -57.41044138880196 96
    vertex -29.69270334443004 -60.49450103457808 96
    vertex -30.2788161890842 -55.25653631238445 96
  endloop
endfacet
facet normal -0 0 -1
  outer loop
    vertex 55.274456247352 13.05311447523372 96
    vertex 50.64499102307505 9.532220993471402 96
    vertex 49.98134399317217 15.48275393583923 96
  endloop
endfacet
facet normal 0 0 -1
  outer loop
    vertex 59.84075398933193 28.79746671667224 96
    vertex 53.61426500774394 30.84444326370933 96
    vertex 57.55944259285685 34.9757595418446 96
  endloop
endfacet
facet normal 0 -0 -1
  outer loop
    vertex 54.78149313192527 19.13455719251409 96
    vertex 55.274456247352 13.05311447523372 96
    vertex 49.98134399317217 15.48275393583923 96
  endloop
endfacet
facet normal 0 -0 -1
  outer loop
    vertex -13.36375793388896 65.37984035179284 96
    vertex -11.91401294365836 59.34861778577419 96
    vertex -17.5545753368438 60.82238350529843 96
  endloop
endfacet
facet normal 0 0 -1
  outer loop
    vertex 56.05806259792246 7.119413691608306 96
    vertex 50.64499102307505 9.532220993471402 96
    vertex 55.274456247352 13.05311447523372 96
  endloop
endfacet
facet normal 0 -0 -1
  outer loop
    vertex 56.6089158404354 1.191187812330448 96
    vertex 57.22303447386494 -4.735519231053972 96
    vertex 51.91098017918587 -2.302343402970117 96
  endloop
endfacet
facet normal 0 0 -1
  outer loop
    vertex 51.25730927021647 3.613418505551227 96
    vertex 56.6089158404354 1.191187812330448 96
    vertex 51.91098017918587 -2.302343402970117 96
  endloop
endfacet
facet normal 0 -0 -1
  outer loop
    vertex 49.39321553470067 21.36726500852663 96
    vertex 49.98134399317217 15.48275393583923 96
    vertex 44.5759647746071 17.86891237807278 96
  endloop
endfacet
facet normal -0 0 -1
  outer loop
    vertex 39.77286086993524 14.35960482373922 96
    vertex 34.96330971214934 10.85580824120992 96
    vertex 34.33390957495188 16.77322163414988 96
  endloop
endfacet
facet normal 0 0 -1
  outer loop
    vertex 39.14395059930747 20.27704828809908 96
    vertex 43.95384579375622 23.78087054511883 96
    vertex 44.5759647746071 17.86891237807278 96
  endloop
endfacet
facet normal 0 0 -1
  outer loop
    vertex 49.39321553470067 21.36726500852663 96
    vertex 54.78149313192527 19.13455719251409 96
    vertex 49.98134399317217 15.48275393583923 96
  endloop
endfacet
facet normal 0 -0 -1
  outer loop
    vertex 39.14395059930747 20.27704828809908 96
    vertex 39.77286086993524 14.35960482373922 96
    vertex 34.33390957495188 16.77322163414988 96
  endloop
endfacet
facet normal 0 0 -1
  outer loop
    vertex 40.40197366179681 8.442176226410556 96
    vertex 34.96330971214934 10.85580824120992 96
    vertex 39.77286086993524 14.35960482373922 96
  endloop
endfacet
facet normal -0 0 -1
  outer loop
    vertex 45.21057185677086 11.94593166711369 96
    vertex 40.40197366179681 8.442176226410556 96
    vertex 39.77286086993524 14.35960482373922 96
  endloop
endfacet
facet normal 0 0 -1
  outer loop
    vertex 45.83696625235262 6.028326309876051 96
    vertex 40.40197366179681 8.442176226410556 96
    vertex 45.21057185677086 11.94593166711369 96
  endloop
endfacet
facet normal 0 -0 -1
  outer loop
    vertex 51.91098017918587 -2.302343402970117 96
    vertex 52.54042078720736 -8.219774304762948 96
    vertex 47.10011398904943 -5.80624587265689 96
  endloop
endfacet
facet normal 0 0 -1
  outer loop
    vertex 39.77286086993524 14.35960482373922 96
    vertex 39.14395059930747 20.27704828809908 96
    vertex 44.5759647746071 17.86891237807278 96
  endloop
endfacet
facet normal -0 0 -1
  outer loop
    vertex 57.22303447386494 -4.735519231053972 96
    vertex 52.54042078720736 -8.219774304762948 96
    vertex 51.91098017918587 -2.302343402970117 96
  endloop
endfacet
facet normal 0 0 -1
  outer loop
    vertex 46.46671760945694 0.1109055382219644 96
    vertex 51.91098017918587 -2.302343402970117 96
    vertex 47.10011398904943 -5.80624587265689 96
  endloop
endfacet
facet normal 0 -0 -1
  outer loop
    vertex 47.10011398904943 -5.80624587265689 96
    vertex 47.7305127251944 -11.72360080051517 96
    vertex 42.29084041924229 -9.310030980388905 96
  endloop
endfacet
facet normal -0 0 -1
  outer loop
    vertex 49.98134399317217 15.48275393583923 96
    vertex 45.21057185677086 11.94593166711369 96
    vertex 44.5759647746071 17.86891237807278 96
  endloop
endfacet
facet normal 0 0 -1
  outer loop
    vertex 43.95384579375622 23.78087054511883 96
    vertex 49.39321553470067 21.36726500852663 96
    vertex 44.5759647746071 17.86891237807278 96
  endloop
endfacet
facet normal -0 0 -1
  outer loop
    vertex 52.54042078720736 -8.219774304762948 96
    vertex 47.7305127251944 -11.72360080051517 96
    vertex 47.10011398904943 -5.80624587265689 96
  endloop
endfacet
facet normal 0 0 -1
  outer loop
    vertex 41.66089296211599 -3.392651028429862 96
    vertex 47.10011398904943 -5.80624587265689 96
    vertex 42.29084041924229 -9.310030980388905 96
  endloop
endfacet
facet normal 0 0 -1
  outer loop
    vertex 41.66089296211599 -3.392651028429862 96
    vertex 46.46671760945694 0.1109055382219644 96
    vertex 47.10011398904943 -5.80624587265689 96
  endloop
endfacet
facet normal 0 0 -1
  outer loop
    vertex 41.03226769925768 2.524814330386072 96
    vertex 46.46671760945694 0.1109055382219644 96
    vertex 41.66089296211599 -3.392651028429862 96
  endloop
endfacet
facet normal 0 0 -1
  outer loop
    vertex 24.08476358072911 15.68299784054654 96
    vertex 29.52408509813817 13.26940580885586 96
    vertex 24.71420945029216 9.765585027227328 96
  endloop
endfacet
facet normal 0 0 -1
  outer loop
    vertex 42.92060550878928 -15.22742415001209 96
    vertex 37.48125275151639 -12.81383388518809 96
    vertex 42.29084041924229 -9.310030980388905 96
  endloop
endfacet
facet normal 0 -0 -1
  outer loop
    vertex 29.52408509813817 13.26940580885586 96
    vertex 30.1535341630704 7.351993090884556 96
    vertex 24.71420945029216 9.765585027227328 96
  endloop
endfacet
facet normal 0 0 -1
  outer loop
    vertex 24.08476358072911 15.68299784054654 96
    vertex 28.8946704582103 19.1868204118406 96
    vertex 29.52408509813817 13.26940580885586 96
  endloop
endfacet
facet normal -0 0 -1
  outer loop
    vertex 34.96330971214934 10.85580824120992 96
    vertex 30.1535341630704 7.351993090884556 96
    vertex 29.52408509813817 13.26940580885586 96
  endloop
endfacet
facet normal 0 0 -1
  outer loop
    vertex 35.59277365530374 4.938396054852199 96
    vertex 30.1535341630704 7.351993090884556 96
    vertex 34.96330971214934 10.85580824120992 96
  endloop
endfacet
facet normal 0 0 -1
  outer loop
    vertex 37.48125275151639 -12.81383388518809 96
    vertex 36.85166457878825 -6.896430145531344 96
    vertex 42.29084041924229 -9.310030980388905 96
  endloop
endfacet
facet normal 0 0 -1
  outer loop
    vertex 31.4124447846059 -4.482831391790674 96
    vertex 36.85166457878825 -6.896430145531344 96
    vertex 32.04187424172883 -10.40024527718485 96
  endloop
endfacet
facet normal 0 -0 -1
  outer loop
    vertex 36.85166457878825 -6.896430145531344 96
    vertex 37.48125275151639 -12.81383388518809 96
    vertex 32.04187424172883 -10.40024527718485 96
  endloop
endfacet
facet normal -0 0 -1
  outer loop
    vertex 47.7305127251944 -11.72360080051517 96
    vertex 42.92060550878928 -15.22742415001209 96
    vertex 42.29084041924229 -9.310030980388905 96
  endloop
endfacet
facet normal 0 0 -1
  outer loop
    vertex 31.4124447846059 -4.482831391790674 96
    vertex 36.22233735278114 -0.9790096735857843 96
    vertex 36.85166457878825 -6.896430145531344 96
  endloop
endfacet
facet normal 0 0 -1
  outer loop
    vertex 34.96330971214934 10.85580824120992 96
    vertex 29.52408509813817 13.26940580885586 96
    vertex 34.33390957495188 16.77322163414988 96
  endloop
endfacet
facet normal 0 0 -1
  outer loop
    vertex 30.78298065005657 1.434580321686942 96
    vertex 36.22233735278114 -0.9790096735857843 96
    vertex 31.4124447846059 -4.482831391790674 96
  endloop
endfacet
facet normal -0 0 -1
  outer loop
    vertex 21.7926397145822 -11.49047598819356 96
    vertex 16.98273345278525 -14.99429850500566 96
    vertex 16.35328720124092 -9.076885716147196 96
  endloop
endfacet
facet normal 0 -0 -1
  outer loop
    vertex 27.23199260320784 -13.90406623799077 96
    vertex 27.86143899700489 -19.82147901857411 96
    vertex 22.42208604395377 -17.40788877247869 96
  endloop
endfacet
facet normal 0 -0 -1
  outer loop
    vertex 21.16319310600742 -5.573063220804138 96
    vertex 21.7926397145822 -11.49047598819356 96
    vertex 16.35328720124092 -9.076885716147196 96
  endloop
endfacet
facet normal 0 0 -1
  outer loop
    vertex 21.7926397145822 -11.49047598819356 96
    vertex 27.23199260320784 -13.90406623799077 96
    vertex 22.42208604395377 -17.40788877247869 96
  endloop
endfacet
facet normal 0 0 -1
  outer loop
    vertex 15.72384148213945 -3.159472895731473 96
    vertex 20.53374773349677 0.3443496201563329 96
    vertex 21.16319310600742 -5.573063220804138 96
  endloop
endfacet
facet normal -0 0 -1
  outer loop
    vertex 30.1535341630704 7.351993090884556 96
    vertex 25.34365535958193 3.848172218059057 96
    vertex 24.71420945029216 9.765585027227328 96
  endloop
endfacet
facet normal 0 0 -1
  outer loop
    vertex 16.98273345278525 -14.99429850500566 96
    vertex 21.7926397145822 -11.49047598819356 96
    vertex 22.42208604395377 -17.40788877247869 96
  endloop
endfacet
facet normal 0 0 -1
  outer loop
    vertex 15.72384148213945 -3.159472895731473 96
    vertex 21.16319310600742 -5.573063220804138 96
    vertex 16.35328720124092 -9.076885716147196 96
  endloop
endfacet
facet normal 0 0 -1
  outer loop
    vertex 33.30079176896616 -22.23506927539432 96
    vertex 27.86143899700489 -19.82147901857411 96
    vertex 32.67134149902679 -16.31765673622811 96
  endloop
endfacet
facet normal 0 0 -1
  outer loop
    vertex 20.53374773349677 0.3443496201563329 96
    vertex 25.97309668873076 -2.06924086430491 96
    vertex 21.16319310600742 -5.573063220804138 96
  endloop
endfacet
facet normal 0 0 -1
  outer loop
    vertex 17.61217936201983 -20.91171131414895 96
    vertex 16.98273345278525 -14.99429850500566 96
    vertex 22.42208604395377 -17.40788877247869 96
  endloop
endfacet
facet normal 0 0 -1
  outer loop
    vertex 27.86143899700489 -19.82147901857411 96
    vertex 27.23199260320784 -13.90406623799077 96
    vertex 32.67134149902679 -16.31765673622811 96
  endloop
endfacet
facet normal 0 -0 -1
  outer loop
    vertex 24.08476358072911 15.68299784054654 96
    vertex 24.71420945029216 9.765585027227328 96
    vertex 19.27485665389739 12.17917528289387 96
  endloop
endfacet
facet normal 0 0 -1
  outer loop
    vertex 13.83550389778896 14.59276554036809 96
    vertex 18.64541076889441 18.09658809322347 96
    vertex 19.27485665389739 12.17917528289387 96
  endloop
endfacet
facet normal -0 0 -1
  outer loop
    vertex 24.71420945029216 9.765585027227328 96
    vertex 19.90430246029809 6.26176246728818 96
    vertex 19.27485665389739 12.17917528289387 96
  endloop
endfacet
facet normal -0 0 -1
  outer loop
    vertex 14.46494976538162 8.675352728709601 96
    vertex 9.655042927945978 5.171530177866854 96
    vertex 9.025597028540364 11.08894298762486 96
  endloop
endfacet
facet normal 0 0 -1
  outer loop
    vertex 14.46494976538162 8.675352728709601 96
    vertex 13.83550389778896 14.59276554036809 96
    vertex 19.27485665389739 12.17917528289387 96
  endloop
endfacet
facet normal 0 0 -1
  outer loop
    vertex 18.64541076889441 18.09658809322347 96
    vertex 24.08476358072911 15.68299784054654 96
    vertex 19.27485665389739 12.17917528289387 96
  endloop
endfacet
facet normal 0 -0 -1
  outer loop
    vertex 13.83550389778896 14.59276554036809 96
    vertex 14.46494976538162 8.675352728709601 96
    vertex 9.025597028540364 11.08894298762486 96
  endloop
endfacet
facet normal 0 0 -1
  outer loop
    vertex 15.09439557633215 2.757939913672026 96
    vertex 9.655042927945978 5.171530177866854 96
    vertex 14.46494976538162 8.675352728709601 96
  endloop
endfacet
facet normal 0 0 -1
  outer loop
    vertex -53.09940667496161 10.46496202439894 96
    vertex -53.6633027952373 16.39539665168938 96
    vertex -48.2761471481758 13.97121311853205 96
  endloop
endfacet
facet normal 0 0 -1
  outer loop
    vertex -53.6633027952373 16.39539665168938 96
    vertex -48.90646041142092 19.88752547095243 96
    vertex -48.2761471481758 13.97121311853205 96
  endloop
endfacet
facet normal 0 -0 -1
  outer loop
    vertex 15.72384148213945 -3.159472895731473 96
    vertex 16.35328720124092 -9.076885716147196 96
    vertex 10.91393468884886 -6.663295443904758 96
  endloop
endfacet
facet normal 0 -0 -1
  outer loop
    vertex -53.97748506945545 22.37659046644365 96
    vertex -53.6633027952373 16.39539665168938 96
    vertex -59.43043673861937 19.2110367840628 96
  endloop
endfacet
facet normal 0 0 -1
  outer loop
    vertex -53.09940667496161 10.46496202439894 96
    vertex -58.53875944703631 12.8785522812092 96
    vertex -53.6633027952373 16.39539665168938 96
  endloop
endfacet
facet normal 0 0 -1
  outer loop
    vertex -32.36865297710152 -38.19580893867463 96
    vertex -26.93587422147158 -40.61128866701272 96
    vertex -31.75663043035305 -44.07102506295715 96
  endloop
endfacet
facet normal 0 0 -1
  outer loop
    vertex -48.90646041142092 19.88752547095243 96
    vertex -43.47751206442284 17.47282847661756 96
    vertex -48.2761471481758 13.97121311853205 96
  endloop
endfacet
facet normal 0 0 -1
  outer loop
    vertex -43.47751206442284 17.47282847661756 96
    vertex -38.03983556083269 15.05905991209493 96
    vertex -42.84750734586346 11.55564314145774 96
  endloop
endfacet
facet normal 0 -0 -1
  outer loop
    vertex -37.14568975763914 -41.69018413339272 96
    vertex -31.75663043035305 -44.07102506295715 96
    vertex -37.37236928288166 -48.50986043488079 96
  endloop
endfacet
facet normal 0 0 -1
  outer loop
    vertex -48.2761471481758 13.97121311853205 96
    vertex -43.47751206442284 17.47282847661756 96
    vertex -42.84750734586346 11.55564314145774 96
  endloop
endfacet
facet normal 0 0 -1
  outer loop
    vertex -37.14568975763914 -41.69018413339272 96
    vertex -32.36865297710152 -38.19580893867463 96
    vertex -31.75663043035305 -44.07102506295715 96
  endloop
endfacet
facet normal 0 0 -1
  outer loop
    vertex -1.223662591626046 9.998710692954841 96
    vertex -1.853108500816283 15.91612350212927 96
    vertex 3.58624427043365 13.50253324526968 96
  endloop
endfacet
facet normal -0 0 -1
  outer loop
    vertex -20.8670755400838 -48.94229173299024 96
    vertex -25.72084238587139 -52.11242264853088 96
    vertex -26.31373830932954 -46.47308620337725 96
  endloop
endfacet
facet normal -0 0 -1
  outer loop
    vertex -53.6633027952373 16.39539665168938 96
    vertex -58.53875944703631 12.8785522812092 96
    vertex -59.43043673861937 19.2110367840628 96
  endloop
endfacet
facet normal 0 0 -1
  outer loop
    vertex -1.853108500816283 15.91612350212927 96
    vertex 2.956798361982339 19.41994605448823 96
    vertex 3.58624427043365 13.50253324526968 96
  endloop
endfacet
facet normal 0 -0 -1
  outer loop
    vertex -26.93587422147158 -40.61128866701272 96
    vertex -26.31373830932954 -46.47308620337725 96
    vertex -31.75663043035305 -44.07102506295715 96
  endloop
endfacet
facet normal 0 0 -1
  outer loop
    vertex -12.73181404493341 20.74330401575187 96
    vertex -13.3612599542418 26.66071682491931 96
    vertex -7.92190718216994 24.24712656810879 96
  endloop
endfacet
facet normal 0 -0 -1
  outer loop
    vertex 31.18679362923988 46.36029417779642 96
    vertex 31.80870440476679 40.42363568680645 96
    vertex 26.3756309108471 42.85326401180242 96
  endloop
endfacet
facet normal -0 0 -1
  outer loop
    vertex -32.60088740528872 12.64542661549198 96
    vertex -37.41079426805045 9.141604063135118 96
    vertex -38.03983556083269 15.05905991209493 96
  endloop
endfacet
facet normal -0 0 -1
  outer loop
    vertex 16.35328720124092 -9.076885716147196 96
    vertex 11.54338068062215 -12.58070824815779 96
    vertex 10.91393468884886 -6.663295443904758 96
  endloop
endfacet
facet normal 0 -0 -1
  outer loop
    vertex -26.31373830932954 -46.47308620337725 96
    vertex -25.72084238587139 -52.11242264853088 96
    vertex -31.22013936958149 -49.83684866355895 96
  endloop
endfacet
facet normal 0 0 -1
  outer loop
    vertex -43.47751206442284 17.47282847661756 96
    vertex -38.66933927250722 20.97646657272036 96
    vertex -38.03983556083269 15.05905991209493 96
  endloop
endfacet
facet normal 0 0 -1
  outer loop
    vertex -41.34600086728564 44.66798080904347 96
    vertex -35.74811695185358 42.23249066132796 96
    vertex -40.55802381461532 38.72866810897114 96
  endloop
endfacet
facet normal 0 0 -1
  outer loop
    vertex 25.74744085716513 48.77388443460675 96
    vertex 31.18679362923988 46.36029417779642 96
    vertex 26.3756309108471 42.85326401180242 96
  endloop
endfacet
facet normal 0 -0 -1
  outer loop
    vertex -38.03983556083269 15.05905991209493 96
    vertex -37.41079426805045 9.141604063135118 96
    vertex -42.84750734586346 11.55564314145774 96
  endloop
endfacet
facet normal 0 0 -1
  outer loop
    vertex -39.29913199598941 26.89384249063675 96
    vertex -33.85977922391469 24.48025223382637 96
    vertex -38.66933927250722 20.97646657272036 96
  endloop
endfacet
facet normal 0 0 -1
  outer loop
    vertex 31.18679362923988 46.36029417779642 96
    vertex 36.58093559859836 43.83122983004981 96
    vertex 31.80870440476679 40.42363568680645 96
  endloop
endfacet
facet normal 0 0 -1
  outer loop
    vertex 10.51014927373854 -51.5890076555178 96
    vertex 15.32005613650026 -48.08518510316094 96
    vertex 15.91556836095412 -53.99143805041381 96
  endloop
endfacet
facet normal 0 0 -1
  outer loop
    vertex 4.619850537182331 52.51031806129842 96
    vertex 10.05882845025394 50.09724239587064 96
    vertex 5.248951790477086 46.5933783820693 96
  endloop
endfacet
facet normal 0 -0 -1
  outer loop
    vertex 10.91393468884886 -6.663295443904758 96
    vertex 11.54338068062215 -12.58070824815779 96
    vertex 6.104027894689544 -10.16711799217338 96
  endloop
endfacet
facet normal 0 0 -1
  outer loop
    vertex -17.67495507413741 -69.79681914763182 96
    vertex -23.37836178273711 -68.09884140244573 96
    vertex -19.08742778182597 -64.1604309065377 96
  endloop
endfacet
facet normal 0 0 -1
  outer loop
    vertex -26.93587422147158 -40.61128866701272 96
    vertex -32.36865297710152 -38.19580893867463 96
    vertex -27.56422446137714 -34.69356094592422 96
  endloop
endfacet
facet normal 0 0 -1
  outer loop
    vertex -44.10903885875118 23.39001993827996 96
    vertex -39.29913199598941 26.89384249063675 96
    vertex -38.66933927250722 20.97646657272036 96
  endloop
endfacet
facet normal 0 0 -1
  outer loop
    vertex 1.146719438155364e-13 -72 96
    vertex -5.945712874007829 -71.75408349648023 96
    vertex -2.693982681735537 -66.85502311499958 96
  endloop
endfacet
facet normal 0 0 -1
  outer loop
    vertex 10.28448886199605 -0.7458826298233676 96
    vertex 15.72384148213945 -3.159472895731473 96
    vertex 10.91393468884886 -6.663295443904758 96
  endloop
endfacet
facet normal -0 0 -1
  outer loop
    vertex -22.12596735870987 -37.10746611465585 96
    vertex -26.93587422147158 -40.61128866701272 96
    vertex -27.56422446137714 -34.69356094592422 96
  endloop
endfacet
facet normal 0 0 -1
  outer loop
    vertex -42.84750734586346 11.55564314145774 96
    vertex -37.41079426805045 9.141604063135118 96
    vertex -42.22026118176854 5.637856314363635 96
  endloop
endfacet
facet normal 0 0 -1
  outer loop
    vertex -49.95217712839656 -19.122102021437 96
    vertex -45.14227026563484 -15.61827946908015 96
    vertex -44.51282435632183 -21.53569227824734 96
  endloop
endfacet
facet normal 0 0 -1
  outer loop
    vertex 20.93753399440339 45.27006188224991 96
    vertex 25.74744085716513 48.77388443460675 96
    vertex 26.3756309108471 42.85326401180242 96
  endloop
endfacet
facet normal -0 0 -1
  outer loop
    vertex 11.85081050021299 -71.01801384499598 96
    vertex 5.945712874008058 -71.75408349648022 96
    vertex 8.471606305148807 -66.41607068159962 96
  endloop
endfacet
facet normal 0 -0 -1
  outer loop
    vertex -33.23033331460172 18.56283942465917 96
    vertex -32.60088740528872 12.64542661549198 96
    vertex -38.03983556083269 15.05905991209493 96
  endloop
endfacet
facet normal 0 0 -1
  outer loop
    vertex -43.47751206442284 17.47282847661756 96
    vertex -44.10903885875118 23.39001993827996 96
    vertex -38.66933927250722 20.97646657272036 96
  endloop
endfacet
facet normal 0 -0 -1
  outer loop
    vertex -21.49652144939684 -43.02487892382304 96
    vertex -20.8670755400838 -48.94229173299024 96
    vertex -26.31373830932954 -46.47308620337725 96
  endloop
endfacet
facet normal 0 0 -1
  outer loop
    vertex -10.61781590524735 -47.85205943744366 96
    vertex -11.2472618145604 -41.9346466282765 96
    vertex -5.807909042485644 -44.34823688508681 96
  endloop
endfacet
facet normal 0 0 -1
  outer loop
    vertex -18.57495231457456 -21.76881794396463 96
    vertex -24.01430508664901 -19.35522768715428 96
    vertex -19.20439822388859 -15.8514051347975 96
  endloop
endfacet
facet normal 0 0 -1
  outer loop
    vertex 10.05882845025394 50.09724239587064 96
    vertex 4.619850537182331 52.51031806129842 96
    vertex 9.426282485505965 56.00744224545381 96
  endloop
endfacet
facet normal 0 0 -1
  outer loop
    vertex -5.629783956657224 51.42060035713453 96
    vertex -0.817949247593829 54.92177643952375 96
    vertex -0.1901098768655617 49.00656902199623 96
  endloop
endfacet
facet normal 0 0 -1
  outer loop
    vertex -60.27598643490214 39.3802673848146 96
    vertex -56.81811667654043 44.22331531365597 96
    vertex -54.86662454949255 38.95937442150748 96
  endloop
endfacet
facet normal 0 0 -1
  outer loop
    vertex -52.97212156846545 -48.76427315705339 96
    vertex -56.81811667654031 -44.22331531365613 96
    vertex -51.04361919201602 -43.18894756442207 96
  endloop
endfacet
facet normal 0 0 -1
  outer loop
    vertex -39.29913199598941 26.89384249063675 96
    vertex -34.48922513322767 30.39766504299356 96
    vertex -33.85977922391469 24.48025223382637 96
  endloop
endfacet
facet normal 0 -0 -1
  outer loop
    vertex -31.97144149597572 6.728013806324787 96
    vertex -31.34199558666275 0.8106009971576059 96
    vertex -36.78134835873745 3.224191253967931 96
  endloop
endfacet
facet normal -0 0 -1
  outer loop
    vertex -28.42042645183998 22.066661977016 96
    vertex -33.23033331460172 18.56283942465917 96
    vertex -33.85977922391469 24.48025223382637 96
  endloop
endfacet
facet normal 0 0 -1
  outer loop
    vertex 10.88466677812572 -57.18949928201371 96
    vertex 10.51014927373854 -51.5890076555178 96
    vertex 15.91556836095412 -53.99143805041381 96
  endloop
endfacet
facet normal -0 0 -1
  outer loop
    vertex 11.54338068062215 -12.58070824815779 96
    vertex 6.7334738178607 -16.08453080051503 96
    vertex 6.104027894689544 -10.16711799217338 96
  endloop
endfacet
facet normal 0 0 -1
  outer loop
    vertex -24.01430508664901 -19.35522768715428 96
    vertex -18.57495231457456 -21.76881794396463 96
    vertex -23.38485917733599 -25.27264049632147 96
  endloop
endfacet
facet normal 0 0 -1
  outer loop
    vertex -71.01801384499602 -11.85081050021283 96
    vertex -71.75408349648023 -5.945712874007936 96
    vertex -66.46519488299829 -7.743625564006251 96
  endloop
endfacet
facet normal 0 0 -1
  outer loop
    vertex -65.93567951916411 -28.92207057501384 96
    vertex -68.09884140244569 -23.37836178273724 96
    vertex -62.70568897018712 -24.46185217816473 96
  endloop
endfacet
facet normal 0 0 -1
  outer loop
    vertex 42.66761237490724 35.55410277892729 96
    vertex 37.25559231062756 38.02929111181878 96
    vertex 41.93788713626276 41.16401012654222 96
  endloop
endfacet
facet normal 0 0 -1
  outer loop
    vertex -22.75541326802289 -31.19005330548866 96
    vertex -28.19476604009763 -28.77646304867832 96
    vertex -23.38485917733599 -25.27264049632147 96
  endloop
endfacet
facet normal 0 0 -1
  outer loop
    vertex -23.38485917733599 -25.27264049632147 96
    vertex -18.57495231457456 -21.76881794396463 96
    vertex -17.94550640526135 -27.68623075313181 96
  endloop
endfacet
facet normal -0 0 -1
  outer loop
    vertex -31.34199558666275 0.8106009971576059 96
    vertex -36.15190244942444 -2.69322155519925 96
    vertex -36.78134835873745 3.224191253967931 96
  endloop
endfacet
facet normal 0 -0 -1
  outer loop
    vertex -33.85977922391469 24.48025223382637 96
    vertex -33.23033331460172 18.56283942465917 96
    vertex -38.66933927250722 20.97646657272036 96
  endloop
endfacet
facet normal -0 0 -1
  outer loop
    vertex 27.0063326757911 36.93905881627231 96
    vertex 22.19642581302934 33.43523626391548 96
    vertex 21.56697990371636 39.35264907308269 96
  endloop
endfacet
facet normal 0 -0 -1
  outer loop
    vertex 1.923566954713613 -19.58835335289455 96
    vertex 2.553012864411713 -25.50576616203872 96
    vertex -2.886339907727611 -23.09217590523225 96
  endloop
endfacet
facet normal 0 -0 -1
  outer loop
    vertex -54.33303344149653 -22.52106727003137 96
    vertex -49.21986480122256 -25.01870300685495 96
    vertex -54.3374963887775 -28.9001026506283 96
  endloop
endfacet
facet normal 0 0 -1
  outer loop
    vertex -0.1901098768655617 49.00656902199623 96
    vertex 4.619850537182331 52.51031806129842 96
    vertex 5.248951790477086 46.5933783820693 96
  endloop
endfacet
facet normal 0 -0 -1
  outer loop
    vertex 68.09884140244569 23.37836178273724 96
    vertex 69.79681914763179 17.67495507413756 96
    vertex 64.52358724685917 19.94899041915299 96
  endloop
endfacet
facet normal 0 0 -1
  outer loop
    vertex 2.553012864411713 -25.50576616203872 96
    vertex 1.923566954713613 -19.58835335289455 96
    vertex 7.362919727109579 -22.00194360968613 96
  endloop
endfacet
facet normal -0 0 -1
  outer loop
    vertex -53.09940667496161 10.46496202439894 96
    vertex -57.80796223519746 6.971920393508183 96
    vertex -58.53875944703631 12.8785522812092 96
  endloop
endfacet
facet normal -0 0 -1
  outer loop
    vertex 60.27598643490219 -39.38026738481452 96
    vertex 56.81811667654048 -44.2233153136559 96
    vertex 54.47633342493774 -38.47657912170175 96
  endloop
endfacet
facet normal 0 -0 -1
  outer loop
    vertex -17.31606049594818 -33.603643562299 96
    vertex -16.68661458663514 -39.52105637146619 96
    vertex -22.12596735870987 -37.10746611465585 96
  endloop
endfacet
facet normal -0 0 -1
  outer loop
    vertex -5.000338047344241 45.50318754796733 96
    vertex -9.810244910105984 41.99936499561049 96
    vertex -10.43969081941895 47.91677780477767 96
  endloop
endfacet
facet normal -0 0 -1
  outer loop
    vertex -30.93821008909183 45.73631321368477 96
    vertex -35.74811695185358 42.23249066132796 96
    vertex -36.69669602838272 48.30519615092985 96
  endloop
endfacet
facet normal 0 0 -1
  outer loop
    vertex -52.97212156846556 48.76427315705326 96
    vertex -48.76427315705344 52.9721215684654 96
    vertex -47.04429818909534 46.94056368645434 96
  endloop
endfacet
facet normal -0 0 -1
  outer loop
    vertex 34.26821229866948 -63.32211008686711 96
    vertex 28.92207057501398 -65.93567951916405 96
    vertex 30.01548281406622 -60.46648837810086 96
  endloop
endfacet
facet normal 0 0 -1
  outer loop
    vertex -9.180799000793014 36.0819521864433 96
    vertex -3.741446228718298 33.66836192963294 96
    vertex -8.551353091480037 30.16453937727613 96
  endloop
endfacet
facet normal 0 -0 -1
  outer loop
    vertex -35.11867104254063 36.31507785216075 96
    vertex -34.48922513322767 30.39766504299356 96
    vertex -39.92857790530238 32.81125529980395 96
  endloop
endfacet
facet normal 0 0 -1
  outer loop
    vertex 27.63577858510406 31.02164600710511 96
    vertex 33.07513135717879 28.60805575029474 96
    vertex 28.26522450349708 25.10423320178289 96
  endloop
endfacet
facet normal 0 -0 -1
  outer loop
    vertex -14.39449136113033 -12.34758258244085 96
    vertex -13.76504545181415 -18.26499539160785 96
    vertex -19.20439822388859 -15.8514051347975 96
  endloop
endfacet
facet normal -0 0 -1
  outer loop
    vertex -13.76504545181415 -18.26499539160785 96
    vertex -18.57495231457456 -21.76881794396463 96
    vertex -19.20439822388859 -15.8514051347975 96
  endloop
endfacet
facet normal 0 0 -1
  outer loop
    vertex -37.41079426805045 9.141604063135118 96
    vertex -31.97144149597572 6.728013806324787 96
    vertex -36.78134835873745 3.224191253967931 96
  endloop
endfacet
facet normal 0 0 -1
  outer loop
    vertex -24.23996549839121 31.48789733854002 96
    vertex -29.67931827046593 33.90148759535039 96
    vertex -24.86941140770417 37.40531014770721 96
  endloop
endfacet
facet normal -0 0 -1
  outer loop
    vertex -29.67931827046593 33.90148759535039 96
    vertex -34.48922513322767 30.39766504299356 96
    vertex -35.11867104254063 36.31507785216075 96
  endloop
endfacet
facet normal 0 0 -1
  outer loop
    vertex 53.16986519101108 -14.13719173826238 96
    vertex 57.9772292613123 -10.63909950661753 96
    vertex 58.64008609327259 -16.53574774352379 96
  endloop
endfacet
facet normal -0 0 -1
  outer loop
    vertex 1.294121043475911 -13.67094054384205 96
    vertex -3.515785816977076 -17.17476309606126 96
    vertex -4.145231726525097 -11.25735028690809 96
  endloop
endfacet
facet normal 0 0 -1
  outer loop
    vertex 58.64008609327259 -16.53574774352379 96
    vertex 57.9772292613123 -10.63909950661753 96
    vertex 63.11479940279754 -12.62790918380997 96
  endloop
endfacet
facet normal 0 -0 -1
  outer loop
    vertex 6.104027894689544 -10.16711799217338 96
    vertex 6.7334738178607 -16.08453080051503 96
    vertex 1.294121043475911 -13.67094054384205 96
  endloop
endfacet
facet normal 0 0 -1
  outer loop
    vertex 1.923566954713613 -19.58835335289455 96
    vertex 6.7334738178607 -16.08453080051503 96
    vertex 7.362919727109579 -22.00194360968613 96
  endloop
endfacet
facet normal 0 -0 -1
  outer loop
    vertex 38.5144841292535 26.19446549348437 96
    vertex 39.14395059930747 20.27704828809908 96
    vertex 33.70458071197081 22.69064223115465 96
  endloop
endfacet
facet normal 0 0 -1
  outer loop
    vertex -3.515785816977076 -17.17476309606126 96
    vertex 1.294121043475911 -13.67094054384205 96
    vertex 1.923566954713613 -19.58835335289455 96
  endloop
endfacet
facet normal 0 0 -1
  outer loop
    vertex -28.92207057501371 -65.93567951916417 96
    vertex -34.26821229866923 -63.32211008686726 96
    vertex -29.69270334443004 -60.49450103457808 96
  endloop
endfacet
facet normal 0 0 -1
  outer loop
    vertex -2.256893998350047 -29.00958871439559 96
    vertex -7.69624677042499 -26.59599845758528 96
    vertex -2.886339907727611 -23.09217590523225 96
  endloop
endfacet
facet normal -0 0 -1
  outer loop
    vertex -17.31606049594818 -33.603643562299 96
    vertex -22.12596735870987 -37.10746611465585 96
    vertex -22.75541326802289 -31.19005330548866 96
  endloop
endfacet
facet normal 0 0 -1
  outer loop
    vertex -4.370892138031268 39.58577473880014 96
    vertex -9.810244910105984 41.99936499561049 96
    vertex -5.000338047344241 45.50318754796733 96
  endloop
endfacet
facet normal 0 0 -1
  outer loop
    vertex -8.551353091480037 30.16453937727613 96
    vertex -3.741446228718298 33.66836192963294 96
    vertex -3.112000319405614 27.75094912046574 96
  endloop
endfacet
facet normal 0 -0 -1
  outer loop
    vertex -22.75541326802289 -31.19005330548866 96
    vertex -22.12596735870987 -37.10746611465585 96
    vertex -27.56422446137714 -34.69356094592422 96
  endloop
endfacet
facet normal 0 -0 -1
  outer loop
    vertex 9.880703364425512 -45.67159484635062 96
    vertex 10.51014927373854 -51.5890076555178 96
    vertex 5.070796501663811 -49.17541739870746 96
  endloop
endfacet
facet normal 0 0 -1
  outer loop
    vertex 27.0063326757911 36.93905881627231 96
    vertex 21.56697990371636 39.35264907308269 96
    vertex 26.3756309108471 42.85326401180242 96
  endloop
endfacet
facet normal 0 0 -1
  outer loop
    vertex -46.40116208426086 -3.783453850745784 96
    vertex -51.84051485633557 -1.369863593935459 96
    vertex -47.03060799357387 2.133958958421388 96
  endloop
endfacet
facet normal 0 0 -1
  outer loop
    vertex -22.75541326802289 -31.19005330548866 96
    vertex -23.38485917733599 -25.27264049632147 96
    vertex -17.94550640526135 -27.68623075313181 96
  endloop
endfacet
facet normal 0 0 -1
  outer loop
    vertex -37.14568975763914 -41.69018413339272 96
    vertex -37.81457976562106 -35.78410815339203 96
    vertex -32.36865297710152 -38.19580893867463 96
  endloop
endfacet
facet normal -0 0 -1
  outer loop
    vertex 20.3080880850904 51.18747469141711 96
    vertex 15.49818122232866 47.68365213906027 96
    vertex 14.8597425965474 53.64969996722795 96
  endloop
endfacet
facet normal 0 0 -1
  outer loop
    vertex 53.61426500774394 30.84444326370933 96
    vertex 48.1108700312486 33.14931213556763 96
    vertex 52.38096182766023 36.63621418979702 96
  endloop
endfacet
facet normal 0 -0 -1
  outer loop
    vertex 0.6646751335076418 -7.753527734713892 96
    vertex 1.294121043475911 -13.67094054384205 96
    vertex -4.145231726525097 -11.25735028690809 96
  endloop
endfacet
facet normal 0 -0 -1
  outer loop
    vertex 71.01801384499601 11.85081050021286 96
    vertex 71.75408349648023 5.945712874007936 96
    vertex 66.27208411461748 8.260806669970291 96
  endloop
endfacet
facet normal 0 0 -1
  outer loop
    vertex -60.27598643490203 -39.38026738481477 96
    vertex -63.3221100868672 -34.26821229866932 96
    vertex -57.54056667690296 -34.19000948600797 96
  endloop
endfacet
facet normal 0 -0 -1
  outer loop
    vertex -29.04987236115296 27.98407478618319 96
    vertex -28.42042645183998 22.066661977016 96
    vertex -33.85977922391469 24.48025223382637 96
  endloop
endfacet
facet normal 0 0 -1
  outer loop
    vertex 9.251257455112496 -39.75418203718343 96
    vertex 14.69061022718723 -42.16777229399376 96
    vertex 9.880703364425512 -45.67159484635062 96
  endloop
endfacet
facet normal 0 0 -1
  outer loop
    vertex -34.48922513322767 30.39766504299356 96
    vertex -29.04987236115296 27.98407478618319 96
    vertex -33.85977922391469 24.48025223382637 96
  endloop
endfacet
facet normal 0 0 -1
  outer loop
    vertex -3.741446228718298 33.66836192963294 96
    vertex 1.697906543356419 31.25477167282257 96
    vertex -3.112000319405614 27.75094912046574 96
  endloop
endfacet
facet normal 0 0 -1
  outer loop
    vertex -29.67931827046593 33.90148759535039 96
    vertex -35.11867104254063 36.31507785216075 96
    vertex -30.30876417977888 39.81890040451758 96
  endloop
endfacet
facet normal -0 0 -1
  outer loop
    vertex -45.77171617494785 -9.700866659912963 96
    vertex -50.58162303770957 -13.20468921226981 96
    vertex -51.21106894702257 -7.287276403102633 96
  endloop
endfacet
facet normal 0 0 -1
  outer loop
    vertex -45.77171617494785 -9.700866659912963 96
    vertex -51.21106894702257 -7.287276403102633 96
    vertex -46.40116208426086 -3.783453850745784 96
  endloop
endfacet
facet normal 0 0 -1
  outer loop
    vertex -28.82421194941066 -22.85905023951114 96
    vertex -24.01430508664901 -19.35522768715428 96
    vertex -23.38485917733599 -25.27264049632147 96
  endloop
endfacet
facet normal 0 0 -1
  outer loop
    vertex 6.7334738178607 -16.08453080051503 96
    vertex 12.17282658993681 -18.49812105732726 96
    vertex 7.362919727109579 -22.00194360968613 96
  endloop
endfacet
facet normal 0 0 -1
  outer loop
    vertex -41.59125522149915 -0.2796312983889225 96
    vertex -36.15190244942444 -2.69322155519925 96
    vertex -40.96180931218613 -6.197044107556107 96
  endloop
endfacet
facet normal 0 0 -1
  outer loop
    vertex -4.613851111586017 -56.09406114651589 96
    vertex -5.178463133172604 -50.26564969425397 96
    vertex 0.2469848089017193 -52.66015195895137 96
  endloop
endfacet
facet normal 0 -0 -1
  outer loop
    vertex -49.21986480122256 -25.01870300685495 96
    vertex -48.50513735226636 -30.93691400103841 96
    vertex -54.3374963887775 -28.9001026506283 96
  endloop
endfacet
facet normal 0 0 -1
  outer loop
    vertex 31.01009155805492 -49.29655564283262 96
    vertex 35.67426039872107 -45.68445549559597 96
    vertex 36.51053914588817 -51.80149306360904 96
  endloop
endfacet
facet normal -0 0 -1
  outer loop
    vertex -30.71254967734978 -5.106811812009582 96
    vertex -35.52245654011141 -8.610634364366438 96
    vertex -36.15190244942444 -2.69322155519925 96
  endloop
endfacet
facet normal -0 0 -1
  outer loop
    vertex 2.553012864411713 -25.50576616203872 96
    vertex -2.256893998350047 -29.00958871439559 96
    vertex -2.886339907727611 -23.09217590523225 96
  endloop
endfacet
facet normal -0 0 -1
  outer loop
    vertex -19.43005863562947 34.99171989089685 96
    vertex -24.23996549839121 31.48789733854002 96
    vertex -24.86941140770417 37.40531014770721 96
  endloop
endfacet
facet normal 0 -0 -1
  outer loop
    vertex 1.697906543356419 31.25477167282257 96
    vertex 2.327352452669389 25.33735886365537 96
    vertex -3.112000319405614 27.75094912046574 96
  endloop
endfacet
facet normal 0 0 -1
  outer loop
    vertex 16.12762713164165 41.76623932989307 96
    vertex 15.49818122232866 47.68365213906027 96
    vertex 20.93753399440339 45.27006188224991 96
  endloop
endfacet
facet normal 0 0 -1
  outer loop
    vertex -29.67931827046593 33.90148759535039 96
    vertex -30.30876417977888 39.81890040451758 96
    vertex -24.86941140770417 37.40531014770721 96
  endloop
endfacet
facet normal 0 0 -1
  outer loop
    vertex 38.74014454100332 -24.64865953220864 96
    vertex 38.11069863173665 -18.73124672303653 96
    vertex 43.55005140376775 -21.1448369798515 96
  endloop
endfacet
facet normal 0 0 -1
  outer loop
    vertex 2.553012864411713 -25.50576616203872 96
    vertex 7.362919727109579 -22.00194360968613 96
    vertex 7.992365636475811 -27.91935641884976 96
  endloop
endfacet
facet normal 0 0 -1
  outer loop
    vertex 37.88503821994053 32.11187830265158 96
    vertex 37.25559231062756 38.02929111181878 96
    vertex 42.66761237490724 35.55410277892729 96
  endloop
endfacet
facet normal 0 0 -1
  outer loop
    vertex 48.76374524616129 27.28469700710493 96
    vertex 43.32439099201525 29.6982880458412 96
    vertex 48.1108700312486 33.14931213556763 96
  endloop
endfacet
facet normal 0 0 -1
  outer loop
    vertex -49.95217712839656 -19.122102021437 96
    vertex -44.51282435632183 -21.53569227824734 96
    vertex -49.21986480122256 -25.01870300685495 96
  endloop
endfacet
facet normal 0 0 -1
  outer loop
    vertex -43.25393253769579 -33.37051789658172 96
    vertex -38.44402567493408 -29.86669534422485 96
    vertex -37.81457976562106 -35.78410815339203 96
  endloop
endfacet
facet normal 0 -0 -1
  outer loop
    vertex -43.25393253769579 -33.37051789658172 96
    vertex -42.40462815488428 -39.25778459665695 96
    vertex -48.34862260290798 -37.54538399066672 96
  endloop
endfacet
facet normal 0 0 -1
  outer loop
    vertex 48.76374524616129 27.28469700710493 96
    vertex 48.1108700312486 33.14931213556763 96
    vertex 53.61426500774394 30.84444326370933 96
  endloop
endfacet
facet normal 0 0 -1
  outer loop
    vertex -53.97748506945545 22.37659046644365 96
    vertex -48.90646041142092 19.88752547095243 96
    vertex -53.6633027952373 16.39539665168938 96
  endloop
endfacet
facet normal -0 0 -1
  outer loop
    vertex 23.37836178273738 -68.09884140244564 96
    vertex 17.6749550741377 -69.79681914763175 96
    vertex 19.05616656604575 -64.00853517727678 96
  endloop
endfacet
facet normal -0 0 -1
  outer loop
    vertex -40.33236340287312 -12.11445691672329 96
    vertex -45.14227026563484 -15.61827946908015 96
    vertex -45.77171617494785 -9.700866659912963 96
  endloop
endfacet
facet normal -0 0 -1
  outer loop
    vertex -24.23996549839121 31.48789733854002 96
    vertex -29.04987236115296 27.98407478618319 96
    vertex -29.67931827046593 33.90148759535039 96
  endloop
endfacet
facet normal 0 0 -1
  outer loop
    vertex -39.92857790530238 32.81125529980395 96
    vertex -34.48922513322767 30.39766504299356 96
    vertex -39.29913199598941 26.89384249063675 96
  endloop
endfacet
facet normal 0 0 -1
  outer loop
    vertex 34.5596835875471 -34.06989489373348 96
    vertex 39.36959045031057 -30.56607234137644 96
    vertex 39.99903635962212 -36.48348515054377 96
  endloop
endfacet
facet normal 0 0 -1
  outer loop
    vertex 43.32439099201525 29.6982880458412 96
    vertex 37.88503821994053 32.11187830265158 96
    vertex 42.66761237490724 35.55410277892729 96
  endloop
endfacet
facet normal 0 0 -1
  outer loop
    vertex 39.36959045031057 -30.56607234137644 96
    vertex 44.1794973130735 -27.06224978901945 96
    vertex 44.77027308194324 -32.93115085639256 96
  endloop
endfacet
facet normal 0 0 -1
  outer loop
    vertex -49.47347977027385 25.81157870526603 96
    vertex -44.10903885875118 23.39001993827996 96
    vertex -48.90646041142092 19.88752547095243 96
  endloop
endfacet
facet normal 0 0 -1
  outer loop
    vertex -28.82421194941066 -22.85905023951114 96
    vertex -29.45365785872369 -16.94163743034395 96
    vertex -24.01430508664901 -19.35522768715428 96
  endloop
endfacet
facet normal 0 0 -1
  outer loop
    vertex -3.515785816977076 -17.17476309606126 96
    vertex 1.923566954713613 -19.58835335289455 96
    vertex -2.886339907727611 -23.09217590523225 96
  endloop
endfacet
facet normal 0 0 -1
  outer loop
    vertex -42.40462815488428 -39.25778459665695 96
    vertex -37.81457976562106 -35.78410815339203 96
    vertex -37.14568975763914 -41.69018413339272 96
  endloop
endfacet
facet normal 0 0 -1
  outer loop
    vertex 7.362919727109579 -22.00194360968613 96
    vertex 12.80227249924818 -24.41553386649218 96
    vertex 7.992365636475811 -27.91935641884976 96
  endloop
endfacet
facet normal 0 -0 -1
  outer loop
    vertex 19.6467611240158 57.44667374029277 96
    vertex 20.3080880850904 51.18747469141711 96
    vertex 14.8597425965474 53.64969996722795 96
  endloop
endfacet
facet normal 0 0 -1
  outer loop
    vertex 30.37945980320565 -43.47246568499217 96
    vertex 24.93990939020821 -41.07442923673631 96
    vertex 29.74982284100068 -37.57008822409429 96
  endloop
endfacet
facet normal -0 0 -1
  outer loop
    vertex -26.31373830932954 -46.47308620337725 96
    vertex -31.22013936958149 -49.83684866355895 96
    vertex -31.75663043035305 -44.07102506295715 96
  endloop
endfacet
facet normal 0 0 -1
  outer loop
    vertex 72 8.817456953860942e-15 96
    vertex 71.75408349648023 -5.945712874007897 96
    vertex 67.12639052272223 -3.337647145756794 96
  endloop
endfacet
facet normal 0 0 -1
  outer loop
    vertex -10.21403040769909 -2.926347220917847 96
    vertex -4.774677635735703 -5.339937477734805 96
    vertex -9.584584498389779 -8.843760030085253 96
  endloop
endfacet
facet normal 0 0 -1
  outer loop
    vertex -19.83384413320154 -9.933992325630314 96
    vertex -14.39449136113033 -12.34758258244085 96
    vertex -19.20439822388859 -15.8514051347975 96
  endloop
endfacet
facet normal 0 0 -1
  outer loop
    vertex -30.71254967734978 -5.106811812009582 96
    vertex -25.27319690527531 -7.520402068819927 96
    vertex -30.08310376803676 -11.02422462117677 96
  endloop
endfacet
facet normal 0 0 -1
  outer loop
    vertex 3.182458773724734 -31.42317897120591 96
    vertex -2.256893998350047 -29.00958871439559 96
    vertex 2.553012864411713 -25.50576616203872 96
  endloop
endfacet
facet normal 0 0 -1
  outer loop
    vertex -40.33236340287312 -12.11445691672329 96
    vertex -34.8930106307984 -14.52804717353362 96
    vertex -39.70291749356011 -18.03186972589048 96
  endloop
endfacet
facet normal -0 0 -1
  outer loop
    vertex -27.16153463321399 10.23183635868164 96
    vertex -31.97144149597572 6.728013806324787 96
    vertex -32.60088740528872 12.64542661549198 96
  endloop
endfacet
facet normal -0 0 -1
  outer loop
    vertex -27.79098054252699 16.14924916784882 96
    vertex -32.60088740528872 12.64542661549198 96
    vertex -33.23033331460172 18.56283942465917 96
  endloop
endfacet
facet normal 0 0 -1
  outer loop
    vertex -13.99070586355476 32.57812963408647 96
    vertex -19.43005863562947 34.99171989089685 96
    vertex -14.62015177286772 38.49554244325366 96
  endloop
endfacet
facet normal 0 0 -1
  outer loop
    vertex 1.697906543356419 31.25477167282257 96
    vertex 7.137259315431136 28.8411814160122 96
    vertex 2.327352452669389 25.33735886365537 96
  endloop
endfacet
facet normal 0 0 -1
  outer loop
    vertex 7.766705224744102 22.92376860684501 96
    vertex 7.137259315431136 28.8411814160122 96
    vertex 12.57661208750585 26.42759115920184 96
  endloop
endfacet
facet normal 0 0 -1
  outer loop
    vertex 32.44568544786581 34.52546855946194 96
    vertex 27.0063326757911 36.93905881627231 96
    vertex 31.80870440476679 40.42363568680645 96
  endloop
endfacet
facet normal 0 0 -1
  outer loop
    vertex 37.88503821994053 32.11187830265158 96
    vertex 32.44568544786581 34.52546855946194 96
    vertex 37.25559231062756 38.02929111181878 96
  endloop
endfacet
facet normal 0 0 -1
  outer loop
    vertex 33.07513135717879 28.60805575029474 96
    vertex 37.88503821994053 32.11187830265158 96
    vertex 38.5144841292535 26.19446549348437 96
  endloop
endfacet
facet normal 0 0 -1
  outer loop
    vertex -45.77171617494785 -9.700866659912963 96
    vertex -46.40116208426086 -3.783453850745784 96
    vertex -40.96180931218613 -6.197044107556107 96
  endloop
endfacet
facet normal 0 0 -1
  outer loop
    vertex 38.5144841292535 26.19446549348437 96
    vertex 43.32439099201525 29.6982880458412 96
    vertex 43.95384579375622 23.78087054511883 96
  endloop
endfacet
facet normal -0 0 -1
  outer loop
    vertex -50.58162303770957 -13.20468921226981 96
    vertex -55.25150029716858 -16.67147095261767 96
    vertex -55.87837017506089 -10.77223880107031 96
  endloop
endfacet
facet normal 0 0 -1
  outer loop
    vertex 15.32005613650026 -48.08518510316094 96
    vertex 20.759408908575 -50.49877535997126 96
    vertex 15.91556836095412 -53.99143805041381 96
  endloop
endfacet
facet normal 0 0 -1
  outer loop
    vertex 53.16986519101108 -14.13719173826238 96
    vertex 47.7305127251944 -11.72360080051517 96
    vertex 52.54042078720736 -8.219774304762948 96
  endloop
endfacet
facet normal 0 0 -1
  outer loop
    vertex -28.19476604009763 -28.77646304867832 96
    vertex -28.82421194941066 -22.85905023951114 96
    vertex -23.38485917733599 -25.27264049632147 96
  endloop
endfacet
facet normal 0 0 -1
  outer loop
    vertex -30.30876417977888 39.81890040451758 96
    vertex -35.74811695185358 42.23249066132796 96
    vertex -30.93821008909183 45.73631321368477 96
  endloop
endfacet
facet normal 0 0 -1
  outer loop
    vertex 20.93753399440339 45.27006188224991 96
    vertex 15.49818122232866 47.68365213906027 96
    vertex 20.3080880850904 51.18747469141711 96
  endloop
endfacet
facet normal -0 0 -1
  outer loop
    vertex 6.104027894689544 -10.16711799217338 96
    vertex 1.294121043475911 -13.67094054384205 96
    vertex 0.6646751335076418 -7.753527734713892 96
  endloop
endfacet
facet normal -0 0 -1
  outer loop
    vertex -6.247662788160249 57.32213434649596 96
    vertex -10.99973426187211 53.7389176951102 96
    vertex -11.91401294365836 59.34861778577419 96
  endloop
endfacet
facet normal 0 0 -1
  outer loop
    vertex 4.619850537182331 52.51031806129842 96
    vertex 3.990029768866241 58.42824546184825 96
    vertex 9.426282485505965 56.00744224545381 96
  endloop
endfacet
facet normal 0 0 -1
  outer loop
    vertex 35.16512420983858 -39.94688123477843 96
    vertex 39.99903635962212 -36.48348515054377 96
    vertex 40.41736032667984 -42.09797567907903 96
  endloop
endfacet
facet normal 0 0 -1
  outer loop
    vertex 5.474581998547213 -4.249705182221279 96
    vertex 10.91393468884886 -6.663295443904758 96
    vertex 6.104027894689544 -10.16711799217338 96
  endloop
endfacet
facet normal 0 -0 -1
  outer loop
    vertex 5.474581998547213 -4.249705182221279 96
    vertex 6.104027894689544 -10.16711799217338 96
    vertex 0.6646751335076418 -7.753527734713892 96
  endloop
endfacet
facet normal 0 0 -1
  outer loop
    vertex -0.5942166829741817 4.081297883748229 96
    vertex -1.223662591626046 9.998710692954841 96
    vertex 4.215690175634923 7.585120435857105 96
  endloop
endfacet
facet normal 0 0 -1
  outer loop
    vertex -34.8930106307984 -14.52804717353362 96
    vertex -30.08310376803676 -11.02422462117677 96
    vertex -29.45365785872369 -16.94163743034395 96
  endloop
endfacet
facet normal 0 0 -1
  outer loop
    vertex -34.26356472148539 -20.44545998270081 96
    vertex -34.8930106307984 -14.52804717353362 96
    vertex -29.45365785872369 -16.94163743034395 96
  endloop
endfacet
facet normal 0 0 -1
  outer loop
    vertex 3.811904683037758 -37.3405917803731 96
    vertex 9.251257455112496 -39.75418203718343 96
    vertex 4.441350592350789 -43.25800458954028 96
  endloop
endfacet
facet normal 0 -0 -1
  outer loop
    vertex -29.67931827046593 33.90148759535039 96
    vertex -29.04987236115296 27.98407478618319 96
    vertex -34.48922513322767 30.39766504299356 96
  endloop
endfacet
facet normal 0 0 -1
  outer loop
    vertex 16.75707304095463 35.84882652072586 96
    vertex 11.31772026887991 38.26241677753623 96
    vertex 16.12762713164165 41.76623932989307 96
  endloop
endfacet
facet normal 0 -0 -1
  outer loop
    vertex -39.70291749356011 -18.03186972589048 96
    vertex -39.0734715842471 -23.94928253505767 96
    vertex -44.51282435632183 -21.53569227824734 96
  endloop
endfacet
facet normal 0 0 -1
  outer loop
    vertex 27.63577858510406 31.02164600710511 96
    vertex 32.44568544786581 34.52546855946194 96
    vertex 33.07513135717879 28.60805575029474 96
  endloop
endfacet
facet normal 0 0 -1
  outer loop
    vertex -28.82421194941066 -22.85905023951114 96
    vertex -34.26356472148539 -20.44545998270081 96
    vertex -29.45365785872369 -16.94163743034395 96
  endloop
endfacet
facet normal 0 -0 -1
  outer loop
    vertex -39.0734715842471 -23.94928253505767 96
    vertex -38.44402567493408 -29.86669534422485 96
    vertex -43.88337844700881 -27.45310508741453 96
  endloop
endfacet
facet normal -0 0 -1
  outer loop
    vertex -39.0734715842471 -23.94928253505767 96
    vertex -43.88337844700881 -27.45310508741453 96
    vertex -44.51282435632183 -21.53569227824734 96
  endloop
endfacet
facet normal 0 0 -1
  outer loop
    vertex 43.55005140376775 -21.1448369798515 96
    vertex 42.92060550878928 -15.22742415001209 96
    vertex 48.35995826891174 -17.64101442405001 96
  endloop
endfacet
facet normal 0 0 -1
  outer loop
    vertex -28.19476604009763 -28.77646304867832 96
    vertex -22.75541326802289 -31.19005330548866 96
    vertex -27.56422446137714 -34.69356094592422 96
  endloop
endfacet
facet normal 0 -0 -1
  outer loop
    vertex -20.8670755400838 -48.94229173299024 96
    vertex -20.31358824414294 -54.50871897923231 96
    vertex -25.72084238587139 -52.11242264853088 96
  endloop
endfacet
facet normal 0 0 -1
  outer loop
    vertex 53.79108416619181 -20.05547976936151 96
    vertex 53.16986519101108 -14.13719173826238 96
    vertex 58.64008609327259 -16.53574774352379 96
  endloop
endfacet
facet normal 0 0 -1
  outer loop
    vertex -47.66005390288688 8.051371767588556 96
    vertex -53.09940667496161 10.46496202439894 96
    vertex -48.2761471481758 13.97121311853205 96
  endloop
endfacet
facet normal 0 0 -1
  outer loop
    vertex -47.66005390288688 8.051371767588556 96
    vertex -42.84750734586346 11.55564314145774 96
    vertex -42.22026118176854 5.637856314363635 96
  endloop
endfacet
facet normal -0 0 -1
  outer loop
    vertex 30.37945980320565 -43.47246568499217 96
    vertex 25.56931577133671 -46.9949528076144 96
    vertex 24.93990939020821 -41.07442923673631 96
  endloop
endfacet
facet normal 0 0 -1
  outer loop
    vertex -9.988369995934306 -53.76947224661083 96
    vertex -5.178463133172604 -50.26564969425397 96
    vertex -4.613851111586017 -56.09406114651589 96
  endloop
endfacet
facet normal 0 0 -1
  outer loop
    vertex -36.15190244942444 -2.69322155519925 96
    vertex -41.59125522149915 -0.2796312983889225 96
    vertex -36.78134835873745 3.224191253967931 96
  endloop
endfacet
facet normal 0 0 -1
  outer loop
    vertex 1.294121043475911 -13.67094054384205 96
    vertex 6.7334738178607 -16.08453080051503 96
    vertex 1.923566954713613 -19.58835335289455 96
  endloop
endfacet
facet normal 0 0 -1
  outer loop
    vertex -26.18250386265234 49.25463256952017 96
    vertex -27.05875240993958 55.92462893911178 96
    vertex -21.38682245505852 52.60174961640408 96
  endloop
endfacet
facet normal 0 0 -1
  outer loop
    vertex -5.629783956657224 51.42060035713453 96
    vertex -6.247662788160249 57.32213434649596 96
    vertex -0.817949247593829 54.92177643952375 96
  endloop
endfacet
facet normal 0 -0 -1
  outer loop
    vertex 39.38026738481469 60.27598643490209 96
    vertex 44.22331531365604 56.81811667654037 96
    vertex 39.02406347307398 54.0218299303712 96
  endloop
endfacet
facet normal -0 0 -1
  outer loop
    vertex 4.845136085798472 1.667707626740772 96
    vertex 0.0352292263579479 -1.836114925417814 96
    vertex -0.5942166829741817 4.081297883748229 96
  endloop
endfacet
facet normal 0 0 -1
  outer loop
    vertex 0.0352292263579479 -1.836114925417814 96
    vertex 5.474581998547213 -4.249705182221279 96
    vertex 0.6646751335076418 -7.753527734713892 96
  endloop
endfacet
facet normal 0 0 -1
  outer loop
    vertex -8.955138589055904 -14.76117283925119 96
    vertex -9.584584498389779 -8.843760030085253 96
    vertex -4.145231726525097 -11.25735028690809 96
  endloop
endfacet
facet normal 0 0 -1
  outer loop
    vertex -3.515785816977076 -17.17476309606126 96
    vertex -8.955138589055904 -14.76117283925119 96
    vertex -4.145231726525097 -11.25735028690809 96
  endloop
endfacet
facet normal 0 0 -1
  outer loop
    vertex -13.13559954249993 -24.18240820077497 96
    vertex -8.32569267973888 -20.67858564841814 96
    vertex -7.69624677042499 -26.59599845758528 96
  endloop
endfacet
facet normal 0 0 -1
  outer loop
    vertex -7.066800861111767 -32.51341126675246 96
    vertex -1.627448089036974 -34.92700152356278 96
    vertex -6.437354951798692 -38.43082407591964 96
  endloop
endfacet
facet normal 0 0 -1
  outer loop
    vertex -11.87670772387345 -36.01723381910932 96
    vertex -7.066800861111767 -32.51341126675246 96
    vertex -6.437354951798692 -38.43082407591964 96
  endloop
endfacet
facet normal 0 0 -1
  outer loop
    vertex 3.811904683037758 -37.3405917803731 96
    vertex 3.182458773724734 -31.42317897120591 96
    vertex 8.621811545799472 -33.83676922801624 96
  endloop
endfacet
facet normal 0 -0 -1
  outer loop
    vertex -36.15190244942444 -2.69322155519925 96
    vertex -35.52245654011141 -8.610634364366438 96
    vertex -40.96180931218613 -6.197044107556107 96
  endloop
endfacet
facet normal 0 -0 -1
  outer loop
    vertex -32.60088740528872 12.64542661549198 96
    vertex -31.97144149597572 6.728013806324787 96
    vertex -37.41079426805045 9.141604063135118 96
  endloop
endfacet
facet normal 0 0 -1
  outer loop
    vertex -27.79098054252699 16.14924916784882 96
    vertex -33.23033331460172 18.56283942465917 96
    vertex -28.42042645183998 22.066661977016 96
  endloop
endfacet
facet normal 0 0 -1
  outer loop
    vertex 9.251257455112496 -39.75418203718343 96
    vertex 14.06116431787421 -36.25035948482656 96
    vertex 14.69061022718723 -42.16777229399376 96
  endloop
endfacet
facet normal -0 0 -1
  outer loop
    vertex 18.24162527132291 -26.82912412330251 96
    vertex 13.43171840856119 -30.33294667565937 96
    vertex 12.80227249924818 -24.41553386649218 96
  endloop
endfacet
facet normal 0 -0 -1
  outer loop
    vertex -40.33236340287312 -12.11445691672329 96
    vertex -39.70291749356011 -18.03186972589048 96
    vertex -45.14227026563484 -15.61827946908015 96
  endloop
endfacet
facet normal 0 0 -1
  outer loop
    vertex -40.33236340287312 -12.11445691672329 96
    vertex -45.77171617494785 -9.700866659912963 96
    vertex -40.96180931218613 -6.197044107556107 96
  endloop
endfacet
facet normal 0 0 -1
  outer loop
    vertex -9.180799000793014 36.0819521864433 96
    vertex -4.370892138031268 39.58577473880014 96
    vertex -3.741446228718298 33.66836192963294 96
  endloop
endfacet
facet normal 0 0 -1
  outer loop
    vertex 17.3865189502676 29.93141371155866 96
    vertex 16.75707304095463 35.84882652072586 96
    vertex 22.19642581302934 33.43523626391548 96
  endloop
endfacet
facet normal 0 0 -1
  outer loop
    vertex 22.19642581302934 33.43523626391548 96
    vertex 16.75707304095463 35.84882652072586 96
    vertex 21.56697990371636 39.35264907308269 96
  endloop
endfacet
facet normal 0 0 -1
  outer loop
    vertex 17.3865189502676 29.93141371155866 96
    vertex 22.82587172234231 27.51782345474828 96
    vertex 18.01596485958056 24.01400090239146 96
  endloop
endfacet
facet normal 0 0 -1
  outer loop
    vertex 22.82587172234231 27.51782345474828 96
    vertex 22.19642581302934 33.43523626391548 96
    vertex 27.63577858510406 31.02164600710511 96
  endloop
endfacet
facet normal 0 0 -1
  outer loop
    vertex 38.74014454100332 -24.64865953220864 96
    vertex 33.30079176896616 -22.23506927539432 96
    vertex 38.11069863173665 -18.73124672303653 96
  endloop
endfacet
facet normal -0 0 -1
  outer loop
    vertex 31.80870440476679 40.42363568680645 96
    vertex 27.0063326757911 36.93905881627231 96
    vertex 26.3756309108471 42.85326401180242 96
  endloop
endfacet
facet normal 0 -0 -1
  outer loop
    vertex -45.77171617494785 -9.700866659912963 96
    vertex -45.14227026563484 -15.61827946908015 96
    vertex -50.58162303770957 -13.20468921226981 96
  endloop
endfacet
facet normal 0 -0 -1
  outer loop
    vertex -51.84051485633557 -1.369863593935459 96
    vertex -51.21106894702257 -7.287276403102633 96
    vertex -56.54819254694904 -4.862811844245725 96
  endloop
endfacet
facet normal 0 0 -1
  outer loop
    vertex -56.54819254694904 -4.862811844245725 96
    vertex -51.21106894702257 -7.287276403102633 96
    vertex -55.87837017506089 -10.77223880107031 96
  endloop
endfacet
facet normal 0 0 -1
  outer loop
    vertex 15.32005613650026 -48.08518510316094 96
    vertex 20.12996299926197 -44.58136255080407 96
    vertex 20.759408908575 -50.49877535997126 96
  endloop
endfacet
facet normal 0 0 -1
  outer loop
    vertex -33.63411881217237 -26.36287279186799 96
    vertex -28.82421194941066 -22.85905023951114 96
    vertex -28.19476604009763 -28.77646304867832 96
  endloop
endfacet
facet normal 0 -0 -1
  outer loop
    vertex -36.69669602838272 48.30519615092985 96
    vertex -35.74811695185358 42.23249066132796 96
    vertex -41.34600086728564 44.66798080904347 96
  endloop
endfacet
facet normal 0 0 -1
  outer loop
    vertex 31.01009155805492 -49.29655564283262 96
    vertex 25.56931577133671 -46.9949528076144 96
    vertex 30.37945980320565 -43.47246568499217 96
  endloop
endfacet
facet normal 0 0 -1
  outer loop
    vertex 54.39301507207965 25.09763973969478 96
    vertex 48.76374524616129 27.28469700710493 96
    vertex 53.61426500774394 30.84444326370933 96
  endloop
endfacet
facet normal 0 0 -1
  outer loop
    vertex -72 0 96
    vertex -71.75408349648023 5.94571287400789 96
    vertex -66.88717711809586 2.2861333970327 96
  endloop
endfacet
facet normal 0 -0 -1
  outer loop
    vertex 63.3221100868672 34.26821229866933 96
    vertex 65.93567951916413 28.92207057501383 96
    vertex 59.84075398933193 28.79746671667224 96
  endloop
endfacet
facet normal 0 0 -1
  outer loop
    vertex -7.552747489925071e-14 72 96
    vertex 5.945712874007852 71.75408349648023 96
    vertex 2.434945497759738 66.94390881155968 96
  endloop
endfacet
facet normal 0 0 -1
  outer loop
    vertex -17.67495507413761 69.79681914763177 96
    vertex -11.85081050021293 71.01801384499601 96
    vertex -13.36375793388896 65.37984035179284 96
  endloop
endfacet
facet normal -0 0 -1
  outer loop
    vertex 9.655042927945978 5.171530177866854 96
    vertex 4.845136085798472 1.667707626740772 96
    vertex 4.215690175634923 7.585120435857105 96
  endloop
endfacet
facet normal 0 -0 -1
  outer loop
    vertex -0.5942166829741817 4.081297883748229 96
    vertex 0.0352292263579479 -1.836114925417814 96
    vertex -5.404123544915128 0.5774753314403528 96
  endloop
endfacet
facet normal 0 0 -1
  outer loop
    vertex -5.404123544915128 0.5774753314403528 96
    vertex 0.0352292263579479 -1.836114925417814 96
    vertex -4.774677635735703 -5.339937477734805 96
  endloop
endfacet
facet normal -0 0 -1
  outer loop
    vertex -0.5942166829741817 4.081297883748229 96
    vertex -5.404123544915128 0.5774753314403528 96
    vertex -6.033569454364963 6.494888140599365 96
  endloop
endfacet
facet normal -0 0 -1
  outer loop
    vertex -1.223662591626046 9.998710692954841 96
    vertex -6.033569454364963 6.494888140599365 96
    vertex -6.663015363590619 12.41230094977174 96
  endloop
endfacet
facet normal 0 -0 -1
  outer loop
    vertex -10.21403040769909 -2.926347220917847 96
    vertex -9.584584498389779 -8.843760030085253 96
    vertex -15.02393727044146 -6.430169773273556 96
  endloop
endfacet
facet normal 0 0 -1
  outer loop
    vertex -15.02393727044146 -6.430169773273556 96
    vertex -9.584584498389779 -8.843760030085253 96
    vertex -14.39449136113033 -12.34758258244085 96
  endloop
endfacet
facet normal 0 0 -1
  outer loop
    vertex -14.39449136113033 -12.34758258244085 96
    vertex -9.584584498389779 -8.843760030085253 96
    vertex -8.955138589055904 -14.76117283925119 96
  endloop
endfacet
facet normal -0 0 -1
  outer loop
    vertex -15.02393727044146 -6.430169773273556 96
    vertex -19.83384413320154 -9.933992325630314 96
    vertex -20.46329004251396 -4.016579516463094 96
  endloop
endfacet
facet normal 0 0 -1
  outer loop
    vertex -14.39449136113033 -12.34758258244085 96
    vertex -8.955138589055904 -14.76117283925119 96
    vertex -13.76504545181415 -18.26499539160785 96
  endloop
endfacet
facet normal 0 -0 -1
  outer loop
    vertex -25.90264281458816 -1.602989259652734 96
    vertex -25.27319690527531 -7.520402068819927 96
    vertex -30.71254967734978 -5.106811812009582 96
  endloop
endfacet
facet normal 0 0 -1
  outer loop
    vertex -18.57495231457456 -21.76881794396463 96
    vertex -13.13559954249993 -24.18240820077497 96
    vertex -17.94550640526135 -27.68623075313181 96
  endloop
endfacet
facet normal 0 0 -1
  outer loop
    vertex -12.50615363318656 -30.09982100994214 96
    vertex -7.69624677042499 -26.59599845758528 96
    vertex -7.066800861111767 -32.51341126675246 96
  endloop
endfacet
facet normal 0 0 -1
  outer loop
    vertex -1.627448089036974 -34.92700152356278 96
    vertex -2.256893998350047 -29.00958871439559 96
    vertex 3.182458773724734 -31.42317897120591 96
  endloop
endfacet
facet normal 0 -0 -1
  outer loop
    vertex -1.627448089036974 -34.92700152356278 96
    vertex -0.9980021797239418 -40.84441433272996 96
    vertex -6.437354951798692 -38.43082407591964 96
  endloop
endfacet
facet normal 0 0 -1
  outer loop
    vertex -39.70291749356011 -18.03186972589048 96
    vertex -34.8930106307984 -14.52804717353362 96
    vertex -34.26356472148539 -20.44545998270081 96
  endloop
endfacet
facet normal 0 0 -1
  outer loop
    vertex 3.811904683037758 -37.3405917803731 96
    vertex 8.621811545799472 -33.83676922801624 96
    vertex 9.251257455112496 -39.75418203718343 96
  endloop
endfacet
facet normal 0 0 -1
  outer loop
    vertex -0.9980021797239418 -40.84441433272996 96
    vertex 3.811904683037758 -37.3405917803731 96
    vertex 4.441350592350789 -43.25800458954028 96
  endloop
endfacet
facet normal 0 0 -1
  outer loop
    vertex -27.16153463321399 10.23183635868164 96
    vertex -32.60088740528872 12.64542661549198 96
    vertex -27.79098054252699 16.14924916784882 96
  endloop
endfacet
facet normal 0 -0 -1
  outer loop
    vertex -37.41079426805045 9.141604063135118 96
    vertex -36.78134835873745 3.224191253967931 96
    vertex -42.22026118176854 5.637856314363635 96
  endloop
endfacet
facet normal 0 -0 -1
  outer loop
    vertex 12.80227249924818 -24.41553386649218 96
    vertex 13.43171840856119 -30.33294667565937 96
    vertex 7.992365636475811 -27.91935641884976 96
  endloop
endfacet
facet normal 0 0 -1
  outer loop
    vertex 18.24162527132291 -26.82912412330251 96
    vertex 12.80227249924818 -24.41553386649218 96
    vertex 17.61217936201983 -20.91171131414895 96
  endloop
endfacet
facet normal 0 0 -1
  outer loop
    vertex -23.61051958907824 25.57048452937283 96
    vertex -29.04987236115296 27.98407478618319 96
    vertex -24.23996549839121 31.48789733854002 96
  endloop
endfacet
facet normal 0 0 -1
  outer loop
    vertex -13.99070586355476 32.57812963408647 96
    vertex -9.180799000793014 36.0819521864433 96
    vertex -8.551353091480037 30.16453937727613 96
  endloop
endfacet
facet normal 0 0 -1
  outer loop
    vertex -13.3612599542418 26.66071682491931 96
    vertex -13.99070586355476 32.57812963408647 96
    vertex -8.551353091480037 30.16453937727613 96
  endloop
endfacet
facet normal 0 0 -1
  outer loop
    vertex 17.3865189502676 29.93141371155866 96
    vertex 22.19642581302934 33.43523626391548 96
    vertex 22.82587172234231 27.51782345474828 96
  endloop
endfacet
facet normal 0 0 -1
  outer loop
    vertex -39.70291749356011 -18.03186972589048 96
    vertex -34.26356472148539 -20.44545998270081 96
    vertex -39.0734715842471 -23.94928253505767 96
  endloop
endfacet
facet normal 0 0 -1
  outer loop
    vertex 38.74014454100332 -24.64865953220864 96
    vertex 43.55005140376775 -21.1448369798515 96
    vertex 44.1794973130735 -27.06224978901945 96
  endloop
endfacet
facet normal -0 0 -1
  outer loop
    vertex 9.880703364425512 -45.67159484635062 96
    vertex 5.070796501663811 -49.17541739870746 96
    vertex 4.441350592350789 -43.25800458954028 96
  endloop
endfacet
facet normal -0 0 -1
  outer loop
    vertex 37.25559231062756 38.02929111181878 96
    vertex 32.44568544786581 34.52546855946194 96
    vertex 31.80870440476679 40.42363568680645 96
  endloop
endfacet
facet normal -0 0 -1
  outer loop
    vertex 42.92060550878928 -15.22742415001209 96
    vertex 38.11069863173665 -18.73124672303653 96
    vertex 37.48125275151639 -12.81383388518809 96
  endloop
endfacet
facet normal 0 0 -1
  outer loop
    vertex 34.5596835875471 -34.06989489373348 96
    vertex 39.99903635962212 -36.48348515054377 96
    vertex 35.16512420983858 -39.94688123477843 96
  endloop
endfacet
facet normal 0 -0 -1
  outer loop
    vertex -50.58162303770957 -13.20468921226981 96
    vertex -49.95217712839656 -19.122102021437 96
    vertex -55.25150029716858 -16.67147095261767 96
  endloop
endfacet
facet normal -0 0 -1
  outer loop
    vertex -46.40116208426086 -3.783453850745784 96
    vertex -51.21106894702257 -7.287276403102633 96
    vertex -51.84051485633557 -1.369863593935459 96
  endloop
endfacet
facet normal -0 0 -1
  outer loop
    vertex 41.93788713626276 41.16401012654222 96
    vertex 37.25559231062756 38.02929111181878 96
    vertex 36.58093559859836 43.83122983004981 96
  endloop
endfacet
facet normal -0 0 -1
  outer loop
    vertex -6.663015363590619 12.41230094977174 96
    vertex -11.47292222633393 8.908478397415973 96
    vertex -12.10236813562932 14.82589120658419 96
  endloop
endfacet
facet normal 0 0 -1
  outer loop
    vertex 48.35995826891174 -17.64101442405001 96
    vertex 47.7305127251944 -11.72360080051517 96
    vertex 53.16986519101108 -14.13719173826238 96
  endloop
endfacet
facet normal 0 0 -1
  outer loop
    vertex -48.90646041142092 19.88752547095243 96
    vertex -44.10903885875118 23.39001993827996 96
    vertex -43.47751206442284 17.47282847661756 96
  endloop
endfacet
facet normal -0 0 -1
  outer loop
    vertex -43.88337844700881 -27.45310508741453 96
    vertex -48.50513735226636 -30.93691400103841 96
    vertex -49.21986480122256 -25.01870300685495 96
  endloop
endfacet
facet normal 0 0 -1
  outer loop
    vertex -48.50513735226636 -30.93691400103841 96
    vertex -43.25393253769579 -33.37051789658172 96
    vertex -48.34862260290798 -37.54538399066672 96
  endloop
endfacet
facet normal 0 -0 -1
  outer loop
    vertex -53.09940667496161 10.46496202439894 96
    vertex -52.46996076564857 4.547549215231711 96
    vertex -57.80796223519746 6.971920393508183 96
  endloop
endfacet
facet normal 0 0 -1
  outer loop
    vertex 17.61217936201983 -20.91171131414895 96
    vertex 12.17282658993681 -18.49812105732726 96
    vertex 16.98273345278525 -14.99429850500566 96
  endloop
endfacet
facet normal 0 0 -1
  outer loop
    vertex -30.93821008909183 45.73631321368477 96
    vertex -31.89285981633838 51.74070684372349 96
    vertex -26.18250386265234 49.25463256952017 96
  endloop
endfacet
facet normal 0 0 -1
  outer loop
    vertex 8.39615113405706 17.00635579767788 96
    vertex 7.766705224744102 22.92376860684501 96
    vertex 13.20605799681896 20.51017835003451 96
  endloop
endfacet
facet normal 0 0 -1
  outer loop
    vertex 25.56931577133671 -46.9949528076144 96
    vertex 20.12996299926197 -44.58136255080407 96
    vertex 24.93990939020821 -41.07442923673631 96
  endloop
endfacet
facet normal 0 0 -1
  outer loop
    vertex 20.759408908575 -50.49877535997126 96
    vertex 25.56931577133671 -46.9949528076144 96
    vertex 26.04571185449782 -52.60460135243488 96
  endloop
endfacet
facet normal 0 -0 -1
  outer loop
    vertex 20.759408908575 -50.49877535997126 96
    vertex 21.23447371691488 -56.98771024651062 96
    vertex 15.91556836095412 -53.99143805041381 96
  endloop
endfacet
facet normal 0 0 -1
  outer loop
    vertex -5.000338047344241 45.50318754796733 96
    vertex -5.629783956657224 51.42060035713453 96
    vertex -0.1901098768655617 49.00656902199623 96
  endloop
endfacet
facet normal 0 0 -1
  outer loop
    vertex -0.1901098768655617 49.00656902199623 96
    vertex -0.817949247593829 54.92177643952375 96
    vertex 4.619850537182331 52.51031806129842 96
  endloop
endfacet
facet normal 0 0 -1
  outer loop
    vertex 9.426282485505965 56.00744224545381 96
    vertex 3.990029768866241 58.42824546184825 96
    vertex 8.972737890698816 61.52671241447449 96
  endloop
endfacet
facet normal 0 0 -1
  outer loop
    vertex 11.85081050021277 71.01801384499602 96
    vertex 17.67495507413747 69.79681914763181 96
    vertex 13.3076487712834 65.36819625460257 96
  endloop
endfacet
facet normal 0 0 -1
  outer loop
    vertex 5.474581998547213 -4.249705182221279 96
    vertex 10.28448886199605 -0.7458826298233676 96
    vertex 10.91393468884886 -6.663295443904758 96
  endloop
endfacet
facet normal 0 0 -1
  outer loop
    vertex 4.845136085798472 1.667707626740772 96
    vertex -0.5942166829741817 4.081297883748229 96
    vertex 4.215690175634923 7.585120435857105 96
  endloop
endfacet
facet normal 0 0 -1
  outer loop
    vertex -0.5942166829741817 4.081297883748229 96
    vertex -6.033569454364963 6.494888140599365 96
    vertex -1.223662591626046 9.998710692954841 96
  endloop
endfacet
facet normal 0 -0 -1
  outer loop
    vertex -5.404123544915128 0.5774753314403528 96
    vertex -4.774677635735703 -5.339937477734805 96
    vertex -10.21403040769909 -2.926347220917847 96
  endloop
endfacet
facet normal 0 0 -1
  outer loop
    vertex -9.584584498389779 -8.843760030085253 96
    vertex -4.774677635735703 -5.339937477734805 96
    vertex -4.145231726525097 -11.25735028690809 96
  endloop
endfacet
facet normal 0 0 -1
  outer loop
    vertex -4.774677635735703 -5.339937477734805 96
    vertex 0.6646751335076418 -7.753527734713892 96
    vertex -4.145231726525097 -11.25735028690809 96
  endloop
endfacet
facet normal 0 0 -1
  outer loop
    vertex -8.32569267973888 -20.67858564841814 96
    vertex -3.515785816977076 -17.17476309606126 96
    vertex -2.886339907727611 -23.09217590523225 96
  endloop
endfacet
facet normal -0 0 -1
  outer loop
    vertex -25.90264281458816 -1.602989259652734 96
    vertex -30.71254967734978 -5.106811812009582 96
    vertex -31.34199558666275 0.8106009971576059 96
  endloop
endfacet
facet normal 0 -0 -1
  outer loop
    vertex -30.71254967734978 -5.106811812009582 96
    vertex -30.08310376803676 -11.02422462117677 96
    vertex -35.52245654011141 -8.610634364366438 96
  endloop
endfacet
facet normal -0 0 -1
  outer loop
    vertex -26.53208872390102 4.314423549514454 96
    vertex -31.34199558666275 0.8106009971576059 96
    vertex -31.97144149597572 6.728013806324787 96
  endloop
endfacet
facet normal 0 0 -1
  outer loop
    vertex -12.50615363318656 -30.09982100994214 96
    vertex -7.066800861111767 -32.51341126675246 96
    vertex -11.87670772387345 -36.01723381910932 96
  endloop
endfacet
facet normal 0 0 -1
  outer loop
    vertex -1.627448089036974 -34.92700152356278 96
    vertex 3.811904683037758 -37.3405917803731 96
    vertex -0.9980021797239418 -40.84441433272996 96
  endloop
endfacet
facet normal 0 0 -1
  outer loop
    vertex 3.182458773724734 -31.42317897120591 96
    vertex 2.553012864411713 -25.50576616203872 96
    vertex 7.992365636475811 -27.91935641884976 96
  endloop
endfacet
facet normal 0 0 -1
  outer loop
    vertex -26.53208872390102 4.314423549514454 96
    vertex -27.16153463321399 10.23183635868164 96
    vertex -21.72218186113928 7.818246101871297 96
  endloop
endfacet
facet normal 0 0 -1
  outer loop
    vertex -38.66933927250722 20.97646657272036 96
    vertex -33.23033331460172 18.56283942465917 96
    vertex -38.03983556083269 15.05905991209493 96
  endloop
endfacet
facet normal 0 0 -1
  outer loop
    vertex -11.87670772387345 -36.01723381910932 96
    vertex -6.437354951798692 -38.43082407591964 96
    vertex -11.2472618145604 -41.9346466282765 96
  endloop
endfacet
facet normal 0 0 -1
  outer loop
    vertex -17.31606049594818 -33.603643562299 96
    vertex -22.75541326802289 -31.19005330548866 96
    vertex -17.94550640526135 -27.68623075313181 96
  endloop
endfacet
facet normal 0 -0 -1
  outer loop
    vertex 9.251257455112496 -39.75418203718343 96
    vertex 9.880703364425512 -45.67159484635062 96
    vertex 4.441350592350789 -43.25800458954028 96
  endloop
endfacet
facet normal 0 0 -1
  outer loop
    vertex 18.87107118063592 -32.7465369324697 96
    vertex 13.43171840856119 -30.33294667565937 96
    vertex 18.24162527132291 -26.82912412330251 96
  endloop
endfacet
facet normal 0 0 -1
  outer loop
    vertex -18.8006127263165 29.07430708172966 96
    vertex -24.23996549839121 31.48789733854002 96
    vertex -19.43005863562947 34.99171989089685 96
  endloop
endfacet
facet normal 0 -0 -1
  outer loop
    vertex -20.05950454494243 40.90913270006403 96
    vertex -19.43005863562947 34.99171989089685 96
    vertex -24.86941140770417 37.40531014770721 96
  endloop
endfacet
facet normal 0 0 -1
  outer loop
    vertex -3.741446228718298 33.66836192963294 96
    vertex -4.370892138031268 39.58577473880014 96
    vertex 1.068460634043448 37.17218448198977 96
  endloop
endfacet
facet normal -0 0 -1
  outer loop
    vertex 0.4390147247304781 43.08959729115696 96
    vertex -4.370892138031268 39.58577473880014 96
    vertex -5.000338047344241 45.50318754796733 96
  endloop
endfacet
facet normal 0 0 -1
  outer loop
    vertex 1.697906543356419 31.25477167282257 96
    vertex 6.507813406118164 34.7585942251794 96
    vertex 7.137259315431136 28.8411814160122 96
  endloop
endfacet
facet normal 0 -0 -1
  outer loop
    vertex 27.86143899700489 -19.82147901857411 96
    vertex 28.49088490615936 -25.73889182775597 96
    vertex 23.05153213412264 -23.32530157095911 96
  endloop
endfacet
facet normal 0 0 -1
  outer loop
    vertex 33.07513135717879 28.60805575029474 96
    vertex 32.44568544786581 34.52546855946194 96
    vertex 37.88503821994053 32.11187830265158 96
  endloop
endfacet
facet normal 0 0 -1
  outer loop
    vertex 33.07513135717879 28.60805575029474 96
    vertex 38.5144841292535 26.19446549348437 96
    vertex 33.70458071197081 22.69064223115465 96
  endloop
endfacet
facet normal 0 0 -1
  outer loop
    vertex 28.26522450349708 25.10423320178289 96
    vertex 33.07513135717879 28.60805575029474 96
    vertex 33.70458071197081 22.69064223115465 96
  endloop
endfacet
facet normal 0 0 -1
  outer loop
    vertex 38.5144841292535 26.19446549348437 96
    vertex 37.88503821994053 32.11187830265158 96
    vertex 43.32439099201525 29.6982880458412 96
  endloop
endfacet
facet normal 0 0 -1
  outer loop
    vertex 24.08476358072911 15.68299784054654 96
    vertex 23.45531763165528 21.60041064558108 96
    vertex 28.8946704582103 19.1868204118406 96
  endloop
endfacet
facet normal 0 0 -1
  outer loop
    vertex -46.40116208426086 -3.783453850745784 96
    vertex -41.59125522149915 -0.2796312983889225 96
    vertex -40.96180931218613 -6.197044107556107 96
  endloop
endfacet
facet normal 0 0 -1
  outer loop
    vertex 2.327352452669389 25.33735886365537 96
    vertex 7.766705224744102 22.92376860684501 96
    vertex 2.956798361982339 19.41994605448823 96
  endloop
endfacet
facet normal 0 -0 -1
  outer loop
    vertex 2.327352452669389 25.33735886365537 96
    vertex 2.956798361982339 19.41994605448823 96
    vertex -2.48255441009414 21.8335363112985 96
  endloop
endfacet
facet normal 0 0 -1
  outer loop
    vertex -15.42772276800905 -51.35588198980054 96
    vertex -10.61781590524735 -47.85205943744366 96
    vertex -9.988369995934306 -53.76947224661083 96
  endloop
endfacet
facet normal 0 0 -1
  outer loop
    vertex 53.16986519101108 -14.13719173826238 96
    vertex 52.54042078720736 -8.219774304762948 96
    vertex 57.9772292613123 -10.63909950661753 96
  endloop
endfacet
facet normal 0 0 -1
  outer loop
    vertex -30.93821008909183 45.73631321368477 96
    vertex -36.69669602838272 48.30519615092985 96
    vertex -31.89285981633838 51.74070684372349 96
  endloop
endfacet
facet normal 0 0 -1
  outer loop
    vertex 20.759408908575 -50.49877535997126 96
    vertex 26.04571185449782 -52.60460135243488 96
    vertex 21.23447371691488 -56.98771024651062 96
  endloop
endfacet
facet normal 0 0 -1
  outer loop
    vertex 10.05882845025394 50.09724239587064 96
    vertex 9.426282485505965 56.00744224545381 96
    vertex 14.8597425965474 53.64969996722795 96
  endloop
endfacet
facet normal 0 0 -1
  outer loop
    vertex 25.74744085716513 48.77388443460675 96
    vertex 30.79954308211494 52.76969859000001 96
    vertex 31.18679362923988 46.36029417779642 96
  endloop
endfacet
facet normal 0 0 -1
  outer loop
    vertex 31.01009155805492 -49.29655564283262 96
    vertex 30.37945980320565 -43.47246568499217 96
    vertex 35.67426039872107 -45.68445549559597 96
  endloop
endfacet
facet normal -0 0 -1
  outer loop
    vertex -5.629783956657224 51.42060035713453 96
    vertex -10.43969081941895 47.91677780477767 96
    vertex -10.99973426187211 53.7389176951102 96
  endloop
endfacet
facet normal 0 0 -1
  outer loop
    vertex -5.629783956657224 51.42060035713453 96
    vertex -10.99973426187211 53.7389176951102 96
    vertex -6.247662788160249 57.32213434649596 96
  endloop
endfacet
facet normal 0 0 -1
  outer loop
    vertex 39.99903635962212 -36.48348515054377 96
    vertex 39.36959045031057 -30.56607234137644 96
    vertex 44.77027308194324 -32.93115085639256 96
  endloop
endfacet
facet normal 0 0 -1
  outer loop
    vertex -4.774677635735703 -5.339937477734805 96
    vertex 0.0352292263579479 -1.836114925417814 96
    vertex 0.6646751335076418 -7.753527734713892 96
  endloop
endfacet
facet normal 0 -0 -1
  outer loop
    vertex -15.02393727044146 -6.430169773273556 96
    vertex -14.39449136113033 -12.34758258244085 96
    vertex -19.83384413320154 -9.933992325630314 96
  endloop
endfacet
facet normal 0 0 -1
  outer loop
    vertex -15.02393727044146 -6.430169773273556 96
    vertex -20.46329004251396 -4.016579516463094 96
    vertex -15.65338317975589 -0.5127569641064649 96
  endloop
endfacet
facet normal 0 0 -1
  outer loop
    vertex -25.27319690527531 -7.520402068819927 96
    vertex -19.83384413320154 -9.933992325630314 96
    vertex -24.64375099596215 -13.4378148779871 96
  endloop
endfacet
facet normal 0 -0 -1
  outer loop
    vertex -19.83384413320154 -9.933992325630314 96
    vertex -19.20439822388859 -15.8514051347975 96
    vertex -24.64375099596215 -13.4378148779871 96
  endloop
endfacet
facet normal -0 0 -1
  outer loop
    vertex -20.46329004251396 -4.016579516463094 96
    vertex -25.27319690527531 -7.520402068819927 96
    vertex -25.90264281458816 -1.602989259652734 96
  endloop
endfacet
facet normal 0 -0 -1
  outer loop
    vertex -31.34199558666275 0.8106009971576059 96
    vertex -30.71254967734978 -5.106811812009582 96
    vertex -36.15190244942444 -2.69322155519925 96
  endloop
endfacet
facet normal 0 -0 -1
  outer loop
    vertex -12.50615363318656 -30.09982100994214 96
    vertex -11.87670772387345 -36.01723381910932 96
    vertex -17.31606049594818 -33.603643562299 96
  endloop
endfacet
facet normal 0 0 -1
  outer loop
    vertex -7.066800861111767 -32.51341126675246 96
    vertex -2.256893998350047 -29.00958871439559 96
    vertex -1.627448089036974 -34.92700152356278 96
  endloop
endfacet
facet normal 0 0 -1
  outer loop
    vertex -1.627448089036974 -34.92700152356278 96
    vertex 3.182458773724734 -31.42317897120591 96
    vertex 3.811904683037758 -37.3405917803731 96
  endloop
endfacet
facet normal 0 0 -1
  outer loop
    vertex 14.06116431787421 -36.25035948482656 96
    vertex 8.621811545799472 -33.83676922801624 96
    vertex 13.43171840856119 -30.33294667565937 96
  endloop
endfacet
facet normal -0 0 -1
  outer loop
    vertex -23.61051958907824 25.57048452937283 96
    vertex -28.42042645183998 22.066661977016 96
    vertex -29.04987236115296 27.98407478618319 96
  endloop
endfacet
facet normal 0 0 -1
  outer loop
    vertex 14.06116431787421 -36.25035948482656 96
    vertex 18.87107118063592 -32.7465369324697 96
    vertex 19.50052367797969 -38.66343128135173 96
  endloop
endfacet
facet normal 0 0 -1
  outer loop
    vertex 29.12033081547237 -31.65630463692316 96
    vertex 23.68097804339764 -29.24271438011283 96
    vertex 28.49088490615936 -25.73889182775597 96
  endloop
endfacet
facet normal 0 0 -1
  outer loop
    vertex 1.697906543356419 31.25477167282257 96
    vertex 1.068460634043448 37.17218448198977 96
    vertex 6.507813406118164 34.7585942251794 96
  endloop
endfacet
facet normal 0 0 -1
  outer loop
    vertex 2.327352452669389 25.33735886365537 96
    vertex 7.137259315431136 28.8411814160122 96
    vertex 7.766705224744102 22.92376860684501 96
  endloop
endfacet
facet normal -0 0 -1
  outer loop
    vertex 16.12762713164165 41.76623932989307 96
    vertex 11.31772026887991 38.26241677753623 96
    vertex 10.68827435956693 44.17982958670343 96
  endloop
endfacet
facet normal 0 -0 -1
  outer loop
    vertex 17.3865189502676 29.93141371155866 96
    vertex 18.01596485958056 24.01400090239146 96
    vertex 12.57661208750585 26.42759115920184 96
  endloop
endfacet
facet normal 0 0 -1
  outer loop
    vertex -45.14227026563484 -15.61827946908015 96
    vertex -39.70291749356011 -18.03186972589048 96
    vertex -44.51282435632183 -21.53569227824734 96
  endloop
endfacet
facet normal 0 0 -1
  outer loop
    vertex 33.93023767823409 -28.15248208456631 96
    vertex 33.30079176896616 -22.23506927539432 96
    vertex 38.74014454100332 -24.64865953220864 96
  endloop
endfacet
facet normal 0 0 -1
  outer loop
    vertex 33.93023767823409 -28.15248208456631 96
    vertex 38.74014454100332 -24.64865953220864 96
    vertex 39.36959045031057 -30.56607234137644 96
  endloop
endfacet
facet normal 0 0 -1
  outer loop
    vertex 0.4390147247304781 43.08959729115696 96
    vertex -5.000338047344241 45.50318754796733 96
    vertex -0.1901098768655617 49.00656902199623 96
  endloop
endfacet
facet normal 0 0 -1
  outer loop
    vertex -22.12596735870987 -37.10746611465585 96
    vertex -16.68661458663514 -39.52105637146619 96
    vertex -21.49652144939684 -43.02487892382304 96
  endloop
endfacet
facet normal 0 0 -1
  outer loop
    vertex -21.49652144939684 -43.02487892382304 96
    vertex -16.68661458663514 -39.52105637146619 96
    vertex -16.0571686773221 -45.43846918063336 96
  endloop
endfacet
facet normal 0 0 -1
  outer loop
    vertex -50.58162303770957 -13.20468921226981 96
    vertex -45.14227026563484 -15.61827946908015 96
    vertex -49.95217712839656 -19.122102021437 96
  endloop
endfacet
facet normal 0 -0 -1
  outer loop
    vertex 18.01596485958056 24.01400090239146 96
    vertex 18.64541076889441 18.09658809322347 96
    vertex 13.20605799681896 20.51017835003451 96
  endloop
endfacet
facet normal 0 0 -1
  outer loop
    vertex -21.49652144939684 -43.02487892382304 96
    vertex -16.0571686773221 -45.43846918063336 96
    vertex -20.8670755400838 -48.94229173299024 96
  endloop
endfacet
facet normal 0 0 -1
  outer loop
    vertex -20.8670755400838 -48.94229173299024 96
    vertex -16.0571686773221 -45.43846918063336 96
    vertex -15.42772276800905 -51.35588198980054 96
  endloop
endfacet
facet normal 0 -0 -1
  outer loop
    vertex -51.21106894702257 -7.287276403102633 96
    vertex -50.58162303770957 -13.20468921226981 96
    vertex -55.87837017506089 -10.77223880107031 96
  endloop
endfacet
facet normal -0 0 -1
  outer loop
    vertex 48.1108700312486 33.14931213556763 96
    vertex 43.32439099201525 29.6982880458412 96
    vertex 42.66761237490724 35.55410277892729 96
  endloop
endfacet
facet normal -0 0 -1
  outer loop
    vertex -30.30876417977888 39.81890040451758 96
    vertex -35.11867104254063 36.31507785216075 96
    vertex -35.74811695185358 42.23249066132796 96
  endloop
endfacet
facet normal 0 0 -1
  outer loop
    vertex 44.1794973130735 -27.06224978901945 96
    vertex 49.58375652092211 -29.45510345295855 96
    vertex 44.77027308194324 -32.93115085639256 96
  endloop
endfacet
facet normal 0 0 -1
  outer loop
    vertex -55.25150029716858 -16.67147095261767 96
    vertex -49.95217712839656 -19.122102021437 96
    vertex -54.33303344149653 -22.52106727003137 96
  endloop
endfacet
facet normal 0 0 -1
  outer loop
    vertex 5.070796501663811 -49.17541739870746 96
    vertex 10.51014927373854 -51.5890076555178 96
    vertex 5.681647318700922 -55.06730361210243 96
  endloop
endfacet
facet normal 0 0 -1
  outer loop
    vertex -43.88337844700881 -27.45310508741453 96
    vertex -38.44402567493408 -29.86669534422485 96
    vertex -43.25393253769579 -33.37051789658172 96
  endloop
endfacet
facet normal 0 0 -1
  outer loop
    vertex -37.81457976562106 -35.78410815339203 96
    vertex -38.44402567493408 -29.86669534422485 96
    vertex -33.00339462188396 -32.27991820379367 96
  endloop
endfacet
facet normal 0 -0 -1
  outer loop
    vertex -43.88337844700881 -27.45310508741453 96
    vertex -43.25393253769579 -33.37051789658172 96
    vertex -48.50513735226636 -30.93691400103841 96
  endloop
endfacet
facet normal -0 0 -1
  outer loop
    vertex 17.61217936201983 -20.91171131414895 96
    vertex 12.80227249924818 -24.41553386649218 96
    vertex 12.17282658993681 -18.49812105732726 96
  endloop
endfacet
facet normal 0 -0 -1
  outer loop
    vertex 12.17282658993681 -18.49812105732726 96
    vertex 12.80227249924818 -24.41553386649218 96
    vertex 7.362919727109579 -22.00194360968613 96
  endloop
endfacet
facet normal -0 0 -1
  outer loop
    vertex 16.98273345278525 -14.99429850500566 96
    vertex 12.17282658993681 -18.49812105732726 96
    vertex 11.54338068062215 -12.58070824815779 96
  endloop
endfacet
facet normal 0 -0 -1
  outer loop
    vertex 11.54338068062215 -12.58070824815779 96
    vertex 12.17282658993681 -18.49812105732726 96
    vertex 6.7334738178607 -16.08453080051503 96
  endloop
endfacet
facet normal 0 0 -1
  outer loop
    vertex -30.30876417977888 39.81890040451758 96
    vertex -30.93821008909183 45.73631321368477 96
    vertex -25.51129705439896 43.32159153805094 96
  endloop
endfacet
facet normal 0 0 -1
  outer loop
    vertex 2.956798361982339 19.41994605448823 96
    vertex 7.766705224744102 22.92376860684501 96
    vertex 8.39615113405706 17.00635579767788 96
  endloop
endfacet
facet normal -0 0 -1
  outer loop
    vertex 25.0850903056764 54.9157487922358 96
    vertex 20.3080880850904 51.18747469141711 96
    vertex 19.6467611240158 57.44667374029277 96
  endloop
endfacet
facet normal 0 0 -1
  outer loop
    vertex 49.39321553470067 21.36726500852663 96
    vertex 48.76374524616129 27.28469700710493 96
    vertex 54.39301507207965 25.09763973969478 96
  endloop
endfacet
facet normal 0 -0 -1
  outer loop
    vertex 52.97212156846544 48.76427315705339 96
    vertex 56.81811667654031 44.22331531365612 96
    vertex 51.40683437006826 42.73911606335635 96
  endloop
endfacet
facet normal 0 0 -1
  outer loop
    vertex 28.92207057501373 65.93567951916417 96
    vertex 34.26821229866923 63.32211008686725 96
    vertex 29.40821662390927 59.8534458419161 96
  endloop
endfacet
facet normal 0 0 -1
  outer loop
    vertex -65.93567951916421 28.92207057501365 96
    vertex -63.3221100868673 34.26821229866913 96
    vertex -60.19137898708904 29.28471961508196 96
  endloop
endfacet
facet normal 0 0 -1
  outer loop
    vertex 4.845136085798472 1.667707626740772 96
    vertex 10.28448886199605 -0.7458826298233676 96
    vertex 5.474581998547213 -4.249705182221279 96
  endloop
endfacet
facet normal 0 -0 -1
  outer loop
    vertex -6.663015363590619 12.41230094977174 96
    vertex -6.033569454364963 6.494888140599365 96
    vertex -11.47292222633393 8.908478397415973 96
  endloop
endfacet
facet normal -0 0 -1
  outer loop
    vertex -10.21403040769909 -2.926347220917847 96
    vertex -15.02393727044146 -6.430169773273556 96
    vertex -15.65338317975589 -0.5127569641064649 96
  endloop
endfacet
facet normal 0 0 -1
  outer loop
    vertex -8.32569267973888 -20.67858564841814 96
    vertex -8.955138589055904 -14.76117283925119 96
    vertex -3.515785816977076 -17.17476309606126 96
  endloop
endfacet
facet normal 0 -0 -1
  outer loop
    vertex -20.46329004251396 -4.016579516463094 96
    vertex -19.83384413320154 -9.933992325630314 96
    vertex -25.27319690527531 -7.520402068819927 96
  endloop
endfacet
facet normal 0 0 -1
  outer loop
    vertex -13.76504545181415 -18.26499539160785 96
    vertex -8.32569267973888 -20.67858564841814 96
    vertex -13.13559954249993 -24.18240820077497 96
  endloop
endfacet
facet normal 0 0 -1
  outer loop
    vertex -30.08310376803676 -11.02422462117677 96
    vertex -25.27319690527531 -7.520402068819927 96
    vertex -24.64375099596215 -13.4378148779871 96
  endloop
endfacet
facet normal 0 0 -1
  outer loop
    vertex -25.90264281458816 -1.602989259652734 96
    vertex -31.34199558666275 0.8106009971576059 96
    vertex -26.53208872390102 4.314423549514454 96
  endloop
endfacet
facet normal 0 0 -1
  outer loop
    vertex -13.13559954249993 -24.18240820077497 96
    vertex -7.69624677042499 -26.59599845758528 96
    vertex -12.50615363318656 -30.09982100994214 96
  endloop
endfacet
facet normal 0 0 -1
  outer loop
    vertex -7.066800861111767 -32.51341126675246 96
    vertex -7.69624677042499 -26.59599845758528 96
    vertex -2.256893998350047 -29.00958871439559 96
  endloop
endfacet
facet normal 0 0 -1
  outer loop
    vertex -29.45365785872369 -16.94163743034395 96
    vertex -30.08310376803676 -11.02422462117677 96
    vertex -24.64375099596215 -13.4378148779871 96
  endloop
endfacet
facet normal 0 -0 -1
  outer loop
    vertex -35.52245654011141 -8.610634364366438 96
    vertex -34.8930106307984 -14.52804717353362 96
    vertex -40.33236340287312 -12.11445691672329 96
  endloop
endfacet
facet normal 0 0 -1
  outer loop
    vertex 18.87107118063592 -32.7465369324697 96
    vertex 18.24162527132291 -26.82912412330251 96
    vertex 23.68097804339764 -29.24271438011283 96
  endloop
endfacet
facet normal 0 0 -1
  outer loop
    vertex 18.87107118063592 -32.7465369324697 96
    vertex 24.31042395271065 -35.16012718928003 96
    vertex 19.50052367797969 -38.66343128135173 96
  endloop
endfacet
facet normal 0 0 -1
  outer loop
    vertex 23.68097804339764 -29.24271438011283 96
    vertex 18.24162527132291 -26.82912412330251 96
    vertex 23.05153213412264 -23.32530157095911 96
  endloop
endfacet
facet normal 0 0 -1
  outer loop
    vertex -18.8006127263165 29.07430708172966 96
    vertex -19.43005863562947 34.99171989089685 96
    vertex -13.99070586355476 32.57812963408647 96
  endloop
endfacet
facet normal 0 0 -1
  outer loop
    vertex -18.8006127263165 29.07430708172966 96
    vertex -13.99070586355476 32.57812963408647 96
    vertex -13.3612599542418 26.66071682491931 96
  endloop
endfacet
facet normal 0 0 -1
  outer loop
    vertex -13.99070586355476 32.57812963408647 96
    vertex -14.62015177286772 38.49554244325366 96
    vertex -9.180799000793014 36.0819521864433 96
  endloop
endfacet
facet normal 0 0 -1
  outer loop
    vertex -9.180799000793014 36.0819521864433 96
    vertex -14.62015177286772 38.49554244325366 96
    vertex -9.810244910105984 41.99936499561049 96
  endloop
endfacet
facet normal 0 0 -1
  outer loop
    vertex -3.741446228718298 33.66836192963294 96
    vertex 1.068460634043448 37.17218448198977 96
    vertex 1.697906543356419 31.25477167282257 96
  endloop
endfacet
facet normal 0 0 -1
  outer loop
    vertex 6.507813406118164 34.7585942251794 96
    vertex 1.068460634043448 37.17218448198977 96
    vertex 5.878367496805191 40.6760070343466 96
  endloop
endfacet
facet normal 0 0 -1
  outer loop
    vertex 7.137259315431136 28.8411814160122 96
    vertex 6.507813406118164 34.7585942251794 96
    vertex 11.94716617819288 32.34500396836903 96
  endloop
endfacet
facet normal 0 0 -1
  outer loop
    vertex 11.94716617819288 32.34500396836903 96
    vertex 16.75707304095463 35.84882652072586 96
    vertex 17.3865189502676 29.93141371155866 96
  endloop
endfacet
facet normal 0 0 -1
  outer loop
    vertex 11.94716617819288 32.34500396836903 96
    vertex 17.3865189502676 29.93141371155866 96
    vertex 12.57661208750585 26.42759115920184 96
  endloop
endfacet
facet normal 0 -0 -1
  outer loop
    vertex 10.68827435956693 44.17982958670343 96
    vertex 11.31772026887991 38.26241677753623 96
    vertex 5.878367496805191 40.6760070343466 96
  endloop
endfacet
facet normal -0 0 -1
  outer loop
    vertex 33.30079176896616 -22.23506927539432 96
    vertex 28.49088490615936 -25.73889182775597 96
    vertex 27.86143899700489 -19.82147901857411 96
  endloop
endfacet
facet normal 0 0 -1
  outer loop
    vertex 18.01596485958056 24.01400090239146 96
    vertex 22.82587172234231 27.51782345474828 96
    vertex 23.45531763165528 21.60041064558108 96
  endloop
endfacet
facet normal 0 0 -1
  outer loop
    vertex 9.880703364425512 -45.67159484635062 96
    vertex 15.32005613650026 -48.08518510316094 96
    vertex 10.51014927373854 -51.5890076555178 96
  endloop
endfacet
facet normal 0 0 -1
  outer loop
    vertex -39.92857790530238 32.81125529980395 96
    vertex -45.20056391671014 35.25063110955519 96
    vertex -40.55802381461532 38.72866810897114 96
  endloop
endfacet
facet normal 0 0 -1
  outer loop
    vertex 18.64541076889441 18.09658809322347 96
    vertex 23.45531763165528 21.60041064558108 96
    vertex 24.08476358072911 15.68299784054654 96
  endloop
endfacet
facet normal 0 0 -1
  outer loop
    vertex -46.40116208426086 -3.783453850745784 96
    vertex -47.03060799357387 2.133958958421388 96
    vertex -41.59125522149915 -0.2796312983889225 96
  endloop
endfacet
facet normal 0 0 -1
  outer loop
    vertex -6.663015363590619 12.41230094977174 96
    vertex -12.10236813562932 14.82589120658419 96
    vertex -7.292461272864637 18.32971375894118 96
  endloop
endfacet
facet normal 0 0 -1
  outer loop
    vertex 5.681647318700922 -55.06730361210243 96
    vertex 10.51014927373854 -51.5890076555178 96
    vertex 10.88466677812572 -57.18949928201371 96
  endloop
endfacet
facet normal 0 0 -1
  outer loop
    vertex -15.42772276800905 -51.35588198980054 96
    vertex -9.988369995934306 -53.76947224661083 96
    vertex -15.27553224411545 -56.874765267958 96
  endloop
endfacet
facet normal 0 -0 -1
  outer loop
    vertex -44.73848476806413 29.30743274744715 96
    vertex -44.10903885875118 23.39001993827996 96
    vertex -49.47347977027385 25.81157870526603 96
  endloop
endfacet
facet normal 0 0 -1
  outer loop
    vertex 16.98273345278525 -14.99429850500566 96
    vertex 11.54338068062215 -12.58070824815779 96
    vertex 16.35328720124092 -9.076885716147196 96
  endloop
endfacet
facet normal -0 0 -1
  outer loop
    vertex 15.49818122232866 47.68365213906027 96
    vertex 10.68827435956693 44.17982958670343 96
    vertex 10.05882845025394 50.09724239587064 96
  endloop
endfacet
facet normal 0 0 -1
  outer loop
    vertex 49.39321553470067 21.36726500852663 96
    vertex 54.39301507207965 25.09763973969478 96
    vertex 54.78149313192527 19.13455719251409 96
  endloop
endfacet
facet normal 0 0 -1
  outer loop
    vertex 28.8946704582103 19.1868204118406 96
    vertex 28.26522450349708 25.10423320178289 96
    vertex 33.70458071197081 22.69064223115465 96
  endloop
endfacet
facet normal -0 0 -1
  outer loop
    vertex -0.8262941437891808 61.54382112531114 96
    vertex -6.247662788160249 57.32213434649596 96
    vertex -7.226272641537379 63.15228745820055 96
  endloop
endfacet
facet normal 0 0 -1
  outer loop
    vertex -11.2472618145604 -41.9346466282765 96
    vertex -6.437354951798692 -38.43082407591964 96
    vertex -5.807909042485644 -44.34823688508681 96
  endloop
endfacet
facet normal 0 0 -1
  outer loop
    vertex -39.3802673848148 60.27598643490202 96
    vertex -34.26821229866938 63.32211008686716 96
    vertex -33.78756663610354 57.5069845224256 96
  endloop
endfacet
facet normal 0 -0 -1
  outer loop
    vertex 4.845136085798472 1.667707626740772 96
    vertex 5.474581998547213 -4.249705182221279 96
    vertex 0.0352292263579479 -1.836114925417814 96
  endloop
endfacet
facet normal 0 0 -1
  outer loop
    vertex -35.52245654011141 -8.610634364366438 96
    vertex -30.08310376803676 -11.02422462117677 96
    vertex -34.8930106307984 -14.52804717353362 96
  endloop
endfacet
facet normal 0 0 -1
  outer loop
    vertex 14.06116431787421 -36.25035948482656 96
    vertex 13.43171840856119 -30.33294667565937 96
    vertex 18.87107118063592 -32.7465369324697 96
  endloop
endfacet
facet normal 0 0 -1
  outer loop
    vertex 18.24162527132291 -26.82912412330251 96
    vertex 17.61217936201983 -20.91171131414895 96
    vertex 23.05153213412264 -23.32530157095911 96
  endloop
endfacet
facet normal 0 0 -1
  outer loop
    vertex 7.137259315431136 28.8411814160122 96
    vertex 11.94716617819288 32.34500396836903 96
    vertex 12.57661208750585 26.42759115920184 96
  endloop
endfacet
facet normal 0 0 -1
  outer loop
    vertex 29.12033081547237 -31.65630463692316 96
    vertex 28.49088490615936 -25.73889182775597 96
    vertex 33.93023767823409 -28.15248208456631 96
  endloop
endfacet
facet normal 0 -0 -1
  outer loop
    vertex -22.12596735870987 -37.10746611465585 96
    vertex -21.49652144939684 -43.02487892382304 96
    vertex -26.93587422147158 -40.61128866701272 96
  endloop
endfacet
facet normal 0 0 -1
  outer loop
    vertex 15.32005613650026 -48.08518510316094 96
    vertex 14.69061022718723 -42.16777229399376 96
    vertex 20.12996299926197 -44.58136255080407 96
  endloop
endfacet
facet normal 0 0 -1
  outer loop
    vertex 27.63577858510406 31.02164600710511 96
    vertex 27.0063326757911 36.93905881627231 96
    vertex 32.44568544786581 34.52546855946194 96
  endloop
endfacet
facet normal 0 0 -1
  outer loop
    vertex -33.63411881217237 -26.36287279186799 96
    vertex -34.26356472148539 -20.44545998270081 96
    vertex -28.82421194941066 -22.85905023951114 96
  endloop
endfacet
facet normal 0 0 -1
  outer loop
    vertex 28.8946704582103 19.1868204118406 96
    vertex 23.45531763165528 21.60041064558108 96
    vertex 28.26522450349708 25.10423320178289 96
  endloop
endfacet
facet normal 0 0 -1
  outer loop
    vertex -54.33303344149653 -22.52106727003137 96
    vertex -49.95217712839656 -19.122102021437 96
    vertex -49.21986480122256 -25.01870300685495 96
  endloop
endfacet
facet normal 0 -0 -1
  outer loop
    vertex -44.51282435632183 -21.53569227824734 96
    vertex -43.88337844700881 -27.45310508741453 96
    vertex -49.21986480122256 -25.01870300685495 96
  endloop
endfacet
facet normal 0 0 -1
  outer loop
    vertex -43.25393253769579 -33.37051789658172 96
    vertex -37.81457976562106 -35.78410815339203 96
    vertex -42.40462815488428 -39.25778459665695 96
  endloop
endfacet
facet normal 0 0 -1
  outer loop
    vertex -47.03060799357387 2.133958958421388 96
    vertex -47.66005390288688 8.051371767588556 96
    vertex -42.22026118176854 5.637856314363635 96
  endloop
endfacet
facet normal -0 0 -1
  outer loop
    vertex -47.66005390288688 8.051371767588556 96
    vertex -52.46996076564857 4.547549215231711 96
    vertex -53.09940667496161 10.46496202439894 96
  endloop
endfacet
facet normal 0 0 -1
  outer loop
    vertex 7.766705224744102 22.92376860684501 96
    vertex 12.57661208750585 26.42759115920184 96
    vertex 13.20605799681896 20.51017835003451 96
  endloop
endfacet
facet normal 0 -0 -1
  outer loop
    vertex -49.47347977027385 25.81157870526603 96
    vertex -48.90646041142092 19.88752547095243 96
    vertex -53.97748506945545 22.37659046644365 96
  endloop
endfacet
facet normal 0 -0 -1
  outer loop
    vertex -11.47292222633393 8.908478397415973 96
    vertex -10.84347631702227 2.99106558824872 96
    vertex -16.28282908906753 5.404655845060779 96
  endloop
endfacet
facet normal -0 0 -1
  outer loop
    vertex -19.20439822388859 -15.8514051347975 96
    vertex -24.01430508664901 -19.35522768715428 96
    vertex -24.64375099596215 -13.4378148779871 96
  endloop
endfacet
facet normal 0 0 -1
  outer loop
    vertex -44.22331531365604 -56.81811667654037 96
    vertex -48.76427315705331 -52.97212156846552 96
    vertex -43.23572296475245 -50.77038451010603 96
  endloop
endfacet
facet normal 0 0 -1
  outer loop
    vertex -13.76504545181415 -18.26499539160785 96
    vertex -8.955138589055904 -14.76117283925119 96
    vertex -8.32569267973888 -20.67858564841814 96
  endloop
endfacet
facet normal 0 -0 -1
  outer loop
    vertex -13.76504545181415 -18.26499539160785 96
    vertex -13.13559954249993 -24.18240820077497 96
    vertex -18.57495231457456 -21.76881794396463 96
  endloop
endfacet
facet normal 0 0 -1
  outer loop
    vertex 8.621811545799472 -33.83676922801624 96
    vertex 3.182458773724734 -31.42317897120591 96
    vertex 7.992365636475811 -27.91935641884976 96
  endloop
endfacet
facet normal 0 0 -1
  outer loop
    vertex 9.251257455112496 -39.75418203718343 96
    vertex 8.621811545799472 -33.83676922801624 96
    vertex 14.06116431787421 -36.25035948482656 96
  endloop
endfacet
facet normal 0 0 -1
  outer loop
    vertex -22.98107367976528 19.65307172020565 96
    vertex -28.42042645183998 22.066661977016 96
    vertex -23.61051958907824 25.57048452937283 96
  endloop
endfacet
facet normal 0 0 -1
  outer loop
    vertex -17.31606049594818 -33.603643562299 96
    vertex -11.87670772387345 -36.01723381910932 96
    vertex -16.68661458663514 -39.52105637146619 96
  endloop
endfacet
facet normal -0 0 -1
  outer loop
    vertex 28.49088490615936 -25.73889182775597 96
    vertex 23.68097804339764 -29.24271438011283 96
    vertex 23.05153213412264 -23.32530157095911 96
  endloop
endfacet
facet normal 0 0 -1
  outer loop
    vertex -23.61051958907824 25.57048452937283 96
    vertex -24.23996549839121 31.48789733854002 96
    vertex -18.8006127263165 29.07430708172966 96
  endloop
endfacet
facet normal 0 0 -1
  outer loop
    vertex 33.93023767823409 -28.15248208456631 96
    vertex 28.49088490615936 -25.73889182775597 96
    vertex 33.30079176896616 -22.23506927539432 96
  endloop
endfacet
facet normal 0 0 -1
  outer loop
    vertex 43.55005140376775 -21.1448369798515 96
    vertex 38.11069863173665 -18.73124672303653 96
    vertex 42.92060550878928 -15.22742415001209 96
  endloop
endfacet
facet normal 0 0 -1
  outer loop
    vertex 18.01596485958056 24.01400090239146 96
    vertex 23.45531763165528 21.60041064558108 96
    vertex 18.64541076889441 18.09658809322347 96
  endloop
endfacet
facet normal 0 0 -1
  outer loop
    vertex 12.57661208750585 26.42759115920184 96
    vertex 18.01596485958056 24.01400090239146 96
    vertex 13.20605799681896 20.51017835003451 96
  endloop
endfacet
facet normal 0 0 -1
  outer loop
    vertex 38.5144841292535 26.19446549348437 96
    vertex 43.95384579375622 23.78087054511883 96
    vertex 39.14395059930747 20.27704828809908 96
  endloop
endfacet
facet normal 0 0 -1
  outer loop
    vertex -26.93587422147158 -40.61128866701272 96
    vertex -21.49652144939684 -43.02487892382304 96
    vertex -26.31373830932954 -46.47308620337725 96
  endloop
endfacet
facet normal 0 -0 -1
  outer loop
    vertex 36.58093559859836 43.83122983004981 96
    vertex 37.25559231062756 38.02929111181878 96
    vertex 31.80870440476679 40.42363568680645 96
  endloop
endfacet
facet normal 0 -0 -1
  outer loop
    vertex -39.92857790530238 32.81125529980395 96
    vertex -39.29913199598941 26.89384249063675 96
    vertex -44.73848476806413 29.30743274744715 96
  endloop
endfacet
facet normal 0 0 -1
  outer loop
    vertex 48.35995826891174 -17.64101442405001 96
    vertex 53.79108416619181 -20.05547976936151 96
    vertex 48.98803303083282 -23.55857308359763 96
  endloop
endfacet
facet normal 0 0 -1
  outer loop
    vertex -20.31358824414294 -54.50871897923231 96
    vertex -15.42772276800905 -51.35588198980054 96
    vertex -15.27553224411545 -56.874765267958 96
  endloop
endfacet
facet normal 0 0 -1
  outer loop
    vertex 20.93753399440339 45.27006188224991 96
    vertex 20.3080880850904 51.18747469141711 96
    vertex 25.74744085716513 48.77388443460675 96
  endloop
endfacet
facet normal 0 -0 -1
  outer loop
    vertex -9.988369995934306 -53.76947224661083 96
    vertex -4.613851111586017 -56.09406114651589 96
    vertex -10.16267279957215 -60.41515298867598 96
  endloop
endfacet
facet normal -0 0 -1
  outer loop
    vertex -36.69669602838272 48.30519615092985 96
    vertex -41.34600086728564 44.66798080904347 96
    vertex -42.83273188820833 50.78384187561728 96
  endloop
endfacet
facet normal 0 0 -1
  outer loop
    vertex 57.9772292613123 -10.63909950661753 96
    vertex 52.54042078720736 -8.219774304762948 96
    vertex 57.22303447386494 -4.735519231053972 96
  endloop
endfacet
facet normal 0 0 -1
  outer loop
    vertex 8.39615113405706 17.00635579767788 96
    vertex 13.20605799681896 20.51017835003451 96
    vertex 13.83550389778896 14.59276554036809 96
  endloop
endfacet
facet normal 0 0 -1
  outer loop
    vertex -37.37236928288166 -48.50986043488079 96
    vertex -31.22013936958149 -49.83684866355895 96
    vertex -34.95908996624219 -53.28227837316336 96
  endloop
endfacet
facet normal 0 0 -1
  outer loop
    vertex -5.000338047344241 45.50318754796733 96
    vertex -10.43969081941895 47.91677780477767 96
    vertex -5.629783956657224 51.42060035713453 96
  endloop
endfacet
facet normal 0 -0 -1
  outer loop
    vertex -7.226272641537379 63.15228745820055 96
    vertex -6.247662788160249 57.32213434649596 96
    vertex -11.91401294365836 59.34861778577419 96
  endloop
endfacet
facet normal 0 0 -1
  outer loop
    vertex -0.817949247593829 54.92177643952375 96
    vertex 3.990029768866241 58.42824546184825 96
    vertex 4.619850537182331 52.51031806129842 96
  endloop
endfacet
facet normal 0 0 -1
  outer loop
    vertex -28.92207057501388 65.9356795191641 96
    vertex -23.3783617827373 68.09884140244567 96
    vertex -24.27686303545556 62.21626781551023 96
  endloop
endfacet
facet normal 0 0 -1
  outer loop
    vertex -7.69624677042499 -26.59599845758528 96
    vertex -8.32569267973888 -20.67858564841814 96
    vertex -2.886339907727611 -23.09217590523225 96
  endloop
endfacet
facet normal 0 0 -1
  outer loop
    vertex -26.53208872390102 4.314423549514454 96
    vertex -31.97144149597572 6.728013806324787 96
    vertex -27.16153463321399 10.23183635868164 96
  endloop
endfacet
facet normal 0 0 -1
  outer loop
    vertex 11.94716617819288 32.34500396836903 96
    vertex 6.507813406118164 34.7585942251794 96
    vertex 11.31772026887991 38.26241677753623 96
  endloop
endfacet
facet normal -0 0 -1
  outer loop
    vertex 11.31772026887991 38.26241677753623 96
    vertex 6.507813406118164 34.7585942251794 96
    vertex 5.878367496805191 40.6760070343466 96
  endloop
endfacet
facet normal 0 0 -1
  outer loop
    vertex 29.12033081547237 -31.65630463692316 96
    vertex 34.5596835875471 -34.06989489373348 96
    vertex 29.74982284100068 -37.57008822409429 96
  endloop
endfacet
facet normal 0 0 -1
  outer loop
    vertex 38.74014454100332 -24.64865953220864 96
    vertex 44.1794973130735 -27.06224978901945 96
    vertex 39.36959045031057 -30.56607234137644 96
  endloop
endfacet
facet normal 0 0 -1
  outer loop
    vertex 43.95384579375622 23.78087054511883 96
    vertex 43.32439099201525 29.6982880458412 96
    vertex 48.76374524616129 27.28469700710493 96
  endloop
endfacet
facet normal -0 0 -1
  outer loop
    vertex -39.92857790530238 32.81125529980395 96
    vertex -44.73848476806413 29.30743274744715 96
    vertex -45.20056391671014 35.25063110955519 96
  endloop
endfacet
facet normal 0 0 -1
  outer loop
    vertex 48.35995826891174 -17.64101442405001 96
    vertex 42.92060550878928 -15.22742415001209 96
    vertex 47.7305127251944 -11.72360080051517 96
  endloop
endfacet
facet normal 0 0 -1
  outer loop
    vertex -44.73848476806413 29.30743274744715 96
    vertex -39.29913199598941 26.89384249063675 96
    vertex -44.10903885875118 23.39001993827996 96
  endloop
endfacet
facet normal 0 -0 -1
  outer loop
    vertex -45.20056391671014 35.25063110955519 96
    vertex -44.73848476806413 29.30743274744715 96
    vertex -49.49615151253872 31.81767092725092 96
  endloop
endfacet
facet normal 0 0 -1
  outer loop
    vertex -47.66005390288688 8.051371767588556 96
    vertex -48.2761471481758 13.97121311853205 96
    vertex -42.84750734586346 11.55564314145774 96
  endloop
endfacet
facet normal 0 0 -1
  outer loop
    vertex 21.56697990371636 39.35264907308269 96
    vertex 20.93753399440339 45.27006188224991 96
    vertex 26.3756309108471 42.85326401180242 96
  endloop
endfacet
facet normal 0 0 -1
  outer loop
    vertex -9.988369995934306 -53.76947224661083 96
    vertex -10.16267279957215 -60.41515298867598 96
    vertex -15.27553224411545 -56.874765267958 96
  endloop
endfacet
facet normal 0 -0 -1
  outer loop
    vertex -55.87837017506089 -10.77223880107031 96
    vertex -55.25150029716858 -16.67147095261767 96
    vertex -60.31679987988543 -14.799321723122 96
  endloop
endfacet
facet normal 0 0 -1
  outer loop
    vertex 65.93567951916422 -28.9220705750136 96
    vertex 63.32211008686734 -34.26821229866906 96
    vertex 59.96528057088091 -29.03123640463274 96
  endloop
endfacet
facet normal -0 0 -1
  outer loop
    vertex -35.52245654011141 -8.610634364366438 96
    vertex -40.33236340287312 -12.11445691672329 96
    vertex -40.96180931218613 -6.197044107556107 96
  endloop
endfacet
facet normal 0 0 -1
  outer loop
    vertex -27.16153463321399 10.23183635868164 96
    vertex -27.79098054252699 16.14924916784882 96
    vertex -22.35162777045229 13.73565891103848 96
  endloop
endfacet
facet normal 0 0 -1
  outer loop
    vertex -14.62015177286772 38.49554244325366 96
    vertex -20.05950454494243 40.90913270006403 96
    vertex -15.24959768218067 44.41295525242084 96
  endloop
endfacet
facet normal 0 0 -1
  outer loop
    vertex -9.180799000793014 36.0819521864433 96
    vertex -9.810244910105984 41.99936499561049 96
    vertex -4.370892138031268 39.58577473880014 96
  endloop
endfacet
facet normal 0 0 -1
  outer loop
    vertex 1.068460634043448 37.17218448198977 96
    vertex -4.370892138031268 39.58577473880014 96
    vertex 0.4390147247304781 43.08959729115696 96
  endloop
endfacet
facet normal 0 0 -1
  outer loop
    vertex 27.63577858510406 31.02164600710511 96
    vertex 22.19642581302934 33.43523626391548 96
    vertex 27.0063326757911 36.93905881627231 96
  endloop
endfacet
facet normal 0 0 -1
  outer loop
    vertex 9.880703364425512 -45.67159484635062 96
    vertex 14.69061022718723 -42.16777229399376 96
    vertex 15.32005613650026 -48.08518510316094 96
  endloop
endfacet
facet normal 0 0 -1
  outer loop
    vertex -10.61781590524735 -47.85205943744366 96
    vertex -16.0571686773221 -45.43846918063336 96
    vertex -11.2472618145604 -41.9346466282765 96
  endloop
endfacet
facet normal -0 0 -1
  outer loop
    vertex -47.03060799357387 2.133958958421388 96
    vertex -51.84051485633557 -1.369863593935459 96
    vertex -52.46996076564857 4.547549215231711 96
  endloop
endfacet
facet normal 0 0 -1
  outer loop
    vertex -7.292461272864637 18.32971375894118 96
    vertex -12.73181404493341 20.74330401575187 96
    vertex -7.92190718216994 24.24712656810879 96
  endloop
endfacet
facet normal 0 0 -1
  outer loop
    vertex 41.93788713626276 41.16401012654222 96
    vertex 36.58093559859836 43.83122983004981 96
    vertex 41.58730306986189 47.30375467601104 96
  endloop
endfacet
facet normal 0 0 -1
  outer loop
    vertex -24.01430508664901 -19.35522768715428 96
    vertex -29.45365785872369 -16.94163743034395 96
    vertex -24.64375099596215 -13.4378148779871 96
  endloop
endfacet
facet normal -0 0 -1
  outer loop
    vertex 48.7642731570535 -52.97212156846534 96
    vertex 44.22331531365623 -56.81811667654023 96
    vertex 43.43153553473348 -51.07780762096446 96
  endloop
endfacet
facet normal 0 0 -1
  outer loop
    vertex 69.79681914763182 -17.67495507413742 96
    vertex 68.09884140244574 -23.37836178273705 96
    vertex 64.2939106648697 -18.86231027553766 96
  endloop
endfacet
facet normal 0 0 -1
  outer loop
    vertex -11.47292222633393 8.908478397415973 96
    vertex -6.033569454364963 6.494888140599365 96
    vertex -10.84347631702227 2.99106558824872 96
  endloop
endfacet
facet normal 0 0 -1
  outer loop
    vertex -20.46329004251396 -4.016579516463094 96
    vertex -21.09273595182642 1.900833292704113 96
    vertex -15.65338317975589 -0.5127569641064649 96
  endloop
endfacet
facet normal 0 -0 -1
  outer loop
    vertex -13.13559954249993 -24.18240820077497 96
    vertex -12.50615363318656 -30.09982100994214 96
    vertex -17.94550640526135 -27.68623075313181 96
  endloop
endfacet
facet normal -0 0 -1
  outer loop
    vertex 13.43171840856119 -30.33294667565937 96
    vertex 8.621811545799472 -33.83676922801624 96
    vertex 7.992365636475811 -27.91935641884976 96
  endloop
endfacet
facet normal 0 0 -1
  outer loop
    vertex -26.53208872390102 4.314423549514454 96
    vertex -21.72218186113928 7.818246101871297 96
    vertex -21.09273595182642 1.900833292704113 96
  endloop
endfacet
facet normal 0 0 -1
  outer loop
    vertex -21.72218186113928 7.818246101871297 96
    vertex -27.16153463321399 10.23183635868164 96
    vertex -22.35162777045229 13.73565891103848 96
  endloop
endfacet
facet normal 0 0 -1
  outer loop
    vertex -16.68661458663514 -39.52105637146619 96
    vertex -11.87670772387345 -36.01723381910932 96
    vertex -11.2472618145604 -41.9346466282765 96
  endloop
endfacet
facet normal -0 0 -1
  outer loop
    vertex -14.62015177286772 38.49554244325366 96
    vertex -19.43005863562947 34.99171989089685 96
    vertex -20.05950454494243 40.90913270006403 96
  endloop
endfacet
facet normal 0 0 -1
  outer loop
    vertex 11.94716617819288 32.34500396836903 96
    vertex 11.31772026887991 38.26241677753623 96
    vertex 16.75707304095463 35.84882652072586 96
  endloop
endfacet
facet normal 0 -0 -1
  outer loop
    vertex 24.31042395271065 -35.16012718928003 96
    vertex 24.93990939020821 -41.07442923673631 96
    vertex 19.50052367797969 -38.66343128135173 96
  endloop
endfacet
facet normal 0 0 -1
  outer loop
    vertex 16.12762713164165 41.76623932989307 96
    vertex 10.68827435956693 44.17982958670343 96
    vertex 15.49818122232866 47.68365213906027 96
  endloop
endfacet
facet normal 0 0 -1
  outer loop
    vertex -39.0734715842471 -23.94928253505767 96
    vertex -33.63411881217237 -26.36287279186799 96
    vertex -38.44402567493408 -29.86669534422485 96
  endloop
endfacet
facet normal 0 0 -1
  outer loop
    vertex 43.55005140376775 -21.1448369798515 96
    vertex 48.35995826891174 -17.64101442405001 96
    vertex 48.98803303083282 -23.55857308359763 96
  endloop
endfacet
facet normal -0 0 -1
  outer loop
    vertex 2.327352452669389 25.33735886365537 96
    vertex -2.48255441009414 21.8335363112985 96
    vertex -3.112000319405614 27.75094912046574 96
  endloop
endfacet
facet normal 0 0 -1
  outer loop
    vertex 48.35995826891174 -17.64101442405001 96
    vertex 53.16986519101108 -14.13719173826238 96
    vertex 53.79108416619181 -20.05547976936151 96
  endloop
endfacet
facet normal 0 0 -1
  outer loop
    vertex -38.44402567493408 -29.86669534422485 96
    vertex -33.63411881217237 -26.36287279186799 96
    vertex -33.00339462188396 -32.27991820379367 96
  endloop
endfacet
facet normal 0 0 -1
  outer loop
    vertex -2.48255441009414 21.8335363112985 96
    vertex 2.956798361982339 19.41994605448823 96
    vertex -1.853108500816283 15.91612350212927 96
  endloop
endfacet
facet normal 0 0 -1
  outer loop
    vertex -0.817949247593829 54.92177643952375 96
    vertex -6.247662788160249 57.32213434649596 96
    vertex -0.8262941437891808 61.54382112531114 96
  endloop
endfacet
facet normal -0 0 -1
  outer loop
    vertex -12.50615363318656 -30.09982100994214 96
    vertex -17.31606049594818 -33.603643562299 96
    vertex -17.94550640526135 -27.68623075313181 96
  endloop
endfacet
facet normal 0 0 -1
  outer loop
    vertex -27.79098054252699 16.14924916784882 96
    vertex -28.42042645183998 22.066661977016 96
    vertex -22.98107367976528 19.65307172020565 96
  endloop
endfacet
facet normal 0 0 -1
  outer loop
    vertex 18.87107118063592 -32.7465369324697 96
    vertex 23.68097804339764 -29.24271438011283 96
    vertex 24.31042395271065 -35.16012718928003 96
  endloop
endfacet
facet normal 0 0 -1
  outer loop
    vertex 24.31042395271065 -35.16012718928003 96
    vertex 23.68097804339764 -29.24271438011283 96
    vertex 29.12033081547237 -31.65630463692316 96
  endloop
endfacet
facet normal 0 -0 -1
  outer loop
    vertex -0.9980021797239418 -40.84441433272996 96
    vertex -0.3685562704109051 -46.76182714189714 96
    vertex -5.807909042485644 -44.34823688508681 96
  endloop
endfacet
facet normal 0 0 -1
  outer loop
    vertex 1.068460634043448 37.17218448198977 96
    vertex 0.4390147247304781 43.08959729115696 96
    vertex 5.878367496805191 40.6760070343466 96
  endloop
endfacet
facet normal 0 0 -1
  outer loop
    vertex 29.12033081547237 -31.65630463692316 96
    vertex 33.93023767823409 -28.15248208456631 96
    vertex 34.5596835875471 -34.06989489373348 96
  endloop
endfacet
facet normal 0 0 -1
  outer loop
    vertex 34.5596835875471 -34.06989489373348 96
    vertex 33.93023767823409 -28.15248208456631 96
    vertex 39.36959045031057 -30.56607234137644 96
  endloop
endfacet
facet normal 0 0 -1
  outer loop
    vertex 5.878367496805191 40.6760070343466 96
    vertex 0.4390147247304781 43.08959729115696 96
    vertex 5.248951790477086 46.5933783820693 96
  endloop
endfacet
facet normal 0 0 -1
  outer loop
    vertex 22.82587172234231 27.51782345474828 96
    vertex 27.63577858510406 31.02164600710511 96
    vertex 28.26522450349708 25.10423320178289 96
  endloop
endfacet
facet normal 0 0 -1
  outer loop
    vertex 23.45531763165528 21.60041064558108 96
    vertex 22.82587172234231 27.51782345474828 96
    vertex 28.26522450349708 25.10423320178289 96
  endloop
endfacet
facet normal -0 0 -1
  outer loop
    vertex -15.24959768218067 44.41295525242084 96
    vertex -20.05950454494243 40.90913270006403 96
    vertex -20.70938824222413 46.80526019281191 96
  endloop
endfacet
facet normal 0 0 -1
  outer loop
    vertex -39.0734715842471 -23.94928253505767 96
    vertex -34.26356472148539 -20.44545998270081 96
    vertex -33.63411881217237 -26.36287279186799 96
  endloop
endfacet
facet normal 0 0 -1
  outer loop
    vertex -15.42772276800905 -51.35588198980054 96
    vertex -16.0571686773221 -45.43846918063336 96
    vertex -10.61781590524735 -47.85205943744366 96
  endloop
endfacet
facet normal 0 -0 -1
  outer loop
    vertex -35.74811695185358 42.23249066132796 96
    vertex -35.11867104254063 36.31507785216075 96
    vertex -40.55802381461532 38.72866810897114 96
  endloop
endfacet
facet normal 0 0 -1
  outer loop
    vertex -20.8670755400838 -48.94229173299024 96
    vertex -15.42772276800905 -51.35588198980054 96
    vertex -20.31358824414294 -54.50871897923231 96
  endloop
endfacet
facet normal 0 0 -1
  outer loop
    vertex 13.20605799681896 20.51017835003451 96
    vertex 18.64541076889441 18.09658809322347 96
    vertex 13.83550389778896 14.59276554036809 96
  endloop
endfacet
facet normal 0 0 -1
  outer loop
    vertex -32.36865297710152 -38.19580893867463 96
    vertex -37.81457976562106 -35.78410815339203 96
    vertex -33.00339462188396 -32.27991820379367 96
  endloop
endfacet
facet normal 0 0 -1
  outer loop
    vertex -9.988369995934306 -53.76947224661083 96
    vertex -10.61781590524735 -47.85205943744366 96
    vertex -5.178463133172604 -50.26564969425397 96
  endloop
endfacet
facet normal 0 -0 -1
  outer loop
    vertex -10.99973426187211 53.7389176951102 96
    vertex -10.43969081941895 47.91677780477767 96
    vertex -15.81288469340033 50.19196731987865 96
  endloop
endfacet
facet normal 0 0 -1
  outer loop
    vertex 39.99903635962212 -36.48348515054377 96
    vertex 44.77027308194324 -32.93115085639256 96
    vertex 45.20752800110301 -38.53117131513029 96
  endloop
endfacet
facet normal 0 0 -1
  outer loop
    vertex -20.46329004251396 -4.016579516463094 96
    vertex -25.90264281458816 -1.602989259652734 96
    vertex -21.09273595182642 1.900833292704113 96
  endloop
endfacet
facet normal 0 0 -1
  outer loop
    vertex -25.90264281458816 -1.602989259652734 96
    vertex -26.53208872390102 4.314423549514454 96
    vertex -21.09273595182642 1.900833292704113 96
  endloop
endfacet
facet normal 0 0 -1
  outer loop
    vertex -0.9980021797239418 -40.84441433272996 96
    vertex 4.441350592350789 -43.25800458954028 96
    vertex -0.3685562704109051 -46.76182714189714 96
  endloop
endfacet
facet normal 0 0 -1
  outer loop
    vertex 24.31042395271065 -35.16012718928003 96
    vertex 29.12033081547237 -31.65630463692316 96
    vertex 29.74982284100068 -37.57008822409429 96
  endloop
endfacet
facet normal 0 0 -1
  outer loop
    vertex 0.4390147247304781 43.08959729115696 96
    vertex -0.1901098768655617 49.00656902199623 96
    vertex 5.248951790477086 46.5933783820693 96
  endloop
endfacet
facet normal 0 -0 -1
  outer loop
    vertex -20.70938824222413 46.80526019281191 96
    vertex -20.05950454494243 40.90913270006403 96
    vertex -25.51129705439896 43.32159153805094 96
  endloop
endfacet
facet normal 0 0 -1
  outer loop
    vertex 43.95384579375622 23.78087054511883 96
    vertex 48.76374524616129 27.28469700710493 96
    vertex 49.39321553470067 21.36726500852663 96
  endloop
endfacet
facet normal 0 0 -1
  outer loop
    vertex -47.03060799357387 2.133958958421388 96
    vertex -52.46996076564857 4.547549215231711 96
    vertex -47.66005390288688 8.051371767588556 96
  endloop
endfacet
facet normal 0 0 -1
  outer loop
    vertex -57.80796223519746 6.971920393508183 96
    vertex -52.46996076564857 4.547549215231711 96
    vertex -57.07634731838289 1.065375486565248 96
  endloop
endfacet
facet normal 0 0 -1
  outer loop
    vertex -26.18250386265234 49.25463256952017 96
    vertex -31.89285981633838 51.74070684372349 96
    vertex -27.05875240993958 55.92462893911178 96
  endloop
endfacet
facet normal 0 0 -1
  outer loop
    vertex -71.01801384499602 11.85081050021282 96
    vertex -69.79681914763182 17.67495507413741 96
    vertex -64.55243518832599 14.03733587788073 96
  endloop
endfacet
facet normal 0 0 -1
  outer loop
    vertex -27.79098054252699 16.14924916784882 96
    vertex -22.98107367976528 19.65307172020565 96
    vertex -22.35162777045229 13.73565891103848 96
  endloop
endfacet
facet normal 0 0 -1
  outer loop
    vertex 16.12762713164165 41.76623932989307 96
    vertex 20.93753399440339 45.27006188224991 96
    vertex 21.56697990371636 39.35264907308269 96
  endloop
endfacet
facet normal 0 0 -1
  outer loop
    vertex 29.74982284100068 -37.57008822409429 96
    vertex 34.5596835875471 -34.06989489373348 96
    vertex 35.16512420983858 -39.94688123477843 96
  endloop
endfacet
facet normal 0 0 -1
  outer loop
    vertex 20.759408908575 -50.49877535997126 96
    vertex 20.12996299926197 -44.58136255080407 96
    vertex 25.56931577133671 -46.9949528076144 96
  endloop
endfacet
facet normal 0 -0 -1
  outer loop
    vertex -57.07634731838289 1.065375486565248 96
    vertex -56.54819254694904 -4.862811844245725 96
    vertex -62.42248911574698 -2.3986628477412 96
  endloop
endfacet
facet normal -0 0 -1
  outer loop
    vertex -27.56422446137714 -34.69356094592422 96
    vertex -32.36865297710152 -38.19580893867463 96
    vertex -33.00339462188396 -32.27991820379367 96
  endloop
endfacet
facet normal 0 0 -1
  outer loop
    vertex 16.75707304095463 35.84882652072586 96
    vertex 16.12762713164165 41.76623932989307 96
    vertex 21.56697990371636 39.35264907308269 96
  endloop
endfacet
facet normal -0 0 -1
  outer loop
    vertex -35.11867104254063 36.31507785216075 96
    vertex -39.92857790530238 32.81125529980395 96
    vertex -40.55802381461532 38.72866810897114 96
  endloop
endfacet
facet normal 0 0 -1
  outer loop
    vertex 44.1794973130735 -27.06224978901945 96
    vertex 48.98803303083282 -23.55857308359763 96
    vertex 49.58375652092211 -29.45510345295855 96
  endloop
endfacet
facet normal 0 0 -1
  outer loop
    vertex 26.04571185449782 -52.60460135243488 96
    vertex 25.56931577133671 -46.9949528076144 96
    vertex 31.01009155805492 -49.29655564283262 96
  endloop
endfacet
facet normal -0 0 -1
  outer loop
    vertex 10.68827435956693 44.17982958670343 96
    vertex 5.878367496805191 40.6760070343466 96
    vertex 5.248951790477086 46.5933783820693 96
  endloop
endfacet
facet normal 0 0 -1
  outer loop
    vertex 25.74744085716513 48.77388443460675 96
    vertex 20.3080880850904 51.18747469141711 96
    vertex 25.0850903056764 54.9157487922358 96
  endloop
endfacet
facet normal 0 0 -1
  outer loop
    vertex 25.74744085716513 48.77388443460675 96
    vertex 25.0850903056764 54.9157487922358 96
    vertex 30.79954308211494 52.76969859000001 96
  endloop
endfacet
facet normal 0 0 -1
  outer loop
    vertex -26.18250386265234 49.25463256952017 96
    vertex -21.38682245505852 52.60174961640408 96
    vertex -20.70938824222413 46.80526019281191 96
  endloop
endfacet
facet normal 0 0 -1
  outer loop
    vertex -0.817949247593829 54.92177643952375 96
    vertex -0.8262941437891808 61.54382112531114 96
    vertex 3.990029768866241 58.42824546184825 96
  endloop
endfacet
facet normal 0 -0 -1
  outer loop
    vertex 9.655042927945978 5.171530177866854 96
    vertex 10.28448886199605 -0.7458826298233676 96
    vertex 4.845136085798472 1.667707626740772 96
  endloop
endfacet
facet normal 0 0 -1
  outer loop
    vertex -22.98107367976528 19.65307172020565 96
    vertex -23.61051958907824 25.57048452937283 96
    vertex -18.17116681700355 23.15689427256248 96
  endloop
endfacet
facet normal 0 -0 -1
  outer loop
    vertex -10.43969081941895 47.91677780477767 96
    vertex -9.810244910105984 41.99936499561049 96
    vertex -15.24959768218067 44.41295525242084 96
  endloop
endfacet
facet normal 0 0 -1
  outer loop
    vertex -30.93821008909183 45.73631321368477 96
    vertex -26.18250386265234 49.25463256952017 96
    vertex -25.51129705439896 43.32159153805094 96
  endloop
endfacet
facet normal 0 -0 -1
  outer loop
    vertex 10.05882845025394 50.09724239587064 96
    vertex 10.68827435956693 44.17982958670343 96
    vertex 5.248951790477086 46.5933783820693 96
  endloop
endfacet
facet normal 0 0 -1
  outer loop
    vertex 15.49818122232866 47.68365213906027 96
    vertex 10.05882845025394 50.09724239587064 96
    vertex 14.8597425965474 53.64969996722795 96
  endloop
endfacet
facet normal -0 0 -1
  outer loop
    vertex -5.404123544915128 0.5774753314403528 96
    vertex -10.21403040769909 -2.926347220917847 96
    vertex -10.84347631702227 2.99106558824872 96
  endloop
endfacet
facet normal 0 0 -1
  outer loop
    vertex 14.69061022718723 -42.16777229399376 96
    vertex 14.06116431787421 -36.25035948482656 96
    vertex 19.50052367797969 -38.66343128135173 96
  endloop
endfacet
facet normal 0 0 -1
  outer loop
    vertex -23.61051958907824 25.57048452937283 96
    vertex -18.8006127263165 29.07430708172966 96
    vertex -18.17116681700355 23.15689427256248 96
  endloop
endfacet
facet normal -0 0 -1
  outer loop
    vertex 24.93990939020821 -41.07442923673631 96
    vertex 20.12996299926197 -44.58136255080407 96
    vertex 19.50052367797969 -38.66343128135173 96
  endloop
endfacet
facet normal 0 0 -1
  outer loop
    vertex 35.67426039872107 -45.68445549559597 96
    vertex 35.16512420983858 -39.94688123477843 96
    vertex 40.41736032667984 -42.09797567907903 96
  endloop
endfacet
facet normal 0 -0 -1
  outer loop
    vertex -31.75663043035305 -44.07102506295715 96
    vertex -31.22013936958149 -49.83684866355895 96
    vertex -37.37236928288166 -48.50986043488079 96
  endloop
endfacet
facet normal 0 0 -1
  outer loop
    vertex -5.178463133172604 -50.26564969425397 96
    vertex -10.61781590524735 -47.85205943744366 96
    vertex -5.807909042485644 -44.34823688508681 96
  endloop
endfacet
facet normal -0 0 -1
  outer loop
    vertex -11.47292222633393 8.908478397415973 96
    vertex -16.28282908906753 5.404655845060779 96
    vertex -16.91227499838549 11.32206865422767 96
  endloop
endfacet
facet normal 0 -0 -1
  outer loop
    vertex -6.033569454364963 6.494888140599365 96
    vertex -5.404123544915128 0.5774753314403528 96
    vertex -10.84347631702227 2.99106558824872 96
  endloop
endfacet
facet normal 0 0 -1
  outer loop
    vertex -16.0571686773221 -45.43846918063336 96
    vertex -16.68661458663514 -39.52105637146619 96
    vertex -11.2472618145604 -41.9346466282765 96
  endloop
endfacet
facet normal 0 0 -1
  outer loop
    vertex 20.12996299926197 -44.58136255080407 96
    vertex 14.69061022718723 -42.16777229399376 96
    vertex 19.50052367797969 -38.66343128135173 96
  endloop
endfacet
facet normal 0 0 -1
  outer loop
    vertex -10.21403040769909 -2.926347220917847 96
    vertex -15.65338317975589 -0.5127569641064649 96
    vertex -10.84347631702227 2.99106558824872 96
  endloop
endfacet
facet normal 0 0 -1
  outer loop
    vertex -18.8006127263165 29.07430708172966 96
    vertex -13.3612599542418 26.66071682491931 96
    vertex -18.17116681700355 23.15689427256248 96
  endloop
endfacet
facet normal -0 0 -1
  outer loop
    vertex -20.05950454494243 40.90913270006403 96
    vertex -24.86941140770417 37.40531014770721 96
    vertex -25.51129705439896 43.32159153805094 96
  endloop
endfacet
facet normal 0 0 -1
  outer loop
    vertex 44.1794973130735 -27.06224978901945 96
    vertex 43.55005140376775 -21.1448369798515 96
    vertex 48.98803303083282 -23.55857308359763 96
  endloop
endfacet
facet normal 0 0 -1
  outer loop
    vertex -41.59125522149915 -0.2796312983889225 96
    vertex -47.03060799357387 2.133958958421388 96
    vertex -42.22026118176854 5.637856314363635 96
  endloop
endfacet
facet normal 0 0 -1
  outer loop
    vertex -26.18250386265234 49.25463256952017 96
    vertex -20.70938824222413 46.80526019281191 96
    vertex -25.51129705439896 43.32159153805094 96
  endloop
endfacet
facet normal 0 0 -1
  outer loop
    vertex -5.178463133172604 -50.26564969425397 96
    vertex -0.3685562704109051 -46.76182714189714 96
    vertex 0.2469848089017193 -52.66015195895137 96
  endloop
endfacet
facet normal 0 0 -1
  outer loop
    vertex 40.41736032667984 -42.09797567907903 96
    vertex 45.20752800110301 -38.53117131513029 96
    vertex 45.94175057338248 -44.68513066066713 96
  endloop
endfacet
facet normal -0 0 -1
  outer loop
    vertex -9.810244910105984 41.99936499561049 96
    vertex -14.62015177286772 38.49554244325366 96
    vertex -15.24959768218067 44.41295525242084 96
  endloop
endfacet
facet normal 0 0 -1
  outer loop
    vertex -24.86941140770417 37.40531014770721 96
    vertex -30.30876417977888 39.81890040451758 96
    vertex -25.51129705439896 43.32159153805094 96
  endloop
endfacet
facet normal -0 0 -1
  outer loop
    vertex -0.3685562704109051 -46.76182714189714 96
    vertex -5.178463133172604 -50.26564969425397 96
    vertex -5.807909042485644 -44.34823688508681 96
  endloop
endfacet
facet normal 0 -0 -1
  outer loop
    vertex -28.19476604009763 -28.77646304867832 96
    vertex -27.56422446137714 -34.69356094592422 96
    vertex -33.00339462188396 -32.27991820379367 96
  endloop
endfacet
facet normal -0 0 -1
  outer loop
    vertex -10.84347631702227 2.99106558824872 96
    vertex -15.65338317975589 -0.5127569641064649 96
    vertex -16.28282908906753 5.404655845060779 96
  endloop
endfacet
facet normal 0 -0 -1
  outer loop
    vertex -52.46996076564857 4.547549215231711 96
    vertex -51.84051485633557 -1.369863593935459 96
    vertex -57.07634731838289 1.065375486565248 96
  endloop
endfacet
facet normal 0 0 -1
  outer loop
    vertex -16.28282908906753 5.404655845060779 96
    vertex -21.72218186113928 7.818246101871297 96
    vertex -16.91227499838549 11.32206865422767 96
  endloop
endfacet
facet normal 0 -0 -1
  outer loop
    vertex 5.070796501663811 -49.17541739870746 96
    vertex 5.681647318700922 -55.06730361210243 96
    vertex 0.2469848089017193 -52.66015195895137 96
  endloop
endfacet
facet normal 0 -0 -1
  outer loop
    vertex 4.441350592350789 -43.25800458954028 96
    vertex 5.070796501663811 -49.17541739870746 96
    vertex -0.3685562704109051 -46.76182714189714 96
  endloop
endfacet
facet normal 0 0 -1
  outer loop
    vertex -6.437354951798692 -38.43082407591964 96
    vertex -0.9980021797239418 -40.84441433272996 96
    vertex -5.807909042485644 -44.34823688508681 96
  endloop
endfacet
facet normal -0 0 -1
  outer loop
    vertex -44.73848476806413 29.30743274744715 96
    vertex -49.47347977027385 25.81157870526603 96
    vertex -49.49615151253872 31.81767092725092 96
  endloop
endfacet
facet normal -0 0 -1
  outer loop
    vertex -51.84051485633557 -1.369863593935459 96
    vertex -56.54819254694904 -4.862811844245725 96
    vertex -57.07634731838289 1.065375486565248 96
  endloop
endfacet
facet normal 0 0 -1
  outer loop
    vertex -33.63411881217237 -26.36287279186799 96
    vertex -28.19476604009763 -28.77646304867832 96
    vertex -33.00339462188396 -32.27991820379367 96
  endloop
endfacet
facet normal 0 0 -1
  outer loop
    vertex 35.67426039872107 -45.68445549559597 96
    vertex 30.37945980320565 -43.47246568499217 96
    vertex 35.16512420983858 -39.94688123477843 96
  endloop
endfacet
facet normal 0 0 -1
  outer loop
    vertex 24.93990939020821 -41.07442923673631 96
    vertex 24.31042395271065 -35.16012718928003 96
    vertex 29.74982284100068 -37.57008822409429 96
  endloop
endfacet
facet normal 0 0 -1
  outer loop
    vertex -13.3612599542418 26.66071682491931 96
    vertex -8.551353091480037 30.16453937727613 96
    vertex -7.92190718216994 24.24712656810879 96
  endloop
endfacet
facet normal -0 0 -1
  outer loop
    vertex -2.48255441009414 21.8335363112985 96
    vertex -7.292461272864637 18.32971375894118 96
    vertex -7.92190718216994 24.24712656810879 96
  endloop
endfacet
facet normal 0 0 -1
  outer loop
    vertex -21.09273595182642 1.900833292704113 96
    vertex -21.72218186113928 7.818246101871297 96
    vertex -16.28282908906753 5.404655845060779 96
  endloop
endfacet
facet normal 0 -0 -1
  outer loop
    vertex -12.10236813562932 14.82589120658419 96
    vertex -11.47292222633393 8.908478397415973 96
    vertex -16.91227499838549 11.32206865422767 96
  endloop
endfacet
facet normal 0 0 -1
  outer loop
    vertex -20.70938824222413 46.80526019281191 96
    vertex -21.38682245505852 52.60174961640408 96
    vertex -15.81288469340033 50.19196731987865 96
  endloop
endfacet
facet normal 0 0 -1
  outer loop
    vertex -15.65338317975589 -0.5127569641064649 96
    vertex -21.09273595182642 1.900833292704113 96
    vertex -16.28282908906753 5.404655845060779 96
  endloop
endfacet
facet normal 0 0 -1
  outer loop
    vertex 4.215690175634923 7.585120435857105 96
    vertex -1.223662591626046 9.998710692954841 96
    vertex 3.58624427043365 13.50253324526968 96
  endloop
endfacet
facet normal 0 0 -1
  outer loop
    vertex -21.72218186113928 7.818246101871297 96
    vertex -22.35162777045229 13.73565891103848 96
    vertex -16.91227499838549 11.32206865422767 96
  endloop
endfacet
facet normal 0 0 -1
  outer loop
    vertex 30.37945980320565 -43.47246568499217 96
    vertex 29.74982284100068 -37.57008822409429 96
    vertex 35.16512420983858 -39.94688123477843 96
  endloop
endfacet
facet normal -0 0 -1
  outer loop
    vertex -36.78134835873745 3.224191253967931 96
    vertex -41.59125522149915 -0.2796312983889225 96
    vertex -42.22026118176854 5.637856314363635 96
  endloop
endfacet
facet normal -0 0 -1
  outer loop
    vertex -10.43969081941895 47.91677780477767 96
    vertex -15.24959768218067 44.41295525242084 96
    vertex -15.81288469340033 50.19196731987865 96
  endloop
endfacet
facet normal 0 0 -1
  outer loop
    vertex 39.99903635962212 -36.48348515054377 96
    vertex 45.20752800110301 -38.53117131513029 96
    vertex 40.41736032667984 -42.09797567907903 96
  endloop
endfacet
facet normal 0 0 -1
  outer loop
    vertex -22.98107367976528 19.65307172020565 96
    vertex -18.17116681700355 23.15689427256248 96
    vertex -17.54172090769414 17.2394814633951 96
  endloop
endfacet
facet normal 0 0 -1
  outer loop
    vertex -4.613851111586017 -56.09406114651589 96
    vertex 0.2469848089017193 -52.66015195895137 96
    vertex 0.5905147642353579 -58.24501257301428 96
  endloop
endfacet
facet normal 0 0 -1
  outer loop
    vertex -7.292461272864637 18.32971375894118 96
    vertex -2.48255441009414 21.8335363112985 96
    vertex -1.853108500816283 15.91612350212927 96
  endloop
endfacet
facet normal 0 -0 -1
  outer loop
    vertex -3.112000319405614 27.75094912046574 96
    vertex -2.48255441009414 21.8335363112985 96
    vertex -7.92190718216994 24.24712656810879 96
  endloop
endfacet
facet normal 0 0 -1
  outer loop
    vertex -15.24959768218067 44.41295525242084 96
    vertex -20.70938824222413 46.80526019281191 96
    vertex -15.81288469340033 50.19196731987865 96
  endloop
endfacet
facet normal -0 0 -1
  outer loop
    vertex 15.09439557633215 2.757939913672026 96
    vertex 10.28448886199605 -0.7458826298233676 96
    vertex 9.655042927945978 5.171530177866854 96
  endloop
endfacet
facet normal 0 0 -1
  outer loop
    vertex -16.91227499838549 11.32206865422767 96
    vertex -22.35162777045229 13.73565891103848 96
    vertex -17.54172090769414 17.2394814633951 96
  endloop
endfacet
facet normal 0 0 -1
  outer loop
    vertex -17.54172090769414 17.2394814633951 96
    vertex -18.17116681700355 23.15689427256248 96
    vertex -12.73181404493341 20.74330401575187 96
  endloop
endfacet
facet normal 0 0 -1
  outer loop
    vertex 48.98803303083282 -23.55857308359763 96
    vertex 53.79108416619181 -20.05547976936151 96
    vertex 54.39354296105613 -26.08159904729212 96
  endloop
endfacet
facet normal 0 0 -1
  outer loop
    vertex -6.663015363590619 12.41230094977174 96
    vertex -7.292461272864637 18.32971375894118 96
    vertex -1.853108500816283 15.91612350212927 96
  endloop
endfacet
facet normal 0 0 -1
  outer loop
    vertex -18.17116681700355 23.15689427256248 96
    vertex -13.3612599542418 26.66071682491931 96
    vertex -12.73181404493341 20.74330401575187 96
  endloop
endfacet
facet normal 0 0 -1
  outer loop
    vertex 0.2469848089017193 -52.66015195895137 96
    vertex 5.681647318700922 -55.06730361210243 96
    vertex 0.5905147642353579 -58.24501257301428 96
  endloop
endfacet
facet normal -0 0 -1
  outer loop
    vertex -12.10236813562932 14.82589120658419 96
    vertex -16.91227499838549 11.32206865422767 96
    vertex -17.54172090769414 17.2394814633951 96
  endloop
endfacet
facet normal 0 0 -1
  outer loop
    vertex -0.3685562704109051 -46.76182714189714 96
    vertex 5.070796501663811 -49.17541739870746 96
    vertex 0.2469848089017193 -52.66015195895137 96
  endloop
endfacet
facet normal -0 0 -1
  outer loop
    vertex -7.292461272864637 18.32971375894118 96
    vertex -12.10236813562932 14.82589120658419 96
    vertex -12.73181404493341 20.74330401575187 96
  endloop
endfacet
facet normal 0 0 -1
  outer loop
    vertex -22.35162777045229 13.73565891103848 96
    vertex -22.98107367976528 19.65307172020565 96
    vertex -17.54172090769414 17.2394814633951 96
  endloop
endfacet
facet normal 0 0 -1
  outer loop
    vertex 8.39615113405706 17.00635579767788 96
    vertex 13.83550389778896 14.59276554036809 96
    vertex 9.025597028540364 11.08894298762486 96
  endloop
endfacet
facet normal 0 0 -1
  outer loop
    vertex -12.10236813562932 14.82589120658419 96
    vertex -17.54172090769414 17.2394814633951 96
    vertex -12.73181404493341 20.74330401575187 96
  endloop
endfacet
facet normal 0 0 -1
  outer loop
    vertex 49.58375652092211 -29.45510345295855 96
    vertex 48.98803303083282 -23.55857308359763 96
    vertex 54.39354296105613 -26.08159904729212 96
  endloop
endfacet
facet normal 0 0 -1
  outer loop
    vertex -8.551353091480037 30.16453937727613 96
    vertex -3.112000319405614 27.75094912046574 96
    vertex -7.92190718216994 24.24712656810879 96
  endloop
endfacet
facet normal 0 0 -1
  outer loop
    vertex -1.223662591626046 9.998710692954841 96
    vertex -6.663015363590619 12.41230094977174 96
    vertex -1.853108500816283 15.91612350212927 96
  endloop
endfacet
facet normal 0 0 -1
  outer loop
    vertex 2.956798361982339 19.41994605448823 96
    vertex 8.39615113405706 17.00635579767788 96
    vertex 3.58624427043365 13.50253324526968 96
  endloop
endfacet
facet normal 0 0 -1
  outer loop
    vertex 9.655042927945978 5.171530177866854 96
    vertex 4.215690175634923 7.585120435857105 96
    vertex 9.025597028540364 11.08894298762486 96
  endloop
endfacet
facet normal 0 0 -1
  outer loop
    vertex 21.7926397145822 -11.49047598819356 96
    vertex 26.60254487237607 -7.986653536405072 96
    vertex 27.23199260320784 -13.90406623799077 96
  endloop
endfacet
facet normal 0 -0 -1
  outer loop
    vertex 15.09439557633215 2.757939913672026 96
    vertex 15.72384148213945 -3.159472895731473 96
    vertex 10.28448886199605 -0.7458826298233676 96
  endloop
endfacet
facet normal 0 0 -1
  outer loop
    vertex 4.215690175634923 7.585120435857105 96
    vertex 3.58624427043365 13.50253324526968 96
    vertex 9.025597028540364 11.08894298762486 96
  endloop
endfacet
facet normal 0 0 -1
  outer loop
    vertex 3.58624427043365 13.50253324526968 96
    vertex 8.39615113405706 17.00635579767788 96
    vertex 9.025597028540364 11.08894298762486 96
  endloop
endfacet
facet normal -0 0 -1
  outer loop
    vertex 19.90430246029809 6.26176246728818 96
    vertex 15.09439557633215 2.757939913672026 96
    vertex 14.46494976538162 8.675352728709601 96
  endloop
endfacet
facet normal 0 0 -1
  outer loop
    vertex 15.09439557633215 2.757939913672026 96
    vertex 20.53374773349677 0.3443496201563329 96
    vertex 15.72384148213945 -3.159472895731473 96
  endloop
endfacet
facet normal 0 0 -1
  outer loop
    vertex 21.16319310600742 -5.573063220804138 96
    vertex 26.60254487237607 -7.986653536405072 96
    vertex 21.7926397145822 -11.49047598819356 96
  endloop
endfacet
facet normal 0 0 -1
  outer loop
    vertex 19.90430246029809 6.26176246728818 96
    vertex 14.46494976538162 8.675352728709601 96
    vertex 19.27485665389739 12.17917528289387 96
  endloop
endfacet
facet normal 0 -0 -1
  outer loop
    vertex 25.97309668873076 -2.06924086430491 96
    vertex 26.60254487237607 -7.986653536405072 96
    vertex 21.16319310600742 -5.573063220804138 96
  endloop
endfacet
facet normal 0 0 -1
  outer loop
    vertex 25.34365535958193 3.848172218059057 96
    vertex 19.90430246029809 6.26176246728818 96
    vertex 24.71420945029216 9.765585027227328 96
  endloop
endfacet
facet normal 0 -0 -1
  outer loop
    vertex 19.90430246029809 6.26176246728818 96
    vertex 20.53374773349677 0.3443496201563329 96
    vertex 15.09439557633215 2.757939913672026 96
  endloop
endfacet
facet normal 0 0 -1
  outer loop
    vertex 27.23199260320784 -13.90406623799077 96
    vertex 32.04187424172883 -10.40024527718485 96
    vertex 32.67134149902679 -16.31765673622811 96
  endloop
endfacet
facet normal 0 0 -1
  outer loop
    vertex 32.04187424172883 -10.40024527718485 96
    vertex 37.48125275151639 -12.81383388518809 96
    vertex 32.67134149902679 -16.31765673622811 96
  endloop
endfacet
facet normal -0 0 -1
  outer loop
    vertex 25.34365535958193 3.848172218059057 96
    vertex 20.53374773349677 0.3443496201563329 96
    vertex 19.90430246029809 6.26176246728818 96
  endloop
endfacet
facet normal 0 0 -1
  outer loop
    vertex 25.97309668873076 -2.06924086430491 96
    vertex 31.4124447846059 -4.482831391790674 96
    vertex 26.60254487237607 -7.986653536405072 96
  endloop
endfacet
facet normal 0 0 -1
  outer loop
    vertex 23.05153213412264 -23.32530157095911 96
    vertex 17.61217936201983 -20.91171131414895 96
    vertex 22.42208604395377 -17.40788877247869 96
  endloop
endfacet
facet normal 0 0 -1
  outer loop
    vertex 26.60254487237607 -7.986653536405072 96
    vertex 31.4124447846059 -4.482831391790674 96
    vertex 32.04187424172883 -10.40024527718485 96
  endloop
endfacet
facet normal 0 -0 -1
  outer loop
    vertex 25.34365535958193 3.848172218059057 96
    vertex 25.97309668873076 -2.06924086430491 96
    vertex 20.53374773349677 0.3443496201563329 96
  endloop
endfacet
facet normal 0 0 -1
  outer loop
    vertex 25.97309668873076 -2.06924086430491 96
    vertex 30.78298065005657 1.434580321686942 96
    vertex 31.4124447846059 -4.482831391790674 96
  endloop
endfacet
facet normal -0 0 -1
  outer loop
    vertex 27.86143899700489 -19.82147901857411 96
    vertex 23.05153213412264 -23.32530157095911 96
    vertex 22.42208604395377 -17.40788877247869 96
  endloop
endfacet
facet normal 0 0 -1
  outer loop
    vertex 27.23199260320784 -13.90406623799077 96
    vertex 26.60254487237607 -7.986653536405072 96
    vertex 32.04187424172883 -10.40024527718485 96
  endloop
endfacet
facet normal -0 0 -1
  outer loop
    vertex 38.11069863173665 -18.73124672303653 96
    vertex 33.30079176896616 -22.23506927539432 96
    vertex 32.67134149902679 -16.31765673622811 96
  endloop
endfacet
facet normal 0 -0 -1
  outer loop
    vertex 37.48125275151639 -12.81383388518809 96
    vertex 38.11069863173665 -18.73124672303653 96
    vertex 32.67134149902679 -16.31765673622811 96
  endloop
endfacet
facet normal 0 0 -1
  outer loop
    vertex 25.34365535958193 3.848172218059057 96
    vertex 30.78298065005657 1.434580321686942 96
    vertex 25.97309668873076 -2.06924086430491 96
  endloop
endfacet
facet normal 0 -0 -1
  outer loop
    vertex 30.1535341630704 7.351993090884556 96
    vertex 30.78298065005657 1.434580321686942 96
    vertex 25.34365535958193 3.848172218059057 96
  endloop
endfacet
facet normal 0 0 -1
  outer loop
    vertex 36.22233735278114 -0.9790096735857843 96
    vertex 41.66089296211599 -3.392651028429862 96
    vertex 36.85166457878825 -6.896430145531344 96
  endloop
endfacet
facet normal -0 0 -1
  outer loop
    vertex 35.59277365530374 4.938396054852199 96
    vertex 30.78298065005657 1.434580321686942 96
    vertex 30.1535341630704 7.351993090884556 96
  endloop
endfacet
facet normal 0 -0 -1
  outer loop
    vertex 35.59277365530374 4.938396054852199 96
    vertex 36.22233735278114 -0.9790096735857843 96
    vertex 30.78298065005657 1.434580321686942 96
  endloop
endfacet
facet normal 0 0 -1
  outer loop
    vertex 36.22233735278114 -0.9790096735857843 96
    vertex 41.03226769925768 2.524814330386072 96
    vertex 41.66089296211599 -3.392651028429862 96
  endloop
endfacet
facet normal 0 0 -1
  outer loop
    vertex 36.85166457878825 -6.896430145531344 96
    vertex 41.66089296211599 -3.392651028429862 96
    vertex 42.29084041924229 -9.310030980388905 96
  endloop
endfacet
facet normal 0 0 -1
  outer loop
    vertex 29.52408509813817 13.26940580885586 96
    vertex 28.8946704582103 19.1868204118406 96
    vertex 34.33390957495188 16.77322163414988 96
  endloop
endfacet
facet normal 0 0 -1
  outer loop
    vertex 28.8946704582103 19.1868204118406 96
    vertex 33.70458071197081 22.69064223115465 96
    vertex 34.33390957495188 16.77322163414988 96
  endloop
endfacet
facet normal -0 0 -1
  outer loop
    vertex 40.40197366179681 8.442176226410556 96
    vertex 35.59277365530374 4.938396054852199 96
    vertex 34.96330971214934 10.85580824120992 96
  endloop
endfacet
facet normal 0 0 -1
  outer loop
    vertex 35.59277365530374 4.938396054852199 96
    vertex 41.03226769925768 2.524814330386072 96
    vertex 36.22233735278114 -0.9790096735857843 96
  endloop
endfacet
facet normal 0 0 -1
  outer loop
    vertex 33.70458071197081 22.69064223115465 96
    vertex 39.14395059930747 20.27704828809908 96
    vertex 34.33390957495188 16.77322163414988 96
  endloop
endfacet
facet normal 0 -0 -1
  outer loop
    vertex 40.40197366179681 8.442176226410556 96
    vertex 41.03226769925768 2.524814330386072 96
    vertex 35.59277365530374 4.938396054852199 96
  endloop
endfacet
facet normal -0 0 -1
  outer loop
    vertex 45.83696625235262 6.028326309876051 96
    vertex 41.03226769925768 2.524814330386072 96
    vertex 40.40197366179681 8.442176226410556 96
  endloop
endfacet
facet normal 0 0 -1
  outer loop
    vertex 46.46671760945694 0.1109055382219644 96
    vertex 51.25730927021647 3.613418505551227 96
    vertex 51.91098017918587 -2.302343402970117 96
  endloop
endfacet
facet normal 0 -0 -1
  outer loop
    vertex 45.83696625235262 6.028326309876051 96
    vertex 46.46671760945694 0.1109055382219644 96
    vertex 41.03226769925768 2.524814330386072 96
  endloop
endfacet
facet normal -0 0 -1
  outer loop
    vertex 50.64499102307505 9.532220993471402 96
    vertex 45.83696625235262 6.028326309876051 96
    vertex 45.21057185677086 11.94593166711369 96
  endloop
endfacet
facet normal 0 0 -1
  outer loop
    vertex 45.83696625235262 6.028326309876051 96
    vertex 51.25730927021647 3.613418505551227 96
    vertex 46.46671760945694 0.1109055382219644 96
  endloop
endfacet
facet normal 0 0 -1
  outer loop
    vertex 50.64499102307505 9.532220993471402 96
    vertex 45.21057185677086 11.94593166711369 96
    vertex 49.98134399317217 15.48275393583923 96
  endloop
endfacet
facet normal 0 0 -1
  outer loop
    vertex 45.21057185677086 11.94593166711369 96
    vertex 39.77286086993524 14.35960482373922 96
    vertex 44.5759647746071 17.86891237807278 96
  endloop
endfacet
facet normal 0 -0 -1
  outer loop
    vertex 50.64499102307505 9.532220993471402 96
    vertex 51.25730927021647 3.613418505551227 96
    vertex 45.83696625235262 6.028326309876051 96
  endloop
endfacet
facet normal -0 0 -1
  outer loop
    vertex 56.05806259792246 7.119413691608306 96
    vertex 51.25730927021647 3.613418505551227 96
    vertex 50.64499102307505 9.532220993471402 96
  endloop
endfacet
facet normal 0 -0 -1
  outer loop
    vertex 56.05806259792246 7.119413691608306 96
    vertex 56.6089158404354 1.191187812330448 96
    vertex 51.25730927021647 3.613418505551227 96
  endloop
endfacet
facet normal 0 0 -1
  outer loop
    vertex 8.972737890698816 61.52671241447449 96
    vertex 13.3076487712834 65.36819625460257 96
    vertex 14.22031421208961 59.47571459127303 96
  endloop
endfacet
facet normal 0 0 -1
  outer loop
    vertex 56.05806259792246 7.119413691608306 96
    vertex 61.52637606330569 4.710100925511071 96
    vertex 56.6089158404354 1.191187812330448 96
  endloop
endfacet
facet normal -0 0 -1
  outer loop
    vertex 60.69053186071859 10.62027491286317 96
    vertex 56.05806259792246 7.119413691608306 96
    vertex 55.274456247352 13.05311447523372 96
  endloop
endfacet
facet normal 0 0 -1
  outer loop
    vertex -57.54056667690296 -34.19000948600797 96
    vertex -54.3374963887775 -28.9001026506283 96
    vertex -52.48130203780809 -34.25666299660561 96
  endloop
endfacet
facet normal 0 0 -1
  outer loop
    vertex 57.9772292613123 -10.63909950661753 96
    vertex 57.22303447386494 -4.735519231053972 96
    vertex 62.41407245642461 -6.839213547822704 96
  endloop
endfacet
facet normal 0 0 -1
  outer loop
    vertex -37.14568975763914 -41.69018413339272 96
    vertex -37.37236928288166 -48.50986043488079 96
    vertex -41.97823460055479 -45.16746864900865 96
  endloop
endfacet
facet normal 0 -0 -1
  outer loop
    vertex 60.69053186071859 10.62027491286317 96
    vertex 61.52637606330569 4.710100925511071 96
    vertex 56.05806259792246 7.119413691608306 96
  endloop
endfacet
facet normal 0 0 -1
  outer loop
    vertex 9.426282485505965 56.00744224545381 96
    vertex 8.972737890698816 61.52671241447449 96
    vertex 14.22031421208961 59.47571459127303 96
  endloop
endfacet
facet normal -0 0 -1
  outer loop
    vertex 19.6467611240158 57.44667374029277 96
    vertex 14.8597425965474 53.64969996722795 96
    vertex 14.22031421208961 59.47571459127303 96
  endloop
endfacet
facet normal 0 0 -1
  outer loop
    vertex 58.64008609327259 -16.53574774352379 96
    vertex 64.2939106648697 -18.86231027553766 96
    vertex 59.11855845240134 -22.53141650362326 96
  endloop
endfacet
facet normal 0 0 -1
  outer loop
    vertex 53.79108416619181 -20.05547976936151 96
    vertex 58.64008609327259 -16.53574774352379 96
    vertex 59.11855845240134 -22.53141650362326 96
  endloop
endfacet
facet normal 0 0 -1
  outer loop
    vertex 52.38096182766023 36.63621418979702 96
    vertex 51.40683437006826 42.73911606335635 96
    vertex 55.86158543933475 39.84022461285912 96
  endloop
endfacet
facet normal 0 0 -1
  outer loop
    vertex 63.11479940279754 -12.62790918380997 96
    vertex 57.9772292613123 -10.63909950661753 96
    vertex 62.41407245642461 -6.839213547822704 96
  endloop
endfacet
facet normal 0 0 -1
  outer loop
    vertex -42.40462815488428 -39.25778459665695 96
    vertex -37.14568975763914 -41.69018413339272 96
    vertex -41.97823460055479 -45.16746864900865 96
  endloop
endfacet
facet normal 0 0 -1
  outer loop
    vertex 14.8597425965474 53.64969996722795 96
    vertex 9.426282485505965 56.00744224545381 96
    vertex 14.22031421208961 59.47571459127303 96
  endloop
endfacet
facet normal 0 0 -1
  outer loop
    vertex 54.39354296105613 -26.08159904729212 96
    vertex 53.79108416619181 -20.05547976936151 96
    vertex 59.11855845240134 -22.53141650362326 96
  endloop
endfacet
facet normal 0 0 -1
  outer loop
    vertex -2.693982681735537 -66.85502311499958 96
    vertex -8.126885942473017 -66.23697839435289 96
    vertex -4.170082436385417 -61.76556637324828 96
  endloop
endfacet
facet normal 0 0 -1
  outer loop
    vertex 60.69053186071859 10.62027491286317 96
    vertex 66.27208411461748 8.260806669970291 96
    vertex 61.52637606330569 4.710100925511071 96
  endloop
endfacet
facet normal 0 -0 -1
  outer loop
    vertex 5.681647318700922 -55.06730361210243 96
    vertex 10.88466677812572 -57.18949928201371 96
    vertex 5.638364752276823 -61.36322508176315 96
  endloop
endfacet
facet normal 0 0 -1
  outer loop
    vertex 49.58375652092211 -29.45510345295855 96
    vertex 54.39354296105613 -26.08159904729212 96
    vertex 54.65544599888203 -32.05007163110233 96
  endloop
endfacet
facet normal 0 -0 -1
  outer loop
    vertex -34.95908996624219 -53.28227837316336 96
    vertex -34.80777104960726 -58.20300656572834 96
    vertex -39.65642420772971 -54.57151377161485 96
  endloop
endfacet
facet normal 0 0 -1
  outer loop
    vertex 45.20752800110301 -38.53117131513029 96
    vertex 44.77027308194324 -32.93115085639256 96
    vertex 49.84918445855222 -35.12367297990137 96
  endloop
endfacet
facet normal 0 0 -1
  outer loop
    vertex 42.66761237490724 35.55410277892729 96
    vertex 41.93788713626276 41.16401012654222 96
    vertex 47.30337572127308 38.78655343094119 96
  endloop
endfacet
facet normal -0 0 -1
  outer loop
    vertex 52.38096182766023 36.63621418979702 96
    vertex 48.1108700312486 33.14931213556763 96
    vertex 47.30337572127308 38.78655343094119 96
  endloop
endfacet
facet normal 0 0 -1
  outer loop
    vertex 31.18679362923988 46.36029417779642 96
    vertex 30.79954308211494 52.76969859000001 96
    vertex 35.62527436653302 49.64034041907451 96
  endloop
endfacet
facet normal -0 0 -1
  outer loop
    vertex 41.58730306986189 47.30375467601104 96
    vertex 36.58093559859836 43.83122983004981 96
    vertex 35.62527436653302 49.64034041907451 96
  endloop
endfacet
facet normal 0 0 -1
  outer loop
    vertex -41.97823460055479 -45.16746864900865 96
    vertex -43.23572296475245 -50.77038451010603 96
    vertex -47.40992649203126 -47.33682252381779 96
  endloop
endfacet
facet normal 0 0 -1
  outer loop
    vertex 19.6467611240158 57.44667374029277 96
    vertex 14.22031421208961 59.47571459127303 96
    vertex 18.78242219345428 63.80533323954624 96
  endloop
endfacet
facet normal 0 0 -1
  outer loop
    vertex 26.04571185449782 -52.60460135243488 96
    vertex 31.01009155805492 -49.29655564283262 96
    vertex 30.70681629554504 -55.0173820549413 96
  endloop
endfacet
facet normal 0 0 -1
  outer loop
    vertex 0.5905147642353579 -58.24501257301428 96
    vertex 5.681647318700922 -55.06730361210243 96
    vertex 5.638364752276823 -61.36322508176315 96
  endloop
endfacet
facet normal 0 0 -1
  outer loop
    vertex 41.58730306986189 47.30375467601104 96
    vertex 47.48280313051161 47.79986693953069 96
    vertex 46.15591692007249 43.3311539304242 96
  endloop
endfacet
facet normal 0 0 -1
  outer loop
    vertex 14.22031421208961 59.47571459127303 96
    vertex 13.3076487712834 65.36819625460257 96
    vertex 18.78242219345428 63.80533323954624 96
  endloop
endfacet
facet normal -0 0 -1
  outer loop
    vertex -49.47347977027385 25.81157870526603 96
    vertex -53.97748506945545 22.37659046644365 96
    vertex -54.62745988981749 29.057490789156 96
  endloop
endfacet
facet normal 0 0 -1
  outer loop
    vertex 61.52637606330569 4.710100925511071 96
    vertex 66.27208411461748 8.260806669970291 96
    vertex 66.70086235512031 2.383303351825365 96
  endloop
endfacet
facet normal 0 0 -1
  outer loop
    vertex 26.04571185449782 -52.60460135243488 96
    vertex 30.70681629554504 -55.0173820549413 96
    vertex 26.54565947533202 -57.44339000068328 96
  endloop
endfacet
facet normal 0 0 -1
  outer loop
    vertex 62.41407245642461 -6.839213547822704 96
    vertex 57.22303447386494 -4.735519231053972 96
    vertex 61.9332752853122 -1.104631305827764 96
  endloop
endfacet
facet normal 0 0 -1
  outer loop
    vertex -62.42248911574698 -2.3986628477412 96
    vertex -56.54819254694904 -4.862811844245725 96
    vertex -61.16400779747799 -8.855800610195805 96
  endloop
endfacet
facet normal -0 0 -1
  outer loop
    vertex -55.87837017506089 -10.77223880107031 96
    vertex -60.31679987988543 -14.799321723122 96
    vertex -61.16400779747799 -8.855800610195805 96
  endloop
endfacet
facet normal -0 0 -1
  outer loop
    vertex -53.97748506945545 22.37659046644365 96
    vertex -59.43043673861937 19.2110367840628 96
    vertex -58.0496390548251 25.11708718554593 96
  endloop
endfacet
facet normal 0 0 -1
  outer loop
    vertex 56.6089158404354 1.191187812330448 96
    vertex 61.52637606330569 4.710100925511071 96
    vertex 61.9332752853122 -1.104631305827764 96
  endloop
endfacet
facet normal 0 -0 -1
  outer loop
    vertex 15.91556836095412 -53.99143805041381 96
    vertex 21.23447371691488 -56.98771024651062 96
    vertex 15.74667071085431 -59.69879765650897 96
  endloop
endfacet
facet normal -0 0 -1
  outer loop
    vertex 67.12639052272223 -3.337647145756794 96
    vertex 62.41407245642461 -6.839213547822704 96
    vertex 61.9332752853122 -1.104631305827764 96
  endloop
endfacet
facet normal 0 0 -1
  outer loop
    vertex -4.613851111586017 -56.09406114651589 96
    vertex 0.5905147642353579 -58.24501257301428 96
    vertex -4.170082436385417 -61.76556637324828 96
  endloop
endfacet
facet normal 0 0 -1
  outer loop
    vertex 41.93788713626276 41.16401012654222 96
    vertex 41.58730306986189 47.30375467601104 96
    vertex 46.15591692007249 43.3311539304242 96
  endloop
endfacet
facet normal 0 0 -1
  outer loop
    vertex 45.94175057338248 -44.68513066066713 96
    vertex 45.20752800110301 -38.53117131513029 96
    vertex 49.47737287537451 -39.95757301715962 96
  endloop
endfacet
facet normal 0 0 -1
  outer loop
    vertex -17.5545753368438 60.82238350529843 96
    vertex -11.91401294365836 59.34861778577419 96
    vertex -16.68127323386594 55.71696919728195 96
  endloop
endfacet
facet normal 0 -0 -1
  outer loop
    vertex -11.91401294365836 59.34861778577419 96
    vertex -10.99973426187211 53.7389176951102 96
    vertex -16.68127323386594 55.71696919728195 96
  endloop
endfacet
facet normal 0 0 -1
  outer loop
    vertex -15.81288469340033 50.19196731987865 96
    vertex -21.38682245505852 52.60174961640408 96
    vertex -16.68127323386594 55.71696919728195 96
  endloop
endfacet
facet normal 0 0 -1
  outer loop
    vertex 60.69053186071859 10.62027491286317 96
    vertex 55.274456247352 13.05311447523372 96
    vertex 60.01677542447317 16.54915972430569 96
  endloop
endfacet
facet normal 0 0 -1
  outer loop
    vertex 44.77027308194324 -32.93115085639256 96
    vertex 49.58375652092211 -29.45510345295855 96
    vertex 49.84918445855222 -35.12367297990137 96
  endloop
endfacet
facet normal 0 -0 -1
  outer loop
    vertex 65.32768405473234 14.13376752502878 96
    vertex 66.27208411461748 8.260806669970291 96
    vertex 60.69053186071859 10.62027491286317 96
  endloop
endfacet
facet normal 0 0 -1
  outer loop
    vertex 48.1108700312486 33.14931213556763 96
    vertex 42.66761237490724 35.55410277892729 96
    vertex 47.30337572127308 38.78655343094119 96
  endloop
endfacet
facet normal 0 0 -1
  outer loop
    vertex 36.58093559859836 43.83122983004981 96
    vertex 31.18679362923988 46.36029417779642 96
    vertex 35.62527436653302 49.64034041907451 96
  endloop
endfacet
facet normal 0 -0 -1
  outer loop
    vertex -47.04429818909534 46.94056368645434 96
    vertex -45.84174102311314 41.12428648668248 96
    vertex -51.18856781538693 42.95162467382216 96
  endloop
endfacet
facet normal 0 0 -1
  outer loop
    vertex -64.41314579594435 -19.07340205079019 96
    vertex -60.31679987988543 -14.799321723122 96
    vertex -59.16634386062508 -20.54783386039411 96
  endloop
endfacet
facet normal 0 0 -1
  outer loop
    vertex -31.22013936958149 -49.83684866355895 96
    vertex -25.72084238587139 -52.11242264853088 96
    vertex -30.2788161890842 -55.25653631238445 96
  endloop
endfacet
facet normal 0 0 -1
  outer loop
    vertex 63.11479940279754 -12.62790918380997 96
    vertex 62.41407245642461 -6.839213547822704 96
    vertex 67.25642224776846 -8.922618127018129 96
  endloop
endfacet
facet normal -0 0 -1
  outer loop
    vertex -57.07634731838289 1.065375486565248 96
    vertex -62.42248911574698 -2.3986628477412 96
    vertex -61.98000250379917 4.031409686883197 96
  endloop
endfacet
facet normal 0 0 -1
  outer loop
    vertex 49.84918445855222 -35.12367297990137 96
    vertex 49.58375652092211 -29.45510345295855 96
    vertex 54.65544599888203 -32.05007163110233 96
  endloop
endfacet
facet normal 0 -0 -1
  outer loop
    vertex 31.01009155805492 -49.29655564283262 96
    vertex 36.51053914588817 -51.80149306360904 96
    vertex 30.70681629554504 -55.0173820549413 96
  endloop
endfacet
facet normal 0 0 -1
  outer loop
    vertex 30.70681629554504 -55.0173820549413 96
    vertex 30.01548281406622 -60.46648837810086 96
    vertex 26.54565947533202 -57.44339000068328 96
  endloop
endfacet
facet normal 0 -0 -1
  outer loop
    vertex 0.5905147642353579 -58.24501257301428 96
    vertex 5.638364752276823 -61.36322508176315 96
    vertex 0.4623117361237311 -63.03287911133148 96
  endloop
endfacet
facet normal 0 0 -1
  outer loop
    vertex -54.3374963887775 -28.9001026506283 96
    vertex -48.50513735226636 -30.93691400103841 96
    vertex -52.48130203780809 -34.25666299660561 96
  endloop
endfacet
facet normal 0 -0 -1
  outer loop
    vertex -49.49615151253872 31.81767092725092 96
    vertex -49.47347977027385 25.81157870526603 96
    vertex -54.62745988981749 29.057490789156 96
  endloop
endfacet
facet normal 0 0 -1
  outer loop
    vertex -48.34862260290798 -37.54538399066672 96
    vertex -42.40462815488428 -39.25778459665695 96
    vertex -46.13204876866849 -42.64875146946154 96
  endloop
endfacet
facet normal 0 0 -1
  outer loop
    vertex -68.09884140244576 23.37836178273704 96
    vertex -65.93567951916421 28.92207057501365 96
    vertex -62.71553669268022 24.19028862081645 96
  endloop
endfacet
facet normal -0 0 -1
  outer loop
    vertex -2.693982681735537 -66.85502311499958 96
    vertex -5.945712874007829 -71.75408349648023 96
    vertex -8.126885942473017 -66.23697839435289 96
  endloop
endfacet
facet normal 0 0 -1
  outer loop
    vertex 1.146719438155364e-13 -72 96
    vertex -2.693982681735537 -66.85502311499958 96
    vertex 2.946744282227427 -66.93556841363217 96
  endloop
endfacet
facet normal -0 0 -1
  outer loop
    vertex 71.01801384499601 11.85081050021286 96
    vertex 66.27208411461748 8.260806669970291 96
    vertex 65.32768405473234 14.13376752502878 96
  endloop
endfacet
facet normal 0 -0 -1
  outer loop
    vertex 69.79681914763179 17.67495507413756 96
    vertex 71.01801384499601 11.85081050021286 96
    vertex 65.32768405473234 14.13376752502878 96
  endloop
endfacet
facet normal 0 0 -1
  outer loop
    vertex -63.3221100868673 34.26821229866913 96
    vertex -60.27598643490214 39.3802673848146 96
    vertex -57.78686040719163 34.25391683665535 96
  endloop
endfacet
facet normal 0 0 -1
  outer loop
    vertex -23.37836178273711 -68.09884140244573 96
    vertex -28.92207057501371 -65.93567951916417 96
    vertex -24.44383924321343 -62.64419116151755 96
  endloop
endfacet
facet normal 0 0 -1
  outer loop
    vertex -60.27598643490214 39.3802673848146 96
    vertex -54.86662454949255 38.95937442150748 96
    vertex -57.78686040719163 34.25391683665535 96
  endloop
endfacet
facet normal 0 0 -1
  outer loop
    vertex -65.93567951916421 28.92207057501365 96
    vertex -60.19137898708904 29.28471961508196 96
    vertex -62.71553669268022 24.19028862081645 96
  endloop
endfacet
facet normal 0 0 -1
  outer loop
    vertex -28.92207057501371 -65.93567951916417 96
    vertex -29.69270334443004 -60.49450103457808 96
    vertex -24.44383924321343 -62.64419116151755 96
  endloop
endfacet
facet normal -0 0 -1
  outer loop
    vertex -19.08742778182597 -64.1604309065377 96
    vertex -23.37836178273711 -68.09884140244573 96
    vertex -24.44383924321343 -62.64419116151755 96
  endloop
endfacet
facet normal 0 0 -1
  outer loop
    vertex -34.26821229866938 63.32211008686716 96
    vertex -28.92207057501388 65.9356795191641 96
    vertex -29.66269299103639 60.98113417661578 96
  endloop
endfacet
facet normal 0 0 -1
  outer loop
    vertex -68.09884140244569 -23.37836178273724 96
    vertex -69.79681914763179 -17.67495507413755 96
    vertex -64.41314579594435 -19.07340205079019 96
  endloop
endfacet
facet normal 0 0 -1
  outer loop
    vertex -62.70568897018712 -24.46185217816473 96
    vertex -68.09884140244569 -23.37836178273724 96
    vertex -64.41314579594435 -19.07340205079019 96
  endloop
endfacet
facet normal -0 0 -1
  outer loop
    vertex 28.92207057501398 -65.93567951916405 96
    vertex 23.37836178273738 -68.09884140244564 96
    vertex 24.72581269563614 -62.14076797142872 96
  endloop
endfacet
facet normal -0 0 -1
  outer loop
    vertex -51.04361919201602 -43.18894756442207 96
    vertex -56.81811667654031 -44.22331531365613 96
    vertex -54.60770633000907 -38.97837808823869 96
  endloop
endfacet
facet normal 0 0 -1
  outer loop
    vertex -63.3221100868672 -34.26821229866932 96
    vertex -65.93567951916411 -28.92207057501384 96
    vertex -60.41167324297838 -29.53346744309632 96
  endloop
endfacet
facet normal 0 0 -1
  outer loop
    vertex 30.01548281406622 -60.46648837810086 96
    vertex 28.92207057501398 -65.93567951916405 96
    vertex 24.72581269563614 -62.14076797142872 96
  endloop
endfacet
facet normal 0 0 -1
  outer loop
    vertex -66.88717711809586 2.2861333970327 96
    vertex -71.75408349648023 5.94571287400789 96
    vertex -66.32391489591363 7.866755870849639 96
  endloop
endfacet
facet normal -0 0 -1
  outer loop
    vertex 17.6749550741377 -69.79681914763175 96
    vertex 11.85081050021299 -71.01801384499598 96
    vertex 14.00035378490207 -65.47674032020488 96
  endloop
endfacet
facet normal 0 0 -1
  outer loop
    vertex 29.40821662390927 59.8534458419161 96
    vertex 34.26821229866923 63.32211008686725 96
    vertex 34.53149467643009 57.43307902490675 96
  endloop
endfacet
facet normal -0 0 -1
  outer loop
    vertex -57.54056667690296 -34.19000948600797 96
    vertex -63.3221100868672 -34.26821229866932 96
    vertex -60.41167324297838 -29.53346744309632 96
  endloop
endfacet
facet normal 0 0 -1
  outer loop
    vertex -48.76427315705331 -52.97212156846552 96
    vertex -52.97212156846545 -48.76427315705339 96
    vertex -47.40992649203126 -47.33682252381779 96
  endloop
endfacet
facet normal 0 -0 -1
  outer loop
    vertex 71.75408349648023 5.945712874007936 96
    vertex 72 8.817456953860942e-15 96
    vertex 66.70086235512031 2.383303351825365 96
  endloop
endfacet
facet normal 0 0 -1
  outer loop
    vertex 64.52358724685917 19.94899041915299 96
    vertex 69.79681914763179 17.67495507413756 96
    vertex 65.32768405473234 14.13376752502878 96
  endloop
endfacet
facet normal 0 0 -1
  outer loop
    vertex 66.27208411461748 8.260806669970291 96
    vertex 71.75408349648023 5.945712874007936 96
    vertex 66.70086235512031 2.383303351825365 96
  endloop
endfacet
facet normal 0 0 -1
  outer loop
    vertex 23.37836178273738 -68.09884140244564 96
    vertex 19.05616656604575 -64.00853517727678 96
    vertex 24.72581269563614 -62.14076797142872 96
  endloop
endfacet
facet normal 0 0 -1
  outer loop
    vertex -60.19137898708904 29.28471961508196 96
    vertex -63.3221100868673 34.26821229866913 96
    vertex -57.78686040719163 34.25391683665535 96
  endloop
endfacet
facet normal 0 0 -1
  outer loop
    vertex 19.05616656604575 -64.00853517727678 96
    vertex 17.6749550741377 -69.79681914763175 96
    vertex 14.00035378490207 -65.47674032020488 96
  endloop
endfacet
facet normal 0 0 -1
  outer loop
    vertex 34.26821229866923 63.32211008686725 96
    vertex 39.38026738481469 60.27598643490209 96
    vertex 34.53149467643009 57.43307902490675 96
  endloop
endfacet
facet normal 0 0 -1
  outer loop
    vertex -33.78756663610354 57.5069845224256 96
    vertex -34.26821229866938 63.32211008686716 96
    vertex -29.66269299103639 60.98113417661578 96
  endloop
endfacet
facet normal 0 0 -1
  outer loop
    vertex -5.945712874007829 -71.75408349648023 96
    vertex -11.8508105002127 -71.01801384499603 96
    vertex -8.126885942473017 -66.23697839435289 96
  endloop
endfacet
facet normal -0 0 -1
  outer loop
    vertex 72 8.817456953860942e-15 96
    vertex 67.12639052272223 -3.337647145756794 96
    vertex 66.70086235512031 2.383303351825365 96
  endloop
endfacet
facet normal 0 0 -1
  outer loop
    vertex 39.38026738481469 60.27598643490209 96
    vertex 39.02406347307398 54.0218299303712 96
    vertex 34.53149467643009 57.43307902490675 96
  endloop
endfacet
facet normal 0 0 -1
  outer loop
    vertex -54.86662454949255 38.95937442150748 96
    vertex -56.81811667654043 44.22331531365597 96
    vertex -51.18856781538693 42.95162467382216 96
  endloop
endfacet
facet normal 0 0 -1
  outer loop
    vertex -65.93567951916411 -28.92207057501384 96
    vertex -62.70568897018712 -24.46185217816473 96
    vertex -60.41167324297838 -29.53346744309632 96
  endloop
endfacet
facet normal 0 -0 -1
  outer loop
    vertex 48.76427315705332 52.9721215684655 96
    vertex 52.97212156846544 48.76427315705339 96
    vertex 47.48280313051161 47.79986693953069 96
  endloop
endfacet
facet normal 0 0 -1
  outer loop
    vertex -56.81811667654031 -44.22331531365613 96
    vertex -60.27598643490203 -39.38026738481477 96
    vertex -54.60770633000907 -38.97837808823869 96
  endloop
endfacet
facet normal 0 0 -1
  outer loop
    vertex 52.97212156846544 48.76427315705339 96
    vertex 51.40683437006826 42.73911606335635 96
    vertex 47.48280313051161 47.79986693953069 96
  endloop
endfacet
facet normal 0 -0 -1
  outer loop
    vertex -28.92207057501388 65.9356795191641 96
    vertex -24.27686303545556 62.21626781551023 96
    vertex -29.66269299103639 60.98113417661578 96
  endloop
endfacet
facet normal 0 0 -1
  outer loop
    vertex -52.97212156846545 -48.76427315705339 96
    vertex -51.04361919201602 -43.18894756442207 96
    vertex -47.40992649203126 -47.33682252381779 96
  endloop
endfacet
facet normal 0 0 -1
  outer loop
    vertex 8.471606305148807 -66.41607068159962 96
    vertex 5.945712874008058 -71.75408349648022 96
    vertex 2.946744282227427 -66.93556841363217 96
  endloop
endfacet
facet normal 0 0 -1
  outer loop
    vertex 11.85081050021299 -71.01801384499598 96
    vertex 8.471606305148807 -66.41607068159962 96
    vertex 14.00035378490207 -65.47674032020488 96
  endloop
endfacet
facet normal -0 0 -1
  outer loop
    vertex -43.23572296475245 -50.77038451010603 96
    vertex -48.76427315705331 -52.97212156846552 96
    vertex -47.40992649203126 -47.33682252381779 96
  endloop
endfacet
facet normal 0 0 -1
  outer loop
    vertex -11.8508105002127 -71.01801384499603 96
    vertex -17.67495507413741 -69.79681914763182 96
    vertex -13.79956215840471 -65.8131297498087 96
  endloop
endfacet
facet normal -0 0 -1
  outer loop
    vertex 5.945712874008058 -71.75408349648022 96
    vertex 1.146719438155364e-13 -72 96
    vertex 2.946744282227427 -66.93556841363217 96
  endloop
endfacet
facet normal 0 0 -1
  outer loop
    vertex -60.27598643490203 -39.38026738481477 96
    vertex -57.54056667690296 -34.19000948600797 96
    vertex -54.60770633000907 -38.97837808823869 96
  endloop
endfacet
facet normal 0 0 -1
  outer loop
    vertex -52.97212156846556 48.76427315705326 96
    vertex -47.04429818909534 46.94056368645434 96
    vertex -51.18856781538693 42.95162467382216 96
  endloop
endfacet
facet normal 0 0 -1
  outer loop
    vertex -71.75408349648023 5.94571287400789 96
    vertex -71.01801384499602 11.85081050021282 96
    vertex -66.32391489591363 7.866755870849639 96
  endloop
endfacet
facet normal 0 -0 -1
  outer loop
    vertex -7.552747489925071e-14 72 96
    vertex 2.434945497759738 66.94390881155968 96
    vertex -3.33430058603788 67.18726144558215 96
  endloop
endfacet
facet normal 0 0 -1
  outer loop
    vertex -56.81811667654043 44.22331531365597 96
    vertex -52.97212156846556 48.76427315705326 96
    vertex -51.18856781538693 42.95162467382216 96
  endloop
endfacet
facet normal 0 0 -1
  outer loop
    vertex -5.945712874008003 71.75408349648022 96
    vertex -7.552747489925071e-14 72 96
    vertex -3.33430058603788 67.18726144558215 96
  endloop
endfacet
facet normal 0 0 -1
  outer loop
    vertex -17.67495507413741 -69.79681914763182 96
    vertex -19.08742778182597 -64.1604309065377 96
    vertex -13.79956215840471 -65.8131297498087 96
  endloop
endfacet
facet normal 0 0 -1
  outer loop
    vertex -71.01801384499602 11.85081050021282 96
    vertex -64.55243518832599 14.03733587788073 96
    vertex -66.32391489591363 7.866755870849639 96
  endloop
endfacet
facet normal 0 0 -1
  outer loop
    vertex 23.37836178273714 68.09884140244571 96
    vertex 28.92207057501373 65.93567951916417 96
    vertex 24.20382043413444 61.67595375593346 96
  endloop
endfacet
facet normal 0 0 -1
  outer loop
    vertex -60.31679987988543 -14.799321723122 96
    vertex -55.25150029716858 -16.67147095261767 96
    vertex -59.16634386062508 -20.54783386039411 96
  endloop
endfacet
facet normal -0 0 -1
  outer loop
    vertex 51.41046859149856 -44.01828362169651 96
    vertex 45.94175057338248 -44.68513066066713 96
    vertex 49.47737287537451 -39.95757301715962 96
  endloop
endfacet
facet normal 0 0 -1
  outer loop
    vertex 36.51053914588817 -51.80149306360904 96
    vertex 35.67426039872107 -45.68445549559597 96
    vertex 40.39508919588101 -47.06937250398313 96
  endloop
endfacet
facet normal 0 -0 -1
  outer loop
    vertex 40.41736032667984 -42.09797567907903 96
    vertex 45.94175057338248 -44.68513066066713 96
    vertex 40.39508919588101 -47.06937250398313 96
  endloop
endfacet
facet normal 0 -0 -1
  outer loop
    vertex -15.27553224411545 -56.874765267958 96
    vertex -10.16267279957215 -60.41515298867598 96
    vertex -15.59218096114566 -61.44678927165532 96
  endloop
endfacet
facet normal 0 -0 -1
  outer loop
    vertex 28.92207057501373 65.93567951916417 96
    vertex 29.40821662390927 59.8534458419161 96
    vertex 24.20382043413444 61.67595375593346 96
  endloop
endfacet
facet normal -0 0 -1
  outer loop
    vertex -60.31679987988543 -14.799321723122 96
    vertex -64.41314579594435 -19.07340205079019 96
    vertex -65.52899689148896 -13.33298592041077 96
  endloop
endfacet
facet normal -0 0 -1
  outer loop
    vertex 56.81811667654048 -44.2233153136559 96
    vertex 52.97212156846562 -48.7642731570532 96
    vertex 51.41046859149856 -44.01828362169651 96
  endloop
endfacet
facet normal 0 0 -1
  outer loop
    vertex 53.61426500774394 30.84444326370933 96
    vertex 52.38096182766023 36.63621418979702 96
    vertex 57.55944259285685 34.9757595418446 96
  endloop
endfacet
facet normal 0 0 -1
  outer loop
    vertex 3.990029768866241 58.42824546184825 96
    vertex -0.8262941437891808 61.54382112531114 96
    vertex 4.524122528575612 62.74839912173156 96
  endloop
endfacet
facet normal -0 0 -1
  outer loop
    vertex -45.20056391671014 35.25063110955519 96
    vertex -49.49615151253872 31.81767092725092 96
    vertex -49.69697626900234 37.63239866736338 96
  endloop
endfacet
facet normal 0 -0 -1
  outer loop
    vertex 60.27598643490203 39.38026738481477 96
    vertex 63.3221100868672 34.26821229866933 96
    vertex 57.55944259285685 34.9757595418446 96
  endloop
endfacet
facet normal 0 0 -1
  outer loop
    vertex -64.55243518832599 14.03733587788073 96
    vertex -69.79681914763182 17.67495507413741 96
    vertex -64.91881383394065 19.69839562792689 96
  endloop
endfacet
facet normal 0 0 -1
  outer loop
    vertex -20.31358824414294 -54.50871897923231 96
    vertex -15.27553224411545 -56.874765267958 96
    vertex -20.19517103938942 -59.54056108474526 96
  endloop
endfacet
facet normal 0 -0 -1
  outer loop
    vertex 54.47633342493774 -38.47657912170175 96
    vertex 56.81811667654048 -44.2233153136559 96
    vertex 51.41046859149856 -44.01828362169651 96
  endloop
endfacet
facet normal 0 0 -1
  outer loop
    vertex -66.46519488299829 -7.743625564006251 96
    vertex -71.75408349648023 -5.945712874007936 96
    vertex -67.90578892266427 -2.760373577744536 96
  endloop
endfacet
facet normal 0 0 -1
  outer loop
    vertex -72 0 96
    vertex -66.88717711809586 2.2861333970327 96
    vertex -67.90578892266427 -2.760373577744536 96
  endloop
endfacet
facet normal -0 0 -1
  outer loop
    vertex -49.49615151253872 31.81767092725092 96
    vertex -54.62745988981749 29.057490789156 96
    vertex -53.29481452560854 34.34417032838662 96
  endloop
endfacet
facet normal 0 0 -1
  outer loop
    vertex -71.01801384499602 -11.85081050021283 96
    vertex -66.46519488299829 -7.743625564006251 96
    vertex -65.52899689148896 -13.33298592041077 96
  endloop
endfacet
facet normal -0 0 -1
  outer loop
    vertex 47.48280313051161 47.79986693953069 96
    vertex 41.58730306986189 47.30375467601104 96
    vertex 44.21635162883137 51.78313795818377 96
  endloop
endfacet
facet normal 0 0 -1
  outer loop
    vertex -44.22331531365619 56.81811667654026 96
    vertex -39.3802673848148 60.27598643490202 96
    vertex -38.13557284458399 54.23847208402308 96
  endloop
endfacet
facet normal -0 0 -1
  outer loop
    vertex 63.3221100868672 34.26821229866933 96
    vertex 59.84075398933193 28.79746671667224 96
    vertex 57.55944259285685 34.9757595418446 96
  endloop
endfacet
facet normal -0 0 -1
  outer loop
    vertex 13.3076487712834 65.36819625460257 96
    vertex 8.972737890698816 61.52671241447449 96
    vertex 7.839329677089696 66.55988565730742 96
  endloop
endfacet
facet normal 0 0 -1
  outer loop
    vertex -69.79681914763182 17.67495507413741 96
    vertex -68.09884140244576 23.37836178273704 96
    vertex -64.91881383394065 19.69839562792689 96
  endloop
endfacet
facet normal 0 0 -1
  outer loop
    vertex 2.434945497759738 66.94390881155968 96
    vertex 5.945712874007852 71.75408349648023 96
    vertex 7.839329677089696 66.55988565730742 96
  endloop
endfacet
facet normal 0 -0 -1
  outer loop
    vertex 11.85081050021277 71.01801384499602 96
    vertex 13.3076487712834 65.36819625460257 96
    vertex 7.839329677089696 66.55988565730742 96
  endloop
endfacet
facet normal 0 -0 -1
  outer loop
    vertex -56.54819254694904 -4.862811844245725 96
    vertex -55.87837017506089 -10.77223880107031 96
    vertex -61.16400779747799 -8.855800610195805 96
  endloop
endfacet
facet normal 0 0 -1
  outer loop
    vertex 10.88466677812572 -57.18949928201371 96
    vertex 15.91556836095412 -53.99143805041381 96
    vertex 15.74667071085431 -59.69879765650897 96
  endloop
endfacet
facet normal 0 0 -1
  outer loop
    vertex 57.22303447386494 -4.735519231053972 96
    vertex 56.6089158404354 1.191187812330448 96
    vertex 61.9332752853122 -1.104631305827764 96
  endloop
endfacet
facet normal 0 0 -1
  outer loop
    vertex -10.16267279957215 -60.41515298867598 96
    vertex -4.613851111586017 -56.09406114651589 96
    vertex -4.170082436385417 -61.76556637324828 96
  endloop
endfacet
facet normal 0 0 -1
  outer loop
    vertex 39.02406347307398 54.0218299303712 96
    vertex 44.22331531365604 56.81811667654037 96
    vertex 44.21635162883137 51.78313795818377 96
  endloop
endfacet
facet normal 0 0 -1
  outer loop
    vertex -71.75408349648023 -5.945712874007936 96
    vertex -72 0 96
    vertex -67.90578892266427 -2.760373577744536 96
  endloop
endfacet
facet normal -0 0 -1
  outer loop
    vertex -29.69270334443004 -60.49450103457808 96
    vertex -34.26821229866923 -63.32211008686726 96
    vertex -34.80777104960726 -58.20300656572834 96
  endloop
endfacet
facet normal -0 0 -1
  outer loop
    vertex -10.99973426187211 53.7389176951102 96
    vertex -15.81288469340033 50.19196731987865 96
    vertex -16.68127323386594 55.71696919728195 96
  endloop
endfacet
facet normal 0 0 -1
  outer loop
    vertex 64.2939106648697 -18.86231027553766 96
    vertex 63.11479940279754 -12.62790918380997 96
    vertex 67.38478009269117 -14.10806195320756 96
  endloop
endfacet
facet normal 0 0 -1
  outer loop
    vertex 67.12639052272223 -3.337647145756794 96
    vertex 71.75408349648023 -5.945712874007897 96
    vertex 67.25642224776846 -8.922618127018129 96
  endloop
endfacet
facet normal 0 0 -1
  outer loop
    vertex -13.36375793388896 65.37984035179284 96
    vertex -17.5545753368438 60.82238350529843 96
    vertex -19.43623685804782 65.28516878410124 96
  endloop
endfacet
facet normal 0 0 -1
  outer loop
    vertex -24.27686303545556 62.21626781551023 96
    vertex -23.3783617827373 68.09884140244567 96
    vertex -19.43623685804782 65.28516878410124 96
  endloop
endfacet
facet normal 0 -0 -1
  outer loop
    vertex -17.67495507413761 69.79681914763177 96
    vertex -13.36375793388896 65.37984035179284 96
    vertex -19.43623685804782 65.28516878410124 96
  endloop
endfacet
facet normal 0 -0 -1
  outer loop
    vertex 64.2939106648697 -18.86231027553766 96
    vertex 68.09884140244574 -23.37836178273705 96
    vertex 63.45766051478035 -24.76125596983642 96
  endloop
endfacet
facet normal -0 0 -1
  outer loop
    vertex 65.93567951916422 -28.9220705750136 96
    vertex 59.96528057088091 -29.03123640463274 96
    vertex 63.45766051478035 -24.76125596983642 96
  endloop
endfacet
facet normal 0 -0 -1
  outer loop
    vertex 43.43153553473348 -51.07780762096446 96
    vertex 44.22331531365623 -56.81811667654023 96
    vertex 39.69128181216345 -55.71224091672235 96
  endloop
endfacet
facet normal -0 0 -1
  outer loop
    vertex -8.126885942473017 -66.23697839435289 96
    vertex -11.8508105002127 -71.01801384499603 96
    vertex -13.79956215840471 -65.8131297498087 96
  endloop
endfacet
facet normal 0 0 -1
  outer loop
    vertex 62.41407245642461 -6.839213547822704 96
    vertex 67.12639052272223 -3.337647145756794 96
    vertex 67.25642224776846 -8.922618127018129 96
  endloop
endfacet
facet normal 0 0 -1
  outer loop
    vertex 60.27598643490219 -39.38026738481452 96
    vertex 54.47633342493774 -38.47657912170175 96
    vertex 58.56484946063655 -34.80945976696843 96
  endloop
endfacet
facet normal 0 -0 -1
  outer loop
    vertex 59.96528057088091 -29.03123640463274 96
    vertex 63.32211008686734 -34.26821229866906 96
    vertex 58.56484946063655 -34.80945976696843 96
  endloop
endfacet
facet normal 0 0 -1
  outer loop
    vertex 34.26821229866948 -63.32211008686711 96
    vertex 30.01548281406622 -60.46648837810086 96
    vertex 34.97805547550488 -58.28829253987779 96
  endloop
endfacet
facet normal 0 0 -1
  outer loop
    vertex -13.36375793388896 65.37984035179284 96
    vertex -11.85081050021293 71.01801384499601 96
    vertex -8.442469354652385 67.72946778194139 96
  endloop
endfacet
facet normal 0 0 -1
  outer loop
    vertex -51.18856781538693 42.95162467382216 96
    vertex -45.84174102311314 41.12428648668248 96
    vertex -49.69697626900234 37.63239866736338 96
  endloop
endfacet
facet normal 0 0 -1
  outer loop
    vertex -69.79681914763179 -17.67495507413755 96
    vertex -71.01801384499602 -11.85081050021283 96
    vertex -65.52899689148896 -13.33298592041077 96
  endloop
endfacet
facet normal 0 0 -1
  outer loop
    vertex 59.11855845240134 -22.53141650362326 96
    vertex 64.2939106648697 -18.86231027553766 96
    vertex 63.45766051478035 -24.76125596983642 96
  endloop
endfacet
facet normal 0 0 -1
  outer loop
    vertex -54.86662454949255 38.95937442150748 96
    vertex -51.18856781538693 42.95162467382216 96
    vertex -49.69697626900234 37.63239866736338 96
  endloop
endfacet
facet normal 0 0 -1
  outer loop
    vertex -39.3802673848148 60.27598643490202 96
    vertex -33.78756663610354 57.5069845224256 96
    vertex -38.13557284458399 54.23847208402308 96
  endloop
endfacet
facet normal 0 0 -1
  outer loop
    vertex 63.11479940279754 -12.62790918380997 96
    vertex 67.25642224776846 -8.922618127018129 96
    vertex 67.38478009269117 -14.10806195320756 96
  endloop
endfacet
facet normal 0 0 -1
  outer loop
    vertex -39.38026738481468 -60.27598643490209 96
    vertex -44.22331531365604 -56.81811667654037 96
    vertex -39.65642420772971 -54.57151377161485 96
  endloop
endfacet
facet normal -0 0 -1
  outer loop
    vertex 69.79681914763182 -17.67495507413742 96
    vertex 64.2939106648697 -18.86231027553766 96
    vertex 67.38478009269117 -14.10806195320756 96
  endloop
endfacet
facet normal 0 0 -1
  outer loop
    vertex 48.7642731570535 -52.97212156846534 96
    vertex 43.43153553473348 -51.07780762096446 96
    vertex 48.52631676659126 -48.52631676659097 96
  endloop
endfacet
facet normal 0 0 -1
  outer loop
    vertex 51.40683437006826 42.73911606335635 96
    vertex 56.81811667654031 44.22331531365612 96
    vertex 55.86158543933475 39.84022461285912 96
  endloop
endfacet
facet normal -0 0 -1
  outer loop
    vertex 68.09884140244569 23.37836178273724 96
    vertex 64.52358724685917 19.94899041915299 96
    vertex 63.70871423537284 24.7742875485898 96
  endloop
endfacet
facet normal 0 0 -1
  outer loop
    vertex 59.84075398933193 28.79746671667224 96
    vertex 65.93567951916413 28.92207057501383 96
    vertex 63.70871423537284 24.7742875485898 96
  endloop
endfacet
facet normal 0 0 -1
  outer loop
    vertex 64.52358724685917 19.94899041915299 96
    vertex 59.50290000525172 22.40425382104138 96
    vertex 63.70871423537284 24.7742875485898 96
  endloop
endfacet
facet normal 0 0 -1
  outer loop
    vertex 59.50290000525172 22.40425382104138 96
    vertex 59.84075398933193 28.79746671667224 96
    vertex 63.70871423537284 24.7742875485898 96
  endloop
endfacet
facet normal 0 -0 -1
  outer loop
    vertex 10.88466677812572 -57.18949928201371 96
    vertex 15.74667071085431 -59.69879765650897 96
    vertex 10.81750208552127 -62.14578387610675 96
  endloop
endfacet
facet normal 0 0 -1
  outer loop
    vertex -68.09884140244576 23.37836178273704 96
    vertex -62.71553669268022 24.19028862081645 96
    vertex -64.91881383394065 19.69839562792689 96
  endloop
endfacet
facet normal 0 0 -1
  outer loop
    vertex 55.274456247352 13.05311447523372 96
    vertex 54.78149313192527 19.13455719251409 96
    vertex 60.01677542447317 16.54915972430569 96
  endloop
endfacet
facet normal -0 0 -1
  outer loop
    vertex -54.3374963887775 -28.9001026506283 96
    vertex -60.41167324297838 -29.53346744309632 96
    vertex -58.05550133947096 -25.55324747627728 96
  endloop
endfacet
facet normal 0 -0 -1
  outer loop
    vertex -55.25150029716858 -16.67147095261767 96
    vertex -54.33303344149653 -22.52106727003137 96
    vertex -59.16634386062508 -20.54783386039411 96
  endloop
endfacet
facet normal 0 0 -1
  outer loop
    vertex 5.945712874007852 71.75408349648023 96
    vertex 11.85081050021277 71.01801384499602 96
    vertex 7.839329677089696 66.55988565730742 96
  endloop
endfacet
facet normal 0 0 -1
  outer loop
    vertex -64.41314579594435 -19.07340205079019 96
    vertex -69.79681914763179 -17.67495507413755 96
    vertex -65.52899689148896 -13.33298592041077 96
  endloop
endfacet
facet normal 0 0 -1
  outer loop
    vertex 54.65544599888203 -32.05007163110233 96
    vertex 59.96528057088091 -29.03123640463274 96
    vertex 58.56484946063655 -34.80945976696843 96
  endloop
endfacet
facet normal 0 0 -1
  outer loop
    vertex -20.19517103938942 -59.54056108474526 96
    vertex -15.27553224411545 -56.874765267958 96
    vertex -15.59218096114566 -61.44678927165532 96
  endloop
endfacet
facet normal 0 0 -1
  outer loop
    vertex -25.72084238587139 -52.11242264853088 96
    vertex -20.31358824414294 -54.50871897923231 96
    vertex -25.27965116261896 -57.41044138880196 96
  endloop
endfacet
facet normal 0 0 -1
  outer loop
    vertex -34.95908996624219 -53.28227837316336 96
    vertex -31.22013936958149 -49.83684866355895 96
    vertex -30.2788161890842 -55.25653631238445 96
  endloop
endfacet
facet normal -0 0 -1
  outer loop
    vertex -41.97823460055479 -45.16746864900865 96
    vertex -47.40992649203126 -47.33682252381779 96
    vertex -46.13204876866849 -42.64875146946154 96
  endloop
endfacet
facet normal 0 -0 -1
  outer loop
    vertex -57.80796223519746 6.971920393508183 96
    vertex -57.07634731838289 1.065375486565248 96
    vertex -61.98000250379917 4.031409686883197 96
  endloop
endfacet
facet normal 0 0 -1
  outer loop
    vertex 30.01548281406622 -60.46648837810086 96
    vertex 30.70681629554504 -55.0173820549413 96
    vertex 34.97805547550488 -58.28829253987779 96
  endloop
endfacet
facet normal -0 0 -1
  outer loop
    vertex -3.33430058603788 67.18726144558215 96
    vertex -7.226272641537379 63.15228745820055 96
    vertex -8.442469354652385 67.72946778194139 96
  endloop
endfacet
facet normal 0 0 -1
  outer loop
    vertex 48.76427315705332 52.9721215684655 96
    vertex 47.48280313051161 47.79986693953069 96
    vertex 44.21635162883137 51.78313795818377 96
  endloop
endfacet
facet normal 0 -0 -1
  outer loop
    vertex -45.84174102311314 41.12428648668248 96
    vertex -45.20056391671014 35.25063110955519 96
    vertex -49.69697626900234 37.63239866736338 96
  endloop
endfacet
facet normal 0 -0 -1
  outer loop
    vertex 44.22331531365604 56.81811667654037 96
    vertex 48.76427315705332 52.9721215684655 96
    vertex 44.21635162883137 51.78313795818377 96
  endloop
endfacet
facet normal -0 0 -1
  outer loop
    vertex 60.27598643490203 39.38026738481477 96
    vertex 57.55944259285685 34.9757595418446 96
    vertex 55.86158543933475 39.84022461285912 96
  endloop
endfacet
facet normal 0 -0 -1
  outer loop
    vertex -48.50513735226636 -30.93691400103841 96
    vertex -48.34862260290798 -37.54538399066672 96
    vertex -52.48130203780809 -34.25666299660561 96
  endloop
endfacet
facet normal -0 0 -1
  outer loop
    vertex -57.80796223519746 6.971920393508183 96
    vertex -61.98000250379917 4.031409686883197 96
    vertex -62.03010071258901 9.514987937648993 96
  endloop
endfacet
facet normal 0 0 -1
  outer loop
    vertex -21.38682245505852 52.60174961640408 96
    vertex -27.05875240993958 55.92462893911178 96
    vertex -22.04499148418111 57.54651036672729 96
  endloop
endfacet
facet normal 0 -0 -1
  outer loop
    vertex 51.41046859149856 -44.01828362169651 96
    vertex 52.97212156846562 -48.7642731570532 96
    vertex 48.52631676659126 -48.52631676659097 96
  endloop
endfacet
facet normal 0 -0 -1
  outer loop
    vertex -5.945712874008003 71.75408349648022 96
    vertex -3.33430058603788 67.18726144558215 96
    vertex -8.442469354652385 67.72946778194139 96
  endloop
endfacet
facet normal 0 0 -1
  outer loop
    vertex 2.434945497759738 66.94390881155968 96
    vertex 7.839329677089696 66.55988565730742 96
    vertex 4.524122528575612 62.74839912173156 96
  endloop
endfacet
facet normal 0 0 -1
  outer loop
    vertex -34.26821229866923 -63.32211008686726 96
    vertex -39.38026738481468 -60.27598643490209 96
    vertex -34.80777104960726 -58.20300656572834 96
  endloop
endfacet
facet normal 0 0 -1
  outer loop
    vertex 57.55944259285685 34.9757595418446 96
    vertex 52.38096182766023 36.63621418979702 96
    vertex 55.86158543933475 39.84022461285912 96
  endloop
endfacet
facet normal 0 0 -1
  outer loop
    vertex 45.94175057338248 -44.68513066066713 96
    vertex 51.41046859149856 -44.01828362169651 96
    vertex 48.52631676659126 -48.52631676659097 96
  endloop
endfacet
facet normal 0 0 -1
  outer loop
    vertex -24.44383924321343 -62.64419116151755 96
    vertex -29.69270334443004 -60.49450103457808 96
    vertex -25.27965116261896 -57.41044138880196 96
  endloop
endfacet
facet normal 0 0 -1
  outer loop
    vertex -59.16634386062508 -20.54783386039411 96
    vertex -54.33303344149653 -22.52106727003137 96
    vertex -58.05550133947096 -25.55324747627728 96
  endloop
endfacet
facet normal 0 0 -1
  outer loop
    vertex 71.75408349648023 -5.945712874007897 96
    vertex 71.01801384499602 -11.85081050021276 96
    vertex 67.25642224776846 -8.922618127018129 96
  endloop
endfacet
facet normal 0 -0 -1
  outer loop
    vertex -58.53875944703631 12.8785522812092 96
    vertex -57.80796223519746 6.971920393508183 96
    vertex -62.03010071258901 9.514987937648993 96
  endloop
endfacet
facet normal 0 0 -1
  outer loop
    vertex -23.3783617827373 68.09884140244567 96
    vertex -17.67495507413761 69.79681914763177 96
    vertex -19.43623685804782 65.28516878410124 96
  endloop
endfacet
facet normal 0 0 -1
  outer loop
    vertex 68.09884140244574 -23.37836178273705 96
    vertex 65.93567951916422 -28.9220705750136 96
    vertex 63.45766051478035 -24.76125596983642 96
  endloop
endfacet
facet normal 0 0 -1
  outer loop
    vertex -4.170082436385417 -61.76556637324828 96
    vertex 0.5905147642353579 -58.24501257301428 96
    vertex 0.4623117361237311 -63.03287911133148 96
  endloop
endfacet
facet normal 0 0 -1
  outer loop
    vertex -62.70568897018712 -24.46185217816473 96
    vertex -59.16634386062508 -20.54783386039411 96
    vertex -58.05550133947096 -25.55324747627728 96
  endloop
endfacet
facet normal -0 0 -1
  outer loop
    vertex 44.22331531365623 -56.81811667654023 96
    vertex 39.38026738481487 -60.27598643490197 96
    vertex 39.69128181216345 -55.71224091672235 96
  endloop
endfacet
facet normal 0 -0 -1
  outer loop
    vertex -42.40462815488428 -39.25778459665695 96
    vertex -41.97823460055479 -45.16746864900865 96
    vertex -46.13204876866849 -42.64875146946154 96
  endloop
endfacet
facet normal 0 0 -1
  outer loop
    vertex -62.70568897018712 -24.46185217816473 96
    vertex -64.41314579594435 -19.07340205079019 96
    vertex -59.16634386062508 -20.54783386039411 96
  endloop
endfacet
facet normal 0 0 -1
  outer loop
    vertex -54.60770633000907 -38.97837808823869 96
    vertex -57.54056667690296 -34.19000948600797 96
    vertex -52.48130203780809 -34.25666299660561 96
  endloop
endfacet
facet normal 0 -0 -1
  outer loop
    vertex -30.2788161890842 -55.25653631238445 96
    vertex -29.69270334443004 -60.49450103457808 96
    vertex -34.80777104960726 -58.20300656572834 96
  endloop
endfacet
facet normal 0 0 -1
  outer loop
    vertex 63.32211008686734 -34.26821229866906 96
    vertex 60.27598643490219 -39.38026738481452 96
    vertex 58.56484946063655 -34.80945976696843 96
  endloop
endfacet
facet normal -0 0 -1
  outer loop
    vertex 39.38026738481487 -60.27598643490197 96
    vertex 34.26821229866948 -63.32211008686711 96
    vertex 34.97805547550488 -58.28829253987779 96
  endloop
endfacet
facet normal 0 -0 -1
  outer loop
    vertex -49.69697626900234 37.63239866736338 96
    vertex -49.49615151253872 31.81767092725092 96
    vertex -53.29481452560854 34.34417032838662 96
  endloop
endfacet
facet normal 0 0 -1
  outer loop
    vertex -66.32391489591363 7.866755870849639 96
    vertex -64.55243518832599 14.03733587788073 96
    vertex -62.03010071258901 9.514987937648993 96
  endloop
endfacet
facet normal 0 0 -1
  outer loop
    vertex -11.85081050021293 71.01801384499601 96
    vertex -5.945712874008003 71.75408349648022 96
    vertex -8.442469354652385 67.72946778194139 96
  endloop
endfacet
facet normal 0 0 -1
  outer loop
    vertex 35.67426039872107 -45.68445549559597 96
    vertex 40.41736032667984 -42.09797567907903 96
    vertex 40.39508919588101 -47.06937250398313 96
  endloop
endfacet
facet normal 0 0 -1
  outer loop
    vertex 5.638364752276823 -61.36322508176315 96
    vertex 10.88466677812572 -57.18949928201371 96
    vertex 10.81750208552127 -62.14578387610675 96
  endloop
endfacet
facet normal 0 -0 -1
  outer loop
    vertex -54.62745988981749 29.057490789156 96
    vertex -53.97748506945545 22.37659046644365 96
    vertex -58.0496390548251 25.11708718554593 96
  endloop
endfacet
facet normal 0 -0 -1
  outer loop
    vertex 7.839329677089696 66.55988565730742 96
    vertex 8.972737890698816 61.52671241447449 96
    vertex 4.524122528575612 62.74839912173156 96
  endloop
endfacet
facet normal 0 0 -1
  outer loop
    vertex -54.33303344149653 -22.52106727003137 96
    vertex -54.3374963887775 -28.9001026506283 96
    vertex -58.05550133947096 -25.55324747627728 96
  endloop
endfacet
facet normal -0 0 -1
  outer loop
    vertex 30.01548281406622 -60.46648837810086 96
    vertex 24.72581269563614 -62.14076797142872 96
    vertex 26.54565947533202 -57.44339000068328 96
  endloop
endfacet
facet normal 0 0 -1
  outer loop
    vertex 47.30337572127308 38.78655343094119 96
    vertex 41.93788713626276 41.16401012654222 96
    vertex 46.15591692007249 43.3311539304242 96
  endloop
endfacet
facet normal 0 0 -1
  outer loop
    vertex -44.22331531365604 -56.81811667654037 96
    vertex -43.23572296475245 -50.77038451010603 96
    vertex -39.65642420772971 -54.57151377161485 96
  endloop
endfacet
facet normal 0 0 -1
  outer loop
    vertex -47.40992649203126 -47.33682252381779 96
    vertex -51.04361919201602 -43.18894756442207 96
    vertex -46.13204876866849 -42.64875146946154 96
  endloop
endfacet
facet normal 0 0 -1
  outer loop
    vertex 21.23447371691488 -56.98771024651062 96
    vertex 26.04571185449782 -52.60460135243488 96
    vertex 26.54565947533202 -57.44339000068328 96
  endloop
endfacet
facet normal -0 0 -1
  outer loop
    vertex 52.97212156846562 -48.7642731570532 96
    vertex 48.7642731570535 -52.97212156846534 96
    vertex 48.52631676659126 -48.52631676659097 96
  endloop
endfacet
facet normal 0 0 -1
  outer loop
    vertex 8.471606305148807 -66.41607068159962 96
    vertex 5.638364752276823 -61.36322508176315 96
    vertex 10.81750208552127 -62.14578387610675 96
  endloop
endfacet
facet normal 0 -0 -1
  outer loop
    vertex 56.81811667654031 44.22331531365612 96
    vertex 60.27598643490203 39.38026738481477 96
    vertex 55.86158543933475 39.84022461285912 96
  endloop
endfacet
facet normal 0 0 -1
  outer loop
    vertex 45.20752800110301 -38.53117131513029 96
    vertex 49.84918445855222 -35.12367297990137 96
    vertex 49.47737287537451 -39.95757301715962 96
  endloop
endfacet
facet normal 0 -0 -1
  outer loop
    vertex 65.93567951916413 28.92207057501383 96
    vertex 68.09884140244569 23.37836178273724 96
    vertex 63.70871423537284 24.7742875485898 96
  endloop
endfacet
facet normal -0 0 -1
  outer loop
    vertex 8.972737890698816 61.52671241447449 96
    vertex 3.990029768866241 58.42824546184825 96
    vertex 4.524122528575612 62.74839912173156 96
  endloop
endfacet
facet normal 0 0 -1
  outer loop
    vertex 35.62527436653302 49.64034041907451 96
    vertex 30.79954308211494 52.76969859000001 96
    vertex 34.99509389953801 53.46623699108811 96
  endloop
endfacet
facet normal 0 0 -1
  outer loop
    vertex 71.01801384499602 -11.85081050021276 96
    vertex 69.79681914763182 -17.67495507413742 96
    vertex 67.38478009269117 -14.10806195320756 96
  endloop
endfacet
facet normal 0 0 -1
  outer loop
    vertex -19.08742778182597 -64.1604309065377 96
    vertex -24.44383924321343 -62.64419116151755 96
    vertex -20.19517103938942 -59.54056108474526 96
  endloop
endfacet
facet normal 0 0 -1
  outer loop
    vertex 39.69128181216345 -55.71224091672235 96
    vertex 39.38026738481487 -60.27598643490197 96
    vertex 34.97805547550488 -58.28829253987779 96
  endloop
endfacet
facet normal 0 0 -1
  outer loop
    vertex 67.25642224776846 -8.922618127018129 96
    vertex 71.01801384499602 -11.85081050021276 96
    vertex 67.38478009269117 -14.10806195320756 96
  endloop
endfacet
facet normal -0 0 -1
  outer loop
    vertex 14.00035378490207 -65.47674032020488 96
    vertex 8.471606305148807 -66.41607068159962 96
    vertex 10.81750208552127 -62.14578387610675 96
  endloop
endfacet
facet normal -0 0 -1
  outer loop
    vertex 51.40683437006826 42.73911606335635 96
    vertex 47.30337572127308 38.78655343094119 96
    vertex 46.15591692007249 43.3311539304242 96
  endloop
endfacet
facet normal 0 0 -1
  outer loop
    vertex -60.19137898708904 29.28471961508196 96
    vertex -54.62745988981749 29.057490789156 96
    vertex -58.0496390548251 25.11708718554593 96
  endloop
endfacet
facet normal 0 0 -1
  outer loop
    vertex 2.946744282227427 -66.93556841363217 96
    vertex -2.693982681735537 -66.85502311499958 96
    vertex 0.4623117361237311 -63.03287911133148 96
  endloop
endfacet
facet normal 0 0 -1
  outer loop
    vertex -34.95908996624219 -53.28227837316336 96
    vertex -30.2788161890842 -55.25653631238445 96
    vertex -34.80777104960726 -58.20300656572834 96
  endloop
endfacet
facet normal 0 0 -1
  outer loop
    vertex -62.71553669268022 24.19028862081645 96
    vertex -60.19137898708904 29.28471961508196 96
    vertex -58.0496390548251 25.11708718554593 96
  endloop
endfacet
facet normal 0 0 -1
  outer loop
    vertex -2.693982681735537 -66.85502311499958 96
    vertex -4.170082436385417 -61.76556637324828 96
    vertex 0.4623117361237311 -63.03287911133148 96
  endloop
endfacet
facet normal 0 -0 -1
  outer loop
    vertex 49.84918445855222 -35.12367297990137 96
    vertex 54.47633342493774 -38.47657912170175 96
    vertex 49.47737287537451 -39.95757301715962 96
  endloop
endfacet
facet normal 0 -0 -1
  outer loop
    vertex 47.48280313051161 47.79986693953069 96
    vertex 51.40683437006826 42.73911606335635 96
    vertex 46.15591692007249 43.3311539304242 96
  endloop
endfacet
facet normal 0 0 -1
  outer loop
    vertex -19.08742778182597 -64.1604309065377 96
    vertex -20.19517103938942 -59.54056108474526 96
    vertex -15.59218096114566 -61.44678927165532 96
  endloop
endfacet
facet normal 0 0 -1
  outer loop
    vertex -24.44383924321343 -62.64419116151755 96
    vertex -25.27965116261896 -57.41044138880196 96
    vertex -20.19517103938942 -59.54056108474526 96
  endloop
endfacet
facet normal 0 0 -1
  outer loop
    vertex -60.41167324297838 -29.53346744309632 96
    vertex -62.70568897018712 -24.46185217816473 96
    vertex -58.05550133947096 -25.55324747627728 96
  endloop
endfacet
facet normal 0 0 -1
  outer loop
    vertex 39.02406347307398 54.0218299303712 96
    vertex 35.62527436653302 49.64034041907451 96
    vertex 34.99509389953801 53.46623699108811 96
  endloop
endfacet
facet normal 0 0 -1
  outer loop
    vertex -13.79956215840471 -65.8131297498087 96
    vertex -19.08742778182597 -64.1604309065377 96
    vertex -15.59218096114566 -61.44678927165532 96
  endloop
endfacet
facet normal 0 0 -1
  outer loop
    vertex 54.47633342493774 -38.47657912170175 96
    vertex 51.41046859149856 -44.01828362169651 96
    vertex 49.47737287537451 -39.95757301715962 96
  endloop
endfacet
facet normal 0 0 -1
  outer loop
    vertex -57.78686040719163 34.25391683665535 96
    vertex -54.86662454949255 38.95937442150748 96
    vertex -53.29481452560854 34.34417032838662 96
  endloop
endfacet
facet normal 0 0 -1
  outer loop
    vertex 34.53149467643009 57.43307902490675 96
    vertex 39.02406347307398 54.0218299303712 96
    vertex 34.99509389953801 53.46623699108811 96
  endloop
endfacet
facet normal 0 0 -1
  outer loop
    vertex -25.27965116261896 -57.41044138880196 96
    vertex -20.31358824414294 -54.50871897923231 96
    vertex -20.19517103938942 -59.54056108474526 96
  endloop
endfacet
facet normal 0 0 -1
  outer loop
    vertex -54.86662454949255 38.95937442150748 96
    vertex -49.69697626900234 37.63239866736338 96
    vertex -53.29481452560854 34.34417032838662 96
  endloop
endfacet
endsolid Created by Gmsh
