# Tetrahedral mesh generated using

# 1977 vertices
v                  12.5                       3.8                      56.5      1
v                  12.5                       3.8                      31.5      2
v                 -12.5                       3.8                      56.5      3
v                 -12.5                       3.8                      31.5      4
v                    15                       3.8                        59      5
v                    15                       3.8                        29      6
v                   -15                       3.8                        29      7
v                   -15                       3.8                        59      8
v                    13                         0                        31      9
v                    13                         0                        57      10
v                   -13                         0                        57      11
v                   -13                         0                        31      12
v                  12.5                       4.6                      31.5      13
v                  12.5                       4.6                      56.5      14
v                 -12.5                       4.6                      31.5      15
v                 -12.5                       4.6                      56.5      16
v                  12.5                       3.8           55.111111111111      1
v                  12.5                       3.8           53.722222222222      1
v                  12.5                       3.8           52.333333333333      1
v                  12.5                       3.8           50.944444444444      1
v                  12.5                       3.8           49.555555555556      1
v                  12.5                       3.8           48.166666666667      1
v                  12.5                       3.8           46.777777777778      1
v                  12.5                       3.8           45.388888888889      1
v                  12.5                       3.8                        44      1
v                  12.5                       3.8           42.611111111111      1
v                  12.5                       3.8           41.222222222222      1
v                  12.5                       3.8           39.833333333333      1
v                  12.5                       3.8           38.444444444444      1
v                  12.5                       3.8           37.055555555556      1
v                  12.5                       3.8           35.666666666667      1
v                  12.5                       3.8           34.277777777778      1
v                  12.5                       3.8           32.888888888889      1
v      -11.111111111111                       3.8                      56.5      2
v      -9.7222222222222                       3.8                      56.5      2
v      -8.3333333333333                       3.8                      56.5      2
v      -6.9444444444444                       3.8                      56.5      2
v      -5.5555555555556                       3.8                      56.5      2
v      -4.1666666666667                       3.8                      56.5      2
v      -2.7777777777778                       3.8                      56.5      2
v      -1.3888888888889                       3.8                      56.5      2
v                     0                       3.8                      56.5      2
v       1.3888888888889                       3.8                      56.5      2
v       2.7777777777778                       3.8                      56.5      2
v       4.1666666666667                       3.8                      56.5      2
v       5.5555555555556                       3.8                      56.5      2
v       6.9444444444445                       3.8                      56.5      2
v       8.3333333333334                       3.8                      56.5      2
v       9.7222222222223                       3.8                      56.5      2
v       11.111111111111                       3.8                      56.5      2
v                 -12.5                       3.8           32.888888888889      3
v                 -12.5                       3.8           34.277777777778      3
v                 -12.5                       3.8           35.666666666667      3
v                 -12.5                       3.8           37.055555555556      3
v                 -12.5                       3.8           38.444444444444      3
v                 -12.5                       3.8           39.833333333333      3
v                 -12.5                       3.8           41.222222222222      3
v                 -12.5                       3.8           42.611111111111      3
v                 -12.5                       3.8                        44      3
v                 -12.5                       3.8           45.388888888889      3
v                 -12.5                       3.8           46.777777777778      3
v                 -12.5                       3.8           48.166666666667      3
v                 -12.5                       3.8           49.555555555556      3
v                 -12.5                       3.8           50.944444444444      3
v                 -12.5                       3.8           52.333333333333      3
v                 -12.5                       3.8           53.722222222222      3
v                 -12.5                       3.8           55.111111111111      3
v       11.111111111111                       3.8                      31.5      4
v       9.7222222222222                       3.8                      31.5      4
v       8.3333333333333                       3.8                      31.5      4
v       6.9444444444445                       3.8                      31.5      4
v       5.5555555555556                       3.8                      31.5      4
v       4.1666666666667                       3.8                      31.5      4
v       2.7777777777778                       3.8                      31.5      4
v       1.3888888888889                       3.8                      31.5      4
v   1.7763568394003E-14                       3.8                      31.5      4
v      -1.3888888888889                       3.8                      31.5      4
v      -2.7777777777778                       3.8                      31.5      4
v      -4.1666666666667                       3.8                      31.5      4
v      -5.5555555555556                       3.8                      31.5      4
v      -6.9444444444444                       3.8                      31.5      4
v      -8.3333333333333                       3.8                      31.5      4
v      -9.7222222222222                       3.8                      31.5      4
v      -11.111111111111                       3.8                      31.5      4
v                    15                       3.8           57.636363636364      5
v                    15                       3.8           56.272727272727      5
v                    15                       3.8           54.909090909091      5
v                    15                       3.8           53.545454545455      5
v                    15                       3.8           52.181818181818      5
v                    15                       3.8           50.818181818182      5
v                    15                       3.8           49.454545454545      5
v                    15                       3.8           48.090909090909      5
v                    15                       3.8           46.727272727273      5
v                    15                       3.8           45.363636363636      5
v                    15                       3.8                        44      5
v                    15                       3.8           42.636363636364      5
v                    15                       3.8           41.272727272727      5
v                    15                       3.8           39.909090909091      5
v                    15                       3.8           38.545454545455      5
v                    15                       3.8           37.181818181818      5
v                    15                       3.8           35.818181818182      5
v                    15                       3.8           34.454545454545      5
v                    15                       3.8           33.090909090909      5
v                    15                       3.8           31.727272727273      5
v                    15                       3.8           30.363636363636      5
v       13.636363636364                       3.8                        29      6
v       12.272727272727                       3.8                        29      6
v       10.909090909091                       3.8                        29      6
v       9.5454545454546                       3.8                        29      6
v       8.1818181818182                       3.8                        29      6
v       6.8181818181818                       3.8                        29      6
v       5.4545454545455                       3.8                        29      6
v       4.0909090909091                       3.8                        29      6
v       2.7272727272728                       3.8                        29      6
v       1.3636363636364                       3.8                        29      6
v   4.2188474935756E-14                       3.8                        29      6
v      -1.3636363636363                       3.8                        29      6
v      -2.7272727272727                       3.8                        29      6
v       -4.090909090909                       3.8                        29      6
v      -5.4545454545454                       3.8                        29      6
v      -6.8181818181818                       3.8                        29      6
v      -8.1818181818181                       3.8                        29      6
v      -9.5454545454545                       3.8                        29      6
v      -10.909090909091                       3.8                        29      6
v      -12.272727272727                       3.8                        29      6
v      -13.636363636364                       3.8                        29      6
v                   -15                       3.8           30.363636363636      7
v                   -15                       3.8           31.727272727273      7
v                   -15                       3.8           33.090909090909      7
v                   -15                       3.8           34.454545454545      7
v                   -15                       3.8           35.818181818182      7
v                   -15                       3.8           37.181818181818      7
v                   -15                       3.8           38.545454545455      7
v                   -15                       3.8           39.909090909091      7
v                   -15                       3.8           41.272727272727      7
v                   -15                       3.8           42.636363636364      7
v                   -15                       3.8                        44      7
v                   -15                       3.8           45.363636363636      7
v                   -15                       3.8           46.727272727273      7
v                   -15                       3.8           48.090909090909      7
v                   -15                       3.8           49.454545454545      7
v                   -15                       3.8           50.818181818182      7
v                   -15                       3.8           52.181818181818      7
v                   -15                       3.8           53.545454545455      7
v                   -15                       3.8           54.909090909091      7
v                   -15                       3.8           56.272727272727      7
v                   -15                       3.8           57.636363636364      7
v      -13.636363636364                       3.8                        59      8
v      -12.272727272727                       3.8                        59      8
v      -10.909090909091                       3.8                        59      8
v      -9.5454545454545                       3.8                        59      8
v      -8.1818181818182                       3.8                        59      8
v      -6.8181818181818                       3.8                        59      8
v      -5.4545454545455                       3.8                        59      8
v      -4.0909090909091                       3.8                        59      8
v      -2.7272727272727                       3.8                        59      8
v      -1.3636363636364                       3.8                        59      8
v  -2.0872192862953E-14                       3.8                        59      8
v       1.3636363636363                       3.8                        59      8
v       2.7272727272727                       3.8                        59      8
v       4.0909090909091                       3.8                        59      8
v       5.4545454545454                       3.8                        59      8
v       6.8181818181818                       3.8                        59      8
v       8.1818181818181                       3.8                        59      8
v       9.5454545454545                       3.8                        59      8
v       10.909090909091                       3.8                        59      8
v       12.272727272727                       3.8                        59      8
v       13.636363636364                       3.8                        59      8
v                    13                         0           32.368421052632      9
v                    13                         0           33.736842105263      9
v                    13                         0           35.105263157895      9
v                    13                         0           36.473684210526      9
v                    13                         0           37.842105263158      9
v                    13                         0           39.210526315789      9
v                    13                         0           40.578947368421      9
v                    13                         0           41.947368421052      9
v                    13                         0           43.315789473684      9
v                    13                         0           44.684210526316      9
v                    13                         0           46.052631578947      9
v                    13                         0           47.421052631579      9
v                    13                         0            48.78947368421      9
v                    13                         0           50.157894736842      9
v                    13                         0           51.526315789473      9
v                    13                         0           52.894736842105      9
v                    13                         0           54.263157894737      9
v                    13                         0           55.631578947368      9
v       11.631578947368                         0                        57      10
v       10.263157894737                         0                        57      10
v       8.8947368421053                         0                        57      10
v       7.5263157894737                         0                        57      10
v       6.1578947368421                         0                        57      10
v       4.7894736842105                         0                        57      10
v        3.421052631579                         0                        57      10
v       2.0526315789474                         0                        57      10
v      0.68421052631581                         0                        57      10
v     -0.68421052631577                         0                        57      10
v      -2.0526315789474                         0                        57      10
v      -3.4210526315789                         0                        57      10
v      -4.7894736842105                         0                        57      10
v      -6.1578947368421                         0                        57      10
v      -7.5263157894737                         0                        57      10
v      -8.8947368421053                         0                        57      10
v      -10.263157894737                         0                        57      10
v      -11.631578947368                         0                        57      10
v                   -13                         0           55.631578947368      11
v                   -13                         0           54.263157894737      11
v                   -13                         0           52.894736842105      11
v                   -13                         0           51.526315789473      11
v                   -13                         0           50.157894736842      11
v                   -13                         0            48.78947368421      11
v                   -13                         0           47.421052631579      11
v                   -13                         0           46.052631578947      11
v                   -13                         0           44.684210526316      11
v                   -13                         0           43.315789473684      11
v                   -13                         0           41.947368421052      11
v                   -13                         0           40.578947368421      11
v                   -13                         0           39.210526315789      11
v                   -13                         0           37.842105263158      11
v                   -13                         0           36.473684210526      11
v                   -13                         0           35.105263157895      11
v                   -13                         0           33.736842105263      11
v                   -13                         0           32.368421052632      11
v      -11.631578947368                         0                        31      12
v      -10.263157894737                         0                        31      12
v      -8.8947368421053                         0                        31      12
v      -7.5263157894737                         0                        31      12
v      -6.1578947368421                         0                        31      12
v      -4.7894736842105                         0                        31      12
v      -3.4210526315789                         0                        31      12
v      -2.0526315789474                         0                        31      12
v      -0.6842105263158                         0                        31      12
v      0.68421052631578                         0                        31      12
v       2.0526315789474                         0                        31      12
v       3.4210526315789                         0                        31      12
v       4.7894736842105                         0                        31      12
v       6.1578947368421                         0                        31      12
v       7.5263157894737                         0                        31      12
v       8.8947368421052                         0                        31      12
v       10.263157894737                         0                        31      12
v       11.631578947368                         0                        31      12
v                  12.5                       4.6           55.111111111111      14
v                  12.5                       4.6           53.722222222222      14
v                  12.5                       4.6           52.333333333333      14
v                  12.5                       4.6           50.944444444444      14
v                  12.5                       4.6           49.555555555556      14
v                  12.5                       4.6           48.166666666667      14
v                  12.5                       4.6           46.777777777778      14
v                  12.5                       4.6           45.388888888889      14
v                  12.5                       4.6                        44      14
v                  12.5                       4.6           42.611111111111      14
v                  12.5                       4.6           41.222222222222      14
v                  12.5                       4.6           39.833333333333      14
v                  12.5                       4.6           38.444444444444      14
v                  12.5                       4.6           37.055555555556      14
v                  12.5                       4.6           35.666666666667      14
v                  12.5                       4.6           34.277777777778      14
v                  12.5                       4.6           32.888888888889      14
v       11.111111111111                       4.6                      31.5      17
v       9.7222222222222                       4.6                      31.5      17
v       8.3333333333333                       4.6                      31.5      17
v       6.9444444444445                       4.6                      31.5      17
v       5.5555555555556                       4.6                      31.5      17
v       4.1666666666667                       4.6                      31.5      17
v       2.7777777777778                       4.6                      31.5      17
v       1.3888888888889                       4.6                      31.5      17
v   1.7763568394003E-14                       4.6                      31.5      17
v      -1.3888888888889                       4.6                      31.5      17
v      -2.7777777777778                       4.6                      31.5      17
v      -4.1666666666667                       4.6                      31.5      17
v      -5.5555555555556                       4.6                      31.5      17
v      -6.9444444444444                       4.6                      31.5      17
v      -8.3333333333333                       4.6                      31.5      17
v      -9.7222222222222                       4.6                      31.5      17
v      -11.111111111111                       4.6                      31.5      17
v                 -12.5                       4.6           32.888888888889      19
v                 -12.5                       4.6           34.277777777778      19
v                 -12.5                       4.6           35.666666666667      19
v                 -12.5                       4.6           37.055555555556      19
v                 -12.5                       4.6           38.444444444444      19
v                 -12.5                       4.6           39.833333333333      19
v                 -12.5                       4.6           41.222222222222      19
v                 -12.5                       4.6           42.611111111111      19
v                 -12.5                       4.6                        44      19
v                 -12.5                       4.6           45.388888888889      19
v                 -12.5                       4.6           46.777777777778      19
v                 -12.5                       4.6           48.166666666667      19
v                 -12.5                       4.6           49.555555555556      19
v                 -12.5                       4.6           50.944444444444      19
v                 -12.5                       4.6           52.333333333333      19
v                 -12.5                       4.6           53.722222222222      19
v                 -12.5                       4.6           55.111111111111      19
v      -11.111111111111                       4.6                      56.5      20
v      -9.7222222222222                       4.6                      56.5      20
v      -8.3333333333333                       4.6                      56.5      20
v      -6.9444444444444                       4.6                      56.5      20
v      -5.5555555555556                       4.6                      56.5      20
v      -4.1666666666667                       4.6                      56.5      20
v      -2.7777777777778                       4.6                      56.5      20
v      -1.3888888888889                       4.6                      56.5      20
v                     0                       4.6                      56.5      20
v       1.3888888888889                       4.6                      56.5      20
v       2.7777777777778                       4.6                      56.5      20
v       4.1666666666667                       4.6                      56.5      20
v       5.5555555555556                       4.6                      56.5      20
v       6.9444444444445                       4.6                      56.5      20
v       8.3333333333334                       4.6                      56.5      20
v       9.7222222222223                       4.6                      56.5      20
v       11.111111111111                       4.6                      56.5      20
v       13.871815758179          0.38003310040027           30.128185630669      21
v       14.511671868494             1.31190567672            29.48832874541      21
v       14.880518408479           2.5062538871264           29.119481699949      21
v      -14.880515958738           2.5062414074312           29.119484152112      22
v      -14.511653069547           1.3118668157819           29.488347504771      22
v      -13.871772560409          0.37999196380509           30.128228739185      22
v      -14.880515847888           2.5062414074313           58.880515958738      23
v      -14.511652495229            1.311866815782           58.511653069547      23
v      -13.871771260815          0.37999196380523           57.871772560409      23
v       13.871814369331           0.3800331004002           57.871815758179      24
v        14.51167125459             1.31190567672           58.511671868494      24
v       14.880518300051           2.5062538871264           58.880518408479      24
v       13.773018755856                       3.8           44.686026936027      1
v      -13.773018755856                       3.8           43.313973063973      1
v     -0.68602693602695                       3.8           57.773018755856      1
v      0.68602693602697                       3.8           30.226981244144      1
v      -2.0657860884808                       3.8           30.240327181284      1
v       2.0657860884808                       3.8           57.759672818716      1
v       13.759672818716                       3.8           41.934213911519      1
v      -13.759672818716                       3.8           46.065786088481      1
v       13.761266083635                       3.8           47.436920088605      1
v      -13.761266083635                       3.8           40.563079911395      1
v      -3.4369200886052                       3.8           57.761266083635      1
v       3.4369200886052                       3.8           30.238733916365      1
v       3.4371146769164                       3.8           57.765195013761      1
v      -13.765195013762                       3.8           47.437114676916      1
v       13.765195013762                       3.8           40.562885323084      1
v      -3.4371146769164                       3.8           30.234804986238      1
v      -13.748540234241                       3.8            39.18656027645      1
v       13.748540234241                       3.8            48.81343972355      1
v      -4.8134397235501                       3.8           57.748540234241      1
v       4.8134397235501                       3.8           30.251459765759      1
v       6.1514766808812                       3.8           57.803034397184      1
v      -6.1514766808811                       3.8           30.196965602816      1
v       13.803034397184                       3.8           37.848523319119      1
v      -13.803034397184                       3.8           50.151476680881      1
v      -7.5128817203123                       3.8           57.807551765586      1
v      -13.807551765586                       3.8           36.487118279688      1
v       7.5128817203123                       3.8           30.192448234414      1
v       13.807551765586                       3.8           51.512881720312      1
v      -13.819056267567                       3.8           52.863636363636      1
v       13.819056267567                       3.8           35.136363636364      1
v      -8.8636363636363                       3.8           30.180943732433      1
v       8.8636363636364                       3.8           57.819056267567      1
v      -10.227272727273                       3.8           57.819056267567      1
v      -13.819056267567                       3.8           33.772727272727      1
v       13.819056267567                       3.8           54.227272727273      1
v       10.227272727273                       3.8           30.180943732433      1
v       11.590909090909                       3.8           57.819056267567      1
v      -13.819056267567                       3.8           55.590909090909      1
v       13.819056267567                       3.8           32.409090909091      1
v      -11.590909090909                       3.8           30.180943732433      1
v       13.844068416493                       3.8           56.965781843556      1
v       12.965781843556                       3.8           30.155931583507      1
v      -12.965781843556                       3.8           57.844068416493      1
v      -13.844068416493                       3.8           31.034218156444      1
v       13.819056267567                       3.8           55.590909090909      1
v                   7.5                       3.8           57.819056267567      1
v      -13.819056267567                       3.8           54.227272727273      1
v      -13.755714139915                       3.8           41.936579536299      1
v       11.590909090909                       3.8           30.180943732433      1
v       10.227272727273                       3.8           57.819056267567      1
v       8.8636363636364                       3.8           30.180943732433      1
v     -0.68871406749649                       3.8           30.244551404238      1
v       0.6887140674965                       3.8           57.755448595762      1
v       2.0634204637013                       3.8           30.244285860085      1
v       13.819056267567                       3.8           33.772727272727      1
v      -10.227272727273                       3.8           30.180943732433      1
v      -7.4999999999999                       3.8           30.180943732433      1
v      -8.8636363636363                       3.8           57.819056267567      1
v      -2.0634204637013                       3.8           57.755714139915      1
v      -13.819056267567                       3.8                      51.5      1
v      -11.590909090909                       3.8           57.819056267567      1
v      -13.755448595762                       3.8           44.688714067496      1
v       13.755714139915                       3.8           46.063420463701      1
v       13.819056267567                       3.8           52.863636363636      1
v      -13.819056267567                       3.8           32.409090909091      1
v       13.755448595762                       3.8           43.311285932503      1
v      -13.819056267567                       3.8           35.136363636364      1
v       13.819056267567                       3.8                      36.5      1
v      -13.759348666638                       3.8           37.816825213902      1
v       13.759348666638                       3.8           50.183174786098      1
v       6.1831747860983                       3.8           30.240651333362      1
v      -6.1831747860983                       3.8           57.759348666638      1
v       4.8093780209124                       3.8           57.761371568491      1
v      -13.761371568491                       3.8           48.809378020912      1
v       13.761371568491                       3.8           39.190621979088      1
v      -4.8093780209124                       3.8           30.238628431509      1
v        13.87440238592                       3.8           31.050447849962      1
v      -12.949552150038                       3.8            30.12559761408      1
v       12.949552150038                       3.8            57.87440238592      1
v       -13.87440238592                       3.8           56.949552150038      1
v        14.00174889877                       3.8            29.99825110123      1
v       -14.00174889877                       3.8            29.99825110123      1
v       -14.00174889877                       3.8            58.00174889877      1
v        14.00174889877                       3.8            58.00174889877      1
v     0.087136157564752                         0           55.908734832457      2
v   0.00011036094806062                         0           32.198953341393      2
v      -11.814912605348                         0                        44      2
v       11.814912605348                         0                        44      2
v       5.6279498430473                         0            55.70652817167      2
v      -11.814912605348                         0           49.473684210526      2
v       5.6640355978772                         0           32.300001205828      2
v      -5.7010130646667                         0             32.3488093206      2
v      -11.836640694488                         0           39.913531637111      2
v       11.814912605348                         0           48.105263157895      2
v       11.814912605348                         0           39.894736842105      2
v      -4.0926389385268                         0           55.980534530282      2
v       11.814912605348                         0           52.210526315789      2
v      -8.2542700621535                         0           55.759528996803      2
v       11.814912605348                         0           35.789473684211      2
v      -11.922339590508                         0           35.722646099988      2
v       2.7752033572444                         0           55.939469228372      2
v       8.2315795039044                         0           32.240602431319      2
v      -11.814912605348                         0           46.736842105263      2
v       2.7560946034182                         0            32.28819182931      2
v      -11.814912605348                         0           52.210526315789      2
v      -2.7368421052632                         0           32.185087394652      2
v       8.2315795039042                         0            55.75939756868      2
v      -8.2532445608206                         0           32.200934990732      2
v       11.845468215011                         0           54.894444552659      2
v      -11.857455328736                         0           54.884220914983      2
v       10.821712310764                         0           32.239375180708      2
v       -10.78338270363                         0           32.172551399966      2
v       11.814912605348                         0           49.473684210526      2
v       10.629825210695                         0            48.78947368421      2
v       10.629825210695                         0           47.421052631579      2
v       9.4447378160429                         0           48.105263157894      2
v       9.4447378160429                         0           49.473684210526      2
v       8.2596504213904                         0            48.78947368421      2
v       8.2596504213905                         0           47.421052631579      2
v       7.0745630267381                         0           48.105263157894      2
v       7.0745630267382                         0           46.736842105263      2
v       5.8894756320857                         0           47.421052631579      2
v       5.8894756320858                         0           46.052631578947      2
v       4.7043882374334                         0           46.736842105263      2
v       4.7043882374334                         0           45.368421052631      2
v       3.5193008427811                         0           46.052631578947      2
v        3.519300842781                         0           44.684210526315      2
v       2.3342134481287                         0           45.368421052631      2
v       2.3342134481287                         0                        44      2
v       1.1491260534763                         0           44.684210526315      2
v       1.1491260534763                         0           43.315789473684      2
v    -0.035961341176061                         0                        44      2
v    -0.035961341176135                         0           45.368421052631      2
v       2.3342134481287                         0           42.631578947368      2
v    -0.035961341176054                         0           42.631578947368      2
v      -1.2210487358284                         0           43.315789473684      2
v      -1.2210487358284                         0           41.947368421052      2
v      -2.4061361304808                         0           42.631578947368      2
v      -2.4061361304808                         0           41.263157894736      2
v        3.519300842781                         0           47.421052631579      2
v      -1.2210487358284                         0           40.578947368421      2
v      -3.5912235251332                         0           41.947368421052      2
v      -3.5912235251332                         0           43.315789473684      2
v      -3.5912235251331                         0           40.578947368421      2
v       5.8894756320858                         0           44.684210526315      2
v      -4.7763109197856                         0           42.631578947368      2
v      -4.7763109197856                         0           43.999999999999      2
v       7.0745630267379                         0           49.473684210526      2
v       -5.961398314438                         0           43.315789473684      2
v       -5.961398314438                         0           44.684210526315      2
v      -4.7763109197856                         0           45.368421052631      2
v       -5.961398314438                         0           46.052631578947      2
v      -4.7763109197857                         0           46.736842105263      2
v      -5.9613983144381                         0           47.421052631578      2
v      -4.7763109197857                         0           48.105263157894      2
v      -5.9613983144381                         0            48.78947368421      2
v      -4.7763109197858                         0           49.473684210526      2
v      -5.9613983144382                         0           50.157894736841      2
v      -3.5912235251334                         0            48.78947368421      2
v      -3.5912235251334                         0           50.157894736841      2
v       -2.406136130481                         0           49.473684210526      2
v      -5.9613983144379                         0           41.947368421052      2
v      -2.4061361304811                         0           50.842105263157      2
v      -1.2210487358287                         0           50.157894736842      2
v      -7.1464857090903                         0           42.631578947368      2
v      -7.1464857090903                         0           41.263157894736      2
v      -7.1464857090904                         0           45.368421052631      2
v      -7.1464857090905                         0           48.105263157894      2
v      -1.2210487358287                         0           51.526315789473      2
v    -0.035961341176313                         0           50.842105263157      2
v      -3.5912235251335                         0           51.526315789473      2
v       8.2596504213906                         0           46.052631578947      2
v    -0.035961341176285                         0           49.473684210526      2
v       1.1491260534761                         0           50.157894736842      2
v       1.1491260534761                         0           51.526315789473      2
v       2.3342134481285                         0           50.842105263157      2
v      -8.3315731037426                         0           41.947368421052      2
v      -8.3315731037426                         0            40.57894736842      2
v      -7.1464857090902                         0           39.894736842105      2
v      -8.3315731037425                         0           39.210526315789      2
v      -7.1464857090901                         0           38.526315789473      2
v      -8.3584355955137                         0           37.824766162775      2
v      -7.1509627910519                         0           37.155004886778      2
v      -5.9621444947647                         0            37.84162362148      2
v      -5.9622688581524                         0           36.473122295236      2
v      -4.7763109197853                         0           37.157894736842      2
v      -8.4153669577365                         0           36.434101077383      2
v      -4.7764560104044                         0           35.789380031662      2
v      -3.5912477069027                         0           36.473668601768      2
v       2.3342134481284                         0           52.210526315789      2
v       3.5193008427808                         0           51.526315789473      2
v       -2.406136130481                         0           48.105263157894      2
v       3.5165085986636                         0            52.85716775098      2
v       4.7133720037922                         0           52.187898409378      2
v      -5.9613983144376                         0           35.105263157894      2
v        1.149126053476                         0           52.894736842105      2
v      -3.6039117706658                         0           35.127172768869      2
v      -2.4209149018324                         0           35.815050505772      2
v      -2.4086032893342                         0           37.162154938976      2
v      -1.2239230575291                         0           36.478657047809      2
v      -1.2722079027278                         0           35.212082651861      2
v     -0.05237273469938                         0           35.823912275406      2
v     -0.03917562704655                         0           37.164463308255      2
v       1.1458551069109                         0           36.480518737628      2
v       1.1480451814038                         0            37.84433911291      2
v       2.3334881450226                         0           37.159406132984      2
v       2.3339124189324                         0           38.526939997123      2
v       3.5191297873975                         0           37.842461197123      2
v       3.5191514496997                         0           36.473995432211      2
v       4.7043687738486                         0            37.15793525893      2
v       4.7043564842722                         0           38.526381865482      2
v       5.8894670959617                         0           37.842123029507      2
v        5.889468917205                         0           39.210540289516      2
v       7.0745630267385                         0           38.526315789474      2
v       7.0745619075915                         0            39.89473917106      2
v       7.0745616040511                         0             37.1578976979      2
v       5.8894743264146                         0           40.578950085535      2
v       7.0745626226019                         0           41.263158735748      2
v       8.2596501842763                         0           37.842105756668      2
v       8.2596501447573                         0           36.473684786288      2
v       7.0745627435184                         0           35.789474273681      2
v       8.2596501675101                         0           40.578947896749      2
v       8.2596503117211                         0           41.947368649276      2
v       1.2232639144845                         0           34.889539736485      2
v       8.2596503280821                         0             35.1052633521      2
v       9.4447377554513                         0           41.263158020829      2
v        4.704360094656                         0           35.789532308173      2
v       1.1491260534761                         0            48.78947368421      2
v       4.7058855318263                         0           50.838333945422      2
v       1.1488957365983                         0            39.21100265869      2
v      -8.3315731037427                         0           43.315789473684      2
v    -0.035961341176318                         0           48.105263157894      2
v       3.5378335961667                         0           35.137475719491      2
v       9.4447378160433                         0           37.157894736842      2
v        9.444737787666                         0           42.631579006421      2
v      -3.5912235251333                         0           46.052631578947      2
v       2.3341248904498                         0           39.894920267197      2
v       5.8894753471179                         0           41.947369014073      2
v        4.704387972327                         0           41.263158446426      2
v       8.2596503983828                         0           43.315789521564      2
v       5.8912224755443                         0           51.521915918782      2
v       5.9007132074338                         0           52.873865821364      2
v       7.0767270965391                         0            52.20631450055      2
v       9.4447377765241                         0           38.526315871726      2
v       9.4447378074788                         0           44.000000017822      2
v      -9.5470682249533                         0           38.518908860016      2
v      -9.5106662356819                         0           42.631578947368      2
v       -9.513279911306                         0           43.999999999999      2
v       7.0745629639838                         0           34.421052762192      2
v        7.076796634263                         0           53.574766895757      2
v       8.2603833676115                         0           52.893338127454      2
v       4.7216532469979                         0           34.450993215306      2
v       1.1491260534761                         0           47.421052631578      2
v       10.629825200104                         0           41.947368443094      2
v       1.1490729077169                         0           40.579057329753      2
v      -4.7764352831732                         0            38.52623551586      2
v       4.7043882374333                         0           42.631578947368      2
v       10.629825204109                         0           37.842105276867      2
v       8.2601332573941                         0           51.525380701158      2
v       9.4449404464136                         0           52.210137348628      2
v       9.4448937454749                         0           53.578649421452      2
v       3.4894005928091                         0           33.624321356732      2
v        5.829663198598                         0            54.21926506552      2
v       8.2549719091326                         0           33.715539055848      2
v       9.4439580484488                         0           34.417502155711      2
v        9.493499058561                         0           33.044421536458      2
v       10.676260466627                         0           33.724558502915      2
v       7.0161526350375                         0           33.055452001917      2
v       6.9779574773935                         0           54.932945355031      2
v       4.5394436057951                         0           54.750778321011      2
v      -7.1464857090906                         0           49.473684210526      2
v      -7.1464857090906                         0           50.842105263157      2
v      -8.3315731037429                         0            48.78947368421      2
v      -5.9613983144382                         0           51.526315789473      2
v       -7.146421139285                         0           52.210638153973      2
v      -8.3315623421087                         0            51.52633442917      2
v      -5.9589670210766                         0           52.890786674237      2
v      -8.3314959786974                         0           52.894870426602      2
v      -8.3315731037429                         0           47.421052631578      2
v      -9.5166604983953                         0           48.105263157894      2
v      -9.5166604983953                         0           46.736842105262      2
v      -9.5166604983953                         0           49.473684210526      2
v      -9.5166604983954                         0           52.210526315789      2
v      -9.5166604983954                         0            53.57894736842      2
v      -8.3091228162794                         0           54.284534075348      2
v      -9.4984289748321                         0           54.923863285149      2
v      -6.9954238642136                         0           54.958299943522      2
v      -7.1147822270766                         0            53.57963388232      2
v       9.4446077931204                         0            35.78888206656      2
v       2.3227790166662                         0            53.55715420941      2
v       1.0289244481627                         0           54.100415718534      2
v     -0.04738438615456                         0           53.561134043778      2
v      -9.5127108451228                         0            41.26826850028      2
v      -10.676116346266                         0           41.958441399731      2
v      -2.4061361304812                         0           52.210526315789      2
v      -3.5912235251336                         0           52.894736842105      2
v      -2.4061361304812                         0            53.57894736842      2
v       -3.552431284244                         0           54.167869303601      2
v      -2.4371291864691                         0           54.849314089818      2
v       10.629825198831                         0            40.57894739311      2
v       -8.331573103743                         0           46.052631578947      2
v      -1.2752940566586                         0           54.233807428911      2
v        8.239391424115                         0           54.281077631571      2
v       9.4590770772176                         0           54.932865528985      2
v       10.637333677407                         0           54.251870443498      2
v      -8.3315713101372                         0           50.157897843458      2
v      -4.7998097536853                         0           34.461685133842      2
v      -3.5683022661969                         0           33.698911636061      2
v      -5.9613983144375                         0           33.736842105263      2
v      -7.1817164415549                         0           34.418844192308      2
v      -7.0947966354369                         0           33.057846877608      2
v      -8.3571502790167                         0            33.64637663728      2
v      -9.5423737024094                         0           32.922061473678      2
v      -9.6222720552311                         0           34.240697269417      2
v      -8.4232702325707                         0           35.020663735795      2
v      -9.6340866989387                         0           35.661035975932      2
v      -9.5843987693771                         0           37.138303431608      2
v      -10.704983871654                         0           37.844518936598      2
v      -10.774932805162                         0           34.996110963126      2
v      -1.2214199251949                         0           37.842790811316      2
v      -2.4066091885174                         0           38.527140081189      2
v       2.3342134481286                         0           49.473684210526      2
v       2.3342134481286                         0           48.105263157894      2
v       11.814912605348                         0           50.842105263158      2
v       10.629825210695                         0           50.157894736842      2
v    -0.036008584948937                         0           39.894834559477      2
v      -5.9615434050569                         0           39.210432663241      2
v      -2.4061361304808                         0                        44      2
v       7.0745630267382                         0           45.368421052631      2
v    -0.036785325836105                         0           38.527992794406      2
v      -11.814912605348                         0           50.842105263158      2
v      -11.814912605348                         0           45.368421052631      2
v       1.4193068222457                         0           55.953389893752      2
v      -1.2210487358285                         0           44.684210526315      2
v      -1.2210487358286                         0           46.052631578947      2
v      -2.4061361304809                         0           45.368421052631      2
v       4.7043882374333                         0           48.105263157894      2
v       5.8894756320856                         0            48.78947368421      2
v       4.7043882374334                         0                        44      2
v       11.814912605348                         0           45.368421052631      2
v       3.5193008427809                         0            48.78947368421      2
v      -11.814912605348                         0           48.105263157895      2
v       4.1052631578947                         0           32.185087394652      2
v        2.017926863983                         0           33.526675205233      2
v       1.3684643818506                         0           32.282598125145      2
v      0.65619045125799                         0           33.480350915033      2
v     -0.70806190890409                         0           33.318242170161      2
v      -1.3745891978235                         0           32.181283574385      2
v      -2.0433078967167                         0           33.342824600188      2
v      -4.1868590564917                         0           32.251236497569      2
v       5.8923483855548                         0           35.110263145857      2
v      -1.2210487358287                         0            48.78947368421      2
v       7.0745628897746                         0           42.631579232391      2
v      -9.5049292057832                         0           39.899464726997      2
v      -9.5166604983952                         0           50.842105263157      2
v       8.2596501464473                         0           39.210526887964      2
v       11.814912605348                         0           46.736842105263      2
v      -5.6591818162956                         0           55.721659471981      2
v      -7.1464857090903                         0           43.999999999999      2
v       3.5192021102111                         0           39.210731256242      2
v      -1.2210487358289                         0           52.894736842105      2
v      -3.5912235251332                         0           44.684210526315      2
v       1.1491260534762                         0           46.052631578947      2
v        2.334213448129                         0            35.78947368421      2
v      -4.7763109197855                         0           41.263157894736      2
v       9.4447378160429                         0           46.736842105263      2
v       5.8742862376257                         0           33.746766730711      2
v       -4.769278162893                         0            53.53402823332      2
v      -11.833990172971                         0           53.568422784076      2
v       2.3342134481286                         0           46.736842105263      2
v        -9.51339348858                         0           45.368421052631      2
v       10.629825210695                         0           46.052631578947      2
v       9.4447377771219                         0           39.894736923103      2
v       5.8899447829318                         0           36.474537619008      2
v      -7.1464857090905                         0           46.736842105262      2
v      -3.5917383188077                         0           37.842936698404      2
v        11.81491260425                         0           37.157894739127      2
v      -5.9614224962077                         0           40.578931759662      2
v       -2.406136130481                         0           46.736842105263      2
v      -3.5912235251333                         0           47.421052631578      2
v      -2.4062149734869                         0           39.894874224057      2
v      -7.1824972659173                         0           35.767833224232      2
v      -8.3315731037426                         0           44.684210526315      2
v       10.629825209268                         0           44.684210529286      2
v      -4.7747335780768                         0           52.202381431961      2
v       -4.776048029501                         0           50.840747782519      2
v       4.7043651088685                         0            39.89478488527      2
v    -0.037865182006069                         0           52.207557428349      2
v       3.5192657287944                         0           40.579020195154      2
v      -1.2210487358287                         0           47.421052631578      2
v    -0.035961341176229                         0           46.736842105263      2
v      -1.2213477889688                         0           39.211096639811      2
v      -4.7763598590816                         0           39.894705252952      2
v       10.629858982424                         0           51.526250961613      2
v     -0.03596134117613                         0           41.263157894737      2
v       1.1491171958498                         0           41.947386747941      2
v        3.519300842781                         0           43.315789473684      2
v       3.5195503918464                         0           50.157266183886      2
v      -3.5912773220494                         0            39.21059925615      2
v       3.5192949462656                         0           41.947380650789      2
v       11.814912603582                         0           42.631578951042      2
v       5.8894755617639                         0           43.315789620025      2
v       2.3341815195342                         0           41.263224023034      2
v       11.814912605348                         0           41.263157894737      2
v       5.8897514941477                         0           50.157199907894      2
v        7.074562988356                         0           44.000000079874      2
v       7.0748466523044                         0           50.841483202711      2
v       10.629825202241                         0           43.315789491277      2
v         4.70472535502                         0           49.472835093919      2
v       10.629825202456                         0           39.210526332937      2
v       11.822155650971                         0           34.425714296021      2
v       9.4447378143777                         0           45.368421056097      2
v       8.2597781649855                         0           50.157635212048      2
v        8.259650409454                         0           44.684210551156      2
v       10.629803538928                         0            36.47358561025      2
v       10.638616350574                         0           35.103286052611      2
v       11.821256618077                         0           53.568245481815      2
v       11.814912603994                         0           38.526315792292      2
v       9.4448789796592                         0           50.841830528469      2
v       10.632199345857                         0           52.890946662132      2
v        10.77340134907                         0           55.737251214082      2
v      -1.3355973860034                         0           55.718999212942      2
v      -5.8811844626276                         0           54.247664074889      2
v      -11.834614908335                         0           42.633424443815      2
v      -10.667313499049                         0           40.585565079107      2
v      -10.665786551872                         0           50.157894736842      2
v      -10.665786551872                         0           47.421052631579      2
v      -10.665786551872                         0           46.052631578947      2
v      -10.665786551871                         0           44.684210526315      2
v      -10.665786551872                         0            48.78947368421      2
v      -10.665786551872                         0           52.894736842105      2
v      -10.673018013113                         0           54.236738052674      2
v      -10.665786551872                         0           51.526315789473      2
v      -11.835780908023                         0            41.26954639154      2
v      -10.665782316769                         0           43.315789473684      2
v      -11.877629274569                         0           37.160557760162      2
v      -10.785833255791                         0           55.732834681487      2
v      -10.774861161386                         0           33.636182424055      2
v       11.870359757783                         0           33.100879785697      2
v      -10.668750625538                         0            39.22329444333      2
v      -11.895321987238                         0           33.064620806561      2
v      -11.848000744375                         0           38.532422392691      2
v      -0.2571906252354                         0           34.474155169347      2
v       4.7082816062233                         0           53.492689747024      2
v       4.1052631578948                         0           55.928302289889      2
v        3.465144091627                         0           54.091898417237      2
v      -10.749728501701                         0           36.420528861235      2
v      -2.4315880252712                         0           34.552715483689      2
v       4.7762266002322                         0           33.243882527819      2
v      -4.5500036633263                         0           54.809565865288      2
v      -11.894575924049                         0           34.376944259481      2
v       2.4455875043004                         0           34.613958155513      2
v       2.1846557946392                         0           54.817422873193      2
v      -2.7482654881122                         0           56.034527963501      2
v      -6.8421052631579                         0           31.934848671773      2
v      -4.8822424179602                         0           33.283679987078      2
v       -6.896756685042                         0           56.083507363435      2
v       6.8647853677403                         0           56.076458022616      2
v       6.8621725240567                         0           31.923821137367      2
v       9.5647457766326                         0           56.084001002129      2
v       9.5409371220142                         0           31.904879829697      2
v      -9.5506173952086                         0           56.084253638857      2
v     -0.17905635339151                         0           54.699520589586      2
v      -11.998246263327                         0           55.998246263327      2
v       11.998246263327                         0           55.998246263327      2
v       11.998246263327                         0           32.001753736673      2
v      -11.998246263327                         0           32.001753736673      2
v       -9.578947368421                         0           31.813422237541      2
v       3.4816542027861                         0           55.140249333365      2
v      -1.3657288876335                         0           34.151007730356      2
v      -3.3929699964078                         0           55.192054582335      2
v      0.84712720810998                         0           55.102436032518      2
v                  12.5                       4.2           54.416666666667      3
v                  12.5                       4.2           41.916666666667      3
v                  12.5                       4.2                     37.75      3
v                  12.5                       4.2           34.972222222222      3
v                  12.5                       4.2           44.694444444444      3
v                  12.5                       4.2           40.527777777778      3
v                  12.5                       4.2           55.805555555556      3
v                  12.5                       4.2           32.194444444444      3
v                  12.5                       4.2           53.027777777778      3
v                  12.5                       4.2           51.638888888889      3
v                  12.5                       4.2                     50.25      3
v                  12.5                       4.2           48.861111111111      3
v                  12.5                       4.2           46.083333333333      3
v                  12.5                       4.2           39.138888888889      3
v                  12.5                       4.2           36.361111111111      3
v                  12.5                       4.2           33.583333333333      3
v                  12.5                       4.2           43.305555555556      3
v                  12.5                       4.2           47.472222222222      3
v      -2.0833333333333                       4.2                      31.5      4
v      -4.8611111111111                       4.2                      31.5      4
v                 -6.25                       4.2                      31.5      4
v      -3.4722222222222                       4.2                      31.5      4
v      -7.6388888888889                       4.2                      31.5      4
v      -9.0277777777778                       4.2                      31.5      4
v      0.69444444444446                       4.2                      31.5      4
v     -0.69444444444443                       4.2                      31.5      4
v       11.805555555556                       4.2                      31.5      4
v       10.416666666667                       4.2                      31.5      4
v       9.0277777777778                       4.2                      31.5      4
v       7.6388888888889                       4.2                      31.5      4
v                  6.25                       4.2                      31.5      4
v       4.8611111111111                       4.2                      31.5      4
v       2.0833333333334                       4.2                      31.5      4
v       3.4722222222222                       4.2                      31.5      4
v      -11.805555555556                       4.2                      31.5      4
v      -10.416666666667                       4.2                      31.5      4
v                 -12.5                       4.2           33.583333333333      5
v                 -12.5                       4.2           46.083333333333      5
v                 -12.5                       4.2           53.027777777778      5
v                 -12.5                       4.2           43.305555555556      5
v                 -12.5                       4.2           47.472222222222      5
v                 -12.5                       4.2                     50.25      5
v                 -12.5                       4.2           55.805555555556      5
v                 -12.5                       4.2           32.194444444444      5
v                 -12.5                       4.2           34.972222222222      5
v                 -12.5                       4.2           36.361111111111      5
v                 -12.5                       4.2                     37.75      5
v                 -12.5                       4.2           39.138888888889      5
v                 -12.5                       4.2           41.916666666667      5
v                 -12.5                       4.2           51.638888888889      5
v                 -12.5                       4.2           54.416666666667      5
v                 -12.5                       4.2           44.694444444444      5
v                 -12.5                       4.2           48.861111111111      5
v                 -12.5                       4.2           40.527777777778      5
v       2.0833333333333                       4.2                      56.5      6
v                  6.25                       4.2                      56.5      6
v       9.0277777777778                       4.2                      56.5      6
v      0.69444444444445                       4.2                      56.5      6
v     -0.69444444444445                       4.2                      56.5      6
v       4.8611111111111                       4.2                      56.5      6
v       7.6388888888889                       4.2                      56.5      6
v       3.4722222222222                       4.2                      56.5      6
v      -3.4722222222222                       4.2                      56.5      6
v      -11.805555555556                       4.2                      56.5      6
v      -10.416666666667                       4.2                      56.5      6
v      -9.0277777777778                       4.2                      56.5      6
v      -7.6388888888889                       4.2                      56.5      6
v      -4.8611111111111                       4.2                      56.5      6
v                 -6.25                       4.2                      56.5      6
v      -2.0833333333333                       4.2                      56.5      6
v       10.416666666667                       4.2                      56.5      6
v       11.805555555556                       4.2                      56.5      6
v      -0.7248622414049                       4.6           55.400794602344      7
v        11.38067751477                       4.6           43.421296296296      7
v     -0.60367399259683                       4.6            32.77824054924      7
v      -11.297186939188                       4.6           44.694444444444      7
v       11.297186939188                       4.6           48.861111111111      7
v      -11.297186939188                       4.6           39.138888888889      7
v       4.8611111111111                       4.6           32.702813060812      7
v      -11.297186939188                       4.6           48.861111111111      7
v       3.4956688206268                       4.6           55.281545519364      7
v       -5.054309634597                       4.6           55.180554331693      7
v      -4.9883232252708                       4.6            32.73954147065      7
v        11.32748537909                       4.6           39.057158709487      7
v        7.599023976174                       4.6           55.274127726864      7
v       11.337498468596                       4.6           36.361111111111      7
v       11.204508259158                       4.6           46.233500435218      7
v      -11.297186939188                       4.6           36.361111111111      7
v        2.001799899729                       4.6           32.826402953298      7
v      -11.297186939188                       4.6           51.638888888889      7
v       7.6580730307148                       4.6           32.440805021614      7
v      -7.6541518076228                       4.6           32.734239434593      7
v       11.297186939188                       4.6           51.638888888889      7
v      -7.6566095900688                       4.6           55.269722898047      7
v      -11.297186939188                       4.6           41.916666666667      7
v      -11.328199577201                       4.6           33.637048798048      7
v       10.462542857544                       4.6           32.691461647461      7
v      -10.234469466786                       4.6           55.248928591828      7
v       11.274680496854                       4.6           54.265263240689      7
v      -11.303740680742                       4.6           53.016426364427      7
v      -10.095466168635                       4.6           52.331441431108      7
v      -10.094555926753                       4.6           50.944129127407      7
v      -8.8917732073372                       4.6           51.638521019012      7
v      -8.8916265572563                       4.6           50.249886135514      7
v      -7.6887941116636                       4.6           50.944364155384      7
v      -7.6887664391868                       4.6           49.555523196631      7
v      -6.4859455354986                       4.6           50.249981225336      7
v      -6.4859396162732                       4.6           48.861102588846      7
v      -5.2831242617778                       4.6           49.555551006067      7
v      -5.2831228929597                       4.6           48.166664488041      7
v       -4.080309221731                       4.6           48.861109989759      7
v      -4.0803088918584                       4.6           47.472221672226      7
v      -2.8774956743318                       4.6           48.166666388109      7
v      -2.8774955932339                       4.6           46.777777639685      7
v      -1.6746824927867                       4.6           47.472222152781      7
v      -1.6746824726644                       4.6           46.083333298744      7
v     -0.47186940189308                       4.6           46.777777760439      7
v     -0.47186939687945                       4.6           45.388888880234      7
v      -1.6746824568556                       4.6           44.694444437237      7
v     -0.47186939340905                       4.6           43.999999997356      7
v      -1.6746824536424                       4.6           43.305555553914      7
v      0.73094366784181                       4.6           44.694444442561      7
v      0.73094366849338                       4.6           43.305555554801      7
v       1.9337567294869                       4.6            43.99999999956      7
v       1.9337567296258                       4.6           42.611111110912      7
v       3.1365697904909                       4.6           43.305555555449      7
v       3.1365697904999                       4.6           44.694444444353      7
v        3.136569790523                       4.6           41.916666666616      7
v       1.9337567297166                       4.6           41.222222222181      7
v       3.1365697905435                       4.6           40.527777777762      7
v     -0.47186940023316                       4.6           48.166666652203      7
v       1.9337567297352                       4.6           39.833333333324      7
v      -5.2831218976916                       4.6           46.777777323007      7
v       4.3393828513578                       4.6           41.222222222211      7
v       4.3393828513616                       4.6           39.833333333329      7
v      -2.8774956482126                       4.6           49.555555322237      7
v       4.3393828513592                       4.6           43.999999999991      7
v       4.3393828513546                       4.6           45.388888888872      7
v       5.5421959121744                       4.6           40.527777777775      7
v       5.5421959121752                       4.6           39.138888888888      7
v       4.3393828513637                       4.6           38.444444444444      7
v       5.5421959121735                       4.6            44.69444444444      7
v       5.5421959121739                       4.6            46.08333333333      7
v       4.3393828513623                       4.6           46.777777777774      7
v       5.5421959121754                       4.6           47.472222222221      7
v        4.339382851364                       4.6           48.166666666666      7
v       5.5421959121761                       4.6           48.861111111111      7
v       4.3393828513644                       4.6           49.555555555555      7
v       5.5421959121757                       4.6                     37.75      7
v       5.5421959121763                       4.6                     50.25      7
v      -7.6887516905476                       4.6           48.166659853135      7
v       4.3393828513641                       4.6           37.055555555555      7
v       6.7450089729874                       4.6           45.388888888888      7
v       6.7450089729873                       4.6           39.833333333333      7
v       6.7450089729877                       4.6           48.166666666666      7
v      -5.2831238794969                       4.6           50.944440557087      7
v       4.3393828513647                       4.6           50.944444444444      7
v       3.1365697905529                       4.6                     50.25      7
v      0.73094366892405                       4.6           40.527777777769      7
v      0.73094366892853                       4.6           39.138888888888      7
v     -0.47186939188364                       4.6           39.833333333332      7
v     -0.47186939188294                       4.6           38.444444444444      7
v      -1.6746824526946                       4.6           39.138888888889      7
v      -1.6785881774761                       4.6           37.756764913762      7
v      -2.8781464676365                       4.6           38.445571930071      7
v      -2.8730951081378                       4.6           37.079707769678      7
v      -4.0796836657782                       4.6           37.754213283291      7
v      -4.0803129152497                       4.6           39.139779017042      7
v      -5.2831216351296                       4.6           38.444444444444      7
v      -5.2831223586183                       4.6           39.833481688025      7
v      -5.2830174837063                       4.6           37.056257769437      7
v      -6.4859173373707                       4.6           37.750117035647      7
v     -0.47130847907162                       4.6           37.057610011873      7
v      -2.8774955143577                       4.6           43.999999998525      7
v       6.7450089729873                       4.6           41.222222222222      7
v        5.542195912176                       4.6           36.361111111111      7
v       6.7450089729876                       4.6           37.055555555556      7
v       5.5421959121764                       4.6           51.638888888889      7
v       6.7450089729881                       4.6           50.944444444444      7
v        3.136569790553                       4.6           51.638888888889      7
v       1.9337567297412                       4.6           50.944444444445      7
v       1.9337567297414                       4.6           52.333333333333      7
v      0.73094366892958                       4.6           51.638888888889      7
v      -6.4859144442756                       4.6           36.361247652699      7
v       7.9478220337993                       4.6           40.527777777778      7
v       7.9478220337993                       4.6           41.916666666667      7
v       -4.080309418388                       4.6           40.527950858252      7
v      -5.2831216351297                       4.6           41.222222222222      7
v      -6.4859348165228                       4.6            40.52780250356      7
v      -6.4859347160384                       4.6            41.91667078763      7
v      0.73094366813243                       4.6           47.472222220843      7
v      -7.6887477801995                       4.6           41.222227030013      7
v      -7.6887477604559                       4.6           42.611111870359      7
v      -6.4859346999081                       4.6           43.305556368924      7
v      -7.6887477567534                       4.6                        44      7
v       -7.688747756753                       4.6           37.055555555555      7
v       9.1506350946111                       4.6           41.222222222222      7
v       4.3393828513643                       4.6           35.666666666667      7
v       3.1365697905526                       4.6           36.361111111111      7
v      -7.6887443814754                       4.6           35.666689423598      7
v       6.7450089729878                       4.6           35.666666666667      7
v       7.9075105043917                       4.6           36.361111111111      7
v       6.7450089729881                       4.6           52.333333333333      7
v       7.9478220337999                       4.6           51.638888888889      7
v      -7.6887908808663                       4.6           52.333258640178      7
v       5.5421959121763                       4.6           53.027777777778      7
v       -5.293443718807                       4.6           35.666806459245      7
v       7.9478220337999                       4.6                     50.25      7
v      -1.6746824526947                       4.6           40.527777777777      7
v      -7.6887448636579                       4.6           38.444463950385      7
v      -8.8915603353823                       4.6            37.75000325099      7
v      -8.8915602550185                       4.6           39.138892681711      7
v       7.9007919161569                       4.6                     37.75      7
v      -8.8915608181822                       4.6           43.305555682096      7
v      -8.8915608176681                       4.6           44.694444465534      7
v      -7.6887477567707                       4.6           45.388888892404      7
v      -8.8915608175854                       4.6           46.083333337434      7
v      0.75514955596755                       4.6           52.985851951586      7
v     -0.46783507737573                       4.6           52.326345695635      7
v     -0.47119700613124                       4.6           50.943279838162      7
v      -1.6738980026511                       4.6           51.637530181559      7
v      -1.6549307618649                       4.6           52.993566845728      7
v      -2.8740728233603                       4.6           52.327405060104      7
v      -2.8417893505763                       4.6           53.918565863493      7
v       -4.080308574317                       4.6           53.027777777779      7
v       3.1162357531437                       4.6           35.007441808137      7
v       1.9303677235061                       4.6           35.672536597652      7
v       7.8096871610588                       4.6           34.960801013699      7
v       7.9686227471908                       4.6           52.991749885351      7
v       9.0759976602132                       4.6           39.892787544792      7
v       9.1170704199335                       4.6            42.55297538923      7
v      0.73094366740462                       4.6           48.861111108471      7
v      -4.0803087149963                       4.6           41.916695513412      7
v        1.933756729354                       4.6           48.166666665997      7
v       1.9331918953683                       4.6           37.056533877386      7
v       1.9337567295435                       4.6           46.777777777436      7
v       5.5421959121747                       4.6           43.305555555553      7
v       7.9422279213531                       4.6           43.295866268575      7
v        9.150635094611                       4.6                        44      7
v       3.1162357531441                       4.6           52.992558191862      7
v       9.1506350946111                       4.6           37.055555555556      7
v       9.1137903507689                       4.6           52.327328684595      7
v       9.1224505997335                       4.6           53.665454039862      7
v       6.6062095332994                       4.6            34.30536801875      7
v       10.256756777128                       4.6           40.654746043339      7
v       10.360255015894                       4.6           53.009829107448      7
v        4.271609853096                       4.6            34.08255911859      7
v      -10.104185125595                       4.6           53.733614480878      7
v       1.9208093800561                       4.6           34.309431293911      7
v      0.73094366892925                       4.6           34.972222222222      7
v      0.71207566811325                       4.6           33.598386741465      7
v     -0.50097906081513                       4.6           34.288099066533      7
v      -1.7843756292144                       4.6           33.697285309171      7
v      -1.6654475078544                       4.6           35.051245407798      7
v      -2.9377309571208                       4.6           34.384202097511      7
v      -2.9246576064487                       4.6            33.04880948697      7
v      -4.0797385000212                       4.6           51.637900195458      7
v      -5.2830269968074                       4.6           52.333167903203      7
v      -5.2831216351286                       4.6           53.722222222224      7
v      -6.4859261102392                       4.6           53.027737757231      7
v      -6.4267807139336                       4.6           54.414663555014      7
v      -7.6836808876695                       4.6           53.734699246686      7
v      -8.9330472775768                       4.6           54.442572805637      7
v      -1.6744396691797                       4.6           50.249579408845      7
v      -7.6887484123921                       4.6           46.777776643458      7
v       -8.891561582474                       4.6           47.472220898264      7
v      -10.094374005865                       4.6           46.777777557801      7
v       -6.485934848978                       4.6           46.083333069071      7
v      -8.8915756710364                       4.6           48.861085384294      7
v      -10.094373789539                       4.6           38.444445043408      7
v      -2.8774955372525                       4.6           42.611115918383      7
v      -4.0803086018639                       4.6           43.305561164313      7
v      -4.0803085790509                       4.6           44.694445378992      7
v      -5.2831216411708                       4.6           44.000001226112      7
v      -6.4859346959417                       4.6           44.694444444444      7
v       1.9336625906777                       4.6           38.444607498081      7
v       3.1365697904548                       4.6           47.472222222053      7
v        6.745008972988                       4.6           49.555555555555      7
v       7.9478220337997                       4.6           48.861111111111      7
v       7.9478220337994                       4.6           47.472222222222      7
v       9.1103235652034                       4.6           48.166666666666      7
v       9.0692790719785                       4.6           46.837231989236      7
v       10.353723486934                       4.6            47.50170715465      7
v       9.1036049769691                       4.6           49.555555555555      7
v       9.0963444216229                       4.6           50.943443669655      7
v       10.353448155423                       4.6           50.249999999999      7
v      -1.6746824568102                       4.6           41.916667467605      7
v       6.8349930083842                       4.6           53.944810068599      7
v       5.5576542793493                       4.6           54.324582772206      7
v       -6.485936559807                       4.6            47.47221899426      7
v      -2.8774955135063                       4.6           41.222222222222      7
v      -1.6746420461044                       4.6           48.861040913288      7
v       3.1365697904718                       4.6           48.861111110971      7
v     -0.47171013088576                       4.6           49.555279653495      7
v       3.1364599616465                       4.6           37.750190229244      7
v     -0.47186939256972                       4.6            41.22222235571      7
v     -0.47186939316818                       4.6           42.611111266009      7
v      0.73094366871196                       4.6           41.916666691104      7
v      -6.4859346959412                       4.6           34.972222222222      7
v      -5.2831216351294                       4.6           34.277777777778      7
v       -7.682981202685                       4.6           34.242715079026      7
v      -8.8905991626738                       4.6           34.966382231919      7
v      -8.8915608175646                       4.6           33.583333333333      7
v      -6.3907520944415                       4.6           33.562515297221      7
v      0.73108227646657                       4.6           50.249759914836      7
v       10.248248237679                       4.6           41.812398016539      7
v       -11.30235571219                       4.6           34.981174799675      7
v      -10.095075064728                       4.6           35.667185431191      7
v      -10.100360702122                       4.6           34.287335580509      7
v      -10.237784996466                       4.6           32.779262012144      7
v       11.310459268977                       4.6           34.983573635573      7
v       10.189662613925                       4.6           35.900040050373      7
v       10.094373878377                       4.6           34.277777777778      7
v      -11.297186939188                       4.6           40.527777777778      7
v      -10.094373878377                       4.6           41.222222222222      7
v      -10.094373769813                       4.6           39.833334065297      7
v       11.335967117855                       4.6           44.738762418215      7
v       10.138367832444                       4.6           45.258606321803      7
v      0.73094366608098                       4.6             46.0833333284      7
v        3.136535795888                       4.6           39.138947769364      7
v       1.9337798306652                       4.6           49.555515540787      7
v      -5.2831216681846                       4.6           42.611117880436      7
v       9.0566646978948                       4.6           55.089253158214      7
v      -2.8766588696238                       4.6           50.942995028034      7
v       3.5031981199777                       4.6           32.725378253271      7
v       6.4165369755285                       4.6            32.85409875004      7
v      -3.4722222222222                       4.6           55.297186939188      7
v      -2.1277552588567                       4.6           55.306049137403      7
v       9.0084071757145                       4.6           32.769604860121      7
v       3.1365697904926                       4.6            46.08333333323      7
v        1.933756728991                       4.6            45.38888888759      7
v      -10.094373878497                       4.6           44.000000024605      7
v       11.349266796814                       4.6           37.736378303433      7
v       10.172188842511                       4.6           38.227544451522      7
v       2.0258973169622                       4.6           55.095916505924      7
v      0.59261639287028                       4.6           55.375411522346      7
v      -4.0803085743179                       4.6           36.361111111111      7
v      -2.8776048700283                       4.6           39.833698449042      7
v      0.73708966252995                       4.6           36.362594895967      7
v       6.7440766209126                       4.6           43.998385118835      7
v      -11.297217280584                       4.6            50.24994744716      7
v      -4.0800750634772                       4.6            50.24959201644      7
v      -8.8994905912801                       4.6           53.035684603917      7
v      -2.8774955135062                       4.6           45.388888888889      7
v        6.737170620047                       4.6           38.444444444444      7
v      0.73094366892898                       4.6                     37.75      7
v      -6.4859314613421                       4.6           39.138940492566      7
v       -6.485934585762                       4.6           51.638825039737      7
v       5.5099937797465                       4.6            34.96894629074      7
v       4.3393828513469                       4.6           42.611111111081      7
v       7.9064227603047                       4.6            44.69256041642      7
v       6.7439212289005                       4.6           42.609227083087      7
v      -11.297186924382                       4.6           37.750000099827      7
v      -4.0803085743179                       4.6           46.083333333333      7
v       1.9536306521786                       4.6           53.629686807233      7
v      -8.8915167632316                       4.6           36.360228574801      7
v       -7.688747756753                       4.6           39.833333333333      7
v       6.7450089729872                       4.6           46.777777777777      7
v      -10.094422708866                       4.6           49.555470978692      7
v       7.8859261868947                       4.6           39.148797924132      7
v      -5.2831217061918                       4.6            45.38888912916      7
v       5.5420146214903                       4.6           41.916352661988      7
v      -8.8915607096208                       4.6           40.527779333207      7
v       4.3359938451299                       4.6           52.327463402347      7
v      -10.094373878377                       4.6           37.055555555555      7
v      -11.297186960436                       4.6           47.472222185559      7
v      -10.094384644644                       4.6           48.166648019287      7
v     -0.34380549379467                       4.6           53.546878323025      7
v      -8.8915608042019                       4.6           41.916667874835      7
v       4.2556647588365                       4.6            53.93338529145      7
v       7.8870512883703                       4.6           46.092928363905      7
v      -11.297186939208                       4.6           43.305555559656      7
v      -10.094373878377                       4.6           42.611111111111      7
v      -11.297186963978                       4.6            46.08333329056      7
v      -10.094373903797                       4.6           45.388888853396      7
v     -0.46472139566917                       4.6           35.682556214057      7
v       -1.672826553003                       4.6           36.399412358506      7
v      -4.1105522100364                       4.6           35.014112545753      7
v       10.394417663545                       4.6           55.334499213296      7
v      -11.341134271777                       4.6            54.35828574879      7
v       11.356649235517                       4.6           33.634894563657      7
v       8.8170189998028                       4.6           33.994184873523      7
v        -2.87088164754                       4.6           35.728717459168      7
v       6.2874665993661                       4.6           55.344077523377      7
v       4.8085161649574                       4.6           55.343558809931      7
v      -4.1613781453993                       4.6           54.257242958691      7
v       5.5555555555556                       4.6           33.731306162656      7
v      -4.0178300983763                       4.6           33.656979106066      7
v      -1.2839246174798                       4.6           54.292750181381      7
v       10.404313396669                       4.6           44.053629465798      7
v       11.314392039788                       4.6           41.222222222222      7
v       11.571083737056                       4.6           47.508152629085      7
v       8.9601904361555                       4.6           45.448901787341      7
v       9.0135798368409                       4.6           38.552019797656      7
v       10.439850363291                       4.6           37.056125894399      7
v       10.043657424744                       4.6           48.867008097596      7
v       8.9948147086943                       4.6            35.42491173034      7
v       11.586424490387                       4.6           52.993907358516      7
v       10.044204976579                       4.6           51.633898070117      7
v        11.58956440676                       4.6                     50.25      7
v       2.9627306012005                       4.6           33.790242685442      7
v       2.9823183477067                       4.6           54.191970088312      7
v      -1.8958747789853                       4.6           32.504867069076      7
v       8.1163510058755                       4.6           54.193078975778      7
v      -6.2701842950125                       4.6           55.563909382344      7
v      -9.0277777777778                       4.6           32.430379140386      7
v      0.69444444444446                       4.6           32.426245652339      7
v      0.87617899115677                       4.6           54.165111709516      7
v                 -6.25                       4.6           32.408595799054      7
v       10.086477854301                       4.6            54.23723743426      7
v       -8.990748206506                       4.6           55.606087424674      7
v       7.7237471323051                       4.6           33.623930964907      7
v       11.483262767265                       4.6           32.516737232735      7
v      -11.483262767265                       4.6           55.483262767265      7
v       11.483262767265                       4.6           55.483262767265      7
v      -11.483262767265                       4.6           32.516737232735      7
v       11.457562431633                       4.6           40.196816945437      7
v       10.190549235445                       4.6           42.972591079373      7
v        11.46136900989                       4.6           42.251118707937      7
v       10.217261821236                       4.6           39.430178915372      7
v        10.00300779109                       4.6           46.308580698917      7
v      -3.8625949562519                       4.6           32.477431257735      7
v    -0.095279493967629                       4.6           54.573066189471      7
v      -11.590202588516           2.6270184435003           29.097667689831      8
v        11.59020269362           2.6270150376689           29.097668271561      8
v       -9.578947368421          0.55957270825182           29.955341913761      8
v        9.578947368421          0.55957270825183           29.955341913761      8
v                   7.5            2.623156928581           29.098328451768      8
v       5.4715368338386          0.56335519600473           29.952098732109      8
v      -7.4999999999999           2.6231569285809           29.098328451768      8
v      -5.4752619946579          0.56335519600918           29.952098732105      8
v      -3.4090909090909            2.623156928581           29.098328451768      8
v      -1.3684210526316          0.55957270825234           29.955341913762      8
v       3.4090909090909            2.623156928581           29.098328451768      8
v       1.5216690452565          0.56004131152477           29.954939371802      8
v      -10.233121991654           2.6264979910224           29.097756606905      8
v        10.23311611587           2.6264946347381           29.097757180454      8
v       2.0450248177385           2.6233200277666           29.098300494525      8
v      -2.3561430851267           2.6252794261702           29.097964964057      8
v       6.1363089193891           2.6233201711347           29.098300469951      8
v       -6.136308919389           2.6233201711347           29.098300469951      8
v      -13.216082266308           1.2999202970503           29.493816854667      8
v       13.216090634063           1.2999663247622           29.493795691473      8
v      -12.404661890488          0.59827761647805           29.922790388012      8
v       12.315789473684           0.5322259836681           29.979211512981      8
v       2.7272725590416           1.4842460945458           29.414287837984      8
v      -2.7272725590415           1.4842460945458           29.414287837984      8
v       -10.60515948051           1.5429882808659           29.390996755641      8
v       10.688355326482           1.5276454551389           29.396989948549      8
v       6.8181816499506           1.4842460945458           29.414287837984      8
v      -6.8181816499506           1.4842460945458           29.414287837984      8
v      -11.055045154809           0.5988082667151           29.922353610185      8
v      -8.1831646887855           1.4844369485281           29.414210635085      8
v       8.1831646887856           1.4844369485281           29.414210635085      8
v      -4.0922555978763            1.484436948528           29.414210635086      8
v       4.0922555978764            1.484436948528           29.414210635086      8
v      -12.609360553224           2.6250546381862           29.098003425705      8
v       12.609364819256           2.6250514657067           29.098003968581      8
v       10.969186620727          0.54948393328216           29.964060598676      8
v      -8.2103729895158          0.55751668156884           29.957110618008      8
v       8.2116921790396          0.55740754362995            29.95720461954      8
v     0.021620378156015          0.54945705747103           29.964083959011      8
v     -0.75826039833465           1.5917287380885            29.37236997117      8
v       3.9211192585104          0.55873584039348            29.95606133531      8
v        2.736201533502          0.55927196667346           29.955600370741      8
v      -6.8747073586788          0.55999857193183           29.954976077345      8
v      -4.1059037296559          0.55927196667339           29.955600370741      8
v       6.8414646913967           0.5592719666732           29.955600370741      8
v      -2.7368421052632          0.55957270822691           29.955341913783      8
v      0.68106215807064           2.6231570389452           29.098328432849      8
v      -8.8349200136568           2.6211398528596           29.098674558139      8
v       8.8349614462401           2.6211418224011           29.098674219869      8
v      -4.7726081376848           2.6234049008198           29.098285947916      8
v       4.7726081376849           2.6234049008198           29.098285947916      8
v      -0.7649203100952           2.7306313230729           29.080826396048      8
v      -9.5567866961984            1.554047238002           29.386715795203      8
v       9.5567753016586           1.5540471335644           29.386715835478      8
v       1.5480152819146           1.5470865526342           29.389406520263      8
v       5.4541793388097           1.5539715701886           29.386744976525      8
v      -5.4541793388096           1.5539715701886           29.386744976525      8
v      -11.801989671985           1.5706907720077            29.38033378101      8
v       11.846805701056           1.5650434970428           29.382491106012      8
v       13.768400096825           2.3465141940312           29.152085924651      8
v      -13.768283326739           2.3464755341332           29.152094348087      8
v      -1.7036891000479           1.6663887018418           29.345014848184      8
v      0.49220489588593           1.4224985727235           29.439805488076      8
v      -14.902332310169           2.6270184435003           55.590202588511      9
v      -14.902332310674           2.6270184464539           32.409797413119      9
v      -14.044658086238          0.55957270825222           34.421052631579      9
v      -14.044658086238          0.55957270825199           53.578947368421      9
v      -14.901671548232            2.623156928581                      36.5      9
v      -14.047901267894          0.56335519600982           38.528463166161      9
v      -14.901671548232            2.623156928581                      51.5      9
v      -14.047901267895          0.56335519600981           49.475261994658      9
v      -14.901671548232            2.623156928581           40.590909090909      9
v      -14.045060628198          0.56004131152543           42.478330954744      9
v      -14.901671548232            2.623156928581           47.409090909091      9
v      -14.044658086238          0.55957270825294           45.368421052631      9
v       -14.90224339339           2.6264979927544           33.766878005314      9
v      -14.902243393095           2.6264979910224           54.233121991654      9
v      -14.902035035943           2.6252794261702           46.356143085127      9
v      -14.901699505475           2.6233200277666           41.954975182261      9
v      -14.901699530049           2.6233201711347           50.136308919389      9
v      -14.901699530048           2.6233201711347           37.863691080611      9
v      -14.506183145333           1.2999202970506           57.216082266308      9
v      -14.506183636318           1.2999213648746           30.783918317504      9
v      -14.077209611988          0.59827761647832           56.404661890487      9
v      -14.020766825858          0.53220155687486           31.684210526316      9
v      -14.585712162016           1.4842460945459           46.727272559041      9
v      -14.585712162016           1.4842460945459           41.272727440958      9
v      -14.603011778482           1.5276498532691           33.311647538911      9
v      -14.609003244359            1.542988280866           54.605159480509      9
v      -14.585712162016           1.4842460945458           50.818181649951      9
v      -14.585712162016           1.4842460945459           37.181818350049      9
v      -14.077646389815          0.59880826671531            55.05504515481      9
v      -14.585789364914           1.4844369485282           35.816835311214      9
v      -14.585789364914           1.4844369485281           52.183164688785      9
v      -14.585789364914           1.4844369485281           39.907744402124      9
v      -14.585789364914           1.4844369485281           48.092255597876      9
v      -14.901996574295           2.6250546381862           56.609360553223      9
v      -14.901996574881           2.6250546416117           31.390639446252      9
v      -14.035939669146          0.54948424141403           33.030812921953      9
v       -14.04279538046          0.55740754363052           35.788307821004      9
v      -14.042889381992           0.5575166815693           52.210372989526      9
v      -14.035916040989          0.54945705747168           43.978379621844      9
v       -14.62763002883            1.591728738089           44.758260398335      9
v      -14.044399629259          0.55927196667381           37.158535308603      9
v      -14.044399629259          0.55927196667389           48.105903729656      9
v      -14.045624046228          0.56069760940033           41.171321832752      9
v      -14.044658086215          0.55957270822668           39.894736842105      9
v      -14.044658086216          0.55957270822703           46.736842105263      9
v      -14.045023922656          0.55999857193255           50.874707358672      9
v      -14.901671567151           2.6231570389453           43.318937841929      9
v      -14.901325441686           2.6211398518432           35.165080007725      9
v      -14.901325441861           2.6211398528596           52.834920013655      9
v      -14.901714052084           2.6234049008199           39.227391862315      9
v      -14.901714052084           2.6234049008198           48.772608137685      9
v      -14.919173603952           2.7306313230731           44.764920310095      9
v      -14.613284204818           1.5540472380562           34.443213297921      9
v      -14.613284204797           1.5540472380022           53.556786696198      9
v      -14.610593479737           1.5470865526347           42.451984718086      9
v      -14.613255023475           1.5539715701889            49.45417933881      9
v      -14.613255023475           1.5539715701891            38.54582066119      9
v       -14.61966621899           1.5706907720078           55.801989671985      9
v      -14.617508865018           1.5650434213553           32.153212061932      9
v      -14.847905651913           2.3464755341333           57.768283326738      9
v      -14.847905705254           2.3464757789385           30.231717113723      9
v      -14.654985151816           1.6663887018418           45.703689100048      9
v      -14.560194511924            1.422498572724           43.507795104114      9
v       14.902331728439           2.6270150376689           55.590202693615      10
v       14.902331729079            2.627015041415           32.409797308147      10
v       14.044658086238          0.55957270825221           34.421052631579      10
v       14.044658086239            0.559572708252           53.578947368421      10
v       14.901671548232            2.623156928581                      51.5      10
v       14.047901267895           0.5633551960098           49.471536833839      10
v       14.901671548232            2.623156928581                      36.5      10
v       14.047901267895          0.56335519601024           38.524738005342      10
v       14.901671548232            2.623156928581           47.409090909091      10
v       14.044658086238          0.55957270825294           45.368421052631      10
v       14.901671548232            2.623156928581           40.590909090909      10
v       14.045098316418           0.5600851974865           42.477850043024      10
v       14.902242819962           2.6264946371689           33.766883879874      10
v       14.902242819546           2.6264946347381            54.23311611587      10
v       14.902035242381           2.6252806328198           46.356138415024      10
v       14.901733983481           2.6235212027308           41.952674927033      10
v       14.901699530049           2.6233201711347           50.136308919389      10
v       14.901699530049           2.6233201711347           37.863691080611      10
v       14.506204308527           1.2999663247622           57.216090634063      10
v       14.506204833186           1.2999674658591            30.78390998998      10
v        14.07725170465          0.59832874251152           56.404551252533      10
v       14.020788487019          0.53222598366817           31.684210526316      10
v       14.585712162016           1.4842460945459           46.727272559042      10
v       14.585712162016           1.4842460945459           41.272727440958      10
v       14.603010063585           1.5276454860391           33.311645536857      10
v       14.609002355086           1.5429859922912           54.605161848437      10
v       14.585712162016           1.4842460945458           50.818181649951      10
v       14.585712162016           1.4842460945458           37.181818350049      10
v       14.077664530515          0.59883031277556           55.055289976347      10
v       14.585789364914           1.4844369485282           35.816835311215      10
v       14.585789364914           1.4844369485281           52.183164688786      10
v       14.585789364914           1.4844369485281           39.907744402124      10
v       14.585789364914           1.4844369485281           48.092255597876      10
v       14.901996031419           2.6250514657067           56.609364819255      10
v       14.901996032119           2.6250514697922           31.390635180252      10
v       14.035939401324          0.54948393328235           33.030813379273      10
v        14.04288942682          0.55751673361882           35.789626866061      10
v        14.04279538046          0.55740754363027           52.211692178987      10
v       14.035916040989          0.54945705747167           43.978379621844      10
v       14.626719323613           1.5893075486902           44.727773949227      10
v       14.043938664692          0.55873584039696           47.921119258955      10
v       14.045511718344          0.56056672534326           41.177395032962      10
v       14.044399629259          0.55927196667406           39.894096270344      10
v       14.044399629259          0.55927196667355           50.841464691396      10
v       14.045023926922          0.55999857690072           37.125291838316      10
v       14.044399629259          0.55927196667399           46.736201533502      10
v       14.901741412789           2.6235645568205           43.318181818182      10
v       14.901325779886           2.6211418209748           35.165038583772      10
v       14.901325780131           2.6211418224011           52.834961446239      10
v       14.901714052084           2.6234049008199           39.227391862315      10
v       14.901714052084           2.6234049008198           48.772608137685      10
v       14.919181232182           2.7306807460226           44.763987490487      10
v       14.613284164551           1.5540471336403           34.443224690089      10
v       14.613284164522           1.5540471335645           53.556775301659      10
v       14.610621845754           1.5471597605214           42.446575794776      10
v       14.613255023475           1.5539715701889            49.45417933881      10
v       14.613255023475            1.553971570189            38.54582066119      10
v       14.619666993134           1.5706928024204           55.802004425312      10
v       14.617508970765           1.5650436976371           32.153194320743      10
v       14.847914075349           2.3465141940312           57.768400096824      10
v       14.847914135871           2.3465144718022           30.231600606584      10
v       14.647206584506           1.6447680428021            45.63434324019      10
v       14.558266198901           1.4179375959831           43.495983022568      10
v      -11.590202586903           2.6270184464538           58.902332310674      11
v       11.590202691866            2.627015041415           58.902331729079      11
v      -9.5789473684211          0.55957270825129           58.044658086239      11
v       9.5789473684211          0.55957270825161           58.044658086239      11
v                   7.5           2.6231569285809           58.901671548232      11
v       5.4752619946577          0.56335519600884           58.047901267895      11
v                  -7.5           2.6231569285809           58.901671548232      11
v      -5.4715368338388          0.56335519600874           58.047901267895      11
v       3.4090909090909            2.623156928581           58.901671548232      11
v       1.3684210526316          0.55957270825184           58.044658086238      11
v      -3.4090909090909           2.6231569285809           58.901671548232      11
v      -1.5216690452567          0.56004131152416           58.045060628199      11
v      -10.233121994686           2.6264979927544           58.902243393391      11
v       10.233116120126           2.6264946371689           58.902242819962      11
v      -2.0450248177383           2.6233200277665           58.901699505475      11
v       2.3561430851267           2.6252794261702           58.902035035943      11
v      -6.1363089193893           2.6233201711347           58.901699530049      11
v       6.1363089193894           2.6233201711347           58.901699530049      11
v      -13.216081682496           1.2999213648747           58.506183636318      11
v        13.21609001002            1.299967465859           58.506204833186      11
v      -12.315789473684          0.53220155687458           58.020766825858      11
v       12.404550171691          0.59832834961964           58.077251381187      11
v      -2.7272725590416           1.4842460945457           58.585712162017      11
v       2.7272725590415           1.4842460945457           58.585712162016      11
v       -10.68835246109            1.527649853269           58.603011778482      11
v       10.605160612637           1.5429860317853           58.609002370432      11
v      -6.8181816499506           1.4842460945457           58.585712162017      11
v       6.8181816499506           1.4842460945457           58.585712162016      11
v       11.055288811429          0.59883007616804           58.077664335824      11
v      -8.1831646887855            1.484436948528           58.585789364915      11
v       8.1831646887855           1.4844369485281           58.585789364915      11
v      -4.0922555978764           1.4844369485279           58.585789364915      11
v       4.0922555978764            1.484436948528           58.585789364915      11
v      -12.609360553754           2.6250546416117           58.901996574881      11
v       12.609364819751           2.6250514697922           58.901996032118      11
v      -10.969187078047          0.54948424141334           58.035939669146      11
v      -8.2116921790385          0.55740754362937            58.04279538046      11
v       8.2103731339198          0.55751673361769            58.04288942682      11
v    -0.021620378156069          0.54945705747047            58.03591604099      11
v      0.75826039833406           1.5917287380881            58.62763002883      11
v      -6.8414646913967          0.55927196667263           58.044399629259      11
v        4.105903729656            0.559271966673           58.044399629259      11
v       2.7368421052632           0.5595727082252           58.044658086216      11
v      -2.8286781672445          0.56069760939922           58.045624046228      11
v        6.874708161696           0.5599985768991           58.045023926922      11
v      -4.1052631578947          0.55957270822579           58.044658086216      11
v     -0.68106215807063           2.6231570389452           58.901671567151      11
v      -8.8349199922798           2.6211398518432           58.901325441686      11
v       8.8349614162314           2.6211418209747           58.901325779886      11
v      -4.7726081376851           2.6234049008198           58.901714052085      11
v       4.7726081376852           2.6234049008198           58.901714052085      11
v      0.76492031009503           2.7306313230726           58.919173603952      11
v      -9.5567867020785           1.5540472380555           58.613284204818      11
v        9.556775309911           1.5540471336398           58.613284164551      11
v      -1.5480152819154           1.5470865526338           58.610593479738      11
v      -5.4541793388097           1.5539715701881           58.613255023475      11
v       5.4541793388097           1.5539715701883           58.613255023475      11
v       11.802004292894           1.5706929912462           58.619667065128      11
v      -11.846787938068           1.5650434213552           58.617508865018      11
v       13.768399393418           2.3465144718019           58.847914135871      11
v       -13.76828288628           2.3464757789382           58.847905705254      11
v       1.7036891000479           1.6663887018417           58.654985151817      11
v     -0.49220489588628            1.422498572723           58.560194511924      11
v       10.625772431937           2.3045919927995           41.236315498574      1
v       10.234796067567            2.235589150958            44.00000001231      1
v       8.2558630719069           2.3077702396312            42.63157908566      1
v      -8.7243468987225           2.2878041420853           43.999999999999      1
v       -3.986252656684           2.2855325824172           43.999999999999      1
v       5.4944464465698           2.2848196732865            44.00000009347      1
v      0.75409692192552           2.2846301193353                        44      1
v      -6.3564274459888           2.2833504931607           45.368421052631      1
v      -6.3564274459887           2.2833506124446           42.631578947368      1
v       10.234820934078           2.2378428120054           37.157851696742      1
v       9.0308333221832           2.2813246315812           39.243219173349      1
v      -1.7597629057443           2.2607490277617           34.720395922506      1
v      -1.6160778673793           2.2819007518381           45.368421052631      1
v      -1.6160778673792           2.2819007505008           42.631578947368      1
v       3.1242717112303           2.2815438752352           45.368421052631      1
v       3.1242671980441           2.2815435170896           42.631586764436      1
v      -8.7266022352937            2.281531846131           46.736842105262      1
v      -8.7239779882895           2.2818514844065           41.263157894736      1
v      -3.9862526566841            2.279535670819           46.736842105263      1
v      -3.9862526566839           2.2795397719603           41.263157894736      1
v        5.494446500535           2.2788219198055           46.736842105263      1
v      0.75409692192537           2.2786323625649           46.736842105263      1
v       5.4944454455177           2.2787753122208           41.263159844456      1
v      0.75406013355023           2.2786275693952           41.263234824773      1
v      -6.3564274459889           2.2775353765846           48.105263157894      1
v      -6.3564331236012            2.277541817502           39.894717105863      1
v       7.8646212898397           2.2764642533628           48.105263157894      1
v      -1.6160778673795           2.2760851475195           48.105263157894      1
v      -1.6163448952985           2.2760629373094           39.895108395006      1
v      -8.7266010395575           2.2759024499902           49.473686281601      1
v       3.1242717112302           2.2757282619683           48.105263157894      1
v       3.1241522299557           2.2757122558525           39.894894095018      1
v       10.234796079144           2.2579284329945           46.736842105263      1
v      -3.9862526566842           2.2739023645958           49.473684210526      1
v       5.4944216941556           2.2731853318154           38.526332185284      1
v      0.75409692192531           2.2729988934197           49.473684210526      1
v       5.4945165336288           2.2731979075942            49.47341648472      1
v      -3.9866494116509           2.2739815157256           38.526901167289      1
v      0.75282222008026           2.2728570749857           38.527917120995      1
v       7.8292092316365           2.2846576570441           37.096561785598      1
v      -1.6416865483795           2.2797101962297           37.122992847437      1
v       -6.356427445989           2.2720862774544           50.842105263157      1
v       7.8647171810928           2.2709797839325           50.841610567946      1
v      -1.6160778673795           2.2706848835699           50.842105263157      1
v       3.1237471228313           2.2702257913774           37.158222055736      1
v       3.1244947209166           2.2701883197634            50.84171899905      1
v      -9.9116933415393           2.2838022230651           51.566901559114      1
v       7.8646212806796           2.2819937978374           45.368421068497      1
v      -3.9852287716076           2.2688531069434           52.210526315789      1
v       5.4937904732481           2.2677572521823           35.791700313488      1
v      0.75282449076882           2.2676140375295           52.210526315789      1
v      0.47641450727865           2.2902115724292           54.573796088032      1
v       10.234796079144           2.2761301991425           49.473684210526      1
v       5.4978081570689           2.2676176767572            52.20068596389      1
v        10.23426004075           2.2721911157935           52.209279244842      1
v       2.6363494596386           2.3363386496704           53.628075302388      1
v       -9.919588976538           2.2897035542182           39.170988159843      1
v      -5.9935052101931           2.3146766009242           37.214155476854      1
v      -10.671844075022           2.2778005130506           48.105263157894      1
v       -4.027299174946            2.266008226551           35.860370378491      1
v       -7.550185049895           2.2743004885557           52.929940815171      1
v       8.2778811328837           2.2902510438446           53.587631332865      1
v      -3.0602505800581           2.3098858352249           54.615745224427      1
v      -8.3855555313224           2.3188140643145           37.237540023491      1
v      -10.672150983654           2.2780613695478           45.368421052631      1
v       9.0828584587793           2.2242585174935           35.103363350058      1
v      -10.672715731711           2.2788179545839           42.637128885013      1
v      -6.3797470800442           2.2643373905885           34.421052631579      1
v       5.3492407064968           2.2736671535724           33.442954365975      1
v       10.342088704306           2.2992581107336           54.757343413925      1
v       4.8510589185928            2.338763003742            54.48423880329      1
v       3.1436287910694           2.2834721159834           34.385708086579      1
v       1.1837558651145           2.3279708472006           35.758226375459      1
v      -8.8030209679228           2.0906966593772           34.414019676731      1
v      -10.547655901461           2.3550833681125           36.271356912559      1
v      -4.3035366259353           2.2860552080405           33.302930158991      1
v        -1.30909891388           2.2550347368487           53.167389829843      1
v      -9.6786845179975           2.3089464545121           53.890628102517      1
v   -0.0021148008340917           2.2122893137592           33.198827670569      1
v      -5.3557739966394            2.285781029534           54.118129402315      1
v       11.226031678497           2.1204017684008           39.123274687492      1
v       7.7011036265936           2.2613477975185           33.182828413768      1
v       10.722018849891           2.3382835839139           33.409534719755      1
v      -11.502824181632           2.0080982538167           40.591327629234      1
v       7.5065205394131           1.9867418938092           40.679791457288      1
v      -11.397276005114           1.9910399368277           50.079346139708      1
v      -10.806751612625           2.2634891110441           33.193248387375      1
v       2.0960451447381           1.9581596295087           55.828578855104      1
v      -7.8381926442797           2.1029436581333           55.136931618267      1
v      -11.444093785118           1.9094482910273           52.894818328403      1
v        12.13680588593           1.9037229842645           44.684210526316      1
v       2.0459746966832           2.0311918650166           32.545732423141      1
v       11.267000071949           1.9602165505377           35.377406053761      1
v       12.124825250545           1.8987327287088           47.421052631579      1
v      -11.604735017748           1.9866107092696           38.010587629246      1
v       12.209941736898           1.8766781876594           50.157894736842      1
v       6.8609733997434           2.1204863852467           55.179664853871      1
v      -2.0833333333333           2.0398805622283           32.578152693618      1
v     -0.69444444444445           1.8923569573118            56.20976452223      1
v      -7.5087394180479           2.0553536732116           32.610665839584      1
v       -11.29458956163           2.0329785053484           55.274363320037      1
v       6.2411054155876           1.9060691844354           31.666928791824      1
v       12.214099434193           1.8698931072956           52.887535499149      1
v       12.334318472628           1.8656443243019           42.162795250472      1
v       -12.36749923816           1.8667835443601           46.325529176245      1
v      -12.248526333854           1.8847181278252           35.042779100653      1
v      -12.403940488169           1.8555623135621           44.348194832509      1
v      -12.572327490465           1.8389698431445           48.272206171569      1
v       3.9042417257069           1.8566827253249           56.585393563516      1
v       12.390979515076           1.8692590099982           37.528538633578      1
v      -3.4722222222222           1.9338222741399            56.52741452405      1
v      -8.0561394844989           2.8266937663408           39.138897876558      1
v                 -6.25           1.9116445643781           56.364728982355      1
v       8.9405718892417           1.8955519805882           31.650442759765      1
v       8.8200875256793           1.8636468036837           56.242358584673      1
v      -12.546185906571           1.8798831862251           42.240876775797      1
v       12.553402074745           1.8312105507159           32.916979530595      1
v       12.710893877111            1.863638345429           40.292826753422      1
v      -3.9236843617522            1.851551796288           31.424608092536      1
v       12.559529016792           1.8372326303546           54.828979282768      1
v       7.2362461747121           2.8295717577283           39.008644272377      1
v      -8.1356643339015           2.7860271801863           51.188422885191      1
v      -12.772298879281           1.9379797222619           51.464251165676      1
v       -9.214788819316           1.8923068962507           56.536477021237      1
v       -9.137519763017           1.9056154292043           31.490256157161      1
v        7.217092731309           1.7848537223642           35.105263540899      1
v      -12.498400869436           1.9246791596866           32.187060651754      1
v      0.51622899855708           1.9206393638375           31.331415420118      1
v       3.9530827582265           1.9508576370873           32.108246170327      1
v      -5.8814942735387           1.8666957295924           31.532951286864      1
v       10.881013634839           1.7915940357304           31.467098981825      1
v       10.736308484079           1.8554201101484           56.617539592574      1
v      -12.831615124382           1.8134288561089           39.352949459804      1
v       6.5414128481271           1.7291353240327           42.632800150385      1
v      -7.2010919228719           2.8566562980235            35.94766704545      1
v       3.8015066057826            1.715992105608           52.410205396964      1
v      -5.6949256276347           1.7280149190477           52.433189803687      1
v       -12.64050440492            1.873703160247           56.659639612957      1
v       7.1610126911888           1.7425654999416           52.355357851651      1
v       9.0027036766836           2.8811708133603            40.89357131143      1
v        7.147401940847           2.8873793322807           43.875086480149      1
v      -5.5663691828872           1.5517253424579           43.999999999999      1
v     -0.82601960427765           1.5512609851387                        44      1
v       -7.936543972192           1.5511428767032           45.368421052631      1
v       3.9143299743319           1.5511434872934                        44      1
v      -3.1961943935825           1.5505041536116           45.368421052631      1
v      -3.1961943935824           1.5505054652227           42.631578947368      1
v      -7.9365439721919           1.5503381120849           42.631578947368      1
v       6.2845047636366           1.5502759250434           45.368421052631      1
v       1.5441551850271           1.5502153258855           45.368421052631      1
v       8.6546795529413           1.5436310743838           46.736842105263      1
v       1.5441589992225           1.5501869628977           42.631585553748      1
v      -5.5663691828873           1.5498647444648           46.736842105263      1
v      -5.5663777190327           1.5498658244138           41.263143109698      1
v     -0.82601960427781           1.5494015642891           46.736842105263      1
v      -7.9365439721921           1.5493440674485           48.105263157894      1
v       3.9143299743318            1.549287631887           46.736842105263      1
v     -0.82601960427767           1.5492638229012           41.263157894736      1
v       3.9143404549674           1.5492573206975           41.263191987579      1
v      -3.1961943935826           1.5487050479082           48.105263157894      1
v        1.544155185027           1.5484169761698           48.105263157894      1
v       6.2845047636365           1.5482949315004           48.105263157894      1
v      -3.1962348603745           1.5485278423845           39.894757782159      1
v     0.035955540328263           2.8865385511661           37.009674061872      1
v      -5.5663691828874           1.5481261207571           49.473684210526      1
v       1.5441546457796           1.5480276035499           39.894978817342      1
v     -0.82664691102126           1.5479901083336           38.526922915279      1
v     -0.82601960427789            1.547679748215           49.473684210526      1
v       8.6547757676773           1.5476095839928           49.473517561715      1
v       3.9143074363338           1.5476707111122           38.526575340642      1
v       3.9147777595518           1.5476384443937           49.473297803401      1
v       1.5441551850269           1.5471464043128           50.842105263157      1
v      -3.1961943935827           1.5467404582744           50.842105263157      1
v       12.690602946476           1.8143577664642           56.690603148793      1
v       6.2861016818894           1.5424123514348           50.839131493588      1
v      -12.881679716773           2.0095749345962           54.078774485438      1
v       5.7833693047507           1.9440779096074           56.791032047808      1
v       6.2676880881341           1.5432065952489           37.158462350489      1
v       8.6957140905053           1.5221033912415            44.07107394502      1
v      -7.1461655712236           2.9653187468724           49.475059023526      1
v       9.4549543591294           2.9498491474755           45.362682136267      1
v      -7.1461692513216           2.9659222485964           46.738298580268      1
v      -7.1443221146016           2.9669789739984           41.261692544058      1
v      -2.4014832577873           2.9467665280085            38.51699227529      1
v       -4.775934058323           2.9569522088766           50.843665714642      1
v      -7.1436985403074           2.9678674442448           44.000000029834      1
v      -4.7760750066131           2.9572063906837           48.106663820996      1
v      -3.1903373547528           1.5323436236587           37.172054138456      1
v      -4.7763238296944            2.957326744679           39.893761603635      1
v      -2.4059871037859           2.9493460202867           49.475017998777      1
v      -4.7760764398972           2.9582063277039            45.36990157153      1
v      -4.7760769930073           2.9582065619266           42.630099444937      1
v      -2.4059807817106           2.9499145859241            46.73826776835      1
v      -2.4061280950717           2.9499906801918           41.261989264352      1
v    -0.036064486920631           2.9422664054734           50.843060302171      1
v       1.4615903073068           2.8666068100874           34.044498640263      1
v      -2.4051138147275           2.9508916702697           43.999999999673      1
v    -0.035883875338081           2.9424719630458           48.106635391932      1
v      -10.958869122746           1.9767780630122           31.157330052525      1
v    -0.036705723549099           2.9427193822927           39.894526495559      1
v      -1.1789937829259            2.901710940573           54.823088232388      1
v       2.3331765214157            2.935514718947           38.525346864996      1
v       2.3341522092014           2.9359025875608           49.474897606653      1
v     -0.03588420582815           2.9434373031561           45.369871392708      1
v    -0.035911847645558           2.9434513672918           42.630176455625      1
v       2.3342142033111           2.9364136891954           46.738239840357      1
v       2.3341268284048           2.9364336206128           41.261871988615      1
v       2.3350624041297            2.937340534658            44.00000512416      1
v       4.7042276611258           2.9301911846573           39.893416644559      1
v       4.7042466081621           2.9302694609093           48.106494105795      1
v       4.7032207702883           2.9303672104509           37.157888951675      1
v       7.0743404070591           2.9249826474349           49.474769882484      1
v       4.7043142156633           2.9311658439575           45.369844146127      1
v       4.7043168346642            2.931161204487           42.630146126496      1
v        4.702293187857           2.9314681938599           50.839361955978      1
v       9.4473538735476           2.9245439699692           48.100890261137      1
v       7.0744536142456            2.925378908307           46.738147603843      1
v       9.7791291836118           1.6323820738685           42.510117225655      1
v      -5.5046380138877           1.5270264673061           38.633374997882      1
v       6.4808544052348           2.8700149361528           53.585612921438      1
v     -0.55867023662247           1.6846530371956           35.870189108838      1
v       3.9266874386542           1.5419795080557           35.811301625994      1
v      -5.5564170522984           1.5163566087214           35.772068301976      1
v       12.910877221833           2.0914752985255           34.660119046901      1
v       1.5794041366577           1.5351840292591           37.222595558908      1
v       6.1009755710779           1.5165857036436           39.894744351468      1
v      -7.1559603489756           1.6778286600472           38.273510111753      1
v       9.4434729390755           2.9284664632522           50.842268879715      1
v      -3.3012405798426           1.5562665075882           34.482665644135      1
v      -10.139500840776           2.9993752219965           40.687051663114      1
v       2.2768064770006           2.9695004798991           52.113331973331      1
v       10.989667655314           3.0418223167506           42.716561669629      1
v      0.82748469392737            1.677594299521            56.90381772578      1
v       8.7708331356651           1.5072908747173           52.009127715109      1
v      -9.8576734165232           3.0373174154055           37.655860937847      1
v      -12.909126906599           2.0504745774844           36.735869446883      1
v      -7.8098956916741           1.5059319588946           40.114098098653      1
v      -9.2206441458385           3.1069069703572           45.369897408222      1
v      -9.2204902302874           3.1068045096673           42.629724238109      1
v       3.3410204515347           2.8952495346207           55.096233419697      1
v       2.6728907478461           3.0999114388677           35.772593070018      1
v       10.712736358513           1.4871465574144           45.374621338465      1
v      -9.0420460921022           2.9969658536519           35.829155789405      1
v      -9.2182822898889           3.0937040370232           48.106940749228      1
v      -10.087026964229           3.0198016099349           50.082759448953      1
v       7.0376704686285           3.0862681791411           41.825087364683      1
v       12.834484241982           1.7598122013305            31.16551584655      1
v     -0.17040437399322            2.960572916282           34.757329639318      1
v        8.394013011581           3.1031335302414           52.160293359817      1
v      -2.8172210642966           1.5544132758162           53.154351811064      1
v       10.752545536319           1.5002210992288           50.842069820844      1
v       -10.29491921322           1.4481814893324           46.736842105263      1
v      -10.292630744219           1.4453785037483           44.000001154866      1
v      -4.5345069969949           3.1042203631829           37.199183264977      1
v       10.695711342636           1.4860468430185           48.105263157894      1
v      -10.330928824827           1.4710658830916           34.795385298972      1
v       9.0327198951755           1.4218653315983           37.871530517646      1
v      -5.7989801747334           3.0704026541987           33.028218279126      1
v     -0.64352469430547           1.4832588161253           51.891369515241      1
v      -8.2170837271633           1.5267834361248           35.714596412236      1
v      -13.108972568025            2.241121674581           49.829935063849      1
v      -2.3429858799238           2.2446262562648           30.898789745529      1
v       2.1274704408174           2.2074145746676            30.85127834703      1
v      -4.8049851452625           1.5213065193646           55.542471286421      1
v      -2.5561978368377           2.9998235275289           35.957978954629      1
v      -7.5415136449078           1.4107647109622           50.157894736841      1
v      -10.902958571824           3.1280699772212           43.854226367069      1
v      -2.4470287397567           2.9725452707504           52.139487678624      1
v       1.2575284684228            3.147138476126           53.459054410451      1
v      -10.872676567762           3.1578742582179           46.736948479343      1
v      -2.9283860701952           3.0361119086594           33.839963511893      1
v       6.7455127158411           3.1338060251212           51.635182102534      1
v       11.063881926751           3.0658374858222           47.892832743143      1
v       11.062942240247           3.0622268893054           45.589287452509      1
v      -9.8875278370472           1.4038250132492           50.157894736841      1
v       9.0307725309666            3.123933275115           37.834916532597      1
v      -10.143612845209           1.4954292616269           41.316878443592      1
v      -8.7265544085831           1.4034522445456           52.210621583555      1
v       1.3025400572812           1.4751572546668           53.480306451638      1
v       6.5090612291465           3.0867152385712           37.568483913341      1
v      -6.0010024063657           3.1605791577634           38.589965897052      1
v      -1.9855671968911           2.2515027872464           57.179356689445      1
v       12.950115841702           2.3516437585971           46.057039370059      1
v       11.400900844161           1.3835846083039           43.348668343992      1
v       6.2814153406568           3.0161614073173           34.566281896846      1
v      -8.9157619461206           3.0548813197733           52.574040706853      1
v       11.057666734543           3.0939572973498           50.628189158338      1
v       9.6874800602532           3.0883666179238           53.500205314371      1
v       12.980391653588           2.3356084057606           48.767798300056      1
v      -8.7283316932322           1.4089076643422           38.527383739222      1
v      -4.9100985174304            2.250106989835           57.237879871433      1
v       4.5736413516907           3.0772864013034           34.671537884501      1
v       10.232589420848             3.08222492928           39.907030496644      1
v       4.8893535706499           2.2376229433862           30.779174785442      1
v        4.379537646938           3.1211416658052             53.0918477638      1
v       9.4998140837741            1.418880591628           40.578947472838      1
v       13.179205300745           2.2862760964244           43.491357356252      1
v      -4.9151263408582           3.0215212789056           34.668472381851      1
v       6.4659950201645           3.1286115240298           40.354001802807      1
v      -9.0017352800584           2.9591860915277           32.792389598677      1
v      -7.5841002829939           1.6426860765139           31.021252595289      1
v       6.2584945689852           3.1153000030265           45.160103569782      1
v      -6.3720324778407           3.1686709315455           52.333280703448      1
v      -2.1686094656341           1.4725030304288           55.680382119778      1
v      -6.4279305846641           3.0103377996941           55.144456828409      1
v       9.1713578267666           2.9924696971223           33.596840239561      1
v       7.7430439172058           1.3864215372467           38.736894164411      1
v       6.2594351875627           3.1141497397437           48.062704708364      1
v       -10.16474948385           1.4735287593032           37.547202323851      1
v       6.9273822703493           3.0554168461183           36.027869559896      1
v        8.839693303047            2.958647683421           54.997305548396      1
v      -10.884123579269           1.8593244090634            56.93113137041      1
v       3.8857657864181           3.1097870392004           38.573898908046      1
v       3.8866622832067            3.109634751883           49.426420025922      1
v       3.8848599970475           3.1093098818385           46.686591103021      1
v       3.8848028967561           3.1093027894291            41.31340830459      1
v       5.7703755470168           1.4435343442136           53.538028494365      1
v       3.8840995523328           3.1094154163645           44.055434300963      1
v       1.5118585700314           3.1047238223685           39.949298156752      1
v       -5.677697725012           1.4561867194784           33.086578578221      1
v       1.5123392639491           3.1048561137094            48.05073264133      1
v        13.02597623979           2.3398595605825           51.522635092913      1
v       1.5105597833258           3.1047378243771           42.691012231167      1
v       1.5105676291599           3.1047512200225           45.308983658135      1
v       2.5765200784145            2.375793213763           57.281916757846      1
v     -0.86143735479648            3.092990186387           38.275894631027      1
v     -0.85979741368854           3.1009691734476           49.415555936067      1
v        10.78691084231           1.4742552932774           53.470825752524      1
v      -11.121996968459           3.0128664189075           34.932962151294      1
v     -0.86188530356703           3.1004514335192           41.324660923879      1
v     -0.86183656935439           3.1005162796258           46.675304457097      1
v       8.6286657376943           3.1131004696534            49.42307922465      1
v      -3.2312786214009           3.0974361948854           50.781364368617      1
v     -0.86271303018562           3.1004624543279           44.066969365439      1
v       1.5049922050052           3.0953326112059           50.774900127965      1
v       9.4785460250595           3.1711671422916           43.025971008744      1
v      -3.2338392571291           3.0968518775605           48.040361374949      1
v      -3.2339715157736           3.0967514599616            39.95976687488      1
v      -3.2357648622417           3.0965801631795           45.298316303761      1
v       -3.235766038594           3.0965808155546            42.70168518994      1
v       8.6275105188814           3.1070933781199            46.68133468653      1
v      -5.6054557391657           3.0937458276821            49.40609482895      1
v        -5.60765243949           3.0931489055292           46.665579218804      1
v      -5.6059218732432           3.0929775180497            41.33359814699      1
v       11.224024198723           3.0716181815885           53.142338794689      1
v      -5.6071447330932           3.0928112968151           44.076215241106      1
v      -10.473276320156           3.1369091839578            52.76025301186      1
v      -6.7611410359319           1.4882132103327           54.100815298028      1
v      -11.309838662244           3.0265744246929           39.154078087889      1
v      -13.204954936067           2.3206180332157           30.768785112744      1
v       1.5699440524699           3.0911643574262           37.177593609126      1
v      -4.0506070487505           3.0889585756856            53.60249753002      1
v       13.224025163815           2.3215331502219           38.833710691542      1
v      -7.7023232207642           1.5829536664001            56.93378512346      1
v       -1.034256257453           1.5003782033447           31.477940021233      1
v      -7.2878036412752           3.2833955230759           37.750008917807      1
v      -13.009005794364           1.5971413324263           33.666225880403      1
v      -2.2437213521162           1.5077187482381           35.954397815031      1
v       8.7733552904244           3.2656296242645           36.268905051313      1
v      -7.3067486248423             1.41073684283           51.661863574828      1
v       12.844514000902             1.49625934001           36.091912207962      1
v      -4.7048029604015           1.5113139979063           37.336765854476      1
v       5.0569872893434           1.4656721363455           42.800543280193      1
v       3.0686240865988           1.4257870809488           54.776807985749      1
v      -5.0740340506702           1.4782691460032           51.063573965831      1
v      -11.420695012204           2.7493779204293           51.557693700033      1
v       11.245477177434           3.0855124837799           37.934970528829      1
v       11.262701591928           3.0790976073961           36.411507174272      1
v       7.4133824421559           2.2834594931974           57.079015933662      1
v      -4.3846462712648           2.9985724360291           55.149617860084      1
v       4.3896178113862           1.4652783618915           51.039510091912      1
v       7.5852924101592           1.5522568008899           30.972888016194      1
v      0.45958267229606           1.4643718248521           34.575753953062      1
v      -1.2000100651724           1.3996203053328           33.617688895237      1
v      -9.4193481635386           1.4811770074596           48.390523586784      1
v       4.0404387185303           3.1547998875101           33.162295103672      1
v       2.1199843612073           1.4832032254767           52.224243498132      1
v       7.8510613797595           3.0944173212711            34.50826656608      1
v       9.0497128437633           1.3959958028886            33.72734047519      1
v       9.2483593041528           1.3932302215119           36.366305724939      1
v        5.843055619809           1.4191824650091           34.589241726702      1
v      -4.1629825305232           1.3663003428765           53.855033728197      1
v      -8.2850560189862           3.1568614501523           54.031506076333      1
v      -7.3354703452905           1.4841125091615           44.000019591866      1
v      -7.0514383790431            1.483502648861           41.427815169798      1
v      -7.0509708726626           1.4830325794101           46.571342536233      1
v      -1.2930963729376           3.1060643973308           33.455811986473      1
v     -0.16499715588978           3.2218658971666           52.945388656329      1
v     -0.81488915934922           1.4639091844795           54.396798621801      1
v      -13.095262716535           2.3727486329669           40.824970095776      1
v      -4.6769902960261            1.479181799698           45.196328492557      1
v      -4.6769903113439           1.4791818756423           42.803671412481      1
v      -4.6765761339339           1.4786774283648           47.932457603766      1
v      -4.6766699143713           1.4787174224733           40.067428090755      1
v       -2.611969047226           1.4755173215944           43.999999964062      1
v      -2.3028357614295           1.4750661963338           41.442147269192      1
v       -2.302802352921            1.475038727815           46.557802391202      1
v      -2.3025988700547           1.4747492083311           49.294297387132      1
v      -2.3022892716086            1.473843164273           38.707014315976      1
v     0.070577811654656           1.4718121799248             42.8161688918      1
v     0.070581342748563           1.4718071759332           45.183823396927      1
v     0.070848243777919           1.4714044721175           40.079839539563      1
v     0.070970641444538           1.4713198875876            47.91999570496      1
v       2.1151060446567           1.4687337168657           44.000004943175      1
v       2.4441512627211           1.4682978143227           46.546369004814      1
v       2.4441522508107           1.4683068394559           41.453629459766      1
v       2.4446970613787           1.4680327816064            49.28270257172      1
v      -9.4194239543543           1.4815356667371           45.527875783584      1
v      -7.7318457691227           3.0279164604892           45.368663094133      1
v       2.4444716117493           1.4678890611365           38.717578376747      1
v      -5.7021304825823           3.1584357605773           35.972485848849      1
v      -7.7315272355365           3.0272629393221           42.630960662202      1
v       11.295545329534           1.3086548758904           40.363587404554      1
v       4.4790789300502           1.4655776064211           45.368363659549      1
v       4.8172887449819           1.4652226211529           47.909653118997      1
v      -9.4195426899307           1.4817832065771           42.789498928734      1
v       4.4784843911547           1.4650853850335           39.894925197706      1
v      -7.7255082203109            3.108806627239           48.106711155882      1
v        7.226414727331           1.4534926004951           44.231448469144      1
v       1.7115176938709           3.1181047360036           54.915260305487      1
v        7.189782527669           1.4626048704231           46.936692236358      1
v      -1.0675030964456            3.259313370794           36.043126074624      1
v       7.1900893048139            1.462574583604           49.273622693654      1
v        9.215573132645            1.462480105733           48.104386690463      1
v      -6.9031360514002           1.3410885303466           36.469164320711      1
v       4.8012679244095           1.4652247383451           37.344397334198      1
v       11.287638202083           1.3044497897388           36.702685896776      1
v       -7.554831230073           3.0985815763114           33.788269864205      1
v      -9.2120414300377           2.8893184297941           55.296598147327      1
v       8.2184868635109           1.4317666529485           54.878818114764      1
v     0.093265626165535           1.4484869973548           50.618239033444      1
v      -11.444045266696           1.2648174116264           51.526315789474      1
v      -13.467084754155           2.3285029265755           47.200741509392      1
v       9.2567478012936           1.4442575207058           45.413625496494      1
v       8.5834528834028           2.9848244709215           44.178240453198      1
v      -8.8789300825748           1.4145605918362           33.012193812255      1
v      -11.410586906015           1.2820198626097           39.301259053387      1
v       0.1100386515038           1.4563015004024           37.384287756831      1
v       4.3826343925348           1.4476572539008           34.241617785909      1
v       6.0955723898193           3.2915067872165           42.933012013784      1
v       10.323098280143           3.2135024141922           35.139812323412      1
v       2.4346626065523           1.4940237826673           35.485212602554      1
v      -7.5737836118359           1.4134618533593           33.994612331669      1
v       -13.30125441449           2.5281674998641           45.349949686558      1
v      -2.0976767586494            1.389451548697           51.897989809588      1
v      -11.668677690345           1.4953028425172           43.223487165807      1
v       10.047045091961           1.2971554534135           38.906166522734      1
v      -9.2684286532215           1.4204582280491           40.148861065024      1
v       6.4613351564664           3.0003465672438            32.70101855948      1
v       9.4035864690062            1.419799162134           53.993021410451      1
v      -8.4960577106327           1.3845510599622           53.705273204097      1
v      -4.7991736955634           1.4989413266007           34.478473862745      1
v      -10.952062091207            3.112743688583           54.226805364573      1
v       4.1160960766352           1.3019092044775           53.771422518458      1
v        -10.1166380351           1.3371938407287            52.66445043446      1
v        -11.5572106039           1.2512930479281           47.421052631579      1
v       11.979247445828           1.2709585012843           46.052631578947      1
v      -11.231894511517           3.1529879809759            49.15693195616      1
v      -11.549768204173           1.2602258034377           36.430712333272      1
v       11.969842437598           1.2811648676361            48.78947368421      1
v       8.4554686346139           1.3695597932271            41.56312012632      1
v      -13.405736404526           2.3554250894632            43.36298553142      1
v       11.092202284531           3.3608701445732           44.094232778056      1
v      -13.450344324106           2.3670445947723           38.088458270443      1
v        3.639757942796           3.2569704092172           51.753175622146      1
v      -11.245777172009           3.1677826403392           41.627847847347      1
v      -11.404532955267           1.2333062398164           48.855834292166      1
v       12.024607831798           1.2747728469438           51.526315789473      1
v        6.028205807244           3.2581167107214           50.398664722116      1
v      -1.0674202684769           3.2894875571556           51.807340545879      1
v       13.378657202566           2.4406723804838           53.691661462899      1
v      -4.9524475908926           2.3285864725658           30.512198132262      1
v      -6.8328172989677           3.2930785754447           53.741728011265      1
v      -3.0983044033778           3.1907475938775           37.279446111826      1
v      -9.8394775934625           1.4829917001314           55.185153231511      1
v       11.724154353052           1.4326525003636           34.074200073988      1
v       9.3403737879607           1.4111366156481           50.710748671798      1
v       1.9365365660862           1.4234403398279           34.051600982109      1
v       9.5902176760645           2.4797955319994           57.403651232792      1
v       13.525461555775           2.2133208424137           47.366089692118      1
v       7.1727372384037           1.4080625783348           53.882599482249      1
v        1.377480911992            1.265099554399           54.856064589086      1
v       8.3045341290652           3.3877903181718           39.763105004507      1
v       10.314120044753           1.2918596769938           34.475137350552      1
v      -8.2451222198523           3.3396626144287            40.44803524619      1
v      -2.3798583293611           3.2036550143518           53.620691608386      1
v        6.515801559999           1.3774461556229           33.270322012726      1
v       6.4721870610459           1.2695282301658            41.30601310968      1
v       -6.848205633363           1.2661959672766           48.945701200552      1
v       11.570065456228           2.7533165906159           49.207267253217      1
v    -0.056151057710481           1.6218587231384            53.15890431766      1
v       4.8272462466416           1.2685512752578           55.547170285555      1
v       12.328325453537           1.2336907450255            39.00547970474      1
v       7.6043002551372           3.2800295869517           54.362026905033      1
v       5.8955082158222            3.285131250368           54.853695667817      1
v       6.3762815718662           1.2003970584358           38.570094214566      1
v       11.545715927884           2.6505293871358           55.610898277918      1
v       -11.23296765758           3.1504597864087           37.253228738903      1
v       11.575118941955           2.8266768643674             40.3106834738      1
v      -9.9568068268748           3.1476778381543           34.026215965522      1
v       -9.542558401338           1.3162165321063            36.25183460454      1
v      -8.7137319136108           1.1406261577692           50.842118640827      1
v      -4.9712627634671           3.2328733751018             52.5353549315      1
v       11.279143824704           1.2012082518863           38.085873485414      1
v      -11.396713642549           1.1906254160211           41.850953371257      1
v      0.93877401821616           3.2101034013394           32.740955411962      1
v       9.8484745242385            2.408959779361           30.578637489968      1
v       4.8611111111111           2.6880814661341           55.888121537274      1
v       2.5825784300682           3.3085113621648            33.20831240184      1
v      -13.053442181495           1.4296396265968           52.776939454629      1

# 7380 tetrahedra
t 1396 1562 1357 1755 0
t 535 539 540 1506 0
t 780 1580 585 1597 0
t 331 1729 1225 1760 0
t 1569 1753 1521 1811 0
t 428 1586 1536 1963 0
t 573 1570 1467 1750 0
t 535 1506 540 1644 0
t 573 1467 1684 1750 0
t 539 540 1506 1592 0
t 581 1558 1538 1595 0
t 1569 1521 1753 1934 0
t 1580 1597 1549 1845 0
t 1356 326 1364 1570 0
t 193 192 420 1554 0
t 585 1597 1580 1845 0
t 1330 386 1325 1572 0
t 770 1572 1553 1823 0
t 428 1536 740 1963 0
t 651 1531 748 1573 0
t 1347 1576 387 1827 0
t 1553 1572 770 1722 0
t 77 1564 1542 1585 0
t 693 1516 1644 1847 0
t 760 770 1553 1823 0
t 1506 1592 540 1644 0
t 193 192 1554 1791 0
t 1551 1762 541 1773 0
t 77 1542 1564 1737 0
t 1364 1570 326 1584 0
t 389 1357 1562 1755 0
t 428 784 1586 1963 0
t 1476 1833 1742 1913 0
t 1169 1731 1526 1737 0
t 1531 748 1573 1719 0
t 1538 1558 581 1944 0
t 1467 1570 573 1879 0
t 753 1550 215 1971 0
t 1542 1564 425 1585 0
t 41 1565 1518 1699 0
t 1003 1696 1523 1951 0
t 1214 1518 1127 1667 0
t 386 1572 1330 1823 0
t 747 1531 651 1571 0
t 1569 1788 1753 1811 0
t 431 1591 1553 1902 0
t 431 787 1591 1902 0
t 585 1549 1597 1845 0
t 78 77 1542 1585 0
t 675 541 1762 1773 0
t 693 1644 1592 1847 0
t 813 78 77 1213 0
t 1688 1707 1677 1758 0
t 57 58 1573 1733 0
t 389 1562 1357 1788 0
t 1536 1586 428 1794 0
t 77 78 1542 1737 0
t 1518 1699 1554 1886 0
t 1058 1704 1483 1736 0
t 1123 1470 1704 1733 0
t 1470 1123 1705 1733 0
t 896 1508 1588 1646 0
t 1477 1742 1833 1913 0
t 1138 1492 1148 1578 0
t 723 573 1570 1879 0
t 428 740 784 1963 0
t 896 898 1508 1646 0
t 894 1588 1513 1711 0
t 581 1595 1538 1905 0
t 1008 1057 1058 1483 0
t 420 1554 192 1575 0
t 1058 1483 1710 1736 0
t 1351 1356 326 1364 0
t 1097 1606 1467 1802 0
t 1592 1644 1516 1847 0
t 1058 1483 1057 1710 0
t 757 760 770 1553 0
t 1139 896 898 1508 0
t 1003 1107 1523 1696 0
t 1008 1483 1058 1704 0
t 1006 1123 1005 1470 0
t 1565 1855 1518 1948 0
t 192 1575 1554 1791 0
t 1123 1470 1006 1704 0
t 1531 1571 747 1718 0
t 716 719 1482 1829 0
t 1005 1470 1123 1705 0
t 1148 1138 980 1492 0
t 334 1351 326 1364 0
t 1716 1770 618 1855 0
t 1753 1788 1569 1934 0
t 78 1585 1542 1724 0
t 1148 1492 980 1951 0
t 1506 539 1592 1846 0
t 810 77 76 1194 0
t 701 514 629 1534 0
t 779 1536 1581 1598 0
t 326 1570 26 1584 0
t 895 1588 1496 1646 0
t 1526 1169 1737 1764 0
t 431 1553 1591 1665 0
t 1412 332 1454 1575 0
t 1347 387 1388 1827 0
t 693 1592 540 1847 0
t 960 1504 959 1655 0
t 75 1545 76 1821 0
t 1356 326 1570 1763 0
t 1469 1600 559 1885 0
t 410 768 1535 1595 0
t 79 1596 1585 1724 0
t 757 1553 770 1722 0
t 693 540 1592 1644 0
t 1325 1572 386 1702 0
t 78 79 1585 1724 0
t 514 1534 701 1891 0
t 1545 1558 664 1594 0
t 670 693 540 1847 0
t 331 1595 1729 1760 0
t 1492 1649 980 1951 0
t 960 1504 1655 1747 0
t 669 1542 425 1585 0
t 1356 1570 1395 1763 0
t 514 1689 1534 1891 0
t 479 1500 476 1831 0
t 672 559 1469 1600 0
t 1148 1578 1492 1951 0
t 1469 1606 977 1802 0
t 1267 1591 1227 1665 0
t 1535 1568 410 1595 0
t 651 1571 1531 1573 0
t 1542 1585 1596 1724 0
t 893 894 1513 1711 0
t 627 1564 1542 1695 0
t 724 1503 728 1837 0
t 60 1574 1571 1736 0
t 751 1556 688 1567 0
t 1742 1759 1477 1833 0
t 959 1504 960 1720 0
t 790 1577 1529 1730 0
t 701 1534 629 1909 0
t 204 1567 429 1642 0
t 688 429 1567 1642 0
t 688 1567 1556 1642 0
t 777 1835 1581 1896 0
t 931 1501 1587 1765 0
t 71 1568 1535 1595 0
t 624 1536 428 1794 0
t 1545 76 1821 1853 0
t 405 1545 664 1594 0
t 701 1891 1534 1909 0
t 1003 1107 1696 1951 0
t 1550 1856 215 1971 0
t 334 1364 326 1584 0
t 777 1563 1835 1896 0
t 989 1677 1707 1758 0
t 1753 1788 18 1811 0
t 1477 1762 1551 1773 0
t 616 1716 618 1855 0
t 1003 1523 1578 1951 0
t 777 1581 426 1896 0
t 960 1720 1504 1747 0
t 1529 1577 790 1770 0
t 719 1625 1482 1829 0
t 1267 1262 1227 350 0
t 377 1451 1416 1456 0
t 1290 1325 1330 386 0
t 1351 1364 334 1584 0
t 1529 1770 1716 1855 0
t 233 423 1595 1729 0
t 346 390 1219 1838 0
t 1347 1368 1576 1827 0
t 931 1587 1501 1746 0
t 990 1086 1511 1677 0
t 204 1604 1567 1642 0
t 618 1716 1529 1770 0
t 498 1492 646 1693 0
t 58 57 1573 1928 0
t 434 691 1499 1923 0
t 585 430 780 1597 0
t 41 322 1565 1699 0
t 897 895 1496 1646 0
t 1084 1497 1068 1676 0
t 921 1498 1111 1675 0
t 777 189 426 1581 0
t 1003 1578 1523 1701 0
t 434 1499 1721 1923 0
t 77 1213 78 1737 0
t 1213 1542 78 1737 0
t 779 740 1536 1598 0
t 672 559 1600 1885 0
t 951 1137 1067 1505 0
t 1096 1023 1112 1502 0
t 1096 1502 1112 1801 0
t 779 1536 623 1581 0
t 61 1574 60 1736 0
t 918 1121 1481 1679 0
t 917 1482 919 1680 0
t 1137 1067 1505 1668 0
t 215 1856 1582 1971 0
t 1502 1669 1112 1801 0
t 1097 1467 1698 1802 0
t 42 1554 1699 1886 0
t 751 1556 1544 1921 0
t 39 1529 1667 1770 0
t 1571 1736 1574 1922 0
t 559 672 1469 1927 0
t 404 1855 1565 1948 0
t 61 1525 1574 1736 0
t 1214 1735 1518 1854 0
t 429 751 688 1567 0
t 1067 951 1505 1668 0
t 479 1639 1500 1831 0
t 665 664 1545 1558 0
t 805 28 27 875 0
t 940 931 932 1501 0
t 1112 1502 1023 1669 0
t 1089 950 920 1490 0
t 1110 1027 982 1488 0
t 1367 1357 1396 1562 0
t 1138 1492 1578 1747 0
t 209 1727 409 1933 0
t 940 1501 932 1779 0
t 1601 1709 991 1894 0
t 921 1111 1498 1785 0
t 1068 1497 1084 1787 0
t 1186 1476 1825 1834 0
t 204 1306 1604 1642 0
t 209 208 409 1727 0
t 392 1454 332 1575 0
t 932 1501 931 1779 0
t 895 1588 894 1711 0
t 936 1487 934 1683 0
t 1482 1611 716 1829 0
t 991 1709 1093 1894 0
t 920 1490 950 1673 0
t 982 1488 1027 1672 0
t 777 189 1581 1835 0
t 433 1519 644 1926 0
t 990 943 1086 1677 0
t 951 1137 1505 1792 0
t 724 1641 1503 1837 0
t 1084 1068 937 1676 0
t 921 1111 926 1675 0
t 914 915 913 1473 0
t 1096 1023 1502 1793 0
t 952 1000 954 1495 0
t 906 922 1083 1494 0
t 1232 1596 341 1767 0
t 919 1482 917 1789 0
t 918 1481 1121 1790 0
t 920 1089 1490 1673 0
t 1027 1488 1110 1672 0
t 934 936 935 1487 0
t 585 1549 430 1597 0
t 930 1153 925 1489 0
t 918 929 1121 1679 0
t 1141 917 919 1680 0
t 740 1598 784 1963 0
t 778 421 1838 1953 0
t 936 935 1487 1781 0
t 930 1489 925 1782 0
t 1070 1493 1071 1682 0
t 1212 1739 1499 1740 0
t 1522 1602 512 1843 0
t 958 1504 959 1720 0
t 1335 1604 1306 1642 0
t 958 959 960 1720 0
t 934 1487 935 1781 0
t 925 1489 1153 1782 0
t 1181 1647 1802 1929 0
t 849 42 41 1127 0
t 1182 1467 26 1698 0
t 897 1588 895 1646 0
t 1290 353 1330 1823 0
t 346 1219 1263 1838 0
t 1466 1565 1450 1699 0
t 950 1490 1089 1796 0
t 1247 1729 1595 1760 0
t 1110 1488 982 1797 0
t 982 1488 1672 1787 0
t 950 1673 1490 1785 0
t 1498 1111 1675 1779 0
t 1133 902 927 1500 0
t 1084 1497 1676 1780 0
t 922 1083 1494 1793 0
t 1070 946 1071 1493 0
t 913 1473 915 1674 0
t 914 915 1473 1674 0
t 952 1495 954 1666 0
t 907 910 909 1479 0
t 1088 912 1078 1480 0
t 1232 341 1221 1767 0
t 928 1028 933 1472 0
t 208 650 1552 1589 0
t 1558 1595 423 1729 0
t 1530 1578 1002 1701 0
t 958 956 959 1504 0
t 76 75 817 1853 0
t 1262 350 1267 1591 0
t 1505 1137 1668 1817 0
t 906 1494 1083 1803 0
t 609 1522 512 1843 0
t 954 1495 1000 1804 0
t 1139 898 947 1508 0
t 928 1472 933 1784 0
t 913 914 1473 1800 0
t 399 362 1337 1604 0
t 212 1289 211 1571 0
t 1519 1717 644 1926 0
t 342 1347 1358 1368 0
t 1518 1667 1214 1854 0
t 1028 1472 928 1784 0
t 476 1500 1631 1831 0
t 1133 1500 927 1799 0
t 600 598 1483 1841 0
t 1450 1565 322 1699 0
t 903 1145 905 1485 0
t 978 1082 1024 1486 0
t 512 1602 1522 1920 0
t 922 1494 1664 1793 0
t 391 1579 1430 1820 0
t 1133 902 1500 1808 0
t 390 1231 1241 1568 0
t 946 1493 1070 1774 0
t 624 740 428 1536 0
t 907 910 1479 1805 0
t 912 1078 1480 1806 0
t 1136 1587 931 1746 0
t 390 1231 1568 1760 0
t 845 55 1105 1932 0
t 1451 1456 377 1590 0
t 349 1690 1388 1827 0
t 208 1552 409 1727 0
t 344 1410 1451 1820 0
t 952 1000 1495 1666 0
t 713 1521 1794 1934 0
t 739 713 1794 1934 0
t 956 1504 958 1940 0
t 922 1494 906 1664 0
t 391 1420 1410 1430 0
t 1231 1219 390 1241 0
t 1127 1518 41 1667 0
t 909 907 1479 1797 0
t 1088 1480 1078 1796 0
t 334 326 26 1584 0
t 901 899 1081 1491 0
t 1088 1671 1480 1796 0
t 909 1479 1670 1797 0
t 1464 1337 362 1604 0
t 578 1509 726 1605 0
t 938 1780 1503 1935 0
t 1139 1508 947 1769 0
t 1002 1578 1530 1822 0
t 1063 965 1064 1471 0
t 73 331 1595 1729 0
t 1289 1571 212 1573 0
t 990 1677 1511 1707 0
t 1145 1485 903 1809 0
t 512 1522 609 1920 0
t 999 1509 1694 1715 0
t 1024 978 1486 1810 0
t 1574 1736 1525 1922 0
t 912 1480 1088 1671 0
t 909 1479 910 1670 0
t 1503 1637 728 1837 0
t 1225 1729 1247 1760 0
t 1060 897 895 1496 0
t 931 1675 1501 1765 0
t 1008 1648 1483 1875 0
t 675 1762 1477 1773 0
t 921 923 1111 1785 0
t 1495 954 1666 1792 0
t 1508 1651 947 1769 0
t 1479 910 1670 1800 0
t 1071 1493 946 1774 0
t 1025 1068 1084 1787 0
t 1086 990 1511 1817 0
t 905 903 1485 1803 0
t 1082 1486 978 1804 0
t 431 632 787 1902 0
t 1066 1152 1059 1474 0
t 1113 985 981 1475 0
t 919 917 916 1789 0
t 918 1121 1122 1790 0
t 66 1604 357 1642 0
t 406 651 748 1573 0
t 1008 1056 1483 1648 0
t 740 1536 1598 1963 0
t 1454 1575 392 1643 0
t 672 1600 1469 1927 0
t 1063 1471 1064 1812 0
t 1182 1097 1467 1698 0
t 1399 1583 1342 1713 0
t 498 1492 1693 1703 0
t 41 372 322 1699 0
t 986 1006 1470 1875 0
t 986 1470 1005 1878 0
t 721 1472 464 1885 0
t 1568 1595 71 1760 0
t 390 70 1568 1838 0
t 1057 1483 1056 1884 0
t 913 1473 1674 1790 0
t 1473 914 1674 1789 0
t 985 1475 1658 1812 0
t 902 927 1500 1656 0
t 899 1491 901 1808 0
t 234 1595 1568 1760 0
t 959 1504 956 1650 0
t 735 1846 734 1893 0
t 1057 1008 1056 1483 0
t 940 1677 1501 1779 0
t 1145 905 1485 1659 0
t 1024 1486 1082 1660 0
t 1113 985 1475 1658 0
t 1493 1678 1070 1774 0
t 939 1780 938 1935 0
t 1463 398 360 1640 0
t 1121 1481 1679 1781 0
t 1482 919 1680 1782 0
t 1420 1430 391 1579 0
t 986 1652 1470 1878 0
t 1060 1646 1496 1884 0
t 986 1470 1652 1875 0
t 783 429 204 1567 0
t 1564 1821 76 1853 0
t 627 425 1542 1564 0
t 897 1496 1060 1646 0
t 1055 1799 1510 1936 0
t 982 1672 1027 1787 0
t 920 1673 950 1785 0
t 561 560 1520 1605 0
t 360 398 1463 403 0
t 402 399 362 1337 0
t 936 1487 1683 1774 0
t 901 1491 1081 1653 0
t 980 1492 961 1655 0
t 208 1589 1552 1727 0
t 965 1064 1471 1805 0
t 965 1471 1063 1806 0
t 1569 18 1788 1811 0
t 594 1814 1603 1826 0
t 947 1508 898 1651 0
t 651 747 748 1531 0
t 1070 1493 1682 1798 0
t 740 623 779 1536 0
t 1500 1656 927 1799 0
t 72 1595 331 1760 0
t 1003 1523 1061 1701 0
t 1005 986 1006 1470 0
t 519 1507 639 1904 0
t 59 867 1165 1531 0
t 406 1573 748 1719 0
t 1491 1081 1653 1809 0
t 980 1492 1655 1810 0
t 39 1667 40 1770 0
t 999 995 1509 1715 0
t 651 212 211 1571 0
t 1463 360 1400 1640 0
t 331 72 73 1595 0
t 1166 1165 867 1531 0
t 909 1670 910 1800 0
t 760 1553 431 1593 0
t 1008 1056 1648 1875 0
t 1152 1059 1474 1809 0
t 1113 1475 981 1810 0
t 1468 564 1708 1900 0
t 905 1485 1659 1803 0
t 1082 1660 1486 1804 0
t 423 1558 581 1595 0
t 936 934 1149 1683 0
t 344 1430 1410 1820 0
t 431 1553 632 1902 0
t 405 665 664 1545 0
t 1483 1648 1056 1884 0
t 1420 1579 391 1757 0
t 1012 1799 1055 1936 0
t 1552 409 1727 1933 0
t 1548 1838 421 1953 0
t 1502 1661 1096 1793 0
t 949 1801 1512 1931 0
t 525 1511 528 1908 0
t 232 423 233 1729 0
t 1485 1145 1659 1805 0
t 1024 1486 1660 1806 0
t 1066 1152 1474 1812 0
t 464 1472 658 1880 0
t 371 1594 75 1821 0
t 209 1574 1727 1933 0
t 1492 1685 646 1693 0
t 965 1471 1663 1805 0
t 965 1663 1471 1806 0
t 1111 1668 1498 1785 0
t 893 894 892 1513 0
t 664 1558 232 1594 0
t 1497 1669 1084 1787 0
t 387 349 1388 1827 0
t 703 1468 564 1708 0
t 1358 342 1368 1576 0
t 1508 898 1651 1808 0
t 1535 1568 71 1915 0
t 1227 1591 375 1665 0
t 936 1487 1676 1781 0
t 930 1675 1489 1782 0
t 1107 1061 1003 1523 0
t 1463 1400 360 403 0
t 1337 362 402 1464 0
t 1137 1067 1668 1817 0
t 1113 985 1658 1812 0
t 67 1583 1549 1597 0
t 518 639 1507 1865 0
t 651 212 1571 1573 0
t 353 386 1330 1823 0
t 956 1650 1504 1940 0
t 447 1481 446 1870 0
t 453 716 1482 1870 0
t 1481 918 1679 1784 0
t 442 1487 441 1887 0
t 653 1479 654 1867 0
t 456 1480 455 1866 0
t 1356 1364 1395 1570 0
t 443 1487 442 1880 0
t 959 1504 1650 1804 0
t 536 558 1489 1883 0
t 344 391 1410 1430 0
t 1469 977 1606 1712 0
t 71 1595 1535 1842 0
t 1247 1595 1255 1760 0
t 990 1707 1511 1817 0
t 655 1479 653 1861 0
t 457 455 1480 1861 0
t 682 1488 572 1871 0
t 715 574 1490 1872 0
t 471 469 1474 1857 0
t 481 1475 468 1858 0
t 912 1480 1671 1800 0
t 1003 1002 1578 1701 0
t 1182 1097 1036 1467 0
t 1119 39 40 861 0
t 974 1517 1697 1735 0
t 1358 342 1576 1819 0
t 459 1497 660 1881 0
t 710 1488 682 1867 0
t 715 1490 714 1866 0
t 1307 1572 1325 1702 0
t 555 1485 699 1863 0
t 484 468 1475 1850 0
t 486 1474 469 1850 0
t 463 1486 461 1862 0
t 1514 1683 1162 1768 0
t 1416 1590 1456 1778 0
t 642 1497 459 1871 0
t 708 1498 556 1872 0
t 39 40 1748 1770 0
t 1186 1476 1742 1825 0
t 1500 902 1656 1803 0
t 999 1694 995 1715 0
t 353 1290 1330 386 0
t 598 620 1483 1852 0
t 1284 379 1326 1589 0
t 990 989 1677 1707 0
t 724 657 1503 1889 0
t 472 1485 555 1857 0
t 684 461 1486 1858 0
t 671 709 1494 1869 0
t 711 1495 460 1868 0
t 26 1467 1182 1965 0
t 497 1484 496 1851 0
t 657 728 1503 1881 0
t 790 1730 1529 1848 0
t 510 1512 495 1843 0
t 491 1514 648 1887 0
t 616 1543 680 1716 0
t 547 1502 493 1873 0
t 511 1494 709 1863 0
t 544 1592 539 1846 0
t 594 596 1603 1814 0
t 460 1495 700 1862 0
t 732 726 1509 1889 0
t 390 1241 1219 1838 0
t 697 646 1492 1860 0
t 549 524 1505 1876 0
t 567 702 1470 1874 0
t 1169 1046 1731 1737 0
t 547 492 1502 1869 0
t 951 953 1137 1792 0
t 478 1500 479 1864 0
t 999 1678 1509 1738 0
t 892 1513 894 1752 0
t 498 697 1492 1851 0
t 1255 1595 1247 1729 0
t 549 1505 649 1868 0
t 695 1504 718 1865 0
t 476 1500 478 1859 0
t 559 1469 1684 1927 0
t 390 1568 1241 1838 0
t 495 1512 717 1873 0
t 527 1511 525 1876 0
t 68 1580 1549 1772 0
t 1133 1500 1651 1808 0
t 575 718 1504 1860 0
t 482 1510 483 1864 0
t 63 833 1132 1924 0
t 1469 1645 559 1684 0
t 1469 559 1645 1885 0
t 906 1664 1494 1797 0
t 567 702 550 1470 0
t 1083 1494 1656 1803 0
t 75 76 1545 1853 0
t 893 895 894 1711 0
t 1000 1495 1666 1796 0
t 232 1594 1558 1729 0
t 1468 1802 1647 1929 0
t 949 972 1801 1931 0
t 466 681 462 1471 0
t 954 1650 1495 1804 0
t 950 1666 1490 1796 0
t 1488 1664 982 1797 0
t 895 1496 1588 1711 0
t 464 721 658 1472 0
t 564 1468 727 1684 0
t 449 450 451 1473 0
t 583 568 1592 1953 0
t 1491 1653 901 1808 0
t 919 1673 1482 1789 0
t 1121 1481 1672 1790 0
t 1152 1657 1474 1812 0
t 789 767 520 1478 0
t 897 1646 1060 1884 0
t 75 1594 1545 1821 0
t 1483 1718 600 1841 0
t 1530 1693 501 1891 0
t 1128 1526 1169 1731 0
t 1028 1680 1472 1784 0
t 496 1484 612 1882 0
t 486 471 469 1474 0
t 481 484 468 1475 0
t 720 1570 573 1750 0
t 1505 1666 951 1792 0
t 1342 1353 358 1583 0
t 233 1595 1256 1729 0
t 527 528 1511 1892 0
t 76 371 75 1821 0
t 1357 1562 1367 1788 0
t 1531 1571 59 1573 0
t 653 655 654 1479 0
t 455 456 457 1480 0
t 786 760 431 1593 0
t 446 447 445 1481 0
t 453 716 719 1482 0
t 598 620 600 1483 0
t 693 1516 546 1892 0
t 735 1559 1846 1893 0
t 1096 1085 1023 1793 0
t 1070 1071 1072 1682 0
t 1451 1590 377 1820 0
t 1113 1658 1475 1810 0
t 1488 1110 1672 1790 0
t 1089 1490 1673 1789 0
t 496 497 612 1484 0
t 1152 1474 1657 1809 0
t 51 1553 1572 1823 0
t 1513 1588 894 1752 0
t 1036 1467 1097 1606 0
t 555 472 699 1485 0
t 684 461 463 1486 0
t 691 1708 1499 1923 0
t 422 747 651 1571 0
t 559 542 672 1927 0
t 950 1089 1087 1796 0
t 1110 982 908 1797 0
t 441 442 443 1487 0
t 665 1558 1545 1944 0
t 710 572 682 1488 0
t 1521 1700 579 1794 0
t 714 715 574 1490 0
t 1190 1694 1521 1715 0
t 518 639 519 1507 0
t 1187 1519 1075 1798 0
t 967 1677 1516 1776 0
t 1193 1706 1522 1761 0
t 697 646 498 1492 0
t 1033 1190 1521 1715 0
t 713 579 1521 1717 0
t 497 1703 1484 1851 0
t 913 911 914 1800 0
t 437 438 439 1493 0
t 391 1430 344 1820 0
t 511 671 709 1494 0
t 1750 1763 1698 1929 0
t 592 601 625 1496 0
t 711 700 460 1495 0
t 234 410 1568 1595 0
t 642 660 459 1497 0
t 579 1794 1700 1916 0
t 679 556 708 1498 0
t 961 1655 1492 1747 0
t 431 1593 1553 1665 0
t 967 1746 1677 1776 0
t 917 1482 1680 1784 0
t 535 538 539 1506 0
t 1587 1742 1506 1746 0
t 926 1675 1111 1779 0
t 558 536 1489 1954 0
t 680 1543 616 1855 0
t 1084 1676 937 1780 0
t 478 476 479 1500 0
t 1499 1708 691 1900 0
t 491 733 648 1514 0
t 1535 1595 768 1905 0
t 498 1492 1703 1851 0
t 32 1549 67 1583 0
t 742 687 596 1603 0
t 789 1478 520 1840 0
t 492 493 547 1502 0
t 685 1499 691 1900 0
t 724 657 728 1503 0
t 718 695 575 1504 0
t 787 431 1591 1665 0
t 508 516 1526 1824 0
t 524 649 549 1505 0
t 1023 1669 1502 1787 0
t 579 1521 1717 1943 0
t 422 747 1571 1922 0
t 951 1505 1668 1785 0
t 593 477 591 1508 0
t 535 538 1506 1773 0
t 1060 1496 895 1711 0
t 1485 1653 903 1809 0
t 578 732 726 1509 0
t 1549 1580 68 1597 0
t 713 579 1717 1943 0
t 721 1600 1472 1885 0
t 703 727 564 1468 0
t 713 1717 1521 1934 0
t 978 1655 1486 1810 0
t 1479 1659 907 1805 0
t 1078 1660 1480 1806 0
t 579 1700 1521 1943 0
t 1472 1679 933 1784 0
t 75 866 817 1853 0
t 1342 1365 1353 1583 0
t 528 525 527 1511 0
t 1004 1742 1587 1746 0
t 914 1671 1473 1800 0
t 320 1749 1557 1763 0
t 434 691 685 1499 0
t 510 717 495 1512 0
t 1254 1594 371 1821 0
t 845 56 55 1932 0
t 594 607 596 1814 0
t 434 1499 685 1721 0
t 644 433 436 1519 0
t 913 1674 915 1790 0
t 914 915 1674 1789 0
t 1499 685 1721 1890 0
t 1497 1068 1676 1781 0
t 921 1498 1675 1782 0
t 615 490 1515 1716 0
t 536 1489 1692 1883 0
t 783 1567 204 1604 0
t 51 1572 1553 1795 0
t 995 1694 1076 1715 0
t 1071 1683 1493 1774 0
t 506 1530 501 1891 0
t 726 1605 1509 1641 0
t 1568 1838 70 1915 0
t 969 1681 1520 1761 0
t 999 1076 995 1694 0
t 425 669 627 1542 0
t 707 515 494 1517 0
t 1487 934 1683 1768 0
t 208 650 409 1552 0
t 704 615 490 1515 0
t 594 1527 1814 1826 0
t 1199 1518 1214 1735 0
t 404 1565 1699 1948 0
t 901 1653 1081 1809 0
t 1472 1680 1028 1906 0
t 616 1543 1716 1855 0
t 980 1655 961 1810 0
t 934 1679 1487 1781 0
t 1232 341 1596 1938 0
t 987 1601 1530 1709 0
t 999 1509 995 1738 0
t 1489 1680 1153 1782 0
t 1516 1688 1677 1758 0
t 1484 1743 612 1882 0
t 747 1718 1571 1922 0
t 720 723 573 1570 0
t 1125 1759 1742 1833 0
t 1092 991 1093 1894 0
t 59 1531 1165 1736 0
t 436 1519 433 1721 0
t 882 69 70 821 0
t 76 1728 371 1821 0
t 390 346 70 1838 0
t 1347 1388 1370 1827 0
t 612 1484 497 1914 0
t 436 1519 1721 1890 0
t 885 35 36 858 0
t 617 790 618 1529 0
t 1549 1583 430 1597 0
t 1531 1573 59 1733 0
t 1677 1688 1511 1707 0
t 623 1581 1536 1916 0
t 1520 1605 560 1641 0
t 789 767 1478 1840 0
t 1307 1330 1325 1572 0
t 917 1482 1674 1789 0
t 918 1674 1481 1790 0
t 345 1282 1325 1702 0
t 1536 1754 1201 1811 0
t 1086 1511 1677 1779 0
t 931 1501 940 1746 0
t 1165 1531 1166 1736 0
t 534 1551 541 1773 0
t 987 1002 1147 1530 0
t 989 1516 967 1677 0
t 513 561 560 1520 0
t 483 1510 1725 1897 0
t 675 692 1477 1762 0
t 1501 1675 931 1779 0
t 536 1692 1489 1954 0
t 938 1676 1503 1780 0
t 1450 322 1565 1748 0
t 39 1577 1529 1770 0
t 41 1518 1127 1886 0
t 483 1510 488 1725 0
t 658 1472 721 1829 0
t 1063 1658 1471 1812 0
t 703 1708 564 1900 0
t 1328 393 1574 1899 0
t 433 1721 1519 1926 0
t 494 1725 1517 1897 0
t 1515 1603 704 1848 0
t 1342 1583 358 1713 0
t 1279 384 1290 1823 0
t 1473 1670 913 1800 0
t 1033 1715 1521 1754 0
t 348 1326 1589 1976 0
t 615 1515 704 1848 0
t 1256 233 1255 1595 0
t 410 1568 1535 1953 0
t 1518 1565 41 1667 0
t 944 1162 1683 1768 0
t 999 970 1678 1738 0
t 1467 1570 26 1698 0
t 69 1580 1548 1838 0
t 370 346 1263 1838 0
t 508 1526 507 1828 0
t 758 785 430 1583 0
t 1002 1147 1530 1701 0
t 1004 1506 1742 1746 0
t 707 1517 494 1725 0
t 59 867 1531 1733 0
t 1048 1515 1016 1969 0
t 598 1622 1483 1841 0
t 558 1489 1829 1954 0
t 1498 1673 921 1785 0
t 1068 1672 1497 1787 0
t 1137 1630 1505 1792 0
t 1466 1450 1565 1748 0
t 742 1546 687 1603 0
t 1033 1521 1190 1754 0
t 578 1509 1605 1700 0
t 1119 39 1529 1667 0
t 322 372 1450 1699 0
t 1545 1821 1564 1853 0
t 704 1515 490 1831 0
t 974 1697 973 1735 0
t 594 1527 607 1814 0
t 513 1520 560 1837 0
t 1677 1746 1516 1776 0
t 593 1508 591 1826 0
t 735 1846 1559 1950 0
t 949 1669 1512 1801 0
t 78 811 79 1724 0
t 1539 1630 1130 1714 0
t 51 1572 386 1823 0
t 1184 1647 1514 1901 0
t 1036 1182 1467 1965 0
t 525 1691 1511 1908 0
t 1490 1671 1089 1796 0
t 1110 1670 1488 1797 0
t 1153 1712 1489 1765 0
t 988 1606 1097 1802 0
t 878 1739 1212 1740 0
t 539 1506 538 1723 0
t 987 1530 1147 1709 0
t 1278 1335 1303 1642 0
t 76 817 866 1853 0
t 1029 1469 1607 1712 0
t 483 1510 482 1911 0
t 1518 1699 1565 1948 0
t 550 1470 702 1850 0
t 1166 1531 867 1733 0
t 759 1523 565 1775 0
t 1647 1802 1468 1901 0
t 1086 1026 990 1817 0
t 341 376 1221 1767 0
t 634 1540 633 1722 0
t 646 1685 1492 1860 0
t 1012 1115 1055 1799 0
t 1232 1242 1596 1767 0
t 1573 1719 406 1912 0
t 681 462 1471 1861 0
t 1353 374 1583 1690 0
t 450 1473 449 1870 0
t 681 1471 466 1857 0
t 466 1471 462 1858 0
t 1162 1142 1184 1514 0
t 910 1663 1479 1805 0
t 1480 1663 912 1806 0
t 449 1473 451 1867 0
t 451 1473 450 1866 0
t 1066 1474 1059 1875 0
t 985 981 1475 1878 0
t 583 1592 1548 1953 0
t 361 1274 400 1713 0
t 777 190 189 1835 0
t 434 1721 676 1923 0
t 1168 1507 955 1940 0
t 464 1615 1472 1880 0
t 1093 1709 1540 1894 0
t 1081 1491 899 1884 0
t 400 396 361 1713 0
t 906 1083 904 1803 0
t 954 1000 1129 1804 0
t 946 1070 1678 1774 0
t 941 939 938 1935 0
t 471 1474 486 1852 0
t 484 1475 481 1851 0
t 733 648 1514 1885 0
t 51 50 828 887 0
t 446 1481 445 1880 0
t 564 1645 1468 1684 0
t 447 445 1481 1871 0
t 1186 1742 1476 1833 0
t 453 1482 719 1872 0
t 575 1504 1685 1860 0
t 483 488 1510 1911 0
t 446 1481 1611 1870 0
t 716 1611 1482 1870 0
t 974 1517 1735 1854 0
t 1468 1645 564 1900 0
t 907 1135 910 1805 0
t 912 1062 1078 1806 0
t 654 1479 655 1863 0
t 456 457 1480 1862 0
t 814 81 80 883 0
t 1256 1595 1255 1729 0
t 1501 1883 530 1962 0
t 49 48 862 1170 0
t 1023 1664 1502 1793 0
t 377 344 1451 1820 0
t 1314 218 219 1572 0
t 1153 1489 930 1765 0
t 442 1615 1487 1887 0
t 1414 330 1577 1757 0
t 550 567 1470 1882 0
t 573 1684 1467 1762 0
t 1064 1471 1657 1812 0
t 1479 1621 654 1867 0
t 456 1624 1480 1866 0
t 1548 1838 1568 1915 0
t 592 601 1496 1841 0
t 1488 1627 572 1871 0
t 574 1632 1490 1872 0
t 441 1487 443 1881 0
t 1328 1574 393 1727 0
t 1181 1647 1030 1802 0
t 1487 1615 442 1880 0
t 660 1497 1637 1881 0
t 502 501 1693 1891 0
t 1414 1577 330 1748 0
t 1254 371 1728 1821 0
t 573 1762 1467 1879 0
t 733 1514 491 1900 0
t 472 699 1485 1859 0
t 1142 1184 1514 1901 0
t 684 1486 463 1860 0
t 1167 1130 1630 1714 0
t 1571 1574 60 1899 0
t 601 625 1496 1968 0
t 710 572 1488 1869 0
t 714 1490 574 1868 0
t 559 1684 554 1927 0
t 1479 1609 653 1861 0
t 455 1609 1480 1861 0
t 1145 905 1659 1805 0
t 710 1621 1488 1867 0
t 714 1490 1624 1866 0
t 642 1627 1497 1871 0
t 1557 1763 1750 1929 0
t 1498 1632 556 1872 0
t 1162 1514 1184 1807 0
t 1024 1660 1082 1806 0
t 1514 1647 1184 1807 0
t 724 1503 1641 1889 0
t 437 1493 439 1889 0
t 716 576 719 1829 0
t 438 439 1493 1887 0
t 728 1637 1503 1881 0
t 597 607 594 1527 0
t 1071 1682 1493 1807 0
t 1474 1619 471 1857 0
t 492 493 1502 1897 0
t 558 1829 557 1954 0
t 481 1620 1475 1858 0
t 906 1659 1494 1803 0
t 699 1485 1626 1863 0
t 437 438 1493 1890 0
t 600 1483 620 1874 0
t 1000 1495 1660 1804 0
t 463 1629 1486 1862 0
t 708 679 1498 1883 0
t 1557 176 1750 1763 0
t 1494 1634 671 1869 0
t 717 1512 510 1837 0
t 642 660 1497 1873 0
t 711 1633 1495 1868 0
t 556 1498 679 1876 0
t 726 1641 1509 1889 0
t 510 1602 1512 1843 0
t 511 671 1494 1864 0
t 1502 1638 493 1873 0
t 625 592 1496 1732 0
t 711 700 1495 1865 0
t 648 1514 1615 1887 0
t 674 1513 752 1921 0
t 977 1469 1029 1712 0
t 692 675 1477 1913 0
t 577 553 1476 1893 0
t 727 1468 703 1750 0
t 1279 1593 384 1823 0
t 477 1508 593 1831 0
t 501 1756 1530 1967 0
t 472 1619 1485 1857 0
t 468 1608 1475 1850 0
t 469 1474 1608 1850 0
t 1486 1620 684 1858 0
t 518 1507 1654 1865 0
t 511 1626 1494 1863 0
t 759 1523 1775 1903 0
t 492 1634 1502 1869 0
t 752 1513 674 1741 0
t 617 1529 618 1716 0
t 700 1495 1629 1862 0
t 1483 1622 598 1852 0
t 79 1585 1596 1938 0
t 1145 1657 1485 1809 0
t 1603 1814 1527 1826 0
t 1 1583 67 1597 0
t 644 1519 436 1943 0
t 1128 1764 1526 1877 0
t 495 1638 1512 1873 0
t 1505 1633 649 1868 0
t 1598 1640 784 1963 0
t 993 1506 1004 1746 0
t 1024 1486 1658 1810 0
t 1060 1710 1496 1711 0
t 947 1651 898 1808 0
t 1018 1539 1041 1662 0
t 217 1599 1561 1930 0
t 891 65 830 1813 0
t 1500 1639 479 1864 0
t 232 1558 423 1729 0
t 217 1561 1702 1930 0
t 1102 30 31 795 0
t 1579 1730 677 1814 0
t 591 1508 477 1732 0
t 1214 1199 1127 1518 0
t 1507 1633 639 1904 0
t 974 1735 1009 1854 0
t 577 1476 553 1723 0
t 1121 1679 929 1781 0
t 919 1141 1680 1782 0
t 59 1571 1531 1736 0
t 732 1509 578 1943 0
t 476 1631 1500 1859 0
t 1412 1454 1436 1575 0
t 1563 1783 582 1958 0
t 400 1401 396 1713 0
t 649 1505 524 1904 0
t 1586 784 1640 1963 0
t 701 1726 1891 1909 0
t 482 1639 1510 1864 0
t 1472 1615 464 1885 0
t 68 820 69 1772 0
t 518 1507 519 1824 0
t 1506 1746 993 1776 0
t 1147 1530 1701 1709 0
t 1242 1232 1221 1767 0
t 695 1654 1504 1865 0
t 1055 1656 1510 1799 0
t 404 782 1855 1948 0
t 1483 1057 1710 1884 0
t 1031 1193 1522 1761 0
t 332 1575 1412 1791 0
t 1470 1719 567 1874 0
t 1552 1589 650 1898 0
t 1586 1794 1536 1811 0
t 222 1235 1593 1665 0
t 1221 376 1262 1767 0
t 695 575 1504 1828 0
t 524 1691 1505 1876 0
t 1142 1607 1514 1768 0
t 1401 400 1274 1713 0
t 760 1553 1593 1823 0
t 852 47 46 1960 0
t 561 1605 1520 1783 0
t 996 1527 1588 1769 0
t 583 1548 1592 1845 0
t 352 1590 1416 1778 0
t 515 494 1517 1843 0
t 1534 1891 1726 1909 0
t 902 1653 1500 1808 0
t 1174 1169 1046 1731 0
t 1470 1006 1704 1875 0
t 1553 1722 757 1902 0
t 933 1472 1028 1906 0
t 374 358 1353 1583 0
t 1511 1691 525 1876 0
t 1005 1470 1705 1878 0
t 1571 1573 1289 1910 0
t 597 1527 594 1826 0
t 1008 1483 1704 1875 0
t 479 476 705 1831 0
t 962 1524 963 1877 0
t 707 515 1517 1957 0
t 619 1762 573 1879 0
t 516 1695 1526 1824 0
t 852 46 876 1960 0
t 889 33 34 856 0
t 1478 1731 1045 1737 0
t 893 1513 1813 1832 0
t 1585 1596 669 1786 0
t 1055 1510 1793 1936 0
t 63 62 833 1924 0
t 759 565 1523 1914 0
t 508 516 507 1526 0
t 1509 999 1694 1798 0
t 891 830 64 1813 0
t 51 50 1553 1823 0
t 974 1697 1517 1801 0
t 19 18 801 1753 0
t 952 1666 954 1792 0
t 1172 31 32 807 0
t 79 78 1585 1938 0
t 1560 1739 22 1740 0
t 1484 1705 1878 1951 0
t 334 1390 1351 1819 0
t 959 1650 956 1804 0
t 1174 1128 1169 1731 0
t 1489 1625 558 1829 0
t 432 644 1717 1926 0
t 639 1633 1507 1865 0
t 967 1516 1140 1776 0
t 31 1559 1549 1942 0
t 949 971 972 1931 0
t 1538 1707 1017 1975 0
t 1417 369 1598 1945 0
t 421 1548 1580 1838 0
t 1156 1541 1099 1709 0
t 1545 1821 405 1840 0
t 1048 1734 1515 1799 0
t 1365 1353 1583 1690 0
t 1417 356 1405 1598 0
t 687 1603 1546 1848 0
t 897 896 895 1588 0
t 1107 1061 1523 1815 0
t 761 1561 217 1599 0
t 215 753 412 1550 0
t 1 1583 1597 1713 0
t 1593 1665 1235 1816 0
t 989 1516 1677 1758 0
t 1160 1878 1705 1951 0
t 940 932 1677 1779 0
t 1511 1668 1086 1817 0
t 519 1687 1507 1904 0
t 1526 1654 508 1824 0
t 1041 1539 1130 1714 0
t 827 83 82 1101 0
t 1662 1707 1538 1975 0
t 1167 1714 1630 1888 0
t 1472 1611 658 1880 0
t 29 387 1576 1827 0
t 1284 1294 343 1727 0
t 222 1235 11 1593 0
t 1606 1712 976 1949 0
t 1223 335 1585 1728 0
t 601 1496 1741 1968 0
t 996 1588 1527 1752 0
t 1478 1687 520 1840 0
t 1262 350 1591 1767 0
t 742 1603 596 1814 0
t 912 1671 1088 1800 0
t 1531 1704 1470 1733 0
t 1539 1662 1018 1707 0
t 1540 1709 1601 1894 0
t 434 1721 685 1890 0
t 1567 1604 66 1642 0
t 1223 1585 335 1938 0
t 1231 1270 1241 1760 0
t 532 530 1883 1962 0
t 1482 1618 453 1870 0
t 447 1616 1481 1870 0
t 26 1570 1467 1965 0
t 436 1721 433 1890 0
t 617 790 1529 1848 0
t 786 1593 431 1665 0
t 653 1609 1479 1867 0
t 455 1480 1609 1866 0
t 1487 1628 441 1887 0
t 744 1903 1743 1914 0
t 674 1513 1921 1968 0
t 443 1623 1487 1880 0
t 558 1625 1489 1883 0
t 1531 1470 1719 1733 0
t 1132 1711 1832 1924 0
t 193 1446 192 1791 0
t 469 1608 1474 1857 0
t 77 1737 1564 1853 0
t 468 1475 1608 1858 0
t 655 1612 1479 1861 0
t 1480 1613 457 1861 0
t 621 616 618 1855 0
t 59 1573 1571 1910 0
t 682 1616 1488 1871 0
t 1490 1618 715 1872 0
t 675 534 541 1773 0
t 1060 1496 1710 1884 0
t 483 1634 1510 1897 0
t 1475 1614 484 1850 0
t 486 1610 1474 1850 0
t 1488 1616 682 1867 0
t 715 1618 1490 1866 0
t 1512 1638 495 1843 0
t 724 728 548 1837 0
t 778 1838 1568 1953 0
t 586 430 585 1549 0
t 555 1612 1485 1863 0
t 1169 1526 1128 1764 0
t 459 1623 1497 1881 0
t 461 1486 1613 1862 0
t 320 1380 1749 1763 0
t 902 927 1656 1803 0
t 491 1617 1514 1887 0
t 204 429 205 1642 0
t 1700 1794 1521 1916 0
t 620 1610 1483 1852 0
t 893 1513 892 1813 0
t 1153 1489 1712 1906 0
t 459 1497 1623 1871 0
t 1133 900 902 1808 0
t 708 1625 1498 1872 0
t 1485 1612 555 1857 0
t 461 1613 1486 1858 0
t 379 348 1326 1589 0
t 633 757 1722 1902 0
t 1553 1591 82 1766 0
t 496 1484 1614 1851 0
t 852 876 47 1960 0
t 657 1628 1503 1889 0
t 709 1621 1494 1869 0
t 1470 1705 1533 1733 0
t 460 1495 1624 1868 0
t 974 973 1009 1735 0
t 501 1530 506 1967 0
t 1503 1628 657 1881 0
t 530 1501 1636 1883 0
t 628 629 514 1534 0
t 215 1550 412 1599 0
t 1012 1734 1799 1936 0
t 702 1610 1470 1874 0
t 676 1721 1560 1923 0
t 473 1619 1491 1859 0
t 709 1494 1621 1863 0
t 494 1517 1638 1897 0
t 924 1145 903 1809 0
t 460 1624 1495 1862 0
t 1492 1620 697 1860 0
t 547 1627 1502 1873 0
t 1505 1632 549 1876 0
t 1055 1793 1661 1936 0
t 1536 1811 890 1963 0
t 1336 1593 1279 1823 0
t 1554 1699 193 1791 0
t 1472 1600 721 1829 0
t 473 1491 1619 1852 0
t 1470 1533 1719 1733 0
t 1502 1627 547 1869 0
t 697 1620 1492 1851 0
t 1520 1641 560 1837 0
t 410 1535 768 1953 0
t 483 482 488 1911 0
t 972 1697 1801 1931 0
t 478 1626 1500 1864 0
t 1499 1617 685 1890 0
t 1530 1601 987 1822 0
t 407 1557 176 1750 0
t 962 963 1524 1747 0
t 1516 1751 1140 1776 0
t 718 1504 1629 1865 0
t 549 1632 1505 1868 0
t 1024 979 978 1810 0
t 1500 1626 478 1859 0
t 513 561 1520 1783 0
t 933 1768 1472 1906 0
t 732 1509 1635 1889 0
t 1128 1526 1720 1877 0
t 527 1636 1511 1876 0
t 1542 1585 669 1786 0
t 1516 1688 546 1892 0
t 528 1688 1511 1892 0
t 215 1550 1599 1856 0
t 896 1588 897 1646 0
t 718 1629 1504 1860 0
t 1512 1637 717 1873 0
t 1511 1688 528 1908 0
t 1272 1665 1215 1816 0
t 1529 1716 1543 1855 0
t 1510 1634 483 1864 0
t 1063 1064 1065 1812 0
t 370 1580 69 1838 0
t 1499 1739 1560 1740 0
t 1417 1405 1429 1598 0
t 989 967 1516 1758 0
t 755 217 1561 1702 0
t 1455 1699 372 1791 0
t 490 1515 1639 1831 0
t 748 1531 747 1874 0
t 1187 1519 1739 1956 0
t 428 1586 736 1794 0
t 1495 1650 954 1792 0
t 496 1614 1484 1882 0
t 1014 1515 1048 1734 0
t 1302 1279 1290 1823 0
t 1483 1704 1531 1736 0
t 69 882 1548 1772 0
t 436 1635 1519 1890 0
t 955 1507 1168 1888 0
t 1546 1603 742 1814 0
t 349 30 1690 1827 0
t 72 71 823 1842 0
t 1149 936 1683 1774 0
t 996 1588 896 1769 0
t 384 353 1290 1823 0
t 17 16 792 890 0
t 1293 1582 367 1928 0
t 890 1536 1201 1811 0
t 334 1351 1584 1819 0
t 1483 1531 1718 1736 0
t 1522 1830 609 1920 0
t 1003 1154 1107 1951 0
t 1105 1815 1696 1932 0
t 1511 1636 527 1892 0
t 1130 1041 1018 1539 0
t 177 1379 176 1557 0
t 693 1644 1516 1892 0
t 1467 1606 1036 1759 0
t 1586 1811 1536 1963 0
t 739 416 713 1934 0
t 893 1711 1513 1832 0
t 1156 1701 1541 1709 0
t 500 498 646 1693 0
t 570 1605 1528 1700 0
t 1040 1017 1707 1975 0
t 1 32 67 1583 0
t 1040 1707 1662 1975 0
t 1140 1516 967 1758 0
t 970 1678 1738 1935 0
t 1525 1710 1483 1736 0
t 82 1591 1553 1665 0
t 1231 1241 1568 1760 0
t 581 1558 423 1944 0
t 177 1350 1557 1923 0
t 929 1679 918 1784 0
t 632 431 757 1553 0
t 1157 61 832 1736 0
t 1194 77 76 1853 0
t 977 976 1606 1712 0
t 78 874 811 1724 0
t 1157 61 1736 1924 0
t 1525 1483 1718 1736 0
t 1507 1888 1731 1940 0
t 890 1170 1201 1536 0
t 1212 1647 1499 1807 0
t 177 1350 1379 1557 0
t 1560 1721 1499 1923 0
t 544 1532 1592 1846 0
t 790 618 1529 1770 0
t 1154 1160 1696 1951 0
t 674 1921 602 1968 0
t 218 1572 1314 1702 0
t 1070 1682 1072 1798 0
t 1541 1702 1572 1925 0
t 1186 1825 1103 1834 0
t 1168 1888 1507 1940 0
t 739 1794 416 1934 0
t 341 1596 80 1767 0
t 1099 1541 1156 1964 0
t 1002 1530 987 1822 0
t 553 1846 1476 1893 0
t 1503 1774 938 1935 0
t 1154 1696 1107 1951 0
t 610 1948 1745 1957 0
t 969 997 1520 1738 0
t 1278 1291 357 1642 0
t 1528 1715 1020 1754 0
t 1539 1687 523 1904 0
t 1016 1048 1014 1515 0
t 606 1555 776 1579 0
t 1199 1735 1214 1854 0
t 1459 1430 1420 1757 0
t 581 768 1595 1905 0
t 597 607 1527 1917 0
t 1170 1201 1536 1777 0
t 55 1815 1105 1932 0
t 325 1455 372 1791 0
t 539 544 540 1592 0
t 939 1681 1780 1935 0
t 502 506 501 1891 0
t 586 758 430 1942 0
t 507 1526 516 1918 0
t 176 1557 1379 1763 0
t 922 1664 906 1797 0
t 632 1553 757 1902 0
t 931 1587 945 1765 0
t 987 1147 1601 1709 0
t 1179 1724 1542 1764 0
t 538 1723 1506 1773 0
t 1509 1715 995 1738 0
t 955 1792 1507 1888 0
t 1187 1519 1682 1739 0
t 727 1684 1468 1750 0
t 1631 1859 475 1955 0
t 692 1477 1762 1913 0
t 685 1617 1499 1900 0
t 1534 1601 1090 1894 0
t 952 1000 1666 1796 0
t 1606 1684 1467 1802 0
t 193 1699 1413 1791 0
t 1099 879 1541 1964 0
t 1168 1731 1888 1940 0
t 1462 1604 1404 1778 0
t 1526 1689 507 1828 0
t 930 925 1675 1782 0
t 990 989 943 1677 0
t 936 1676 935 1781 0
t 1235 11 1593 1816 0
t 1513 1752 892 1813 0
t 1563 1643 777 1835 0
t 386 345 1325 1702 0
t 50 1593 1553 1823 0
t 592 1622 1496 1732 0
t 1014 1515 1734 1818 0
t 994 1715 1686 1738 0
t 1454 392 1421 1643 0
t 875 27 1547 1833 0
t 367 1582 1293 1856 0
t 1099 1156 879 1964 0
t 1219 1245 1263 1838 0
t 1515 1818 1016 1969 0
t 665 664 1558 1944 0
t 31 1549 1559 1907 0
t 570 1528 1605 1947 0
t 1030 1802 1647 1901 0
t 1710 1711 1150 1924 0
t 430 1583 785 1597 0
t 356 1417 369 1598 0
t 1477 1742 1185 1759 0
t 577 1476 1723 1970 0
t 628 1534 514 1918 0
t 1508 1631 477 1732 0
t 680 616 621 1855 0
t 675 1773 1477 1913 0
t 379 1589 1284 1727 0
t 777 1643 190 1835 0
t 1146 1697 1522 1735 0
t 1341 1586 364 1937 0
t 31 1690 1559 1942 0
t 993 1004 968 1746 0
t 1477 1759 1185 1949 0
t 1717 1753 1521 1934 0
t 1512 1780 949 1931 0
t 1564 1695 668 1840 0
t 976 1712 1765 1949 0
t 1128 998 1764 1877 0
t 636 1756 501 1967 0
t 1519 1694 1077 1798 0
t 1579 1757 1730 1836 0
t 1525 1736 61 1924 0
t 1034 1528 1020 1754 0
t 1487 1679 934 1768 0
t 42 372 1699 1791 0
t 767 520 1478 1824 0
t 71 1842 1535 1915 0
t 610 1855 1948 1957 0
t 418 1827 170 1942 0
t 353 51 386 1823 0
t 730 418 170 1942 0
t 37 1757 1579 1836 0
t 666 1821 667 1840 0
t 644 1717 1519 1943 0
t 408 1563 582 1958 0
t 407 177 176 1557 0
t 1555 1579 606 1814 0
t 1350 1749 1557 1923 0
t 975 962 963 1877 0
t 64 830 65 1813 0
t 1075 1519 1077 1798 0
t 1512 1602 510 1837 0
t 1510 1799 1734 1936 0
t 1047 1213 77 1737 0
t 487 1852 1622 1955 0
t 1139 996 896 1769 0
t 1491 1646 899 1884 0
t 674 1741 1513 1968 0
t 974 1661 1517 1854 0
t 71 72 1595 1842 0
t 1468 1708 703 1750 0
t 666 1545 405 1840 0
t 1190 1521 884 1811 0
t 1158 1710 1150 1924 0
t 586 430 1549 1942 0
t 25 793 26 1698 0
t 1525 1711 1741 1841 0
t 1099 1541 879 1795 0
t 672 1600 1927 1954 0
t 991 987 1147 1601 0
t 1501 1677 940 1746 0
t 42 325 372 1791 0
t 1698 1750 1570 1763 0
t 55 1550 1815 1932 0
t 668 1564 627 1695 0
t 1518 1745 1948 1957 0
t 1179 1542 1213 1737 0
t 1278 1303 1291 1642 0
t 1077 1519 1187 1956 0
t 1430 1579 1420 1757 0
t 1153 1680 1489 1906 0
t 1551 1712 1606 1949 0
t 580 1794 579 1916 0
t 1336 1279 1593 1816 0
t 1128 1526 1731 1940 0
t 587 421 778 1953 0
t 606 1579 677 1814 0
t 993 1746 968 1776 0
t 39 1748 1577 1770 0
t 1366 1586 1341 1937 0
t 1187 1682 1519 1798 0
t 1508 1732 591 1826 0
t 1601 1726 1540 1909 0
t 1505 1630 1137 1817 0
t 1096 1661 1502 1801 0
t 539 1506 1723 1846 0
t 1467 1698 1684 1750 0
t 634 631 633 1540 0
t 1187 1077 1075 1519 0
t 1011 1055 1661 1936 0
t 666 405 1821 1840 0
t 1190 1521 1694 1753 0
t 210 1574 1571 1899 0
t 1570 1750 176 1763 0
t 1410 1433 1451 1820 0
t 634 633 635 1722 0
t 1661 1793 1510 1936 0
t 1261 323 371 1594 0
t 1358 1576 1368 1819 0
t 1474 1648 1059 1875 0
t 875 1547 27 1965 0
t 962 1524 1720 1747 0
t 583 1592 544 1845 0
t 1170 1536 890 1963 0
t 633 632 757 1902 0
t 981 1649 1475 1878 0
t 939 941 1681 1935 0
t 1489 1675 930 1765 0
t 1455 1450 372 1699 0
t 1190 884 1521 1753 0
t 503 1693 1524 1891 0
t 410 662 768 1595 0
t 1388 1690 1370 1827 0
t 1518 1948 1855 1957 0
t 17 1811 1586 1963 0
t 1529 1577 39 1836 0
t 1106 1696 1705 1932 0
t 1284 1326 1308 1589 0
t 506 1726 1530 1891 0
t 570 1916 1528 1947 0
t 1557 1749 1380 1763 0
t 1266 1254 371 1728 0
t 1498 1668 1111 1779 0
t 1133 1651 1500 1799 0
t 1417 1598 1429 1945 0
t 1743 1903 1550 1914 0
t 1084 1669 1497 1780 0
t 597 1744 1527 1826 0
t 1545 1594 405 1821 0
t 735 608 734 1846 0
t 983 1878 1160 1951 0
t 431 760 757 1553 0
t 958 1504 1720 1940 0
t 386 1572 52 1702 0
t 629 1534 628 1909 0
t 554 559 1645 1684 0
t 1070 1678 1493 1798 0
t 887 51 1553 1795 0
t 508 1654 1526 1828 0
t 501 1693 1530 1756 0
t 1496 1588 1513 1968 0
t 1045 1478 1737 1853 0
t 1216 1273 1249 1713 0
t 1375 1399 1342 1713 0
t 1521 1753 884 1811 0
t 972 971 1697 1931 0
t 674 752 602 1921 0
t 625 1732 1496 1968 0
t 1027 1672 1110 1790 0
t 1203 1548 882 1772 0
t 920 1089 1673 1789 0
t 1568 1838 1548 1953 0
t 488 1725 1510 1911 0
t 936 1676 1487 1774 0
t 1554 1699 1518 1948 0
t 1130 1539 1018 1817 0
t 1540 1894 1601 1909 0
t 997 1686 1520 1738 0
t 1460 1436 1454 1643 0
t 707 1725 494 1897 0
t 938 1774 1678 1935 0
t 546 1688 1516 1847 0
t 434 676 691 1923 0
t 776 1579 1555 1820 0
t 1 1597 368 1713 0
t 421 1580 1548 1845 0
t 432 1717 1562 1926 0
t 1083 1656 1494 1793 0
t 1546 1730 1579 1814 0
t 923 1668 1111 1785 0
t 1496 1710 1525 1711 0
t 1011 1661 1055 1793 0
t 1460 1454 1421 1643 0
t 28 1547 27 1833 0
t 349 387 30 1827 0
t 1025 1084 1669 1787 0
t 1509 1700 578 1943 0
t 933 1679 1472 1768 0
t 1545 1853 1714 1972 0
t 60 832 61 1736 0
t 1514 1607 1142 1901 0
t 1254 1266 371 1594 0
t 483 1725 488 1897 0
t 1525 1496 1711 1841 0
t 1513 1588 1496 1711 0
t 1132 1832 63 1924 0
t 503 1685 1524 1693 0
t 57 1163 1733 1932 0
t 752 1513 1741 1898 0
t 899 1646 1491 1808 0
t 893 1813 881 1832 0
t 991 1601 1147 1709 0
t 867 59 843 1733 0
t 1696 1815 1550 1932 0
t 1136 945 931 1587 0
t 746 1841 1922 1933 0
t 1525 1711 1552 1741 0
t 425 229 228 1728 0
t 513 1602 1520 1837 0
t 875 1547 1759 1833 0
t 1046 1045 1731 1737 0
t 1554 1575 420 1830 0
t 1499 1647 1212 1740 0
t 1506 1773 1746 1962 0
t 751 1544 603 1921 0
t 759 1903 744 1914 0
t 1106 1705 1164 1932 0
t 1066 1652 1474 1875 0
t 515 1745 1517 1957 0
t 1302 1336 1279 1823 0
t 1436 1575 1454 1643 0
t 1508 1646 898 1808 0
t 570 1700 1528 1916 0
t 985 1475 1652 1878 0
t 982 1664 1488 1787 0
t 1714 1853 1042 1972 0
t 893 1132 1711 1832 0
t 950 1490 1666 1785 0
t 1491 1859 1631 1955 0
t 1601 1894 1534 1909 0
t 1507 1650 955 1940 0
t 985 1652 1475 1812 0
t 64 1556 1642 1976 0
t 1155 1681 969 1761 0
t 1491 1648 1081 1809 0
t 799 1 67 818 0
t 3 50 826 835 0
t 834 2 66 855 0
t 980 1649 1492 1810 0
t 71 870 823 1842 0
t 1077 1753 1519 1956 0
t 1172 1549 31 1907 0
t 579 580 739 1794 0
t 1215 1665 359 1816 0
t 346 370 69 1838 0
t 515 1517 1745 1843 0
t 368 1216 1597 1973 0
t 974 1517 1661 1801 0
t 704 1603 1515 1831 0
t 1503 1676 938 1774 0
t 1500 1653 902 1803 0
t 1090 1601 1534 1877 0
t 31 1549 1583 1942 0
t 1158 1710 1525 1736 0
t 1485 1657 1145 1805 0
t 1024 1658 1486 1806 0
t 675 1723 1773 1913 0
t 1055 1510 1656 1793 0
t 959 1655 1504 1804 0
t 1028 928 1680 1784 0
t 1086 1668 1511 1779 0
t 219 218 419 1572 0
t 1464 1422 1337 1604 0
t 1512 1669 949 1780 0
t 1539 523 1691 1904 0
t 1121 1672 1481 1781 0
t 1482 1673 919 1782 0
t 762 520 1687 1840 0
t 903 1653 1485 1803 0
t 1166 1704 1531 1733 0
t 1023 1502 1664 1787 0
t 1497 1672 1068 1781 0
t 1534 1724 1095 1764 0
t 912 1663 1480 1800 0
t 921 1673 1498 1782 0
t 906 1494 1659 1797 0
t 917 1674 1482 1784 0
t 1486 1655 978 1804 0
t 1000 1660 1495 1796 0
t 951 1666 1505 1785 0
t 1014 1016 1515 1818 0
t 1031 1522 1146 1697 0
t 1048 1515 1651 1799 0
t 1332 1582 1293 1928 0
t 1146 1522 1193 1886 0
t 1488 1670 1110 1790 0
t 1089 1671 1490 1789 0
t 213 1573 1912 1928 0
t 1467 1570 1698 1750 0
t 1569 1794 1586 1811 0
t 1036 1467 1759 1965 0
t 1560 1499 1740 1923 0
t 377 1590 35 1820 0
t 578 726 562 1605 0
t 1216 1249 368 1713 0
t 1375 1342 358 1713 0
t 376 350 1262 1767 0
t 875 1759 1547 1965 0
t 617 1529 1716 1848 0
t 949 1780 1681 1931 0
t 1029 1607 1469 1901 0
t 366 357 1291 1642 0
t 1029 1607 1143 1712 0
t 1560 1740 22 1749 0
t 48 1581 1536 1598 0
t 1159 1214 1667 1854 0
t 1523 1903 759 1914 0
t 57 1163 831 1733 0
t 875 28 27 1833 0
t 1509 1678 999 1798 0
t 432 433 644 1926 0
t 380 1404 1604 1778 0
t 1551 1765 1712 1949 0
t 1559 1846 1476 1907 0
t 736 1586 1569 1794 0
t 583 568 544 1592 0
t 1001 1578 1002 1822 0
t 1165 829 59 1736 0
t 1390 334 394 1819 0
t 1106 1696 1160 1705 0
t 1496 1525 1710 1841 0
t 1029 1469 1802 1901 0
t 1523 1550 1903 1914 0
t 1169 1128 998 1764 0
t 1496 1513 1741 1968 0
t 601 1741 1496 1841 0
t 907 1659 1479 1797 0
t 1480 1660 1078 1796 0
t 1020 1528 1034 1960 0
t 565 1756 1523 1914 0
t 1151 1587 1004 1742 0
t 1164 1533 1705 1733 0
t 953 951 1666 1792 0
t 1293 1582 1332 1856 0
t 1549 1772 1580 1845 0
t 1128 1720 1526 1940 0
t 893 892 881 1813 0
t 1746 1773 1587 1962 0
t 1311 1335 1278 1604 0
t 29 1827 1576 1834 0
t 362 1437 1464 1604 0
t 1481 1674 918 1784 0
t 1146 1031 1193 1522 0
t 404 791 782 1948 0
t 1320 214 215 1582 0
t 387 342 29 1576 0
t 733 1645 1514 1900 0
t 544 1592 1532 1845 0
t 1081 1648 1491 1884 0
t 1059 1648 1474 1809 0
t 1071 1493 1683 1807 0
t 1337 1311 399 1604 0
t 1506 1592 1532 1846 0
t 981 1475 1649 1810 0
t 1470 1610 702 1850 0
t 550 1614 1470 1850 0
t 1118 1119 39 1529 0
t 196 1748 1565 1770 0
t 623 1896 1581 1916 0
t 1528 1754 1034 1960 0
t 582 1783 1563 1947 0
t 913 1670 1473 1790 0
t 1473 1671 914 1789 0
t 610 611 1855 1957 0
t 1320 1582 215 1856 0
t 1374 1341 1398 1640 0
t 1461 1405 1438 1640 0
t 577 734 553 1893 0
t 1555 1579 36 1820 0
t 532 1883 1692 1962 0
t 1577 1748 196 1770 0
t 1471 1608 466 1857 0
t 466 1608 1471 1858 0
t 681 1612 1471 1857 0
t 1471 1613 462 1858 0
t 561 562 560 1605 0
t 33 1895 1567 1919 0
t 1327 329 1286 1856 0
t 18 884 801 1753 0
t 1471 1612 681 1861 0
t 462 1613 1471 1861 0
t 996 1752 1527 1849 0
t 484 1614 1475 1851 0
t 1141 917 1680 1784 0
t 1622 1852 1491 1955 0
t 1531 1704 1166 1736 0
t 1475 1620 481 1851 0
t 486 1474 1610 1852 0
t 213 1912 1582 1928 0
t 471 1619 1474 1852 0
t 1484 1703 497 1914 0
t 763 1783 513 1920 0
t 864 41 850 1667 0
t 994 1020 1686 1715 0
t 417 1555 604 1941 0
t 993 1004 1506 1825 0
t 602 1921 1744 1968 0
t 604 1555 1917 1941 0
t 1587 1742 1151 1949 0
t 888 67 68 819 0
t 1506 1746 1644 1962 0
t 1479 1663 910 1800 0
t 1291 1331 1326 1642 0
t 550 1470 1614 1882 0
t 451 1609 1473 1866 0
t 1473 1609 451 1867 0
t 449 1616 1473 1867 0
t 450 1473 1618 1866 0
t 1225 1237 1247 1729 0
t 544 608 584 1532 0
t 1473 1616 449 1870 0
t 450 1618 1473 1870 0
t 1064 1657 1471 1805 0
t 1471 1658 1063 1806 0
t 658 1611 1472 1829 0
t 384 1593 1279 1816 0
t 969 1520 997 1761 0
t 23 1557 320 1749 0
t 1266 1261 371 1594 0
t 631 1540 634 1909 0
t 1138 1747 1578 1822 0
t 490 1716 614 1911 0
t 612 1743 1484 1914 0
t 1061 1701 1523 1815 0
t 425 228 1585 1728 0
t 38 854 39 1836 0
t 69 1548 1580 1772 0
t 1510 1639 482 1911 0
t 57 1733 1533 1932 0
t 1512 1801 1697 1931 0
t 775 1542 669 1786 0
t 530 1892 1501 1962 0
t 1479 1612 655 1863 0
t 457 1613 1480 1862 0
t 654 1621 1479 1863 0
t 456 1480 1624 1862 0
t 348 1642 1326 1976 0
t 1112 1669 1023 1787 0
t 667 666 405 1821 0
t 1153 966 1712 1765 0
t 1067 951 1668 1785 0
t 1474 1652 1066 1812 0
t 1514 1617 491 1900 0
t 1579 1771 1546 1814 0
t 573 545 1684 1762 0
t 447 1481 1616 1871 0
t 453 1618 1482 1872 0
t 445 1623 1481 1871 0
t 719 1482 1625 1872 0
t 472 1485 1619 1859 0
t 699 1626 1485 1859 0
t 343 379 1284 1727 0
t 684 1620 1486 1860 0
t 1486 1629 463 1860 0
t 446 1611 1481 1880 0
t 1481 1623 445 1880 0
t 1074 1073 1212 1807 0
t 767 1695 1478 1840 0
t 746 749 1841 1933 0
t 1186 1833 1476 1834 0
t 620 1483 1610 1874 0
t 680 1716 1543 1911 0
t 1085 1096 1661 1793 0
t 198 1730 1579 1757 0
t 734 1846 553 1893 0
t 1296 1337 1422 1604 0
t 759 673 565 1914 0
t 1488 1621 710 1869 0
t 572 1627 1488 1869 0
t 714 1624 1490 1868 0
t 1552 1832 1711 1924 0
t 1490 1632 574 1868 0
t 1272 1235 1665 1816 0
t 1476 1742 1723 1913 0
t 1696 1914 1523 1951 0
t 733 1514 1645 1885 0
t 786 222 11 1593 0
t 436 1519 1635 1943 0
t 1437 1404 1462 1604 0
t 567 1719 1470 1882 0
t 443 1487 1623 1881 0
t 441 1628 1487 1881 0
t 1199 1127 1518 1886 0
t 1090 1534 1764 1877 0
t 964 1792 955 1888 0
t 1193 1522 1706 1886 0
t 955 1650 1507 1792 0
t 553 1723 1476 1846 0
t 47 1777 1563 1960 0
t 1525 1922 1841 1933 0
t 1494 1626 511 1864 0
t 671 1634 1494 1864 0
t 675 541 692 1762 0
t 1150 1710 1060 1711 0
t 1022 988 1097 1802 0
t 438 1493 1617 1887 0
t 700 1629 1495 1865 0
t 1495 1633 711 1865 0
t 933 1131 1768 1906 0
t 1119 1667 1529 1952 0
t 438 1617 1493 1890 0
t 798 863 1206 1963 0
t 919 916 1673 1789 0
t 1121 1672 1122 1790 0
t 623 740 624 1536 0
t 58 59 1573 1733 0
t 60 1574 61 1899 0
t 1162 1683 1514 1807 0
t 1497 1627 642 1873 0
t 736 184 1569 1586 0
t 577 1893 1476 1970 0
t 556 1632 1498 1876 0
t 660 1637 1497 1873 0
t 664 232 231 1594 0
t 1493 1628 439 1889 0
t 679 1498 1636 1876 0
t 439 1628 1493 1887 0
t 633 1540 631 1902 0
t 1498 1625 708 1883 0
t 1075 1077 1694 1798 0
t 679 1636 1498 1883 0
t 677 1730 742 1814 0
t 1550 1743 744 1903 0
t 1526 1731 1695 1737 0
t 188 187 779 1581 0
t 521 1687 1539 1839 0
t 1167 1041 1130 1714 0
t 39 854 1118 1836 0
t 1327 1599 336 1856 0
t 1326 1308 1589 1976 0
t 1366 1341 1354 1937 0
t 1400 360 1374 1640 0
t 732 1635 1509 1943 0
t 990 1026 1707 1817 0
t 818 67 799 1204 0
t 50 1207 826 835 0
t 66 834 855 1205 0
t 615 614 490 1716 0
t 600 1718 1483 1874 0
t 687 704 1603 1848 0
t 1433 1590 1451 1820 0
t 320 1557 24 1763 0
t 437 1635 1493 1889 0
t 356 1598 49 1640 0
t 1325 1282 1307 1702 0
t 530 1636 1501 1892 0
t 1493 1635 437 1890 0
t 777 1563 408 1643 0
t 1571 1574 210 1922 0
t 1045 1714 1478 1853 0
t 392 1643 1575 1974 0
t 419 1572 218 1925 0
t 407 703 1708 1750 0
t 648 1615 1514 1885 0
t 477 1631 1508 1831 0
t 35 1555 36 1820 0
t 1326 1642 1331 1976 0
t 492 1502 1634 1897 0
t 1291 1326 348 1642 0
t 1506 1587 1746 1773 0
t 575 1685 1504 1828 0
t 493 1638 1502 1897 0
t 1562 1717 1519 1926 0
t 1107 1523 1696 1815 0
t 1048 1651 1515 1969 0
t 592 1496 1622 1841 0
t 1559 1827 418 1942 0
t 1523 1701 1578 1756 0
t 1551 534 1692 1773 0
t 695 1504 1654 1828 0
t 1341 364 1354 1937 0
t 887 1207 1101 1553 0
t 75 1853 1545 1972 0
t 1414 1426 1577 1748 0
t 1161 1537 1176 1706 0
t 616 617 618 1716 0
t 494 1638 1517 1843 0
t 593 1508 1826 1831 0
t 407 1708 1557 1750 0
t 746 1841 1718 1922 0
t 1045 1478 1714 1888 0
t 717 1637 1512 1837 0
t 1446 1575 192 1791 0
t 1381 1560 179 1926 0
t 1154 1160 1106 1696 0
t 67 1549 68 1597 0
t 1438 398 1463 1640 0
t 425 1585 1564 1728 0
t 1744 1921 1513 1968 0
t 1538 1595 1558 1975 0
t 1523 1756 565 1775 0
t 19 18 1753 1788 0
t 1335 1306 1303 1642 0
t 1099 1709 1541 1795 0
t 31 1583 1690 1942 0
t 329 1327 336 1856 0
t 1572 1702 218 1925 0
t 58 843 59 1733 0
t 1374 364 1341 1640 0
t 1405 356 1438 1640 0
t 735 608 1846 1950 0
t 1513 1711 1496 1741 0
t 1138 1578 1001 1822 0
t 518 1654 1507 1824 0
t 25 1570 326 1763 0
t 37 1579 1771 1836 0
t 687 1546 742 1848 0
t 357 1311 1278 1604 0
t 1517 1725 707 1957 0
t 1578 1701 1530 1756 0
t 1564 1585 77 1728 0
t 64 1642 348 1976 0
t 1185 1742 1477 1949 0
t 649 1633 1505 1904 0
t 30 1827 29 1834 0
t 754 1912 1882 1971 0
t 1537 1783 1563 1958 0
t 1232 1596 1242 1938 0
t 1437 380 1404 1604 0
t 581 1538 771 1905 0
t 787 223 431 1665 0
t 234 662 410 1595 0
t 1037 1190 1521 1754 0
t 1125 1185 1742 1759 0
t 503 1524 1685 1828 0
t 1074 1682 1073 1807 0
t 1506 1742 1587 1773 0
t 541 1762 1551 1927 0
t 1 67 368 1597 0
t 609 1745 1522 1843 0
t 77 1564 76 1853 0
t 341 80 376 1767 0
t 408 588 582 1563 0
t 921 1675 926 1782 0
t 937 1676 1068 1781 0
t 1050 1546 873 1771 0
t 893 881 1132 1832 0
t 996 1849 1527 1939 0
t 686 1535 768 1905 0
t 755 217 761 1561 0
t 754 1882 613 1971 0
t 1441 1581 189 1835 0
t 1527 1744 597 1917 0
t 636 1775 1756 1967 0
t 59 829 60 1736 0
t 615 1716 1515 1848 0
t 1504 1720 1685 1747 0
t 33 889 1895 1919 0
t 1578 1523 1914 1951 0
t 523 1539 521 1687 0
t 16 1586 364 1640 0
t 29 30 387 1827 0
t 1531 1483 1718 1874 0
t 1483 1531 1704 1874 0
t 672 1927 537 1954 0
t 1249 361 368 1713 0
t 624 623 1536 1916 0
t 411 669 1596 1786 0
t 1017 1040 1192 1975 0
t 1037 1521 1190 1811 0
t 384 1593 50 1823 0
t 748 1719 1531 1874 0
t 71 1595 72 1760 0
t 63 1832 1552 1924 0
t 878 1074 1212 1739 0
t 344 377 35 1820 0
t 58 57 831 1733 0
t 779 1581 187 1598 0
t 1247 1237 1256 1729 0
t 1526 1695 516 1918 0
t 1176 1706 1537 1974 0
t 49 1640 1598 1963 0
t 1534 1601 1726 1891 0
t 1319 1574 210 1899 0
t 1536 1581 48 1777 0
t 1201 1754 1536 1777 0
t 931 940 1136 1746 0
t 364 1374 360 1640 0
t 1681 1761 1155 1931 0
t 78 1542 874 1724 0
t 519 1507 1687 1824 0
t 603 1544 751 1941 0
t 507 1689 1526 1918 0
t 39 1118 1529 1836 0
t 46 47 1563 1960 0
t 504 1828 1689 1891 0
t 1080 1761 1686 1961 0
t 787 1591 223 1665 0
t 1423 1463 1400 1640 0
t 873 1546 1050 1836 0
t 947 1769 1651 1969 0
t 1539 1707 1018 1817 0
t 1119 1529 1118 1952 0
t 873 1771 1546 1836 0
t 950 1087 1666 1796 0
t 24 320 23 1557 0
t 1341 1366 1398 1586 0
t 908 982 1664 1797 0
t 40 850 41 1667 0
t 1449 1577 198 1757 0
t 1477 1773 1723 1913 0
t 1240 1597 1216 1973 0
t 1533 1470 1719 1882 0
t 1525 1741 1552 1933 0
t 183 1569 1378 1934 0
t 1587 1742 1477 1773 0
t 544 608 1532 1846 0
t 975 1822 1601 1877 0
t 1543 1667 1529 1855 0
t 1496 1741 1711 1841 0
t 1686 1715 1605 1738 0
t 1093 1540 1094 1894 0
t 675 563 1723 1913 0
t 392 340 1421 1643 0
t 1470 1533 1705 1882 0
t 1012 1734 1115 1799 0
t 320 1380 1392 1749 0
t 64 348 1589 1976 0
t 887 1795 1553 1966 0
t 983 1649 1878 1951 0
t 389 1562 20 1755 0
t 1255 1595 234 1760 0
t 662 581 768 1595 0
t 1178 1751 1535 1915 0
t 1170 1536 48 1777 0
t 1526 1737 1695 1764 0
t 358 396 1375 1713 0
t 177 178 1350 1923 0
t 1560 1755 1381 1946 0
t 1503 1780 1681 1935 0
t 189 190 1448 1835 0
t 1505 1691 524 1904 0
t 776 1555 417 1820 0
t 1579 1730 1546 1771 0
t 1577 1730 198 1757 0
t 938 1678 1069 1935 0
t 1380 1557 1350 1749 0
t 1239 1267 1227 1665 0
t 570 622 1916 1947 0
t 874 1542 1179 1724 0
t 559 554 542 1927 0
t 774 1596 1566 1786 0
t 1689 1828 1524 1891 0
t 1158 1525 1710 1924 0
t 1522 1745 609 1830 0
t 948 949 1681 1931 0
t 40 1565 322 1748 0
t 755 1702 1561 1925 0
t 1477 1723 1742 1913 0
t 514 1534 1689 1918 0
t 227 669 1585 1596 0
t 1193 1161 1706 1761 0
t 189 1441 188 1581 0
t 1478 1695 1564 1840 0
t 57 1533 1582 1932 0
t 1592 1776 1506 1825 0
t 71 870 1842 1915 0
t 1207 887 50 1553 0
t 19 801 884 1753 0
t 25 1698 1570 1763 0
t 356 398 1438 1640 0
t 628 1786 1534 1918 0
t 79 811 874 1724 0
t 1469 1684 1606 1802 0
t 750 1556 751 1921 0
t 780 238 1580 1597 0
t 1380 320 1392 1763 0
t 874 78 1213 1542 0
t 68 1549 888 1772 0
t 750 688 751 1556 0
t 1605 1686 1528 1715 0
t 1186 1125 1742 1833 0
t 50 83 1553 1593 0
t 1546 742 1730 1814 0
t 358 1583 1 1713 0
t 1381 1755 1560 1926 0
t 36 1555 885 1771 0
t 1533 1164 1705 1932 0
t 1702 1925 1541 1964 0
t 520 1687 1478 1824 0
t 61 1574 1525 1924 0
t 1513 1898 752 1921 0
t 184 183 736 1569 0
t 999 995 970 1738 0
t 1718 1841 1525 1922 0
t 232 664 423 1558 0
t 385 326 1356 1763 0
t 405 666 665 1545 0
t 399 1311 357 1604 0
t 237 780 238 1580 0
t 1740 1749 1560 1923 0
t 1240 1273 1216 1597 0
t 69 820 1120 1772 0
t 1535 1751 1178 1758 0
t 69 1548 882 1915 0
t 583 421 1548 1845 0
t 773 790 1577 1770 0
t 770 1572 638 1722 0
t 1538 1842 1595 1975 0
t 1503 1678 1774 1935 0
t 1469 1600 1551 1927 0
t 1534 1726 1601 1909 0
t 1542 1596 1585 1786 0
t 1149 1683 934 1768 0
t 1535 1758 1178 1842 0
t 60 1571 59 1736 0
t 1043 1042 1714 1853 0
t 337 1391 1357 1755 0
t 1546 1730 742 1848 0
t 688 205 429 1642 0
t 963 1524 1747 1822 0
t 170 1827 1690 1942 0
t 610 1855 782 1948 0
t 747 1531 1718 1874 0
t 1530 1756 1775 1967 0
t 1685 1720 1524 1747 0
t 1532 1592 1506 1825 0
t 686 768 1535 1953 0
t 1001 1003 1002 1578 0
t 686 1847 1535 1905 0
t 1570 1584 723 1879 0
t 50 887 51 1553 0
t 1172 1204 32 1549 0
t 204 205 1306 1642 0
t 1437 362 380 1604 0
t 324 1266 371 1728 0
t 928 933 1679 1784 0
t 943 1086 1677 1779 0
t 790 415 1577 1730 0
t 1050 1546 1771 1939 0
t 874 1213 1179 1542 0
t 546 1688 1847 1905 0
t 521 1539 523 1839 0
t 1544 1752 1039 1849 0
t 879 1795 1541 1964 0
t 1400 1359 1423 1640 0
t 1071 946 1683 1774 0
t 1465 1699 1455 1791 0
t 69 1580 68 1772 0
t 1542 1695 1564 1737 0
t 1692 1883 1501 1962 0
t 75 371 323 1594 0
t 576 1625 719 1829 0
t 75 866 1853 1972 0
t 1040 1018 1662 1707 0
t 1101 1553 82 1766 0
t 1099 1709 1795 1966 0
t 196 1415 1565 1748 0
t 948 1681 949 1780 0
t 1696 1705 1533 1743 0
t 1541 1701 1156 1964 0
t 781 756 202 1778 0
t 1415 1466 1565 1748 0
t 1090 1095 1534 1894 0
t 659 1557 407 1708 0
t 1469 1551 1600 1712 0
t 73 1595 1558 1729 0
t 1778 1895 1590 1941 0
t 1083 1656 904 1803 0
t 1255 233 234 1595 0
t 593 1826 1603 1831 0
t 1041 1662 1539 1714 0
t 1478 1695 767 1824 0
t 1203 1844 1751 1915 0
t 1021 1185 1759 1949 0
t 30 1559 1827 1834 0
t 781 202 1590 1778 0
t 993 1506 1776 1825 0
t 1004 1742 1506 1825 0
t 1143 1712 1607 1906 0
t 208 207 650 1589 0
t 32 1204 67 1549 0
t 914 911 1671 1800 0
t 954 1129 1650 1804 0
t 24 1763 1557 1929 0
t 52 879 837 1964 0
t 64 1556 65 1642 0
t 988 1036 1097 1606 0
t 652 404 1699 1948 0
t 1146 1735 1522 1886 0
t 364 354 1354 1937 0
t 1667 1854 1543 1952 0
t 417 1590 1555 1941 0
t 83 1553 1593 1665 0
t 1476 1825 1834 1907 0
t 1484 1705 1696 1743 0
t 25 26 1570 1698 0
t 68 1120 820 1772 0
t 1118 1818 1529 1836 0
t 665 1545 666 1840 0
t 974 1661 1854 1936 0
t 31 1549 32 1583 0
t 83 82 1553 1665 0
t 866 1042 1853 1972 0
t 769 742 1730 1848 0
t 216 761 217 1599 0
t 1730 1771 1579 1836 0
t 44 392 332 1575 0
t 600 599 598 1841 0
t 1134 1039 1752 1849 0
t 1547 1879 1762 1913 0
t 638 1722 1572 1925 0
t 1461 1429 1405 1598 0
t 1590 1778 34 1895 0
t 577 1723 1913 1970 0
t 1094 1540 1093 1966 0
t 1687 1839 762 1840 0
t 413 1560 676 1721 0
t 330 1414 1453 1757 0
t 1186 1742 1032 1825 0
t 1045 1731 1478 1888 0
t 1483 1525 1718 1841 0
t 1040 1018 1041 1662 0
t 197 196 773 1577 0
t 1525 1483 1710 1841 0
t 1552 1711 1525 1924 0
t 1534 1786 628 1909 0
t 1262 1591 1244 1767 0
t 1380 1379 1350 1557 0
t 1531 1470 1704 1874 0
t 1091 1095 1724 1764 0
t 1470 1531 1719 1874 0
t 665 1545 1839 1944 0
t 1530 1726 506 1967 0
t 1700 1715 1528 1754 0
t 1284 1304 1294 1727 0
t 1069 1678 938 1774 0
t 1512 1681 1780 1931 0
t 408 1643 1563 1958 0
t 762 789 520 1840 0
t 18 884 1753 1811 0
t 1527 1769 996 1939 0
t 1203 1751 1035 1915 0
t 80 1566 1724 1894 0
t 962 1720 1524 1877 0
t 1544 1895 1039 1919 0
t 1050 1546 1939 1969 0
t 81 1591 350 1767 0
t 677 606 776 1579 0
t 875 1759 1211 1833 0
t 331 1225 1265 1760 0
t 378 1418 1414 1748 0
t 1017 1707 1538 1758 0
t 864 850 40 1667 0
t 80 1724 883 1894 0
t 1882 1912 1533 1971 0
t 582 1563 588 1947 0
t 1125 1211 1185 1759 0
t 412 1599 1550 1903 0
t 36 35 885 1555 0
t 69 882 70 1915 0
t 584 1532 608 1950 0
t 1484 1914 1696 1951 0
t 1414 1577 1435 1757 0
t 1321 215 1599 1856 0
t 1221 1262 1244 1767 0
t 1123 1704 1166 1733 0
t 610 611 782 1855 0
t 1130 1630 1539 1817 0
t 1164 1705 1123 1733 0
t 659 407 703 1708 0
t 1759 1762 1547 1879 0
t 1701 1815 1061 1964 0
t 392 1575 44 1974 0
t 1547 1762 1759 1913 0
t 498 1693 500 1703 0
t 479 705 1639 1831 0
t 878 22 1739 1740 0
t 1525 1841 1741 1933 0
t 1298 1306 1335 1604 0
t 631 1902 1540 1909 0
t 1432 1598 1461 1640 0
t 785 1597 1583 1713 0
t 1350 178 1749 1923 0
t 1567 1895 1778 1941 0
t 1206 1170 890 1963 0
t 672 542 537 1927 0
t 17 1569 1586 1811 0
t 434 413 676 1721 0
t 934 935 1679 1781 0
t 925 1153 1680 1782 0
t 1158 1058 1710 1736 0
t 1378 1569 1788 1934 0
t 417 604 605 1941 0
t 30 1559 1690 1827 0
t 1592 1644 1506 1776 0
t 64 1589 1556 1976 0
t 384 50 353 1823 0
t 1135 907 1659 1805 0
t 1062 1660 1078 1806 0
t 669 775 627 1542 0
t 41 1127 42 1886 0
t 16 1586 1640 1963 0
t 548 1641 724 1837 0
t 1144 1061 1815 1964 0
t 1140 1751 1516 1758 0
t 1179 1542 1737 1764 0
t 1035 1751 1203 1844 0
t 771 1538 581 1944 0
t 887 1553 1101 1966 0
t 40 41 322 1565 0
t 1133 1651 900 1808 0
t 1210 793 25 1698 0
t 1396 1357 1391 1755 0
t 1150 1060 895 1711 0
t 767 668 1695 1840 0
t 1532 1846 1559 1907 0
t 500 1693 499 1703 0
t 1058 1166 1704 1736 0
t 1003 1061 1002 1701 0
t 773 1577 196 1770 0
t 636 501 506 1967 0
t 1091 1724 1179 1764 0
t 337 1357 389 1755 0
t 992 967 1140 1776 0
t 643 1562 432 1717 0
t 786 222 1593 1665 0
t 1328 1310 1574 1727 0
t 1039 1752 1544 1813 0
t 673 759 744 1914 0
t 20 389 19 1562 0
t 81 1766 1566 1894 0
t 1328 1574 1310 1899 0
t 885 1849 1555 1895 0
t 1284 1589 1304 1727 0
t 882 1548 1203 1915 0
t 1001 1138 1148 1578 0
t 544 1532 584 1845 0
t 389 19 1562 1788 0
t 1446 193 1413 1791 0
t 183 1378 182 1934 0
t 73 1558 1595 1975 0
t 633 1722 1540 1902 0
t 1601 1822 1524 1877 0
t 1685 1720 1504 1828 0
t 204 1306 1298 1604 0
t 1508 1603 1651 1769 0
t 1595 1842 1538 1905 0
t 1741 1841 749 1933 0
t 80 883 1566 1894 0
t 1551 1927 1600 1954 0
t 45 46 1563 1961 0
t 175 1570 1382 1584 0
t 888 1204 1172 1549 0
t 47 46 1563 1835 0
t 1476 1846 1559 1893 0
t 1157 1158 871 1924 0
t 543 1539 523 1908 0
t 175 1382 174 1584 0
t 72 823 870 1842 0
t 80 1200 883 1724 0
t 195 196 1415 1565 0
t 989 1140 967 1758 0
t 755 218 217 1702 0
t 1045 1737 1044 1853 0
t 81 1566 883 1894 0
t 1179 1737 1169 1764 0
t 997 1686 1080 1761 0
t 1521 1715 1700 1754 0
t 879 52 1795 1964 0
t 69 70 346 1838 0
t 1369 1398 1586 1640 0
t 1723 1742 1506 1773 0
t 1054 1039 1544 1895 0
t 1157 832 60 1736 0
t 1336 1312 1279 1816 0
t 80 1566 1596 1724 0
t 1153 930 966 1765 0
t 1522 1706 1537 1761 0
t 663 581 423 1944 0
t 665 666 1839 1840 0
t 1415 1466 1442 1565 0
t 1300 1899 1571 1910 0
t 683 525 528 1908 0
t 1524 1720 1685 1828 0
t 375 1591 82 1665 0
t 1180 1854 1667 1952 0
t 1531 1719 1573 1733 0
t 25 26 326 1570 0
t 652 193 1554 1699 0
t 1537 1706 1161 1761 0
t 196 1577 1447 1748 0
t 419 638 1572 1925 0
t 1199 1518 1735 1886 0
t 1537 1522 1761 1920 0
t 179 1560 1386 1923 0
t 36 1579 1555 1771 0
t 1776 1825 1592 1844 0
t 1188 1772 1532 1844 0
t 1689 1720 1524 1828 0
t 1172 31 1102 1907 0
t 581 771 552 1905 0
t 609 1830 1745 1948 0
t 1722 1925 766 1967 0
t 83 1101 1207 1553 0
t 1101 1553 1766 1966 0
t 523 1539 543 1839 0
t 1543 1667 1518 1854 0
t 359 1665 3 1816 0
t 997 1520 1686 1761 0
t 1693 1822 1524 1891 0
t 560 1605 562 1641 0
t 974 1854 1010 1936 0
t 1476 1913 1723 1970 0
t 638 766 1722 1925 0
t 389 1357 1345 1788 0
t 1163 886 1164 1932 0
t 764 420 1575 1830 0
t 209 1285 208 1727 0
t 932 931 1675 1779 0
t 726 562 1605 1641 0
t 1469 1606 1551 1712 0
t 1390 1372 1351 1819 0
t 1555 35 1590 1820 0
t 1564 1695 1478 1737 0
t 564 554 1645 1684 0
t 939 1676 938 1780 0
t 764 788 420 1830 0
t 232 233 1256 1729 0
t 1607 1768 1131 1906 0
t 1399 1365 1342 1583 0
t 1477 1742 1723 1773 0
t 523 1687 521 1904 0
t 1542 1724 1596 1786 0
t 48 1598 1536 1963 0
t 81 883 1766 1894 0
t 1229 373 323 1729 0
t 1232 1242 1271 1938 0
t 1386 1923 1560 1946 0
t 1535 1847 686 1953 0
t 720 176 1570 1750 0
t 766 638 1722 1967 0
t 1379 1557 1380 1763 0
t 924 903 1653 1809 0
t 680 1543 1725 1911 0
t 1176 1537 1161 1961 0
t 1195 1020 1034 1960 0
t 1526 1720 1689 1828 0
t 1561 1599 761 1903 0
t 1560 1923 1749 1946 0
t 1346 1562 1396 1755 0
t 1223 1585 1246 1728 0
t 781 1778 1590 1941 0
t 1530 1822 1693 1891 0
t 1540 1709 1093 1966 0
t 1337 1296 1311 1604 0
t 1291 348 366 1642 0
t 419 638 770 1572 0
t 1525 1711 1710 1924 0
t 176 1352 1570 1763 0
t 361 1249 1274 1713 0
t 1328 1333 1310 1727 0
t 607 1814 1527 1917 0
t 1223 1246 1238 1728 0
t 979 1655 978 1810 0
t 1414 330 378 1748 0
t 499 1703 1693 1756 0
t 16 364 0 1640 0
t 0 356 49 1640 0
t 35 885 1555 1895 0
t 917 1674 916 1789 0
t 918 1122 1674 1790 0
t 627 668 425 1564 0
t 765 609 1830 1920 0
t 1555 1590 417 1820 0
t 1466 1442 1565 1699 0
t 64 65 348 1642 0
t 1537 1706 1522 1920 0
t 663 423 1558 1944 0
t 1226 1594 232 1729 0
t 888 68 67 1549 0
t 197 198 1449 1577 0
t 680 1543 1855 1957 0
t 1651 1769 1603 1969 0
t 967 940 1677 1746 0
t 72 825 73 1842 0
t 1539 1511 1707 1817 0
t 393 1574 61 1727 0
t 184 1344 1569 1586 0
t 417 776 606 1555 0
t 1262 1267 1244 1591 0
t 1371 1569 1378 1937 0
t 688 1642 1556 1976 0
t 80 883 81 1566 0
t 393 61 1574 1899 0
t 1603 1527 1814 1939 0
t 769 1730 790 1848 0
t 170 1690 169 1942 0
t 1147 1701 1156 1709 0
t 1161 1761 1080 1961 0
t 213 1316 1573 1928 0
t 1563 1643 45 1961 0
t 1072 1682 1071 1807 0
t 1539 1691 1511 1817 0
t 190 1643 1448 1835 0
t 1401 1375 396 1713 0
t 619 545 573 1762 0
t 1546 1818 1050 1836 0
t 1478 1839 1687 1840 0
t 374 31 1583 1690 0
t 1524 1720 1689 1877 0
t 652 193 420 1554 0
t 1211 1759 1125 1833 0
t 421 585 780 1580 0
t 82 1101 83 1553 0
t 1049 1769 947 1969 0
t 1432 1461 1425 1640 0
t 1369 1361 1398 1640 0
t 1369 1586 185 1640 0
t 1518 1543 1854 1957 0
t 42 1699 1554 1791 0
t 1445 1575 1436 1643 0
t 1 368 361 1713 0
t 1433 1456 1451 1590 0
t 592 1622 1732 1955 0
t 1437 1422 1464 1604 0
t 1159 1199 1214 1854 0
t 1603 1826 1508 1831 0
t 1569 1794 1521 1934 0
t 781 756 1778 1941 0
t 32 31 1172 1549 0
t 1353 1388 349 1690 0
t 35 36 344 1820 0
t 199 198 677 1579 0
t 1119 40 39 1667 0
t 416 1794 1569 1934 0
t 229 1260 228 1728 0
t 1378 1569 1344 1937 0
t 477 1732 1631 1955 0
t 1551 1587 1477 1773 0
t 31 1559 30 1907 0
t 665 1839 1545 1840 0
t 933 1028 1131 1906 0
t 1415 1442 195 1565 0
t 885 1771 1555 1849 0
t 1601 1822 1530 1891 0
t 643 432 644 1717 0
t 1524 1822 1601 1891 0
t 1037 1033 1190 1754 0
t 637 759 1775 1903 0
t 3 1665 1593 1816 0
t 1567 1604 783 1778 0
t 725 1600 721 1885 0
t 1689 1720 1526 1877 0
t 1037 1754 1521 1811 0
t 777 588 408 1563 0
t 1372 1584 1351 1819 0
t 1533 1705 1696 1932 0
t 1004 1587 1136 1746 0
t 17 1586 1569 1937 0
t 410 235 234 1568 0
t 196 1565 741 1770 0
t 67 1204 888 1549 0
t 1312 384 1279 1816 0
t 1063 1065 1658 1812 0
t 1107 1696 1105 1815 0
t 1207 50 83 1553 0
t 421 585 1580 1845 0
t 55 56 1550 1932 0
t 1511 1539 1707 1908 0
t 1077 1694 1519 1753 0
t 73 824 74 1975 0
t 1367 1396 1346 1562 0
t 380 1416 1404 1778 0
t 396 358 1 1713 0
t 537 541 534 1551 0
t 1511 1691 1539 1908 0
t 923 921 1673 1785 0
t 1569 1586 1344 1937 0
t 1667 1770 1529 1855 0
t 1532 1846 608 1950 0
t 771 1908 1538 1944 0
t 1025 1672 1068 1787 0
t 0 1640 49 1963 0
t 42 372 41 1699 0
t 1546 1603 1515 1848 0
t 11 1299 1593 1816 0
t 1227 359 1215 1665 0
t 1603 1769 1527 1939 0
t 569 1605 561 1783 0
t 1538 1707 1688 1758 0
t 1540 1726 634 1909 0
t 508 517 516 1824 0
t 179 1560 1381 1946 0
t 1017 1192 1038 1758 0
t 1602 1697 1522 1931 0
t 1467 1570 1879 1965 0
t 1571 1718 1531 1736 0
t 390 1568 71 1760 0
t 1223 1246 1585 1938 0
t 1369 185 1361 1640 0
t 1161 1537 1761 1961 0
t 1575 1706 1554 1791 0
t 775 627 1542 1918 0
t 1093 1709 1099 1966 0
t 77 1585 335 1728 0
t 34 33 889 1895 0
t 725 721 464 1885 0
t 1453 338 330 1757 0
t 1436 1412 1575 1791 0
t 949 972 1669 1801 0
t 1516 1644 1592 1776 0
t 1545 1594 75 1972 0
t 964 1630 1792 1888 0
t 677 1579 198 1730 0
t 186 1598 1432 1640 0
t 81 350 376 1767 0
t 1256 1255 1247 1729 0
t 45 1563 46 1643 0
t 774 1566 630 1786 0
t 373 1229 1225 1729 0
t 1675 1692 1501 1765 0
t 1443 1466 1450 1699 0
t 1508 1769 1588 1826 0
t 1054 1544 1039 1849 0
t 530 531 1892 1962 0
t 1709 1722 1541 1795 0
t 753 744 412 1550 0
t 27 1547 28 1819 0
t 911 913 1670 1800 0
t 1573 1733 1719 1912 0
t 1484 1878 1649 1951 0
t 866 1042 1043 1853 0
t 1378 1788 182 1934 0
t 1478 1695 1731 1737 0
t 523 1539 1691 1908 0
t 1515 1603 1546 1969 0
t 1265 339 331 1760 0
t 741 1565 404 1855 0
t 1684 1698 1467 1802 0
t 680 1725 1543 1957 0
t 652 791 404 1948 0
t 423 581 662 1595 0
t 1407 187 1581 1598 0
t 195 741 196 1565 0
t 1168 955 957 1940 0
t 1218 1580 238 1597 0
t 1541 1709 1701 1967 0
t 1301 1293 1332 1856 0
t 65 1556 1813 1919 0
t 1242 1596 1271 1938 0
t 1177 1818 1118 1836 0
t 1701 1709 1530 1967 0
t 554 564 727 1684 0
t 43 1554 1706 1791 0
t 1173 1772 1188 1844 0
t 1131 1607 1142 1768 0
t 62 1727 1574 1924 0
t 1050 1771 1052 1939 0
t 38 39 1577 1836 0
t 992 1140 1751 1776 0
t 1537 1961 1176 1974 0
t 1192 1038 1758 1842 0
t 1095 1724 1534 1894 0
t 180 1381 179 1926 0
t 976 1712 966 1765 0
t 503 502 1693 1891 0
t 1532 1592 1825 1844 0
t 26 1584 1570 1965 0
t 1546 1603 1814 1939 0
t 1368 1576 1397 1819 0
t 1182 1210 1097 1698 0
t 1520 1783 1761 1920 0
t 1180 1013 1854 1952 0
t 889 1039 1895 1919 0
t 1103 1834 1825 1907 0
t 65 1556 64 1813 0
t 535 533 1773 1962 0
t 227 411 669 1596 0
t 931 930 1675 1765 0
t 330 1577 39 1748 0
t 962 1720 960 1747 0
t 578 1605 562 1700 0
t 24 808 25 1929 0
t 68 1597 1580 1973 0
t 27 1547 1819 1965 0
t 974 973 1697 1801 0
t 522 519 639 1904 0
t 197 1447 196 1577 0
t 1109 1647 1181 1929 0
t 727 573 1684 1750 0
t 169 1690 1583 1942 0
t 505 508 507 1828 0
t 692 563 675 1913 0
t 380 1604 33 1778 0
t 562 561 569 1605 0
t 569 1605 1783 1947 0
t 43 1706 1575 1791 0
t 184 1344 183 1569 0
t 1438 1463 1423 1640 0
t 1359 1400 1374 1640 0
t 745 409 650 1552 0
t 619 1762 1879 1913 0
t 1226 231 232 1594 0
t 63 1552 62 1924 0
t 1339 1571 1289 1910 0
t 1289 212 1316 1573 0
t 1516 1677 1644 1746 0
t 570 562 1605 1700 0
t 1477 1606 1551 1762 0
t 38 1577 330 1757 0
t 1591 1766 1553 1902 0
t 1261 1254 1277 1594 0
t 510 509 1602 1843 0
t 1520 1761 1602 1920 0
t 1054 1544 1849 1895 0
t 1719 1882 754 1912 0
t 725 672 721 1600 0
t 1542 1786 775 1918 0
t 1203 1548 1844 1915 0
t 1587 1501 1692 1765 0
t 1087 1089 1671 1796 0
t 1110 908 1670 1797 0
t 69 1120 882 1772 0
t 1492 1693 1578 1747 0
t 1606 1684 1469 1927 0
t 333 1328 1288 1899 0
t 570 578 562 1700 0
t 1397 1576 1348 1819 0
t 1559 1846 1532 1950 0
t 210 1571 1322 1899 0
t 209 1574 1285 1727 0
t 543 1839 1539 1908 0
t 1722 1795 1709 1966 0
t 1601 1709 1540 1726 0
t 391 1579 37 1757 0
t 1076 1694 999 1798 0
t 181 1562 1346 1926 0
t 593 594 1603 1826 0
t 749 1741 601 1841 0
t 1504 1685 1655 1747 0
t 188 1407 187 1581 0
t 78 335 77 1585 0
t 498 500 499 1703 0
t 1492 1578 1703 1951 0
t 1386 1560 179 1946 0
t 944 1131 1142 1768 0
t 16 1640 0 1963 0
t 1411 198 1579 1757 0
t 1478 1714 1839 1840 0
t 53 1702 52 1964 0
t 357 66 2 1604 0
t 1015 1119 1118 1952 0
t 1552 1589 63 1727 0
t 1574 1727 1552 1924 0
t 672 725 559 1885 0
t 988 977 976 1606 0
t 1718 1736 1571 1922 0
t 1492 1703 1649 1951 0
t 1248 1272 1215 1816 0
t 350 82 375 1591 0
t 1602 1522 1761 1931 0
t 1386 1749 1923 1946 0
t 1548 1844 1592 1845 0
t 576 558 1625 1829 0
t 364 360 0 1640 0
t 30 1559 31 1690 0
t 603 1917 1544 1941 0
t 588 1563 777 1896 0
t 76 324 371 1728 0
t 1314 1572 1307 1702 0
t 61 1574 62 1727 0
t 509 510 495 1843 0
t 868 1077 1187 1956 0
t 1023 1085 1664 1793 0
t 1353 1393 1388 1690 0
t 1588 1769 1527 1826 0
t 1551 1692 1587 1773 0
t 1547 1879 729 1959 0
t 1026 1086 1668 1817 0
t 1211 1021 1185 1759 0
t 1538 1905 1688 1908 0
t 773 790 415 1577 0
t 229 1224 1728 1821 0
t 756 1567 783 1778 0
t 999 970 1069 1678 0
t 1261 323 1594 1729 0
t 227 1596 1585 1938 0
t 422 211 210 1571 0
t 1529 1667 1543 1952 0
t 17 1586 16 1963 0
t 1551 1606 1469 1927 0
t 483 488 489 1897 0
t 1562 1788 1753 1934 0
t 186 1432 1425 1640 0
t 1625 1680 1482 1829 0
t 1137 953 1630 1792 0
t 1287 213 1582 1928 0
t 208 1323 1589 1727 0
t 977 1029 1143 1712 0
t 955 1168 964 1888 0
t 1407 1581 1441 1945 0
t 1321 1320 215 1856 0
t 1467 1684 1606 1762 0
t 199 1411 198 1579 0
t 352 34 1590 1778 0
t 334 1584 27 1819 0
t 1174 1046 1045 1731 0
t 489 707 494 1897 0
t 33 1604 1567 1778 0
t 186 784 1598 1640 0
t 1572 1722 1553 1795 0
t 1220 234 1568 1760 0
t 1408 365 1452 1835 0
t 1188 1532 1772 1907 0
t 356 0 398 1640 0
t 76 1564 1728 1821 0
t 1187 1739 868 1956 0
t 1548 1772 1203 1844 0
t 510 509 512 1602 0
t 512 609 765 1920 0
t 1389 383 1788 1937 0
t 1518 1667 1543 1855 0
t 596 593 594 1603 0
t 73 1595 1842 1975 0
t 48 1581 1598 1945 0
t 672 1600 725 1885 0
t 1441 1581 1434 1945 0
t 1543 1518 1855 1957 0
t 73 825 1116 1842 0
t 358 32 1 1583 0
t 1225 331 373 1729 0
t 1540 1722 1553 1902 0
t 548 560 1641 1837 0
t 1508 1646 1631 1955 0
t 359 1227 375 1665 0
t 28 1819 1547 1833 0
t 637 759 565 1775 0
t 692 1762 619 1913 0
t 1528 1916 1896 1947 0
t 964 1137 953 1630 0
t 1547 1819 1576 1833 0
t 1578 1914 1703 1951 0
t 38 1118 854 1836 0
t 1344 1378 183 1569 0
t 1592 1844 1532 1845 0
t 386 52 345 1702 0
t 1500 1639 1651 1831 0
t 1220 234 235 1568 0
t 867 843 58 1733 0
t 58 831 1163 1733 0
t 786 431 222 1665 0
t 1015 1118 1177 1818 0
t 1556 1642 1567 1919 0
t 1723 1742 1476 1846 0
t 61 62 1574 1924 0
t 1534 1786 1542 1918 0
t 490 1639 705 1831 0
t 491 648 440 1887 0
t 28 1576 342 1819 0
t 442 441 440 1887 0
t 732 467 726 1889 0
t 724 467 657 1889 0
t 1049 1139 947 1769 0
t 1165 60 829 1736 0
t 875 1211 1125 1833 0
t 1496 1622 1646 1955 0
t 624 428 736 1794 0
t 964 1630 953 1792 0
t 1384 1562 181 1934 0
t 949 972 1112 1669 0
t 45 1961 1643 1974 0
t 552 1688 1905 1908 0
t 537 1551 534 1954 0
t 729 1547 1959 1970 0
t 2 33 380 1604 0
t 703 564 731 1900 0
t 435 436 433 1890 0
t 1067 1026 1086 1668 0
t 459 660 656 1881 0
t 444 443 442 1880 0
t 348 379 64 1589 0
t 706 532 530 1883 0
t 464 658 444 1880 0
t 1540 1766 1094 1894 0
t 536 706 558 1883 0
t 657 656 728 1881 0
t 420 652 1554 1948 0
t 736 428 184 1586 0
t 1053 1849 996 1939 0
t 66 1567 2 1604 0
t 1328 333 393 1899 0
t 435 434 685 1890 0
t 2 1567 33 1604 0
t 641 547 493 1873 0
t 1091 874 1179 1724 0
t 910 1135 1663 1805 0
t 1062 912 1663 1806 0
t 642 459 689 1871 0
t 682 572 689 1871 0
t 1477 1587 1551 1949 0
t 715 722 574 1872 0
t 708 556 722 1872 0
t 1418 378 322 1748 0
t 624 1536 1794 1916 0
t 1055 1115 1656 1799 0
t 453 448 716 1870 0
t 448 447 446 1870 0
t 641 495 717 1873 0
t 1546 1769 1603 1939 0
t 422 1571 210 1922 0
t 1503 1641 1681 1837 0
t 613 1882 1743 1971 0
t 351 1452 1835 1945 0
t 1381 180 1755 1926 0
t 549 526 524 1876 0
t 1606 1762 1684 1927 0
t 1534 1724 1542 1786 0
t 527 525 526 1876 0
t 547 551 492 1869 0
t 1178 1035 1751 1915 0
t 671 551 709 1869 0
t 394 334 27 1819 0
t 452 710 682 1867 0
t 454 715 714 1866 0
t 653 654 452 1867 0
t 456 455 454 1866 0
t 1382 1570 1364 1584 0
t 599 746 749 1841 0
t 645 711 460 1868 0
t 1534 1689 1601 1891 0
t 599 600 1718 1841 0
t 1378 1569 1371 1788 0
t 781 1590 417 1941 0
t 74 1594 323 1729 0
t 645 549 649 1868 0
t 1017 989 1707 1758 0
t 1346 1562 1755 1926 0
t 1395 1364 1352 1570 0
t 967 968 1746 1776 0
t 606 677 742 1814 0
t 426 189 188 1581 0
t 529 693 546 1892 0
t 480 482 483 1864 0
t 480 478 479 1864 0
t 698 511 709 1863 0
t 555 699 698 1863 0
t 996 894 1588 1752 0
t 458 460 700 1862 0
t 463 461 458 1862 0
t 217 1283 1599 1930 0
t 655 653 647 1861 0
t 457 647 455 1861 0
t 757 770 638 1722 0
t 687 615 704 1848 0
t 78 335 1585 1938 0
t 906 904 1659 1803 0
t 1000 1660 1129 1804 0
t 745 1741 1552 1898 0
t 695 718 640 1865 0
t 1273 1597 1236 1713 0
t 1522 1830 1886 1948 0
t 1546 1050 1818 1969 0
t 63 1589 1552 1832 0
t 1506 1742 1723 1846 0
t 474 476 478 1859 0
t 518 640 639 1865 0
t 713 738 579 1943 0
t 474 473 475 1859 0
t 1540 1709 1722 1967 0
t 622 1896 1916 1947 0
t 1421 1643 340 1835 0
t 470 472 555 1857 0
t 684 465 461 1858 0
t 471 470 469 1857 0
t 465 481 468 1858 0
t 770 219 1572 1823 0
t 1094 1766 1540 1966 0
t 944 1149 934 1768 0
t 614 1716 680 1911 0
t 1467 1762 1759 1879 0
t 697 712 646 1860 0
t 575 712 718 1860 0
t 1185 1151 1742 1949 0
t 1014 1734 1048 1799 0
t 994 1686 997 1738 0
t 1468 1708 1557 1740 0
t 347 1345 1389 1788 0
t 1248 1215 359 1816 0
t 939 937 938 1676 0
t 926 932 931 1675 0
t 1708 1740 1499 1923 0
t 1055 1115 927 1656 0
t 1343 1583 169 1690 0
t 1019 1825 1776 1844 0
t 368 1228 1216 1973 0
t 1705 1743 1484 1882 0
t 473 694 487 1852 0
t 598 694 620 1852 0
t 393 61 62 1727 0
t 497 496 485 1851 0
t 498 485 697 1851 0
t 1265 1231 339 1760 0
t 484 678 468 1850 0
t 678 486 469 1850 0
t 1365 1393 1353 1690 0
t 405 1594 230 1821 0
t 944 1683 1149 1768 0
t 31 32 374 1583 0
t 512 1602 509 1843 0
t 614 616 680 1716 0
t 1050 1818 1177 1836 0
t 927 1656 1115 1799 0
t 195 404 1565 1699 0
t 1416 380 352 1778 0
t 546 1847 571 1905 0
t 1280 1314 219 1572 0
t 1301 1332 1582 1856 0
t 1476 1742 1825 1846 0
t 500 646 1685 1693 0
t 74 1594 1558 1972 0
t 619 1879 729 1913 0
t 896 897 898 1646 0
t 1534 1542 1764 1918 0
t 1260 1585 228 1728 0
t 745 1552 650 1898 0
t 1559 1834 30 1907 0
t 1307 1314 1280 1572 0
t 231 230 405 1594 0
t 744 1550 753 1971 0
t 541 1551 537 1927 0
t 1036 1208 1182 1965 0
t 1080 1176 1161 1961 0
t 320 1392 382 1749 0
t 1330 1572 1280 1823 0
t 1147 1156 1099 1709 0
t 62 1552 63 1727 0
t 377 352 34 1590 0
t 1455 1443 1450 1699 0
t 953 1666 952 1792 0
t 80 1596 1566 1767 0
t 1258 227 1585 1938 0
t 1294 1328 393 1727 0
t 1254 1261 1266 1594 0
t 1415 1458 1466 1748 0
t 1508 1732 1646 1955 0
t 1558 1594 74 1729 0
t 688 1556 424 1976 0
t 1280 1330 1307 1572 0
t 1007 1066 1059 1875 0
t 985 984 981 1878 0
t 399 357 2 1604 0
t 37 38 1757 1836 0
t 1223 335 1264 1938 0
t 1327 1286 1309 1856 0
t 53 52 837 1964 0
t 1515 1546 1818 1969 0
t 217 1702 1318 1930 0
t 1300 1571 1339 1910 0
t 525 683 1691 1908 0
t 1542 1724 1534 1764 0
t 1377 1690 170 1827 0
t 1551 1692 534 1954 0
t 1054 889 1039 1895 0
t 1043 1714 1045 1853 0
t 953 951 952 1666 0
t 902 900 1653 1808 0
t 425 667 229 1821 0
t 774 1566 1596 1767 0
t 1561 1775 637 1925 0
t 687 704 596 1603 0
t 1522 1745 1735 1843 0
t 198 1577 415 1730 0
t 41 1565 40 1667 0
t 38 1577 1757 1836 0
t 1686 1761 1537 1961 0
t 755 1561 637 1925 0
t 527 529 528 1892 0
t 736 1569 416 1794 0
t 54 53 1561 1930 0
t 922 1023 1085 1664 0
t 1508 1651 1603 1831 0
t 1149 1071 946 1683 0
t 652 1699 1554 1948 0
t 1245 1580 1268 1973 0
t 412 1550 744 1903 0
t 1170 1114 1201 1777 0
t 1538 1707 1662 1908 0
t 390 70 71 1568 0
t 1407 1598 1581 1945 0
t 11 221 786 1593 0
t 1754 1777 1034 1960 0
t 1555 1814 604 1917 0
t 1556 1589 64 1832 0
t 692 619 729 1913 0
t 63 1589 379 1727 0
t 1489 1680 1600 1906 0
t 1576 1834 1827 1893 0
t 1468 1684 1645 1802 0
t 1496 1646 1732 1955 0
t 1580 1597 1218 1973 0
t 972 1112 1669 1801 0
t 567 690 702 1874 0
t 1523 1701 1561 1815 0
t 1563 1537 1958 1974 0
t 1706 1830 1522 1920 0
t 604 1917 605 1941 0
t 1453 1420 338 1757 0
t 1026 1668 1067 1817 0
t 1546 1515 1818 1848 0
t 1273 1250 1236 1597 0
t 1095 883 1200 1724 0
t 604 1555 606 1814 0
t 57 367 56 1582 0
t 176 175 720 1570 0
t 960 1655 961 1747 0
t 185 1586 784 1640 0
t 637 1775 1561 1903 0
t 500 1685 503 1693 0
t 1064 1657 1065 1812 0
t 970 1069 1678 1935 0
t 1195 1034 1777 1960 0
t 2 380 362 1604 0
t 424 1898 207 1976 0
t 1045 1046 1044 1737 0
t 1533 1743 1705 1882 0
t 178 179 1386 1923 0
t 1686 1761 1520 1783 0
t 1218 237 238 1580 0
t 1011 1661 974 1936 0
t 1562 1926 1519 1956 0
t 1145 924 1657 1809 0
t 1522 1886 1745 1948 0
t 1442 195 1565 1699 0
t 389 1345 347 1788 0
t 1024 1658 979 1810 0
t 1555 1771 1579 1814 0
t 902 900 901 1653 0
t 1735 1745 1517 1843 0
t 1050 873 1052 1771 0
t 496 612 566 1882 0
t 648 1615 440 1887 0
t 442 440 1615 1887 0
t 1554 1886 1830 1948 0
t 960 959 961 1655 0
t 878 22 1183 1739 0
t 1274 1360 1401 1713 0
t 1319 210 1322 1899 0
t 1356 1387 385 1763 0
t 513 763 561 1783 0
t 716 448 1611 1870 0
t 446 1611 448 1870 0
t 1537 1761 1686 1783 0
t 660 1637 656 1881 0
t 1716 1734 1515 1818 0
t 1600 1680 1489 1829 0
t 728 656 1637 1881 0
t 444 442 1615 1880 0
t 444 1615 464 1880 0
t 1150 1158 1060 1710 0
t 170 169 730 1942 0
t 1421 340 1408 1835 0
t 642 689 1627 1871 0
t 689 572 1627 1871 0
t 342 28 29 1576 0
t 901 1653 900 1808 0
t 1600 1712 1551 1954 0
t 1295 1282 388 1930 0
t 574 722 1632 1872 0
t 722 556 1632 1872 0
t 761 637 755 1561 0
t 349 374 1353 1690 0
t 1522 1735 1697 1843 0
t 604 417 606 1555 0
t 993 1776 1019 1825 0
t 641 493 1638 1873 0
t 923 921 920 1673 0
t 1025 1027 1068 1672 0
t 641 1638 495 1873 0
t 1584 1879 1570 1965 0
t 452 1621 710 1867 0
t 452 654 1621 1867 0
t 714 1624 454 1866 0
t 456 454 1624 1866 0
t 80 341 79 1596 0
t 171 696 172 1576 0
t 492 551 1634 1869 0
t 551 671 1634 1869 0
t 1532 1825 1506 1846 0
t 711 645 1633 1868 0
t 1662 1714 1042 1972 0
t 1695 1737 1542 1764 0
t 647 653 1609 1861 0
t 647 1609 455 1861 0
t 645 649 1633 1868 0
t 724 1641 467 1889 0
t 726 467 1641 1889 0
t 44 1575 332 1791 0
t 745 752 1741 1898 0
t 1468 1740 1557 1929 0
t 627 1695 1542 1918 0
t 651 406 212 1573 0
t 1730 1757 1577 1836 0
t 755 218 1702 1925 0
t 511 698 1626 1863 0
t 699 1626 698 1863 0
t 1217 1591 1267 1665 0
t 358 374 32 1583 0
t 1506 1825 1742 1846 0
t 463 458 1629 1862 0
t 700 1629 458 1862 0
t 239 1597 785 1713 0
t 418 1559 735 1893 0
t 1603 1651 1515 1831 0
t 427 1767 1591 1902 0
t 177 1557 659 1923 0
t 65 1642 1556 1919 0
t 205 1642 688 1976 0
t 1261 1594 1269 1729 0
t 676 1560 179 1923 0
t 367 56 1582 1856 0
t 482 480 1639 1864 0
t 480 479 1639 1864 0
t 413 179 1560 1926 0
t 472 470 1619 1857 0
t 470 471 1619 1857 0
t 465 1620 481 1858 0
t 465 684 1620 1858 0
t 975 987 1601 1822 0
t 663 1558 664 1944 0
t 504 503 505 1828 0
t 603 1544 1917 1921 0
t 1395 1570 1352 1763 0
t 476 474 1631 1859 0
t 474 475 1631 1859 0
t 1478 1714 1687 1839 0
t 234 233 662 1595 0
t 609 512 509 1843 0
t 468 678 1608 1850 0
t 469 1608 678 1850 0
t 1386 1350 178 1749 0
t 1476 1834 1559 1907 0
t 336 1599 1327 1930 0
t 748 747 690 1874 0
t 503 500 646 1685 0
t 694 1622 487 1852 0
t 694 598 1622 1852 0
t 564 554 559 1645 0
t 1477 1742 1587 1949 0
t 328 1349 1391 1946 0
t 1690 1827 1559 1942 0
t 231 405 664 1594 0
t 1697 1735 1517 1843 0
t 883 1724 1095 1894 0
t 66 1205 33 1919 0
t 756 751 429 1567 0
t 1159 1667 1180 1854 0
t 1185 1151 1004 1742 0
t 203 783 1604 1778 0
t 1384 1788 1562 1934 0
t 199 1579 776 1820 0
t 55 1550 1599 1815 0
t 54 1599 1561 1815 0
t 1159 1180 1013 1854 0
t 905 906 904 1659 0
t 922 1664 1085 1793 0
t 1745 1886 1518 1948 0
t 1000 1082 1129 1660 0
t 570 1605 569 1947 0
t 929 934 935 1679 0
t 1179 1046 1169 1737 0
t 1141 925 1153 1680 0
t 1414 1426 1435 1577 0
t 570 562 569 1605 0
t 169 1343 1376 1583 0
t 46 1960 1563 1961 0
t 665 663 664 1944 0
t 1327 1309 1599 1856 0
t 1004 1151 1136 1587 0
t 667 1821 1564 1840 0
t 51 353 50 1823 0
t 57 367 1582 1928 0
t 1011 974 1010 1936 0
t 1515 1651 1603 1969 0
t 324 1276 1266 1728 0
t 367 1293 1286 1856 0
t 1266 1276 1254 1728 0
t 1230 1276 324 1728 0
t 1633 1495 1666 1792 0
t 195 194 404 1699 0
t 1371 1788 1569 1937 0
t 770 220 219 1823 0
t 1641 1681 1520 1935 0
t 637 1561 761 1903 0
t 1484 1703 1914 1951 0
t 785 1583 168 1713 0
t 535 533 538 1773 0
t 422 651 211 1571 0
t 52 386 51 1572 0
t 1537 1920 1783 1958 0
t 754 566 613 1882 0
t 880 74 824 1975 0
t 1472 1768 1607 1906 0
t 50 3 83 1593 0
t 73 1595 72 1842 0
t 174 723 1584 1879 0
t 1540 1726 1709 1967 0
t 391 36 37 1579 0
t 779 1581 623 1896 0
t 1234 1360 1274 1713 0
t 390 339 1231 1760 0
t 1555 1590 35 1895 0
t 66 33 1567 1919 0
t 939 937 1676 1780 0
t 932 1675 926 1779 0
t 599 1718 746 1841 0
t 67 368 1597 1973 0
t 1407 188 1441 1581 0
t 80 1596 79 1724 0
t 1662 1707 1539 1908 0
t 1516 1847 1688 1905 0
t 1188 1772 1173 1907 0
t 586 1942 1549 1950 0
t 1547 729 1879 1913 0
t 1088 1087 1089 1671 0
t 909 1110 908 1670 0
t 427 1566 1767 1902 0
t 177 407 659 1557 0
t 1500 1651 1631 1831 0
t 1489 1680 1625 1829 0
t 521 523 543 1839 0
t 1761 1783 1537 1920 0
t 1557 1750 1468 1929 0
t 1002 1156 1147 1701 0
t 1645 1684 1469 1802 0
t 779 426 1581 1896 0
t 1827 1834 1559 1893 0
t 888 1172 1104 1549 0
t 1172 1104 1549 1907 0
t 974 972 973 1801 0
t 1203 882 1120 1772 0
t 869 1144 1061 1815 0
t 1092 1093 1094 1894 0
t 1014 1818 1734 1952 0
t 505 507 1689 1828 0
t 425 1564 667 1821 0
t 1611 1482 1680 1829 0
t 695 640 1654 1865 0
t 846 43 42 1886 0
t 676 413 179 1560 0
t 1561 1701 1523 1775 0
t 1515 1651 1639 1831 0
t 953 952 954 1792 0
t 518 1654 640 1865 0
t 764 1830 1575 1958 0
t 1548 1580 1772 1845 0
t 517 1695 516 1824 0
t 31 30 1102 1907 0
t 171 696 1576 1827 0
t 1561 1775 1523 1903 0
t 1543 1716 1529 1952 0
t 519 522 1687 1904 0
t 584 1845 1532 1950 0
t 1602 1681 1520 1837 0
t 500 499 1693 1756 0
t 1578 1747 1693 1822 0
t 328 1391 337 1946 0
t 1181 1109 1030 1647 0
t 983 984 1160 1878 0
t 745 409 1552 1933 0
t 1008 1007 1056 1875 0
t 1416 1456 1428 1778 0
t 414 729 1879 1959 0
t 1261 1277 1269 1594 0
t 905 1659 904 1803 0
t 1518 1745 1735 1886 0
t 1472 1768 1615 1885 0
t 1552 1741 1513 1898 0
t 81 1591 1566 1766 0
t 53 1702 1561 1930 0
t 197 415 198 1577 0
t 1129 1660 1082 1804 0
t 973 1697 1146 1735 0
t 1532 1825 1188 1844 0
t 1152 1145 924 1657 0
t 1024 1113 979 1658 0
t 760 1593 221 1823 0
t 469 468 678 1608 0
t 1557 1708 1468 1750 0
t 1575 1830 1706 1958 0
t 647 653 455 1609 0
t 446 716 448 1611 0
t 917 915 916 1674 0
t 918 1122 915 1674 0
t 741 404 782 1855 0
t 1031 1146 973 1697 0
t 1107 869 1061 1815 0
t 391 338 1420 1757 0
t 63 379 343 1727 0
t 472 470 471 1619 0
t 465 684 481 1620 0
t 79 1596 341 1938 0
t 1558 1662 1545 1944 0
t 1472 1607 1768 1885 0
t 1227 1215 1239 1665 0
t 729 1913 1547 1970 0
t 452 654 710 1621 0
t 694 598 487 1622 0
t 43 44 1575 1706 0
t 714 456 454 1624 0
t 1567 1642 66 1919 0
t 576 558 719 1625 0
t 534 1692 1773 1962 0
t 772 1830 609 1948 0
t 699 511 698 1626 0
t 969 994 997 1738 0
t 642 689 572 1627 0
t 700 463 458 1629 0
t 1566 1591 81 1767 0
t 222 1243 1235 1665 0
t 1615 1487 1683 1768 0
t 1533 1882 1719 1912 0
t 476 474 475 1631 0
t 1268 1580 1218 1973 0
t 1520 1681 1641 1837 0
t 1128 1731 1174 1940 0
t 574 722 556 1632 0
t 444 442 464 1615 0
t 442 440 648 1615 0
t 492 551 671 1634 0
t 233 423 662 1595 0
t 711 645 649 1633 0
t 693 535 540 1644 0
t 630 1786 1566 1909 0
t 650 1589 207 1898 0
t 660 728 656 1637 0
t 545 1684 1762 1927 0
t 1534 1566 1724 1786 0
t 641 493 495 1638 0
t 1769 1939 1546 1969 0
t 482 480 479 1639 0
t 1386 1749 178 1923 0
t 896 996 894 1588 0
t 224 223 787 1591 0
t 1245 1252 1580 1838 0
t 490 479 705 1639 0
t 432 1562 181 1926 0
t 1633 1666 1505 1792 0
t 211 1289 1322 1571 0
t 1530 1775 1701 1967 0
t 1236 1597 239 1713 0
t 336 1599 55 1856 0
t 1563 1643 1961 1974 0
t 237 1580 1252 1838 0
t 1592 1751 1548 1953 0
t 1037 1190 884 1811 0
t 190 777 408 1643 0
t 1574 1924 1552 1933 0
t 1134 1054 1039 1849 0
t 1027 1672 1025 1787 0
t 920 923 1673 1785 0
t 213 743 1582 1912 0
t 1483 1648 1622 1852 0
t 1469 1607 1600 1885 0
t 929 928 933 1679 0
t 1141 1028 928 1680 0
t 517 767 1695 1824 0
t 1622 1648 1491 1852 0
t 201 417 1590 1820 0
t 894 895 896 1588 0
t 1180 1159 1214 1667 0
t 216 215 412 1599 0
t 1553 1540 1902 1966 0
t 1496 1646 1588 1732 0
t 44 43 1575 1791 0
t 1491 1653 1631 1859 0
t 1474 1657 1619 1857 0
t 1620 1658 1475 1858 0
t 1475 1608 1652 1850 0
t 1608 1474 1652 1850 0
t 212 406 213 1573 0
t 1588 1646 1508 1732 0
t 900 947 898 1808 0
t 1631 1653 1500 1859 0
t 1619 1657 1485 1857 0
t 1486 1658 1620 1858 0
t 1587 1501 1746 1962 0
t 1485 1659 1626 1863 0
t 1535 1842 1595 1905 0
t 1629 1660 1486 1862 0
t 910 1135 965 1663 0
t 1062 912 965 1663 0
t 1500 1656 1639 1864 0
t 1507 1792 1630 1888 0
t 1626 1659 1494 1863 0
t 726 560 562 1641 0
t 1516 1746 1644 1776 0
t 1007 1652 1066 1875 0
t 1495 1660 1629 1862 0
t 1735 1745 1522 1886 0
t 985 1652 984 1878 0
t 1609 1479 1663 1861 0
t 1480 1609 1663 1861 0
t 1558 1594 1545 1972 0
t 1639 1656 1510 1864 0
t 45 1643 392 1974 0
t 1503 1681 1637 1837 0
t 1494 1664 1634 1869 0
t 1624 1671 1480 1866 0
t 81 80 1566 1767 0
t 357 366 66 1642 0
t 1479 1670 1621 1867 0
t 1695 1731 1526 1824 0
t 1564 1821 1545 1840 0
t 548 560 724 1641 0
t 61 1157 871 1924 0
t 1365 1583 1343 1690 0
t 1633 1666 1495 1868 0
t 1540 1553 1722 1966 0
t 1634 1664 1502 1869 0
t 1490 1671 1624 1866 0
t 1621 1670 1488 1867 0
t 398 0 360 1640 0
t 1488 1672 1627 1871 0
t 1632 1673 1490 1872 0
t 1391 1755 337 1946 0
t 3 83 1593 1665 0
t 558 576 557 1829 0
t 23 1557 1740 1929 0
t 181 1346 180 1926 0
t 1627 1672 1497 1871 0
t 1502 1669 1638 1873 0
t 1498 1673 1632 1872 0
t 1505 1666 1633 1868 0
t 1611 1481 1674 1870 0
t 1611 1674 1482 1870 0
t 724 726 467 1641 0
t 1759 1762 1477 1913 0
t 1497 1676 1637 1881 0
t 1561 1599 54 1930 0
t 11 1299 221 1593 0
t 1537 1706 1830 1958 0
t 731 685 691 1900 0
t 1638 1669 1512 1873 0
t 1637 1676 1503 1881 0
t 688 750 424 1556 0
t 1228 368 355 1973 0
t 989 967 943 1677 0
t 1615 1679 1472 1880 0
t 1478 1731 1695 1824 0
t 1287 1316 213 1928 0
t 176 1352 175 1570 0
t 1008 1058 1166 1704 0
t 1289 1339 1322 1571 0
t 1537 1686 1563 1783 0
t 1282 1702 345 1930 0
t 64 1813 1556 1832 0
t 1615 1487 1679 1880 0
t 427 1566 774 1767 0
t 888 1549 1104 1772 0
t 1503 1678 1641 1889 0
t 1106 1160 1164 1705 0
t 1572 1722 1541 1925 0
t 1641 1678 1509 1889 0
t 1149 1683 946 1774 0
t 558 557 536 1954 0
t 1441 1434 1581 1835 0
t 1734 1818 1716 1952 0
t 504 505 1689 1828 0
t 962 960 963 1747 0
t 885 1771 1849 1939 0
t 1113 979 1658 1810 0
t 1152 1657 924 1809 0
t 1128 1720 962 1877 0
t 1007 986 1066 1652 0
t 985 986 984 1652 0
t 202 201 781 1590 0
t 1487 1615 1683 1887 0
t 1378 1384 182 1788 0
t 1107 1105 869 1815 0
t 513 560 548 1837 0
t 1552 1741 745 1933 0
t 420 772 652 1948 0
t 911 913 909 1670 0
t 1088 914 911 1671 0
t 1409 1445 1436 1643 0
t 1600 1607 1469 1712 0
t 1508 1631 1732 1955 0
t 213 1573 406 1912 0
t 749 745 1741 1933 0
t 1578 1693 1492 1703 0
t 1446 1427 1575 1791 0
t 1167 1130 964 1630 0
t 365 351 1452 1835 0
t 1543 1725 1911 1936 0
t 55 1599 1550 1856 0
t 323 1261 1229 1729 0
t 1504 1654 1650 1865 0
t 1541 1925 1722 1967 0
t 182 1384 181 1934 0
t 223 1591 1217 1665 0
t 53 54 1561 1964 0
t 1311 1296 1335 1604 0
t 529 546 1688 1892 0
t 1313 1593 1336 1823 0
t 28 1576 1819 1833 0
t 1397 1368 1348 1576 0
t 1048 947 1651 1969 0
t 33 1205 889 1919 0
t 762 1839 666 1840 0
t 1436 1460 1409 1643 0
t 1090 1764 998 1877 0
t 528 529 1688 1892 0
t 1034 1754 1201 1777 0
t 1650 1654 1507 1865 0
t 972 1697 973 1801 0
t 1228 1240 1216 1973 0
t 1176 44 1706 1974 0
t 590 1732 477 1955 0
t 207 1898 1589 1976 0
t 1300 1322 1339 1571 0
t 1155 948 969 1681 0
t 1507 1792 1633 1904 0
t 1389 1788 1371 1937 0
t 1615 1514 1683 1887 0
t 1365 1376 1343 1583 0
t 1087 1671 1088 1796 0
t 909 1670 908 1797 0
t 1163 57 886 1932 0
t 475 473 487 1955 0
t 739 736 416 1794 0
t 1155 969 997 1761 0
t 1539 1687 1630 1714 0
t 1591 1767 1566 1902 0
t 986 1652 1007 1875 0
t 1644 1677 1501 1746 0
t 744 1743 1550 1971 0
t 1007 1059 1648 1875 0
t 1100 1093 1099 1966 0
t 984 1652 986 1878 0
t 432 643 181 1562 0
t 395 1264 335 1938 0
t 981 984 1649 1878 0
t 1121 1027 1122 1672 0
t 361 396 1 1713 0
t 1064 1152 1065 1657 0
t 1063 1065 1113 1658 0
t 920 919 916 1673 0
t 1661 1725 1517 1936 0
t 798 0 863 1963 0
t 1358 1368 1397 1819 0
t 992 1751 1019 1844 0
t 984 986 1005 1878 0
t 488 1725 489 1897 0
t 592 1732 590 1955 0
t 1496 1732 1622 1955 0
t 1011 1055 1085 1793 0
t 23 24 1557 1929 0
t 213 743 214 1582 0
t 1617 1647 1499 1900 0
t 1250 239 1236 1597 0
t 986 1007 1006 1875 0
t 942 1081 899 1884 0
t 1615 1683 1514 1768 0
t 1495 1650 1629 1804 0
t 1563 1961 1537 1974 0
t 11 1297 1299 1816 0
t 1629 1650 1504 1804 0
t 370 69 1580 1973 0
t 74 1558 73 1975 0
t 705 704 490 1831 0
t 1202 1849 885 1895 0
t 1485 1619 1653 1809 0
t 992 1776 1751 1844 0
t 1475 1608 1658 1812 0
t 175 723 720 1570 0
t 46 876 1960 1961 0
t 1619 1491 1653 1809 0
t 1631 1651 1500 1808 0
t 526 1691 524 1876 0
t 201 417 781 1590 0
t 420 192 764 1575 0
t 1471 1658 1608 1812 0
t 1631 1508 1651 1808 0
t 935 929 1679 1781 0
t 925 1680 1141 1782 0
t 427 224 1591 1767 0
t 22 878 804 1740 0
t 1476 1893 1833 1970 0
t 1486 1655 1620 1810 0
t 49 356 369 1598 0
t 900 1651 947 1808 0
t 1492 1620 1655 1810 0
t 1054 1849 1202 1895 0
t 525 1691 526 1876 0
t 1098 1099 879 1795 0
t 1641 1520 1738 1935 0
t 362 399 2 1604 0
t 1128 962 998 1877 0
t 687 742 769 1848 0
t 1113 1658 1065 1812 0
t 1383 1584 1819 1959 0
t 942 897 1060 1884 0
t 230 1594 1253 1821 0
t 1680 1829 1600 1906 0
t 1477 1551 1606 1949 0
t 11 313 1297 1816 0
t 212 213 1316 1573 0
t 1392 1355 382 1749 0
t 1168 957 1731 1940 0
t 3 1593 384 1816 0
t 49 1598 48 1963 0
t 956 1650 1129 1804 0
t 1540 1722 1709 1966 0
t 489 1725 707 1897 0
t 1161 1176 872 1706 0
t 643 181 1562 1934 0
t 1479 1612 1659 1805 0
t 1494 1626 1656 1803 0
t 1612 1485 1659 1805 0
t 1626 1500 1656 1803 0
t 1480 1660 1613 1806 0
t 1745 1830 1522 1948 0
t 1486 1613 1660 1806 0
t 926 930 925 1675 0
t 936 937 935 1676 0
t 1633 1650 1495 1792 0
t 1031 1161 1193 1761 0
t 1684 1698 1468 1750 0
t 73 1558 74 1729 0
t 518 695 640 1654 0
t 22 21 1560 1946 0
t 313 11 1235 1816 0
t 1317 1289 1573 1910 0
t 1011 1085 1661 1793 0
t 1476 1834 1833 1893 0
t 1021 1036 1606 1759 0
t 231 1253 230 1594 0
t 1179 1213 1047 1737 0
t 911 1088 1671 1800 0
t 902 904 927 1803 0
t 367 1286 329 1856 0
t 1018 1707 1026 1817 0
t 1362 1583 1399 1713 0
t 513 1602 512 1920 0
t 901 924 1653 1809 0
t 905 1135 907 1659 0
t 1551 537 1927 1954 0
t 321 1293 367 1928 0
t 904 1656 927 1803 0
t 1062 1082 1078 1660 0
t 1135 1659 905 1805 0
t 959 956 1129 1804 0
t 1480 1609 1671 1800 0
t 1082 1660 1062 1806 0
t 779 623 426 1896 0
t 65 1813 891 1919 0
t 1488 1621 1664 1797 0
t 1473 1671 1609 1800 0
t 1502 1634 1661 1793 0
t 1621 1494 1664 1797 0
t 1634 1510 1661 1793 0
t 1630 1714 1687 1888 0
t 388 1282 345 1930 0
t 961 1655 979 1810 0
t 1490 1666 1624 1796 0
t 1495 1624 1666 1796 0
t 965 1663 1135 1805 0
t 1062 1663 965 1806 0
t 383 347 1389 1788 0
t 582 1783 763 1920 0
t 203 756 783 1778 0
t 1550 1696 1523 1815 0
t 1496 1646 1622 1884 0
t 1178 1117 1035 1915 0
t 1725 1854 1517 1936 0
t 1499 1647 1617 1807 0
t 1469 1645 1607 1885 0
t 1603 1769 1546 1969 0
t 943 1677 932 1779 0
t 1622 1648 1483 1884 0
t 201 1590 1440 1820 0
t 1141 1680 928 1784 0
t 393 343 1294 1727 0
t 587 568 583 1953 0
t 1617 1514 1647 1900 0
t 1529 1730 1577 1836 0
t 421 1580 237 1838 0
t 1069 946 1070 1678 0
t 1616 1672 1481 1790 0
t 1482 1673 1618 1789 0
t 1616 1488 1672 1790 0
t 1497 1627 1669 1787 0
t 1615 1679 1487 1768 0
t 1490 1618 1673 1789 0
t 1491 1631 1646 1955 0
t 922 908 1664 1797 0
t 1498 1668 1632 1785 0
t 1627 1502 1669 1787 0
t 756 751 1567 1941 0
t 1631 1646 1508 1808 0
t 1491 1646 1622 1955 0
t 680 1855 611 1957 0
t 1584 1819 1547 1965 0
t 1067 1668 923 1785 0
t 1112 1025 1669 1787 0
t 1633 1650 1507 1865 0
t 1122 1672 1027 1790 0
t 920 1673 916 1789 0
t 1505 1632 1668 1785 0
t 573 723 619 1879 0
t 174 414 723 1879 0
t 1701 1775 1541 1967 0
t 565 673 1756 1914 0
t 1528 1777 1754 1960 0
t 952 1666 1087 1796 0
t 939 1681 948 1780 0
t 1029 1131 1143 1607 0
t 77 76 1564 1728 0
t 1134 1752 1039 1813 0
t 1245 1252 1218 1580 0
t 1562 1753 1717 1934 0
t 418 735 734 1893 0
t 885 1202 1054 1849 0
t 1475 1652 1608 1812 0
t 1507 1630 1792 1904 0
t 1532 1772 1549 1950 0
t 944 1162 1149 1683 0
t 901 1081 924 1809 0
t 943 932 1086 1779 0
t 1056 1007 1059 1648 0
t 939 948 949 1780 0
t 1312 363 384 1816 0
t 690 567 1719 1874 0
t 45 847 46 1961 0
t 1482 1611 1680 1784 0
t 1611 1472 1680 1784 0
t 1487 1623 1676 1781 0
t 1489 1675 1625 1782 0
t 22 809 1183 1739 0
t 1623 1497 1676 1781 0
t 1498 1625 1675 1782 0
t 1166 1123 1006 1704 0
t 916 1674 915 1789 0
t 915 1674 1122 1790 0
t 980 961 979 1810 0
t 766 635 638 1967 0
t 1743 1882 1533 1971 0
t 983 981 984 1649 0
t 168 1583 1362 1713 0
t 1005 1123 1164 1705 0
t 1601 1689 1534 1877 0
t 846 1126 43 1886 0
t 1491 1646 1631 1808 0
t 628 1786 630 1909 0
t 1495 1629 1650 1865 0
t 1626 1653 1500 1803 0
t 925 926 1675 1782 0
t 937 935 1676 1781 0
t 1299 1336 1593 1816 0
t 1636 1501 1677 1779 0
t 946 1678 1069 1774 0
t 1218 1268 1245 1580 0
t 908 982 922 1664 0
t 1631 1500 1653 1808 0
t 1629 1504 1655 1804 0
t 1612 1657 1485 1805 0
t 992 1035 1019 1751 0
t 1486 1658 1613 1806 0
t 1511 1636 1677 1779 0
t 1619 1485 1653 1859 0
t 1471 1608 1657 1812 0
t 980 1649 983 1951 0
t 1626 1653 1485 1859 0
t 1486 1655 1629 1860 0
t 199 776 200 1820 0
t 1537 1830 1706 1920 0
t 1485 1657 1619 1809 0
t 1628 1678 1493 1774 0
t 952 950 1087 1666 0
t 1486 1620 1655 1860 0
t 1486 1620 1658 1810 0
t 3 359 83 1665 0
t 1243 1272 1235 1665 0
t 1608 1471 1657 1857 0
t 1471 1608 1658 1858 0
t 1578 1523 1756 1914 0
t 43 42 1554 1791 0
t 1612 1657 1471 1857 0
t 1471 1658 1613 1858 0
t 1628 1503 1678 1774 0
t 1491 1619 1653 1859 0
t 1541 1722 1572 1795 0
t 1474 1608 1657 1857 0
t 1608 1475 1658 1858 0
t 741 1770 1565 1855 0
t 1504 1650 1629 1865 0
t 1492 1655 1620 1860 0
t 1503 1637 1681 1780 0
t 1626 1500 1653 1859 0
t 1639 1651 1515 1799 0
t 1634 1656 1510 1793 0
t 1622 1646 1491 1884 0
t 1515 1639 1734 1911 0
t 1612 1485 1657 1857 0
t 1486 1613 1658 1858 0
t 1039 1813 1544 1919 0
t 1474 1608 1652 1812 0
t 1266 1230 1276 324 0
t 1620 1475 1810 1851 0
t 1629 1655 1504 1860 0
t 330 38 39 1577 0
t 211 1322 210 1571 0
t 1637 1512 1681 1780 0
t 756 429 783 1567 0
t 1508 1631 1651 1831 0
t 667 1564 668 1840 0
t 80 812 1200 1724 0
t 1495 1660 1624 1796 0
t 81 376 80 1767 0
t 1655 1685 1492 1747 0
t 873 1050 1177 1836 0
t 1413 1699 1465 1791 0
t 1621 1659 1494 1797 0
t 1499 1617 1682 1807 0
t 1510 1656 1639 1799 0
t 1479 1663 1612 1805 0
t 1480 1613 1663 1806 0
t 1507 1650 1633 1792 0
t 56 55 1550 1856 0
t 1494 1659 1626 1803 0
t 1352 1364 1382 1570 0
t 1485 1653 1626 1803 0
t 1474 1619 1809 1852 0
t 1622 1491 1648 1884 0
t 1495 1629 1660 1804 0
t 1379 1352 176 1763 0
t 1629 1655 1486 1804 0
t 393 333 61 1899 0
t 1561 1815 1701 1964 0
t 1500 1651 1639 1799 0
t 1480 1663 1609 1800 0
t 661 210 209 1574 0
t 1021 1036 988 1606 0
t 1416 1428 1404 1778 0
t 1626 1494 1656 1864 0
t 1491 1631 1653 1808 0
t 1471 1657 1612 1805 0
t 1613 1658 1471 1806 0
t 1634 1656 1494 1864 0
t 1218 1252 237 1580 0
t 1553 1902 1766 1966 0
t 23 22 804 1740 0
t 1575 1643 191 1958 0
t 712 1685 646 1860 0
t 1505 1666 1632 1785 0
t 575 1685 712 1860 0
t 517 767 516 1695 0
t 1627 1664 1502 1787 0
t 1500 1626 1656 1864 0
t 1471 1663 1612 1861 0
t 1471 1613 1663 1861 0
t 1474 1619 1657 1809 0
t 1480 1660 1624 1862 0
t 1620 1475 1658 1810 0
t 1612 1479 1659 1863 0
t 1474 1657 1608 1812 0
t 44 332 43 1791 0
t 1065 1657 1152 1812 0
t 1621 1659 1479 1863 0
t 1480 1613 1660 1862 0
t 1289 1316 1317 1573 0
t 1649 1810 1475 1851 0
t 53 1561 1702 1964 0
t 545 554 1684 1927 0
t 1612 1663 1479 1861 0
t 1480 1663 1613 1861 0
t 1485 1612 1659 1863 0
t 1634 1510 1656 1864 0
t 235 1568 778 1838 0
t 55 336 54 1599 0
t 774 427 630 1566 0
t 1613 1486 1660 1862 0
t 1502 1664 1634 1793 0
t 1490 1671 1618 1789 0
t 1616 1670 1488 1790 0
t 25 326 385 1763 0
t 1510 1911 1725 1936 0
t 1495 1624 1660 1862 0
t 1621 1494 1659 1863 0
t 1473 1609 1670 1800 0
t 1530 1756 1701 1775 0
t 1494 1656 1634 1793 0
t 1490 1624 1671 1796 0
t 1488 1670 1621 1797 0
t 1474 1809 1648 1852 0
t 1510 1634 1661 1897 0
t 1563 1686 1537 1961 0
t 1511 1668 1636 1779 0
t 1624 1660 1480 1796 0
t 923 1067 1111 1668 0
t 1067 923 951 1785 0
t 1112 1023 1025 1787 0
t 1436 1575 1427 1791 0
t 1479 1659 1621 1797 0
t 1638 1661 1517 1801 0
t 1167 1630 964 1888 0
t 1112 1025 1084 1669 0
t 1637 1669 1512 1780 0
t 1623 1672 1497 1781 0
t 1498 1673 1625 1782 0
t 1500 1639 1656 1799 0
t 901 924 903 1653 0
t 19 1753 1562 1788 0
t 208 1323 207 1589 0
t 1130 1018 1026 1817 0
t 1471 1612 1663 1805 0
t 1613 1471 1663 1806 0
t 1184 1647 1212 1807 0
t 1485 1626 1659 1803 0
t 748 690 1719 1874 0
t 1629 1486 1660 1804 0
t 1490 1666 1632 1868 0
t 1517 1661 1638 1897 0
t 1482 1618 1674 1789 0
t 1616 1481 1674 1790 0
t 1498 1632 1673 1785 0
t 79 812 80 1724 0
t 1497 1672 1627 1787 0
t 46 1643 1563 1835 0
t 1482 1674 1611 1784 0
t 979 961 978 1655 0
t 1495 1650 1633 1865 0
t 750 424 1556 1898 0
t 797 26 1208 1965 0
t 1488 1664 1621 1869 0
t 1346 1384 1367 1562 0
t 1502 1661 1634 1897 0
t 1566 1902 630 1909 0
t 1488 1627 1664 1869 0
t 1632 1666 1490 1785 0
t 1479 1609 1663 1800 0
t 582 763 589 1920 0
t 1628 1676 1503 1774 0
t 1494 1621 1664 1869 0
t 568 1847 1592 1953 0
t 504 505 507 1689 0
t 519 1687 520 1824 0
t 706 1692 532 1883 0
t 1502 1638 1661 1897 0
t 536 1692 706 1883 0
t 1479 1609 1670 1867 0
t 1609 1480 1671 1866 0
t 1488 1664 1627 1787 0
t 1609 1473 1670 1867 0
t 1505 1632 1666 1868 0
t 1473 1609 1671 1866 0
t 1473 1671 1618 1866 0
t 956 954 1129 1650 0
t 1616 1670 1473 1867 0
t 1627 1502 1664 1869 0
t 1490 1624 1666 1868 0
t 1624 1495 1666 1868 0
t 1490 1618 1671 1866 0
t 1616 1488 1670 1867 0
t 1493 1682 1617 1807 0
t 517 508 518 1824 0
t 911 1670 909 1800 0
t 1636 1675 1501 1779 0
t 1072 1682 1187 1798 0
t 46 1175 876 1961 0
t 1618 1671 1473 1789 0
t 1611 1679 1472 1784 0
t 1473 1670 1616 1790 0
t 977 966 976 1712 0
t 1503 1676 1637 1780 0
t 1494 1634 1664 1793 0
t 630 1566 427 1902 0
t 1512 1669 1638 1801 0
t 1487 1679 1623 1781 0
t 1056 1648 1081 1884 0
t 1042 1662 1041 1714 0
t 1489 1625 1680 1782 0
t 1437 1462 1422 1604 0
t 416 736 183 1569 0
t 1636 1668 1498 1779 0
t 1497 1669 1637 1780 0
t 1546 1771 1730 1836 0
t 1541 1722 1709 1967 0
t 1624 1480 1671 1796 0
t 1479 1621 1670 1797 0
t 976 1765 945 1949 0
t 1502 1661 1638 1801 0
t 1479 1670 1609 1800 0
t 1596 1724 1566 1786 0
t 1751 1844 1548 1915 0
t 1617 1647 1514 1807 0
t 42 43 1554 1886 0
t 528 529 546 1688 0
t 1625 1673 1482 1782 0
t 1481 1672 1623 1781 0
t 1498 1668 1636 1876 0
t 1300 1322 1571 1899 0
t 1376 1399 1362 1583 0
t 1434 1835 1452 1945 0
t 1637 1669 1497 1873 0
t 1627 1497 1669 1873 0
t 1502 1627 1669 1873 0
t 427 224 787 1591 0
t 1346 181 1384 1562 0
t 508 1654 518 1824 0
t 1499 1682 1617 1890 0
t 1482 1674 1618 1870 0
t 1616 1674 1481 1870 0
t 1498 1632 1668 1876 0
t 1488 1616 1672 1871 0
t 1701 1756 1523 1775 0
t 435 433 1721 1890 0
t 1618 1490 1673 1872 0
t 416 1569 183 1934 0
t 1481 1672 1616 1871 0
t 1505 1668 1632 1876 0
t 1473 1618 1674 1870 0
t 1473 1674 1616 1870 0
t 1482 1673 1625 1872 0
t 1482 1618 1673 1872 0
t 948 1681 1155 1931 0
t 1481 1623 1672 1871 0
t 1636 1668 1511 1876 0
t 1487 1676 1628 1774 0
t 1623 1497 1672 1871 0
t 1498 1625 1673 1872 0
t 929 928 1679 1784 0
t 1632 1490 1673 1785 0
t 1488 1627 1672 1787 0
t 1545 1714 1662 1972 0
t 1637 1512 1669 1873 0
t 1618 1473 1674 1789 0
t 1468 1750 1698 1929 0
t 1473 1616 1674 1790 0
t 1384 1367 1562 1788 0
t 1628 1493 1683 1774 0
t 1611 1674 1481 1784 0
t 435 1721 434 1890 0
t 1602 1761 1522 1920 0
t 1470 1610 1850 1875 0
t 1766 1902 1540 1966 0
t 942 899 1646 1884 0
t 1470 1850 1614 1878 0
t 1566 1786 1534 1909 0
t 1636 1498 1675 1779 0
t 1497 1637 1676 1780 0
t 1641 1503 1681 1935 0
t 1543 1936 1734 1952 0
t 1625 1675 1489 1883 0
t 1208 1759 875 1965 0
t 1611 1472 1679 1880 0
t 943 940 932 1677 0
t 1434 1581 1835 1945 0
t 226 774 1596 1767 0
t 952 1087 1000 1796 0
t 922 906 908 1797 0
t 1481 1623 1679 1781 0
t 1497 1623 1676 1881 0
t 1554 1706 1575 1830 0
t 1625 1482 1680 1782 0
t 1502 1638 1669 1801 0
t 546 670 571 1847 0
t 1487 1628 1676 1881 0
t 334 26 27 1584 0
t 1563 1958 1643 1974 0
t 1611 1481 1679 1784 0
t 1628 1503 1676 1881 0
t 1487 1676 1623 1881 0
t 1650 1654 1504 1940 0
t 209 210 1319 1574 0
t 1611 1680 1472 1829 0
t 1511 1688 1677 1892 0
t 557 1829 1600 1954 0
t 1623 1679 1487 1880 0
t 1158 1058 1057 1710 0
t 1625 1498 1675 1883 0
t 365 1408 340 1835 0
t 1501 1675 1636 1883 0
t 1083 927 904 1656 0
t 763 513 512 1920 0
t 1481 1611 1679 1880 0
t 1636 1675 1498 1883 0
t 424 1556 1898 1976 0
t 1007 1648 1056 1875 0
t 1493 1683 1617 1887 0
t 605 1917 603 1941 0
t 1470 1850 1652 1875 0
t 721 1600 557 1829 0
t 1481 1679 1623 1880 0
t 577 1723 563 1913 0
t 1035 1019 1751 1844 0
t 418 1827 1559 1893 0
t 1470 1652 1850 1878 0
t 1576 1827 696 1893 0
t 1384 182 1788 1934 0
t 1461 1438 1423 1640 0
t 1359 1374 1398 1640 0
t 983 1649 984 1878 0
t 1489 1600 1712 1906 0
t 588 777 426 1896 0
t 1468 1647 1708 1740 0
t 1569 1788 18 1937 0
t 1501 1636 1677 1892 0
t 948 939 941 1681 0
t 1487 1628 1683 1774 0
t 1466 1458 1450 1748 0
t 1503 1628 1678 1889 0
t 945 1765 1587 1949 0
t 1677 1688 1516 1892 0
t 1132 881 63 1832 0
t 1610 1474 1850 1875 0
t 1493 1678 1628 1889 0
t 1511 1677 1636 1892 0
t 1615 1768 1514 1885 0
t 1603 1769 1508 1826 0
t 172 1348 1576 1959 0
t 1493 1617 1682 1890 0
t 891 64 881 1813 0
t 1475 1614 1850 1878 0
t 934 1679 933 1768 0
t 1833 1834 1576 1893 0
t 1552 1727 1574 1933 0
t 1635 1509 1694 1798 0
t 1493 1617 1683 1807 0
t 60 1571 1899 1910 0
t 206 205 688 1976 0
t 1472 1679 1615 1768 0
t 1367 1345 1357 1788 0
t 1607 1514 1768 1885 0
t 1487 1683 1628 1887 0
t 1029 1142 1607 1901 0
t 1641 1678 1503 1935 0
t 1635 1509 1678 1889 0
t 1493 1635 1678 1889 0
t 1489 1692 1675 1765 0
t 756 1567 1778 1941 0
t 172 737 1959 1970 0
t 1493 1682 1635 1890 0
t 1145 1135 905 1805 0
t 1024 1082 1062 1806 0
t 946 1069 938 1774 0
t 1070 999 1678 1798 0
t 1635 1678 1509 1798 0
t 1524 1689 1601 1877 0
t 1472 1600 1607 1885 0
t 1652 1850 1474 1875 0
t 1694 1700 1521 1715 0
t 170 1343 169 1690 0
t 172 1576 696 1970 0
t 1090 975 1601 1877 0
t 1203 1035 1117 1915 0
t 1557 1749 1740 1923 0
t 1555 1544 1917 1941 0
t 1493 1628 1683 1887 0
t 1475 1850 1652 1878 0
t 1512 1637 1681 1837 0
t 664 663 423 1558 0
t 58 1573 1910 1928 0
t 1617 1683 1514 1887 0
t 942 899 897 1646 0
t 1592 1847 1751 1953 0
t 523 1691 683 1908 0
t 1376 1362 168 1583 0
t 74 1972 1558 1975 0
t 1505 1691 1668 1876 0
t 1401 1360 1375 1713 0
t 1249 1234 1274 1713 0
t 1344 1394 1371 1937 0
t 635 1722 638 1967 0
t 1668 1691 1511 1876 0
t 2 66 33 1567 0
t 1085 1096 1011 1661 0
t 936 938 1676 1774 0
t 1478 1714 1840 1853 0
t 1512 1602 1697 1843 0
t 1371 1378 1344 1937 0
t 784 185 428 1586 0
t 1507 1654 1650 1940 0
t 1601 1689 1524 1891 0
t 1045 1714 1167 1888 0
t 1358 1390 394 1819 0
t 1527 1769 1603 1826 0
t 992 1019 1776 1844 0
t 1543 1911 1734 1936 0
t 796 24 23 1929 0
t 1148 980 983 1951 0
t 1356 1395 1387 1763 0
t 1560 1755 1739 1956 0
t 1224 1260 229 1728 0
t 774 411 1596 1786 0
t 1493 1678 1635 1798 0
t 216 217 1283 1599 0
t 43 1706 1554 1886 0
t 1418 1426 1414 1748 0
t 1493 1635 1682 1798 0
t 1036 1759 1208 1965 0
t 788 1830 764 1958 0
t 336 55 329 1856 0
t 1681 1837 1602 1931 0
t 65 66 1642 1919 0
t 222 431 223 1665 0
t 323 74 75 1594 0
t 1523 1550 1815 1903 0
t 1519 1635 1694 1798 0
t 695 1654 508 1828 0
t 1113 1065 985 1812 0
t 210 1574 661 1922 0
t 174 1584 414 1879 0
t 1560 21 1739 1755 0
t 1578 1756 1703 1914 0
t 1253 1594 1254 1821 0
t 1635 1682 1519 1890 0
t 172 1959 1576 1970 0
t 1048 1049 947 1969 0
t 1734 1936 1013 1952 0
t 336 54 1599 1930 0
t 780 430 238 1597 0
t 1519 1682 1635 1798 0
t 1111 1668 1086 1779 0
t 1534 1724 1566 1894 0
t 1084 949 1669 1780 0
t 1501 1677 1644 1892 0
t 427 1591 787 1902 0
t 937 1068 935 1781 0
t 925 921 926 1782 0
t 593 1603 704 1831 0
t 1383 173 174 1584 0
t 1582 1856 56 1932 0
t 1607 1645 1469 1901 0
t 1552 1711 1513 1741 0
t 703 731 1708 1900 0
t 1617 1514 1683 1807 0
t 55 1599 54 1815 0
t 218 1318 217 1702 0
t 566 1743 613 1882 0
t 16 1206 890 1963 0
t 1133 947 900 1651 0
t 1644 1677 1516 1892 0
t 617 769 790 1848 0
t 1380 1350 1402 1749 0
t 57 1582 56 1932 0
t 171 172 1385 1576 0
t 1532 1549 1907 1950 0
t 974 1661 1096 1801 0
t 224 1251 1591 1767 0
t 1352 1382 175 1570 0
t 64 881 1813 1832 0
t 1575 1958 1706 1974 0
t 686 410 768 1953 0
t 592 1622 598 1841 0
t 1121 1068 1672 1781 0
t 919 1673 921 1782 0
t 554 573 545 1684 0
t 735 1559 1942 1950 0
t 1143 1607 1131 1906 0
t 53 837 879 1964 0
t 1346 1755 180 1926 0
t 1492 1685 1655 1860 0
t 1645 1468 1802 1901 0
t 1513 1711 1552 1832 0
t 967 968 940 1746 0
t 695 508 505 1828 0
t 1635 1694 1509 1943 0
t 1348 1819 1576 1959 0
t 1622 1710 1483 1841 0
t 1833 1893 1576 1970 0
t 1655 1685 1504 1860 0
t 1109 1740 1647 1929 0
t 513 510 1602 1837 0
t 767 517 520 1824 0
t 918 1674 917 1784 0
t 920 916 1089 1789 0
t 1122 1027 1110 1790 0
t 221 1593 1313 1823 0
t 1128 1174 957 1940 0
t 22 1560 21 1739 0
t 498 1703 485 1851 0
t 497 485 1703 1851 0
t 359 397 1248 1816 0
t 1587 1773 1692 1962 0
t 1130 1137 1630 1817 0
t 786 221 760 1593 0
t 950 1666 951 1785 0
t 1023 1664 982 1787 0
t 19 20 1562 1753 0
t 1527 1849 1814 1939 0
t 553 539 1723 1846 0
t 563 577 553 1723 0
t 539 538 553 1723 0
t 1162 1071 1683 1807 0
t 58 1910 381 1928 0
t 1505 1633 1792 1904 0
t 1687 1478 1824 1888 0
t 1751 1915 1548 1953 0
t 659 1557 1708 1923 0
t 1334 1327 1599 1930 0
t 1055 1656 1083 1793 0
t 789 668 767 1840 0
t 784 740 186 1598 0
t 1647 1740 1468 1929 0
t 955 1650 956 1940 0
t 1518 1854 1735 1957 0
t 1158 1157 1058 1736 0
t 180 1346 1381 1755 0
t 1099 1795 1100 1966 0
t 914 1671 1089 1789 0
t 913 1110 1670 1790 0
t 209 1319 1285 1574 0
t 62 1552 1727 1924 0
t 1044 1047 1194 1853 0
t 1519 1694 1635 1943 0
t 526 525 524 1691 0
t 23 1740 1557 1749 0
t 942 1646 897 1884 0
t 1048 1651 1133 1799 0
t 1313 1299 1336 1593 0
t 313 1235 1233 1816 0
t 750 1898 1556 1921 0
t 729 1959 737 1970 0
t 1492 1685 1693 1747 0
t 760 220 770 1823 0
t 1537 1706 1958 1974 0
t 219 419 770 1572 0
t 1548 1751 1592 1844 0
t 911 912 1088 1800 0
t 942 1056 1081 1884 0
t 612 1743 566 1882 0
t 1587 1692 1551 1765 0
t 688 424 206 1976 0
t 503 1685 575 1828 0
t 37 873 859 1836 0
t 1239 1217 1267 1665 0
t 227 1222 1596 1938 0
t 1313 221 1299 1593 0
t 1739 1755 21 1956 0
t 178 676 179 1923 0
t 35 1202 885 1895 0
t 177 659 178 1923 0
t 1000 1078 1660 1796 0
t 955 954 1650 1792 0
t 906 1659 907 1797 0
t 495 1638 494 1843 0
t 22 21 809 1739 0
t 1501 1587 1692 1962 0
t 1072 1187 1075 1798 0
t 1079 1686 1020 1960 0
t 543 523 683 1908 0
t 1600 1607 1712 1906 0
t 58 1573 59 1910 0
t 1431 1643 1421 1835 0
t 899 898 1646 1808 0
t 27 1819 1584 1965 0
t 1544 1752 1744 1921 0
t 902 1653 903 1803 0
t 702 1610 486 1850 0
t 761 1599 216 1903 0
t 550 484 1614 1850 0
t 1418 322 1450 1748 0
t 216 1321 215 1599 0
t 1254 1728 1276 1821 0
t 762 665 666 1839 0
t 994 995 1715 1738 0
t 1519 1717 1562 1753 0
t 1562 1753 20 1956 0
t 959 978 1655 1804 0
t 496 1614 484 1851 0
t 1442 194 195 1699 0
t 697 481 1620 1851 0
t 486 1610 620 1852 0
t 473 1619 471 1852 0
t 912 910 1663 1800 0
t 500 1693 501 1756 0
t 1549 1772 1532 1907 0
t 172 696 737 1970 0
t 1522 1830 1706 1886 0
t 1565 1667 1518 1855 0
t 47 1835 1581 1945 0
t 1269 1594 1226 1729 0
t 1076 1075 1694 1798 0
t 1521 1794 1754 1916 0
t 383 18 1788 1937 0
t 1178 1758 1038 1842 0
t 873 37 1771 1836 0
t 1525 1924 1574 1933 0
t 1512 1638 1697 1801 0
t 1638 1517 1697 1801 0
t 1145 1657 1064 1805 0
t 500 503 502 1693 0
t 1024 1063 1658 1806 0
t 631 630 1902 1909 0
t 1730 1836 1529 1848 0
t 466 1608 469 1857 0
t 468 1608 466 1858 0
t 1188 1825 1532 1907 0
t 555 1612 681 1857 0
t 462 1613 461 1858 0
t 1433 1440 1590 1820 0
t 1081 1648 1059 1809 0
t 1555 1895 1544 1941 0
t 592 598 599 1841 0
t 599 600 746 1718 0
t 1610 1704 1470 1874 0
t 472 1619 473 1859 0
t 981 1649 980 1810 0
t 684 697 1620 1860 0
t 699 478 1626 1859 0
t 1522 1697 1602 1843 0
t 1516 1688 1758 1905 0
t 463 1629 718 1860 0
t 392 45 340 1643 0
t 197 1449 1447 1577 0
t 1512 1697 1638 1843 0
t 1513 1832 1552 1898 0
t 1385 171 1576 1827 0
t 1535 1915 1751 1953 0
t 1545 1839 1714 1840 0
t 748 690 567 1719 0
t 1630 1687 1539 1904 0
t 1014 1048 1115 1799 0
t 490 482 1639 1911 0
t 1630 1505 1691 1817 0
t 620 1610 702 1874 0
t 1186 1032 1103 1825 0
t 655 681 1612 1861 0
t 462 457 1613 1861 0
t 414 1584 174 1959 0
t 1614 1705 1484 1882 0
t 1073 1682 1072 1807 0
t 1117 1178 870 1915 0
t 461 1613 457 1862 0
t 655 1612 555 1863 0
t 709 1621 654 1863 0
t 456 1624 460 1862 0
t 413 1560 1721 1926 0
t 985 1066 1652 1812 0
t 550 1614 496 1882 0
t 1104 1772 1549 1907 0
t 1505 1792 1630 1904 0
t 511 1626 478 1864 0
t 564 1645 733 1900 0
t 1398 1366 1369 1586 0
t 671 483 1634 1864 0
t 779 187 740 1598 0
t 72 1116 825 1842 0
t 1076 999 1075 1798 0
t 173 174 1584 1959 0
t 1654 1720 1504 1940 0
t 1526 1720 1654 1940 0
t 661 1574 209 1933 0
t 718 1629 700 1865 0
t 1526 1764 1695 1918 0
t 711 1633 639 1865 0
t 1383 173 1584 1959 0
t 455 1609 451 1866 0
t 451 1609 653 1867 0
t 190 408 191 1643 0
t 682 1616 449 1867 0
t 450 1618 715 1866 0
t 975 987 991 1601 0
t 23 22 1740 1749 0
t 1141 928 917 1784 0
t 1073 1184 1212 1807 0
t 460 1624 714 1868 0
t 709 710 1621 1869 0
t 500 502 501 1693 0
t 998 1090 1091 1764 0
t 547 1627 572 1869 0
t 1445 192 1446 1575 0
t 1294 1333 1328 1727 0
t 1525 1736 1718 1922 0
t 1051 996 1769 1939 0
t 549 574 1632 1868 0
t 1561 1925 1702 1964 0
t 1505 1630 1691 1904 0
t 1545 1662 1558 1972 0
t 1014 1016 1818 1952 0
t 1731 1824 1478 1888 0
t 1143 1153 1712 1906 0
t 1073 1072 1071 1807 0
t 1560 1739 1721 1956 0
t 1097 1698 1209 1802 0
t 168 758 169 1583 0
t 447 449 1616 1870 0
t 453 1618 450 1870 0
t 1560 1721 1926 1956 0
t 1510 1639 1734 1799 0
t 1040 1017 1018 1707 0
t 447 1616 682 1871 0
t 715 1618 453 1872 0
t 199 1444 1579 1820 0
t 459 1623 445 1871 0
t 719 1625 708 1872 0
t 642 1627 547 1873 0
t 418 696 1827 1893 0
t 1630 1539 1691 1904 0
t 47 351 1835 1945 0
t 60 1899 327 1910 0
t 1258 1222 227 1938 0
t 549 1632 556 1876 0
t 1644 1746 1501 1962 0
t 1008 1704 1007 1875 0
t 679 1636 527 1876 0
t 660 717 1637 1873 0
t 540 544 568 1592 0
t 1576 1819 1547 1959 0
t 942 1060 1710 1884 0
t 54 1144 1815 1964 0
t 1551 1762 1606 1927 0
t 1639 1515 1734 1799 0
t 1668 1691 1505 1817 0
t 446 658 1611 1880 0
t 984 1705 1160 1878 0
t 171 418 696 1827 0
t 443 445 1623 1880 0
t 443 1623 459 1881 0
t 558 708 1625 1883 0
t 441 657 1628 1881 0
t 1114 1034 1201 1777 0
t 1504 1720 1654 1828 0
t 1675 1692 1489 1883 0
t 530 1636 679 1883 0
t 1414 1435 1453 1757 0
t 1645 1802 1469 1901 0
t 414 737 729 1959 0
t 731 564 733 1900 0
t 1520 1686 1605 1738 0
t 1441 189 1448 1835 0
t 1511 1691 1668 1817 0
t 942 1060 1057 1710 0
t 1407 1441 1434 1945 0
t 942 1710 1057 1884 0
t 1501 1692 1675 1883 0
t 1693 1703 1578 1756 0
t 1622 1483 1710 1884 0
t 1695 1764 1542 1918 0
t 1070 999 1069 1678 0
t 59 1571 60 1910 0
t 1496 1622 1710 1884 0
t 1661 1517 1854 1936 0
t 1170 48 1114 1777 0
t 796 23 1108 1929 0
t 969 1681 941 1935 0
t 1434 1457 1407 1945 0
t 438 1617 491 1887 0
t 1007 1704 1006 1875 0
t 531 1644 693 1892 0
t 439 1628 657 1889 0
t 1567 1919 1895 1941 0
t 441 1628 439 1887 0
t 1343 170 1377 1690 0
t 1519 1753 1562 1956 0
t 1332 1287 1301 1582 0
t 173 414 174 1959 0
t 984 1005 1705 1878 0
t 49 1598 369 1945 0
t 685 1617 438 1890 0
t 1654 1720 1526 1828 0
t 1230 335 1223 1728 0
t 509 495 494 1843 0
t 1472 1600 1829 1906 0
t 527 1636 530 1892 0
t 727 720 573 1750 0
t 237 421 780 1580 0
t 54 838 1144 1964 0
t 778 1568 410 1953 0
t 1696 1743 1533 1932 0
t 1347 1370 1368 1827 0
t 373 74 323 1729 0
t 994 1020 1079 1686 0
t 1638 1697 1517 1843 0
t 1528 1700 1605 1715 0
t 975 991 1090 1601 0
t 436 437 1635 1890 0
t 381 1910 1329 1928 0
t 1264 395 1232 1938 0
t 732 1635 437 1889 0
t 625 590 592 1732 0
t 591 477 590 1732 0
t 1719 1733 1533 1912 0
t 1513 1588 1744 1968 0
t 1164 1123 1163 1733 0
t 1123 1166 867 1733 0
t 648 464 1615 1885 0
t 680 707 1725 1957 0
t 1193 1706 1126 1886 0
t 1269 1277 1226 1594 0
t 1515 1734 1716 1911 0
t 338 38 330 1757 0
t 1706 1830 1554 1886 0
t 1462 1424 1604 1778 0
t 1496 1732 1588 1968 0
t 1734 1911 1510 1936 0
t 1468 1708 1647 1900 0
t 1435 1577 1449 1757 0
t 20 802 1191 1753 0
t 1543 1854 1725 1936 0
t 1545 1840 1714 1853 0
t 1319 1310 1285 1574 0
t 1265 1270 1231 1760 0
t 1461 1432 1429 1598 0
t 550 678 484 1850 0
t 1271 1242 1222 1596 0
t 678 702 486 1850 0
t 1181 1802 1209 1929 0
t 1814 1849 1555 1939 0
t 1317 1573 1316 1928 0
t 496 484 485 1851 0
t 697 485 481 1851 0
t 1206 49 1170 1963 0
t 219 1280 1572 1823 0
t 169 1583 758 1942 0
t 712 575 646 1685 0
t 473 471 694 1852 0
t 486 620 694 1852 0
t 1225 1247 1265 1760 0
t 557 721 672 1600 0
t 1513 1752 1813 1921 0
t 21 1755 1560 1946 0
t 942 1057 1056 1884 0
t 639 1633 649 1904 0
t 1510 1734 1639 1911 0
t 1008 1006 1007 1704 0
t 675 1723 538 1773 0
t 503 575 505 1828 0
t 1160 984 1005 1705 0
t 886 1106 1164 1932 0
t 1518 1735 1745 1957 0
t 1102 30 1834 1907 0
t 1470 1704 1610 1875 0
t 330 39 378 1748 0
t 1379 1403 1352 1763 0
t 1483 1610 1704 1875 0
t 1134 892 1752 1813 0
t 733 1645 559 1885 0
t 1470 1614 1705 1878 0
t 1158 1150 871 1924 0
t 203 1604 1424 1778 0
t 1043 1167 1045 1714 0
t 1614 1484 1705 1878 0
t 1178 1751 1140 1758 0
t 636 565 1756 1775 0
t 523 525 683 1691 0
t 785 168 8 1713 0
t 1287 1340 1316 1928 0
t 731 691 1708 1900 0
t 531 1644 1892 1962 0
t 1519 1721 1682 1739 0
t 217 1318 1283 1930 0
t 1422 10 316 1604 0
t 470 555 681 1857 0
t 465 462 461 1858 0
t 1021 1759 1606 1949 0
t 470 466 469 1857 0
t 468 466 465 1858 0
t 1895 1919 1544 1941 0
t 699 474 478 1859 0
t 194 652 404 1699 0
t 472 473 474 1859 0
t 643 1562 1717 1934 0
t 684 712 697 1860 0
t 1143 1153 966 1712 0
t 712 463 718 1860 0
t 631 630 427 1902 0
t 492 1634 483 1897 0
t 1483 1704 1610 1874 0
t 220 760 221 1823 0
t 544 539 608 1846 0
t 494 1638 493 1897 0
t 1470 1705 1614 1882 0
t 620 702 690 1874 0
t 1217 224 1251 1591 0
t 1418 155 378 1414 0
t 1229 113 373 1225 0
t 1286 367 134 1293 0
t 603 1917 1744 1921 0
t 1422 1424 10 1604 0
t 550 496 566 1882 0
t 554 727 573 1684 0
t 1516 1758 1847 1905 0
t 413 180 179 1926 0
t 781 417 605 1941 0
t 1456 1590 1406 1778 0
t 1564 1737 1478 1853 0
t 1001 1148 1003 1578 0
t 1507 1687 1824 1888 0
t 1408 1452 1434 1835 0
t 490 614 482 1911 0
t 1277 1254 1253 1594 0
t 655 647 681 1861 0
t 462 647 457 1861 0
t 1044 1737 1047 1853 0
t 1055 1011 1012 1936 0
t 339 72 331 1760 0
t 1406 1590 202 1778 0
t 515 1745 609 1843 0
t 589 1920 1830 1958 0
t 872 1176 44 1706 0
t 456 460 458 1862 0
t 432 181 180 1926 0
t 709 654 698 1863 0
t 461 457 458 1862 0
t 698 655 555 1863 0
t 1298 316 10 1604 0
t 675 563 538 1723 0
t 1744 1752 1544 1917 0
t 749 745 601 1741 0
t 745 752 674 1741 0
t 570 622 580 1916 0
t 671 480 483 1864 0
t 480 511 478 1864 0
t 1028 1680 1153 1906 0
t 1151 945 1587 1949 0
t 1526 1654 1731 1940 0
t 1240 1250 1273 1597 0
t 1649 1703 1484 1951 0
t 1017 989 990 1707 0
t 499 1703 1756 1914 0
t 96 1351 1356 326 0
t 876 1777 47 1960 0
t 718 700 640 1865 0
t 640 711 639 1865 0
t 948 941 969 1681 0
t 931 945 930 1765 0
t 408 191 1643 1958 0
t 1521 1717 1694 1753 0
t 377 34 35 1590 0
t 546 552 1688 1905 0
t 1654 1526 1731 1824 0
t 940 943 967 1677 0
t 19 802 20 1753 0
t 1276 1728 1224 1821 0
t 1587 1765 1551 1949 0
t 926 931 930 1675 0
t 531 693 529 1892 0
t 938 937 936 1676 0
t 1551 1765 1692 1954 0
t 452 682 449 1867 0
t 450 715 454 1866 0
t 455 451 454 1866 0
t 452 451 653 1867 0
t 605 603 751 1941 0
t 1538 1908 1662 1944 0
t 1383 1819 1348 1959 0
t 213 214 1287 1582 0
t 1509 1641 1605 1738 0
t 460 714 645 1868 0
t 551 547 572 1869 0
t 1489 1692 1765 1954 0
t 709 551 710 1869 0
t 549 645 574 1868 0
t 1751 1758 1535 1847 0
t 1550 1743 1932 1971 0
t 1131 1029 1142 1607 0
t 773 415 197 1577 0
t 499 1756 673 1914 0
t 933 934 929 1679 0
t 652 194 193 1699 0
t 1499 1721 1560 1739 0
t 1509 1700 1694 1715 0
t 204 10 783 1604 0
t 1141 1153 1028 1680 0
t 491 1617 685 1900 0
t 64 841 881 1832 0
t 1261 1269 1229 1729 0
t 416 183 182 1934 0
t 1392 1402 1355 1749 0
t 46 847 1175 1961 0
t 191 192 1445 1575 0
t 872 1193 1161 1706 0
t 363 3 384 1816 0
t 1511 1707 1688 1908 0
t 941 938 1069 1935 0
t 1557 1740 1708 1923 0
t 603 1744 602 1921 0
t 448 453 450 1870 0
t 447 448 449 1870 0
t 1320 1301 1582 1856 0
t 596 704 593 1603 0
t 878 1183 1074 1739 0
t 1365 1343 1393 1690 0
t 459 445 689 1871 0
t 722 715 453 1872 0
t 447 682 689 1871 0
t 719 708 722 1872 0
t 1496 1710 1622 1841 0
t 641 642 547 1873 0
t 853 872 44 1706 0
t 1260 1258 228 1585 0
t 526 549 556 1876 0
t 643 182 181 1934 0
t 1602 1512 1697 1931 0
t 1071 1149 1162 1683 0
t 1645 1514 1900 1901 0
t 679 527 526 1876 0
t 660 641 717 1873 0
t 1544 1813 1752 1921 0
t 38 37 859 1836 0
t 1484 1703 1649 1851 0
t 1649 1703 1492 1851 0
t 788 589 1830 1958 0
t 394 342 1358 1819 0
t 1605 1641 1520 1738 0
t 78 395 335 1938 0
t 195 404 741 1565 0
t 1421 1454 161 392 0
t 1232 1264 119 395 0
t 98 1358 1390 394 0
t 140 1294 1328 393 0
t 1431 1460 1421 1643 0
t 1472 1829 1680 1906 0
t 945 1136 1151 1587 0
t 443 444 445 1880 0
t 1530 1693 1578 1756 0
t 1600 1829 1489 1954 0
t 446 444 658 1880 0
t 1186 1124 1833 1834 0
t 519 522 521 1687 0
t 236 421 237 1838 0
t 441 656 657 1881 0
t 443 459 656 1881 0
t 1218 238 1250 1597 0
t 530 679 706 1883 0
t 558 706 708 1883 0
t 214 1582 743 1971 0
t 1260 1246 1258 1585 0
t 868 21 803 1956 0
t 1453 1459 1420 1757 0
t 744 1743 612 1914 0
t 74 75 1594 1972 0
t 1533 1932 1743 1971 0
t 427 225 224 1767 0
t 751 603 750 1921 0
t 566 754 567 1882 0
t 1148 1003 1578 1951 0
t 747 1718 600 1874 0
t 747 600 690 1874 0
t 1389 1345 1371 1788 0
t 754 1719 567 1882 0
t 340 1643 46 1835 0
t 436 435 437 1890 0
t 1516 1758 1751 1847 0
t 406 748 754 1719 0
t 1446 1427 1436 1575 0
t 853 44 43 1706 0
t 438 491 440 1887 0
t 467 439 657 1889 0
t 440 441 439 1887 0
t 732 437 467 1889 0
t 1376 168 169 1583 0
t 758 168 785 1583 0
t 994 995 1020 1715 0
t 336 1327 1295 1930 0
t 756 203 202 1778 0
t 63 881 841 1832 0
t 435 685 438 1890 0
t 1647 1900 1514 1901 0
t 504 1689 514 1891 0
t 529 527 530 1892 0
t 1578 1693 1530 1822 0
t 1478 1840 1564 1853 0
t 1259 1568 235 1838 0
t 648 725 464 1885 0
t 1550 56 1856 1932 0
t 1402 1392 1380 1749 0
t 82 350 81 1591 0
t 611 680 621 1855 0
t 67 355 368 1973 0
t 1662 1839 1545 1944 0
t 1356 95 326 385 0
t 45 392 44 1974 0
t 1058 1165 1166 1736 0
t 967 992 968 1776 0
t 1575 1706 44 1974 0
t 1220 235 1259 1568 0
t 1051 1049 1050 1969 0
t 1406 1440 201 1590 0
t 1830 1920 1537 1958 0
t 566 612 613 1743 0
t 160 1454 1412 332 0
t 118 1264 1223 335 0
t 1390 1351 97 334 0
t 1328 1288 139 333 0
t 1420 338 153 1453 0
t 1231 339 111 1265 0
t 1391 90 337 1357 0
t 1327 132 336 1295 0
t 988 1606 976 1949 0
t 1507 1731 1654 1940 0
t 514 507 626 1689 0
t 152 391 1420 1410 0
t 1219 390 110 1231 0
t 1357 89 389 1345 0
t 1295 131 388 1282 0
t 1647 1708 1499 1900 0
t 628 514 626 1918 0
t 46 340 45 1643 0
t 1111 1067 1086 1668 0
t 1241 1220 1259 1568 0
t 79 1200 812 1724 0
t 1084 949 1112 1669 0
t 224 1217 223 1591 0
t 1524 1693 1685 1747 0
t 848 1114 48 1777 0
t 522 639 649 1904 0
t 1414 154 330 1453 0
t 1225 112 331 1265 0
t 1391 328 91 1349 0
t 1327 329 133 1286 0
t 1445 1446 1436 1575 0
t 720 407 176 1750 0
t 1029 1802 1030 1901 0
t 1126 1706 43 1886 0
t 1344 1586 1366 1937 0
t 522 523 521 1904 0
t 1317 1910 1573 1928 0
t 769 742 677 1730 0
t 1523 1815 1561 1903 0
t 677 776 199 1579 0
t 1560 1749 22 1946 0
t 920 921 919 1673 0
t 1068 1027 1121 1672 0
t 778 421 236 1838 0
t 1474 1610 1852 1875 0
t 973 972 971 1697 0
t 1499 1708 1647 1740 0
t 603 597 602 1744 0
t 1525 1552 1924 1933 0
t 29 1576 28 1833 0
t 1475 1851 1614 1878 0
t 1489 1712 1600 1954 0
t 512 513 510 1602 0
t 1630 1691 1539 1817 0
t 33 66 2 855 0
t 50 83 3 826 0
t 67 32 1 799 0
t 406 1719 754 1912 0
t 918 915 917 1674 0
t 1043 1045 1044 1853 0
t 1187 1682 1074 1739 0
t 1240 1250 1597 1973 0
t 1449 1435 1447 1577 0
t 546 571 552 1905 0
t 1217 1251 1244 1591 0
t 707 611 515 1957 0
t 1208 875 27 1965 0
t 1351 1372 1364 1584 0
t 1576 1833 29 1834 0
t 1744 1752 1513 1921 0
t 412 216 1599 1903 0
t 522 521 1687 1904 0
t 1474 1852 1648 1875 0
t 644 436 738 1943 0
t 1716 1818 1515 1848 0
t 1422 316 1296 1604 0
t 1229 1237 1225 1729 0
t 1630 1507 1687 1904 0
t 1475 1649 1851 1878 0
t 1098 879 52 1795 0
t 957 955 956 1940 0
t 1507 1824 1731 1888 0
t 1018 990 1026 1707 0
t 1467 1879 1759 1965 0
t 976 966 945 1765 0
t 1174 1731 957 1940 0
t 26 27 1584 1965 0
t 673 744 612 1914 0
t 1244 1267 1217 1591 0
t 1212 1647 1109 1740 0
t 887 1100 1795 1966 0
t 1447 1577 1426 1748 0
t 1605 1715 1509 1738 0
t 1094 1766 883 1894 0
t 1605 1700 1509 1715 0
t 1408 1421 162 340 0
t 1221 1232 120 341 0
t 141 1284 1294 343 0
t 1347 1358 99 342 0
t 1218 1597 1250 1973 0
t 492 483 489 1897 0
t 494 493 489 1897 0
t 235 410 778 1568 0
t 713 1717 738 1943 0
t 507 626 1689 1918 0
t 1173 1772 1104 1907 0
t 1137 964 1130 1630 0
t 385 1387 320 1763 0
t 1517 1854 1725 1957 0
t 636 565 501 1756 0
t 597 1744 603 1917 0
t 1302 1313 1336 1823 0
t 1532 1845 1772 1950 0
t 1588 1744 1527 1752 0
t 1521 1700 1694 1943 0
t 1134 1039 892 1813 0
t 1369 1366 1344 1586 0
t 1201 1754 1037 1811 0
t 352 33 34 1778 0
t 1513 1744 1588 1752 0
t 1263 1245 1268 1973 0
t 887 1100 1098 1795 0
t 1654 1731 1507 1824 0
t 1721 1519 1926 1956 0
t 767 668 627 1695 0
t 68 1580 69 1973 0
t 316 10 1422 1424 0
t 11 313 1299 1297 0
t 626 507 516 1918 0
t 1839 1908 543 1944 0
t 411 775 669 1786 0
t 373 323 114 1229 0
t 378 322 156 1418 0
t 367 321 135 1293 0
t 1051 1769 1049 1969 0
t 499 565 673 1756 0
t 1015 1818 1016 1952 0
t 1272 1239 1215 1665 0
t 172 1348 1385 1576 0
t 1544 1849 1555 1917 0
t 1468 1698 1684 1802 0
t 1444 1411 199 1579 0
t 236 235 778 1838 0
t 503 504 502 1891 0
t 536 532 706 1692 0
t 727 703 407 1750 0
t 65 366 348 1642 0
t 1512 1602 1837 1931 0
t 1554 1518 1886 1948 0
t 1298 1296 316 1604 0
t 1539 1662 1908 1944 0
t 204 1298 10 1604 0
t 509 515 609 1843 0
t 1093 991 1147 1709 0
t 974 1011 1096 1661 0
t 534 1692 536 1954 0
t 1530 1709 1601 1726 0
t 1433 1440 1406 1590 0
t 1180 1667 1119 1952 0
t 330 378 155 1414 0
t 331 373 113 1225 0
t 329 367 134 1286 0
t 557 1600 672 1954 0
t 228 669 425 1585 0
t 1556 1898 1513 1921 0
t 54 1815 1561 1964 0
t 1510 1661 1725 1897 0
t 626 516 1695 1918 0
t 1689 1764 1534 1877 0
t 1411 1449 198 1757 0
t 1014 1115 1734 1799 0
t 1021 1606 988 1949 0
t 1543 1725 1854 1957 0
t 184 1369 1344 1586 0
t 1199 1009 1735 1854 0
t 733 559 725 1885 0
t 1406 1456 1433 1590 0
t 1517 1725 1661 1897 0
t 411 227 226 1596 0
t 853 43 872 1706 0
t 1582 1932 1533 1971 0
t 1399 1376 1365 1583 0
t 1472 1607 1600 1906 0
t 1569 1521 1794 1811 0
t 950 952 951 1666 0
t 1150 1711 1132 1924 0
t 1023 922 982 1664 0
t 1446 1413 1465 1791 0
t 226 1596 1257 1767 0
t 10 203 783 1604 0
t 500 501 499 1756 0
t 1759 1879 1547 1965 0
t 1463 318 1423 1400 0
t 309 1401 1274 1360 0
t 1422 1464 1337 315 0
t 202 1406 201 1590 0
t 680 611 707 1957 0
t 223 1217 1243 1665 0
t 1386 179 1381 1946 0
t 1588 1732 1508 1826 0
t 1644 1746 1506 1776 0
t 8 239 785 1713 0
t 1547 1819 1584 1959 0
t 1251 1244 1591 1767 0
t 1110 909 913 1670 0
t 1088 1089 914 1671 0
t 1499 1721 1682 1890 0
t 667 425 668 1564 0
t 225 427 774 1767 0
t 326 96 1351 334 0
t 1241 1568 1259 1838 0
t 1527 1744 1588 1826 0
t 1399 1375 1360 1713 0
t 1249 1273 1234 1713 0
t 779 426 188 1581 0
t 571 686 768 1905 0
t 971 1031 1697 1931 0
t 880 824 73 1975 0
t 1535 1847 1758 1905 0
t 1299 1297 1336 1816 0
t 359 3 397 1816 0
t 1009 1010 974 1854 0
t 948 971 949 1931 0
t 1030 1647 1184 1901 0
t 514 1689 626 1918 0
t 1521 1694 1717 1943 0
t 604 1814 607 1917 0
t 680 1725 488 1911 0
t 1607 1885 1645 1901 0
t 1682 1721 1499 1739 0
t 1105 1696 1106 1932 0
t 738 1700 579 1943 0
t 1565 1770 1667 1855 0
t 1296 1298 1335 1604 0
t 1444 1430 1411 1579 0
t 766 1925 1775 1967 0
t 1209 1802 1698 1929 0
t 1368 1385 1348 1576 0
t 731 491 685 1900 0
t 1548 1772 1844 1845 0
t 532 531 530 1962 0
t 335 1230 324 1728 0
t 222 223 1243 1665 0
t 1605 1686 1520 1783 0
t 637 1775 766 1925 0
t 695 505 575 1828 0
t 1138 963 1747 1822 0
t 1535 1751 1847 1953 0
t 610 609 1745 1948 0
t 1354 87 1389 1937 0
t 428 185 184 1586 0
t 1689 1526 1764 1877 0
t 1332 1287 1582 1928 0
t 67 1597 68 1973 0
t 1019 1188 1825 1844 0
t 1066 1065 1152 1812 0
t 958 960 962 1720 0
t 869 54 1144 1815 0
t 1772 1845 1549 1950 0
t 534 1773 533 1962 0
t 1510 1725 1661 1936 0
t 395 341 1232 1938 0
t 328 22 1749 1946 0
t 1253 231 1226 1594 0
t 499 497 1703 1914 0
t 1190 1694 1077 1753 0
t 882 1203 1117 1915 0
t 1541 1775 1561 1925 0
t 929 918 928 1784 0
t 1556 1832 1513 1898 0
t 992 1019 993 1776 0
t 226 225 774 1767 0
t 1536 1794 1754 1811 0
t 1530 1726 1601 1891 0
t 1045 1168 1731 1888 0
t 504 514 701 1891 0
t 1682 1721 1519 1890 0
t 1563 1528 1896 1947 0
t 1436 1427 1412 1791 0
t 1107 1154 1106 1696 0
t 382 328 1749 1946 0
t 911 909 910 1800 0
t 1021 988 976 1949 0
t 1532 1844 1772 1845 0
t 1465 1443 1455 1699 0
t 1253 1226 1277 1594 0
t 422 746 747 1922 0
t 1083 1055 927 1656 0
t 628 775 1786 1918 0
t 1072 1073 1074 1682 0
t 328 337 1755 1946 0
t 746 1718 747 1922 0
t 185 784 9 1640 0
t 1425 317 9 1640 0
t 1361 9 317 1640 0
t 37 1579 36 1771 0
t 1431 1421 1408 1835 0
t 436 1635 732 1943 0
t 1566 1766 1540 1894 0
t 1694 1700 1509 1943 0
t 23 804 878 1740 0
t 905 907 906 1659 0
t 1078 1082 1000 1660 0
t 1359 1423 318 1400 0
t 1274 1234 309 1360 0
t 338 330 154 1453 0
t 339 331 112 1265 0
t 329 133 336 1327 0
t 91 337 328 1391 0
t 1540 1766 1566 1902 0
t 1337 1296 1422 315 0
t 1514 1645 1885 1901 0
t 528 1688 552 1908 0
t 846 42 1126 1886 0
t 208 1285 1323 1727 0
t 1370 1690 1377 1827 0
t 196 1447 1415 1748 0
t 1099 1098 1100 1795 0
t 1186 877 1124 1834 0
t 1161 997 1080 1761 0
t 910 965 912 1663 0
t 1517 1745 1735 1957 0
t 589 788 1830 1920 0
t 1528 1686 1605 1947 0
t 1538 1758 1688 1905 0
t 1393 1370 1388 1690 0
t 67 32 799 1204 0
t 83 50 1207 826 0
t 33 66 855 1205 0
t 1171 66 842 1919 0
t 1222 1271 1596 1938 0
t 1564 1840 1545 1853 0
t 321 1324 1293 1928 0
t 1477 1759 1606 1762 0
t 1544 1555 1849 1895 0
t 955 954 956 1650 0
t 1693 1747 1524 1822 0
t 866 1194 76 1853 0
t 1454 160 392 332 0
t 1264 118 395 335 0
t 334 97 1390 394 0
t 139 1328 333 393 0
t 1476 1559 1834 1893 0
t 1290 1330 1302 1823 0
t 1538 1558 1944 1975 0
t 1694 1717 1519 1753 0
t 71 822 1117 1915 0
t 1528 1947 1563 1960 0
t 424 207 206 1976 0
t 50 384 3 1593 0
t 1529 1836 1818 1848 0
t 47 48 1581 1777 0
t 732 578 738 1943 0
t 571 1847 686 1905 0
t 518 519 517 1824 0
t 1563 1896 588 1947 0
t 1320 1287 214 1582 0
t 1363 1749 1386 1946 0
t 1235 1272 1233 1816 0
t 965 1135 1064 1805 0
t 1062 965 1063 1806 0
t 1032 1742 1004 1825 0
t 207 1589 1315 1976 0
t 550 702 678 1850 0
t 1688 1707 1538 1908 0
t 914 916 915 1789 0
t 913 915 1122 1790 0
t 22 328 21 1946 0
t 1320 1301 1287 1582 0
t 1561 1541 1925 1964 0
t 153 391 338 1420 0
t 111 390 339 1231 0
t 388 336 132 1295 0
t 389 337 90 1357 0
t 484 481 485 1851 0
t 750 752 1898 1921 0
t 885 1849 1053 1939 0
t 1527 1849 1752 1917 0
t 1206 16 798 1963 0
t 694 471 486 1852 0
t 1599 1815 1550 1903 0
t 1514 1885 1607 1901 0
t 20 1753 1191 1956 0
t 336 1295 388 1930 0
t 1206 863 49 1963 0
t 762 520 521 1687 0
t 600 620 690 1874 0
t 1527 1752 1744 1917 0
t 848 47 1114 1777 0
t 71 1117 870 1915 0
t 1744 1917 1544 1921 0
t 550 566 567 1882 0
t 337 389 20 1755 0
t 1014 1015 1016 1952 0
t 68 888 1120 1772 0
t 1512 1837 1681 1931 0
t 1199 1159 1009 1854 0
t 83 375 82 1665 0
t 1550 1743 1696 1932 0
t 1031 973 971 1697 0
t 1429 1598 1407 1945 0
t 1113 981 979 1810 0
t 21 1183 809 1739 0
t 331 73 373 1729 0
t 1546 1836 1730 1848 0
t 947 1133 1048 1651 0
t 848 48 47 1777 0
t 1444 1430 1579 1820 0
t 1152 924 1059 1809 0
t 21 328 1755 1946 0
t 629 628 630 1909 0
t 1423 1359 317 1640 0
t 610 782 791 1948 0
t 1042 880 1662 1972 0
t 776 417 200 1820 0
t 1138 1001 963 1822 0
t 33 352 380 1778 0
t 55 869 1105 1815 0
t 1529 1818 1716 1848 0
t 975 963 987 1822 0
t 1334 1327 1309 1599 0
t 1771 1814 1555 1939 0
t 1002 987 1001 1822 0
t 1517 1735 1854 1957 0
t 579 738 578 1700 0
t 902 901 903 1653 0
t 1386 1402 1350 1749 0
t 1529 1716 1818 1952 0
t 1004 1136 968 1746 0
t 17 16 1586 1937 0
t 370 108 1228 1263 0
t 349 101 1388 1353 0
t 1227 1262 122 350 0
t 1326 348 143 1291 0
t 150 377 1451 1416 0
t 1290 129 1325 386 0
t 961 959 978 1655 0
t 599 749 601 1841 0
t 414 1879 1584 1959 0
t 935 1121 929 1781 0
t 919 925 1141 1782 0
t 885 1052 1771 1939 0
t 470 681 466 1857 0
t 465 466 462 1858 0
t 1305 1702 1282 1930 0
t 1087 1088 1078 1796 0
t 909 908 907 1797 0
t 1467 1606 1759 1762 0
t 1383 1584 1372 1819 0
t 109 346 1219 1263 0
t 88 1389 347 1345 0
t 151 344 1410 1451 0
t 130 1325 345 1282 0
t 472 474 699 1859 0
t 712 684 463 1860 0
t 1152 1064 1145 1657 0
t 1113 1024 1063 1658 0
t 535 1644 531 1962 0
t 163 1452 1408 365 0
t 100 1347 387 1388 0
t 121 1262 1221 376 0
t 142 1284 379 1326 0
t 865 808 24 1929 0
t 1519 1717 1694 1943 0
t 320 1387 1392 1763 0
t 328 22 382 1749 0
t 683 528 552 1908 0
t 1754 1777 1528 1916 0
t 18 17 1569 1937 0
t 1395 1352 1403 1763 0
t 578 1700 738 1943 0
t 70 71 1568 1915 0
t 1462 1439 1424 1778 0
t 1563 1783 1686 1947 0
t 1701 1775 1561 1964 0
t 1413 193 194 1699 0
t 1173 1203 1772 1844 0
t 186 740 187 1598 0
t 1439 203 1424 1778 0
t 1301 1286 1293 1856 0
t 1186 1125 1032 1742 0
t 1528 1563 1896 1960 0
t 161 1421 392 340 0
t 119 1232 395 341 0
t 1358 98 342 394 0
t 1294 140 343 393 0
t 199 200 1444 1820 0
t 23 320 382 1749 0
t 184 185 1369 1586 0
t 38 859 873 1836 0
t 515 509 494 1843 0
t 1075 1077 1076 1694 0
t 591 1826 1732 1968 0
t 1193 872 1126 1706 0
t 1114 1195 1034 1777 0
t 681 647 462 1861 0
t 1368 1385 1576 1827 0
t 201 200 417 1820 0
t 456 458 457 1862 0
t 654 655 698 1863 0
t 511 480 671 1864 0
t 1559 1907 1549 1950 0
t 1042 880 1040 1662 0
t 485 498 497 1703 0
t 1150 893 1132 1711 0
t 1149 946 936 1774 0
t 1043 1042 1041 1714 0
t 1541 1561 1775 1964 0
t 1544 1752 1849 1917 0
t 477 1631 475 1955 0
t 545 542 554 1927 0
t 970 1738 969 1935 0
t 905 904 903 1803 0
t 519 520 517 1824 0
t 1129 1082 978 1804 0
t 790 769 415 1730 0
t 711 640 700 1865 0
t 1137 1026 1067 1817 0
t 382 1749 1355 1946 0
t 958 1720 1128 1940 0
t 186 9 784 1640 0
t 595 1826 591 1968 0
t 920 950 923 1785 0
t 982 1027 1025 1787 0
t 49 48 1598 1945 0
t 1107 1106 1105 1696 0
t 1168 1174 1045 1731 0
t 52 836 1098 1795 0
t 1188 1173 1104 1907 0
t 897 899 898 1646 0
t 63 64 379 1589 0
t 1126 872 43 1706 0
t 764 192 191 1575 0
t 1556 1544 1813 1919 0
t 880 1662 1972 1975 0
t 893 1150 895 1711 0
t 228 1258 227 1585 0
t 1318 218 1314 1702 0
t 451 450 454 1866 0
t 449 451 452 1867 0
t 226 774 411 1596 0
t 714 574 645 1868 0
t 40 322 378 1748 0
t 644 738 1717 1943 0
t 710 551 572 1869 0
t 637 761 759 1903 0
t 1425 1423 317 1640 0
t 1361 317 1359 1640 0
t 1059 1081 1056 1648 0
t 1217 1239 1243 1665 0
t 1090 1092 1095 1894 0
t 1363 1402 1386 1749 0
t 592 487 1622 1955 0
t 731 733 491 1900 0
t 1010 1854 1013 1936 0
t 661 749 746 1933 0
t 981 983 980 1649 0
t 617 1716 615 1848 0
t 1771 1555 1849 1939 0
t 1534 1764 1689 1918 0
t 899 901 900 1808 0
t 1532 1907 1559 1950 0
t 412 761 216 1903 0
t 1040 1662 880 1975 0
t 985 1066 986 1652 0
t 65 842 66 1919 0
t 1321 1599 1309 1856 0
t 530 531 529 1892 0
t 1328 1310 1288 1899 0
t 1220 1255 234 1760 0
t 607 604 606 1814 0
t 1295 1305 1282 1930 0
t 448 450 449 1870 0
t 185 9 1361 1640 0
t 230 1253 1224 1821 0
t 628 626 775 1918 0
t 391 152 344 1410 0
t 390 110 346 1219 0
t 347 389 89 1345 0
t 131 345 388 1282 0
t 447 689 445 1871 0
t 722 453 719 1872 0
t 1240 1218 1250 1973 0
t 922 1085 1083 1793 0
t 939 1084 937 1780 0
t 1102 1834 877 1907 0
t 51 52 1572 1795 0
t 642 641 660 1873 0
t 932 926 1111 1779 0
t 556 679 526 1876 0
t 1407 1432 187 1598 0
t 37 860 1196 1771 0
t 1230 1223 1238 1728 0
t 1428 1462 1404 1778 0
t 661 746 1922 1933 0
t 774 630 411 1786 0
t 622 570 569 1947 0
t 1154 983 1160 1951 0
t 1721 1739 1519 1956 0
t 1407 1429 1432 1598 0
t 75 1198 866 1972 0
t 61 871 844 1924 0
t 1513 1813 1556 1921 0
t 615 617 616 1716 0
t 20 1755 1562 1956 0
t 754 613 743 1971 0
t 1538 1944 1662 1975 0
t 1257 1596 1242 1767 0
t 1138 960 961 1747 0
t 1777 1896 1563 1960 0
t 1687 1714 1478 1888 0
t 444 446 445 1880 0
t 1425 1461 1423 1640 0
t 1398 1361 1359 1640 0
t 1546 1818 1836 1848 0
t 1526 1689 1764 1918 0
t 441 443 656 1881 0
t 708 706 679 1883 0
t 18 1569 17 1811 0
t 1501 1892 1644 1962 0
t 1513 1556 1813 1832 0
t 754 743 1912 1971 0
t 1547 1833 1576 1970 0
t 890 1201 1037 1811 0
t 1535 1758 1842 1905 0
t 1588 1732 1826 1968 0
t 186 187 1432 1598 0
t 713 644 738 1717 0
t 1291 1303 1331 1642 0
t 1326 1331 1308 1976 0
t 1119 864 40 1667 0
t 382 1355 328 1946 0
t 1590 1895 1555 1941 0
t 1133 927 1115 1799 0
t 1530 1709 1726 1967 0
t 1538 1842 1758 1905 0
t 1340 1317 1316 1928 0
t 339 390 71 1760 0
t 1534 1894 1566 1909 0
t 1116 73 1842 1975 0
t 1426 1447 1435 1577 0
t 437 435 438 1890 0
t 1457 1429 1407 1945 0
t 57 321 367 1928 0
t 972 1096 1112 1801 0
t 438 440 439 1887 0
t 1222 1257 226 1596 0
t 1754 1794 1521 1811 0
t 437 439 467 1889 0
t 534 532 1692 1962 0
t 705 477 593 1831 0
t 26 1182 1208 1965 0
t 1417 1452 164 1945 0
t 1588 1826 1744 1968 0
t 1556 1813 1544 1921 0
t 743 1582 1912 1971 0
t 1548 1915 1568 1953 0
t 1168 957 1174 1731 0
t 583 544 584 1845 0
t 1101 1766 1094 1966 0
t 1539 1908 1839 1944 0
t 1465 1427 1446 1791 0
t 1536 1777 1754 1916 0
t 1222 1242 1257 1596 0
t 995 1076 1033 1715 0
t 57 840 886 1932 0
t 1172 1102 1104 1907 0
t 1196 873 37 1771 0
t 239 430 785 1597 0
t 409 661 209 1933 0
t 53 838 54 1964 0
t 1013 1734 1012 1936 0
t 1540 1902 1566 1909 0
t 964 953 955 1792 0
t 1319 1310 1574 1899 0
t 1195 1777 876 1960 0
t 1146 1193 1126 1886 0
t 48 47 1581 1945 0
t 365 1408 162 340 0
t 120 1221 341 376 0
t 1284 141 379 343 0
t 99 1347 342 387 0
t 1228 107 368 1216 0
t 1353 358 102 1342 0
t 1290 1279 128 384 0
t 1416 149 380 1404 0
t 523 524 1691 1904 0
t 1275 1338 312 1816 0
t 321 381 1324 1928 0
t 1292 327 1899 1910 0
t 168 1362 8 1713 0
t 436 732 738 1943 0
t 1560 1926 1755 1956 0
t 1566 1894 1540 1909 0
t 238 239 1250 1597 0
t 10 1424 203 1604 0
t 996 1134 894 1752 0
t 51 1098 836 1795 0
t 1662 1944 1558 1975 0
t 745 650 752 1898 0
t 750 752 424 1898 0
t 1373 1381 1755 1946 0
t 1040 1041 1042 1662 0
t 1418 1450 1458 1748 0
t 45 1175 847 1961 0
t 583 585 421 1845 0
t 899 900 898 1808 0
t 1263 1228 370 1973 0
t 521 762 1687 1839 0
t 1516 1592 1751 1776 0
t 542 541 537 1927 0
t 227 1222 226 1596 0
t 607 742 596 1814 0
t 868 803 20 1956 0
t 1029 1022 1030 1802 0
t 83 359 375 1665 0
t 765 1830 788 1920 0
t 1197 883 1094 1766 0
t 1462 1424 1422 1604 0
t 1173 1188 1019 1844 0
t 20 1191 868 1956 0
t 731 691 703 1708 0
t 1630 1687 1507 1888 0
t 370 68 69 1973 0
t 87 383 1389 1937 0
t 981 980 979 1810 0
t 338 391 37 1757 0
t 1484 1743 1696 1914 0
t 37 36 860 1771 0
t 924 1081 1059 1809 0
t 764 1575 191 1958 0
t 537 534 536 1954 0
t 337 21 328 1755 0
t 887 1098 51 1795 0
t 1561 1815 1599 1903 0
t 993 1032 1004 1825 0
t 186 1425 9 1640 0
t 985 1065 1066 1812 0
t 1321 1309 1320 1856 0
t 1211 875 1208 1759 0
t 1102 30 877 1834 0
t 224 225 1251 1767 0
t 545 1762 541 1927 0
t 1224 1253 1254 1821 0
t 576 658 721 1829 0
t 1568 1915 1535 1953 0
t 1012 1014 1115 1734 0
t 592 599 601 1841 0
t 1184 1030 1109 1647 0
t 1543 1716 1734 1911 0
t 1354 1341 86 364 0
t 165 1405 1417 356 0
t 1291 357 144 1278 0
t 123 1215 1227 359 0
t 81 883 1197 1766 0
t 1315 207 1323 1589 0
t 1775 1925 1541 1967 0
t 891 881 892 1813 0
t 1373 1346 1396 1755 0
t 1754 1794 1536 1916 0
t 1051 1053 996 1939 0
t 424 650 207 1898 0
t 1147 1099 1093 1709 0
t 1383 1348 173 1959 0
t 87 1354 354 1937 0
t 717 510 548 1837 0
t 892 894 1134 1752 0
t 1202 35 857 1895 0
t 1171 842 65 1919 0
t 610 772 609 1948 0
t 1048 1133 1115 1799 0
t 430 239 238 1597 0
t 492 489 493 1897 0
t 1516 1751 1592 1847 0
t 870 1178 1038 1842 0
t 19 1191 802 1753 0
t 1698 1802 1468 1929 0
t 880 1972 74 1975 0
t 312 1338 1297 1816 0
t 228 227 669 1585 0
t 584 608 735 1950 0
t 775 626 627 1918 0
t 1606 1759 1477 1949 0
t 1233 1275 312 1816 0
t 1329 1910 1317 1928 0
t 904 902 903 1803 0
t 1358 1397 1390 1819 0
t 1539 1839 1662 1944 0
t 959 1129 978 1804 0
t 220 221 1313 1823 0
t 435 433 434 1721 0
t 29 794 1124 1833 0
t 997 1079 1080 1686 0
t 1373 1381 1346 1755 0
t 29 1833 1124 1834 0
t 733 725 648 1885 0
t 649 524 522 1904 0
t 755 637 766 1925 0
t 53 345 52 1702 0
t 869 839 54 1815 0
t 499 673 497 1914 0
t 568 686 1847 1953 0
t 635 506 1726 1967 0
t 1135 1145 1064 1805 0
t 1024 1062 1063 1806 0
t 523 522 524 1904 0
t 626 1695 627 1918 0
t 884 1189 1037 1811 0
t 506 701 1726 1891 0
t 634 635 506 1726 0
t 533 535 531 1962 0
t 82 1591 81 1766 0
t 1304 1589 1323 1727 0
t 633 638 635 1722 0
t 1042 866 1198 1972 0
t 1070 1072 1075 1798 0
t 1541 1775 1701 1964 0
t 1142 1030 1184 1901 0
t 593 704 705 1831 0
t 1539 1714 1662 1839 0
t 1382 1383 174 1584 0
t 593 591 594 1826 0
t 1686 1783 1605 1947 0
t 1589 1898 1556 1976 0
t 605 604 603 1917 0
t 1130 1026 1137 1817 0
t 955 953 954 1792 0
t 280 845 279 1105 0
t 283 282 867 843 0
t 840 280 281 886 0
t 1163 281 831 282 0
t 285 286 844 871 0
t 284 283 1165 829 0
t 1157 284 832 285 0
t 879 276 837 277 0
t 278 277 1144 838 0
t 279 278 869 839 0
t 287 881 288 841 0
t 833 286 287 1132 0
t 516 627 626 1695 0
t 1223 1264 1246 1938 0
t 1389 1371 1394 1937 0
t 958 1128 957 1940 0
t 589 765 788 1920 0
t 214 743 753 1971 0
t 95 1356 1387 385 0
t 869 55 839 1815 0
t 933 1131 944 1768 0
t 576 721 557 1829 0
t 1576 1893 696 1970 0
t 1355 1749 1363 1946 0
t 370 108 355 1228 0
t 101 349 374 1353 0
t 350 122 1227 375 0
t 348 366 143 1291 0
t 377 150 352 1416 0
t 129 1290 353 386 0
t 614 615 616 1716 0
t 1275 401 1338 1816 0
t 1055 1083 1085 1793 0
t 836 275 276 1098 0
t 884 18 1189 1811 0
t 889 1205 1171 1919 0
t 661 1922 1574 1933 0
t 691 659 1708 1923 0
t 513 548 510 1837 0
t 29 1124 877 1834 0
t 590 477 475 1955 0
t 1355 1349 328 1946 0
t 1546 1814 1771 1939 0
t 891 1813 1039 1919 0
t 633 757 638 1722 0
t 381 1329 1324 1928 0
t 219 220 1280 1823 0
t 1662 1714 1545 1839 0
t 1114 876 1195 1777 0
t 1022 1097 1209 1802 0
t 1373 1755 1391 1946 0
t 1000 1087 1078 1796 0
t 906 907 908 1797 0
t 1258 1585 1246 1938 0
t 1343 1377 1370 1690 0
t 638 419 766 1925 0
t 289 288 891 830 0
t 790 773 618 1770 0
t 8 1236 239 1713 0
t 1101 1197 1094 1766 0
t 1338 401 363 1816 0
t 974 1096 972 1801 0
t 1186 1124 1125 1833 0
t 595 602 1744 1968 0
t 1254 1276 1224 1821 0
t 63 64 1589 1832 0
t 601 1741 674 1968 0
t 1370 1393 1343 1690 0
t 488 707 489 1725 0
t 912 911 910 1800 0
t 1284 1308 1304 1589 0
t 1233 312 1297 1816 0
t 614 680 488 1911 0
t 1180 1214 864 1667 0
t 734 608 553 1846 0
t 1054 1202 889 1895 0
t 413 1721 433 1926 0
t 346 109 370 1263 0
t 383 88 1389 347 0
t 163 1452 365 351 0
t 349 100 387 1388 0
t 344 151 377 1451 0
t 386 130 1325 345 0
t 121 1262 376 350 0
t 348 142 379 1326 0
t 1378 1371 1384 1788 0
t 34 35 1590 1895 0
t 1179 1169 1091 1764 0
t 713 643 1717 1934 0
t 169 758 730 1942 0
t 592 590 487 1955 0
t 1566 1766 1591 1902 0
t 1072 1074 1187 1682 0
t 1403 1379 1380 1763 0
t 385 320 24 1763 0
t 591 1732 625 1968 0
t 368 355 107 1228 0
t 364 86 1354 354 0
t 356 1417 165 369 0
t 102 374 358 1353 0
t 359 1227 123 375 0
t 144 366 357 1291 0
t 380 352 149 1416 0
t 384 128 1290 353 0
t 613 1743 744 1971 0
t 333 60 61 1899 0
t 236 237 1252 1838 0
t 59 60 327 1910 0
t 47 351 365 1835 0
t 624 1794 580 1916 0
t 321 58 381 1928 0
t 1456 1406 1428 1778 0
t 313 1233 1297 1816 0
t 1199 1735 1146 1886 0
t 1539 1687 1714 1839 0
t 1052 873 1196 1771 0
t 1023 982 1025 1787 0
t 950 951 923 1785 0
t 797 1208 27 1965 0
t 229 230 1224 1821 0
t 202 203 1439 1778 0
t 65 66 366 1642 0
t 1547 1576 1959 1970 0
t 1176 1961 45 1974 0
t 828 274 275 887 0
t 1281 1306 205 1642 0
t 1406 202 1439 1778 0
t 666 667 668 1840 0
t 994 1079 997 1686 0
t 871 1150 1132 1924 0
t 253 877 254 806 0
t 916 914 1089 1789 0
t 913 1122 1110 1790 0
t 1450 156 322 1418 0
t 1261 114 323 1229 0
t 1324 135 321 1293 0
t 1079 1080 1686 1961 0
t 397 401 1275 1816 0
t 1419 332 1412 1791 0
t 1061 1156 1002 1701 0
t 1226 232 1256 1729 0
t 886 1105 1106 1932 0
t 519 521 520 1687 0
t 887 1101 1100 1966 0
t 533 534 675 1773 0
t 1543 1734 1716 1952 0
t 1409 190 191 1643 0
t 585 1845 584 1950 0
t 580 624 739 1794 0
t 1332 1340 1287 1928 0
t 170 418 171 1827 0
t 36 1196 860 1771 0
t 374 349 31 1690 0
t 469 466 468 1608 0
t 653 451 455 1609 0
t 1224 1276 1260 1728 0
t 620 486 702 1610 0
t 658 716 446 1611 0
t 885 1053 1052 1939 0
t 707 488 680 1725 0
t 655 681 555 1612 0
t 461 462 457 1613 0
t 815 1197 82 1766 0
t 496 550 484 1614 0
t 447 449 682 1616 0
t 450 453 715 1618 0
t 601 674 625 1968 0
t 473 472 471 1619 0
t 595 674 602 1968 0
t 684 697 481 1620 0
t 654 709 710 1621 0
t 1410 1430 1433 1820 0
t 592 487 598 1622 0
t 52 51 836 1795 0
t 443 445 459 1623 0
t 456 714 460 1624 0
t 719 558 708 1625 0
t 1452 351 164 1945 0
t 77 335 324 1728 0
t 794 252 253 1124 0
t 1394 1344 1366 1937 0
t 478 511 699 1626 0
t 547 642 572 1627 0
t 441 657 439 1628 0
t 700 718 463 1629 0
t 1450 322 157 372 0
t 323 371 115 1261 0
t 1324 321 136 381 0
t 442 648 464 1615 0
t 475 477 476 1631 0
t 549 574 556 1632 0
t 671 483 492 1634 0
t 711 649 639 1633 0
t 1552 1832 1589 1898 0
t 679 530 527 1636 0
t 660 717 728 1637 0
t 691 659 703 1708 0
t 1084 939 949 1780 0
t 495 493 494 1638 0
t 944 934 933 1768 0
t 1396 1391 1373 1755 0
t 815 81 1197 1766 0
t 932 1111 1086 1779 0
t 479 490 482 1639 0
t 667 405 230 1821 0
t 1076 1077 1190 1694 0
t 1387 320 94 385 0
t 1312 1336 1297 1816 0
t 1272 1248 1233 1816 0
t 491 438 685 1617 0
t 436 437 732 1635 0
t 1528 1896 1777 1960 0
t 1151 976 945 1949 0
t 996 1139 1051 1769 0
t 255 254 1102 795 0
t 1777 1896 1528 1916 0
t 1013 1010 1159 1854 0
t 1559 1549 1942 1950 0
t 766 1775 636 1967 0
t 66 1171 1205 1919 0
t 1209 1698 865 1929 0
t 412 744 759 1903 0
t 1121 935 1068 1781 0
t 925 919 921 1782 0
t 413 434 433 1721 0
t 1528 1686 1947 1960 0
t 557 672 537 1954 0
t 62 61 844 1924 0
t 1383 1372 1348 1819 0
t 586 585 584 1950 0
t 57 56 840 1932 0
t 28 1124 794 1833 0
t 43 325 42 1791 0
t 49 369 48 1945 0
t 1125 1124 875 1833 0
t 724 560 726 1641 0
t 928 918 917 1784 0
t 693 531 535 1644 0
t 1173 1203 1120 1772 0
t 1180 1119 1015 1952 0
t 251 252 805 875 0
t 1043 1041 1167 1714 0
t 992 993 968 1776 0
t 1029 1030 1142 1901 0
t 765 609 772 1830 0
t 355 370 1228 1973 0
t 164 369 1417 1945 0
t 1397 1348 1372 1819 0
t 532 536 534 1692 0
t 226 1257 225 1767 0
t 993 1019 1188 1825 0
t 290 289 1171 842 0
t 60 1165 1157 1736 0
t 582 569 1783 1947 0
t 23 1740 1108 1929 0
t 564 559 733 1645 0
t 1574 1922 1525 1933 0
t 1030 1209 1181 1802 0
t 643 644 713 1717 0
t 545 692 541 1762 0
t 1017 1038 989 1758 0
t 503 646 575 1685 0
t 389 347 19 1788 0
t 201 1440 200 1820 0
t 1209 1097 1210 1698 0
t 595 591 625 1968 0
t 663 771 581 1944 0
t 745 749 409 1933 0
t 936 946 938 1774 0
t 1292 1329 327 1910 0
t 327 333 1292 1899 0
t 518 508 695 1654 0
t 87 354 383 1937 0
t 249 248 865 808 0
t 1196 36 885 1771 0
t 1281 1642 205 1976 0
t 1035 992 1140 1751 0
t 1582 1533 1912 1971 0
t 973 1146 1009 1735 0
t 381 327 1329 1910 0
t 498 499 497 1703 0
t 325 332 1419 1791 0
t 1171 65 891 1919 0
t 1202 857 34 1895 0
t 940 968 1136 1746 0
t 612 497 673 1914 0
t 30 806 877 1834 0
t 877 1834 1103 1907 0
t 578 570 579 1700 0
t 1155 1761 1031 1931 0
t 47 876 1114 1777 0
t 1431 1448 1643 1835 0
t 271 814 270 883 0
t 256 255 1172 807 0
t 1090 998 975 1877 0
t 30 31 349 1690 0
t 79 395 78 1938 0
t 1563 1947 1686 1960 0
t 1101 82 1197 1766 0
t 229 667 230 1821 0
t 1016 1818 1050 1969 0
t 956 958 957 1940 0
t 1163 867 58 1733 0
t 29 877 806 1834 0
t 1382 1372 1383 1584 0
t 236 1259 235 1838 0
t 880 264 263 824 0
t 665 1839 543 1944 0
t 1102 877 1103 1907 0
t 534 533 532 1962 0
t 1162 1184 1073 1807 0
t 506 502 701 1891 0
t 247 804 246 878 0
t 1094 1093 1100 1966 0
t 1186 1103 877 1834 0
t 885 293 858 294 0
t 868 1739 21 1956 0
t 20 803 21 1956 0
t 1038 1178 1140 1758 0
t 1014 1012 1013 1734 0
t 977 1143 966 1712 0
t 771 543 1908 1944 0
t 1553 1795 1722 1966 0
t 29 28 794 1833 0
t 817 265 266 866 0
t 427 787 632 1902 0
t 408 582 589 1958 0
t 53 1144 838 1964 0
t 77 324 76 1728 0
t 1014 1734 1013 1952 0
t 58 59 381 1910 0
t 1148 1154 1003 1951 0
t 291 856 889 292 0
t 1276 1238 1260 1728 0
t 789 762 666 1840 0
t 1109 1108 1740 1929 0
t 343 62 63 1727 0
t 333 1288 1292 1899 0
t 1312 1338 363 1816 0
t 422 210 661 1922 0
t 60 333 327 1899 0
t 1304 1285 1333 1727 0
t 1751 1776 1592 1844 0
t 71 70 822 1915 0
t 827 272 273 1101 0
t 970 969 941 1935 0
t 595 1744 1826 1968 0
t 18 800 1189 1811 0
t 338 37 38 1757 0
t 859 295 296 873 0
t 743 213 406 1912 0
t 373 73 74 1729 0
t 395 79 341 1938 0
t 339 71 72 1760 0
t 848 305 306 1114 0
t 70 1117 822 1915 0
t 582 569 561 1783 0
t 1060 1158 1057 1710 0
t 632 633 631 1902 0
t 1272 1243 1239 1665 0
t 879 1156 1144 1964 0
t 1409 1460 1431 1643 0
t 568 686 670 1847 0
t 1589 1832 1556 1898 0
t 54 388 53 1930 0
t 300 301 846 1126 0
t 1127 1126 42 1886 0
t 378 39 40 1748 0
t 1171 891 1039 1919 0
t 677 198 415 1730 0
t 1455 1450 157 372 0
t 371 1266 115 1261 0
t 1329 1324 136 381 0
t 1212 1184 1109 1647 0
t 1181 1209 865 1929 0
t 744 613 612 1743 0
t 260 261 822 1117 0
t 1308 1315 1323 1589 0
t 74 816 75 1972 0
t 1457 1434 1452 1945 0
t 1175 304 303 847 0
t 383 18 347 1788 0
t 998 962 975 1877 0
t 1198 75 816 1972 0
t 692 545 619 1762 0
t 1036 1211 1208 1759 0
t 1441 1448 1434 1835 0
t 1119 298 297 861 0
t 864 298 850 299 0
t 240 241 792 890 0
t 62 343 393 1727 0
t 1070 1075 999 1798 0
t 62 844 871 1924 0
t 303 302 1176 851 0
t 597 604 607 1917 0
t 1294 1304 1333 1727 0
t 24 25 385 1763 0
t 945 966 930 1765 0
t 1392 320 94 1387 0
t 1006 1008 1166 1704 0
t 28 875 1124 1833 0
t 1092 1094 883 1894 0
t 1035 1140 1178 1751 0
t 54 839 55 1815 0
t 1160 1005 1164 1705 0
t 56 886 840 1932 0
t 962 1128 958 1720 0
t 1426 1458 1415 1748 0
t 1409 1448 190 1643 0
t 619 414 729 1879 0
t 1362 308 8 1713 0
t 8 308 1236 1713 0
t 1281 1303 1306 1642 0
t 637 636 766 1775 0
t 815 82 81 1766 0
t 1162 1073 1071 1807 0
t 622 588 1896 1947 0
t 1584 1879 1547 1959 0
t 1248 397 1275 1816 0
t 17 354 16 1937 0
t 325 1455 158 372 0
t 324 1266 116 371 0
t 327 1329 137 381 0
t 1196 885 1052 1771 0
t 507 514 504 1689 0
t 482 614 488 1911 0
t 1332 1293 1324 1928 0
t 729 577 1913 1970 0
t 1301 1320 1309 1856 0
t 862 306 307 1170 0
t 629 631 634 1909 0
t 1034 1033 1037 1754 0
t 788 772 420 1830 0
t 622 1896 623 1916 0
t 582 588 569 1947 0
t 25 865 1210 1698 0
t 196 741 773 1770 0
t 1360 1362 1399 1713 0
t 1273 1236 1234 1713 0
t 713 416 643 1934 0
t 382 320 93 1392 0
t 1021 1211 1036 1759 0
t 1363 1355 1402 1749 0
t 58 321 57 1928 0
t 621 741 782 1855 0
t 1180 864 1119 1667 0
t 1171 1039 889 1919 0
t 365 340 46 1835 0
t 1318 1314 1307 1702 0
t 93 382 1392 1355 0
t 734 577 696 1893 0
t 1187 1074 868 1739 0
t 1052 1051 1050 1939 0
t 158 1419 1455 325 0
t 116 1230 1266 324 0
t 137 1292 1329 327 0
t 1380 1387 1403 1763 0
t 1360 1234 308 1713 0
t 874 269 268 811 0
t 1169 998 1091 1764 0
t 577 696 1893 1970 0
t 206 207 1315 1976 0
t 351 369 164 1945 0
t 1334 1599 1283 1930 0
t 1315 1589 1308 1976 0
t 613 744 753 1971 0
t 683 771 543 1908 0
t 1373 1391 1349 1946 0
t 1049 1051 1139 1769 0
t 1268 1218 1240 1973 0
t 634 506 701 1726 0
t 630 628 411 1786 0
t 1547 1879 1584 1965 0
t 1035 1203 1019 1844 0
t 515 610 609 1745 0
t 18 383 17 1937 0
t 595 594 591 1826 0
t 1219 1241 1245 1838 0
t 1428 1406 1439 1778 0
t 1466 1443 1442 1699 0
t 63 841 64 1832 0
t 23 878 1108 1740 0
t 691 676 659 1923 0
t 34 889 1202 1895 0
t 545 541 542 1927 0
t 27 28 394 1819 0
t 882 1117 70 1915 0
t 796 1108 24 1929 0
t 206 1281 205 1976 0
t 413 433 432 1926 0
t 878 1212 1109 1740 0
t 756 605 751 1941 0
t 1319 1322 1310 1899 0
t 262 1116 263 825 0
t 750 602 752 1921 0
t 1271 1264 1232 1938 0
t 216 1283 1321 1599 0
t 12 818 1204 257 0
t 799 256 12 1204 0
t 13 307 1206 863 0
t 834 290 15 1205 0
t 1372 1382 1364 1584 0
t 963 960 1138 1747 0
t 835 1207 14 274 0
t 868 245 244 803 0
t 884 242 801 243 0
t 1377 170 171 1827 0
t 18 17 800 1811 0
t 249 1210 250 793 0
t 1362 1360 308 1713 0
t 1234 1236 308 1713 0
t 1307 1282 1305 1702 0
t 1048 1016 1049 1969 0
t 17 1189 800 1811 0
t 778 410 587 1953 0
t 873 1118 38 1836 0
t 1411 1435 1449 1757 0
t 1188 1103 1825 1907 0
t 305 852 304 876 0
t 1220 1247 1255 1760 0
t 1380 1392 1387 1763 0
t 1190 1077 884 1753 0
t 1079 1686 1960 1961 0
t 994 969 970 1738 0
t 739 624 736 1794 0
t 38 859 296 873 0
t 538 563 553 1723 0
t 172 173 1348 1959 0
t 994 970 995 1738 0
t 1209 1210 865 1698 0
t 552 528 546 1688 0
t 1300 1310 1322 1899 0
t 1177 1050 1016 1818 0
t 34 857 35 1895 0
t 1199 1146 1126 1886 0
t 251 797 250 1208 0
t 1318 1702 1305 1930 0
t 1435 1411 1459 1757 0
t 581 552 571 1905 0
t 746 600 747 1718 0
t 1237 1269 1226 1729 0
t 1101 1094 1100 1966 0
t 367 329 56 1856 0
t 1447 1426 1415 1748 0
t 758 586 730 1942 0
t 1109 1181 1108 1929 0
t 754 748 567 1719 0
t 1120 888 1104 1772 0
t 1058 1157 1165 1736 0
t 1079 1020 1195 1960 0
t 755 419 218 1925 0
t 636 637 565 1775 0
t 71 822 261 1117 0
t 1018 1017 990 1707 0
t 533 675 538 1773 0
t 258 888 819 257 0
t 29 806 30 1834 0
t 1442 1413 194 1699 0
t 1384 1371 1367 1788 0
t 524 525 523 1691 0
t 1334 1295 1327 1930 0
t 1220 1270 1247 1760 0
t 1285 1304 1323 1727 0
t 1108 247 796 248 0
t 1015 1177 1016 1818 0
t 1046 1179 1047 1737 0
t 1054 1053 885 1849 0
t 872 301 853 302 0
t 92 328 382 1355 0
t 1091 1095 874 1724 0
t 590 625 591 1732 0
t 1123 867 1163 1733 0
t 1046 1047 1044 1737 0
t 1334 1283 1305 1930 0
t 159 1419 325 332 0
t 335 1230 117 324 0
t 333 1292 138 327 0
t 849 299 300 1127 0
t 1028 1143 1131 1906 0
t 83 827 1207 1101 0
t 1177 1118 873 1836 0
t 1317 1339 1289 1910 0
t 1258 1246 1222 1938 0
t 92 328 1355 1349 0
t 67 68 355 1973 0
t 729 577 563 1913 0
t 1372 1390 1397 1819 0
t 20 21 1755 1956 0
t 553 608 539 1846 0
t 891 892 1039 1813 0
t 1419 159 1412 332 0
t 1230 117 1223 335 0
t 1288 1292 138 333 0
t 1199 1126 1127 1886 0
t 797 27 26 1965 0
t 1037 1189 890 1811 0
t 247 23 804 878 0
t 1020 995 1033 1715 0
t 665 543 663 1944 0
t 1643 1958 1575 1974 0
t 1558 1972 1662 1975 0
t 970 941 1069 1935 0
t 33 889 1205 856 0
t 172 737 173 1959 0
t 1092 883 1095 1894 0
t 866 1044 1194 1853 0
t 1176 1175 45 1961 0
t 1271 1222 1246 1938 0
t 1043 1044 866 1853 0
t 1303 1281 1331 1642 0
t 624 580 623 1916 0
t 727 407 720 1750 0
t 336 388 54 1930 0
t 1221 1244 1242 1767 0
t 768 581 571 1905 0
t 1283 1334 1309 1599 0
t 798 1206 13 240 0
t 597 595 602 1744 0
t 261 262 823 870 0
t 1283 1309 1321 1599 0
t 1428 1439 1462 1778 0
t 53 879 1144 1964 0
t 296 1118 297 854 0
t 745 674 601 1741 0
t 670 686 571 1847 0
t 0 798 16 1963 0
t 1183 21 868 1739 0
t 1409 1431 1448 1643 0
t 1563 1960 1686 1961 0
t 1010 1013 1012 1936 0
t 763 582 561 1783 0
t 28 342 394 1819 0
t 1116 880 73 1975 0
t 692 729 563 1913 0
t 622 569 588 1947 0
t 622 623 580 1916 0
t 1049 1016 1050 1969 0
t 43 846 301 1126 0
t 687 617 615 1848 0
t 588 426 622 1896 0
t 1403 1387 1395 1763 0
t 1309 1286 1301 1856 0
t 1183 245 809 246 0
t 622 426 623 1896 0
t 565 499 501 1756 0
t 73 880 263 824 0
t 1189 241 800 242 0
t 1168 1167 964 1888 0
t 17 890 1189 1811 0
t 1143 1028 1153 1906 0
t 771 683 552 1908 0
t 15 855 1205 291 0
t 1173 1120 1104 1772 0
t 521 543 762 1839 0
t 56 329 55 1856 0
t 1173 1019 1203 1844 0
t 1354 1389 1394 1937 0
t 1331 1642 1281 1976 0
t 1385 1370 1377 1827 0
t 49 863 0 1963 0
t 815 1197 271 272 0
t 14 273 1207 826 0
t 1263 1268 1228 1973 0
t 729 737 577 1970 0
t 292 1202 293 857 0
t 971 1155 1031 1931 0
t 1031 1155 1161 1761 0
t 884 1191 19 1753 0
t 756 781 605 1941 0
t 43 332 325 1791 0
t 259 258 1120 820 0
t 874 1200 79 1724 0
t 750 603 602 1921 0
t 1418 1458 1426 1748 0
t 48 351 47 1945 0
t 1185 1004 1032 1742 0
t 243 1191 244 802 0
t 1419 1412 1427 1791 0
t 870 1116 72 1842 0
t 21 337 20 1755 0
t 23 382 22 1749 0
t 1213 78 874 811 0
t 1323 1304 1308 1589 0
t 723 414 619 1879 0
t 1324 1317 1340 1928 0
t 1140 989 1038 1758 0
t 627 516 767 1695 0
t 1192 1116 1038 1842 0
t 696 418 734 1893 0
t 266 76 817 866 0
t 568 587 686 1953 0
t 1192 1116 1842 1975 0
t 1371 1345 1367 1788 0
t 1183 868 1074 1739 0
t 1755 1926 1562 1956 0
t 294 295 860 1196 0
t 1108 878 1109 1740 0
t 264 1198 265 816 0
t 1015 1014 1013 1952 0
t 1045 1167 1168 1888 0
t 788 764 589 1958 0
t 1125 1185 1032 1742 0
t 1229 1269 1237 1729 0
t 1151 1185 1021 1949 0
t 1054 1134 1053 1849 0
t 267 1194 810 266 0
t 361 368 106 1249 0
t 1374 85 364 360 0
t 362 380 148 1437 0
t 363 127 1312 384 0
t 1010 1012 1011 1936 0
t 1198 816 74 1972 0
t 788 765 772 1830 0
t 882 259 821 260 0
t 415 769 677 1730 0
t 773 741 618 1770 0
t 1457 1452 1417 1945 0
t 604 597 603 1917 0
t 880 1198 74 1972 0
t 631 427 632 1902 0
t 1431 1434 1448 1835 0
t 1318 1305 1283 1930 0
t 1200 270 269 812 0
t 606 742 607 1814 0
t 792 16 1206 890 0
t 268 813 267 1213 0
t 1247 1270 1265 1760 0
t 305 848 47 1114 0
t 1318 1307 1305 1702 0
t 300 846 42 1126 0
t 1435 1459 1453 1757 0
t 1329 1317 1324 1928 0
t 587 410 686 1953 0
t 1385 1377 171 1827 0
t 397 3 363 1816 0
t 363 401 397 1816 0
t 356 166 1438 398 0
t 396 103 358 1375 0
t 359 124 1248 397 0
t 399 145 357 1311 0
t 1210 865 25 808 0
t 987 963 1001 1822 0
t 1312 1297 1338 1816 0
t 1077 1191 884 1753 0
t 1161 1155 997 1761 0
t 629 630 631 1909 0
t 47 365 46 1835 0
t 1237 1226 1256 1729 0
t 283 867 59 843 0
t 59 1165 283 829 0
t 536 557 537 1954 0
t 611 621 782 1855 0
t 178 659 676 1923 0
t 635 766 636 1967 0
t 280 840 56 886 0
t 58 867 282 843 0
t 1163 831 58 282 0
t 284 1165 60 829 0
t 60 1157 284 832 0
t 487 590 475 1955 0
t 855 834 15 1205 0
t 798 13 1206 863 0
t 826 1207 14 835 0
t 818 799 12 1204 0
t 54 869 278 839 0
t 278 1144 54 838 0
t 281 831 57 1163 0
t 57 840 281 886 0
t 665 762 543 1839 0
t 743 406 754 1912 0
t 55 279 845 1105 0
t 869 55 279 839 0
t 1201 1034 1037 1754 0
t 408 764 191 1958 0
t 1292 1339 1329 1910 0
t 832 61 1157 285 0
t 285 844 61 871 0
t 1208 805 27 875 0
t 62 844 286 871 0
t 668 789 666 1840 0
t 1180 1015 1013 1952 0
t 1417 1429 1457 1945 0
t 769 617 687 1848 0
t 1194 810 77 267 0
t 277 53 1144 838 0
t 879 837 53 277 0
t 1095 1200 874 1724 0
t 1042 1198 880 1972 0
t 1373 1363 1386 1946 0
t 19 347 18 1788 0
t 643 416 182 1934 0
t 1209 1030 1022 1802 0
t 1148 983 1154 1951 0
t 971 948 1155 1931 0
t 1248 1275 1233 1816 0
t 1010 1009 1159 1854 0
t 635 636 506 1967 0
t 274 828 1207 887 0
t 306 48 848 1114 0
t 412 759 761 1903 0
t 1079 1175 1080 1961 0
t 59 1165 867 283 0
t 1172 256 807 1204 0
t 1230 1238 1276 1728 0
t 867 1163 58 282 0
t 414 173 737 1959 0
t 1157 1165 60 284 0
t 1192 1040 880 1975 0
t 763 512 765 1920 0
t 1408 1434 1431 1835 0
t 54 869 1144 278 0
t 1210 249 865 808 0
t 1163 57 281 886 0
t 361 105 400 1274 0
t 360 1400 84 403 0
t 502 504 701 1891 0
t 362 147 402 1464 0
t 363 1338 126 401 0
t 279 55 869 1105 0
t 264 880 74 824 0
t 1171 290 842 1205 0
t 1009 1146 1199 1735 0
t 432 180 413 1926 0
t 1032 1188 1103 1825 0
t 285 61 1157 871 0
t 577 737 696 1970 0
t 1442 1443 1413 1699 0
t 63 833 287 1132 0
t 881 287 63 841 0
t 1368 1370 1385 1827 0
t 1144 879 53 277 0
t 1249 368 106 1216 0
t 1342 358 103 1375 0
t 1404 148 380 1437 0
t 1279 1312 127 384 0
t 772 791 652 1948 0
t 25 249 1210 808 0
t 252 794 28 1124 0
t 276 837 52 879 0
t 1433 1444 1440 1820 0
t 1108 796 24 248 0
t 858 36 885 294 0
t 661 746 422 1922 0
t 398 167 1463 403 0
t 396 400 104 1401 0
t 397 125 1275 401 0
t 399 402 146 1337 0
t 752 650 424 1898 0
t 1208 251 805 875 0
t 288 881 64 841 0
t 1394 1366 1354 1937 0
t 1176 1080 1175 1961 0
t 251 805 27 1208 0
t 298 1119 40 861 0
t 275 836 51 1098 0
t 1038 1116 870 1842 0
t 85 1341 1374 364 0
t 1438 1405 166 356 0
t 1248 1215 124 359 0
t 145 357 1311 1278 0
t 52 836 276 1098 0
t 289 891 65 830 0
t 814 80 270 883 0
t 1132 287 63 881 0
t 303 1176 45 851 0
t 533 531 532 1962 0
t 1465 1413 1443 1699 0
t 628 775 411 1786 0
t 200 1440 1444 1820 0
t 409 749 661 1933 0
t 300 42 849 1127 0
t 828 50 1207 887 0
t 583 584 585 1845 0
t 303 45 1175 847 0
t 64 891 288 830 0
t 877 253 29 806 0
t 817 75 265 866 0
t 735 586 584 1950 0
t 1108 865 24 1929 0
t 879 52 276 1098 0
t 1423 318 317 1359 0
t 765 589 763 1920 0
t 156 155 378 1418 0
t 373 114 113 1229 0
t 135 134 367 1293 0
t 862 307 49 1170 0
t 880 1116 73 263 0
t 1328 139 140 393 0
t 1264 118 119 395 0
t 97 98 1390 394 0
t 1454 160 161 392 0
t 1356 95 96 326 0
t 391 153 152 1420 0
t 111 110 390 1231 0
t 389 90 89 1357 0
t 388 132 131 1295 0
t 872 853 44 302 0
t 41 864 850 299 0
t 105 361 1249 1274 0
t 1374 1400 84 360 0
t 147 362 1437 1464 0
t 1312 1338 126 363 0
t 771 663 543 1944 0
t 72 823 262 870 0
t 246 804 22 878 0
t 1275 311 1338 401 0
t 314 1337 402 1464 0
t 310 1401 400 1274 0
t 1463 319 1400 403 0
t 873 296 38 1118 0
t 260 822 70 1117 0
t 1116 262 72 825 0
t 337 91 90 1391 0
t 112 111 339 1265 0
t 336 133 132 1327 0
t 338 154 153 1453 0
t 255 1102 31 795 0
t 297 1118 39 854 0
t 254 877 30 806 0
t 64 891 881 288 0
t 1355 1363 1349 1946 0
t 1117 261 71 870 0
t 263 1116 73 825 0
t 842 66 1171 1205 0
t 59 327 381 1910 0
t 370 355 68 1973 0
t 1412 159 160 332 0
t 1223 117 118 335 0
t 138 139 1288 333 0
t 96 97 1351 334 0
t 271 81 814 883 0
t 155 154 330 1414 0
t 331 113 112 1225 0
t 328 92 91 1349 0
t 329 134 133 1286 0
t 1124 253 29 877 0
t 1127 300 42 1126 0
t 29 794 253 1124 0
t 743 613 753 1971 0
t 23 247 1108 878 0
t 807 256 32 1204 0
t 842 290 66 1205 0
t 828 1207 50 274 0
t 30 1102 254 795 0
t 35 885 293 858 0
t 1175 1176 45 303 0
t 1126 301 43 872 0
t 167 1463 1438 398 0
t 1375 396 104 1401 0
t 125 1275 1248 397 0
t 1311 399 146 1337 0
t 1234 309 1360 308 0
t 1296 1422 315 316 0
t 312 1297 313 1233 0
t 295 859 37 873 0
t 1151 1021 976 1949 0
t 807 32 1172 1204 0
t 852 46 304 876 0
t 1257 1251 225 1767 0
t 1421 161 162 340 0
t 1232 119 120 341 0
t 98 99 1358 342 0
t 140 141 1294 343 0
t 1032 993 1188 1825 0
t 419 755 766 1925 0
t 625 674 595 1968 0
t 1195 876 1079 1960 0
t 1386 1381 1373 1946 0
t 344 152 151 1410 0
t 346 110 109 1219 0
t 345 131 130 1282 0
t 347 89 88 1345 0
t 1124 28 252 875 0
t 1288 1310 1300 1899 0
t 1419 1427 1465 1791 0
t 1288 1300 1292 1899 0
t 30 1102 877 254 0
t 301 853 43 872 0
t 1098 51 275 887 0
t 297 39 1119 861 0
t 1408 162 163 365 0
t 1221 120 121 376 0
t 1284 141 142 379 0
t 1347 99 100 387 0
t 28 805 252 875 0
t 1305 1295 1334 1930 0
t 1280 220 1313 1823 0
t 20 868 244 803 0
t 1302 1330 1280 1823 0
t 250 1182 26 793 0
t 245 868 21 803 0
t 1259 1252 1245 1838 0
t 51 828 275 887 0
t 47 305 1114 876 0
t 305 47 852 876 0
t 856 889 1205 291 0
t 884 801 19 243 0
t 1228 1268 1240 1973 0
t 1257 1244 1251 1767 0
t 864 1119 40 298 0
t 772 610 791 1948 0
t 354 17 383 1937 0
t 236 1252 1259 1838 0
t 1051 1052 1053 1939 0
t 792 1206 16 240 0
t 792 1206 240 890 0
t 1452 163 164 351 0
t 349 101 100 1388 0
t 1262 121 122 350 0
t 348 143 142 1326 0
t 65 1171 891 289 0
t 77 1194 267 1047 0
t 370 109 108 1263 0
t 1389 87 88 383 0
t 377 151 150 1451 0
t 129 130 1325 386 0
t 1281 1315 1308 1976 0
t 1308 1331 1281 1976 0
t 1192 880 1116 1975 0
t 40 864 298 850 0
t 355 108 107 1228 0
t 86 87 1354 354 0
t 164 165 1417 369 0
t 102 101 374 1353 0
t 122 123 1227 375 0
t 144 143 366 1291 0
t 150 149 352 1416 0
t 128 129 1290 353 0
t 1207 827 273 1101 0
t 1188 1104 1103 1907 0
t 44 1176 302 851 0
t 68 888 819 258 0
t 1444 1433 1430 1820 0
t 856 1205 33 291 0
t 865 1108 24 248 0
t 48 306 1170 1114 0
t 1271 1246 1264 1938 0
t 31 1172 1102 255 0
t 65 1171 289 842 0
t 304 1175 46 847 0
t 1198 880 74 264 0
t 827 273 83 1207 0
t 242 801 18 884 0
t 1280 1313 1302 1823 0
t 93 92 382 1355 0
t 269 874 79 811 0
t 116 117 1230 324 0
t 158 159 1419 325 0
t 1292 137 138 327 0
t 408 589 764 1958 0
t 266 1194 76 866 0
t 261 823 71 870 0
t 107 106 368 1216 0
t 103 102 358 1342 0
t 1279 127 128 384 0
t 149 148 380 1404 0
t 82 272 827 1101 0
t 31 1172 255 807 0
t 250 1210 1182 793 0
t 1118 296 38 854 0
t 294 36 885 1196 0
t 41 864 299 1127 0
t 351 48 369 1945 0
t 870 262 72 1116 0
t 24 865 248 808 0
t 48 306 862 1170 0
t 1332 1324 1340 1928 0
t 75 265 866 1198 0
t 80 1200 270 883 0
t 85 86 1341 364 0
t 165 166 1405 356 0
t 357 145 144 1278 0
t 123 124 1215 359 0
t 22 1183 246 878 0
t 856 34 889 292 0
t 1102 1103 1104 1907 0
t 258 68 1120 820 0
t 299 849 41 1127 0
t 1181 865 1108 1929 0
t 247 796 23 1108 0
t 271 1197 81 883 0
t 1119 1118 39 297 0
t 1176 872 44 302 0
t 1373 1349 1363 1946 0
t 1120 69 259 820 0
t 17 792 241 890 0
t 888 67 819 257 0
t 46 1175 304 876 0
t 1213 268 78 811 0
t 1281 206 1315 1976 0
t 311 125 6 401 0
t 7 146 402 314 0
t 311 6 126 401 0
t 402 147 7 314 0
t 400 105 5 310 0
t 319 4 84 403 0
t 400 5 104 310 0
t 167 4 319 403 0
t 35 885 1202 293 0
t 260 70 882 1117 0
t 1387 94 95 385 0
t 1338 311 126 401 0
t 402 147 314 1464 0
t 1337 402 146 314 0
t 311 1275 125 401 0
t 1401 400 104 310 0
t 319 1463 167 403 0
t 1400 319 84 403 0
t 400 105 310 1274 0
t 1191 20 868 244 0
t 809 22 1183 246 0
t 243 19 884 1191 0
t 245 21 868 1183 0
t 1242 1244 1257 1767 0
t 1245 1241 1259 1838 0
t 1317 1329 1339 1910 0
t 1196 295 37 873 0
t 322 157 156 1450 0
t 323 115 114 1261 0
t 321 136 135 1324 0
t 37 860 295 1196 0
t 1374 84 85 360 0
t 361 106 105 1249 0
t 1312 126 127 363 0
t 362 148 147 1437 0
t 1455 157 158 372 0
t 1266 115 116 371 0
t 1329 136 137 381 0
t 18 1189 242 884 0
t 75 265 1198 816 0
t 821 70 882 260 0
t 292 34 889 1202 0
t 1189 17 241 890 0
t 874 268 1213 811 0
t 94 93 320 1392 0
t 1200 874 79 269 0
t 104 103 396 1375 0
t 166 167 1438 398 0
t 146 145 399 1311 0
t 124 125 1248 397 0
t 888 68 1120 258 0
t 241 800 17 1189 0
t 74 1198 264 816 0
t 272 82 1197 1101 0
t 244 1191 20 802 0
t 1202 292 34 857 0
t 21 245 809 1183 0
t 1191 243 19 802 0
t 1120 69 882 259 0
t 269 79 1200 812 0
t 294 860 36 1196 0
t 1197 815 82 272 0
t 1206 49 307 1170 0
t 1197 81 815 271 0
t 69 882 259 821 0
t 270 1200 80 812 0
t 800 18 1189 242 0
t 76 810 1194 266 0
t 293 1202 35 857 0
t 1210 249 25 793 0
t 312 1275 311 1338 0
t 1464 314 1337 315 0
t 1274 310 1401 309 0
t 318 1463 319 1400 0
t 27 797 251 1208 0
t 67 888 1204 257 0
t 1206 307 49 863 0
t 1204 818 67 257 0
t 32 256 799 1204 0
t 66 290 834 1205 0
t 835 50 1207 274 0
t 798 16 1206 240 0
t 1205 855 33 291 0
t 268 78 813 1213 0
t 1207 273 83 826 0
t 12 1 799 818 0
t 826 14 3 835 0
t 798 0 13 863 0
t 15 2 834 855 0
t 215 1971 214 753 0
t 214 1971 215 1582 0
t 1886 41 1699 42 0
t 1886 1699 41 1518 0
t 1820 391 36 344 0
t 1820 36 391 1579 0
t 1591 1227 350 1267 0
t 1591 350 1227 375 0
t 1942 430 1583 758 0
t 1942 1583 430 1549 0
t 1833 1913 1970 1547 0
t 1970 1913 1833 1476 0
t 1590 1416 377 352 0
t 1590 377 1416 1456 0
t 713 1794 579 739 0
t 579 1794 713 1521 0
t 1138 1492 961 980 0
t 961 1492 1138 1747 0
t 1127 1667 864 1214 0
t 864 1667 1127 41 0
t 1576 1347 342 1368 0
t 1576 342 1347 387 0
t 1768 1162 1142 944 0
t 1768 1142 1162 1514 0
t 1955 1852 473 487 0
t 1955 473 1852 1491 0
t 1955 1859 473 1491 0
t 1955 473 1859 475 0
t 1713 1216 1597 368 0
t 1713 1597 1216 1273 0
t 1911 1515 490 1716 0
t 1911 490 1515 1639 0
t 1278 1604 1642 357 0
t 1642 1604 1278 1335 0
t 1640 1341 1586 364 0
t 1640 1586 1341 1398 0
t 1640 1405 1598 1461 0
t 1640 1598 1405 356 0
t 1835 1896 1777 1581 0
t 1777 1896 1835 1563 0
t 1777 47 1835 1581 0
t 1835 47 1777 1563 0
t 1847 693 546 670 0
t 1847 546 693 1516 0
t 1877 1822 963 975 0
t 1877 963 1822 1524 0
t 1856 1971 1932 1582 0
t 1932 1971 1856 1550 0
t 1932 845 886 1105 0
t 1932 886 845 56 0
t 280 886 845 1105 0
t 280 845 886 56 0
t 1733 1932 1164 1533 0
t 1164 1932 1733 1163 0
t 1924 833 871 62 0
t 1924 871 833 1132 0
t 286 871 833 62 0
t 286 833 871 1132 0
t 896 1769 1508 1139 0
t 1508 1769 896 1588 0
t 1802 977 1029 1022 0
t 1802 1029 977 1469 0
t 1951 1705 1696 1484 0
t 1951 1696 1705 1160 0
t 1770 40 1565 1667 0
t 1770 1565 40 1748 0
t 1736 1924 1158 1157 0
t 1158 1924 1736 1525 0
t 1760 1241 1220 1270 0
t 1760 1220 1241 1568 0
t 1584 175 723 174 0
t 1584 723 175 1570 0
t 1499 1807 1739 1212 0
t 1499 1739 1807 1682 0
t 1074 1739 1807 1212 0
t 1074 1807 1739 1682 0
t 1891 1828 503 504 0
t 1891 503 1828 1524 0
t 1757 1430 1411 1459 0
t 1757 1411 1430 1579 0
t 1715 1190 1076 1033 0
t 1715 1076 1190 1694 0
t 1802 988 977 1022 0
t 1802 977 988 1606 0
t 1795 1964 1702 1541 0
t 1702 1964 1795 52 0
t 1702 1572 1795 1541 0
t 1795 1572 1702 52 0
t 1842 1975 1758 1192 0
t 1842 1758 1975 1538 0
t 1017 1758 1975 1192 0
t 1017 1975 1758 1538 0
t 1700 1754 1916 1521 0
t 1916 1754 1700 1528 0
t 1842 1915 1178 1535 0
t 1178 1915 1842 870 0
t 1764 1095 1090 1091 0
t 1764 1090 1095 1534 0
t 1821 425 1728 229 0
t 1821 1728 425 1564 0
t 1953 421 583 587 0
t 1953 583 421 1548 0
t 1962 1506 535 1644 0
t 1962 535 1506 1773 0
t 1020 1754 1033 1034 0
t 1033 1754 1020 1715 0
t 1894 991 1090 1092 0
t 1894 1090 991 1601 0
t 1963 17 890 16 0
t 1963 890 17 1811 0
t 1914 1550 1696 1523 0
t 1914 1696 1550 1743 0
t 1907 1846 1825 1532 0
t 1907 1825 1846 1476 0
t 1895 33 1778 34 0
t 1895 1778 33 1567 0
t 540 1847 568 670 0
t 568 1847 540 1592 0
t 579 1916 570 580 0
t 570 1916 579 1700 0
t 1950 585 1549 586 0
t 1950 1549 585 1845 0
t 1929 25 865 808 0
t 1929 865 25 1698 0
t 1020 1528 1686 1715 0
t 1686 1528 1020 1960 0
t 1118 1952 1818 1015 0
t 1818 1952 1118 1529 0
t 1931 1522 1031 1697 0
t 1931 1031 1522 1761 0
t 1957 610 515 1745 0
t 1957 515 610 611 0
t 1909 701 634 629 0
t 1909 634 701 1726 0
t 1905 1908 771 552 0
t 771 1908 1905 1538 0
t 1916 1581 1777 1896 0
t 1916 1777 1581 1536 0
t 1915 69 1838 70 0
t 1915 1838 69 1548 0
t 1580 370 1263 1838 0
t 1263 370 1580 1973 0
t 1263 1245 1580 1838 0
t 1580 1245 1263 1973 0
t 1681 1761 1602 1520 0
t 1681 1602 1761 1931 0
t 1969 1051 1939 1050 0
t 1969 1939 1051 1769 0
t 1643 1445 191 1409 0
t 1643 191 1445 1575 0
t 1791 1455 1419 325 0
t 1791 1419 1455 1465 0
t 1727 1310 1285 1333 0
t 1727 1285 1310 1574 0
t 1854 1952 1936 1543 0
t 1936 1952 1854 1013 0
t 1937 364 16 1586 0
t 1937 16 364 354 0
t 1759 1913 1833 1547 0
t 1833 1913 1759 1477 0
t 1920 1520 513 1602 0
t 1920 513 1520 1783 0
t 1728 1246 1260 1585 0
t 1728 1260 1246 1238 0
t 48 1963 1170 49 0
t 1170 1963 48 1536 0
t 1942 418 735 730 0
t 1942 735 418 1559 0
t 793 1182 1698 1210 0
t 793 1698 1182 26 0
t 1853 1047 77 1737 0
t 1853 77 1047 1194 0
t 1208 26 250 1182 0
t 1208 250 26 797 0
t 1967 1540 635 1722 0
t 1967 635 1540 1726 0
t 634 635 1540 1722 0
t 634 1540 635 1726 0
t 1935 1520 969 1681 0
t 1935 969 1520 1738 0
t 1831 476 477 1631 0
t 1831 477 476 705 0
t 716 1829 658 576 0
t 658 1829 716 1611 0
t 1948 420 1830 1554 0
t 1948 1830 420 772 0
t 1678 1738 1641 1509 0
t 1678 1641 1738 1935 0
t 1849 996 1134 1053 0
t 1849 1134 996 1752 0
t 728 1837 717 548 0
t 717 1837 728 1637 0
t 1964 1061 1156 1144 0
t 1964 1156 1061 1701 0
t 1956 1077 1191 868 0
t 1956 1191 1077 1753 0
t 618 1855 741 621 0
t 741 1855 618 1770 0
t 1810 1851 1492 1620 0
t 1492 1851 1810 1649 0
t 1920 582 1958 589 0
t 1920 1958 582 1783 0
t 1809 1852 1491 1648 0
t 1491 1852 1809 1619 0
t 1910 1300 1292 1339 0
t 1910 1292 1300 1899 0
t 1961 876 1079 1175 0
t 1961 1079 876 1960 0
t 1765 1954 1712 1489 0
t 1712 1954 1765 1551 0
t 1826 597 595 594 0
t 1826 595 597 1744 0
t 1849 1814 1917 1527 0
t 1849 1917 1814 1555 0
t 1851 1878 1484 1614 0
t 1484 1878 1851 1649 0
t 1852 1875 1483 1648 0
t 1483 1875 1852 1610 0
t 1900 1901 1468 1645 0
t 1468 1901 1900 1647 0
t 1912 1928 57 1582 0
t 57 1928 1912 1573 0
t 1912 1733 57 1573 0
t 25 1929 1763 24 0
t 1763 1929 25 1698 0
t 345 1930 53 388 0
t 53 1930 345 1702 0
t 1942 735 586 730 0
t 1942 586 735 1950 0
t 1213 77 267 1047 0
t 1213 267 77 813 0
t 751 1941 1556 1567 0
t 751 1556 1941 1544 0
t 1919 1556 1941 1567 0
t 1919 1941 1556 1544 0
t 44 45 1176 851 0
t 1176 45 44 1974 0
t 57 1912 1533 1733 0
t 1533 1912 57 1582 0
