 MeshVersionFormatted 2
 Dimension
 3
 Vertices
 697
                 12.5                       3.8                      56.5      1
                 12.5                       3.8                      31.5      2
                -12.5                       3.8                      56.5      3
                -12.5                       3.8                      31.5      4
                   15                       3.8                        59      5
                   15                       3.8                        29      6
                  -15                       3.8                        29      7
                  -15                       3.8                        59      8
                   13                         0                        31      9
                   13                         0                        57      10
                  -13                         0                        57      11
                  -13                         0                        31      12
                 12.5                       4.6                      31.5      13
                 12.5                       4.6                      56.5      14
                -12.5                       4.6                      31.5      15
                -12.5                       4.6                      56.5      16
                 12.5                       3.8           54.227272727273      1
                 12.5                       3.8           51.954545454545      1
                 12.5                       3.8           49.681818181818      1
                 12.5                       3.8           47.409090909091      1
                 12.5                       3.8           45.136363636364      1
                 12.5                       3.8           42.863636363636      1
                 12.5                       3.8           40.590909090909      1
                 12.5                       3.8           38.318181818182      1
                 12.5                       3.8           36.045454545455      1
                 12.5                       3.8           33.772727272727      1
     -10.227272727273                       3.8                      56.5      2
     -7.9545454545454                       3.8                      56.5      2
     -5.6818181818182                       3.8                      56.5      2
     -3.4090909090909                       3.8                      56.5      2
     -1.1363636363636                       3.8                      56.5      2
      1.1363636363636                       3.8                      56.5      2
      3.4090909090909                       3.8                      56.5      2
      5.6818181818182                       3.8                      56.5      2
      7.9545454545454                       3.8                      56.5      2
      10.227272727273                       3.8                      56.5      2
                -12.5                       3.8           33.772727272727      3
                -12.5                       3.8           36.045454545455      3
                -12.5                       3.8           38.318181818182      3
                -12.5                       3.8           40.590909090909      3
                -12.5                       3.8           42.863636363636      3
                -12.5                       3.8           45.136363636364      3
                -12.5                       3.8           47.409090909091      3
                -12.5                       3.8           49.681818181818      3
                -12.5                       3.8           51.954545454545      3
                -12.5                       3.8           54.227272727273      3
      10.227272727273                       3.8                      31.5      4
      7.9545454545455                       3.8                      31.5      4
      5.6818181818182                       3.8                      31.5      4
      3.4090909090909                       3.8                      31.5      4
      1.1363636363637                       3.8                      31.5      4
     -1.1363636363636                       3.8                      31.5      4
     -3.4090909090909                       3.8                      31.5      4
     -5.6818181818181                       3.8                      31.5      4
     -7.9545454545454                       3.8                      31.5      4
     -10.227272727273                       3.8                      31.5      4
                   15                       3.8           56.692307692308      5
                   15                       3.8           54.384615384615      5
                   15                       3.8           52.076923076923      5
                   15                       3.8           49.769230769231      5
                   15                       3.8           47.461538461538      5
                   15                       3.8           45.153846153846      5
                   15                       3.8           42.846153846154      5
                   15                       3.8           40.538461538462      5
                   15                       3.8           38.230769230769      5
                   15                       3.8           35.923076923077      5
                   15                       3.8           33.615384615385      5
                   15                       3.8           31.307692307692      5
      12.692307692308                       3.8                        29      6
      10.384615384615                       3.8                        29      6
      8.0769230769231                       3.8                        29      6
      5.7692307692308                       3.8                        29      6
      3.4615384615385                       3.8                        29      6
      1.1538461538461                       3.8                        29      6
     -1.1538461538462                       3.8                        29      6
     -3.4615384615385                       3.8                        29      6
     -5.7692307692308                       3.8                        29      6
     -8.0769230769231                       3.8                        29      6
     -10.384615384615                       3.8                        29      6
     -12.692307692308                       3.8                        29      6
                  -15                       3.8           31.307692307692      7
                  -15                       3.8           33.615384615385      7
                  -15                       3.8           35.923076923077      7
                  -15                       3.8           38.230769230769      7
                  -15                       3.8           40.538461538462      7
                  -15                       3.8           42.846153846154      7
                  -15                       3.8           45.153846153846      7
                  -15                       3.8           47.461538461538      7
                  -15                       3.8           49.769230769231      7
                  -15                       3.8           52.076923076923      7
                  -15                       3.8           54.384615384615      7
                  -15                       3.8           56.692307692308      7
     -12.692307692308                       3.8                        59      8
     -10.384615384615                       3.8                        59      8
     -8.0769230769231                       3.8                        59      8
     -5.7692307692307                       3.8                        59      8
     -3.4615384615384                       3.8                        59      8
     -1.1538461538461                       3.8                        59      8
      1.1538461538462                       3.8                        59      8
      3.4615384615385                       3.8                        59      8
      5.7692307692308                       3.8                        59      8
      8.0769230769231                       3.8                        59      8
      10.384615384615                       3.8                        59      8
      12.692307692308                       3.8                        59      8
                   13                         0           33.166666666667      9
                   13                         0           35.333333333333      9
                   13                         0                      37.5      9
                   13                         0           39.666666666667      9
                   13                         0           41.833333333333      9
                   13                         0                        44      9
                   13                         0           46.166666666666      9
                   13                         0           48.333333333333      9
                   13                         0                      50.5      9
                   13                         0           52.666666666666      9
                   13                         0           54.833333333333      9
      10.833333333333                         0                        57      10
      8.6666666666667                         0                        57      10
                  6.5                         0                        57      10
      4.3333333333333                         0                        57      10
      2.1666666666667                         0                        57      10
   7.105427357601E-15                         0                        57      10
     -2.1666666666666                         0                        57      10
     -4.3333333333333                         0                        57      10
                 -6.5                         0                        57      10
     -8.6666666666667                         0                        57      10
     -10.833333333333                         0                        57      10
                  -13                         0           54.833333333333      11
                  -13                         0           52.666666666666      11
                  -13                         0                      50.5      11
                  -13                         0           48.333333333333      11
                  -13                         0           46.166666666667      11
                  -13                         0                        44      11
                  -13                         0           41.833333333333      11
                  -13                         0           39.666666666667      11
                  -13                         0                      37.5      11
                  -13                         0           35.333333333333      11
                  -13                         0           33.166666666667      11
     -10.833333333333                         0                        31      12
     -8.6666666666667                         0                        31      12
                 -6.5                         0                        31      12
     -4.3333333333333                         0                        31      12
     -2.1666666666667                         0                        31      12
  2.1316282072803E-14                         0                        31      12
      2.1666666666667                         0                        31      12
      4.3333333333334                         0                        31      12
                  6.5                         0                        31      12
      8.6666666666667                         0                        31      12
      10.833333333333                         0                        31      12
                 12.5                       4.6           54.227272727273      14
                 12.5                       4.6           51.954545454545      14
                 12.5                       4.6           49.681818181818      14
                 12.5                       4.6           47.409090909091      14
                 12.5                       4.6           45.136363636364      14
                 12.5                       4.6           42.863636363636      14
                 12.5                       4.6           40.590909090909      14
                 12.5                       4.6           38.318181818182      14
                 12.5                       4.6           36.045454545455      14
                 12.5                       4.6           33.772727272727      14
      10.227272727273                       4.6                      31.5      17
      7.9545454545455                       4.6                      31.5      17
      5.6818181818182                       4.6                      31.5      17
      3.4090909090909                       4.6                      31.5      17
      1.1363636363637                       4.6                      31.5      17
     -1.1363636363636                       4.6                      31.5      17
     -3.4090909090909                       4.6                      31.5      17
     -5.6818181818181                       4.6                      31.5      17
     -7.9545454545454                       4.6                      31.5      17
     -10.227272727273                       4.6                      31.5      17
                -12.5                       4.6           33.772727272727      19
                -12.5                       4.6           36.045454545455      19
                -12.5                       4.6           38.318181818182      19
                -12.5                       4.6           40.590909090909      19
                -12.5                       4.6           42.863636363636      19
                -12.5                       4.6           45.136363636364      19
                -12.5                       4.6           47.409090909091      19
                -12.5                       4.6           49.681818181818      19
                -12.5                       4.6           51.954545454545      19
                -12.5                       4.6           54.227272727273      19
     -10.227272727273                       4.6                      56.5      20
     -7.9545454545454                       4.6                      56.5      20
     -5.6818181818182                       4.6                      56.5      20
     -3.4090909090909                       4.6                      56.5      20
     -1.1363636363636                       4.6                      56.5      20
      1.1363636363636                       4.6                      56.5      20
      3.4090909090909                       4.6                      56.5      20
      5.6818181818182                       4.6                      56.5      20
      7.9545454545454                       4.6                      56.5      20
      10.227272727273                       4.6                      56.5      20
      14.115867924049          0.64650537791169           29.884756794901      21
      14.786382888407           2.0911498014336           29.213851642116      21
     -14.786349722396           2.0911389382995           29.213885079414      22
      -14.11587331038          0.64644450997016           29.884809488804      22
     -14.786114920586           2.0911389382996           58.786349722396      23
     -14.115190511196          0.64644450997033            58.11587331038      23
      14.115243205099          0.64650537791161           58.115867924049      24
      14.786148357884           2.0911498014335           58.786382888407      24
      13.747371509609                       3.8                        44      1
 -1.4802973661669E-16                       3.8           57.747371509609      1
  1.8281672472161E-14                       3.8           30.252628490391      1
     -13.747371509609                       3.8                        44      1
     -2.2843822843823                       3.8           57.745680310366      1
     -13.745680310366                       3.8           41.715617715618      1
      2.2843822843823                       3.8           30.254319689634      1
      13.745680310366                       3.8           46.284382284382      1
      2.2843822843823                       3.8           57.745680310366      1
      13.745680310366                       3.8           41.715617715618      1
     -2.2843822843823                       3.8           30.254319689634      1
     -13.745680310366                       3.8           46.284382284382      1
      4.5707070707071                       3.8           30.257087415304      1
     -13.742912584696                       3.8           39.429292929293      1
     -4.5707070707071                       3.8           57.742912584696      1
      13.742912584696                       3.8           48.570707070707      1
      4.5707070707071                       3.8           57.742912584696      1
      13.742912584696                       3.8           39.429292929293      1
      -4.570707070707                       3.8           30.257087415304      1
     -13.742912584696                       3.8           48.570707070707      1
     -6.8573556073556                       3.8           57.740046941533      1
     -13.740046941533                       3.8           37.142644392644      1
      6.8573556073556                       3.8           30.259953058467      1
      13.740046941533                       3.8           50.857355607356      1
      13.740046941533                       3.8           37.142644392644      1
     -13.740046941533                       3.8           50.857355607356      1
     -6.8573556073556                       3.8           30.259953058467      1
      6.8573556073556                       3.8           57.740046941533      1
     -9.1440581023914                       3.8           57.737246482366      1
      13.737246482366                       3.8           53.144058102391      1
     -13.737246482366                       3.8           34.855941897609      1
      9.1440581023914                       3.8           30.262753517634      1
     -9.1440581023914                       3.8           30.262753517634      1
      9.1440581023914                       3.8           57.737246482366      1
      13.737246482366                       3.8           34.855941897609      1
     -13.737246482366                       3.8           53.144058102391      1
     -11.435972720695                       3.8           57.734138149991      1
     -13.667582417582                       3.8           57.667582417582      1
      11.435972720695                       3.8           30.265861850009      1
      13.667582417582                       3.8           30.332417582418      1
      13.734138149991                       3.8           55.435972720695      1
      13.667582417582                       3.8           57.667582417582      1
     -13.734138149991                       3.8           32.564027279305      1
     -13.667582417582                       3.8           30.332417582418      1
      13.734138149991                       3.8           32.564027279305      1
     -11.435972720695                       3.8           30.265861850009      1
      11.435972720695                       3.8           57.734138149991      1
     -13.734138149991                       3.8           55.435972720695      1
      11.123611625134                         0           45.083333333333      2
     -11.123611625134                         0           45.083333333333      2
     -1.0833333333333                         0           32.876388374866      2
       1.384723029972                         0            54.94166475744      2
      11.076651997591                         0           38.536988404013      2
     -5.5908109237307                         0           54.934020149771      2
     -11.213424041176                         0           38.620775181741      2
      5.4166666666667                         0           32.876388374866      2
      11.123611625134                         0           49.416666666666      2
     -5.5908109237305                         0           33.065979850228      2
     -11.180053886548                         0           49.430038755383      2
       5.444310960508                         0           55.080767720953      2
      9.4628895998831                         0           55.067438475957      2
      -9.652891576654                         0           55.070137056749      2
      -9.652891576654                         0           32.929862943251      2
                 9.75                         0           32.876388374866      2
      11.123611625134                         0           51.583333333333      2
      9.2438600205813                         0            50.52229485149      2
      9.2466627119865                         0           48.337049141915      2
      7.3701809140734                         0           49.421001776678      2
      7.3708348754013                         0                     47.25      2
      5.4943375069804                         0           48.334055851668      2
      5.4944283349425                         0           46.166787086389      2
      3.6180369324775                         0           47.250140489676      2
      3.6180581256687                         0           45.083333333333      2
      1.7416662186039                         0           46.166690081612      2
      1.7416691621027                         0           44.000003902491      2
    -0.13471931088018                         0           45.083337886239      2
    -0.13471862406378                         0           42.916666666666      2
      1.7416697508025                         0           41.833333333333      2
     -0.1347186240638                         0                     47.25      2
     -2.0111071133995                         0           44.000000758817      2
     -2.0111070180083                         0           41.833333459803      2
      5.5758045376332                         0           43.826431847523      2
     -3.8874953960543                         0           42.916666814214      2
     -3.8874953737964                         0           45.083333333333      2
     -3.8874953737963                         0                     40.75      2
     -2.0300632047836                         0           39.725426405184      2
     -5.7638837523722                         0           41.833333357924      2
     -5.7638837492808                         0           39.666666670765      2
      3.6180581256687                         0           49.416666666666      2
     -7.6294635936217                         0           40.768720928985      2
     -7.6160023179192                         0           42.919786825596      2
     -7.6051937867754                         0           38.605174413051      2
     -5.7580373593066                         0           37.503640180636      2
     -7.6109829512671                         0           36.420913543392      2
      7.3708348754012                         0           51.583333333333      2
     -9.4210016930997                         0            41.87441536306      2
     -5.7638837486624                         0           35.333333333333      2
     -3.5691190354369                         0           36.469968697984      2
     -7.6402721235286                         0                     34.25      2
      -9.516660498395                         0           35.333333333333      2
      -2.011107047599                         0           46.166666989293      2
     -3.8874953819079                         0           47.250000053771      2
     -5.7638837500146                         0           46.166666675628      2
     -5.7638837492375                         0           48.333333337143      2
     -3.8874953752442                         0           49.416666676263      2
     -5.7638837486628                         0                      50.5      2
     -3.9170551329478                         0           51.532134330641      2
     -2.0160336256967                         0           50.491466834484      2
      -7.640272123529                         0                     47.25      2
     -2.0665706633283                         0           52.973374888767      2
    -0.13471862406399                         0           51.583333333333      2
      -5.769524663276                         0           52.623715631332      2
     -7.6304037453361                         0           51.594895751647      2
     -7.6402721235293                         0           53.749999999999      2
     -9.5166604983955                         0           52.666666666666      2
      -0.135539728525                         0           49.415244472414      2
      1.7415329000588                         0           50.499762967624      2
      1.7416697508023                         0           52.666666666666      2
      3.6180353172114                         0           51.583293827937      2
      3.5257767929325                         0           53.746877875184      2
      5.4865388090376                         0            52.68613699315      2
      7.4291585750522                         0            53.81293244787      2
      9.3025515570217                         0           52.702180535503      2
      1.7415059707034                         0           48.333084112999      2
      5.4929975913954                         0           50.504081408239      2
      -7.627525753276                         0           45.083468700883      2
                 3.25                         0           32.876388374866      2
      4.3333333333334                         0           34.752776749733      2
                  6.5                         0           34.752776749733      2
      5.4496575491394                         0           36.610117829722      2
      3.2554984804122                         0           36.625990575453      2
       4.345525057722                         0           38.498514604107      2
      6.5405213169496                         0           38.482158506216      2
      2.2424892532998                         0           38.455132737242      2
      1.0968868445076                         0           36.620232572704      2
      5.5251866923437                         0            40.30196830756      2
      7.6081735571044                         0           40.349745044988      2
      8.7851893299529                         0           38.489118292367      2
                 9.75                         0           40.381941874331      2
      8.6476194840976                         0           42.224151446311      2
      9.9115122277476                         0           36.582262038001      2
   -0.097483462646558                         0           38.602848178836      2
     -1.1423744237238                         0           36.552254450777      2
      10.872042703255                         0           42.439783933938      2
      7.7381519642068                         0           36.569824999082      2
      7.6378258517267                         0           32.887424244312      2
     -11.151322467782                         0           47.251137082374      2
      1.0833333333334                         0           32.876388374866      2
                -3.25                         0           32.876388374866      2
     -2.1733285179634                         0           34.726556522302      2
      7.4262923614109                         0           45.168920726513      2
     -5.7577143905721                         0            44.00054261793      2
    -0.17429748230255                         0           40.836875052907      2
      2.1698419985977                         0           34.750758899559      2
      3.4764903370441                         0           42.837296574038      2
     -2.0120649638394                         0           48.331674171037      2
  -0.0081623497636365                         0           34.733763199179      2
      11.123518202087                         0            47.25061930143      2
     -1.0833333333333                         0           55.123611625134      2
     -3.2268534342438                         0             55.0917238736      2
     -3.8874953737963                         0           38.583333333333      2
      9.2644697509216                         0           46.195943245625      2
     -7.6053657592868                         0           49.437314661224      2
      3.3877654598152                         0            40.56494778732      2
      6.5668398446369                         0           42.088379595675      2
      8.7678572473392                         0           34.696240645675      2
      11.069653440354                         0           34.508767468055      2
      11.184954646078                         0           53.643750771034      2
     -11.216973300128                         0            36.45431101613      2
      -11.19748090696                         0           42.923513671621      2
     -9.4182258730336                         0           39.686514314473      2
     -9.4353797680464                         0           50.537519501205      2
     -9.3990559799206                         0           48.345446111142      2
     -9.3872730234293                         0           46.168897537955      2
     -11.208355419045                         0           40.767536421816      2
     -11.248697248837                         0           51.585866266482      2
     -9.4302434084625                         0           37.520170300353      2
     -9.3818501909347                         0           43.999999999999      2
     -11.258330249198                         0           53.740810621445      2
     -11.300933600402                         0           34.299738510913      2
      9.1994887569704                         0           44.111211012893      2
  -0.0082377051204458                         0           53.501320472331      2
     -4.1141629635053                         0           53.430993774822      2
     -4.0671878649615                         0           34.525179398195      2
      3.2814874418686                         0           55.539698778551      2
     -7.6101282581161                         0           55.550831441304      2
      -7.610128258116                         0           32.449168558696      2
      11.514711844181                         0           40.606769252921      2
     -2.2298211327273                         0            37.94502682934      2
      1.4388541212482                         0           40.073203090982      2
      11.659482388219                         0           36.416666666667      2
      7.5242417812538                         0           55.611443345888      2
      11.413889916934                         0           55.413889916934      2
      11.413889916934                         0           32.586110083066      2
     -11.419076227238                         0           55.419076227238      2
     -11.419076227238                         0           32.580923772762      2
      7.5321728391412                         0           43.447637998446      2
      4.9064173742946                         0           41.923804822423      2
      10.531760445944                       4.6                        44      7
     -10.509729617252                       4.6           43.755300527283      7
     0.31614303843209                       4.6           33.659092911776      7
     0.31614303843223                       4.6           54.340907088224      7
      10.531760445944                       4.6           48.545454545455      7
     -10.440399019386                       4.6           48.789903084665      7
     -4.4713218402423                       4.6           54.464457323634      7
      10.541996762062                       4.6           39.447378548846      7
     -4.4713218402425                       4.6           33.535542676366      7
     -10.531760445944                       4.6           39.454545454545      7
      4.5744520564768                       4.6           33.513180712287      7
      4.5744520564769                       4.6           54.486819287713      7
     -9.2367314703231                       4.6           33.314368337695      7
      10.531760445944                       4.6           34.909090909091      7
      8.7927682183765                       4.6           54.452792241172      7
     -10.534635693205                       4.6           52.866462021249      7
      10.531760445944                       4.6           46.272727272727      7
      8.5635208918889                       4.6           45.136363636364      7
      8.5652981169683                       4.6            42.86671460777      7
      6.5955775420133                       4.6           44.000513040689      7
      6.6203496491562                       4.6           41.706648348217      7
      4.6312692030283                       4.6           42.860284473909      7
      4.6277957210163                       4.6           45.135890494857      7
      2.6588022297224                       4.6                        44      7
      2.6595067995974                       4.6           41.726714078985      7
     0.69068010397931                       4.6           42.863543255588      7
     0.69058224705227                       4.6           45.136348118356      7
     -1.2776709346978                       4.6           43.999995287291      7
     -1.2776563163882                       4.6           41.727256423813      7
     -1.2776726258759                       4.6           46.272723900941      7
     0.69056664631657                       4.6           47.409087760792      7
     -3.2459164324442                       4.6           45.136363636364      7
      -3.245915723692                       4.6           47.409090347127      7
     -5.1331011482477                       4.6           46.272727179067      7
     -5.2006468467911                       4.6            43.99999998439      7
     -5.1195920085389                       4.6           48.545454436184      7
     -3.2301556513253                       4.6           49.681818069946      7
     -5.2267752667684                       4.6           50.764476532068      7
     -7.2511105655297                       4.6           49.431581534675      7
     -7.1008196913418                       4.6           51.854895970012      7
     -7.1823955405553                       4.6           45.136363636364      7
     -7.1246671349784                       4.6            42.76754758226      7
     -5.2022830622856                       4.6           41.711257927775      7
     -7.0897405987969                       4.6           40.572225160764      7
     -5.1967346755045                       4.6           39.448762332938      7
     -7.0829947783032                       4.6           38.314103976223      7
     -5.2256923810741                       4.6           37.233879937148      7
     -3.2459164324445                       4.6           38.318181818182      7
     -7.0949847836401                       4.6           36.131010578364      7
      -3.287888139001                       4.6           52.267931308726      7
     -1.2776768783885                       4.6           50.818181818182      7
     -3.2899849812048                       4.6            35.73183388518      7
     -1.2776768783891                       4.6           37.181818181818      7
      -9.131694378355                       4.6           50.813707572312      7
     -9.1395393263339                       4.6           41.692465620975      7
     -9.1506350946112                       4.6           37.181818181819      7
     -1.2776734513888                       4.6           39.454542737302      7
     0.69056324683323                       4.6           38.318181365308      7
     0.69056267566645                       4.6           36.045454545455      7
      2.6588023249165                       4.6           37.181818106339      7
      2.5620064884916                       4.6           34.912360922965      7
      4.6241724745162                       4.6            36.01633956066      7
      6.6750949694057                       4.6           34.774112520107      7
      6.7203094182338                       4.6           36.981527532757      7
      4.6428236080327                       4.6           38.295391929133      7
      6.7098393655404                       4.6           39.328953224639      7
      8.6134541683122                       4.6           38.208607767065      7
      4.6537651425128                       4.6           40.562089584905      7
      8.5635208918889                       4.6           47.409090909091      7
      8.5635208918889                       4.6           49.681818181818      7
      6.5952813378334                       4.6           48.545454545455      7
      6.5883181481978                       4.6           50.853935398584      7
      4.6258812521719                       4.6           49.687777111885      7
      8.5741436716857                       4.6           51.970352424581      7
      4.6270417837778                       4.6           51.954545454545      7
       2.658608807788                       4.6           50.819174973193      7
      2.5619834507384                       4.6           53.087757300789      7
      6.6624842827828                       4.6           53.135384575264      7
     -10.593916456863                       4.6           46.272685450476      7
     -8.5635208918889                       4.6           47.409090909091      7
     0.69070376872582                       4.6           40.590797219257      7
     -6.9616866228914                       4.6           33.795563344767      7
       10.53553992789                       4.6           41.729669527812      7
     -2.2727272727272                       4.6           54.531760445944      7
     -2.2727272727272                       4.6           33.468239554055      7
     -6.9065970602347                       4.6           54.214119293566      7
      2.6589318096013                       4.6           46.272645304758      7
     -3.2416816708419                       4.6           42.860963725091      7
     -3.2403242681423                       4.6           40.586827494184      7
      10.544255213605                       4.6           50.802241273159      7
      6.5954563614031                       4.6           46.272733922591      7
      -1.275048592883                       4.6           48.545453346468      7
      2.6660274817697                       4.6           39.445832047321      7
      4.6270247852914                       4.6           47.409992654167      7
      2.6585959961394                       4.6           48.546749331102      7
     0.69093477577322                       4.6           49.682198780714      7
     0.67053434136044                       4.6           51.946472969716      7
      8.5977463316548                       4.6           40.547995337392      7
      8.6667249792303                       4.6           35.930009385358      7
      10.558989392591                       4.6           37.143120495666      7
      8.8193948504194                       4.6           33.524899401307      7
     -8.9794588507348                       4.6            54.59610627211      7
      10.603515408738                       4.6            52.99536798499      7
     -10.592211912486                       4.6           35.143580868934      7
     -1.1474325311455                       4.6           35.176970405255      7
      -1.148739491211                       4.6           52.822424107069      7
     -5.4087341218106                       4.6           35.285566084365      7
     -5.3986803995177                       4.6           52.713176085601      7
      2.3057550073933                       4.6             54.9682219142      7
      2.3057562067766                       4.6           33.031784240723      7
     -11.021345818189                       4.6           50.821287262918      7
     -6.6499440309521                       4.6           47.359043539076      7
     -9.1334672614834                       4.6           45.199381570112      7
     -11.036205877906                       4.6            41.67137141147      7
     -8.5989340487979                       4.6           39.443031678865      7
     -11.054921490608                       4.6           37.228716173787      7
     -8.6072499767903                       4.6           35.113268262316      7
      6.8181818181818                       4.6           32.906137355015      7
      6.7574902614805                       4.6           55.037531627731      7
     -10.836248164616                       4.6           54.836248164616      7
     -8.6751553310912                       4.6           52.834508510459      7
      10.836248164616                       4.6           54.836248164616      7
      10.836248164616                       4.6           33.163751835384      7
      -10.89036029704                       4.6           33.124575801952      7
     -8.8466812137898                       4.6           49.111070775186      7
     -8.6179597761207                       4.6           43.710211787399      7
     -11.887624103777          0.96160318503694           29.670231778177      8
      11.887608755839          0.96162787328301           29.670217180764      8
                 9.75           1.1878406263617           29.547461539339      8
                -9.75           1.1878406263617           29.547461539339      8
     -5.4046750476427           1.1915325533494           29.545624846951      8
      5.4166666666667            1.187840626362            29.54746153934      8
     -1.0833333333333           1.1878406263621            29.54746153934      8
      2.3340834529574           2.0352766829165           29.228749787033      8
      7.6106412692352           1.2033507021788           29.539778369939      8
     -3.2226920640981            1.203350702179           29.539778369939      8
     -7.5560253974314           1.2033507021788           29.539778369939      8
     -11.229932241027           2.2235722264112           29.180219833476      8
      11.229883489337           2.2235821540062           29.180217451209      8
     0.69257832717972          0.97322711667468           29.663390502407      8
      13.108870605207           2.2794335517929           29.167099865759      8
     -13.108838642893           2.2794344439257           29.167099660742      8
    0.011319130392417           2.5263845594114           29.115678942562      8
      4.3651819672432            2.210539830191           29.183362793726      8
      3.7560119592434          0.91260844803753            29.69977947474      8
     -2.1423761863283            2.457339903561           29.129003712046      8
     -4.3197009941887            2.385526863708           29.143718775283      8
      6.4904284239972           2.3472585999609           29.151923780471      8
     -6.4763998220101           2.3709470615611           29.146814698544      8
      8.7758491469435           2.5120099943422           29.118387431635      8
     -8.8477486002726           2.5265427448266           29.115649327526      8
     -14.329768221823          0.96160318503729           55.887624103776      9
     -14.329612150479          0.96133925578142           32.111549825563      9
      -14.45253846066           1.1878406263618                     53.75      9
      -14.45253846066            1.187840626362                     34.25      9
     -14.454375153048           1.1915325533497           49.404675047639      9
      -14.45253846066           1.1878406263624           38.583333333333      9
      -14.45253846066           1.1878406263625           45.083333333333      9
     -14.771250212967           2.0352766829164           41.665916547042      9
      -14.46022163006           1.2033507021791           36.389358730765      9
      -14.46022163006           1.2033507021793           47.222692064098      9
      -14.46022163006            1.203350702179           51.556025397431      9
     -14.819780166525           2.2235722264119           55.229932241027      9
     -14.819794335432            2.223631273465           32.770278872547      9
     -14.336609497592          0.97322711667512            43.30742167282      9
     -14.832834136473            2.279146393721           30.891639511747      9
     -14.832900339258           2.2794344439257           57.108838642894      9
     -14.884321057438           2.5263845594113           43.988680869608      9
     -14.816637206274           2.2105398301909           39.634818032758      9
     -14.300220525259           0.9126084480378           40.243988040756      9
     -14.870996287954           2.4573399035615           46.142376186328      9
     -14.856281224717            2.385526863708           48.319700994189      9
     -14.848076219529            2.347258599961           37.509571576002      9
     -14.853185301456           2.3709470615618            50.47639982201      9
     -14.884350672474           2.5265427448268           52.847748600272      9
     -14.881613657911           2.5120157404206           35.224159777882      9
      14.329782819236          0.96162787328318           55.887608755838      10
      14.329639958264          0.96138627692846           32.111636109933      10
       14.45253846066           1.1878406263618                     53.75      10
       14.45253846066           1.1878406263619                     34.25      10
      14.452268861221           1.1872995371533           49.416675145517      10
       14.45253846066           1.1878406263624           38.583333333333      10
       14.45253846066           1.1878406263625           45.083333333333      10
      14.771250212967           2.0352766829164           41.665916547042      10
      14.452233290512           1.1872281621939            47.24838403158      10
      14.452903606129            1.188573816519            36.41384778011      10
       14.45280471389           1.1883752083227           51.587650226259      10
      14.819782548791           2.2235821540061           55.229883489336      10
      14.819795512175           2.2236361775066           32.770309669179      10
      14.336609497592          0.97322711667511            43.30742167282      10
      14.832839854394           2.2791712699965           30.891582708201      10
      14.832900134241           2.2794335517929           57.108870605207      10
      14.884321057438           2.5263845594113           43.988680869608      10
      14.817269430164           2.2131509638063             39.7111468283      10
      14.300220525259          0.91260844803781           40.243988040756      10
      14.866809237487           2.4364626856202            46.15596466678      10
        14.8611908096           2.4090121277884           48.333333333331      10
      14.859532576867           2.4010288316057           37.476976034457      10
       14.84815828608           2.3476355388433           50.487508238114      10
      14.885502750352           2.5327137039807           35.178970943029      10
      14.881494996233            2.511390109174            52.77325796214      10
     -11.888450174437          0.96133925578107           58.329612150479      11
      11.888363890068          0.96138627692807           58.329639958264      11
      9.7500000000001           1.1878406263615            58.45253846066      11
                -9.75           1.1878406263613           58.452538460661      11
      5.4046750476463           1.1915325533492           58.454375153049      11
     -5.4166666666667           1.1878406263615           58.452538460661      11
      1.0833333333334           1.1878406263617            58.45253846066      11
     -2.3340834529577           2.0352766829163           58.771250212967      11
      7.5560253974315           1.2033507021786           58.460221630061      11
     -7.6106412692352           1.2033507021783           58.460221630061      11
      3.2226920640982           1.2033507021787           58.460221630061      11
     -11.229721127452           2.2236312734647           58.819794335432      11
      11.229690330821           2.2236361775058           58.819795512174      11
     -0.6925783271796          0.97322711667419           58.336609497593      11
     -13.108360488253            2.279146393721           58.832834136473      11
      13.108417291799           2.2791712699964           58.832839854394      11
     -0.0113191303924           2.5263845594107           58.884321057438      11
     -4.3651819672427           2.2105398301907           58.816637206275      11
     -3.7560119592438          0.91260844803675            58.30022052526      11
      2.1423761863283            2.457339903561           58.870996287954      11
      4.3197009941896           2.3855268637078           58.856281224717      11
      -6.490428423998           2.3472585999606           58.848076219529      11
      6.4763998220101           2.3709470615615           58.853185301456      11
     -8.7758402221167           2.5120157404202           58.881613657911      11
      8.8477389126211           2.5265478610315           58.884351630247      11
     -8.1741526673597           2.2486254392542           48.352455815895      1
     0.33029611516133           2.4120327134677           43.964989762435      1
       9.882857363644           2.2868873756854            47.27171321626      1
     -3.4957870288792           2.5301762172431           43.922244863914      1
      7.5924744277228           2.3046277957995           42.382397785093      1
     -8.8251592142116           2.2124872575715           42.926593327413      1
      2.3671692325052           2.2429942740521           47.249933371614      1
     -1.0887124736623           2.2540098544923           34.119379507474      1
     -6.9385126668882           2.3123771341949            50.63597498914      1
     -1.1899752195166           2.4400983916645           47.158861057387      1
     -5.1384209636775           2.2307913381126           40.750000015237      1
      6.1182438300115           2.2374012467338           49.419454284164      1
     -5.1384209612823           2.2337256167234           47.250000006161      1
       3.795854627464           2.3155910006443           50.499982119116      1
     -10.073678692525           2.3011136937739            51.52587283027      1
      -8.374994148842           2.2841770681416           45.840844597745      1
      10.090904708223           2.2961190844135           49.811652441131      1
     -2.0396453833438           2.3399457684382           40.779551339517      1
      3.8776972846579           2.3490230117656            41.88941434893      1
     -6.3436700393705           2.1557191949523            42.91859723789      1
     -8.6385156219733           2.2792064368272           40.417155328674      1
     -5.2937609844445           2.2555790571637           53.748977369505      1
      9.9355654579811           2.3372718292321            38.29071477068      1
      1.1156126329796           2.1571304332035           49.416431319622      1
      5.9396363448068           2.3501529364607           45.136588502641      1
      1.5805891239726           2.3137994623779           40.954932338255      1
      3.2521712522482           2.2492294662741            34.12606038504      1
      3.5601390651472           2.2352275137471           39.383076368459      1
     -10.651335767859           2.1659074644555           37.536619337773      1
     -10.618366187176           2.1221397334451           48.347805012467      1
      1.0759757692917           2.1616846851603           35.365591243297      1
      9.8795595739279            2.243430374219           34.121258285461      1
     -10.153566456341           2.2904219684137           34.003805412355      1
     -11.030732251884           2.1978053142954            43.99898365587      1
     -1.1943811420726           2.2912748241598           38.373545509349      1
     -8.6465249937693           2.2560820508715           36.022037589275      1
      5.9546480315332           2.4604233310264           40.493470678279      1
      6.3327152768487           2.3092206288752           51.970754166714      1
       9.905415114901           2.2496925456072           53.849376660307      1
      6.5242355735667           2.1721955731322           33.487858751566      1
      6.5839737447612            2.194973181261           36.025924040828      1
      4.8267360792972           2.1443588627998           47.323767341127      1
     -4.5549606489964            2.224286277702           35.686273512412      1
     -1.2016764575043           2.2511516933595           53.877805797329      1
     -6.3660855091608           2.1609768500946           38.583517848658      1
     -2.6395431111287           2.1656965504703           49.410421145467      1
      7.3263979113208           2.4678808996791           47.279241977541      1
     -10.172584423257           2.2732897270883           54.063660376428      1
      9.6660184756789           2.3751600052535           44.773218193983      1
      2.9220039958703           2.1304077398949           44.122267583321      1
     -10.828831872057            2.212272646955           41.610043743148      1
      7.4267878587953           2.3528952073776           38.457933122515      1
      1.6826107891619           2.3909151202298           37.763731441559      1
       1.694351560795            2.338545234064           51.826597182188      1
      4.2449399416071           2.2936959365416            36.95856227436      1
      10.580803328179            2.271138420194           40.899001446369      1
      6.5541679346304           2.1213415620845            54.89198212633      1
      -7.648942345263           2.3570256860016            53.00366522171      1
      3.0413666727381           2.2705519524011           54.593926123301      1
     -3.4591518832058           2.3651337147164            33.49536160133      1
     -4.6270939043869           2.3273831202661            51.40653379023      1
     -6.7114009811117            2.219489840442            33.12074148465      1
     -6.1779286920233           2.0477642329386           45.208511671245      1
     -2.2248524682092           2.1088291210707           36.220989367036      1
     -3.5733854679151           2.3301918085007            38.95837998522      1
      8.7160730873215           2.1306433155827           51.769980817899      1
    -0.59767251799253           2.3098284854051           51.097733825948      1
      10.884202777294           2.1609932256352           36.195779329583      1
     -11.753291084491           1.9065481339357            46.15936318391      1
      11.785170170804           1.8874165024692           48.395853013281      1
    0.080372645785429           1.9202808941352           32.204522414564      1
      -1.385644412109           1.8244043542888           42.916667136847      1
     0.49074301272188           1.8170958046147           46.166668744852      1
     -3.2620326314945           1.8174030594615           46.166666695893      1
     -8.5490317784084           1.9716351829727           38.220983507909      1
      11.757220392629            1.833729001457           46.181441587259      1
     -11.783686505006           1.8060824495163           39.695508206673      1
 Edges
 204
 1 17 1
 17 18 1
 18 19 1
 19 20 1
 20 21 1
 21 22 1
 22 23 1
 23 24 1
 24 25 1
 25 26 1
 26 2 1
 3 27 2
 27 28 2
 28 29 2
 29 30 2
 30 31 2
 31 32 2
 32 33 2
 33 34 2
 34 35 2
 35 36 2
 36 1 2
 4 37 3
 37 38 3
 38 39 3
 39 40 3
 40 41 3
 41 42 3
 42 43 3
 43 44 3
 44 45 3
 45 46 3
 46 3 3
 2 47 4
 47 48 4
 48 49 4
 49 50 4
 50 51 4
 51 52 4
 52 53 4
 53 54 4
 54 55 4
 55 56 4
 56 4 4
 5 57 5
 57 58 5
 58 59 5
 59 60 5
 60 61 5
 61 62 5
 62 63 5
 63 64 5
 64 65 5
 65 66 5
 66 67 5
 67 68 5
 68 6 5
 6 69 6
 69 70 6
 70 71 6
 71 72 6
 72 73 6
 73 74 6
 74 75 6
 75 76 6
 76 77 6
 77 78 6
 78 79 6
 79 80 6
 80 7 6
 7 81 7
 81 82 7
 82 83 7
 83 84 7
 84 85 7
 85 86 7
 86 87 7
 87 88 7
 88 89 7
 89 90 7
 90 91 7
 91 92 7
 92 8 7
 8 93 8
 93 94 8
 94 95 8
 95 96 8
 96 97 8
 97 98 8
 98 99 8
 99 100 8
 100 101 8
 101 102 8
 102 103 8
 103 104 8
 104 5 8
 9 105 9
 105 106 9
 106 107 9
 107 108 9
 108 109 9
 109 110 9
 110 111 9
 111 112 9
 112 113 9
 113 114 9
 114 115 9
 115 10 9
 10 116 10
 116 117 10
 117 118 10
 118 119 10
 119 120 10
 120 121 10
 121 122 10
 122 123 10
 123 124 10
 124 125 10
 125 126 10
 126 11 10
 11 127 11
 127 128 11
 128 129 11
 129 130 11
 130 131 11
 131 132 11
 132 133 11
 133 134 11
 134 135 11
 135 136 11
 136 137 11
 137 12 11
 12 138 12
 138 139 12
 139 140 12
 140 141 12
 141 142 12
 142 143 12
 143 144 12
 144 145 12
 145 146 12
 146 147 12
 147 148 12
 148 9 12
 13 2 13
 14 149 14
 149 150 14
 150 151 14
 151 152 14
 152 153 14
 153 154 14
 154 155 14
 155 156 14
 156 157 14
 157 158 14
 158 13 14
 14 1 15
 15 4 16
 13 159 17
 159 160 17
 160 161 17
 161 162 17
 162 163 17
 163 164 17
 164 165 17
 165 166 17
 166 167 17
 167 168 17
 168 15 17
 16 3 18
 15 169 19
 169 170 19
 170 171 19
 171 172 19
 172 173 19
 173 174 19
 174 175 19
 175 176 19
 176 177 19
 177 178 19
 178 16 19
 16 179 20
 179 180 20
 180 181 20
 181 182 20
 182 183 20
 183 184 20
 184 185 20
 185 186 20
 186 187 20
 187 188 20
 188 14 20
 9 189 21
 189 190 21
 190 6 21
 7 191 22
 191 192 22
 192 12 22
 8 193 23
 193 194 23
 194 11 23
 10 195 24
 195 196 24
 196 5 24
 Triangles
 1236
 1 237 17 1
 36 243 1 1
 1 238 237 1
 1 243 238 1
 26 241 2 1
 2 235 47 1
 2 236 235 1
 2 241 236 1
 3 233 27 1
 46 244 3 1
 3 234 233 1
 3 244 234 1
 4 239 37 1
 56 242 4 1
 4 240 239 1
 4 242 240 1
 57 238 5 1
 5 238 104 1
 6 236 68 1
 69 236 6 1
 7 240 80 1
 81 240 7 1
 8 234 92 1
 93 234 8 1
 17 226 18 1
 17 237 226 1
 18 220 19 1
 18 226 220 1
 19 212 20 1
 19 220 212 1
 20 204 21 1
 20 212 204 1
 21 197 22 1
 21 204 197 1
 22 206 23 1
 197 206 22 1
 23 214 24 1
 206 214 23 1
 24 221 25 1
 214 221 24 1
 25 231 26 1
 221 231 25 1
 231 241 26 1
 27 225 28 1
 27 233 225 1
 28 217 29 1
 28 225 217 1
 29 211 30 1
 29 217 211 1
 30 201 31 1
 30 211 201 1
 31 198 32 1
 31 201 198 1
 32 205 33 1
 198 205 32 1
 33 213 34 1
 205 213 33 1
 34 224 35 1
 213 224 34 1
 35 230 36 1
 224 230 35 1
 230 243 36 1
 37 227 38 1
 37 239 227 1
 38 218 39 1
 38 227 218 1
 39 210 40 1
 39 218 210 1
 40 202 41 1
 40 210 202 1
 41 200 42 1
 41 202 200 1
 42 208 43 1
 200 208 42 1
 43 216 44 1
 208 216 43 1
 44 222 45 1
 216 222 44 1
 45 232 46 1
 222 232 45 1
 232 244 46 1
 47 228 48 1
 47 235 228 1
 48 219 49 1
 48 228 219 1
 49 209 50 1
 49 219 209 1
 50 203 51 1
 50 209 203 1
 51 199 52 1
 51 203 199 1
 52 207 53 1
 199 207 52 1
 53 215 54 1
 207 215 53 1
 54 223 55 1
 215 223 54 1
 55 229 56 1
 223 229 55 1
 229 242 56 1
 58 237 57 1
 237 238 57 1
 59 226 58 1
 226 237 58 1
 60 220 59 1
 220 226 59 1
 61 212 60 1
 212 220 60 1
 62 204 61 1
 204 212 61 1
 63 197 62 1
 197 204 62 1
 64 206 63 1
 63 206 197 1
 65 214 64 1
 64 214 206 1
 66 221 65 1
 65 221 214 1
 67 231 66 1
 66 231 221 1
 68 241 67 1
 67 241 231 1
 236 241 68 1
 70 235 69 1
 235 236 69 1
 71 228 70 1
 228 235 70 1
 72 219 71 1
 219 228 71 1
 73 209 72 1
 209 219 72 1
 74 203 73 1
 203 209 73 1
 75 199 74 1
 199 203 74 1
 76 207 75 1
 75 207 199 1
 77 215 76 1
 76 215 207 1
 78 223 77 1
 77 223 215 1
 79 229 78 1
 78 229 223 1
 80 242 79 1
 79 242 229 1
 240 242 80 1
 82 239 81 1
 239 240 81 1
 83 227 82 1
 227 239 82 1
 84 218 83 1
 218 227 83 1
 85 210 84 1
 210 218 84 1
 86 202 85 1
 202 210 85 1
 87 200 86 1
 200 202 86 1
 88 208 87 1
 87 208 200 1
 89 216 88 1
 88 216 208 1
 90 222 89 1
 89 222 216 1
 91 232 90 1
 90 232 222 1
 92 244 91 1
 91 244 232 1
 234 244 92 1
 94 233 93 1
 233 234 93 1
 95 225 94 1
 225 233 94 1
 96 217 95 1
 217 225 95 1
 97 211 96 1
 211 217 96 1
 98 201 97 1
 201 211 97 1
 99 198 98 1
 198 201 98 1
 100 205 99 1
 99 205 198 1
 101 213 100 1
 100 213 205 1
 102 224 101 1
 101 224 213 1
 103 230 102 1
 102 230 224 1
 104 243 103 1
 103 243 230 1
 238 243 104 1
 9 105 390 2
 148 9 390 2
 115 10 389 2
 10 116 389 2
 126 11 391 2
 11 127 391 2
 137 12 392 2
 12 138 392 2
 105 106 363 2
 105 363 390 2
 106 107 387 2
 363 106 387 2
 107 108 249 2
 107 249 387 2
 108 109 384 2
 249 108 384 2
 109 110 340 2
 109 340 384 2
 110 111 245 2
 110 245 340 2
 111 112 354 2
 245 111 354 2
 112 113 253 2
 112 253 354 2
 113 114 261 2
 253 113 261 2
 114 115 364 2
 261 114 364 2
 364 115 389 2
 116 117 257 2
 116 257 389 2
 117 118 388 2
 257 117 388 2
 118 119 256 2
 118 256 388 2
 119 120 381 2
 256 119 381 2
 120 121 248 2
 120 248 381 2
 121 122 355 2
 248 121 355 2
 122 123 356 2
 355 122 356 2
 123 124 250 2
 123 250 356 2
 124 125 382 2
 250 124 382 2
 125 126 258 2
 125 258 382 2
 258 126 391 2
 127 128 375 2
 127 375 391 2
 128 129 372 2
 128 372 375 2
 129 130 255 2
 129 255 372 2
 130 131 343 2
 255 130 343 2
 131 132 246 2
 131 246 343 2
 132 133 366 2
 246 132 366 2
 133 134 371 2
 366 133 371 2
 134 135 251 2
 134 251 371 2
 135 136 365 2
 251 135 365 2
 136 137 376 2
 365 136 376 2
 376 137 392 2
 138 139 259 2
 138 259 392 2
 139 140 383 2
 259 139 383 2
 140 141 254 2
 140 254 383 2
 141 142 345 2
 254 141 345 2
 142 143 247 2
 142 247 345 2
 143 144 344 2
 247 143 344 2
 144 145 323 2
 144 323 344 2
 145 146 252 2
 145 252 323 2
 146 147 342 2
 252 146 342 2
 147 148 260 2
 147 260 342 2
 260 148 390 2
 340 245 377 2
 245 354 358 2
 245 358 377 2
 343 246 370 2
 246 366 374 2
 370 246 374 2
 247 344 353 2
 345 247 346 2
 346 247 353 2
 248 314 316 2
 314 248 378 2
 248 316 381 2
 248 355 378 2
 334 249 335 2
 249 334 337 2
 335 249 384 2
 249 337 387 2
 308 250 310 2
 250 308 379 2
 310 250 382 2
 356 250 379 2
 251 365 373 2
 251 367 371 2
 367 251 373 2
 323 252 324 2
 324 252 325 2
 325 252 342 2
 253 261 262 2
 253 262 263 2
 253 263 354 2
 254 293 295 2
 293 254 380 2
 254 295 383 2
 254 345 380 2
 255 343 369 2
 368 255 369 2
 255 368 372 2
 256 316 317 2
 316 256 381 2
 256 317 318 2
 256 318 388 2
 257 318 319 2
 318 257 388 2
 257 319 364 2
 257 364 389 2
 310 258 311 2
 258 310 382 2
 311 258 375 2
 375 258 391 2
 259 295 296 2
 295 259 383 2
 259 296 376 2
 259 376 392 2
 342 260 362 2
 362 260 363 2
 363 260 390 2
 262 261 319 2
 319 261 364 2
 263 262 264 2
 264 262 291 2
 291 262 319 2
 263 264 265 2
 263 265 358 2
 354 263 358 2
 265 264 266 2
 266 264 321 2
 264 291 321 2
 265 266 267 2
 265 267 347 2
 265 347 358 2
 267 266 268 2
 268 266 285 2
 285 266 321 2
 267 268 269 2
 267 269 278 2
 267 278 347 2
 269 268 270 2
 270 268 320 2
 268 285 320 2
 269 270 271 2
 269 271 351 2
 278 269 351 2
 271 270 272 2
 272 270 275 2
 275 270 320 2
 271 272 273 2
 271 273 274 2
 271 274 351 2
 273 272 276 2
 272 275 297 2
 276 272 297 2
 274 273 349 2
 273 276 277 2
 273 277 349 2
 274 349 386 2
 351 274 360 2
 360 274 386 2
 297 275 352 2
 312 275 320 2
 275 312 352 2
 277 276 279 2
 279 276 280 2
 280 276 297 2
 277 279 281 2
 277 281 282 2
 277 282 349 2
 347 278 393 2
 278 351 394 2
 278 361 393 2
 361 278 394 2
 279 280 348 2
 281 279 283 2
 283 279 348 2
 280 297 298 2
 280 298 299 2
 280 299 348 2
 282 281 357 2
 281 283 284 2
 281 284 357 2
 282 338 349 2
 338 282 385 2
 282 357 385 2
 284 283 286 2
 286 283 287 2
 287 283 348 2
 284 286 288 2
 284 288 289 2
 284 289 357 2
 313 285 315 2
 285 313 320 2
 315 285 321 2
 286 287 292 2
 288 286 367 2
 286 292 367 2
 292 287 374 2
 322 287 348 2
 287 322 374 2
 289 288 290 2
 290 288 373 2
 288 367 373 2
 289 290 293 2
 289 293 294 2
 289 294 357 2
 293 290 295 2
 295 290 296 2
 296 290 373 2
 317 291 318 2
 291 317 321 2
 318 291 319 2
 292 366 371 2
 366 292 374 2
 367 292 371 2
 294 293 380 2
 339 294 346 2
 294 339 385 2
 346 294 380 2
 357 294 385 2
 365 296 373 2
 296 365 376 2
 298 297 352 2
 299 298 300 2
 300 298 301 2
 301 298 352 2
 299 300 305 2
 299 305 322 2
 299 322 348 2
 300 301 302 2
 300 302 359 2
 305 300 359 2
 302 301 303 2
 303 301 304 2
 304 301 352 2
 302 303 308 2
 302 308 309 2
 302 309 359 2
 303 304 306 2
 303 306 379 2
 308 303 379 2
 306 304 307 2
 307 304 312 2
 312 304 352 2
 322 305 370 2
 305 359 369 2
 305 369 370 2
 306 307 378 2
 306 355 356 2
 355 306 378 2
 306 356 379 2
 307 312 313 2
 307 313 314 2
 307 314 378 2
 309 308 310 2
 309 310 311 2
 309 311 368 2
 359 309 368 2
 368 311 372 2
 372 311 375 2
 313 312 320 2
 314 313 315 2
 314 315 316 2
 316 315 317 2
 317 315 321 2
 322 370 374 2
 323 324 350 2
 344 323 350 2
 324 325 326 2
 324 326 327 2
 324 327 350 2
 326 325 341 2
 341 325 362 2
 325 342 362 2
 327 326 328 2
 328 326 329 2
 329 326 341 2
 327 328 330 2
 327 330 331 2
 327 331 350 2
 328 329 332 2
 330 328 360 2
 328 332 360 2
 332 329 333 2
 333 329 334 2
 334 329 341 2
 331 330 338 2
 338 330 386 2
 330 360 386 2
 331 338 339 2
 331 339 353 2
 350 331 353 2
 332 333 361 2
 360 332 394 2
 332 361 394 2
 333 334 335 2
 333 335 336 2
 333 336 361 2
 337 334 341 2
 336 335 340 2
 340 335 384 2
 336 340 377 2
 361 336 393 2
 336 377 393 2
 337 341 362 2
 337 362 363 2
 337 363 387 2
 339 338 385 2
 349 338 386 2
 339 346 353 2
 369 343 370 2
 344 350 353 2
 345 346 380 2
 358 347 377 2
 377 347 393 2
 351 360 394 2
 359 368 369 2
 1 17 14 3
 26 2 13 3
 26 13 158 3
 14 17 149 3
 17 18 149 3
 18 19 150 3
 149 18 150 3
 19 20 151 3
 150 19 151 3
 20 21 152 3
 151 20 152 3
 21 22 153 3
 152 21 153 3
 22 23 154 3
 153 22 154 3
 23 24 156 3
 154 23 155 3
 23 156 155 3
 24 25 157 3
 24 157 156 3
 25 26 157 3
 157 26 158 3
 13 2 159 4
 159 2 47 4
 56 4 15 4
 56 15 168 4
 160 47 48 4
 160 159 47 4
 161 48 49 4
 161 160 48 4
 162 49 50 4
 162 161 49 4
 163 50 51 4
 163 162 50 4
 164 51 52 4
 164 163 51 4
 53 164 52 4
 53 54 165 4
 164 53 165 4
 54 55 166 4
 165 54 166 4
 55 56 167 4
 166 55 167 4
 167 56 168 4
 16 46 3 5
 37 15 4 5
 15 37 169 5
 46 16 178 5
 37 38 169 5
 38 39 171 5
 169 38 170 5
 38 171 170 5
 39 40 171 5
 40 41 173 5
 171 40 172 5
 40 173 172 5
 41 42 173 5
 42 43 174 5
 173 42 174 5
 43 44 175 5
 174 43 175 5
 44 45 176 5
 175 44 176 5
 45 46 177 5
 176 45 177 5
 177 46 178 5
 36 1 14 6
 3 27 16 6
 36 14 188 6
 16 27 179 6
 27 28 179 6
 28 29 180 6
 179 28 180 6
 29 30 181 6
 180 29 181 6
 30 31 183 6
 181 30 182 6
 30 183 182 6
 31 32 183 6
 32 33 185 6
 183 32 184 6
 32 185 184 6
 185 33 34 6
 34 35 186 6
 185 34 186 6
 35 36 187 6
 186 35 187 6
 187 36 188 6
 13 517 158 7
 159 517 13 7
 149 516 14 7
 14 516 188 7
 15 518 168 7
 169 518 15 7
 16 514 178 7
 179 514 16 7
 150 497 149 7
 497 516 149 7
 151 484 150 7
 484 497 150 7
 152 399 151 7
 399 484 151 7
 153 411 152 7
 152 411 399 7
 154 395 153 7
 395 411 153 7
 155 477 154 7
 154 477 395 7
 156 402 155 7
 402 477 155 7
 157 494 156 7
 156 494 402 7
 158 408 157 7
 408 494 157 7
 158 517 408 7
 160 495 159 7
 495 517 159 7
 161 512 160 7
 160 512 495 7
 162 405 161 7
 405 512 161 7
 163 504 162 7
 162 504 405 7
 164 397 163 7
 397 504 163 7
 165 479 164 7
 164 479 397 7
 166 403 165 7
 403 479 165 7
 167 476 166 7
 166 476 403 7
 168 407 167 7
 407 476 167 7
 168 518 407 7
 170 498 169 7
 498 518 169 7
 171 510 170 7
 170 510 498 7
 172 404 171 7
 404 510 171 7
 173 508 172 7
 172 508 404 7
 174 396 173 7
 396 508 173 7
 175 473 174 7
 174 473 396 7
 176 400 175 7
 400 473 175 7
 177 505 176 7
 176 505 400 7
 178 410 177 7
 410 505 177 7
 178 514 410 7
 180 496 179 7
 496 514 179 7
 181 480 180 7
 480 496 180 7
 182 401 181 7
 401 480 181 7
 183 478 182 7
 182 478 401 7
 184 398 183 7
 398 478 183 7
 185 503 184 7
 184 503 398 7
 186 406 185 7
 406 503 185 7
 187 513 186 7
 186 513 406 7
 188 409 187 7
 409 513 187 7
 188 516 409 7
 395 412 411 7
 395 413 412 7
 395 477 413 7
 449 508 396 7
 396 520 449 7
 473 507 396 7
 507 520 396 7
 453 455 397 7
 397 499 453 7
 455 504 397 7
 479 499 397 7
 471 491 398 7
 398 503 471 7
 398 500 478 7
 491 500 398 7
 411 463 399 7
 463 464 399 7
 464 484 399 7
 400 505 448 7
 448 519 400 7
 400 474 473 7
 400 519 474 7
 401 478 444 7
 444 502 401 7
 401 502 480 7
 461 492 402 7
 402 494 461 7
 402 492 477 7
 446 479 403 7
 403 501 446 7
 476 501 403 7
 404 508 449 7
 449 509 404 7
 404 509 450 7
 450 510 404 7
 455 456 405 7
 405 504 455 7
 456 457 405 7
 457 512 405 7
 469 471 406 7
 406 472 469 7
 471 503 406 7
 406 513 472 7
 407 511 476 7
 498 511 407 7
 407 518 498 7
 493 494 408 7
 408 495 493 7
 408 517 495 7
 468 472 409 7
 409 497 468 7
 472 513 409 7
 409 516 497 7
 448 505 410 7
 410 515 448 7
 410 514 496 7
 496 515 410 7
 412 463 411 7
 413 414 412 7
 414 485 412 7
 412 485 463 7
 413 415 414 7
 413 492 415 7
 477 492 413 7
 415 416 414 7
 416 417 414 7
 417 485 414 7
 415 462 416 7
 460 462 415 7
 415 492 460 7
 416 418 417 7
 416 419 418 7
 416 462 419 7
 418 481 417 7
 481 488 417 7
 417 488 485 7
 419 420 418 7
 420 421 418 7
 421 481 418 7
 419 475 420 7
 462 487 419 7
 419 487 475 7
 420 422 421 7
 420 423 422 7
 420 475 423 7
 422 424 421 7
 424 425 421 7
 425 481 421 7
 423 482 422 7
 422 426 424 7
 422 482 426 7
 423 475 451 7
 451 483 423 7
 423 483 482 7
 424 486 425 7
 426 427 424 7
 427 486 424 7
 425 489 481 7
 486 490 425 7
 425 490 489 7
 426 428 427 7
 426 429 428 7
 426 482 429 7
 428 430 427 7
 430 431 427 7
 431 486 427 7
 429 435 428 7
 428 506 430 7
 435 506 428 7
 429 436 435 7
 429 437 436 7
 429 482 437 7
 430 432 431 7
 430 433 432 7
 430 506 433 7
 432 444 431 7
 444 445 431 7
 445 486 431 7
 433 434 432 7
 434 502 432 7
 432 502 444 7
 433 448 434 7
 433 519 448 7
 433 506 474 7
 474 519 433 7
 448 515 434 7
 480 502 434 7
 434 515 480 7
 436 520 435 7
 474 506 435 7
 435 507 474 7
 435 520 507 7
 437 438 436 7
 438 449 436 7
 449 520 436 7
 437 439 438 7
 437 483 439 7
 482 483 437 7
 439 440 438 7
 440 509 438 7
 438 509 449 7
 439 441 440 7
 439 442 441 7
 439 483 442 7
 441 443 440 7
 443 450 440 7
 450 509 440 7
 442 446 441 7
 441 501 443 7
 446 501 441 7
 442 447 446 7
 442 451 447 7
 442 483 451 7
 443 511 450 7
 443 501 476 7
 476 511 443 7
 444 500 445 7
 478 500 444 7
 445 490 486 7
 445 491 490 7
 445 500 491 7
 447 499 446 7
 446 499 479 7
 451 452 447 7
 452 453 447 7
 453 499 447 7
 498 510 450 7
 450 511 498 7
 451 475 452 7
 452 454 453 7
 452 487 454 7
 475 487 452 7
 454 455 453 7
 454 456 455 7
 454 459 456 7
 454 487 459 7
 456 458 457 7
 456 459 458 7
 458 493 457 7
 493 495 457 7
 495 512 457 7
 459 460 458 7
 460 461 458 7
 461 493 458 7
 459 462 460 7
 459 487 462 7
 460 492 461 7
 461 494 493 7
 463 465 464 7
 463 485 465 7
 465 466 464 7
 466 468 464 7
 468 484 464 7
 465 467 466 7
 465 488 467 7
 485 488 465 7
 467 469 466 7
 466 472 468 7
 469 472 466 7
 467 470 469 7
 467 489 470 7
 488 489 467 7
 468 497 484 7
 470 471 469 7
 470 491 471 7
 489 490 470 7
 490 491 470 7
 474 507 473 7
 480 515 496 7
 481 489 488 7
 6 535 69 8
 190 535 6 8
 80 536 7 8
 7 536 191 8
 148 522 9 8
 9 522 189 8
 12 521 138 8
 192 521 12 8
 69 533 70 8
 69 535 533 8
 70 544 71 8
 533 544 70 8
 71 542 72 8
 71 544 542 8
 72 538 73 8
 72 542 538 8
 73 528 74 8
 73 538 528 8
 74 537 75 8
 528 537 74 8
 75 540 76 8
 537 540 75 8
 76 541 77 8
 540 541 76 8
 77 543 78 8
 541 543 77 8
 78 545 79 8
 543 545 78 8
 79 532 80 8
 79 545 532 8
 532 536 80 8
 138 524 139 8
 521 524 138 8
 139 531 140 8
 524 531 139 8
 140 525 141 8
 140 531 525 8
 141 530 142 8
 525 530 141 8
 142 527 143 8
 142 530 527 8
 143 534 144 8
 527 534 143 8
 144 539 145 8
 144 534 528 8
 528 539 144 8
 145 526 146 8
 145 539 526 8
 146 529 147 8
 526 529 146 8
 147 523 148 8
 147 529 523 8
 148 523 522 8
 189 535 190 8
 522 535 189 8
 191 536 192 8
 192 536 521 8
 521 532 524 8
 521 536 532 8
 523 533 522 8
 533 535 522 8
 529 544 523 8
 523 544 533 8
 524 545 531 8
 532 545 524 8
 525 541 530 8
 531 543 525 8
 525 543 541 8
 526 542 529 8
 526 539 538 8
 538 542 526 8
 530 540 527 8
 527 537 534 8
 527 540 537 8
 534 537 528 8
 538 539 528 8
 542 544 529 8
 530 541 540 8
 531 545 543 8
 7 560 81 9
 191 560 7 9
 92 561 8 9
 8 561 193 9
 11 546 127 9
 194 546 11 9
 137 547 12 9
 12 547 192 9
 81 558 82 9
 81 560 558 9
 82 570 83 9
 558 570 82 9
 83 567 84 9
 83 570 567 9
 84 563 85 9
 84 567 563 9
 85 553 86 9
 85 563 553 9
 86 562 87 9
 553 562 86 9
 87 565 88 9
 562 565 87 9
 88 566 89 9
 565 566 88 9
 89 568 90 9
 566 568 89 9
 90 569 91 9
 568 569 90 9
 91 557 92 9
 91 569 557 9
 557 561 92 9
 127 548 128 9
 546 548 127 9
 128 556 129 9
 548 556 128 9
 129 550 130 9
 129 556 550 9
 130 555 131 9
 550 555 130 9
 131 552 132 9
 131 555 552 9
 132 559 133 9
 552 559 132 9
 133 564 134 9
 133 559 553 9
 553 564 133 9
 134 551 135 9
 134 564 551 9
 135 554 136 9
 551 554 135 9
 136 549 137 9
 136 554 549 9
 137 549 547 9
 192 560 191 9
 547 560 192 9
 193 561 194 9
 194 561 546 9
 546 557 548 9
 546 561 557 9
 549 558 547 9
 558 560 547 9
 548 569 556 9
 557 569 548 9
 554 570 549 9
 549 570 558 9
 550 566 555 9
 556 568 550 9
 550 568 566 9
 551 567 554 9
 551 564 563 9
 563 567 551 9
 555 565 552 9
 552 562 559 9
 552 565 562 9
 559 562 553 9
 563 564 553 9
 567 570 554 9
 555 566 565 9
 556 569 568 9
 5 586 57 10
 196 586 5 10
 68 585 6 10
 6 585 190 10
 9 572 105 10
 189 572 9 10
 115 571 10 10
 10 571 195 10
 57 582 58 10
 57 586 582 10
 58 595 59 10
 582 595 58 10
 59 593 60 10
 59 595 593 10
 60 591 61 10
 60 593 591 10
 61 590 62 10
 61 591 590 10
 62 587 63 10
 62 590 587 10
 63 578 64 10
 63 587 578 10
 64 588 65 10
 578 588 64 10
 65 592 66 10
 588 592 65 10
 66 594 67 10
 592 594 66 10
 67 583 68 10
 67 594 583 10
 583 585 68 10
 105 574 106 10
 572 574 105 10
 106 580 107 10
 574 580 106 10
 107 576 108 10
 107 580 576 10
 108 589 109 10
 576 589 108 10
 109 584 110 10
 578 584 109 10
 109 589 578 10
 110 577 111 10
 110 584 577 10
 111 579 112 10
 577 579 111 10
 112 575 113 10
 112 579 575 10
 113 581 114 10
 575 581 113 10
 114 573 115 10
 114 581 573 10
 115 573 571 10
 190 585 189 10
 189 585 572 10
 195 586 196 10
 571 586 195 10
 573 582 571 10
 582 586 571 10
 572 583 574 10
 572 585 583 10
 581 595 573 10
 573 595 582 10
 574 594 580 10
 583 594 574 10
 579 591 575 10
 575 593 581 10
 591 593 575 10
 580 592 576 10
 588 589 576 10
 576 592 588 10
 577 590 579 10
 584 587 577 10
 587 590 577 10
 578 587 584 10
 578 589 588 10
 590 591 579 10
 580 594 592 10
 593 595 581 10
 104 611 5 11
 5 611 196 11
 8 610 93 11
 193 610 8 11
 10 597 116 11
 195 597 10 11
 126 596 11 11
 11 596 194 11
 93 607 94 11
 93 610 607 11
 94 619 95 11
 607 619 94 11
 95 617 96 11
 95 619 617 11
 96 613 97 11
 96 617 613 11
 97 603 98 11
 97 613 603 11
 98 612 99 11
 603 612 98 11
 99 615 100 11
 612 615 99 11
 100 616 101 11
 615 616 100 11
 101 618 102 11
 616 618 101 11
 102 620 103 11
 618 620 102 11
 103 608 104 11
 103 620 608 11
 608 611 104 11
 116 598 117 11
 597 598 116 11
 117 604 118 11
 598 604 117 11
 118 600 119 11
 118 604 600 11
 119 606 120 11
 600 606 119 11
 120 602 121 11
 120 606 602 11
 121 609 122 11
 602 609 121 11
 122 614 123 11
 122 609 603 11
 603 614 122 11
 123 601 124 11
 123 614 601 11
 124 605 125 11
 601 605 124 11
 125 599 126 11
 125 605 599 11
 126 599 596 11
 194 610 193 11
 596 610 194 11
 196 611 195 11
 195 611 597 11
 599 607 596 11
 607 610 596 11
 597 608 598 11
 597 611 608 11
 598 620 604 11
 608 620 598 11
 605 619 599 11
 599 619 607 11
 604 618 600 11
 600 616 606 11
 600 618 616 11
 601 617 605 11
 601 614 613 11
 613 617 601 11
 606 615 602 11
 602 612 609 11
 602 615 612 11
 609 612 603 11
 613 614 603 11
 604 620 618 11
 617 619 605 11
 606 616 615 11
 Tetrahedra
 2254
 28 642 382 678 1
 272 276 297 693 1
 315 658 634 679 1
 29 382 28 642 1
 252 145 323 647 1
 272 692 276 693 1
 48 260 342 147 1
 276 297 693 694 1
 422 624 622 630 1
 113 261 18 637 1
 252 50 145 647 1
 276 693 692 694 1
 50 49 252 145 1
 260 48 342 652 1
 18 637 261 686 1
 18 364 261 114 1
 48 47 260 147 1
 333 672 625 676 1
 424 624 422 630 1
 424 422 622 630 1
 50 323 145 647 1
 49 647 252 660 1
 382 29 250 642 1
 382 125 28 258 1
 128 375 372 635 1
 30 356 642 664 1
 48 260 47 652 1
 130 129 255 550 1
 300 301 633 681 1
 382 668 28 678 1
 375 635 128 668 1
 379 642 664 681 1
 50 252 49 647 1
 18 261 659 686 1
 364 115 114 573 1
 297 630 693 694 1
 300 302 301 681 1
 290 663 656 665 1
 378 674 664 679 1
 32 121 31 664 1
 29 382 250 124 1
 364 18 17 114 1
 113 18 19 637 1
 272 622 692 693 1
 300 629 302 681 1
 300 633 629 681 1
 276 692 624 694 1
 261 364 18 659 1
 255 44 129 635 1
 47 260 147 148 1
 341 661 643 688 1
 147 523 47 148 1
 341 652 661 688 1
 29 28 382 124 1
 136 135 365 554 1
 30 123 29 642 1
 37 136 376 653 1
 261 113 18 114 1
 22 669 110 696 1
 128 46 375 668 1
 391 3 46 127 1
 392 37 4 137 1
 115 1 17 389 1
 114 113 18 581 1
 27 28 125 258 1
 35 388 257 117 1
 492 625 672 676 1
 121 32 248 664 1
 382 258 28 668 1
 372 129 45 635 1
 30 356 123 642 1
 362 652 341 688 1
 1 389 36 659 1
 249 108 24 676 1
 1 17 389 659 1
 547 392 4 137 1
 391 546 3 127 1
 139 55 56 259 1
 37 376 136 549 1
 389 115 1 571 1
 634 658 469 679 1
 114 17 364 573 1
 255 129 372 635 1
 416 639 625 645 1
 656 663 443 665 1
 2 47 390 652 1
 2 390 26 652 1
 599 27 125 126 1
 115 364 17 573 1
 118 119 600 677 1
 493 643 661 688 1
 52 680 142 691 1
 128 46 548 375 1
 342 146 48 147 1
 529 48 146 147 1
 248 664 32 679 1
 443 663 656 682 1
 36 35 257 117 1
 44 255 129 550 1
 624 630 424 694 1
 45 128 635 668 1
 365 38 136 554 1
 378 664 248 679 1
 342 652 48 660 1
 424 630 622 693 1
 392 4 56 138 1
 126 3 27 391 1
 632 637 264 667 1
 129 372 45 556 1
 127 548 46 375 1
 128 372 129 556 1
 365 135 38 554 1
 278 361 394 625 1
 255 44 130 550 1
 344 647 323 691 1
 146 49 526 145 1
 146 252 49 145 1
 376 37 137 549 1
 139 138 56 524 1
 341 652 362 661 1
 45 129 44 635 1
 278 625 639 645 1
 355 31 121 664 1
 35 257 388 677 1
 107 576 24 108 1
 126 596 3 391 1
 138 392 4 521 1
 119 33 34 679 1
 315 634 674 679 1
 493 661 652 688 1
 148 2 47 390 1
 38 135 365 649 1
 372 128 45 556 1
 364 17 18 659 1
 278 625 394 639 1
 128 45 46 668 1
 105 574 26 106 1
 622 624 422 692 1
 45 128 372 635 1
 379 664 306 681 1
 548 127 128 375 1
 22 21 669 696 1
 121 248 355 664 1
 113 637 19 690 1
 629 633 430 681 1
 47 260 148 390 1
 336 625 669 676 1
 29 123 250 642 1
 148 522 2 390 1
 596 11 3 391 1
 4 12 392 547 1
 38 136 37 653 1
 12 4 392 521 1
 3 11 546 391 1
 547 4 37 137 1
 546 46 3 127 1
 115 17 1 571 1
 389 10 1 597 1
 389 1 10 571 1
 50 647 51 691 1
 249 24 643 676 1
 31 122 30 664 1
 106 26 363 688 1
 24 249 107 108 1
 263 264 637 667 1
 323 647 144 691 1
 573 114 17 226 1
 574 231 26 106 1
 549 136 37 227 1
 47 228 523 147 1
 27 225 599 125 1
 1 36 389 116 1
 247 142 680 691 1
 146 342 48 660 1
 28 258 27 668 1
 365 38 649 653 1
 117 116 36 598 1
 17 364 115 389 1
 53 142 52 680 1
 106 25 26 688 1
 580 107 221 688 1
 621 635 519 650 1
 30 642 478 664 1
 279 631 624 638 1
 116 389 1 597 1
 126 27 125 258 1
 255 130 44 650 1
 137 136 376 549 1
 3 27 391 668 1
 548 232 46 128 1
 56 139 524 229 1
 598 36 117 230 1
 110 22 340 669 1
 3 391 46 668 1
 24 108 23 676 1
 47 260 390 652 1
 600 119 34 677 1
 664 306 681 687 1
 259 55 56 653 1
 382 28 605 124 1
 25 26 231 106 1
 139 56 138 259 1
 596 3 27 126 1
 4 392 56 653 1
 138 4 56 521 1
 333 335 672 676 1
 464 637 632 667 1
 290 293 656 663 1
 144 647 50 691 1
 443 501 663 682 1
 106 26 105 363 1
 257 35 36 659 1
 301 666 633 681 1
 37 392 4 653 1
 581 113 18 220 1
 379 642 356 664 1
 413 669 625 676 1
 107 249 24 688 1
 293 656 663 682 1
 341 643 337 688 1
 144 323 50 647 1
 129 45 222 556 1
 110 669 245 696 1
 135 218 39 649 1
 26 2 105 390 1
 522 2 47 148 1
 337 362 341 688 1
 35 659 257 677 1
 44 635 255 650 1
 572 2 9 390 1
 482 624 631 638 1
 522 9 2 390 1
 30 122 356 664 1
 49 252 146 660 1
 393 625 347 669 1
 340 669 22 676 1
 116 36 257 117 1
 363 26 390 652 1
 554 135 38 218 1
 444 664 642 681 1
 317 677 658 679 1
 142 53 52 207 1
 643 661 341 672 1
 125 28 605 382 1
 529 48 219 146 1
 572 105 2 390 1
 264 637 632 686 1
 55 653 259 682 1
 32 664 398 679 1
 290 289 663 665 1
 394 625 361 657 1
 1 36 116 597 1
 135 38 218 649 1
 119 34 33 213 1
 233 3 27 596 1
 547 37 4 239 1
 1 36 597 243 1
 521 4 56 242 1
 244 46 3 546 1
 571 17 1 237 1
 526 49 209 145 1
 664 674 398 679 1
 633 666 430 681 1
 469 674 634 679 1
 347 625 393 645 1
 130 44 216 550 1
 444 664 681 687 1
 114 18 17 226 1
 38 37 136 227 1
 228 47 48 147 1
 225 27 28 125 1
 142 52 527 207 1
 329 328 657 672 1
 28 217 605 124 1
 124 123 29 601 1
 493 661 643 672 1
 395 22 669 676 1
 250 123 356 642 1
 17 364 389 659 1
 602 121 32 120 1
 221 107 24 688 1
 119 600 34 213 1
 576 214 24 108 1
 383 531 139 682 1
 232 45 46 128 1
 139 56 55 229 1
 36 35 117 230 1
 363 26 105 390 1
 53 530 142 680 1
 119 118 256 677 1
 388 35 604 117 1
 540 142 527 207 1
 113 19 18 220 1
 222 44 45 129 1
 22 110 21 696 1
 389 36 257 116 1
 638 646 423 692 1
 119 33 606 616 1
 53 142 530 207 1
 389 257 36 659 1
 416 625 414 645 1
 658 677 406 679 1
 281 631 279 638 1
 344 323 144 691 1
 589 108 384 676 1
 130 216 566 550 1
 141 142 530 680 1
 49 50 209 145 1
 394 639 625 657 1
 46 127 375 668 1
 580 221 25 688 1
 146 48 49 660 1
 249 643 24 688 1
 328 672 329 675 1
 48 49 219 146 1
 333 657 625 672 1
 29 250 123 124 1
 615 120 602 205 1
 420 423 646 692 1
 144 50 51 691 1
 433 629 621 633 1
 475 646 638 655 1
 18 484 637 686 1
 300 621 629 633 1
 616 600 119 213 1
 46 391 127 668 1
 220 581 113 593 1
 105 2 26 572 1
 216 44 130 650 1
 632 637 464 686 1
 540 530 142 207 1
 616 119 33 213 1
 303 681 306 687 1
 303 304 681 687 1
 643 672 335 676 1
 141 525 140 682 1
 412 645 625 669 1
 376 137 37 653 1
 437 631 624 640 1
 384 108 249 676 1
 241 26 2 572 1
 481 662 627 670 1
 2 47 235 522 1
 349 638 646 655 1
 519 621 448 635 1
 141 680 54 682 1
 37 137 392 653 1
 217 28 29 124 1
 214 23 24 108 1
 414 625 412 645 1
 388 118 604 677 1
 26 652 363 688 1
 216 130 43 650 1
 606 120 615 205 1
 52 142 527 691 1
 592 221 580 107 1
 253 261 113 637 1
 218 554 135 567 1
 56 392 138 653 1
 481 417 662 670 1
 27 126 391 668 1
 219 542 529 146 1
 457 660 652 661 1
 120 606 381 679 1
 388 604 35 677 1
 247 680 628 691 1
 492 625 657 672 1
 120 121 32 248 1
 144 145 50 323 1
 130 566 43 555 1
 1 36 17 659 1
 135 39 218 567 1
 625 645 347 669 1
 120 32 602 205 1
 120 248 32 679 1
 28 480 642 678 1
 482 624 437 631 1
 303 306 304 687 1
 475 452 646 655 1
 376 392 137 653 1
 2 26 47 652 1
 141 54 525 682 1
 217 617 605 124 1
 129 222 568 556 1
 336 669 340 676 1
 253 637 113 690 1
 110 340 245 669 1
 216 566 43 130 1
 18 497 484 686 1
 355 122 31 664 1
 54 141 525 215 1
 469 658 406 679 1
 39 135 551 567 1
 395 477 22 676 1
 646 655 452 673 1
 141 53 54 680 1
 263 637 623 667 1
 123 211 29 601 1
 18 659 497 686 1
 27 258 126 668 1
 333 625 335 676 1
 141 254 680 682 1
 30 401 478 642 1
 492 672 643 676 1
 420 646 622 692 1
 198 31 32 121 1
 430 629 433 633 1
 50 539 145 144 1
 25 594 580 106 1
 457 652 493 661 1
 56 138 259 653 1
 574 580 594 106 1
 391 375 127 668 1
 541 525 141 215 1
 647 651 504 691 1
 220 113 19 593 1
 349 646 338 655 1
 444 478 642 664 1
 624 631 279 640 1
 456 647 660 661 1
 368 629 621 635 1
 55 139 531 682 1
 106 580 25 688 1
 338 655 646 673 1
 141 54 53 215 1
 29 30 211 123 1
 315 674 316 679 1
 576 24 592 107 1
 113 575 19 593 1
 392 259 138 653 1
 141 530 53 680 1
 386 338 646 673 1
 542 219 49 146 1
 39 551 135 697 1
 39 135 649 697 1
 589 23 108 676 1
 221 592 24 107 1
 278 645 639 670 1
 471 674 469 679 1
 527 530 142 540 1
 475 638 451 655 1
 482 631 483 638 1
 416 639 645 670 1
 457 495 652 660 1
 423 638 475 646 1
 630 644 486 666 1
 448 621 519 629 1
 604 224 35 677 1
 426 624 424 694 1
 132 559 552 654 1
 526 542 49 146 1
 617 217 29 124 1
 247 142 345 680 1
 290 289 293 663 1
 279 638 624 692 1
 464 623 637 667 1
 142 141 345 680 1
 433 621 506 633 1
 549 554 136 570 1
 544 529 523 147 1
 619 605 599 125 1
 222 568 44 129 1
 628 680 52 691 1
 530 141 53 541 1
 602 606 120 615 1
 489 634 627 662 1
 622 646 420 670 1
 349 386 338 646 1
 121 32 198 602 1
 575 113 19 690 1
 645 667 347 669 1
 429 437 624 640 1
 122 121 31 609 1
 129 568 44 550 1
 356 122 355 664 1
 557 46 546 127 1
 317 316 677 679 1
 598 117 604 620 1
 128 548 569 556 1
 139 531 524 545 1
 29 617 124 601 1
 349 646 638 692 1
 109 589 384 676 1
 130 555 43 689 1
 666 681 304 687 1
 645 662 417 670 1
 511 656 653 682 1
 541 141 53 215 1
 293 295 656 682 1
 305 621 633 636 1
 459 672 657 675 1
 29 28 480 642 1
 573 581 114 595 1
 424 426 422 624 1
 117 35 604 620 1
 128 569 45 556 1
 531 139 55 545 1
 256 677 316 679 1
 419 420 646 670 1
 324 660 647 661 1
 368 635 621 650 1
 412 667 645 669 1
 119 256 381 679 1
 624 428 683 694 1
 456 647 405 660 1
 459 657 648 675 1
 30 31 201 122 1
 400 519 635 650 1
 286 640 631 641 1
 382 310 668 678 1
 262 637 264 686 1
 256 317 316 677 1
 41 559 133 654 1
 18 114 581 595 1
 421 670 481 693 1
 285 627 634 662 1
 481 670 627 693 1
 554 38 136 570 1
 529 544 48 147 1
 605 619 28 125 1
 137 37 547 558 1
 312 644 630 666 1
 41 654 133 671 1
 522 47 533 148 1
 279 277 638 692 1
 333 336 335 625 1
 383 140 531 682 1
 571 115 17 582 1
 652 660 362 661 1
 457 495 493 652 1
 39 218 38 649 1
 43 650 130 689 1
 334 333 335 672 1
 126 258 391 668 1
 443 663 441 665 1
 382 642 310 678 1
 521 56 138 532 1
 123 122 30 614 1
 659 677 409 686 1
 467 634 489 662 1
 28 668 496 678 1
 221 24 25 688 1
 437 482 429 624 1
 22 21 110 197 1
 506 633 621 636 1
 358 347 667 669 1
 464 466 632 686 1
 281 279 277 638 1
 110 21 577 197 1
 420 423 475 646 1
 334 335 643 672 1
 504 651 397 691 1
 9 522 148 390 1
 453 655 651 673 1
 46 557 548 127 1
 10 115 389 571 1
 438 631 640 641 1
 608 597 36 243 1
 448 621 629 635 1
 285 634 627 644 1
 532 521 56 242 1
 46 244 557 546 1
 596 27 607 126 1
 12 392 547 137 1
 391 11 546 127 1
 486 666 644 687 1
 464 463 623 667 1
 429 624 428 683 1
 430 433 506 633 1
 651 655 331 673 1
 22 23 109 676 1
 428 624 426 694 1
 273 622 646 692 1
 22 23 206 109 1
 203 50 51 144 1
 26 241 583 572 1
 622 274 646 670 1
 305 636 633 683 1
 107 580 387 688 1
 444 681 666 687 1
 558 137 37 549 1
 523 533 47 148 1
 499 651 453 684 1
 573 17 115 582 1
 472 409 677 686 1
 425 644 630 693 1
 597 36 116 608 1
 336 335 625 676 1
 324 661 647 675 1
 30 356 122 123 1
 273 646 349 692 1
 511 653 407 682 1
 105 26 583 572 1
 31 355 121 122 1
 269 627 662 670 1
 607 233 27 596 1
 37 547 558 239 1
 533 235 47 522 1
 17 571 582 237 1
 432 629 430 681 1
 42 552 200 654 1
 344 651 647 691 1
 543 54 223 682 1
 359 300 621 629 1
 443 476 501 682 1
 379 306 303 681 1
 359 621 368 629 1
 524 138 56 532 1
 216 43 44 650 1
 421 622 670 693 1
 23 589 109 676 1
 486 630 425 644 1
 51 647 504 691 1
 331 651 339 655 1
 11 3 610 596 1
 4 12 547 560 1
 456 660 457 661 1
 521 12 4 536 1
 561 3 11 546 1
 11 596 126 391 1
 21 110 577 696 1
 138 12 392 521 1
 597 10 1 611 1
 106 387 580 688 1
 571 1 10 586 1
 429 426 428 624 1
 141 140 254 682 1
 109 22 110 584 1
 436 640 626 641 1
 41 553 202 671 1
 444 478 401 642 1
 656 665 443 695 1
 132 654 552 689 1
 500 664 444 687 1
 400 519 448 635 1
 599 607 27 126 1
 456 647 661 675 1
 443 656 476 682 1
 336 377 340 669 1
 626 636 322 683 1
 258 382 310 668 1
 109 340 22 676 1
 289 357 663 685 1
 424 622 421 693 1
 339 655 651 684 1
 435 636 626 683 1
 419 646 639 670 1
 269 662 645 670 1
 55 531 223 682 1
 286 641 631 665 1
 583 574 26 105 1
 9 105 572 390 1
 336 625 377 669 1
 626 322 640 683 1
 416 415 414 625 1
 559 132 133 654 1
 293 295 290 656 1
 598 116 36 608 1
 435 626 520 640 1
 10 389 116 597 1
 370 636 654 689 1
 627 634 489 644 1
 264 632 291 686 1
 520 626 435 636 1
 435 626 640 683 1
 273 622 274 646 1
 633 636 506 683 1
 447 499 453 684 1
 416 645 417 670 1
 626 640 286 641 1
 472 677 658 686 1
 420 419 418 670 1
 628 651 499 684 1
 552 654 42 689 1
 413 412 625 669 1
 289 663 665 685 1
 358 667 623 669 1
 49 405 647 660 1
 370 636 374 654 1
 585 2 9 572 1
 535 9 2 522 1
 457 456 405 660 1
 3 11 610 561 1
 12 4 536 560 1
 412 414 413 625 1
 370 650 636 689 1
 312 644 666 687 1
 586 1 10 611 1
 553 40 671 697 1
 482 437 483 631 1
 340 22 110 109 1
 436 438 640 641 1
 382 250 310 642 1
 636 473 654 689 1
 425 627 644 693 1
 332 329 328 657 1
 454 673 651 675 1
 422 421 424 622 1
 639 646 274 670 1
 287 626 322 640 1
 592 580 576 107 1
 636 650 473 689 1
 493 643 461 672 1
 285 627 320 644 1
 626 636 507 654 1
 286 626 287 640 1
 274 622 271 670 1
 275 630 312 644 1
 621 636 370 650 1
 133 654 366 671 1
 305 621 300 633 1
 413 625 492 676 1
 466 658 632 686 1
 290 665 656 695 1
 475 451 452 655 1
 133 132 366 654 1
 107 387 249 688 1
 383 259 295 682 1
 357 294 663 685 1
 440 443 665 695 1
 262 263 264 637 1
 370 654 246 689 1
 517 47 26 652 1
 367 641 695 697 1
 553 40 202 671 1
 555 130 566 550 1
 275 630 644 693 1
 441 665 663 685 1
 427 666 633 694 1
 365 649 296 653 1
 467 489 488 662 1
 329 672 661 675 1
 283 631 286 640 1
 119 606 600 616 1
 445 444 666 687 1
 48 652 495 660 1
 430 666 431 681 1
 122 31 201 603 1
 348 624 279 640 1
 605 125 382 124 1
 427 430 633 666 1
 329 661 326 675 1
 647 651 327 675 1
 295 653 656 682 1
 507 636 473 654 1
 369 621 370 650 1
 585 9 2 535 1
 379 356 306 664 1
 455 454 651 675 1
 289 357 294 663 1
 285 634 632 662 1
 283 279 631 640 1
 369 368 621 650 1
 278 393 625 645 1
 663 684 442 685 1
 370 374 246 654 1
 140 139 383 531 1
 284 286 631 665 1
 296 653 649 656 1
 348 624 640 683 1
 486 644 490 687 1
 482 624 638 692 1
 377 393 347 669 1
 633 683 428 694 1
 351 278 639 670 1
 438 631 641 665 1
 318 677 659 686 1
 367 695 649 697 1
 606 119 120 381 1
 464 632 465 667 1
 664 674 378 687 1
 412 623 667 669 1
 309 629 368 635 1
 41 133 553 671 1
 36 516 17 659 1
 254 663 380 680 1
 471 398 674 679 1
 362 652 342 660 1
 578 206 23 109 1
 50 203 528 144 1
 201 30 122 603 1
 377 625 393 669 1
 452 487 646 673 1
 511 476 656 682 1
 268 627 285 662 1
 374 636 626 654 1
 624 429 640 683 1
 50 49 405 647 1
 315 321 634 658 1
 476 443 511 656 1
 324 325 660 661 1
 269 627 268 662 1
 632 634 467 662 1
 472 406 658 677 1
 413 492 477 676 1
 501 403 663 682 1
 550 129 568 556 1
 285 632 266 662 1
 505 635 44 650 1
 291 632 658 686 1
 578 22 206 109 1
 528 203 51 144 1
 534 528 51 691 1
 600 604 118 618 1
 651 673 327 675 1
 498 649 38 653 1
 427 630 666 694 1
 312 630 352 666 1
 649 653 498 656 1
 324 252 647 660 1
 491 398 664 674 1
 459 458 672 675 1
 407 653 55 682 1
 334 643 341 672 1
 412 623 463 667 1
 466 467 632 634 1
 553 671 133 697 1
 475 452 487 646 1
 275 644 320 693 1
 455 651 647 675 1
 476 511 407 682 1
 412 485 645 667 1
 436 520 626 640 1
 490 486 425 644 1
 280 624 348 683 1
 305 633 299 683 1
 331 655 338 673 1
 575 113 581 593 1
 298 633 301 666 1
 519 621 433 629 1
 133 559 41 553 1
 31 122 609 603 1
 386 646 648 673 1
 259 653 295 682 1
 332 328 648 657 1
 344 350 647 651 1
 327 647 350 651 1
 141 530 525 541 1
 140 525 531 543 1
 21 395 22 669 1
 406 677 34 679 1
 263 265 264 667 1
 466 634 632 658 1
 273 274 349 646 1
 418 481 421 670 1
 23 578 109 589 1
 50 528 539 144 1
 614 122 30 603 1
 629 635 309 678 1
 298 633 666 694 1
 472 468 409 686 1
 661 672 458 675 1
 420 418 622 670 1
 459 460 657 672 1
 663 680 254 682 1
 642 678 502 681 1
 400 635 505 650 1
 399 464 623 637 1
 488 481 417 662 1
 31 398 32 664 1
 409 659 35 677 1
 491 674 664 687 1
 474 636 621 650 1
 51 504 397 691 1
 37 4 56 653 1
 388 257 318 677 1
 118 388 604 117 1
 322 626 374 636 1
 481 627 425 693 1
 344 353 651 691 1
 315 317 321 658 1
 441 663 442 685 1
 504 51 50 647 1
 534 144 528 691 1
 274 351 639 670 1
 278 394 351 639 1
 334 337 341 643 1
 282 638 349 655 1
 257 659 318 677 1
 320 644 627 693 1
 520 507 626 636 1
 362 660 325 661 1
 318 658 677 686 1
 109 578 22 584 1
 627 670 270 693 1
 464 463 399 623 1
 358 347 265 667 1
 421 481 425 693 1
 368 255 635 650 1
 403 680 663 682 1
 470 489 634 644 1
 339 353 628 651 1
 338 331 339 655 1
 528 144 51 691 1
 359 302 300 629 1
 37 56 4 518 1
 446 442 663 684 1
 554 551 135 567 1
 269 270 627 670 1
 35 224 34 677 1
 526 529 542 146 1
 32 398 503 679 1
 278 393 361 625 1
 432 430 431 681 1
 474 473 636 650 1
 328 329 326 675 1
 480 28 496 678 1
 628 651 353 691 1
 339 651 628 684 1
 307 378 674 687 1
 482 638 423 692 1
 298 666 352 694 1
 332 648 639 657 1
 278 269 645 670 1
 3 46 27 668 1
 294 684 663 685 1
 315 314 316 674 1
 293 380 254 663 1
 494 643 493 688 1
 396 520 507 626 1
 56 518 37 653 1
 501 441 443 663 1
 438 631 437 640 1
 461 643 492 672 1
 285 313 634 644 1
 478 31 30 664 1
 124 617 605 601 1
 308 629 678 681 1
 324 326 661 675 1
 436 435 520 640 1
 448 635 629 678 1
 451 475 423 638 1
 251 367 649 697 1
 280 624 683 694 1
 423 420 422 692 1
 436 626 449 641 1
 499 446 628 684 1
 261 319 659 686 1
 141 254 345 680 1
 386 648 330 673 1
 491 664 500 687 1
 308 678 642 681 1
 41 202 40 671 1
 420 622 422 692 1
 404 641 671 697 1
 378 355 248 664 1
 402 492 643 676 1
 251 649 135 697 1
 466 469 467 634 1
 546 548 557 127 1
 271 270 670 693 1
 343 650 370 689 1
 397 651 628 691 1
 402 643 24 676 1
 358 265 623 667 1
 493 458 661 672 1
 469 472 406 658 1
 446 680 628 684 1
 370 621 305 636 1
 492 657 460 672 1
 500 444 445 687 1
 489 627 488 662 1
 641 367 671 697 1
 359 369 368 621 1
 267 645 269 662 1
 263 623 265 667 1
 427 424 630 694 1
 262 264 291 686 1
 533 523 522 148 1
 293 663 254 682 1
 558 547 137 549 1
 406 471 469 679 1
 427 426 424 694 1
 263 358 265 623 1
 419 639 646 648 1
 115 571 573 582 1
 466 469 634 658 1
 396 626 507 654 1
 401 30 29 642 1
 305 370 369 621 1
 271 274 273 622 1
 324 647 327 675 1
 352 666 630 694 1
 288 641 286 665 1
 332 360 639 648 1
 130 650 343 689 1
 365 296 376 653 1
 106 107 580 387 1
 448 519 433 629 1
 309 359 368 629 1
 348 280 279 624 1
 17 36 1 516 1
 27 46 3 514 1
 347 645 265 667 1
 487 648 646 673 1
 27 46 514 668 1
 524 521 138 532 1
 488 632 467 662 1
 438 641 509 665 1
 289 665 357 685 1
 109 384 589 108 1
 505 400 448 635 1
 338 282 349 655 1
 346 680 380 684 1
 519 474 621 650 1
 418 421 622 670 1
 320 285 268 627 1
 509 665 641 695 1
 471 503 398 679 1
 381 248 120 679 1
 55 407 56 653 1
 321 632 285 634 1
 492 625 415 657 1
 271 670 622 693 1
 352 312 275 630 1
 564 553 133 697 1
 427 431 430 666 1
 607 599 596 126 1
 279 281 283 631 1
 322 287 374 626 1
 444 431 666 681 1
 425 630 424 693 1
 444 431 445 666 1
 394 332 639 657 1
 281 357 284 631 1
 265 632 264 667 1
 265 645 267 667 1
 292 626 286 641 1
 265 266 264 632 1
 265 266 632 667 1
 422 482 423 692 1
 298 300 301 633 1
 283 284 286 631 1
 380 680 663 684 1
 500 491 398 664 1
 286 292 287 626 1
 262 261 637 686 1
 285 321 266 632 1
 468 659 409 686 1
 314 316 674 679 1
 28 27 496 668 1
 367 371 671 697 1
 419 646 487 648 1
 422 624 482 692 1
 425 424 421 693 1
 299 305 300 633 1
 425 627 489 644 1
 419 639 418 670 1
 105 583 574 572 1
 565 552 208 689 1
 488 627 481 662 1
 446 442 441 663 1
 485 488 662 667 1
 598 597 116 608 1
 18 484 19 637 1
 299 280 683 694 1
 361 625 333 657 1
 143 527 142 691 1
 419 462 639 648 1
 430 432 433 629 1
 267 265 347 645 1
 47 26 2 517 1
 332 360 394 639 1
 309 635 311 678 1
 400 505 44 650 1
 305 359 300 621 1
 342 362 260 652 1
 265 662 266 667 1
 327 651 331 673 1
 436 449 438 641 1
 465 662 488 667 1
 402 24 23 676 1
 493 461 458 672 1
 434 448 629 678 1
 509 641 404 695 1
 48 47 495 652 1
 291 264 321 632 1
 551 39 210 697 1
 417 481 418 670 1
 33 406 34 679 1
 428 426 427 694 1
 40 553 564 697 1
 309 308 629 678 1
 465 467 488 632 1
 446 479 499 628 1
 436 438 437 640 1
 527 199 52 691 1
 344 350 323 647 1
 485 465 488 667 1
 488 645 485 662 1
 493 652 408 688 1
 17 497 18 659 1
 287 322 348 640 1
 488 417 645 662 1
 465 632 488 662 1
 428 427 633 694 1
 285 320 313 644 1
 464 637 484 686 1
 275 312 320 644 1
 563 40 564 697 1
 448 515 635 678 1
 385 684 294 685 1
 416 639 462 657 1
 464 465 463 667 1
 269 270 268 627 1
 292 366 626 671 1
 366 654 626 671 1
 440 443 441 665 1
 488 417 485 645 1
 536 192 12 560 1
 561 11 610 194 1
 284 357 665 685 1
 286 287 283 640 1
 441 439 665 685 1
 464 468 466 686 1
 35 409 36 659 1
 350 327 324 647 1
 463 412 411 623 1
 535 585 9 189 1
 586 10 195 611 1
 408 652 26 688 1
 393 377 336 625 1
 412 411 623 669 1
 438 509 440 665 1
 486 490 445 687 1
 412 485 414 645 1
 504 647 455 651 1
 372 375 311 635 1
 439 631 438 665 1
 435 506 636 683 1
 631 638 281 685 1
 579 690 20 696 1
 252 323 324 647 1
 418 416 417 670 1
 292 641 367 671 1
 579 591 20 690 1
 374 626 366 654 1
 386 330 338 673 1
 348 640 322 683 1
 414 417 416 645 1
 446 479 628 680 1
 291 632 321 658 1
 470 644 634 674 1
 305 322 636 683 1
 440 665 509 695 1
 319 318 659 686 1
 419 487 462 648 1
 284 288 286 665 1
 290 288 665 695 1
 284 631 357 685 1
 329 657 333 672 1
 357 631 281 685 1
 450 649 498 656 1
 274 271 351 670 1
 251 367 373 649 1
 494 461 493 643 1
 551 210 563 697 1
 132 552 131 689 1
 357 385 294 685 1
 427 630 486 666 1
 371 292 367 671 1
 366 374 292 626 1
 465 464 466 632 1
 319 364 261 659 1
 265 267 662 667 1
 295 653 296 656 1
 299 683 633 694 1
 332 333 329 657 1
 459 458 460 672 1
 367 373 649 695 1
 632 634 321 658 1
 634 644 313 674 1
 131 555 130 689 1
 579 204 590 696 1
 45 44 505 635 1
 324 326 325 661 1
 626 654 396 671 1
 428 633 506 683 1
 418 639 416 670 1
 648 673 454 675 1
 368 255 372 635 1
 283 348 279 640 1
 20 204 579 696 1
 461 402 492 643 1
 483 638 631 685 1
 611 586 1 238 1
 610 234 3 561 1
 4 536 560 240 1
 445 666 486 687 1
 266 662 632 667 1
 284 665 631 685 1
 324 325 252 660 1
 132 246 654 689 1
 330 673 648 675 1
 265 267 266 662 1
 208 552 42 689 1
 19 212 575 690 1
 344 353 350 651 1
 307 378 314 674 1
 442 684 655 685 1
 288 641 665 695 1
 330 327 673 675 1
 579 111 112 696 1
 54 680 403 682 1
 330 648 328 675 1
 490 644 470 674 1
 404 649 450 695 1
 315 634 313 674 1
 434 515 448 678 1
 610 3 233 596 1
 560 547 4 239 1
 611 1 597 243 1
 491 471 398 674 1
 536 4 521 242 1
 561 244 3 546 1
 571 1 586 237 1
 305 299 322 683 1
 43 555 208 689 1
 468 484 497 686 1
 52 628 479 680 1
 208 555 565 689 1
 470 490 489 644 1
 375 311 635 668 1
 369 370 343 650 1
 410 45 635 668 1
 632 662 465 667 1
 579 590 577 696 1
 313 674 644 687 1
 330 328 327 675 1
 298 301 352 666 1
 278 347 393 645 1
 252 342 146 660 1
 135 551 134 697 1
 459 648 454 675 1
 490 425 489 644 1
 291 658 318 686 1
 311 309 368 635 1
 408 26 25 688 1
 623 637 263 690 1
 302 629 308 681 1
 416 462 415 657 1
 579 112 690 696 1
 112 113 575 690 1
 515 668 635 678 1
 552 565 555 689 1
 335 249 643 676 1
 212 591 575 690 1
 474 506 621 636 1
 296 649 373 656 1
 644 674 490 687 1
 268 285 266 662 1
 498 510 38 649 1
 351 269 278 670 1
 455 647 456 675 1
 325 362 342 660 1
 253 263 637 690 1
 369 255 368 650 1
 454 648 487 673 1
 429 435 640 683 1
 358 669 623 696 1
 519 400 474 650 1
 274 639 360 646 1
 331 327 350 651 1
 2 236 585 535 1
 575 591 579 690 1
 451 638 483 685 1
 444 642 502 681 1
 464 484 468 686 1
 450 510 498 649 1
 504 455 397 651 1
 459 462 648 657 1
 537 199 527 691 1
 501 476 403 682 1
 645 662 267 667 1
 418 419 416 639 1
 453 651 454 673 1
 302 309 308 629 1
 499 628 397 651 1
 349 638 277 692 1
 339 353 346 628 1
 379 250 356 642 1
 394 361 332 657 1
 296 365 373 649 1
 267 269 268 662 1
 489 481 488 627 1
 346 628 680 684 1
 585 241 2 572 1
 2 235 535 522 1
 341 362 325 661 1
 335 384 249 676 1
 55 223 54 682 1
 310 311 668 678 1
 449 626 396 671 1
 616 33 606 205 1
 281 638 282 685 1
 482 483 423 638 1
 509 404 450 695 1
 365 135 251 649 1
 106 363 387 688 1
 212 20 591 690 1
 21 411 669 696 1
 329 341 661 672 1
 478 444 500 664 1
 353 247 628 691 1
 143 142 247 691 1
 459 487 454 648 1
 655 684 385 685 1
 111 579 577 696 1
 485 662 645 667 1
 312 666 304 687 1
 451 655 638 685 1
 447 655 442 684 1
 404 641 449 671 1
 512 48 495 660 1
 358 377 347 669 1
 361 333 332 657 1
 31 198 201 612 1
 41 202 562 200 1
 575 579 112 690 1
 552 555 131 689 1
 472 409 513 677 1
 613 614 30 603 1
 50 528 538 539 1
 40 564 553 563 1
 455 456 454 675 1
 563 210 40 697 1
 472 658 468 686 1
 339 628 346 684 1
 307 674 313 687 1
 590 577 21 197 1
 444 401 502 642 1
 109 384 340 676 1
 353 344 247 691 1
 446 663 680 684 1
 263 354 623 690 1
 492 415 460 657 1
 245 340 377 669 1
 204 20 579 591 1
 412 463 485 667 1
 39 551 210 567 1
 410 46 45 668 1
 483 631 439 685 1
 623 669 411 696 1
 290 288 289 665 1
 631 665 439 685 1
 635 668 311 678 1
 289 284 357 665 1
 386 646 360 648 1
 507 473 396 654 1
 491 490 674 687 1
 285 313 315 634 1
 626 641 292 671 1
 609 612 31 603 1
 553 559 41 562 1
 473 42 654 689 1
 494 493 408 688 1
 453 455 454 651 1
 502 434 432 681 1
 294 380 663 684 1
 436 429 435 640 1
 294 346 380 684 1
 578 23 588 589 1
 541 53 530 207 1
 43 566 208 555 1
 255 343 130 650 1
 263 253 354 690 1
 494 24 643 688 1
 322 374 370 636 1
 397 628 52 691 1
 329 341 326 661 1
 594 221 25 580 1
 457 512 495 660 1
 317 318 658 677 1
 272 622 273 692 1
 272 271 622 693 1
 360 646 639 648 1
 279 624 276 692 1
 467 470 489 634 1
 339 331 353 651 1
 468 658 466 686 1
 51 199 203 537 1
 197 587 22 206 1
 276 624 280 694 1
 267 278 269 645 1
 21 411 395 669 1
 39 649 404 697 1
 421 420 418 622 1
 312 352 304 666 1
 320 627 270 693 1
 424 425 486 630 1
 297 630 275 693 1
 253 262 261 637 1
 324 327 326 675 1
 574 26 231 583 1
 36 598 608 230 1
 434 629 432 681 1
 56 524 532 229 1
 557 232 46 548 1
 352 630 297 694 1
 212 19 575 593 1
 258 310 311 668 1
 537 527 534 691 1
 24 592 214 576 1
 132 131 246 689 1
 435 428 506 683 1
 288 367 286 641 1
 262 319 261 686 1
 496 668 515 678 1
 269 271 270 670 1
 508 449 396 671 1
 130 343 131 689 1
 468 497 659 686 1
 308 642 379 681 1
 617 29 211 601 1
 542 49 209 526 1
 37 498 38 653 1
 310 642 308 678 1
 194 11 610 596 1
 547 12 192 560 1
 298 299 633 694 1
 12 521 192 536 1
 194 561 11 546 1
 336 333 361 625 1
 577 590 587 197 1
 10 597 195 611 1
 572 9 585 189 1
 358 623 354 696 1
 399 637 623 690 1
 27 225 607 599 1
 549 37 558 227 1
 47 228 533 523 1
 189 9 535 522 1
 195 571 10 586 1
 198 612 602 615 1
 527 540 199 537 1
 200 565 562 552 1
 582 573 17 226 1
 41 396 654 671 1
 51 537 528 534 1
 578 587 22 584 1
 43 473 650 689 1
 404 449 508 671 1
 499 397 453 651 1
 200 41 42 654 1
 279 276 277 692 1
 276 272 273 692 1
 476 407 55 682 1
 511 498 653 656 1
 440 439 438 665 1
 272 297 275 693 1
 272 270 271 693 1
 275 320 270 693 1
 133 671 371 697 1
 639 648 462 657 1
 111 577 110 696 1
 456 661 458 675 1
 274 351 360 639 1
 295 259 296 653 1
 298 280 299 694 1
 276 280 297 694 1
 256 316 381 679 1
 491 490 470 674 1
 298 352 297 694 1
 35 604 620 224 1
 545 55 531 223 1
 569 222 45 556 1
 472 513 406 677 1
 612 201 31 603 1
 553 41 202 562 1
 301 302 303 681 1
 299 280 348 683 1
 367 641 288 695 1
 34 600 618 213 1
 44 568 216 550 1
 54 525 543 215 1
 257 319 318 659 1
 480 502 642 678 1
 249 337 643 688 1
 515 410 635 668 1
 399 623 20 690 1
 513 409 35 677 1
 41 508 396 671 1
 404 671 40 697 1
 597 608 611 243 1
 521 532 536 242 1
 244 561 557 546 1
 591 579 204 590 1
 449 641 626 671 1
 564 551 563 697 1
 595 581 18 220 1
 20 623 411 696 1
 419 420 475 646 1
 357 281 282 685 1
 282 638 655 685 1
 111 354 112 696 1
 400 473 474 650 1
 251 135 134 697 1
 241 585 583 572 1
 461 492 460 672 1
 20 399 411 623 1
 439 483 437 631 1
 426 482 422 624 1
 249 387 337 688 1
 459 460 462 657 1
 112 253 113 690 1
 52 479 53 680 1
 451 483 442 685 1
 446 447 442 684 1
 427 424 486 630 1
 21 204 590 197 1
 456 458 459 675 1
 358 245 669 696 1
 619 28 217 605 1
 570 554 38 218 1
 544 48 219 529 1
 560 558 547 239 1
 607 610 233 596 1
 533 535 235 522 1
 586 582 571 237 1
 281 277 282 638 1
 401 29 480 642 1
 520 435 507 636 1
 254 380 345 680 1
 314 315 313 674 1
 282 655 385 685 1
 310 250 308 642 1
 206 587 22 578 1
 537 203 51 528 1
 19 637 399 690 1
 438 439 437 631 1
 482 426 429 624 1
 436 437 429 640 1
 354 690 112 696 1
 494 25 24 688 1
 451 442 655 685 1
 540 541 530 207 1
 615 616 606 205 1
 208 566 565 555 1
 334 335 249 643 1
 493 495 408 652 1
 306 307 304 687 1
 413 395 412 669 1
 315 321 285 634 1
 427 486 431 666 1
 277 349 282 638 1
 319 291 318 686 1
 366 132 246 654 1
 52 397 479 628 1
 446 663 403 680 1
 209 50 203 538 1
 30 201 211 613 1
 210 563 40 202 1
 143 534 527 691 1
 396 473 42 654 1
 332 328 360 648 1
 308 379 303 681 1
 329 333 334 672 1
 388 256 118 677 1
 373 290 656 695 1
 441 442 439 685 1
 363 390 260 652 1
 446 501 403 663 1
 409 468 497 659 1
 528 203 50 538 1
 30 201 613 603 1
 563 553 40 202 1
 314 248 316 679 1
 336 340 335 676 1
 511 450 498 656 1
 425 481 489 627 1
 386 360 330 648 1
 649 656 450 695 1
 402 477 492 676 1
 507 474 473 636 1
 492 413 415 625 1
 253 263 262 637 1
 343 370 246 689 1
 373 656 649 695 1
 329 334 341 672 1
 421 422 420 622 1
 427 430 428 633 1
 273 349 277 692 1
 406 513 34 677 1
 143 144 534 691 1
 53 403 54 680 1
 213 33 616 205 1
 331 338 330 673 1
 429 428 435 683 1
 419 475 487 646 1
 330 327 331 673 1
 478 398 31 664 1
 449 520 396 626 1
 466 467 465 632 1
 404 508 40 671 1
 404 510 450 649 1
 455 405 456 647 1
 317 318 291 658 1
 309 310 308 678 1
 450 440 509 695 1
 588 206 23 578 1
 386 349 274 646 1
 134 564 133 697 1
 43 473 400 650 1
 402 494 24 643 1
 408 517 26 652 1
 517 495 47 652 1
 317 256 318 677 1
 367 292 286 641 1
 211 617 601 613 1
 210 551 563 567 1
 538 542 209 526 1
 366 371 133 671 1
 23 22 477 676 1
 389 364 257 659 1
 399 19 484 637 1
 405 49 512 660 1
 271 273 272 622 1
 309 302 359 629 1
 279 280 276 624 1
 414 415 413 625 1
 355 306 356 664 1
 370 305 322 636 1
 204 212 20 591 1
 367 251 371 697 1
 480 434 502 678 1
 512 457 405 660 1
 434 448 433 629 1
 504 50 405 647 1
 140 383 254 682 1
 411 399 463 623 1
 295 293 254 682 1
 516 36 409 659 1
 263 354 358 623 1
 274 360 386 646 1
 441 439 440 665 1
 474 435 506 636 1
 310 309 311 678 1
 307 314 313 674 1
 566 43 208 216 1
 215 53 541 207 1
 404 39 510 649 1
 290 295 296 656 1
 551 564 134 697 1
 282 385 357 685 1
 320 268 270 627 1
 575 212 593 591 1
 399 484 464 637 1
 297 352 275 630 1
 242 56 532 229 1
 244 232 46 557 1
 243 36 608 230 1
 54 403 476 682 1
 214 206 23 588 1
 468 472 466 658 1
 284 283 281 631 1
 452 454 487 673 1
 457 493 458 661 1
 509 449 404 641 1
 359 305 369 621 1
 449 436 520 626 1
 241 231 26 583 1
 486 445 431 666 1
 299 300 298 633 1
 249 337 334 643 1
 264 266 321 632 1
 519 474 433 621 1
 51 397 52 691 1
 247 346 353 628 1
 20 690 623 696 1
 447 452 451 655 1
 198 98 201 612 1
 203 199 74 537 1
 562 202 86 200 1
 63 587 197 206 1
 32 503 33 679 1
 246 374 366 654 1
 455 453 397 651 1
 423 483 451 638 1
 20 411 21 696 1
 47 228 235 533 1
 558 37 239 227 1
 27 225 233 607 1
 237 582 17 226 1
 497 17 516 659 1
 290 296 373 656 1
 358 354 245 696 1
 346 345 380 680 1
 408 25 494 688 1
 292 371 366 671 1
 487 459 462 648 1
 412 395 411 669 1
 499 447 446 684 1
 347 278 267 645 1
 453 454 452 673 1
 289 294 293 663 1
 444 432 431 681 1
 616 618 600 213 1
 216 568 566 550 1
 541 543 525 215 1
 144 143 344 691 1
 292 374 287 626 1
 324 323 350 647 1
 588 214 592 576 1
 19 399 20 690 1
 317 291 321 658 1
 410 45 505 635 1
 419 462 416 639 1
 351 394 360 639 1
 339 385 655 684 1
 302 308 303 681 1
 326 327 328 675 1
 373 288 290 695 1
 456 457 458 661 1
 209 203 73 538 1
 201 97 211 613 1
 202 210 563 85 1
 312 313 320 644 1
 218 39 210 567 1
 38 510 39 649 1
 501 446 441 663 1
 590 204 62 197 1
 39 404 40 697 1
 447 451 442 655 1
 417 414 485 645 1
 480 496 515 678 1
 474 506 433 621 1
 469 470 467 634 1
 287 348 283 640 1
 512 49 48 660 1
 134 133 371 697 1
 491 445 490 687 1
 393 336 361 625 1
 207 540 75 199 1
 205 198 615 99 1
 565 208 200 87 1
 620 608 598 230 1
 545 532 524 229 1
 557 569 232 548 1
 442 483 439 685 1
 494 402 461 643 1
 515 496 410 668 1
 339 385 338 655 1
 407 511 498 653 1
 514 496 27 668 1
 304 307 312 687 1
 400 44 43 650 1
 376 259 392 653 1
 214 592 24 221 1
 365 251 373 649 1
 434 433 432 629 1
 231 221 25 594 1
 23 477 402 676 1
 430 506 428 633 1
 385 282 338 655 1
 448 515 410 635 1
 211 217 29 617 1
 209 219 49 542 1
 19 212 220 593 1
 443 450 511 656 1
 574 231 594 583 1
 224 620 35 230 1
 223 545 55 229 1
 232 222 45 569 1
 479 397 499 628 1
 587 590 62 197 1
 463 465 485 667 1
 480 502 401 642 1
 360 328 330 648 1
 311 368 372 635 1
 325 342 252 660 1
 446 403 479 680 1
 260 362 363 652 1
 592 221 594 580 1
 322 299 348 683 1
 391 258 375 668 1
 377 358 245 669 1
 199 540 75 537 1
 615 198 612 99 1
 562 565 200 87 1
 267 268 266 662 1
 456 459 454 675 1
 375 258 311 668 1
 259 376 296 653 1
 518 56 407 653 1
 474 507 435 636 1
 350 353 331 651 1
 612 98 201 603 1
 537 74 203 528 1
 202 86 553 562 1
 63 587 206 578 1
 213 618 34 224 1
 215 543 54 223 1
 222 44 568 216 1
 229 532 242 79 1
 91 232 244 557 1
 230 608 243 103 1
 64 206 214 588 1
 509 438 449 641 1
 505 448 410 635 1
 445 491 500 687 1
 500 398 478 664 1
 250 379 308 642 1
 319 257 364 659 1
 570 549 558 227 1
 607 225 619 599 1
 533 228 544 523 1
 204 61 212 591 1
 67 231 241 583 1
 573 582 595 226 1
 326 341 325 661 1
 410 514 46 668 1
 33 503 406 679 1
 205 616 213 100 1
 208 88 566 216 1
 215 541 76 207 1
 111 110 245 696 1
 461 460 458 672 1
 220 595 581 593 1
 367 288 373 695 1
 469 466 472 658 1
 503 471 406 679 1
 591 204 61 590 1
 369 343 255 650 1
 235 228 70 533 1
 239 558 227 82 1
 233 225 94 607 1
 237 58 582 226 1
 354 623 690 696 1
 498 37 518 653 1
 460 415 462 657 1
 618 620 604 224 1
 543 545 531 223 1
 568 222 569 556 1
 205 615 616 100 1
 88 566 565 208 1
 540 76 541 207 1
 387 363 337 688 1
 444 502 432 681 1
 319 262 291 686 1
 43 42 473 689 1
 455 504 405 647 1
 217 617 619 605 1
 570 554 218 567 1
 219 542 544 529 1
 34 513 35 677 1
 1 586 237 238 1
 3 234 244 561 1
 242 536 4 240 1
 243 611 1 238 1
 233 234 3 610 1
 239 4 560 240 1
 381 316 248 679 1
 269 351 271 670 1
 227 570 38 218 1
 217 225 28 619 1
 219 228 48 544 1
 40 508 41 671 1
 226 595 18 220 1
 284 289 288 665 1
 491 470 471 674 1
 54 476 55 682 1
 495 517 408 652 1
 396 42 41 654 1
 380 293 294 663 1
 516 409 497 659 1
 143 247 344 691 1
 306 355 378 664 1
 304 352 301 666 1
 545 532 229 79 1
 232 91 569 557 1
 620 608 230 103 1
 340 384 335 676 1
 528 73 203 538 1
 201 97 613 603 1
 563 553 202 85 1
 235 236 2 535 1
 2 236 241 585 1
 383 295 254 682 1
 294 339 346 684 1
 496 514 410 668 1
 231 67 594 583 1
 354 253 112 690 1
 434 480 515 678 1
 246 131 343 689 1
 318 256 388 677 1
 544 70 228 533 1
 227 558 570 82 1
 619 94 225 607 1
 595 582 58 226 1
 40 210 39 697 1
 65 592 214 221 1
 211 96 217 617 1
 210 84 218 567 1
 72 219 209 542 1
 277 276 273 692 1
 220 212 60 593 1
 272 275 270 693 1
 339 294 385 684 1
 280 298 297 694 1
 518 407 498 653 1
 620 224 102 230 1
 545 223 78 229 1
 222 232 90 569 1
 617 211 96 613 1
 84 210 563 567 1
 542 209 72 538 1
 618 213 101 224 1
 77 543 215 223 1
 568 89 222 216 1
 214 592 65 588 1
 21 204 20 696 1
 593 212 60 591 1
 231 66 221 594 1
 64 206 588 578 1
 479 403 53 680 1
 371 251 134 697 1
 52 199 51 691 1
 180 29 28 480 1
 618 620 224 102 1
 223 543 545 78 1
 90 568 222 569 1
 183 31 478 398 1
 479 52 164 397 1
 20 212 19 690 1
 213 616 618 101 1
 77 543 541 215 1
 89 568 566 216 1
 42 43 208 689 1
 227 83 570 218 1
 95 225 217 619 1
 71 228 219 544 1
 155 23 477 402 1
 59 595 226 220 1
 66 592 221 594 1
 476 403 54 166 1
 476 54 55 166 1
 480 181 29 401 1
 408 494 25 157 1
 180 29 480 181 1
 158 408 26 157 1
 408 25 26 157 1
 411 153 21 395 1
 152 20 399 411 1
 52 51 164 397 1
 32 31 183 398 1
 166 55 476 167 1
 154 23 477 155 1
 22 477 395 154 1
 43 473 175 400 1
 184 32 183 398 1
 473 396 42 174 1
 237 586 57 238 1
 69 236 235 535 1
 234 92 244 561 1
 536 242 80 240 1
 494 24 156 402 1
 241 236 68 585 1
 611 243 104 238 1
 233 93 234 610 1
 560 81 239 240 1
 23 156 402 155 1
 19 399 484 151 1
 218 83 570 567 1
 617 95 217 619 1
 542 71 219 544 1
 157 24 494 25 1
 220 59 595 593 1
 560 536 192 191 1
 561 610 193 194 1
 190 585 535 189 1
 195 586 611 196 1
 245 354 111 696 1
 36 35 187 409 1
 51 164 397 163 1
 152 21 411 153 1
 21 152 411 20 1
 395 153 22 154 1
 22 21 153 395 1
 151 20 19 399 1
 151 20 399 152 1
 42 41 173 396 1
 23 154 477 22 1
 47 48 495 160 1
 34 185 406 33 1
 167 55 476 407 1
 150 19 484 151 1
 150 19 18 484 1
 156 23 402 24 1
 44 43 175 400 1
 176 44 175 400 1
 187 188 36 409 1
 159 47 495 160 1
 54 165 403 53 1
 191 560 536 240 1
 610 193 234 561 1
 586 611 196 238 1
 236 190 585 535 1
 24 157 494 156 1
 162 49 405 50 1
 49 162 405 161 1
 181 30 401 182 1
 185 34 406 186 1
 396 173 42 174 1
 177 46 410 178 1
 169 170 38 498 1
 497 150 18 484 1
 46 177 410 45 1
 196 611 5 238 1
 190 6 236 585 1
 191 7 560 240 1
 234 8 193 610 1
 190 236 6 535 1
 196 5 586 238 1
 536 7 191 240 1
 193 8 234 561 1
 179 28 27 496 1
 18 17 149 497 1
 18 149 150 497 1
 30 181 401 29 1
 171 40 404 172 1
 39 40 404 171 1
 28 496 180 480 1
 165 54 403 166 1
 179 28 496 180 1
 38 37 169 498 1
 503 185 33 406 1
 167 56 407 168 1
 36 14 1 516 1
 16 27 3 514 1
 16 3 46 514 1
 26 13 517 158 1
 17 14 516 1 1
 478 401 30 182 1
 164 53 52 479 1
 183 30 478 31 1
 30 183 478 182 1
 43 174 473 42 1
 56 15 4 518 1
 15 56 168 518 1
 504 405 50 162 1
 37 4 15 518 1
 56 167 407 55 1
 514 46 16 178 1
 174 43 473 175 1
 479 165 53 403 1
 16 27 514 179 1
 13 26 517 2 1
 14 17 516 149 1
 164 53 479 165 1
 512 161 49 405 1
 159 2 517 47 1
 2 159 517 13 1
 169 37 15 518 1
 516 36 188 409 1
 36 14 516 188 1
 513 406 34 186 1
 172 40 404 508 1
 39 404 510 171 1
 209 73 72 538 1
 97 96 211 613 1
 84 563 210 85 1
 517 47 495 159 1
 81 560 7 240 1
 8 234 93 610 1
 6 68 236 585 1
 104 5 611 238 1
 236 69 6 535 1
 586 5 57 238 1
 80 7 536 240 1
 92 234 8 561 1
 92 244 561 557 1
 532 536 242 80 1
 505 44 176 400 1
 608 611 243 104 1
 214 65 64 588 1
 68 241 585 583 1
 398 184 32 503 1
 396 41 173 508 1
 535 235 69 533 1
 558 560 81 239 1
 610 233 93 607 1
 57 582 586 237 1
 32 185 33 503 1
 46 514 410 178 1
 45 176 505 44 1
 176 45 505 177 1
 410 505 45 177 1
 32 185 503 184 1
 397 504 51 163 1
 498 37 169 518 1
 187 35 513 409 1
 173 40 508 41 1
 40 173 508 172 1
 498 170 38 510 1
 38 171 39 510 1
 38 171 510 170 1
 206 64 63 578 1
 202 553 86 85 1
 97 201 98 603 1
 74 73 203 528 1
 104 243 608 103 1
 80 242 532 79 1
 244 92 91 557 1
 26 517 408 158 1
 163 50 504 51 1
 50 163 504 162 1
 241 68 67 583 1
 220 60 59 593 1
 96 95 217 617 1
 218 84 83 567 1
 219 72 71 542 1
 541 76 77 215 1
 101 213 616 100 1
 566 88 89 216 1
 513 34 35 186 1
 186 35 513 187 1
 239 81 558 82 1
 94 93 233 607 1
 70 69 235 533 1
 57 58 582 237 1
 212 61 60 591 1
 48 495 160 512 1
 27 496 514 179 1
 592 65 66 221 1
 62 61 204 590 1
 224 101 618 102 1
 77 543 223 78 1
 222 89 568 90 1
 497 17 149 516 1
 540 75 76 207 1
 100 205 615 99 1
 565 88 208 87 1
 161 49 48 512 1
 161 48 160 512 1
 230 102 620 103 1
 90 232 91 569 1
 229 78 545 79 1
 231 67 66 594 1
 225 95 94 619 1
 570 83 227 82 1
 228 71 70 544 1
 58 59 595 226 1
 198 98 612 99 1
 199 75 74 537 1
 587 62 63 197 1
 200 86 562 87 1
 518 56 168 407 1
 653 136 365 38 1
 653 365 136 376 1
 679 317 315 658 1
 679 315 317 316 1
 618 224 677 34 1
 618 600 677 118 1
 677 600 618 34 1
 679 378 314 248 1
 679 314 378 674 1
 677 119 679 256 1
 677 679 119 34 1
 106 231 594 574 1
 106 594 231 25 1
 676 395 413 669 1
 676 413 395 477 1
 675 657 328 672 1
 675 328 657 648 1
 679 606 119 33 1
 679 119 606 381 1
 32 679 205 120 1
 32 205 679 33 1
 606 205 679 120 1
 606 679 205 33 1
 114 226 595 18 1
 595 226 114 573 1
 227 136 570 549 1
 227 570 136 38 1
 228 147 544 523 1
 544 147 228 48 1
 225 125 619 599 1
 619 125 225 28 1
 232 128 569 45 1
 569 128 232 548 1
 139 229 545 524 1
 545 229 139 55 1
 117 230 620 598 1
 620 230 117 35 1
 682 139 259 55 1
 682 259 139 383 1
 525 682 543 140 1
 543 682 525 54 1
 657 416 625 415 1
 657 625 416 639 1
 682 543 531 223 1
 682 531 543 140 1
 453 684 655 447 1
 655 684 453 651 1
 613 601 123 614 1
 123 601 613 211 1
 123 30 613 614 1
 613 30 123 211 1
 538 50 145 209 1
 145 50 538 539 1
 145 526 538 209 1
 538 526 145 539 1
 674 469 470 471 1
 674 470 469 634 1
 588 576 108 214 1
 108 576 588 589 1
 108 23 588 214 1
 588 23 108 589 1
 695 697 404 649 1
 404 697 695 641 1
 453 655 452 447 1
 452 655 453 673 1
 695 443 450 440 1
 695 450 443 656 1
 304 681 301 303 1
 301 681 304 666 1
 681 434 678 502 1
 681 678 434 629 1
 688 362 363 337 1
 688 363 362 652 1
 527 207 199 540 1
 199 207 527 52 1
 590 21 696 204 1
 590 696 21 577 1
 602 205 198 615 1
 198 205 602 32 1
 552 208 200 565 1
 552 200 208 42 1
 680 247 346 345 1
 680 346 247 628 1
 687 378 306 307 1
 687 306 378 664 1
 612 602 121 198 1
 121 602 612 609 1
 121 31 612 198 1
 612 31 121 609 1
 562 41 654 559 1
 654 41 562 200 1
 654 552 562 559 1
 562 552 654 200 1
 51 537 691 199 1
 691 537 51 534 1
 577 587 110 197 1
 577 110 587 584 1
 22 110 587 197 1
 22 587 110 584 1
 313 687 312 307 1
 312 687 313 644 1
 692 622 630 693 1
 630 622 692 624 1
 630 694 692 693 1
 692 694 630 624 1
 677 618 604 224 1
 604 618 677 118 1
 End
