# Tetrahedral mesh generated using

# 697 vertices
v                  12.5                       3.8                      56.5      1
v                  12.5                       3.8                      31.5      2
v                 -12.5                       3.8                      56.5      3
v                 -12.5                       3.8                      31.5      4
v                    15                       3.8                        59      5
v                    15                       3.8                        29      6
v                   -15                       3.8                        29      7
v                   -15                       3.8                        59      8
v                    13                         0                        31      9
v                    13                         0                        57      10
v                   -13                         0                        57      11
v                   -13                         0                        31      12
v                  12.5                       4.6                      31.5      13
v                  12.5                       4.6                      56.5      14
v                 -12.5                       4.6                      31.5      15
v                 -12.5                       4.6                      56.5      16
v                  12.5                       3.8           54.227272727273      1
v                  12.5                       3.8           51.954545454545      1
v                  12.5                       3.8           49.681818181818      1
v                  12.5                       3.8           47.409090909091      1
v                  12.5                       3.8           45.136363636364      1
v                  12.5                       3.8           42.863636363636      1
v                  12.5                       3.8           40.590909090909      1
v                  12.5                       3.8           38.318181818182      1
v                  12.5                       3.8           36.045454545455      1
v                  12.5                       3.8           33.772727272727      1
v      -10.227272727273                       3.8                      56.5      2
v      -7.9545454545454                       3.8                      56.5      2
v      -5.6818181818182                       3.8                      56.5      2
v      -3.4090909090909                       3.8                      56.5      2
v      -1.1363636363636                       3.8                      56.5      2
v       1.1363636363636                       3.8                      56.5      2
v       3.4090909090909                       3.8                      56.5      2
v       5.6818181818182                       3.8                      56.5      2
v       7.9545454545454                       3.8                      56.5      2
v       10.227272727273                       3.8                      56.5      2
v                 -12.5                       3.8           33.772727272727      3
v                 -12.5                       3.8           36.045454545455      3
v                 -12.5                       3.8           38.318181818182      3
v                 -12.5                       3.8           40.590909090909      3
v                 -12.5                       3.8           42.863636363636      3
v                 -12.5                       3.8           45.136363636364      3
v                 -12.5                       3.8           47.409090909091      3
v                 -12.5                       3.8           49.681818181818      3
v                 -12.5                       3.8           51.954545454545      3
v                 -12.5                       3.8           54.227272727273      3
v       10.227272727273                       3.8                      31.5      4
v       7.9545454545455                       3.8                      31.5      4
v       5.6818181818182                       3.8                      31.5      4
v       3.4090909090909                       3.8                      31.5      4
v       1.1363636363637                       3.8                      31.5      4
v      -1.1363636363636                       3.8                      31.5      4
v      -3.4090909090909                       3.8                      31.5      4
v      -5.6818181818181                       3.8                      31.5      4
v      -7.9545454545454                       3.8                      31.5      4
v      -10.227272727273                       3.8                      31.5      4
v                    15                       3.8           56.692307692308      5
v                    15                       3.8           54.384615384615      5
v                    15                       3.8           52.076923076923      5
v                    15                       3.8           49.769230769231      5
v                    15                       3.8           47.461538461538      5
v                    15                       3.8           45.153846153846      5
v                    15                       3.8           42.846153846154      5
v                    15                       3.8           40.538461538462      5
v                    15                       3.8           38.230769230769      5
v                    15                       3.8           35.923076923077      5
v                    15                       3.8           33.615384615385      5
v                    15                       3.8           31.307692307692      5
v       12.692307692308                       3.8                        29      6
v       10.384615384615                       3.8                        29      6
v       8.0769230769231                       3.8                        29      6
v       5.7692307692308                       3.8                        29      6
v       3.4615384615385                       3.8                        29      6
v       1.1538461538461                       3.8                        29      6
v      -1.1538461538462                       3.8                        29      6
v      -3.4615384615385                       3.8                        29      6
v      -5.7692307692308                       3.8                        29      6
v      -8.0769230769231                       3.8                        29      6
v      -10.384615384615                       3.8                        29      6
v      -12.692307692308                       3.8                        29      6
v                   -15                       3.8           31.307692307692      7
v                   -15                       3.8           33.615384615385      7
v                   -15                       3.8           35.923076923077      7
v                   -15                       3.8           38.230769230769      7
v                   -15                       3.8           40.538461538462      7
v                   -15                       3.8           42.846153846154      7
v                   -15                       3.8           45.153846153846      7
v                   -15                       3.8           47.461538461538      7
v                   -15                       3.8           49.769230769231      7
v                   -15                       3.8           52.076923076923      7
v                   -15                       3.8           54.384615384615      7
v                   -15                       3.8           56.692307692308      7
v      -12.692307692308                       3.8                        59      8
v      -10.384615384615                       3.8                        59      8
v      -8.0769230769231                       3.8                        59      8
v      -5.7692307692307                       3.8                        59      8
v      -3.4615384615384                       3.8                        59      8
v      -1.1538461538461                       3.8                        59      8
v       1.1538461538462                       3.8                        59      8
v       3.4615384615385                       3.8                        59      8
v       5.7692307692308                       3.8                        59      8
v       8.0769230769231                       3.8                        59      8
v       10.384615384615                       3.8                        59      8
v       12.692307692308                       3.8                        59      8
v                    13                         0           33.166666666667      9
v                    13                         0           35.333333333333      9
v                    13                         0                      37.5      9
v                    13                         0           39.666666666667      9
v                    13                         0           41.833333333333      9
v                    13                         0                        44      9
v                    13                         0           46.166666666666      9
v                    13                         0           48.333333333333      9
v                    13                         0                      50.5      9
v                    13                         0           52.666666666666      9
v                    13                         0           54.833333333333      9
v       10.833333333333                         0                        57      10
v       8.6666666666667                         0                        57      10
v                   6.5                         0                        57      10
v       4.3333333333333                         0                        57      10
v       2.1666666666667                         0                        57      10
v    7.105427357601E-15                         0                        57      10
v      -2.1666666666666                         0                        57      10
v      -4.3333333333333                         0                        57      10
v                  -6.5                         0                        57      10
v      -8.6666666666667                         0                        57      10
v      -10.833333333333                         0                        57      10
v                   -13                         0           54.833333333333      11
v                   -13                         0           52.666666666666      11
v                   -13                         0                      50.5      11
v                   -13                         0           48.333333333333      11
v                   -13                         0           46.166666666667      11
v                   -13                         0                        44      11
v                   -13                         0           41.833333333333      11
v                   -13                         0           39.666666666667      11
v                   -13                         0                      37.5      11
v                   -13                         0           35.333333333333      11
v                   -13                         0           33.166666666667      11
v      -10.833333333333                         0                        31      12
v      -8.6666666666667                         0                        31      12
v                  -6.5                         0                        31      12
v      -4.3333333333333                         0                        31      12
v      -2.1666666666667                         0                        31      12
v   2.1316282072803E-14                         0                        31      12
v       2.1666666666667                         0                        31      12
v       4.3333333333334                         0                        31      12
v                   6.5                         0                        31      12
v       8.6666666666667                         0                        31      12
v       10.833333333333                         0                        31      12
v                  12.5                       4.6           54.227272727273      14
v                  12.5                       4.6           51.954545454545      14
v                  12.5                       4.6           49.681818181818      14
v                  12.5                       4.6           47.409090909091      14
v                  12.5                       4.6           45.136363636364      14
v                  12.5                       4.6           42.863636363636      14
v                  12.5                       4.6           40.590909090909      14
v                  12.5                       4.6           38.318181818182      14
v                  12.5                       4.6           36.045454545455      14
v                  12.5                       4.6           33.772727272727      14
v       10.227272727273                       4.6                      31.5      17
v       7.9545454545455                       4.6                      31.5      17
v       5.6818181818182                       4.6                      31.5      17
v       3.4090909090909                       4.6                      31.5      17
v       1.1363636363637                       4.6                      31.5      17
v      -1.1363636363636                       4.6                      31.5      17
v      -3.4090909090909                       4.6                      31.5      17
v      -5.6818181818181                       4.6                      31.5      17
v      -7.9545454545454                       4.6                      31.5      17
v      -10.227272727273                       4.6                      31.5      17
v                 -12.5                       4.6           33.772727272727      19
v                 -12.5                       4.6           36.045454545455      19
v                 -12.5                       4.6           38.318181818182      19
v                 -12.5                       4.6           40.590909090909      19
v                 -12.5                       4.6           42.863636363636      19
v                 -12.5                       4.6           45.136363636364      19
v                 -12.5                       4.6           47.409090909091      19
v                 -12.5                       4.6           49.681818181818      19
v                 -12.5                       4.6           51.954545454545      19
v                 -12.5                       4.6           54.227272727273      19
v      -10.227272727273                       4.6                      56.5      20
v      -7.9545454545454                       4.6                      56.5      20
v      -5.6818181818182                       4.6                      56.5      20
v      -3.4090909090909                       4.6                      56.5      20
v      -1.1363636363636                       4.6                      56.5      20
v       1.1363636363636                       4.6                      56.5      20
v       3.4090909090909                       4.6                      56.5      20
v       5.6818181818182                       4.6                      56.5      20
v       7.9545454545454                       4.6                      56.5      20
v       10.227272727273                       4.6                      56.5      20
v       14.115867924049          0.64650537791169           29.884756794901      21
v       14.786382888407           2.0911498014336           29.213851642116      21
v      -14.786349722396           2.0911389382995           29.213885079414      22
v       -14.11587331038          0.64644450997016           29.884809488804      22
v      -14.786114920586           2.0911389382996           58.786349722396      23
v      -14.115190511196          0.64644450997033            58.11587331038      23
v       14.115243205099          0.64650537791161           58.115867924049      24
v       14.786148357884           2.0911498014335           58.786382888407      24
v       13.747371509609                       3.8                        44      1
v  -1.4802973661669E-16                       3.8           57.747371509609      1
v   1.8281672472161E-14                       3.8           30.252628490391      1
v      -13.747371509609                       3.8                        44      1
v      -2.2843822843823                       3.8           57.745680310366      1
v      -13.745680310366                       3.8           41.715617715618      1
v       2.2843822843823                       3.8           30.254319689634      1
v       13.745680310366                       3.8           46.284382284382      1
v       2.2843822843823                       3.8           57.745680310366      1
v       13.745680310366                       3.8           41.715617715618      1
v      -2.2843822843823                       3.8           30.254319689634      1
v      -13.745680310366                       3.8           46.284382284382      1
v       4.5707070707071                       3.8           30.257087415304      1
v      -13.742912584696                       3.8           39.429292929293      1
v      -4.5707070707071                       3.8           57.742912584696      1
v       13.742912584696                       3.8           48.570707070707      1
v       4.5707070707071                       3.8           57.742912584696      1
v       13.742912584696                       3.8           39.429292929293      1
v       -4.570707070707                       3.8           30.257087415304      1
v      -13.742912584696                       3.8           48.570707070707      1
v      -6.8573556073556                       3.8           57.740046941533      1
v      -13.740046941533                       3.8           37.142644392644      1
v       6.8573556073556                       3.8           30.259953058467      1
v       13.740046941533                       3.8           50.857355607356      1
v       13.740046941533                       3.8           37.142644392644      1
v      -13.740046941533                       3.8           50.857355607356      1
v      -6.8573556073556                       3.8           30.259953058467      1
v       6.8573556073556                       3.8           57.740046941533      1
v      -9.1440581023914                       3.8           57.737246482366      1
v       13.737246482366                       3.8           53.144058102391      1
v      -13.737246482366                       3.8           34.855941897609      1
v       9.1440581023914                       3.8           30.262753517634      1
v      -9.1440581023914                       3.8           30.262753517634      1
v       9.1440581023914                       3.8           57.737246482366      1
v       13.737246482366                       3.8           34.855941897609      1
v      -13.737246482366                       3.8           53.144058102391      1
v      -11.435972720695                       3.8           57.734138149991      1
v      -13.667582417582                       3.8           57.667582417582      1
v       11.435972720695                       3.8           30.265861850009      1
v       13.667582417582                       3.8           30.332417582418      1
v       13.734138149991                       3.8           55.435972720695      1
v       13.667582417582                       3.8           57.667582417582      1
v      -13.734138149991                       3.8           32.564027279305      1
v      -13.667582417582                       3.8           30.332417582418      1
v       13.734138149991                       3.8           32.564027279305      1
v      -11.435972720695                       3.8           30.265861850009      1
v       11.435972720695                       3.8           57.734138149991      1
v      -13.734138149991                       3.8           55.435972720695      1
v       11.123611625134                         0           45.083333333333      2
v      -11.123611625134                         0           45.083333333333      2
v      -1.0833333333333                         0           32.876388374866      2
v        1.384723029972                         0            54.94166475744      2
v       11.076651997591                         0           38.536988404013      2
v      -5.5908109237307                         0           54.934020149771      2
v      -11.213424041176                         0           38.620775181741      2
v       5.4166666666667                         0           32.876388374866      2
v       11.123611625134                         0           49.416666666666      2
v      -5.5908109237305                         0           33.065979850228      2
v      -11.180053886548                         0           49.430038755383      2
v        5.444310960508                         0           55.080767720953      2
v       9.4628895998831                         0           55.067438475957      2
v       -9.652891576654                         0           55.070137056749      2
v       -9.652891576654                         0           32.929862943251      2
v                  9.75                         0           32.876388374866      2
v       11.123611625134                         0           51.583333333333      2
v       9.2438600205813                         0            50.52229485149      2
v       9.2466627119865                         0           48.337049141915      2
v       7.3701809140734                         0           49.421001776678      2
v       7.3708348754013                         0                     47.25      2
v       5.4943375069804                         0           48.334055851668      2
v       5.4944283349425                         0           46.166787086389      2
v       3.6180369324775                         0           47.250140489676      2
v       3.6180581256687                         0           45.083333333333      2
v       1.7416662186039                         0           46.166690081612      2
v       1.7416691621027                         0           44.000003902491      2
v     -0.13471931088018                         0           45.083337886239      2
v     -0.13471862406378                         0           42.916666666666      2
v       1.7416697508025                         0           41.833333333333      2
v      -0.1347186240638                         0                     47.25      2
v      -2.0111071133995                         0           44.000000758817      2
v      -2.0111070180083                         0           41.833333459803      2
v       5.5758045376332                         0           43.826431847523      2
v      -3.8874953960543                         0           42.916666814214      2
v      -3.8874953737964                         0           45.083333333333      2
v      -3.8874953737963                         0                     40.75      2
v      -2.0300632047836                         0           39.725426405184      2
v      -5.7638837523722                         0           41.833333357924      2
v      -5.7638837492808                         0           39.666666670765      2
v       3.6180581256687                         0           49.416666666666      2
v      -7.6294635936217                         0           40.768720928985      2
v      -7.6160023179192                         0           42.919786825596      2
v      -7.6051937867754                         0           38.605174413051      2
v      -5.7580373593066                         0           37.503640180636      2
v      -7.6109829512671                         0           36.420913543392      2
v       7.3708348754012                         0           51.583333333333      2
v      -9.4210016930997                         0            41.87441536306      2
v      -5.7638837486624                         0           35.333333333333      2
v      -3.5691190354369                         0           36.469968697984      2
v      -7.6402721235286                         0                     34.25      2
v       -9.516660498395                         0           35.333333333333      2
v       -2.011107047599                         0           46.166666989293      2
v      -3.8874953819079                         0           47.250000053771      2
v      -5.7638837500146                         0           46.166666675628      2
v      -5.7638837492375                         0           48.333333337143      2
v      -3.8874953752442                         0           49.416666676263      2
v      -5.7638837486628                         0                      50.5      2
v      -3.9170551329478                         0           51.532134330641      2
v      -2.0160336256967                         0           50.491466834484      2
v       -7.640272123529                         0                     47.25      2
v      -2.0665706633283                         0           52.973374888767      2
v     -0.13471862406399                         0           51.583333333333      2
v       -5.769524663276                         0           52.623715631332      2
v      -7.6304037453361                         0           51.594895751647      2
v      -7.6402721235293                         0           53.749999999999      2
v      -9.5166604983955                         0           52.666666666666      2
v       -0.135539728525                         0           49.415244472414      2
v       1.7415329000588                         0           50.499762967624      2
v       1.7416697508023                         0           52.666666666666      2
v       3.6180353172114                         0           51.583293827937      2
v       3.5257767929325                         0           53.746877875184      2
v       5.4865388090376                         0            52.68613699315      2
v       7.4291585750522                         0            53.81293244787      2
v       9.3025515570217                         0           52.702180535503      2
v       1.7415059707034                         0           48.333084112999      2
v       5.4929975913954                         0           50.504081408239      2
v       -7.627525753276                         0           45.083468700883      2
v                  3.25                         0           32.876388374866      2
v       4.3333333333334                         0           34.752776749733      2
v                   6.5                         0           34.752776749733      2
v       5.4496575491394                         0           36.610117829722      2
v       3.2554984804122                         0           36.625990575453      2
v        4.345525057722                         0           38.498514604107      2
v       6.5405213169496                         0           38.482158506216      2
v       2.2424892532998                         0           38.455132737242      2
v       1.0968868445076                         0           36.620232572704      2
v       5.5251866923437                         0            40.30196830756      2
v       7.6081735571044                         0           40.349745044988      2
v       8.7851893299529                         0           38.489118292367      2
v                  9.75                         0           40.381941874331      2
v       8.6476194840976                         0           42.224151446311      2
v       9.9115122277476                         0           36.582262038001      2
v    -0.097483462646558                         0           38.602848178836      2
v      -1.1423744237238                         0           36.552254450777      2
v       10.872042703255                         0           42.439783933938      2
v       7.7381519642068                         0           36.569824999082      2
v       7.6378258517267                         0           32.887424244312      2
v      -11.151322467782                         0           47.251137082374      2
v       1.0833333333334                         0           32.876388374866      2
v                 -3.25                         0           32.876388374866      2
v      -2.1733285179634                         0           34.726556522302      2
v       7.4262923614109                         0           45.168920726513      2
v      -5.7577143905721                         0            44.00054261793      2
v     -0.17429748230255                         0           40.836875052907      2
v       2.1698419985977                         0           34.750758899559      2
v       3.4764903370441                         0           42.837296574038      2
v      -2.0120649638394                         0           48.331674171037      2
v   -0.0081623497636365                         0           34.733763199179      2
v       11.123518202087                         0            47.25061930143      2
v      -1.0833333333333                         0           55.123611625134      2
v      -3.2268534342438                         0             55.0917238736      2
v      -3.8874953737963                         0           38.583333333333      2
v       9.2644697509216                         0           46.195943245625      2
v      -7.6053657592868                         0           49.437314661224      2
v       3.3877654598152                         0            40.56494778732      2
v       6.5668398446369                         0           42.088379595675      2
v       8.7678572473392                         0           34.696240645675      2
v       11.069653440354                         0           34.508767468055      2
v       11.184954646078                         0           53.643750771034      2
v      -11.216973300128                         0            36.45431101613      2
v       -11.19748090696                         0           42.923513671621      2
v      -9.4182258730336                         0           39.686514314473      2
v      -9.4353797680464                         0           50.537519501205      2
v      -9.3990559799206                         0           48.345446111142      2
v      -9.3872730234293                         0           46.168897537955      2
v      -11.208355419045                         0           40.767536421816      2
v      -11.248697248837                         0           51.585866266482      2
v      -9.4302434084625                         0           37.520170300353      2
v      -9.3818501909347                         0           43.999999999999      2
v      -11.258330249198                         0           53.740810621445      2
v      -11.300933600402                         0           34.299738510913      2
v       9.1994887569704                         0           44.111211012893      2
v   -0.0082377051204458                         0           53.501320472331      2
v      -4.1141629635053                         0           53.430993774822      2
v      -4.0671878649615                         0           34.525179398195      2
v       3.2814874418686                         0           55.539698778551      2
v      -7.6101282581161                         0           55.550831441304      2
v       -7.610128258116                         0           32.449168558696      2
v       11.514711844181                         0           40.606769252921      2
v      -2.2298211327273                         0            37.94502682934      2
v       1.4388541212482                         0           40.073203090982      2
v       11.659482388219                         0           36.416666666667      2
v       7.5242417812538                         0           55.611443345888      2
v       11.413889916934                         0           55.413889916934      2
v       11.413889916934                         0           32.586110083066      2
v      -11.419076227238                         0           55.419076227238      2
v      -11.419076227238                         0           32.580923772762      2
v       7.5321728391412                         0           43.447637998446      2
v       4.9064173742946                         0           41.923804822423      2
v       10.531760445944                       4.6                        44      7
v      -10.509729617252                       4.6           43.755300527283      7
v      0.31614303843209                       4.6           33.659092911776      7
v      0.31614303843223                       4.6           54.340907088224      7
v       10.531760445944                       4.6           48.545454545455      7
v      -10.440399019386                       4.6           48.789903084665      7
v      -4.4713218402423                       4.6           54.464457323634      7
v       10.541996762062                       4.6           39.447378548846      7
v      -4.4713218402425                       4.6           33.535542676366      7
v      -10.531760445944                       4.6           39.454545454545      7
v       4.5744520564768                       4.6           33.513180712287      7
v       4.5744520564769                       4.6           54.486819287713      7
v      -9.2367314703231                       4.6           33.314368337695      7
v       10.531760445944                       4.6           34.909090909091      7
v       8.7927682183765                       4.6           54.452792241172      7
v      -10.534635693205                       4.6           52.866462021249      7
v       10.531760445944                       4.6           46.272727272727      7
v       8.5635208918889                       4.6           45.136363636364      7
v       8.5652981169683                       4.6            42.86671460777      7
v       6.5955775420133                       4.6           44.000513040689      7
v       6.6203496491562                       4.6           41.706648348217      7
v       4.6312692030283                       4.6           42.860284473909      7
v       4.6277957210163                       4.6           45.135890494857      7
v       2.6588022297224                       4.6                        44      7
v       2.6595067995974                       4.6           41.726714078985      7
v      0.69068010397931                       4.6           42.863543255588      7
v      0.69058224705227                       4.6           45.136348118356      7
v      -1.2776709346978                       4.6           43.999995287291      7
v      -1.2776563163882                       4.6           41.727256423813      7
v      -1.2776726258759                       4.6           46.272723900941      7
v      0.69056664631657                       4.6           47.409087760792      7
v      -3.2459164324442                       4.6           45.136363636364      7
v       -3.245915723692                       4.6           47.409090347127      7
v      -5.1331011482477                       4.6           46.272727179067      7
v      -5.2006468467911                       4.6            43.99999998439      7
v      -5.1195920085389                       4.6           48.545454436184      7
v      -3.2301556513253                       4.6           49.681818069946      7
v      -5.2267752667684                       4.6           50.764476532068      7
v      -7.2511105655297                       4.6           49.431581534675      7
v      -7.1008196913418                       4.6           51.854895970012      7
v      -7.1823955405553                       4.6           45.136363636364      7
v      -7.1246671349784                       4.6            42.76754758226      7
v      -5.2022830622856                       4.6           41.711257927775      7
v      -7.0897405987969                       4.6           40.572225160764      7
v      -5.1967346755045                       4.6           39.448762332938      7
v      -7.0829947783032                       4.6           38.314103976223      7
v      -5.2256923810741                       4.6           37.233879937148      7
v      -3.2459164324445                       4.6           38.318181818182      7
v      -7.0949847836401                       4.6           36.131010578364      7
v       -3.287888139001                       4.6           52.267931308726      7
v      -1.2776768783885                       4.6           50.818181818182      7
v      -3.2899849812048                       4.6            35.73183388518      7
v      -1.2776768783891                       4.6           37.181818181818      7
v       -9.131694378355                       4.6           50.813707572312      7
v      -9.1395393263339                       4.6           41.692465620975      7
v      -9.1506350946112                       4.6           37.181818181819      7
v      -1.2776734513888                       4.6           39.454542737302      7
v      0.69056324683323                       4.6           38.318181365308      7
v      0.69056267566645                       4.6           36.045454545455      7
v       2.6588023249165                       4.6           37.181818106339      7
v       2.5620064884916                       4.6           34.912360922965      7
v       4.6241724745162                       4.6            36.01633956066      7
v       6.6750949694057                       4.6           34.774112520107      7
v       6.7203094182338                       4.6           36.981527532757      7
v       4.6428236080327                       4.6           38.295391929133      7
v       6.7098393655404                       4.6           39.328953224639      7
v       8.6134541683122                       4.6           38.208607767065      7
v       4.6537651425128                       4.6           40.562089584905      7
v       8.5635208918889                       4.6           47.409090909091      7
v       8.5635208918889                       4.6           49.681818181818      7
v       6.5952813378334                       4.6           48.545454545455      7
v       6.5883181481978                       4.6           50.853935398584      7
v       4.6258812521719                       4.6           49.687777111885      7
v       8.5741436716857                       4.6           51.970352424581      7
v       4.6270417837778                       4.6           51.954545454545      7
v        2.658608807788                       4.6           50.819174973193      7
v       2.5619834507384                       4.6           53.087757300789      7
v       6.6624842827828                       4.6           53.135384575264      7
v      -10.593916456863                       4.6           46.272685450476      7
v      -8.5635208918889                       4.6           47.409090909091      7
v      0.69070376872582                       4.6           40.590797219257      7
v      -6.9616866228914                       4.6           33.795563344767      7
v        10.53553992789                       4.6           41.729669527812      7
v      -2.2727272727272                       4.6           54.531760445944      7
v      -2.2727272727272                       4.6           33.468239554055      7
v      -6.9065970602347                       4.6           54.214119293566      7
v       2.6589318096013                       4.6           46.272645304758      7
v      -3.2416816708419                       4.6           42.860963725091      7
v      -3.2403242681423                       4.6           40.586827494184      7
v       10.544255213605                       4.6           50.802241273159      7
v       6.5954563614031                       4.6           46.272733922591      7
v       -1.275048592883                       4.6           48.545453346468      7
v       2.6660274817697                       4.6           39.445832047321      7
v       4.6270247852914                       4.6           47.409992654167      7
v       2.6585959961394                       4.6           48.546749331102      7
v      0.69093477577322                       4.6           49.682198780714      7
v      0.67053434136044                       4.6           51.946472969716      7
v       8.5977463316548                       4.6           40.547995337392      7
v       8.6667249792303                       4.6           35.930009385358      7
v       10.558989392591                       4.6           37.143120495666      7
v       8.8193948504194                       4.6           33.524899401307      7
v      -8.9794588507348                       4.6            54.59610627211      7
v       10.603515408738                       4.6            52.99536798499      7
v      -10.592211912486                       4.6           35.143580868934      7
v      -1.1474325311455                       4.6           35.176970405255      7
v       -1.148739491211                       4.6           52.822424107069      7
v      -5.4087341218106                       4.6           35.285566084365      7
v      -5.3986803995177                       4.6           52.713176085601      7
v       2.3057550073933                       4.6             54.9682219142      7
v       2.3057562067766                       4.6           33.031784240723      7
v      -11.021345818189                       4.6           50.821287262918      7
v      -6.6499440309521                       4.6           47.359043539076      7
v      -9.1334672614834                       4.6           45.199381570112      7
v      -11.036205877906                       4.6            41.67137141147      7
v      -8.5989340487979                       4.6           39.443031678865      7
v      -11.054921490608                       4.6           37.228716173787      7
v      -8.6072499767903                       4.6           35.113268262316      7
v       6.8181818181818                       4.6           32.906137355015      7
v       6.7574902614805                       4.6           55.037531627731      7
v      -10.836248164616                       4.6           54.836248164616      7
v      -8.6751553310912                       4.6           52.834508510459      7
v       10.836248164616                       4.6           54.836248164616      7
v       10.836248164616                       4.6           33.163751835384      7
v       -10.89036029704                       4.6           33.124575801952      7
v      -8.8466812137898                       4.6           49.111070775186      7
v      -8.6179597761207                       4.6           43.710211787399      7
v      -11.887624103777          0.96160318503694           29.670231778177      8
v       11.887608755839          0.96162787328301           29.670217180764      8
v                  9.75           1.1878406263617           29.547461539339      8
v                 -9.75           1.1878406263617           29.547461539339      8
v      -5.4046750476427           1.1915325533494           29.545624846951      8
v       5.4166666666667            1.187840626362            29.54746153934      8
v      -1.0833333333333           1.1878406263621            29.54746153934      8
v       2.3340834529574           2.0352766829165           29.228749787033      8
v       7.6106412692352           1.2033507021788           29.539778369939      8
v      -3.2226920640981            1.203350702179           29.539778369939      8
v      -7.5560253974314           1.2033507021788           29.539778369939      8
v      -11.229932241027           2.2235722264112           29.180219833476      8
v       11.229883489337           2.2235821540062           29.180217451209      8
v      0.69257832717972          0.97322711667468           29.663390502407      8
v       13.108870605207           2.2794335517929           29.167099865759      8
v      -13.108838642893           2.2794344439257           29.167099660742      8
v     0.011319130392417           2.5263845594114           29.115678942562      8
v       4.3651819672432            2.210539830191           29.183362793726      8
v       3.7560119592434          0.91260844803753            29.69977947474      8
v      -2.1423761863283            2.457339903561           29.129003712046      8
v      -4.3197009941887            2.385526863708           29.143718775283      8
v       6.4904284239972           2.3472585999609           29.151923780471      8
v      -6.4763998220101           2.3709470615611           29.146814698544      8
v       8.7758491469435           2.5120099943422           29.118387431635      8
v      -8.8477486002726           2.5265427448266           29.115649327526      8
v      -14.329768221823          0.96160318503729           55.887624103776      9
v      -14.329612150479          0.96133925578142           32.111549825563      9
v       -14.45253846066           1.1878406263618                     53.75      9
v       -14.45253846066            1.187840626362                     34.25      9
v      -14.454375153048           1.1915325533497           49.404675047639      9
v       -14.45253846066           1.1878406263624           38.583333333333      9
v       -14.45253846066           1.1878406263625           45.083333333333      9
v      -14.771250212967           2.0352766829164           41.665916547042      9
v       -14.46022163006           1.2033507021791           36.389358730765      9
v       -14.46022163006           1.2033507021793           47.222692064098      9
v       -14.46022163006            1.203350702179           51.556025397431      9
v      -14.819780166525           2.2235722264119           55.229932241027      9
v      -14.819794335432            2.223631273465           32.770278872547      9
v      -14.336609497592          0.97322711667512            43.30742167282      9
v      -14.832834136473            2.279146393721           30.891639511747      9
v      -14.832900339258           2.2794344439257           57.108838642894      9
v      -14.884321057438           2.5263845594113           43.988680869608      9
v      -14.816637206274           2.2105398301909           39.634818032758      9
v      -14.300220525259           0.9126084480378           40.243988040756      9
v      -14.870996287954           2.4573399035615           46.142376186328      9
v      -14.856281224717            2.385526863708           48.319700994189      9
v      -14.848076219529            2.347258599961           37.509571576002      9
v      -14.853185301456           2.3709470615618            50.47639982201      9
v      -14.884350672474           2.5265427448268           52.847748600272      9
v      -14.881613657911           2.5120157404206           35.224159777882      9
v       14.329782819236          0.96162787328318           55.887608755838      10
v       14.329639958264          0.96138627692846           32.111636109933      10
v        14.45253846066           1.1878406263618                     53.75      10
v        14.45253846066           1.1878406263619                     34.25      10
v       14.452268861221           1.1872995371533           49.416675145517      10
v        14.45253846066           1.1878406263624           38.583333333333      10
v        14.45253846066           1.1878406263625           45.083333333333      10
v       14.771250212967           2.0352766829164           41.665916547042      10
v       14.452233290512           1.1872281621939            47.24838403158      10
v       14.452903606129            1.188573816519            36.41384778011      10
v        14.45280471389           1.1883752083227           51.587650226259      10
v       14.819782548791           2.2235821540061           55.229883489336      10
v       14.819795512175           2.2236361775066           32.770309669179      10
v       14.336609497592          0.97322711667511            43.30742167282      10
v       14.832839854394           2.2791712699965           30.891582708201      10
v       14.832900134241           2.2794335517929           57.108870605207      10
v       14.884321057438           2.5263845594113           43.988680869608      10
v       14.817269430164           2.2131509638063             39.7111468283      10
v       14.300220525259          0.91260844803781           40.243988040756      10
v       14.866809237487           2.4364626856202            46.15596466678      10
v         14.8611908096           2.4090121277884           48.333333333331      10
v       14.859532576867           2.4010288316057           37.476976034457      10
v        14.84815828608           2.3476355388433           50.487508238114      10
v       14.885502750352           2.5327137039807           35.178970943029      10
v       14.881494996233            2.511390109174            52.77325796214      10
v      -11.888450174437          0.96133925578107           58.329612150479      11
v       11.888363890068          0.96138627692807           58.329639958264      11
v       9.7500000000001           1.1878406263615            58.45253846066      11
v                 -9.75           1.1878406263613           58.452538460661      11
v       5.4046750476463           1.1915325533492           58.454375153049      11
v      -5.4166666666667           1.1878406263615           58.452538460661      11
v       1.0833333333334           1.1878406263617            58.45253846066      11
v      -2.3340834529577           2.0352766829163           58.771250212967      11
v       7.5560253974315           1.2033507021786           58.460221630061      11
v      -7.6106412692352           1.2033507021783           58.460221630061      11
v       3.2226920640982           1.2033507021787           58.460221630061      11
v      -11.229721127452           2.2236312734647           58.819794335432      11
v       11.229690330821           2.2236361775058           58.819795512174      11
v      -0.6925783271796          0.97322711667419           58.336609497593      11
v      -13.108360488253            2.279146393721           58.832834136473      11
v       13.108417291799           2.2791712699964           58.832839854394      11
v      -0.0113191303924           2.5263845594107           58.884321057438      11
v      -4.3651819672427           2.2105398301907           58.816637206275      11
v      -3.7560119592438          0.91260844803675            58.30022052526      11
v       2.1423761863283            2.457339903561           58.870996287954      11
v       4.3197009941896           2.3855268637078           58.856281224717      11
v       -6.490428423998           2.3472585999606           58.848076219529      11
v       6.4763998220101           2.3709470615615           58.853185301456      11
v      -8.7758402221167           2.5120157404202           58.881613657911      11
v       8.8477389126211           2.5265478610315           58.884351630247      11
v      -8.1741526673597           2.2486254392542           48.352455815895      1
v      0.33029611516133           2.4120327134677           43.964989762435      1
v        9.882857363644           2.2868873756854            47.27171321626      1
v      -3.4957870288792           2.5301762172431           43.922244863914      1
v       7.5924744277228           2.3046277957995           42.382397785093      1
v      -8.8251592142116           2.2124872575715           42.926593327413      1
v       2.3671692325052           2.2429942740521           47.249933371614      1
v      -1.0887124736623           2.2540098544923           34.119379507474      1
v      -6.9385126668882           2.3123771341949            50.63597498914      1
v      -1.1899752195166           2.4400983916645           47.158861057387      1
v      -5.1384209636775           2.2307913381126           40.750000015237      1
v       6.1182438300115           2.2374012467338           49.419454284164      1
v      -5.1384209612823           2.2337256167234           47.250000006161      1
v        3.795854627464           2.3155910006443           50.499982119116      1
v      -10.073678692525           2.3011136937739            51.52587283027      1
v       -8.374994148842           2.2841770681416           45.840844597745      1
v       10.090904708223           2.2961190844135           49.811652441131      1
v      -2.0396453833438           2.3399457684382           40.779551339517      1
v       3.8776972846579           2.3490230117656            41.88941434893      1
v      -6.3436700393705           2.1557191949523            42.91859723789      1
v      -8.6385156219733           2.2792064368272           40.417155328674      1
v      -5.2937609844445           2.2555790571637           53.748977369505      1
v       9.9355654579811           2.3372718292321            38.29071477068      1
v       1.1156126329796           2.1571304332035           49.416431319622      1
v       5.9396363448068           2.3501529364607           45.136588502641      1
v       1.5805891239726           2.3137994623779           40.954932338255      1
v       3.2521712522482           2.2492294662741            34.12606038504      1
v       3.5601390651472           2.2352275137471           39.383076368459      1
v      -10.651335767859           2.1659074644555           37.536619337773      1
v      -10.618366187176           2.1221397334451           48.347805012467      1
v       1.0759757692917           2.1616846851603           35.365591243297      1
v       9.8795595739279            2.243430374219           34.121258285461      1
v      -10.153566456341           2.2904219684137           34.003805412355      1
v      -11.030732251884           2.1978053142954            43.99898365587      1
v      -1.1943811420726           2.2912748241598           38.373545509349      1
v      -8.6465249937693           2.2560820508715           36.022037589275      1
v       5.9546480315332           2.4604233310264           40.493470678279      1
v       6.3327152768487           2.3092206288752           51.970754166714      1
v        9.905415114901           2.2496925456072           53.849376660307      1
v       6.5242355735667           2.1721955731322           33.487858751566      1
v       6.5839737447612            2.194973181261           36.025924040828      1
v       4.8267360792972           2.1443588627998           47.323767341127      1
v      -4.5549606489964            2.224286277702           35.686273512412      1
v      -1.2016764575043           2.2511516933595           53.877805797329      1
v      -6.3660855091608           2.1609768500946           38.583517848658      1
v      -2.6395431111287           2.1656965504703           49.410421145467      1
v       7.3263979113208           2.4678808996791           47.279241977541      1
v      -10.172584423257           2.2732897270883           54.063660376428      1
v       9.6660184756789           2.3751600052535           44.773218193983      1
v       2.9220039958703           2.1304077398949           44.122267583321      1
v      -10.828831872057            2.212272646955           41.610043743148      1
v       7.4267878587953           2.3528952073776           38.457933122515      1
v       1.6826107891619           2.3909151202298           37.763731441559      1
v        1.694351560795            2.338545234064           51.826597182188      1
v       4.2449399416071           2.2936959365416            36.95856227436      1
v       10.580803328179            2.271138420194           40.899001446369      1
v       6.5541679346304           2.1213415620845            54.89198212633      1
v       -7.648942345263           2.3570256860016            53.00366522171      1
v       3.0413666727381           2.2705519524011           54.593926123301      1
v      -3.4591518832058           2.3651337147164            33.49536160133      1
v      -4.6270939043869           2.3273831202661            51.40653379023      1
v      -6.7114009811117            2.219489840442            33.12074148465      1
v      -6.1779286920233           2.0477642329386           45.208511671245      1
v      -2.2248524682092           2.1088291210707           36.220989367036      1
v      -3.5733854679151           2.3301918085007            38.95837998522      1
v       8.7160730873215           2.1306433155827           51.769980817899      1
v     -0.59767251799253           2.3098284854051           51.097733825948      1
v       10.884202777294           2.1609932256352           36.195779329583      1
v      -11.753291084491           1.9065481339357            46.15936318391      1
v       11.785170170804           1.8874165024692           48.395853013281      1
v     0.080372645785429           1.9202808941352           32.204522414564      1
v       -1.385644412109           1.8244043542888           42.916667136847      1
v      0.49074301272188           1.8170958046147           46.166668744852      1
v      -3.2620326314945           1.8174030594615           46.166666695893      1
v      -8.5490317784084           1.9716351829727           38.220983507909      1
v       11.757220392629            1.833729001457           46.181441587259      1
v      -11.783686505006           1.8060824495163           39.695508206673      1

# 2254 tetrahedra
t 27 641 381 677 0
t 271 275 296 692 0
t 314 657 633 678 0
t 28 381 27 641 0
t 251 144 322 646 0
t 271 691 275 692 0
t 47 259 341 146 0
t 275 296 692 693 0
t 421 623 621 629 0
t 112 260 17 636 0
t 251 49 144 646 0
t 275 692 691 693 0
t 49 48 251 144 0
t 259 47 341 651 0
t 17 636 260 685 0
t 17 363 260 113 0
t 47 46 259 146 0
t 332 671 624 675 0
t 423 623 421 629 0
t 423 421 621 629 0
t 49 322 144 646 0
t 48 646 251 659 0
t 381 28 249 641 0
t 381 124 27 257 0
t 127 374 371 634 0
t 29 355 641 663 0
t 47 259 46 651 0
t 129 128 254 549 0
t 299 300 632 680 0
t 381 667 27 677 0
t 374 634 127 667 0
t 378 641 663 680 0
t 49 251 48 646 0
t 17 260 658 685 0
t 363 114 113 572 0
t 296 629 692 693 0
t 299 301 300 680 0
t 289 662 655 664 0
t 377 673 663 678 0
t 31 120 30 663 0
t 28 381 249 123 0
t 363 17 16 113 0
t 112 17 18 636 0
t 271 621 691 692 0
t 299 628 301 680 0
t 299 632 628 680 0
t 275 691 623 693 0
t 260 363 17 658 0
t 254 43 128 634 0
t 46 259 146 147 0
t 340 660 642 687 0
t 146 522 46 147 0
t 340 651 660 687 0
t 28 27 381 123 0
t 135 134 364 553 0
t 29 122 28 641 0
t 36 135 375 652 0
t 260 112 17 113 0
t 21 668 109 695 0
t 127 45 374 667 0
t 390 2 45 126 0
t 391 36 3 136 0
t 114 0 16 388 0
t 113 112 17 580 0
t 26 27 124 257 0
t 34 387 256 116 0
t 491 624 671 675 0
t 120 31 247 663 0
t 381 257 27 667 0
t 371 128 44 634 0
t 29 355 122 641 0
t 361 651 340 687 0
t 0 388 35 658 0
t 248 107 23 675 0
t 0 16 388 658 0
t 546 391 3 136 0
t 390 545 2 126 0
t 138 54 55 258 0
t 36 375 135 548 0
t 388 114 0 570 0
t 633 657 468 678 0
t 113 16 363 572 0
t 254 128 371 634 0
t 415 638 624 644 0
t 655 662 442 664 0
t 1 46 389 651 0
t 1 389 25 651 0
t 598 26 124 125 0
t 114 363 16 572 0
t 117 118 599 676 0
t 492 642 660 687 0
t 51 679 141 690 0
t 127 45 547 374 0
t 341 145 47 146 0
t 528 47 145 146 0
t 247 663 31 678 0
t 442 662 655 681 0
t 35 34 256 116 0
t 43 254 128 549 0
t 623 629 423 693 0
t 44 127 634 667 0
t 364 37 135 553 0
t 377 663 247 678 0
t 341 651 47 659 0
t 423 629 621 692 0
t 391 3 55 137 0
t 125 2 26 390 0
t 631 636 263 666 0
t 128 371 44 555 0
t 126 547 45 374 0
t 127 371 128 555 0
t 364 134 37 553 0
t 277 360 393 624 0
t 254 43 129 549 0
t 343 646 322 690 0
t 145 48 525 144 0
t 145 251 48 144 0
t 375 36 136 548 0
t 138 137 55 523 0
t 340 651 361 660 0
t 44 128 43 634 0
t 277 624 638 644 0
t 354 30 120 663 0
t 34 256 387 676 0
t 106 575 23 107 0
t 125 595 2 390 0
t 137 391 3 520 0
t 118 32 33 678 0
t 314 633 673 678 0
t 492 660 651 687 0
t 147 1 46 389 0
t 37 134 364 648 0
t 371 127 44 555 0
t 363 16 17 658 0
t 277 624 393 638 0
t 127 44 45 667 0
t 104 573 25 105 0
t 621 623 421 691 0
t 44 127 371 634 0
t 378 663 305 680 0
t 547 126 127 374 0
t 21 20 668 695 0
t 120 247 354 663 0
t 112 636 18 689 0
t 628 632 429 680 0
t 46 259 147 389 0
t 335 624 668 675 0
t 28 122 249 641 0
t 147 521 1 389 0
t 595 10 2 390 0
t 3 11 391 546 0
t 37 135 36 652 0
t 11 3 391 520 0
t 2 10 545 390 0
t 546 3 36 136 0
t 545 45 2 126 0
t 114 16 0 570 0
t 388 9 0 596 0
t 388 0 9 570 0
t 49 646 50 690 0
t 248 23 642 675 0
t 30 121 29 663 0
t 105 25 362 687 0
t 23 248 106 107 0
t 262 263 636 666 0
t 322 646 143 690 0
t 572 113 16 225 0
t 573 230 25 105 0
t 548 135 36 226 0
t 46 227 522 146 0
t 26 224 598 124 0
t 0 35 388 115 0
t 246 141 679 690 0
t 145 341 47 659 0
t 27 257 26 667 0
t 364 37 648 652 0
t 116 115 35 597 0
t 16 363 114 388 0
t 52 141 51 679 0
t 105 24 25 687 0
t 579 106 220 687 0
t 620 634 518 649 0
t 29 641 477 663 0
t 278 630 623 637 0
t 115 388 0 596 0
t 125 26 124 257 0
t 254 129 43 649 0
t 136 135 375 548 0
t 2 26 390 667 0
t 547 231 45 127 0
t 55 138 523 228 0
t 597 35 116 229 0
t 109 21 339 668 0
t 2 390 45 667 0
t 23 107 22 675 0
t 46 259 389 651 0
t 599 118 33 676 0
t 663 305 680 686 0
t 258 54 55 652 0
t 381 27 604 123 0
t 24 25 230 105 0
t 138 55 137 258 0
t 595 2 26 125 0
t 3 391 55 652 0
t 137 3 55 520 0
t 332 334 671 675 0
t 463 636 631 666 0
t 289 292 655 662 0
t 143 646 49 690 0
t 442 500 662 681 0
t 105 25 104 362 0
t 256 34 35 658 0
t 300 665 632 680 0
t 36 391 3 652 0
t 580 112 17 219 0
t 378 641 355 663 0
t 412 668 624 675 0
t 106 248 23 687 0
t 292 655 662 681 0
t 340 642 336 687 0
t 143 322 49 646 0
t 128 44 221 555 0
t 109 668 244 695 0
t 134 217 38 648 0
t 25 1 104 389 0
t 521 1 46 147 0
t 336 361 340 687 0
t 34 658 256 676 0
t 43 634 254 649 0
t 571 1 8 389 0
t 481 623 630 637 0
t 521 8 1 389 0
t 29 121 355 663 0
t 48 251 145 659 0
t 392 624 346 668 0
t 339 668 21 675 0
t 115 35 256 116 0
t 362 25 389 651 0
t 553 134 37 217 0
t 443 663 641 680 0
t 316 676 657 678 0
t 141 52 51 206 0
t 642 660 340 671 0
t 124 27 604 381 0
t 528 47 218 145 0
t 571 104 1 389 0
t 263 636 631 685 0
t 54 652 258 681 0
t 31 663 397 678 0
t 289 288 662 664 0
t 393 624 360 656 0
t 0 35 115 596 0
t 134 37 217 648 0
t 118 33 32 212 0
t 232 2 26 595 0
t 546 36 3 238 0
t 0 35 596 242 0
t 520 3 55 241 0
t 243 45 2 545 0
t 570 16 0 236 0
t 525 48 208 144 0
t 663 673 397 678 0
t 632 665 429 680 0
t 468 673 633 678 0
t 346 624 392 644 0
t 129 43 215 549 0
t 443 663 680 686 0
t 113 17 16 225 0
t 37 36 135 226 0
t 227 46 47 146 0
t 224 26 27 124 0
t 141 51 526 206 0
t 328 327 656 671 0
t 27 216 604 123 0
t 123 122 28 600 0
t 492 660 642 671 0
t 394 21 668 675 0
t 249 122 355 641 0
t 16 363 388 658 0
t 601 120 31 119 0
t 220 106 23 687 0
t 118 599 33 212 0
t 575 213 23 107 0
t 382 530 138 681 0
t 231 44 45 127 0
t 138 55 54 228 0
t 35 34 116 229 0
t 362 25 104 389 0
t 52 529 141 679 0
t 118 117 255 676 0
t 387 34 603 116 0
t 539 141 526 206 0
t 112 18 17 219 0
t 221 43 44 128 0
t 21 109 20 695 0
t 388 35 256 115 0
t 637 645 422 691 0
t 118 32 605 615 0
t 52 141 529 206 0
t 388 256 35 658 0
t 415 624 413 644 0
t 657 676 405 678 0
t 280 630 278 637 0
t 343 322 143 690 0
t 588 107 383 675 0
t 129 215 565 549 0
t 140 141 529 679 0
t 48 49 208 144 0
t 393 638 624 656 0
t 45 126 374 667 0
t 579 220 24 687 0
t 145 47 48 659 0
t 248 642 23 687 0
t 327 671 328 674 0
t 47 48 218 145 0
t 332 656 624 671 0
t 28 249 122 123 0
t 614 119 601 204 0
t 419 422 645 691 0
t 143 49 50 690 0
t 432 628 620 632 0
t 474 645 637 654 0
t 17 483 636 685 0
t 299 620 628 632 0
t 615 599 118 212 0
t 45 390 126 667 0
t 219 580 112 592 0
t 104 1 25 571 0
t 215 43 129 649 0
t 631 636 463 685 0
t 539 529 141 206 0
t 615 118 32 212 0
t 302 680 305 686 0
t 302 303 680 686 0
t 642 671 334 675 0
t 140 524 139 681 0
t 411 644 624 668 0
t 375 136 36 652 0
t 436 630 623 639 0
t 383 107 248 675 0
t 240 25 1 571 0
t 480 661 626 669 0
t 1 46 234 521 0
t 348 637 645 654 0
t 518 620 447 634 0
t 140 679 53 681 0
t 36 136 391 652 0
t 216 27 28 123 0
t 213 22 23 107 0
t 413 624 411 644 0
t 387 117 603 676 0
t 25 651 362 687 0
t 215 129 42 649 0
t 605 119 614 204 0
t 51 141 526 690 0
t 591 220 579 106 0
t 252 260 112 636 0
t 217 553 134 566 0
t 55 391 137 652 0
t 480 416 661 669 0
t 26 125 390 667 0
t 218 541 528 145 0
t 456 659 651 660 0
t 119 605 380 678 0
t 387 603 34 676 0
t 246 679 627 690 0
t 491 624 656 671 0
t 119 120 31 247 0
t 143 144 49 322 0
t 129 565 42 554 0
t 0 35 16 658 0
t 134 38 217 566 0
t 624 644 346 668 0
t 119 31 601 204 0
t 119 247 31 678 0
t 27 479 641 677 0
t 481 623 436 630 0
t 302 305 303 686 0
t 474 451 645 654 0
t 375 391 136 652 0
t 1 25 46 651 0
t 140 53 524 681 0
t 216 616 604 123 0
t 128 221 567 555 0
t 335 668 339 675 0
t 252 636 112 689 0
t 109 339 244 668 0
t 215 565 42 129 0
t 17 496 483 685 0
t 354 121 30 663 0
t 53 140 524 214 0
t 468 657 405 678 0
t 38 134 550 566 0
t 394 476 21 675 0
t 645 654 451 672 0
t 140 52 53 679 0
t 262 636 622 666 0
t 122 210 28 600 0
t 17 658 496 685 0
t 26 257 125 667 0
t 332 624 334 675 0
t 140 253 679 681 0
t 29 400 477 641 0
t 491 671 642 675 0
t 419 645 621 691 0
t 197 30 31 120 0
t 429 628 432 632 0
t 49 538 144 143 0
t 24 593 579 105 0
t 456 651 492 660 0
t 55 137 258 652 0
t 573 579 593 105 0
t 390 374 126 667 0
t 540 524 140 214 0
t 646 650 503 690 0
t 219 112 18 592 0
t 348 645 337 654 0
t 443 477 641 663 0
t 623 630 278 639 0
t 455 646 659 660 0
t 367 628 620 634 0
t 54 138 530 681 0
t 105 579 24 687 0
t 337 654 645 672 0
t 140 53 52 214 0
t 28 29 210 122 0
t 314 673 315 678 0
t 575 23 591 106 0
t 112 574 18 592 0
t 391 258 137 652 0
t 140 529 52 679 0
t 385 337 645 672 0
t 541 218 48 145 0
t 38 550 134 696 0
t 38 134 648 696 0
t 588 22 107 675 0
t 220 591 23 106 0
t 277 644 638 669 0
t 470 673 468 678 0
t 526 529 141 539 0
t 474 637 450 654 0
t 481 630 482 637 0
t 415 638 644 669 0
t 456 494 651 659 0
t 422 637 474 645 0
t 629 643 485 665 0
t 447 620 518 628 0
t 603 223 34 676 0
t 425 623 423 693 0
t 131 558 551 653 0
t 525 541 48 145 0
t 616 216 28 123 0
t 246 141 344 679 0
t 289 288 292 662 0
t 278 637 623 691 0
t 463 622 636 666 0
t 141 140 344 679 0
t 432 620 505 632 0
t 548 553 135 569 0
t 543 528 522 146 0
t 618 604 598 124 0
t 221 567 43 128 0
t 627 679 51 690 0
t 529 140 52 540 0
t 601 605 119 614 0
t 488 633 626 661 0
t 621 645 419 669 0
t 348 385 337 645 0
t 120 31 197 601 0
t 574 112 18 689 0
t 644 666 346 668 0
t 428 436 623 639 0
t 121 120 30 608 0
t 128 567 43 549 0
t 355 121 354 663 0
t 556 45 545 126 0
t 316 315 676 678 0
t 597 116 603 619 0
t 127 547 568 555 0
t 138 530 523 544 0
t 28 616 123 600 0
t 348 645 637 691 0
t 108 588 383 675 0
t 129 554 42 688 0
t 665 680 303 686 0
t 644 661 416 669 0
t 510 655 652 681 0
t 540 140 52 214 0
t 292 294 655 681 0
t 304 620 632 635 0
t 458 671 656 674 0
t 28 27 479 641 0
t 572 580 113 594 0
t 423 425 421 623 0
t 116 34 603 619 0
t 127 568 44 555 0
t 530 138 54 544 0
t 255 676 315 678 0
t 418 419 645 669 0
t 323 659 646 660 0
t 367 634 620 649 0
t 411 666 644 668 0
t 118 255 380 678 0
t 623 427 682 693 0
t 455 646 404 659 0
t 458 656 647 674 0
t 29 30 200 121 0
t 399 518 634 649 0
t 285 639 630 640 0
t 381 309 667 677 0
t 261 636 263 685 0
t 255 316 315 676 0
t 40 558 132 653 0
t 17 113 580 594 0
t 420 669 480 692 0
t 284 626 633 661 0
t 480 669 626 692 0
t 553 37 135 569 0
t 528 543 47 146 0
t 604 618 27 124 0
t 136 36 546 557 0
t 311 643 629 665 0
t 40 653 132 670 0
t 521 46 532 147 0
t 278 276 637 691 0
t 332 335 334 624 0
t 382 139 530 681 0
t 570 114 16 581 0
t 651 659 361 660 0
t 456 494 492 651 0
t 38 217 37 648 0
t 42 649 129 688 0
t 333 332 334 671 0
t 125 257 390 667 0
t 442 662 440 664 0
t 381 641 309 677 0
t 520 55 137 531 0
t 122 121 29 613 0
t 658 676 408 685 0
t 466 633 488 661 0
t 27 667 495 677 0
t 220 23 24 687 0
t 436 481 428 623 0
t 21 20 109 196 0
t 505 632 620 635 0
t 357 346 666 668 0
t 463 465 631 685 0
t 280 278 276 637 0
t 109 20 576 196 0
t 419 422 474 645 0
t 333 334 642 671 0
t 503 650 396 690 0
t 8 521 147 389 0
t 452 654 650 672 0
t 45 556 547 126 0
t 9 114 388 570 0
t 437 630 639 640 0
t 607 596 35 242 0
t 447 620 628 634 0
t 284 633 626 643 0
t 531 520 55 241 0
t 45 243 556 545 0
t 595 26 606 125 0
t 11 391 546 136 0
t 390 10 545 126 0
t 485 665 643 686 0
t 463 462 622 666 0
t 428 623 427 682 0
t 429 432 505 632 0
t 650 654 330 672 0
t 21 22 108 675 0
t 427 623 425 693 0
t 272 621 645 691 0
t 21 22 205 108 0
t 202 49 50 143 0
t 25 240 582 571 0
t 621 273 645 669 0
t 304 635 632 682 0
t 106 579 386 687 0
t 443 680 665 686 0
t 557 136 36 548 0
t 522 532 46 147 0
t 498 650 452 683 0
t 572 16 114 581 0
t 471 408 676 685 0
t 424 643 629 692 0
t 596 35 115 607 0
t 335 334 624 675 0
t 323 660 646 674 0
t 29 355 121 122 0
t 272 645 348 691 0
t 510 652 406 681 0
t 104 25 582 571 0
t 30 354 120 121 0
t 268 626 661 669 0
t 606 232 26 595 0
t 36 546 557 238 0
t 532 234 46 521 0
t 16 570 581 236 0
t 431 628 429 680 0
t 41 551 199 653 0
t 343 650 646 690 0
t 542 53 222 681 0
t 358 299 620 628 0
t 442 475 500 681 0
t 378 305 302 680 0
t 358 620 367 628 0
t 523 137 55 531 0
t 215 42 43 649 0
t 420 621 669 692 0
t 22 588 108 675 0
t 485 629 424 643 0
t 50 646 503 690 0
t 330 650 338 654 0
t 10 2 609 595 0
t 3 11 546 559 0
t 455 659 456 660 0
t 520 11 3 535 0
t 560 2 10 545 0
t 10 595 125 390 0
t 20 109 576 695 0
t 137 11 391 520 0
t 596 9 0 610 0
t 105 386 579 687 0
t 570 0 9 585 0
t 428 425 427 623 0
t 140 139 253 681 0
t 108 21 109 583 0
t 435 639 625 640 0
t 40 552 201 670 0
t 443 477 400 641 0
t 655 664 442 694 0
t 131 653 551 688 0
t 499 663 443 686 0
t 399 518 447 634 0
t 598 606 26 125 0
t 455 646 660 674 0
t 442 655 475 681 0
t 335 376 339 668 0
t 625 635 321 682 0
t 257 381 309 667 0
t 108 339 21 675 0
t 288 356 662 684 0
t 423 621 420 692 0
t 338 654 650 683 0
t 434 635 625 682 0
t 418 645 638 669 0
t 268 661 644 669 0
t 54 530 222 681 0
t 285 640 630 664 0
t 582 573 25 104 0
t 8 104 571 389 0
t 335 624 376 668 0
t 625 321 639 682 0
t 415 414 413 624 0
t 558 131 132 653 0
t 292 294 289 655 0
t 597 115 35 607 0
t 434 625 519 639 0
t 9 388 115 596 0
t 369 635 653 688 0
t 626 633 488 643 0
t 263 631 290 685 0
t 519 625 434 635 0
t 434 625 639 682 0
t 272 621 273 645 0
t 632 635 505 682 0
t 446 498 452 683 0
t 415 644 416 669 0
t 625 639 285 640 0
t 471 676 657 685 0
t 419 418 417 669 0
t 627 650 498 683 0
t 551 653 41 688 0
t 412 411 624 668 0
t 288 662 664 684 0
t 357 666 622 668 0
t 48 404 646 659 0
t 369 635 373 653 0
t 584 1 8 571 0
t 534 8 1 521 0
t 456 455 404 659 0
t 2 10 609 560 0
t 11 3 535 559 0
t 411 413 412 624 0
t 369 649 635 688 0
t 311 643 665 686 0
t 585 0 9 610 0
t 552 39 670 696 0
t 481 436 482 630 0
t 339 21 109 108 0
t 435 437 639 640 0
t 381 249 309 641 0
t 635 472 653 688 0
t 424 626 643 692 0
t 331 328 327 656 0
t 453 672 650 674 0
t 421 420 423 621 0
t 638 645 273 669 0
t 286 625 321 639 0
t 591 579 575 106 0
t 635 649 472 688 0
t 492 642 460 671 0
t 284 626 319 643 0
t 625 635 506 653 0
t 285 625 286 639 0
t 273 621 270 669 0
t 274 629 311 643 0
t 620 635 369 649 0
t 132 653 365 670 0
t 304 620 299 632 0
t 412 624 491 675 0
t 465 657 631 685 0
t 289 664 655 694 0
t 474 450 451 654 0
t 132 131 365 653 0
t 106 386 248 687 0
t 382 258 294 681 0
t 356 293 662 684 0
t 439 442 664 694 0
t 261 262 263 636 0
t 369 653 245 688 0
t 516 46 25 651 0
t 366 640 694 696 0
t 552 39 201 670 0
t 554 129 565 549 0
t 274 629 643 692 0
t 440 664 662 684 0
t 426 665 632 693 0
t 364 648 295 652 0
t 466 488 487 661 0
t 328 671 660 674 0
t 282 630 285 639 0
t 118 605 599 615 0
t 444 443 665 686 0
t 47 651 494 659 0
t 429 665 430 680 0
t 121 30 200 602 0
t 347 623 278 639 0
t 604 124 381 123 0
t 426 429 632 665 0
t 328 660 325 674 0
t 646 650 326 674 0
t 294 652 655 681 0
t 506 635 472 653 0
t 368 620 369 649 0
t 584 8 1 534 0
t 378 355 305 663 0
t 454 453 650 674 0
t 288 356 293 662 0
t 284 633 631 661 0
t 282 278 630 639 0
t 368 367 620 649 0
t 277 392 624 644 0
t 662 683 441 684 0
t 369 373 245 653 0
t 139 138 382 530 0
t 283 285 630 664 0
t 295 652 648 655 0
t 347 623 639 682 0
t 485 643 489 686 0
t 481 623 637 691 0
t 376 392 346 668 0
t 632 682 427 693 0
t 350 277 638 669 0
t 437 630 640 664 0
t 317 676 658 685 0
t 366 694 648 696 0
t 605 118 119 380 0
t 463 631 464 666 0
t 663 673 377 686 0
t 411 622 666 668 0
t 308 628 367 634 0
t 40 132 552 670 0
t 35 515 16 658 0
t 253 662 379 679 0
t 470 397 673 678 0
t 361 651 341 659 0
t 577 205 22 108 0
t 49 202 527 143 0
t 200 29 121 602 0
t 376 624 392 668 0
t 451 486 645 672 0
t 510 475 655 681 0
t 267 626 284 661 0
t 373 635 625 653 0
t 623 428 639 682 0
t 49 48 404 646 0
t 314 320 633 657 0
t 475 442 510 655 0
t 323 324 659 660 0
t 268 626 267 661 0
t 631 633 466 661 0
t 471 405 657 676 0
t 412 491 476 675 0
t 500 402 662 681 0
t 549 128 567 555 0
t 284 631 265 661 0
t 504 634 43 649 0
t 290 631 657 685 0
t 577 21 205 108 0
t 527 202 50 143 0
t 533 527 50 690 0
t 599 603 117 617 0
t 650 672 326 674 0
t 497 648 37 652 0
t 426 629 665 693 0
t 311 629 351 665 0
t 648 652 497 655 0
t 323 251 646 659 0
t 490 397 663 673 0
t 458 457 671 674 0
t 406 652 54 681 0
t 333 642 340 671 0
t 411 622 462 666 0
t 465 466 631 633 0
t 552 670 132 696 0
t 474 451 486 645 0
t 274 643 319 692 0
t 454 650 646 674 0
t 475 510 406 681 0
t 411 484 644 666 0
t 435 519 625 639 0
t 489 485 424 643 0
t 279 623 347 682 0
t 304 632 298 682 0
t 330 654 337 672 0
t 574 112 580 592 0
t 297 632 300 665 0
t 518 620 432 628 0
t 132 558 40 552 0
t 30 121 608 602 0
t 385 645 647 672 0
t 258 652 294 681 0
t 331 327 647 656 0
t 343 349 646 650 0
t 326 646 349 650 0
t 140 529 524 540 0
t 139 524 530 542 0
t 20 394 21 668 0
t 405 676 33 678 0
t 262 264 263 666 0
t 465 633 631 657 0
t 272 273 348 645 0
t 417 480 420 669 0
t 22 577 108 588 0
t 49 527 538 143 0
t 613 121 29 602 0
t 628 634 308 677 0
t 297 632 665 693 0
t 471 467 408 685 0
t 660 671 457 674 0
t 419 417 621 669 0
t 458 459 656 671 0
t 662 679 253 681 0
t 641 677 501 680 0
t 399 634 504 649 0
t 398 463 622 636 0
t 487 480 416 661 0
t 30 397 31 663 0
t 408 658 34 676 0
t 490 673 663 686 0
t 473 635 620 649 0
t 50 503 396 690 0
t 36 3 55 652 0
t 387 256 317 676 0
t 117 387 603 116 0
t 321 625 373 635 0
t 480 626 424 692 0
t 343 352 650 690 0
t 314 316 320 657 0
t 440 662 441 684 0
t 503 50 49 646 0
t 533 143 527 690 0
t 273 350 638 669 0
t 277 393 350 638 0
t 333 336 340 642 0
t 281 637 348 654 0
t 256 658 317 676 0
t 319 643 626 692 0
t 519 506 625 635 0
t 361 659 324 660 0
t 317 657 676 685 0
t 108 577 21 583 0
t 626 669 269 692 0
t 463 462 398 622 0
t 357 346 264 666 0
t 420 480 424 692 0
t 367 254 634 649 0
t 402 679 662 681 0
t 469 488 633 643 0
t 338 352 627 650 0
t 337 330 338 654 0
t 527 143 50 690 0
t 358 301 299 628 0
t 36 55 3 517 0
t 445 441 662 683 0
t 553 550 134 566 0
t 268 269 626 669 0
t 34 223 33 676 0
t 525 528 541 145 0
t 31 397 502 678 0
t 277 392 360 624 0
t 431 429 430 680 0
t 473 472 635 649 0
t 327 328 325 674 0
t 479 27 495 677 0
t 627 650 352 690 0
t 338 650 627 683 0
t 306 377 673 686 0
t 481 637 422 691 0
t 297 665 351 693 0
t 331 647 638 656 0
t 277 268 644 669 0
t 2 45 26 667 0
t 293 683 662 684 0
t 314 313 315 673 0
t 292 379 253 662 0
t 493 642 492 687 0
t 395 519 506 625 0
t 55 517 36 652 0
t 500 440 442 662 0
t 437 630 436 639 0
t 460 642 491 671 0
t 284 312 633 643 0
t 477 30 29 663 0
t 123 616 604 600 0
t 307 628 677 680 0
t 323 325 660 674 0
t 435 434 519 639 0
t 447 634 628 677 0
t 450 474 422 637 0
t 250 366 648 696 0
t 279 623 682 693 0
t 422 419 421 691 0
t 435 625 448 640 0
t 498 445 627 683 0
t 260 318 658 685 0
t 140 253 344 679 0
t 385 647 329 672 0
t 490 663 499 686 0
t 307 677 641 680 0
t 40 201 39 670 0
t 419 621 421 691 0
t 403 640 670 696 0
t 377 354 247 663 0
t 401 491 642 675 0
t 250 648 134 696 0
t 465 468 466 633 0
t 545 547 556 126 0
t 270 269 669 692 0
t 342 649 369 688 0
t 396 650 627 690 0
t 401 642 23 675 0
t 357 264 622 666 0
t 492 457 660 671 0
t 468 471 405 657 0
t 445 679 627 683 0
t 369 620 304 635 0
t 491 656 459 671 0
t 499 443 444 686 0
t 488 626 487 661 0
t 640 366 670 696 0
t 358 368 367 620 0
t 266 644 268 661 0
t 262 622 264 666 0
t 426 423 629 693 0
t 261 263 290 685 0
t 532 522 521 147 0
t 292 662 253 681 0
t 557 546 136 548 0
t 405 470 468 678 0
t 426 425 423 693 0
t 262 357 264 622 0
t 418 638 645 647 0
t 114 570 572 581 0
t 465 468 633 657 0
t 395 625 506 653 0
t 400 29 28 641 0
t 304 369 368 620 0
t 270 273 272 621 0
t 323 646 326 674 0
t 351 665 629 693 0
t 287 640 285 664 0
t 331 359 638 647 0
t 129 649 342 688 0
t 364 295 375 652 0
t 105 106 579 386 0
t 447 518 432 628 0
t 308 358 367 628 0
t 347 279 278 623 0
t 16 35 0 515 0
t 26 45 2 513 0
t 346 644 264 666 0
t 486 647 645 672 0
t 26 45 513 667 0
t 523 520 137 531 0
t 487 631 466 661 0
t 437 640 508 664 0
t 288 664 356 684 0
t 108 383 588 107 0
t 504 399 447 634 0
t 337 281 348 654 0
t 345 679 379 683 0
t 518 473 620 649 0
t 417 420 621 669 0
t 319 284 267 626 0
t 508 664 640 694 0
t 470 502 397 678 0
t 380 247 119 678 0
t 54 406 55 652 0
t 320 631 284 633 0
t 491 624 414 656 0
t 270 669 621 692 0
t 351 311 274 629 0
t 563 552 132 696 0
t 426 430 429 665 0
t 606 598 595 125 0
t 278 280 282 630 0
t 321 286 373 625 0
t 443 430 665 680 0
t 424 629 423 692 0
t 443 430 444 665 0
t 393 331 638 656 0
t 280 356 283 630 0
t 264 631 263 666 0
t 264 644 266 666 0
t 291 625 285 640 0
t 264 265 263 631 0
t 264 265 631 666 0
t 421 481 422 691 0
t 297 299 300 632 0
t 282 283 285 630 0
t 379 679 662 683 0
t 499 490 397 663 0
t 285 291 286 625 0
t 261 260 636 685 0
t 284 320 265 631 0
t 467 658 408 685 0
t 313 315 673 678 0
t 27 26 495 667 0
t 366 370 670 696 0
t 418 645 486 647 0
t 421 623 481 691 0
t 424 423 420 692 0
t 298 304 299 632 0
t 424 626 488 643 0
t 418 638 417 669 0
t 104 582 573 571 0
t 564 551 207 688 0
t 487 626 480 661 0
t 445 441 440 662 0
t 484 487 661 666 0
t 597 596 115 607 0
t 17 483 18 636 0
t 298 279 682 693 0
t 360 624 332 656 0
t 142 526 141 690 0
t 418 461 638 647 0
t 429 431 432 628 0
t 266 264 346 644 0
t 46 25 1 516 0
t 331 359 393 638 0
t 308 634 310 677 0
t 399 504 43 649 0
t 304 358 299 620 0
t 341 361 259 651 0
t 264 661 265 666 0
t 326 650 330 672 0
t 435 448 437 640 0
t 464 661 487 666 0
t 401 23 22 675 0
t 492 460 457 671 0
t 433 447 628 677 0
t 508 640 403 694 0
t 47 46 494 651 0
t 290 263 320 631 0
t 550 38 209 696 0
t 416 480 417 669 0
t 32 405 33 678 0
t 427 425 426 693 0
t 39 552 563 696 0
t 308 307 628 677 0
t 464 466 487 631 0
t 445 478 498 627 0
t 435 437 436 639 0
t 526 198 51 690 0
t 343 349 322 646 0
t 484 464 487 666 0
t 487 644 484 661 0
t 492 651 407 687 0
t 16 496 17 658 0
t 286 321 347 639 0
t 487 416 644 661 0
t 464 631 487 661 0
t 427 426 632 693 0
t 284 319 312 643 0
t 463 636 483 685 0
t 274 311 319 643 0
t 562 39 563 696 0
t 447 514 634 677 0
t 384 683 293 684 0
t 415 638 461 656 0
t 463 464 462 666 0
t 268 269 267 626 0
t 291 365 625 670 0
t 365 653 625 670 0
t 439 442 440 664 0
t 487 416 484 644 0
t 535 191 11 559 0
t 560 10 609 193 0
t 283 356 664 684 0
t 285 286 282 639 0
t 440 438 664 684 0
t 463 467 465 685 0
t 34 408 35 658 0
t 349 326 323 646 0
t 462 411 410 622 0
t 534 584 8 188 0
t 585 9 194 610 0
t 407 651 25 687 0
t 392 376 335 624 0
t 411 410 622 668 0
t 437 508 439 664 0
t 485 489 444 686 0
t 411 484 413 644 0
t 503 646 454 650 0
t 371 374 310 634 0
t 438 630 437 664 0
t 434 505 635 682 0
t 630 637 280 684 0
t 578 689 19 695 0
t 251 322 323 646 0
t 417 415 416 669 0
t 291 640 366 670 0
t 578 590 19 689 0
t 373 625 365 653 0
t 385 329 337 672 0
t 347 639 321 682 0
t 413 416 415 644 0
t 445 478 627 679 0
t 290 631 320 657 0
t 469 643 633 673 0
t 304 321 635 682 0
t 439 664 508 694 0
t 318 317 658 685 0
t 418 486 461 647 0
t 283 287 285 664 0
t 289 287 664 694 0
t 283 630 356 684 0
t 328 656 332 671 0
t 356 630 280 684 0
t 449 648 497 655 0
t 273 270 350 669 0
t 250 366 372 648 0
t 493 460 492 642 0
t 550 209 562 696 0
t 131 551 130 688 0
t 356 384 293 684 0
t 426 629 485 665 0
t 370 291 366 670 0
t 365 373 291 625 0
t 464 463 465 631 0
t 318 363 260 658 0
t 264 266 661 666 0
t 294 652 295 655 0
t 298 682 632 693 0
t 331 332 328 656 0
t 458 457 459 671 0
t 366 372 648 694 0
t 631 633 320 657 0
t 633 643 312 673 0
t 130 554 129 688 0
t 578 203 589 695 0
t 44 43 504 634 0
t 323 325 324 660 0
t 625 653 395 670 0
t 427 632 505 682 0
t 417 638 415 669 0
t 647 672 453 674 0
t 367 254 371 634 0
t 282 347 278 639 0
t 19 203 578 695 0
t 460 401 491 642 0
t 482 637 630 684 0
t 610 585 0 237 0
t 609 233 2 560 0
t 3 535 559 239 0
t 444 665 485 686 0
t 265 661 631 666 0
t 283 664 630 684 0
t 323 324 251 659 0
t 131 245 653 688 0
t 329 672 647 674 0
t 264 266 265 661 0
t 207 551 41 688 0
t 18 211 574 689 0
t 343 352 349 650 0
t 306 377 313 673 0
t 441 683 654 684 0
t 287 640 664 694 0
t 329 326 672 674 0
t 578 110 111 695 0
t 53 679 402 681 0
t 329 647 327 674 0
t 489 643 469 673 0
t 403 648 449 694 0
t 314 633 312 673 0
t 433 514 447 677 0
t 609 2 232 595 0
t 559 546 3 238 0
t 610 0 596 242 0
t 490 470 397 673 0
t 535 3 520 241 0
t 560 243 2 545 0
t 570 0 585 236 0
t 304 298 321 682 0
t 42 554 207 688 0
t 467 483 496 685 0
t 51 627 478 679 0
t 207 554 564 688 0
t 469 489 488 643 0
t 374 310 634 667 0
t 368 369 342 649 0
t 409 44 634 667 0
t 631 661 464 666 0
t 578 589 576 695 0
t 312 673 643 686 0
t 329 327 326 674 0
t 297 300 351 665 0
t 277 346 392 644 0
t 251 341 145 659 0
t 134 550 133 696 0
t 458 647 453 674 0
t 489 424 488 643 0
t 290 657 317 685 0
t 310 308 367 634 0
t 407 25 24 687 0
t 622 636 262 689 0
t 301 628 307 680 0
t 415 461 414 656 0
t 578 111 689 695 0
t 111 112 574 689 0
t 514 667 634 677 0
t 551 564 554 688 0
t 334 248 642 675 0
t 211 590 574 689 0
t 473 505 620 635 0
t 295 648 372 655 0
t 643 673 489 686 0
t 267 284 265 661 0
t 497 509 37 648 0
t 350 268 277 669 0
t 454 646 455 674 0
t 324 361 341 659 0
t 252 262 636 689 0
t 368 254 367 649 0
t 453 647 486 672 0
t 428 434 639 682 0
t 357 668 622 695 0
t 518 399 473 649 0
t 273 638 359 645 0
t 330 326 349 650 0
t 1 235 584 534 0
t 574 590 578 689 0
t 450 637 482 684 0
t 443 641 501 680 0
t 463 483 467 685 0
t 449 509 497 648 0
t 503 454 396 650 0
t 458 461 647 656 0
t 536 198 526 690 0
t 500 475 402 681 0
t 644 661 266 666 0
t 417 418 415 638 0
t 452 650 453 672 0
t 301 308 307 628 0
t 498 627 396 650 0
t 348 637 276 691 0
t 338 352 345 627 0
t 378 249 355 641 0
t 393 360 331 656 0
t 295 364 372 648 0
t 266 268 267 661 0
t 488 480 487 626 0
t 345 627 679 683 0
t 584 240 1 571 0
t 1 234 534 521 0
t 340 361 324 660 0
t 334 383 248 675 0
t 54 222 53 681 0
t 309 310 667 677 0
t 448 625 395 670 0
t 615 32 605 204 0
t 280 637 281 684 0
t 481 482 422 637 0
t 508 403 449 694 0
t 364 134 250 648 0
t 105 362 386 687 0
t 211 19 590 689 0
t 20 410 668 695 0
t 328 340 660 671 0
t 477 443 499 663 0
t 352 246 627 690 0
t 142 141 246 690 0
t 458 486 453 647 0
t 654 683 384 684 0
t 110 578 576 695 0
t 484 661 644 666 0
t 311 665 303 686 0
t 450 654 637 684 0
t 446 654 441 683 0
t 403 640 448 670 0
t 511 47 494 659 0
t 357 376 346 668 0
t 360 332 331 656 0
t 30 197 200 611 0
t 40 201 561 199 0
t 574 578 111 689 0
t 551 554 130 688 0
t 471 408 512 676 0
t 612 613 29 602 0
t 49 527 537 538 0
t 39 563 552 562 0
t 454 455 453 674 0
t 562 209 39 696 0
t 471 657 467 685 0
t 338 627 345 683 0
t 306 673 312 686 0
t 589 576 20 196 0
t 443 400 501 641 0
t 108 383 339 675 0
t 352 343 246 690 0
t 445 662 679 683 0
t 262 353 622 689 0
t 491 414 459 656 0
t 244 339 376 668 0
t 203 19 578 590 0
t 411 462 484 666 0
t 38 550 209 566 0
t 409 45 44 667 0
t 482 630 438 684 0
t 622 668 410 695 0
t 289 287 288 664 0
t 630 664 438 684 0
t 634 667 310 677 0
t 288 283 356 664 0
t 385 645 359 647 0
t 506 472 395 653 0
t 490 489 673 686 0
t 284 312 314 633 0
t 625 640 291 670 0
t 608 611 30 602 0
t 552 558 40 561 0
t 472 41 653 688 0
t 493 492 407 687 0
t 452 454 453 650 0
t 501 433 431 680 0
t 293 379 662 683 0
t 435 428 434 639 0
t 293 345 379 683 0
t 577 22 587 588 0
t 540 52 529 206 0
t 42 565 207 554 0
t 254 342 129 649 0
t 262 252 353 689 0
t 493 23 642 687 0
t 321 373 369 635 0
t 396 627 51 690 0
t 328 340 325 660 0
t 593 220 24 579 0
t 456 511 494 659 0
t 316 317 657 676 0
t 271 621 272 691 0
t 271 270 621 692 0
t 359 645 638 647 0
t 278 623 275 691 0
t 466 469 488 633 0
t 338 330 352 650 0
t 467 657 465 685 0
t 50 198 202 536 0
t 196 586 21 205 0
t 275 623 279 693 0
t 266 277 268 644 0
t 20 410 394 668 0
t 38 648 403 696 0
t 420 419 417 621 0
t 311 351 303 665 0
t 319 626 269 692 0
t 423 424 485 629 0
t 296 629 274 692 0
t 252 261 260 636 0
t 323 326 325 674 0
t 573 25 230 582 0
t 35 597 607 229 0
t 433 628 431 680 0
t 55 523 531 228 0
t 556 231 45 547 0
t 351 629 296 693 0
t 211 18 574 592 0
t 257 309 310 667 0
t 536 526 533 690 0
t 23 591 213 575 0
t 131 130 245 688 0
t 434 427 505 682 0
t 287 366 285 640 0
t 261 318 260 685 0
t 495 667 514 677 0
t 268 270 269 669 0
t 507 448 395 670 0
t 129 342 130 688 0
t 467 496 658 685 0
t 307 641 378 680 0
t 616 28 210 600 0
t 541 48 208 525 0
t 36 497 37 652 0
t 309 641 307 677 0
t 193 10 609 595 0
t 546 11 191 559 0
t 297 298 632 693 0
t 11 520 191 535 0
t 193 560 10 545 0
t 335 332 360 624 0
t 576 589 586 196 0
t 9 596 194 610 0
t 571 8 584 188 0
t 357 622 353 695 0
t 398 636 622 689 0
t 26 224 606 598 0
t 548 36 557 226 0
t 46 227 532 522 0
t 188 8 534 521 0
t 194 570 9 585 0
t 197 611 601 614 0
t 526 539 198 536 0
t 199 564 561 551 0
t 581 572 16 225 0
t 40 395 653 670 0
t 50 536 527 533 0
t 577 586 21 583 0
t 42 472 649 688 0
t 403 448 507 670 0
t 498 396 452 650 0
t 199 40 41 653 0
t 278 275 276 691 0
t 275 271 272 691 0
t 475 406 54 681 0
t 510 497 652 655 0
t 439 438 437 664 0
t 271 296 274 692 0
t 271 269 270 692 0
t 274 319 269 692 0
t 132 670 370 696 0
t 638 647 461 656 0
t 110 576 109 695 0
t 455 660 457 674 0
t 273 350 359 638 0
t 294 258 295 652 0
t 297 279 298 693 0
t 275 279 296 693 0
t 255 315 380 678 0
t 490 489 469 673 0
t 297 351 296 693 0
t 34 603 619 223 0
t 544 54 530 222 0
t 568 221 44 555 0
t 471 512 405 676 0
t 611 200 30 602 0
t 552 40 201 561 0
t 300 301 302 680 0
t 298 279 347 682 0
t 366 640 287 694 0
t 33 599 617 212 0
t 43 567 215 549 0
t 53 524 542 214 0
t 256 318 317 658 0
t 479 501 641 677 0
t 248 336 642 687 0
t 514 409 634 667 0
t 398 622 19 689 0
t 512 408 34 676 0
t 40 507 395 670 0
t 403 670 39 696 0
t 596 607 610 242 0
t 520 531 535 241 0
t 243 560 556 545 0
t 590 578 203 589 0
t 448 640 625 670 0
t 563 550 562 696 0
t 594 580 17 219 0
t 19 622 410 695 0
t 418 419 474 645 0
t 356 280 281 684 0
t 281 637 654 684 0
t 110 353 111 695 0
t 399 472 473 649 0
t 250 134 133 696 0
t 240 584 582 571 0
t 460 491 459 671 0
t 19 398 410 622 0
t 438 482 436 630 0
t 425 481 421 623 0
t 248 386 336 687 0
t 458 459 461 656 0
t 111 252 112 689 0
t 51 478 52 679 0
t 450 482 441 684 0
t 445 446 441 683 0
t 426 423 485 629 0
t 20 203 589 196 0
t 455 457 458 674 0
t 357 244 668 695 0
t 618 27 216 604 0
t 569 553 37 217 0
t 543 47 218 528 0
t 559 557 546 238 0
t 606 609 232 595 0
t 532 534 234 521 0
t 585 581 570 236 0
t 280 276 281 637 0
t 400 28 479 641 0
t 519 434 506 635 0
t 253 379 344 679 0
t 313 314 312 673 0
t 281 654 384 684 0
t 309 249 307 641 0
t 205 586 21 577 0
t 536 202 50 527 0
t 18 636 398 689 0
t 437 438 436 630 0
t 481 425 428 623 0
t 435 436 428 639 0
t 353 689 111 695 0
t 493 24 23 687 0
t 450 441 654 684 0
t 539 540 529 206 0
t 614 615 605 204 0
t 207 565 564 554 0
t 333 334 248 642 0
t 492 494 407 651 0
t 305 306 303 686 0
t 412 394 411 668 0
t 314 320 284 633 0
t 426 485 430 665 0
t 276 348 281 637 0
t 318 290 317 685 0
t 365 131 245 653 0
t 51 396 478 627 0
t 445 662 402 679 0
t 208 49 202 537 0
t 29 200 210 612 0
t 209 562 39 201 0
t 142 533 526 690 0
t 395 472 41 653 0
t 331 327 359 647 0
t 307 378 302 680 0
t 328 332 333 671 0
t 387 255 117 676 0
t 372 289 655 694 0
t 440 441 438 684 0
t 362 389 259 651 0
t 445 500 402 662 0
t 408 467 496 658 0
t 527 202 49 537 0
t 29 200 612 602 0
t 562 552 39 201 0
t 313 247 315 678 0
t 335 339 334 675 0
t 510 449 497 655 0
t 424 480 488 626 0
t 385 359 329 647 0
t 648 655 449 694 0
t 401 476 491 675 0
t 506 473 472 635 0
t 491 412 414 624 0
t 252 262 261 636 0
t 342 369 245 688 0
t 372 655 648 694 0
t 328 333 340 671 0
t 420 421 419 621 0
t 426 429 427 632 0
t 272 348 276 691 0
t 405 512 33 676 0
t 142 143 533 690 0
t 52 402 53 679 0
t 212 32 615 204 0
t 330 337 329 672 0
t 428 427 434 682 0
t 418 474 486 645 0
t 329 326 330 672 0
t 477 397 30 663 0
t 448 519 395 625 0
t 465 466 464 631 0
t 403 507 39 670 0
t 403 509 449 648 0
t 454 404 455 646 0
t 316 317 290 657 0
t 308 309 307 677 0
t 449 439 508 694 0
t 587 205 22 577 0
t 385 348 273 645 0
t 133 563 132 696 0
t 42 472 399 649 0
t 401 493 23 642 0
t 407 516 25 651 0
t 516 494 46 651 0
t 316 255 317 676 0
t 366 291 285 640 0
t 210 616 600 612 0
t 209 550 562 566 0
t 537 541 208 525 0
t 365 370 132 670 0
t 22 21 476 675 0
t 388 363 256 658 0
t 398 18 483 636 0
t 404 48 511 659 0
t 270 272 271 621 0
t 308 301 358 628 0
t 278 279 275 623 0
t 413 414 412 624 0
t 354 305 355 663 0
t 369 304 321 635 0
t 203 211 19 590 0
t 366 250 370 696 0
t 479 433 501 677 0
t 511 456 404 659 0
t 433 447 432 628 0
t 503 49 404 646 0
t 139 382 253 681 0
t 410 398 462 622 0
t 294 292 253 681 0
t 515 35 408 658 0
t 262 353 357 622 0
t 273 359 385 645 0
t 440 438 439 664 0
t 473 434 505 635 0
t 309 308 310 677 0
t 306 313 312 673 0
t 565 42 207 215 0
t 214 52 540 206 0
t 403 38 509 648 0
t 289 294 295 655 0
t 550 563 133 696 0
t 281 384 356 684 0
t 319 267 269 626 0
t 574 211 592 590 0
t 398 483 463 636 0
t 296 351 274 629 0
t 241 55 531 228 0
t 243 231 45 556 0
t 242 35 607 229 0
t 53 402 475 681 0
t 213 205 22 587 0
t 467 471 465 657 0
t 283 282 280 630 0
t 451 453 486 672 0
t 456 492 457 660 0
t 508 448 403 640 0
t 358 304 368 620 0
t 448 435 519 625 0
t 240 230 25 582 0
t 485 444 430 665 0
t 298 299 297 632 0
t 248 336 333 642 0
t 263 265 320 631 0
t 518 473 432 620 0
t 50 396 51 690 0
t 246 345 352 627 0
t 19 689 622 695 0
t 446 451 450 654 0
t 197 97 200 611 0
t 202 198 73 536 0
t 561 201 85 199 0
t 62 586 196 205 0
t 31 502 32 678 0
t 245 373 365 653 0
t 454 452 396 650 0
t 422 482 450 637 0
t 19 410 20 695 0
t 46 227 234 532 0
t 557 36 238 226 0
t 26 224 232 606 0
t 236 581 16 225 0
t 496 16 515 658 0
t 289 295 372 655 0
t 357 353 244 695 0
t 345 344 379 679 0
t 407 24 493 687 0
t 291 370 365 670 0
t 486 458 461 647 0
t 411 394 410 668 0
t 498 446 445 683 0
t 346 277 266 644 0
t 452 453 451 672 0
t 288 293 292 662 0
t 443 431 430 680 0
t 615 617 599 212 0
t 215 567 565 549 0
t 540 542 524 214 0
t 143 142 343 690 0
t 291 373 286 625 0
t 323 322 349 646 0
t 587 213 591 575 0
t 18 398 19 689 0
t 316 290 320 657 0
t 409 44 504 634 0
t 418 461 415 638 0
t 350 393 359 638 0
t 338 384 654 683 0
t 301 307 302 680 0
t 325 326 327 674 0
t 372 287 289 694 0
t 455 456 457 660 0
t 208 202 72 537 0
t 200 96 210 612 0
t 201 209 562 84 0
t 311 312 319 643 0
t 217 38 209 566 0
t 37 509 38 648 0
t 500 445 440 662 0
t 589 203 61 196 0
t 38 403 39 696 0
t 446 450 441 654 0
t 416 413 484 644 0
t 479 495 514 677 0
t 473 505 432 620 0
t 468 469 466 633 0
t 286 347 282 639 0
t 511 48 47 659 0
t 133 132 370 696 0
t 490 444 489 686 0
t 392 335 360 624 0
t 206 539 74 198 0
t 204 197 614 98 0
t 564 207 199 86 0
t 619 607 597 229 0
t 544 531 523 228 0
t 556 568 231 547 0
t 441 482 438 684 0
t 493 401 460 642 0
t 514 495 409 667 0
t 338 384 337 654 0
t 406 510 497 652 0
t 513 495 26 667 0
t 303 306 311 686 0
t 399 43 42 649 0
t 375 258 391 652 0
t 213 591 23 220 0
t 364 250 372 648 0
t 433 432 431 628 0
t 230 220 24 593 0
t 22 476 401 675 0
t 429 505 427 632 0
t 384 281 337 654 0
t 447 514 409 634 0
t 210 216 28 616 0
t 208 218 48 541 0
t 18 211 219 592 0
t 442 449 510 655 0
t 573 230 593 582 0
t 223 619 34 229 0
t 222 544 54 228 0
t 231 221 44 568 0
t 478 396 498 627 0
t 586 589 61 196 0
t 462 464 484 666 0
t 479 501 400 641 0
t 359 327 329 647 0
t 310 367 371 634 0
t 324 341 251 659 0
t 445 402 478 679 0
t 259 361 362 651 0
t 591 220 593 579 0
t 321 298 347 682 0
t 390 257 374 667 0
t 376 357 244 668 0
t 198 539 74 536 0
t 614 197 611 98 0
t 561 564 199 86 0
t 266 267 265 661 0
t 455 458 453 674 0
t 374 257 310 667 0
t 258 375 295 652 0
t 517 55 406 652 0
t 473 506 434 635 0
t 349 352 330 650 0
t 611 97 200 602 0
t 536 73 202 527 0
t 201 85 552 561 0
t 62 586 205 577 0
t 212 617 33 223 0
t 214 542 53 222 0
t 221 43 567 215 0
t 228 531 241 78 0
t 90 231 243 556 0
t 229 607 242 102 0
t 63 205 213 587 0
t 508 437 448 640 0
t 504 447 409 634 0
t 444 490 499 686 0
t 499 397 477 663 0
t 249 378 307 641 0
t 318 256 363 658 0
t 569 548 557 226 0
t 606 224 618 598 0
t 532 227 543 522 0
t 203 60 211 590 0
t 66 230 240 582 0
t 572 581 594 225 0
t 325 340 324 660 0
t 409 513 45 667 0
t 32 502 405 678 0
t 204 615 212 99 0
t 207 87 565 215 0
t 214 540 75 206 0
t 110 109 244 695 0
t 460 459 457 671 0
t 219 594 580 592 0
t 366 287 372 694 0
t 468 465 471 657 0
t 502 470 405 678 0
t 590 203 60 589 0
t 368 342 254 649 0
t 234 227 69 532 0
t 238 557 226 81 0
t 232 224 93 606 0
t 236 57 581 225 0
t 353 622 689 695 0
t 497 36 517 652 0
t 459 414 461 656 0
t 617 619 603 223 0
t 542 544 530 222 0
t 567 221 568 555 0
t 204 614 615 99 0
t 87 565 564 207 0
t 539 75 540 206 0
t 386 362 336 687 0
t 443 501 431 680 0
t 318 261 290 685 0
t 42 41 472 688 0
t 454 503 404 646 0
t 216 616 618 604 0
t 569 553 217 566 0
t 218 541 543 528 0
t 33 512 34 676 0
t 0 585 236 237 0
t 2 233 243 560 0
t 241 535 3 239 0
t 242 610 0 237 0
t 232 233 2 609 0
t 238 3 559 239 0
t 380 315 247 678 0
t 268 350 270 669 0
t 226 569 37 217 0
t 216 224 27 618 0
t 218 227 47 543 0
t 39 507 40 670 0
t 225 594 17 219 0
t 283 288 287 664 0
t 490 469 470 673 0
t 53 475 54 681 0
t 494 516 407 651 0
t 395 41 40 653 0
t 379 292 293 662 0
t 515 408 496 658 0
t 142 246 343 690 0
t 305 354 377 663 0
t 303 351 300 665 0
t 544 531 228 78 0
t 231 90 568 556 0
t 619 607 229 102 0
t 339 383 334 675 0
t 527 72 202 537 0
t 200 96 612 602 0
t 562 552 201 84 0
t 234 235 1 534 0
t 1 235 240 584 0
t 382 294 253 681 0
t 293 338 345 683 0
t 495 513 409 667 0
t 230 66 593 582 0
t 353 252 111 689 0
t 433 479 514 677 0
t 245 130 342 688 0
t 317 255 387 676 0
t 543 69 227 532 0
t 226 557 569 81 0
t 618 93 224 606 0
t 594 581 57 225 0
t 39 209 38 696 0
t 64 591 213 220 0
t 210 95 216 616 0
t 209 83 217 566 0
t 71 218 208 541 0
t 276 275 272 691 0
t 219 211 59 592 0
t 271 274 269 692 0
t 338 293 384 683 0
t 279 297 296 693 0
t 517 406 497 652 0
t 619 223 101 229 0
t 544 222 77 228 0
t 221 231 89 568 0
t 616 210 95 612 0
t 83 209 562 566 0
t 541 208 71 537 0
t 617 212 100 223 0
t 76 542 214 222 0
t 567 88 221 215 0
t 213 591 64 587 0
t 20 203 19 695 0
t 592 211 59 590 0
t 230 65 220 593 0
t 63 205 587 577 0
t 478 402 52 679 0
t 370 250 133 696 0
t 51 198 50 690 0
t 179 28 27 479 0
t 617 619 223 101 0
t 222 542 544 77 0
t 89 567 221 568 0
t 182 30 477 397 0
t 478 51 163 396 0
t 19 211 18 689 0
t 212 615 617 100 0
t 76 542 540 214 0
t 88 567 565 215 0
t 41 42 207 688 0
t 226 82 569 217 0
t 94 224 216 618 0
t 70 227 218 543 0
t 154 22 476 401 0
t 58 594 225 219 0
t 65 591 220 593 0
t 475 402 53 165 0
t 475 53 54 165 0
t 479 180 28 400 0
t 407 493 24 156 0
t 179 28 479 180 0
t 157 407 25 156 0
t 407 24 25 156 0
t 410 152 20 394 0
t 151 19 398 410 0
t 51 50 163 396 0
t 31 30 182 397 0
t 165 54 475 166 0
t 153 22 476 154 0
t 21 476 394 153 0
t 42 472 174 399 0
t 183 31 182 397 0
t 472 395 41 173 0
t 236 585 56 237 0
t 68 235 234 534 0
t 233 91 243 560 0
t 535 241 79 239 0
t 493 23 155 401 0
t 240 235 67 584 0
t 610 242 103 237 0
t 232 92 233 609 0
t 559 80 238 239 0
t 22 155 401 154 0
t 18 398 483 150 0
t 217 82 569 566 0
t 616 94 216 618 0
t 541 70 218 543 0
t 156 23 493 24 0
t 219 58 594 592 0
t 559 535 191 190 0
t 560 609 192 193 0
t 189 584 534 188 0
t 194 585 610 195 0
t 244 353 110 695 0
t 35 34 186 408 0
t 50 163 396 162 0
t 151 20 410 152 0
t 20 151 410 19 0
t 394 152 21 153 0
t 21 20 152 394 0
t 150 19 18 398 0
t 150 19 398 151 0
t 41 40 172 395 0
t 22 153 476 21 0
t 46 47 494 159 0
t 33 184 405 32 0
t 166 54 475 406 0
t 149 18 483 150 0
t 149 18 17 483 0
t 155 22 401 23 0
t 43 42 174 399 0
t 175 43 174 399 0
t 186 187 35 408 0
t 158 46 494 159 0
t 53 164 402 52 0
t 190 559 535 239 0
t 609 192 233 560 0
t 585 610 195 237 0
t 235 189 584 534 0
t 23 156 493 155 0
t 161 48 404 49 0
t 48 161 404 160 0
t 180 29 400 181 0
t 184 33 405 185 0
t 395 172 41 173 0
t 176 45 409 177 0
t 168 169 37 497 0
t 496 149 17 483 0
t 45 176 409 44 0
t 195 610 4 237 0
t 189 5 235 584 0
t 190 6 559 239 0
t 233 7 192 609 0
t 189 235 5 534 0
t 195 4 585 237 0
t 535 6 190 239 0
t 192 7 233 560 0
t 178 27 26 495 0
t 17 16 148 496 0
t 17 148 149 496 0
t 29 180 400 28 0
t 170 39 403 171 0
t 38 39 403 170 0
t 27 495 179 479 0
t 164 53 402 165 0
t 178 27 495 179 0
t 37 36 168 497 0
t 502 184 32 405 0
t 166 55 406 167 0
t 35 13 0 515 0
t 15 26 2 513 0
t 15 2 45 513 0
t 25 12 516 157 0
t 16 13 515 0 0
t 477 400 29 181 0
t 163 52 51 478 0
t 182 29 477 30 0
t 29 182 477 181 0
t 42 173 472 41 0
t 55 14 3 517 0
t 14 55 167 517 0
t 503 404 49 161 0
t 36 3 14 517 0
t 55 166 406 54 0
t 513 45 15 177 0
t 173 42 472 174 0
t 478 164 52 402 0
t 15 26 513 178 0
t 12 25 516 1 0
t 13 16 515 148 0
t 163 52 478 164 0
t 511 160 48 404 0
t 158 1 516 46 0
t 1 158 516 12 0
t 168 36 14 517 0
t 515 35 187 408 0
t 35 13 515 187 0
t 512 405 33 185 0
t 171 39 403 507 0
t 38 403 509 170 0
t 208 72 71 537 0
t 96 95 210 612 0
t 83 562 209 84 0
t 516 46 494 158 0
t 80 559 6 239 0
t 7 233 92 609 0
t 5 67 235 584 0
t 103 4 610 237 0
t 235 68 5 534 0
t 585 4 56 237 0
t 79 6 535 239 0
t 91 233 7 560 0
t 91 243 560 556 0
t 531 535 241 79 0
t 504 43 175 399 0
t 607 610 242 103 0
t 213 64 63 587 0
t 67 240 584 582 0
t 397 183 31 502 0
t 395 40 172 507 0
t 534 234 68 532 0
t 557 559 80 238 0
t 609 232 92 606 0
t 56 581 585 236 0
t 31 184 32 502 0
t 45 513 409 177 0
t 44 175 504 43 0
t 175 44 504 176 0
t 409 504 44 176 0
t 31 184 502 183 0
t 396 503 50 162 0
t 497 36 168 517 0
t 186 34 512 408 0
t 172 39 507 40 0
t 39 172 507 171 0
t 497 169 37 509 0
t 37 170 38 509 0
t 37 170 509 169 0
t 205 63 62 577 0
t 201 552 85 84 0
t 96 200 97 602 0
t 73 72 202 527 0
t 103 242 607 102 0
t 79 241 531 78 0
t 243 91 90 556 0
t 25 516 407 157 0
t 162 49 503 50 0
t 49 162 503 161 0
t 240 67 66 582 0
t 219 59 58 592 0
t 95 94 216 616 0
t 217 83 82 566 0
t 218 71 70 541 0
t 540 75 76 214 0
t 100 212 615 99 0
t 565 87 88 215 0
t 512 33 34 185 0
t 185 34 512 186 0
t 238 80 557 81 0
t 93 92 232 606 0
t 69 68 234 532 0
t 56 57 581 236 0
t 211 60 59 590 0
t 47 494 159 511 0
t 26 495 513 178 0
t 591 64 65 220 0
t 61 60 203 589 0
t 223 100 617 101 0
t 76 542 222 77 0
t 221 88 567 89 0
t 496 16 148 515 0
t 539 74 75 206 0
t 99 204 614 98 0
t 564 87 207 86 0
t 160 48 47 511 0
t 160 47 159 511 0
t 229 101 619 102 0
t 89 231 90 568 0
t 228 77 544 78 0
t 230 66 65 593 0
t 224 94 93 618 0
t 569 82 226 81 0
t 227 70 69 543 0
t 57 58 594 225 0
t 197 97 611 98 0
t 198 74 73 536 0
t 586 61 62 196 0
t 199 85 561 86 0
t 517 55 167 406 0
t 652 135 364 37 0
t 652 364 135 375 0
t 678 316 314 657 0
t 678 314 316 315 0
t 617 223 676 33 0
t 617 599 676 117 0
t 676 599 617 33 0
t 678 377 313 247 0
t 678 313 377 673 0
t 676 118 678 255 0
t 676 678 118 33 0
t 105 230 593 573 0
t 105 593 230 24 0
t 675 394 412 668 0
t 675 412 394 476 0
t 674 656 327 671 0
t 674 327 656 647 0
t 678 605 118 32 0
t 678 118 605 380 0
t 31 678 204 119 0
t 31 204 678 32 0
t 605 204 678 119 0
t 605 678 204 32 0
t 113 225 594 17 0
t 594 225 113 572 0
t 226 135 569 548 0
t 226 569 135 37 0
t 227 146 543 522 0
t 543 146 227 47 0
t 224 124 618 598 0
t 618 124 224 27 0
t 231 127 568 44 0
t 568 127 231 547 0
t 138 228 544 523 0
t 544 228 138 54 0
t 116 229 619 597 0
t 619 229 116 34 0
t 681 138 258 54 0
t 681 258 138 382 0
t 524 681 542 139 0
t 542 681 524 53 0
t 656 415 624 414 0
t 656 624 415 638 0
t 681 542 530 222 0
t 681 530 542 139 0
t 452 683 654 446 0
t 654 683 452 650 0
t 612 600 122 613 0
t 122 600 612 210 0
t 122 29 612 613 0
t 612 29 122 210 0
t 537 49 144 208 0
t 144 49 537 538 0
t 144 525 537 208 0
t 537 525 144 538 0
t 673 468 469 470 0
t 673 469 468 633 0
t 587 575 107 213 0
t 107 575 587 588 0
t 107 22 587 213 0
t 587 22 107 588 0
t 694 696 403 648 0
t 403 696 694 640 0
t 452 654 451 446 0
t 451 654 452 672 0
t 694 442 449 439 0
t 694 449 442 655 0
t 303 680 300 302 0
t 300 680 303 665 0
t 680 433 677 501 0
t 680 677 433 628 0
t 687 361 362 336 0
t 687 362 361 651 0
t 526 206 198 539 0
t 198 206 526 51 0
t 589 20 695 203 0
t 589 695 20 576 0
t 601 204 197 614 0
t 197 204 601 31 0
t 551 207 199 564 0
t 551 199 207 41 0
t 679 246 345 344 0
t 679 345 246 627 0
t 686 377 305 306 0
t 686 305 377 663 0
t 611 601 120 197 0
t 120 601 611 608 0
t 120 30 611 197 0
t 611 30 120 608 0
t 561 40 653 558 0
t 653 40 561 199 0
t 653 551 561 558 0
t 561 551 653 199 0
t 50 536 690 198 0
t 690 536 50 533 0
t 576 586 109 196 0
t 576 109 586 583 0
t 21 109 586 196 0
t 21 586 109 583 0
t 312 686 311 306 0
t 311 686 312 643 0
t 691 621 629 692 0
t 629 621 691 623 0
t 629 693 691 692 0
t 691 693 629 623 0
t 676 617 603 223 0
t 603 617 676 117 0
