mtllib surface_texture.mtl
o surface_texture
v 13.0 0.0 31.0
v 13.0 0.0 57.0
v -13.0 0.0 57.0
v -13.0 0.0 31.0
v 13.0 0.0 31.928571428571
v 13.0 0.0 32.857142857143
v 13.0 0.0 33.785714285714
v 13.0 0.0 34.714285714286
v 13.0 0.0 35.642857142857
v 13.0 0.0 36.571428571428
v 13.0 0.0 37.5
v 13.0 0.0 38.428571428571
v 13.0 0.0 39.357142857143
v 13.0 0.0 40.285714285714
v 13.0 0.0 41.214285714286
v 13.0 0.0 42.142857142857
v 13.0 0.0 43.071428571428
v 13.0 0.0 44.0
v 13.0 0.0 44.928571428571
v 13.0 0.0 45.857142857143
v 13.0 0.0 46.785714285714
v 13.0 0.0 47.714285714285
v 13.0 0.0 48.642857142857
v 13.0 0.0 49.571428571428
v 13.0 0.0 50.5
v 13.0 0.0 51.428571428571
v 13.0 0.0 52.357142857143
v 13.0 0.0 53.285714285714
v 13.0 0.0 54.214285714285
v 13.0 0.0 55.142857142857
v 13.0 0.0 56.071428571428
v 12.071428571429 0.0 57.0
v 11.142857142857 0.0 57.0
v 10.214285714286 0.0 57.0
v 9.2857142857143 0.0 57.0
v 8.3571428571429 0.0 57.0
v 7.4285714285714 0.0 57.0
v 6.5 0.0 57.0
v 5.5714285714286 0.0 57.0
v 4.6428571428571 0.0 57.0
v 3.7142857142857 0.0 57.0
v 2.7857142857143 0.0 57.0
v 1.8571428571429 0.0 57.0
v 0.92857142857143 0.0 57.0
v -6.6613381477509e-15 0.0 57.0
v -0.92857142857143 0.0 57.0
v -1.8571428571429 0.0 57.0
v -2.7857142857143 0.0 57.0
v -3.7142857142857 0.0 57.0
v -4.6428571428572 0.0 57.0
v -5.5714285714286 0.0 57.0
v -6.5 0.0 57.0
v -7.4285714285714 0.0 57.0
v -8.3571428571429 0.0 57.0
v -9.2857142857143 0.0 57.0
v -10.214285714286 0.0 57.0
v -11.142857142857 0.0 57.0
v -12.071428571429 0.0 57.0
v -13.0 0.0 56.071428571428
v -13.0 0.0 55.142857142857
v -13.0 0.0 54.214285714285
v -13.0 0.0 53.285714285714
v -13.0 0.0 52.357142857143
v -13.0 0.0 51.428571428571
v -13.0 0.0 50.5
v -13.0 0.0 49.571428571428
v -13.0 0.0 48.642857142857
v -13.0 0.0 47.714285714286
v -13.0 0.0 46.785714285714
v -13.0 0.0 45.857142857143
v -13.0 0.0 44.928571428571
v -13.0 0.0 44.0
v -13.0 0.0 43.071428571428
v -13.0 0.0 42.142857142857
v -13.0 0.0 41.214285714286
v -13.0 0.0 40.285714285714
v -13.0 0.0 39.357142857143
v -13.0 0.0 38.428571428571
v -13.0 0.0 37.5
v -13.0 0.0 36.571428571429
v -13.0 0.0 35.642857142857
v -13.0 0.0 34.714285714286
v -13.0 0.0 33.785714285714
v -13.0 0.0 32.857142857143
v -13.0 0.0 31.928571428571
v -12.071428571429 0.0 31.0
v -11.142857142857 0.0 31.0
v -10.214285714286 0.0 31.0
v -9.2857142857143 0.0 31.0
v -8.3571428571429 0.0 31.0
v -7.4285714285714 0.0 31.0
v -6.5 0.0 31.0
v -5.5714285714286 0.0 31.0
v -4.6428571428571 0.0 31.0
v -3.7142857142857 0.0 31.0
v -2.7857142857143 0.0 31.0
v -1.8571428571429 0.0 31.0
v -0.92857142857143 0.0 31.0
v 3.9968028886506e-15 0.0 31.0
v 0.92857142857143 0.0 31.0
v 1.8571428571429 0.0 31.0
v 2.7857142857143 0.0 31.0
v 3.7142857142857 0.0 31.0
v 4.6428571428571 0.0 31.0
v 5.5714285714286 0.0 31.0
v 6.5 0.0 31.0
v 7.4285714285714 0.0 31.0
v 8.3571428571429 0.0 31.0
v 9.2857142857143 0.0 31.0
v 10.214285714286 0.0 31.0
v 11.142857142857 0.0 31.0
v 12.071428571429 0.0 31.0
v 12.113222819724 0.0 44.340804050719
v -0.4642857142857 0.0 56.195833553629
v -12.195833553629 0.0 43.535714285714
v 0.46428571428606 0.0 31.923247936092
v -12.06430862681 0.0 47.292220937954
v 12.115061321082 0.0 40.831976031579
v -3.25 0.0 31.804166446371
v 3.25 0.0 56.195833553629
v 12.36871220572 0.0 48.149790620278
v -4.1785714285714 0.0 56.195833553629
v -12.179554101736 0.0 39.815064771905
v 4.1834969962197 0.0 31.92111235062
v 6.9642857142858 0.0 56.195833553629
v -12.195833553629 0.0 50.964285714285
v 12.143671918368 0.0 37.1056013951
v -6.964285714285 0.0 31.889280636293
v -12.149637267562 0.0 37.095269107209
v 12.26278908121 0.0 50.985440326407
v 6.9702100933441 0.0 31.937348378398
v -6.9642857142858 0.0 56.195833553629
v -9.75 0.0 56.195833553629
v 12.174379243696 0.0 53.762165712115
v 9.7450744323525 0.0 31.921112350621
v -9.7489908184486 0.0 31.840157330845
v -12.175707998969 0.0 53.769862112564
v 9.7499999999999 0.0 56.195833553629
v -12.196973689219 0.0 34.285956893924
v 12.19697368922 0.0 34.285956893925
v -2.3214285714286 0.0 56.195833553629
v -5.1071428571422 0.0 31.923247936092
v -12.222188168358 0.0 41.734930393823
v -1.4542137685947 0.0 31.819823809349
v 12.195833553629 0.0 38.892857142857
v 12.157584622794 0.0 42.571940474932
v 12.272334247172 0.0 46.290312446887
v -12.195833553629 0.0 45.392857142857
v 2.3214285714288 0.0 31.886457066956
v -12.265102676995 0.0 49.12747932711
v 1.3928571428573 0.0 56.195833553629
v 5.1071428571428 0.0 56.195833553629
v 11.571230232162 0.0 56.216567717329
v -11.589003775519 0.0 56.217152089016
v 11.581232785654 0.0 31.852738124746
v -11.581232785653 0.0 31.856691121819
v -10.680254050845 0.0 56.195332638709
v -10.224053293328 0.0 55.386106217452
v -9.2873422155546 0.0 55.39074029229
v -9.7518992514803 0.0 54.586419376757
v -8.8215815971349 0.0 54.587413540108
v -9.286056331912 0.0 53.783139480364
v -8.3572253691268 0.0 53.783287238693
v -8.8214993311254 0.0 52.979127483148
v -7.8928637925031 0.0 52.979163982359
v -8.3571557586998 0.0 52.174993976642
v -7.4285746871051 0.0 52.17499946662
v -7.8928598362054 0.0 51.370833342021
v -6.9642860757943 0.0 51.370834669586
v -7.428571937714 0.0 50.566668139164
v -6.5000000740347 0.0 50.56666838688
v -6.9642858114815 0.0 49.762501927323
v -6.0357142961142 0.0 49.762501976738
v -6.5000000179322 0.0 48.958335526078
v -5.571428574801 0.0 48.958335534367
v -6.0357142892646 0.0 48.154169087895
v -5.1071428571423 0.0 48.154169089916
v -5.5714285720197 0.0 47.350002643208
v -4.6428571429551 0.0 47.350002643489
v -5.1071428572571 0.0 46.545836197108
v -4.17857142858 0.0 46.545836197169
v -4.642857142877 0.0 45.741669750791
v -3.7142857142899 0.0 45.7416697508
v -4.1785714285748 0.0 44.937503304429
v -3.2499999999995 0.0 44.937503304431
v -2.7857142857144 0.0 45.741669750802
v -2.3214285714279 0.0 44.937503304431
v -1.8571428571422 0.0 45.741669750803
v -1.3928571428564 0.0 44.937503304432
v -0.9285714285707 0.0 45.741669750803
v -0.46428571428491 0.0 44.937503304432
v 7.9036777123065e-13 0.0 45.741669750803
v 0.46428571428651 0.0 44.937503304432
v -0.9285714285708 0.0 44.13333685806
v 0.92857142857222 0.0 45.741669750803
v 1.392857142858 0.0 44.937503304432
v 1.8571428571437 0.0 45.741669750803
v 2.3214285714294 0.0 44.937503304432
v 2.785714285715 0.0 45.741669750803
v 0.46428571428656 0.0 46.545836197174
v 3.2500000000008 0.0 44.937503304432
v 2.7857142857151 0.0 44.133336858061
v -3.7142857142856 0.0 44.13333685806
v 3.7142857142866 0.0 44.133336858061
v 3.2500000000009 0.0 43.329170411689
v 3.7142857142865 0.0 45.741669750803
v 3.2500000000008 0.0 46.545836197174
v 4.1785714285723 0.0 43.329170411689
v 3.7142857142867 0.0 42.525003965318
v -4.6428571434187 0.0 48.958335535967
v 4.1785714285722 0.0 46.545836197174
v 3.7142857142864 0.0 47.350002643546
v 4.6428571428579 0.0 47.350002643546
v 4.1785714285721 0.0 48.154169089917
v -4.642857142857 0.0 44.13333685806
v -4.1785714285707 0.0 43.329170411689
v 4.6428571428581 0.0 42.525003965318
v 4.1785714285724 0.0 41.720837518947
v 3.250000000001 0.0 41.720837518947
v 3.7142857142867 0.0 40.916671072576
v 2.7857142857153 0.0 40.916671072576
v 3.250000000001 0.0 40.112504626204
v 2.3214285714296 0.0 40.112504626204
v 4.1785714285725 0.0 40.112504626204
v 5.1071428571435 0.0 48.154169089917
v -5.107142857142 0.0 43.329170411689
v -4.642857142856 0.0 42.525003965318
v 2.7857142857154 0.0 39.308338179833
v 1.8571428571439 0.0 39.308338179833
v 5.1071428571437 0.0 43.329170411689
v 4.6428571428578 0.0 48.958335536288
v 3.7142857142863 0.0 48.958335536288
v -5.5714285714274 0.0 42.525003965317
v -5.1071428571416 0.0 41.720837518946
v 5.5714285714293 0.0 47.350002643546
v 5.5714285714292 0.0 48.958335536288
v 5.5714285714295 0.0 42.525003965318
v 2.3214285714297 0.0 38.504171733462
v 1.3928571428583 0.0 38.504171733462
v -6.0357142857132 0.0 43.329170411689
v -6.035714285713 0.0 41.720837518946
v -5.5714285714272 0.0 40.916671072575
v 6.0357142857151 0.0 43.329170411689
v -4.6428571428558 0.0 40.916671072575
v -5.1071428571414 0.0 40.112504626204
v -6.0357142857128 0.0 40.112504626204
v -5.5714285714269 0.0 39.308338179832
v 4.178571428572 0.0 49.762501982659
v 3.2500000000006 0.0 49.762501982659
v -4.6428571428556 0.0 39.308338179833
v -5.1071428571411 0.0 38.504171733461
v -6.0357142857125 0.0 38.504171733461
v -6.0357143583046 0.0 51.370834834074
v -4.1785714285697 0.0 38.504171733461
v -6.5000000006896 0.0 47.350002643152
v 6.5000000000009 0.0 42.525003965318
v 0.92857142857252 0.0 39.308338179833
v -4.6428571428552 0.0 37.70000528709
v -3.7142857142838 0.0 37.70000528709
v 1.857142857144 0.0 37.70000528709
v 2.7857142857155 0.0 37.700005287091
v 3.7142857142863 0.0 50.566668429031
v 2.7857142857148 0.0 50.56666842903
v 6.9642857142865 0.0 43.32917041169
v -4.1785714285694 0.0 36.895838840719
v -3.249999999998 0.0 36.895838840719
v 7.4285714285723 0.0 42.525003965318
v 2.3214285714298 0.0 36.895838840719
v 3.2500000000012 0.0 36.895838840719
v 1.3928571428584 0.0 36.895838840719
v 3.2500000000005 0.0 51.370834875402
v 2.3214285714291 0.0 51.370834875402
v 4.178571428572 0.0 51.370834875402
v 1.8571428571434 0.0 50.56666842903
v 1.3928571428577 0.0 51.370834875402
v 0.928571428572 0.0 50.56666842903
v 0.46428571428628 0.0 51.370834875402
v 5.6322151194203e-13 0.0 50.566668429031
v -0.46428571428514 0.0 51.370834875402
v 6.9642857142867 0.0 41.720837518947
v -7.8928572439132 0.0 49.762501925125
v 7.8928571428579 0.0 43.32917041169
v 7.8928571428581 0.0 41.720837518947
v 7.4285714285725 0.0 40.916671072576
v -3.2499999999983 0.0 38.504171733461
v 2.7857142857156 0.0 36.091672394348
v 3.714285714287 0.0 36.091672394348
v 4.1785714285727 0.0 36.895838840719
v 4.6428571428584 0.0 36.091672394348
v 5.1071428571441 0.0 36.895838840719
v 5.5714285714298 0.0 36.091672394348
v 6.0357142857155 0.0 36.89583884072
v 6.5000000000012 0.0 36.091672394348
v 6.9642857142869 0.0 36.89583884072
v 7.4285714285727 0.0 36.091672394348
v 7.8928571428583 0.0 36.89583884072
v -3.7142857142836 0.0 36.091672394348
v -4.642857142855 0.0 36.091672394348
v -2.7857142857122 0.0 36.091672394348
v 8.3571428571441 0.0 36.091672394348
v 8.357142857144 0.0 40.916671072576
v 1.8571428571438 0.0 40.916671072576
v -0.92857142857083 0.0 50.566668429031
v -1.3928571428566 0.0 51.370834875402
v -2.321428571428 0.0 46.545836197174
v -3.7142857142845 0.0 42.525003965318
v -6.9642873656489 0.0 52.979166827988
v 7.4285714285721 0.0 44.133336858061
v 8.3571428571436 0.0 44.133336858061
v 7.8928571428577 0.0 44.937503304432
v 1.8571428571434 0.0 52.175001321773
v 5.2850735097482e-13 0.0 52.175001321773
v 3.7142857142861 0.0 52.175001321773
v 4.6428571428576 0.0 52.175001321773
v -2.3214285714266 0.0 36.895838840719
v -1.8571428571407 0.0 36.091672394348
v 7.8928571428584 0.0 35.287505947977
v 5.1071428571442 0.0 35.287505947977
v 3.2500000000014 0.0 35.287505947977
v 2.3214285714299 0.0 35.287505947977
v -2.3214285714263 0.0 35.287505947977
v -1.392857142855 0.0 35.287505947977
v -4.1785714285692 0.0 35.287505947976
v -5.1071428571406 0.0 35.287505947976
v 8.8088834310688 0.0 44.944746244596
v 8.3550520004167 0.0 45.742876907497
v 8.8214285714298 0.0 36.89583884072
v 8.8214285714299 0.0 35.287505947977
v -8.8214311705795 0.0 51.370833395649
v 8.8214285714296 0.0 41.720837518947
v -0.46428571428512 0.0 49.762501982659
v -1.3928571428565 0.0 49.762501982659
v 6.5000000000012 0.0 37.700005287091
v 0.9285714285722 0.0 44.13333685806
v 1.3928571428578 0.0 49.762501982659
v 4.1785714285717 0.0 52.979167768144
v 5.1071428571432 0.0 52.979167768144
v 5.571428571429 0.0 52.175001321773
v 6.0357142857146 0.0 52.979167768145
v 6.5000000000004 0.0 52.175001321773
v 6.9642857142861 0.0 52.979167768145
v 7.4285714285718 0.0 52.175001321773
v 7.8928571428575 0.0 52.979167768145
v 8.3571428571433 0.0 52.175001321773
v 7.8928571428576 0.0 51.370834875402
v 8.821428571429 0.0 51.370834875402
v 8.3571428571433 0.0 50.566668429031
v 8.8214285714289 0.0 52.979167768145
v 9.2857142857148 0.0 50.566668429031
v 8.8214285714291 0.0 49.76250198266
v 9.285714285715 0.0 44.133336858061
v 8.3571428571441 0.0 34.483339501606
v 8.3571428571439 0.0 37.700005287091
v 0.46428571428688 0.0 38.504171733462
v 1.0844658504539e-12 0.0 39.308338179833
v 9.2857142857154 0.0 37.700005287091
v -9.7500688009829 0.0 52.979128598285
v 9.2857142857154 0.0 40.916671072576
v 9.2857142857155 0.0 34.483339501606
v 9.2707298125066 0.0 45.750321040444
v 8.8185826831066 0.0 46.547479271564
v 9.7500000000013 0.0 35.287505947977
v -5.5714285714503 0.0 45.74166975079
v -0.92857142857074 0.0 48.958335536288
v 2.785714285715 0.0 47.350002643546
v -1.8571428571422 0.0 48.958335536288
v -2.3214285714279 0.0 49.762501982659
v -5.5714285714265 0.0 36.091672394347
v -6.035714285712 0.0 35.287505947976
v -6.4999999999979 0.0 36.091672394347
v -6.9642857142834 0.0 35.287505947976
v -7.4285714285693 0.0 36.091672394347
v -7.8928571428548 0.0 35.287505947976
v -8.3571428571407 0.0 36.091672394347
v -8.8214285714263 0.0 35.287505947975
v -8.3571428571403 0.0 34.483339501604
v -9.2857142857122 0.0 36.091672394346
v -8.8214285714266 0.0 36.895838840718
v -9.2857142857118 0.0 34.483339501604
v 5.5714285714292 0.0 44.133336858061
v 7.4285714285727 0.0 34.483339501606
v 8.3571428571431 0.0 53.783334214516
v 9.2857142857145 0.0 53.783334214516
v 9.7500000000004 0.0 52.979167768145
v 9.7500000000006 0.0 49.76250198266
v 2.7857142857157 0.0 34.483339501605
v 1.8571428571443 0.0 34.483339501605
v -4.6428571428547 0.0 34.483339501605
v -6.4974427233527 0.0 34.482809729619
v -1.8571428571405 0.0 34.483339501605
v -0.92857142856932 0.0 34.483339501606
v 9.7470282730787 0.0 46.547551924513
v 9.750000000001 0.0 41.720837518947
v -9.7499999999981 0.0 36.895838840718
v -9.2857142857126 0.0 37.700005287089
v -10.214285714284 0.0 36.091672394346
v -8.3571428571411 0.0 37.700005287089
v -8.821428571427 0.0 38.50417173346
v -9.7499999999984 0.0 38.50417173346
v -9.2857142857128 0.0 39.308338179831
v -8.3571428571414 0.0 39.308338179832
v -8.8214285714272 0.0 40.112504626203
v -9.7499999999986 0.0 40.112504626203
v -9.285714285713 0.0 40.916671072574
v -8.3571428571415 0.0 40.916671072574
v -8.8214285714273 0.0 41.720837518945
v -9.7499999999987 0.0 41.720837518945
v -9.285714285713 0.0 42.525003965317
v 6.5000000000011 0.0 40.916671072576
v -8.3571428571417 0.0 42.525003965317
v -8.8214285714274 0.0 43.329170411688
v -9.7386969040465 0.0 43.332985006673
v -9.2495880847984 0.0 44.114202792982
v -8.3511218236559 0.0 44.130147847213
v -8.8144040323607 0.0 44.933782791776
v -9.7803897710801 0.0 44.933027364782
v -9.256274276534 0.0 45.759549193141
v -8.351065432434 0.0 45.744029572416
v -8.8155089991129 0.0 46.549209407832
v -9.7107725219017 0.0 46.568623823729
v -9.2781897773113 0.0 47.35436278308
v 6.0357142857149 0.0 51.370834875402
v 6.9642857142869 0.0 40.112504626205
v 7.8928571428577 0.0 49.76250198266
v 4.6428571428583 0.0 37.700005287091
v 8.8214285714298 0.0 40.112504626205
v 9.7500000000012 0.0 40.112504626205
v 9.2847446831741 0.0 47.350562443834
v 8.3565069419995 0.0 47.350369789325
v 7.4282229524507 0.0 45.741870943586
v -0.46428571428449 0.0 38.504171733462
v -0.92857142857032 0.0 39.308338179833
v -0.46428571428471 0.0 40.112504626204
v -1.3928571428561 0.0 40.112504626204
v -0.9285714285705 0.0 40.916671072575
v -1.8571428571419 0.0 40.916671072575
v -1.3928571428563 0.0 41.720837518946
v -0.46428571428489 0.0 41.720837518947
v 5.5714285714287 0.0 53.783334214516
v -0.92857142856955 0.0 36.091672394348
v 10.154901705458 0.0 45.743273636307
v 7.8928571428584 0.0 33.674480325958
v 6.9649206845578 0.0 33.679542145382
v -8.8214285714258 0.0 33.640261631782
v -9.7499999999973 0.0 33.633776394539
v 10.213628826043 0.0 47.35038189815
v -10.206493716535 0.0 47.354527271226
v -9.7474472489739 0.0 48.155649884452
v 10.214285714286 0.0 53.783334214516
v 10.214285714286 0.0 50.566668429031
v 10.678571428572 0.0 49.76250198266
v 10.214285714287 0.0 34.483339501606
v 10.678571428573 0.0 35.287505947977
v 10.678571428572 0.0 52.979167768145
v -8.8197490281898 0.0 48.155142578927
v -2.7857142857137 0.0 48.958335536288
v 6.0357142857155 0.0 40.112504626204
v 10.214285714287 0.0 36.091672394349
v -1.3928571428564 0.0 48.154169089917
v -0.46428571428495 0.0 48.154169089917
v -10.214285714283 0.0 34.475773391488
v 3.7142857142872 0.0 34.483339501606
v 3.2500000000015 0.0 33.67374858597
v 4.178571428573 0.0 33.678268977024
v -9.2850089033364 0.0 48.958744583545
v -10.213742692051 0.0 48.958650509919
v -9.7497919325645 0.0 49.762622652806
v -6.9642857142837 0.0 36.895838840718
v -3.7142857142833 0.0 34.483339501605
v -4.1458903015203 0.0 33.650137633441
v 2.3214285714294 0.0 43.329170411689
v -7.8928963991388 0.0 54.587478311453
v -3.7142857143031 0.0 47.350002643535
v -3.2499999999993 0.0 49.762501982659
v -2.7857142857137 0.0 50.56666842903
v -3.7142857142851 0.0 50.56666842903
v -3.2499999999995 0.0 51.370834875401
v -4.1785714285709 0.0 51.370834875401
v -3.7142857142853 0.0 52.175001321773
v -4.6428571428568 0.0 52.175001321773
v -4.1785714285711 0.0 52.979167768144
v -3.2499999999997 0.0 52.979167768144
v -3.7142857142854 0.0 53.783334214515
v -4.6428571428568 0.0 53.783334214515
v -2.785714285714 0.0 53.783334214515
v 4.6428571428579 0.0 45.741669750803
v -7.888162297668 0.0 33.669893330474
v 1.3928571428585 0.0 35.287505947977
v -5.0993736807051 0.0 33.675674611458
v 2.785714285715 0.0 48.958335536288
v -3.2305469481828 0.0 33.674725450351
v -2.3214285714283 0.0 52.979167768144
v -1.8571428571426 0.0 53.783334214515
v 3.2500000000003 0.0 52.979167768144
v 3.7142857142859 0.0 53.783334214516
v 2.7857142857144 0.0 53.783334214515
v -3.2499999999997 0.0 54.587500660886
v -2.3214285714275 0.0 40.112504626204
v -2.7857142857132 0.0 40.916671072575
v -1.3928571428558 0.0 38.504171733461
v 1.218789552465e-12 0.0 37.70000528709
v 0.92857142857293 0.0 34.483339501605
v 1.3928571428586 0.0 33.679173055234
v 0.46428571428734 0.0 33.679173055234
v 8.8214285714287 0.0 54.587500660887
v 7.8928571428573 0.0 54.587500660887
v -10.656503816549 0.0 49.74990612185
v -10.210573101043 0.0 50.564589230586
v -10.647178187731 0.0 46.431253087817
v 9.7500000000012 0.0 33.679173055235
v -1.3928571428547 0.0 33.679173055234
v -8.3562183287215 0.0 32.852345387378
v -10.708530139234 0.0 33.635897606736
v 10.708530139239 0.0 33.644724735206
v -10.678571428571 0.0 54.587500660886
v -0.92857142857064 0.0 47.350002643545
v -4.6428571428565 0.0 50.56666842903
v -0.92857142857073 0.0 42.525003965318
v 6.8156591481738e-13 0.0 42.525003965318
v -1.8571428571421 0.0 42.525003965318
v 0.46428571428652 0.0 41.720837518947
v 0.92857142857215 0.0 42.525003965318
v 5.5714285714297 0.0 40.916671072576
v 10.214285714286 0.0 48.958335536289
v -7.8923366567294 0.0 46.546084923063
v -7.4274717767647 0.0 45.742104508719
v -1.3928571428568 0.0 52.979167768144
v -0.92857142857119 0.0 53.783334214515
v -1.392857142857 0.0 54.587500660886
v -0.46428571428558 0.0 54.587500660887
v 2.4681183023271e-13 0.0 53.783334214516
v 0.46428571428586 0.0 54.587500660887
v 0.92857142857173 0.0 53.783334214516
v 1.3928571428573 0.0 54.587500660887
v 9.2857142857156 0.0 39.308338179834
v 10.214285714287 0.0 39.308338179834
v 8.3571428571442 0.0 39.308338179833
v 10.657261717853 0.0 40.124807793426
v 10.214285714286 0.0 52.175001321774
v 11.133158452503 0.0 52.180709770719
v 9.2857142857152 0.0 42.525003965319
v 10.214285714287 0.0 42.525003965319
v 10.678571428572 0.0 41.720837518947
v 6.5000000000012 0.0 39.308338179833
v 5.5714285714297 0.0 39.308338179833
v 8.8211609851484 0.0 48.154323580928
v 7.8927065592869 0.0 48.154256029382
v 7.4284403454528 0.0 47.35007832442
v 6.5001058283797 0.0 34.48340101663
v 6.0384926193572 0.0 33.676897470349
v 6.9642734942612 0.0 48.154176145152
v 0.4642857142873 0.0 35.287505947977
v -3.2499999999987 0.0 40.112504626204
v 3.25 0.0 54.587500660887
v 4.1785714285715 0.0 54.587500660887
v 8.357142857143 0.0 55.391667107258
v -10.652699659428 0.0 36.880901767839
v -11.11267341219 0.0 36.074245809321
v 11.116985373716 0.0 36.07673532147
v 10.648387697907 0.0 36.878412255695
v 11.137716483924 0.0 48.963219805962
v 11.553705519478 0.0 49.805314377826
v 11.597251455855 0.0 35.233963581316
v -7.4229400211151 0.0 32.831204240008
v 10.21845790479 0.0 32.838776390978
v 9.2786929281506 0.0 32.830796859065
v 11.1738245167 0.0 32.747825848255
v 8.7939576093471 0.0 31.975993639036
v 7.4290680537951 0.0 32.803339187488
v -4.6034342985594 0.0 32.810415975839
v -5.5612409127113 0.0 32.82944185302
v 0.92857142857249 0.0 32.844873708561
v -0.032681127048458 0.0 32.810816136717
v 1.8571428571438 0.0 32.828295277724
v 3.7151066422282 0.0 32.838038550473
v 4.6527305837593 0.0 32.831717371114
v 5.1181502342207 0.0 31.945685760915
v -10.215541680942 0.0 32.851022527509
v -11.158408845168 0.0 32.813568906218
v 11.274791479307 0.0 39.32595225186
v 10.678571428573 0.0 38.504171733463
v -11.274277705957 0.0 50.542913261491
v -10.678571428572 0.0 51.3708348754
v -11.198733158263 0.0 34.407520487194
v -11.031121215327 0.0 48.876016526472
v -11.085364682868 0.0 47.321285718175
v 11.166227674837 0.0 53.779806130783
v 10.682466517235 0.0 54.586912646932
v 11.607142857143 0.0 54.587500660888
v 11.157216484752 0.0 42.532826716921
v 10.680964652221 0.0 43.315055083929
v 11.607142857144 0.0 41.720837518948
v 3.2509577492654 0.0 31.914677960221
v -6.034016342594 0.0 31.914071703114
v -0.51263980013261 0.0 31.87578032671
v -1.1114346116076 0.0 32.762112552703
v -2.0432668257874 0.0 32.461631937306
v 10.67928874944 0.0 31.893408785767
v 1.3928571428576 0.0 31.913812331555
v -4.1393198274727 0.0 31.873104072734
v -3.5181989519917 0.0 32.700794078103
v -7.8900986784598 0.0 31.949168382662
v -10.677367668562 0.0 31.944220985282
v -9.2842438003069 0.0 32.709437951133
v -12.188523596146 0.0 32.561378212059
v 12.190725834938 0.0 32.551421632768
v 11.602749254192 0.0 52.949002458442
v -8.8204014614656 0.0 31.89185150867
v 12.07142857143 0.0 36.091672394349
v 5.5825277123603 0.0 32.847109526028
v 12.127718453402 0.0 52.024298310924
v 11.602914020608 0.0 43.404946245046
v 11.092696662159 0.0 44.167092256662
v 11.456096828018 0.0 45.060746803389
v 10.60574913802 0.0 44.965486616619
v 2.7860107319163 0.0 32.803398416096
v -6.4900633313366 0.0 32.802270396156
v -6.9581600260318 0.0 33.659455835372
v 8.3502453381368 0.0 32.793947204958
v -9.7493816643183 0.0 51.370488095701
v -10.21419412517 0.0 52.174936996845
v -11.126174770748 0.0 52.184613359811
v -10.675787235199 0.0 52.980752525352
v -11.591938175702 0.0 52.961849001979
v -12.100077555989 0.0 52.070670200936
v -11.14285714286 0.0 53.783334214513
v -11.623925999487 0.0 54.601018143529
v -11.152825921224 0.0 55.402524585148
v -6.9641479475124 0.0 46.545894316511
v -9.2849582161793 0.0 50.566283964405
v -8.3552804630845 0.0 47.351068782246
v -7.8927034769663 0.0 48.154257578554
v -8.3567197754007 0.0 48.958580697516
v -1.3928571428565 0.0 43.329170411689
v -2.3214285714278 0.0 43.329170411689
v -8.3574462257809 0.0 55.391494393061
v -3.7142857143788 0.0 48.958335536234
v -5.1071428692409 0.0 51.370834868513
v 7.4285714285726 0.0 39.308338179833
v -1.3928571428565 0.0 46.545836197174
v 1.3928571428579 0.0 41.720837518947
v 0.92857142857233 0.0 40.916671072575
v 2.3214285714295 0.0 41.720837518947
v 10.649574761198 0.0 48.138862979487
v 9.7448515425941 0.0 48.151800329163
v 11.107071828908 0.0 47.328259118946
v -10.214285714284 0.0 39.308338179831
v -10.67857142857 0.0 38.50417173346
v -10.65726171785 0.0 40.124807793423
v 9.7449693782237 0.0 36.892934409882
v 0.4642857142861 0.0 52.979167768144
v 1.3928571428575 0.0 52.979167768144
v 11.072073089626 0.0 50.558821919314
v 0.46428571428643 0.0 43.329170411689
v -1.8571428571422 0.0 47.350002643545
v -2.3214285714281 0.0 51.370834875401
v -8.8211794642814 0.0 49.762548453667
v -11.296492819073 0.0 39.349392502974
v -11.546168867813 0.0 38.495296379514
v -11.274985832678 0.0 37.626307523643
v -1.3928571428553 0.0 36.895838840719
v -3.2500000000032 0.0 46.545836197172
v -6.4999999999984 0.0 39.308338179832
v -6.964285714284 0.0 38.504171733461
v -6.9642857142843 0.0 40.112504626203
v -7.4285714285698 0.0 39.308338179832
v -6.499999999998 0.0 37.70000528709
v -6.4999999999986 0.0 40.916671072575
v -6.9642857142844 0.0 41.720837518946
v 8.0151626076959e-13 0.0 47.350002643546
v 0.46428571428647 0.0 48.154169089917
v 0.92857142857221 0.0 47.350002643546
v 1.3928571428579 0.0 48.154169089917
v 1.3928571428579 0.0 46.545836197174
v 10.208416655546 0.0 37.696616784447
v 11.261323327239 0.0 37.628434714132
v -9.2856218084793 0.0 52.174918091045
v -10.210734095831 0.0 40.918721600444
v -10.73532879125 0.0 41.770232444002
v -11.133244468795 0.0 40.875448766618
v 4.6428571428573 0.0 53.783334214516
v 5.1071428571428 0.0 54.587500660887
v 6.0357142857143 0.0 54.587500660887
v 6.5000000000003 0.0 53.783334214516
v 6.9642857142859 0.0 54.587500660887
v 5.1071428571434 0.0 49.762501982659
v 6.0357142857148 0.0 49.762501982659
v -4.1785714285712 0.0 54.587500660886
v -5.1071428571425 0.0 54.587500660886
v -5.5714285714283 0.0 53.783334214515
v -6.035714285714 0.0 54.587500660887
v -5.5714285714284 0.0 55.391667107258
v -6.500000275227 0.0 53.783334057822
v -6.9642923028705 0.0 54.587496909865
v -5.1071428571426 0.0 52.979167768144
v 5.1071428571434 0.0 51.370834875402
v 12.093277240829 0.0 47.278976546425
v 9.2848758487526 0.0 36.091188322542
v 4.6428571428582 0.0 40.916671072576
v 7.4285714285719 0.0 50.566668429031
v 0.46428571428667 0.0 40.112504626204
v 1.3928571428581 0.0 40.112504626204
v -10.678571428569 0.0 35.287505947975
v -11.605845464833 0.0 35.220912160222
v -12.071428571426 0.0 36.091672394346
v 2.32147797913 0.0 33.658549056373
v -12.195833553629 0.0 46.321428571428
v -11.391667107258 0.0 45.857142857143
v -11.391667107257 0.0 44.928571428571
v -10.635447210234 0.0 45.411903884957
v -10.638582749704 0.0 44.470655806106
v -11.391667107257 0.0 44.0
v -1.8571428571417 0.0 39.308338179833
v -5.1071428571408 0.0 36.895838840719
v 11.197084591385 0.0 34.401328965849
v 5.1071428571438 0.0 41.720837518947
v 1.8571428571437 0.0 44.13333685806
v 1.392857142858 0.0 43.329170411689
v 6.0357142857142 0.0 56.195833553629
v 0.92857142857196 0.0 52.175001321773
v 7.8918484396187 0.0 46.546418572261
v 6.9640376705397 0.0 46.545979405298
v 6.4999005800225 0.0 45.741727150954
v 6.9642110649364 0.0 44.937546403254
v 6.0356852741602 0.0 44.937520054261
v -2.7857142857173 0.0 47.350002643543
v -1.3928571428572 0.0 56.195833553629
v 2.3214285714292 0.0 49.762501982659
v 9.7490218235445 0.0 38.503606983022
v -12.076470770443 0.0 40.802053527741
v -12.201783701877 0.0 50.065433008058
v -2.7857142857124 0.0 37.70000528709
v 3.7142857142869 0.0 37.700005287091
v 4.1785714285726 0.0 38.504171733462
v 5.107142857144 0.0 38.504171733462
v -3.25 0.0 56.195833553629
v -5.5714285855431 0.0 52.175001313737
v -12.195833553629 0.0 44.464285714286
v -11.452538072759 0.0 43.081059541165
v -12.215166272708 0.0 42.626446575222
v 12.195833553629 0.0 39.821428571428
v -4.1785714285701 0.0 41.720837518946
v -3.2499999999988 0.0 41.720837518946
v -8.8217504545083 0.0 56.195650298768
v 0.46428571428634 0.0 49.762501982659
v -5.10714285715 0.0 44.937503304427
v -6.0357142857185 0.0 44.937503304428
v 4.1785714285722 0.0 44.937503304432
v -6.5000008930184 0.0 52.175000813358
v -6.0357147580014 0.0 52.979167499261
v 12.18729751456 0.0 37.989701084218
v 2.3214285714287 0.0 56.195833553629
v -0.46428571428494 0.0 46.545836197174
v -6.4999999999988 0.0 42.525003965317
v -6.9642857142846 0.0 43.329170411688
v -6.4999999999998 0.0 44.133336858059
v 9.2857142857147 0.0 52.175001321773
v 9.284811611767 0.0 48.957966491331
v -10.170199393591 0.0 42.583311587122
v 5.107142857144 0.0 40.112504626204
v -8.3569763114788 0.0 50.566611536672
v -7.8928571428559 0.0 41.720837518946
v 4.1785714285714 0.0 56.195833553629
v 10.672585991075 0.0 56.199289247579
v 6.0357142857153 0.0 41.720837518947
v -1.8571428571422 0.0 44.13333685806
v 0.46428571428578 0.0 56.195833553629
v -3.2499999999977 0.0 35.287505947976
v -7.8929613514768 0.0 56.195774225452
v 1.8571428571442 0.0 36.091672394348
v -9.7499999999977 0.0 35.286244929623
v 6.9642857142862 0.0 49.76250198266
v 7.8928571428583 0.0 40.112504626205
v 4.6428571428579 0.0 44.133336858061
v 7.4285714285717 0.0 53.783334214516
v -5.5714285714301 0.0 44.133336858058
v 0.92857142857276 0.0 36.091672394348
v -10.231995201064 0.0 37.685232814368
v 4.1785714285728 0.0 35.287505947977
v 0.92857142857263 0.0 37.70000528709
v -5.1071428571429 0.0 56.195833553629
v -7.8928571428552 0.0 36.895838840718
v -7.4285714285696 0.0 37.700005287089
v -2.3191127319243 0.0 33.730395632714
v 4.6428571428586 0.0 34.483188821904
v 7.4285714285726 0.0 37.700005287091
v 2.3214285714287 0.0 54.587500660887
v 5.1071428571435 0.0 46.545836197174
v 6.4999827231833 0.0 44.133346832836
v -7.4263417935552 0.0 34.47841838217
v -5.5714285817007 0.0 50.566668423182
v -12.248638730653 0.0 48.24728756422
v 8.3571428571437 0.0 42.525003965318
v 4.6428571428582 0.0 39.308338179833
v 9.2121200989719e-13 0.0 40.916671072575
v 3.7142857142867 0.0 39.308338179833
v 5.5714285714298 0.0 37.700005287091
v 0.46428571428704 0.0 36.895838840719
v -5.10714285821 0.0 49.762501982051
v 9.750398870609 0.0 43.311398737368
v 3.2500000000012 0.0 38.504171733462
v -7.4285942507525 0.0 53.783321221363
v -0.46428571428532 0.0 52.979167768144
v -10.214206698501 0.0 53.783379142693
v -5.5673851739858 0.0 34.484008925501
v -2.7820861371592 0.0 34.491135330371
v -7.8928571428555 0.0 38.504171733461
v -6.964260106999 0.0 48.154183835918
v -7.4284710721155 0.0 48.958393581752
v 2.7857142857152 0.0 42.525003965318
v 10.210734095833 0.0 40.918721600446
v 8.8214950498641 0.0 43.32620846597
v -0.46428571428504 0.0 43.329170411689
v 6.0357122490441 0.0 48.15417026579
v -7.8894867013451 0.0 44.936817480436
v -7.891853637275 0.0 43.32863890988
v -2.7857142857139 0.0 52.175001321773
v 3.2500000000007 0.0 48.154169089917
v 2.3214285714292 0.0 48.154169089917
v 2.3214285714293 0.0 46.545836197174
v 11.142857142858 0.0 40.916671072576
v 9.7500000000005 0.0 51.370834875402
v 6.9642857142861 0.0 51.370834875402
v 6.9642857142868 0.0 38.504171733462
v -2.3214285714286 0.0 48.154169089916
v 6.3802213701245e-13 0.0 48.958335536288
v 2.7857142857147 0.0 52.175001321773
v -4.1785714286996 0.0 48.154169089843
v 4.6428571428577 0.0 50.566668429031
v 5.5714285714291 0.0 50.566668429031
v 6.5000000000004 0.0 50.566668429031
v -2.3214285714284 0.0 54.587500660886
v -6.0357142857143 0.0 56.195833553629
v 6.0357142857154 0.0 38.504171733462
v -3.7142857142856 0.0 55.391667107258
v 8.3569227165102 0.0 48.958314267208
v -5.5714285714266 0.0 37.70000528709
v -10.620521659305 0.0 48.120533135549
v 6.96430335235 0.0 35.287516200481
v 8.8191087586678 0.0 33.657512741405
v -6.0357142857123 0.0 36.895838840718
v 9.7506491814439 0.0 54.587402658561
v 7.3159996579382e-13 0.0 44.13333685806
v 10.649561975029 0.0 46.556199976828
v -1.8571428571422 0.0 50.56666842903
v -1.8571428571425 0.0 52.175001321773
v 1.8571428571436 0.0 42.525003965318
v 6.0357348634558 0.0 35.287517909232
v 7.4285076045338 0.0 48.958347657225
v 6.4999869865449 0.0 48.958338928296
v 10.648490530717 0.0 51.380101290802
v -7.8928571428557 0.0 40.112504626203
v 8.8212655420204 0.0 38.504077608389
v 7.8928299712901 0.0 38.50415604595
v 2.3214285714289 0.0 52.979167768144
v -1.8571428571428 0.0 55.391667107258
v -2.7857142857142 0.0 55.391667107258
v 5.1111013430564 0.0 33.666753611338
v 0.9285714285722 0.0 48.958335536288
v -7.4285714285701 0.0 40.916671072574
v -4.1785714288581 0.0 49.762501982495
v -7.4286469989255 0.0 55.391624083453
v -0.92857142857097 0.0 52.175001321773
v -3.7142857142845 0.0 40.916671072575
v -7.4284041776401 0.0 42.524915381682
v 5.5725724423753 0.0 34.480877462905
v -6.0356913248214 0.0 46.545845883595
v -3.2499999999992 0.0 43.329170411689
v -0.92857142857134 0.0 55.391667107258
v -2.7857142857137 0.0 44.13333685806
v -4.1785714285701 0.0 40.112504626204
v -2.3214285714275 0.0 41.720837518946
v -3.7142857142842 0.0 39.308338179833
v 6.0356563750942 0.0 46.545869631887
v 1.8571428571436 0.0 47.350002643546
v -7.4281214419969 0.0 47.350248679907
v -4.6428571428571 0.0 55.391667107258
v -2.7857142857129 0.0 39.308338179833
v 2.7857142857144 0.0 55.391667107258
v 5.1071380218844 0.0 44.93750609607
v 1.8571428571436 0.0 48.958335536288
v -3.2500000000286 0.0 48.1541690899
v -2.321428571427 0.0 38.504171733461
v -7.4268389318076 0.0 44.132602468618
v -1.8571428571412 0.0 37.70000528709
v -0.92857142856993 0.0 37.70000528709
v 1.857142857143 0.0 53.783334214516
v -2.7857142857133 0.0 42.525003965318
v 3.7142857142858 0.0 55.391667107258
v -0.46428571428414 0.0 36.895838840719
v 6.4999247843036 0.0 47.350046069349
v 5.5713967085271 0.0 45.741688146858
v 4.6428571428572 0.0 55.391667107258
v 7.3737312552187e-14 0.0 55.391667107258
v 7.4285714285716 0.0 55.391667107258
v 1.6756596110667e-12 0.0 36.091672394348
v -0.46428571428383 0.0 35.287505947977
v 0.92857142857163 0.0 55.391667107258
v -6.9632519492725 0.0 44.937339061844
v 1.8348485995884e-12 0.0 34.483339501606
v -0.46428571428375 0.0 33.679173055235
v -6.5000136931564 0.0 55.391659311453
v 7.8928571428572 0.0 56.195833553629
v 5.5714285714286 0.0 55.391667107258
v -6.49961764259 0.0 45.741726137648
v 1.857142857143 0.0 55.391667107258
v 8.8214285714286 0.0 56.195833553629
v 9.2858224826216 0.0 55.391650773537
v 10.214063552539 0.0 55.392125997916
v 11.13648628693 0.0 55.39567722965
v 6.5000000000001 0.0 55.391667107258
v 12.144724714438 0.0 55.487548755222
v 6.0410210721633 0.0 31.93534292406
v -12.158783812022 0.0 55.490541499483
v 7.8868613491666 0.0 31.860378686103
v 6.5043733725963 0.0 32.813263271951
v -6.0289443080205 0.0 33.655610225188
v 12.177107445485 0.0 49.06559329448
v -10.612639787857 0.0 43.442546587965
v 12.257397302364 0.0 45.386808379686
v -11.505701341559 0.0 42.221728731434
v -11.691977095713 0.0 33.495203595442
v 11.656671442787 0.0 33.492114441239
v -12.212624148366 0.0 37.989739867478
v 9.6747291578382 0.0 44.980960945417
v 10.181708794427 0.0 44.145555083009
v -2.3297338421886 0.0 31.706503892226
v 11.507325042064 0.0 51.306783746326
v -11.484173634584 0.0 51.427208609866
v 11.009297700813 0.0 45.796977904792
v 11.502469794358 0.0 38.443738712486
v -12.232031634913 0.0 38.953379010192
v -11.476504548767 0.0 40.18815355534
v 11.477161042946 0.0 40.204167144174
v -2.723982596025 0.0 33.018429283779
v -11.525374966123 0.0 49.501926934174
v 12.354156753374 0.0 50.035714285714
v 11.473003137691 0.0 46.545863454717
v 12.368008739523 0.0 43.520644935108
v -11.476675737483 0.0 46.638475019081
v -11.452284948657 0.0 36.753679320472
v 11.448359377732 0.0 36.756171216149
v -12.376692529329 0.0 35.178571428571
v 12.376692529331 0.0 35.178571428571
v 12.377975088999 0.0 54.678571428571
v 12.378724606616 0.0 41.685061205521
v -11.438960400076 0.0 48.057068903055
v 11.477993509788 0.0 48.082331334823
v -12.363284177138 0.0 52.880528503113
v 12.388192172308 0.0 52.840649906611
v -12.401343244952 0.0 54.653672495694
v -10.014280427195 0.0 45.857142857142
v -10.00706333024 0.0 44.030740335837
v 12.320238535829 0.0 56.320238535828
v -12.320238535829 0.0 31.679761464171
v 12.320238535829 0.0 31.679761464171
v -12.320238535829 0.0 56.320238535829
v -2.7730364431985 0.0 32.338305127557
v -12.431893450222 0.0 33.375464712449
v 12.408874193389 0.0 33.394470022158
v -1.8730185142882 0.0 33.151378856992
v -11.521024061388 0.0 41.502607132314
v 11.708314191561 0.0 45.822320015971
v -10.895281477403 0.0 42.619775778338
v 11.78188641397 0.0 50.462544252105
v -11.712429515648 0.0 48.707028916665
vt 0.29572558825793305 0.06867602901762715 
vt 0.29586807340053795 0.8838588981087785 
vt 0.7540771296974391 0.8838588981087785 
vt 0.7539346445548343 0.06867602901762715 
vt 0.2957306770130261 0.09778970291372624 
vt 0.2957357657681191 0.12690337680985675 
vt 0.2957408545232122 0.15601705070595595 
vt 0.29574594327830517 0.18513072460208613 
vt 0.2957510320333982 0.21424439849818522 
vt 0.2957561207884913 0.24335807239428442 
vt 0.2957612095435843 0.27247174629041493 
vt 0.2957662982986773 0.301585420186514 
vt 0.2957713870537704 0.33069909408264464 
vt 0.2957764758088634 0.35981276797874373 
vt 0.29578156456395643 0.38892644187487413 
vt 0.2957866533190494 0.4180401157709731 
vt 0.2957917420741425 0.4471537896670723 
vt 0.2957968308292355 0.4762674635632028 
vt 0.29580191958432855 0.5053811374593018 
vt 0.2958070083394216 0.5344948113554324 
vt 0.2958120970945146 0.5636084852515315 
vt 0.29581718584960764 0.5927221591476306 
vt 0.2958222746047007 0.621835833043761 
vt 0.2958273633597937 0.6509495069398603 
vt 0.29583245211488673 0.6800631808359907 
vt 0.2958375408699798 0.7091768547320897 
vt 0.2958426296250728 0.7382905286282204 
vt 0.2958477183801658 0.7674042025243194 
vt 0.2958528071352589 0.7965178764204184 
vt 0.29585789589035194 0.8256315503165488 
vt 0.2958629846454449 0.8547452242126481 
vt 0.31223268255399117 0.8838588981087785 
vt 0.328597291707462 0.8838588981087785 
vt 0.34496190086091516 0.8838588981087785 
vt 0.36132651001438065 0.8838588981087785 
vt 0.377691119167841 0.8838588981087785 
vt 0.394055728321303 0.8838588981087785 
vt 0.4104203374747632 0.8838588981087785 
vt 0.4267849466282235 0.8838588981087785 
vt 0.44314955578168547 0.8838588981087785 
vt 0.4595141649351458 0.8838588981087785 
vt 0.475878774088606 0.8838588981087785 
vt 0.4922433832420663 0.8838588981087785 
vt 0.5086079923955278 0.8838588981087785 
vt 0.5249726015489886 0.8838588981087785 
vt 0.5413372107024493 0.8838588981087785 
vt 0.5577018198559107 0.8838588981087785 
vt 0.5740664290093711 0.8838588981087785 
vt 0.5904310381628313 0.8838588981087785 
vt 0.6067956473162933 0.8838588981087785 
vt 0.6231602564697536 0.8838588981087785 
vt 0.6395248656232139 0.8838588981087785 
vt 0.655889474776674 0.8838588981087785 
vt 0.6722540839301361 0.8838588981087785 
vt 0.6886186930835964 0.8838588981087785 
vt 0.7049833022370617 0.8838588981087785 
vt 0.721347911390515 0.8838588981087785 
vt 0.737712520543986 0.8838588981087785 
vt 0.754072040942346 0.8547452242126481 
vt 0.7540669521872532 0.8256315503165488 
vt 0.75406186343216 0.7965178764204184 
vt 0.754056774677067 0.7674042025243194 
vt 0.754051685921974 0.7382905286282204 
vt 0.7540465971668808 0.7091768547320897 
vt 0.7540415084117879 0.6800631808359907 
vt 0.7540364196566949 0.6509495069398603 
vt 0.7540313309016018 0.621835833043761 
vt 0.7540262421465088 0.5927221591476619 
vt 0.7540211533914157 0.5636084852515315 
vt 0.7540160646363228 0.5344948113554324 
vt 0.7540109758812297 0.5053811374593018 
vt 0.7540058871261366 0.4762674635632028 
vt 0.7540007983710436 0.4471537896670723 
vt 0.7539957096159505 0.4180401157709731 
vt 0.7539906208608576 0.38892644187487413 
vt 0.7539855321057646 0.35981276797874373 
vt 0.7539804433506714 0.33069909408264464 
vt 0.7539753545955785 0.301585420186514 
vt 0.7539702658404854 0.27247174629041493 
vt 0.7539651770853923 0.24335807239431595 
vt 0.7539600883302995 0.21424439849818522 
vt 0.7539549995752063 0.18513072460208613 
vt 0.7539499108201133 0.15601705070595595 
vt 0.7539448220650203 0.12690337680985675 
vt 0.7539397333099271 0.09778970291372624 
vt 0.7375700354013809 0.06867602901762715 
vt 0.7212054262479102 0.06867602901762715 
vt 0.704840817094457 0.06867602901762715 
vt 0.6884762079409914 0.06867602901762715 
vt 0.6721115987875311 0.06867602901762715 
vt 0.6557469896340692 0.06867602901762715 
vt 0.6393823804806089 0.06867602901762715 
vt 0.6230177713271485 0.06867602901762715 
vt 0.6066531621736867 0.06867602901762715 
vt 0.5902885530202264 0.06867602901762715 
vt 0.5739239438667662 0.06867602901762715 
vt 0.5575593347133059 0.06867602901762715 
vt 0.5411947255598444 0.06867602901762715 
vt 0.5248301164063836 0.06867602901762715 
vt 0.5084655072529228 0.06867602901762715 
vt 0.49210089809946134 0.06867602901762715 
vt 0.4757362889460011 0.06867602901762715 
vt 0.4593716797925409 0.06867602901762715 
vt 0.4430070706390806 0.06867602901762715 
vt 0.42664246148561863 0.06867602901762715 
vt 0.4102778523321583 0.06867602901762715 
vt 0.3939132431786981 0.06867602901762715 
vt 0.3775486340252361 0.06867602901762715 
vt 0.3611840248717758 0.06867602901762715 
vt 0.34481941571831026 0.06867602901762715 
vt 0.32845480656485704 0.06867602901762715 
vt 0.3120901974113862 0.06867602901762715 
vt 0.3114267498459148 0.48695275678870287 
vt 0.5331504991345344 0.8586457169172576 
vt 0.7398311754986944 0.4617106266151376 
vt 0.5166528714109484 0.09762279445708721 
vt 0.7375338421828785 0.5794890831740991 
vt 0.3113751200831096 0.3769398147967812 
vt 0.5821106554346804 0.09388921020914798 
vt 0.46769206252069173 0.8586457169172576 
vt 0.30694502575143173 0.6063766260234246 
vt 0.5986089357483773 0.8586457169172576 
vt 0.739523885900022 0.34505640563246764 
vt 0.45110761772045604 0.09755583704584658 
vt 0.4022336259068472 0.8586457169172576 
vt 0.7398718855394387 0.6946200177840245 
vt 0.31085048209064864 0.2601060929708793 
vt 0.6475695584911066 0.09655781134533992 
vt 0.7389817437912758 0.25978214281367684 
vt 0.30882729393891256 0.6952832822995677 
vt 0.40199627675850025 0.09806488826533555 
vt 0.6477027632087615 0.8586457169172576 
vt 0.6967965906691422 0.8586457169172576 
vt 0.3104005951053437 0.7823424733226323 
vt 0.35309357354612725 0.097555837045878 
vt 0.6966453315104445 0.09501763915017292 
vt 0.739532579445015 0.7825837800072358 
vt 0.3531397984464682 0.8586457169172576 
vt 0.7398005780929912 0.17170125088296606 
vt 0.3098956701071911 0.17170125088299737 
vt 0.5658797174414567 0.8586457169172576 
vt 0.6148405263317075 0.09762279445708721 
vt 0.7402857654292484 0.40525031201495154 
vt 0.5504628368400037 0.09438011844279448 
vt 0.30994100992611956 0.3161422571345792 
vt 0.31063524920363866 0.43149324583713045 
vt 0.30863334519071617 0.5480760586235305 
vt 0.7398413530088805 0.519937974407367 
vt 0.48392345148278915 0.09646928344713945 
vt 0.7410825786943631 0.6370302831431681 
vt 0.5004212808276104 0.8586457169172576 
vt 0.4349628442137711 0.8586457169172576 
vt 0.3210435972284639 0.8592957990346871 
vt 0.7292062530568942 0.8593141209496264 
vt 0.3207337993696166 0.09541208713739058 
vt 0.7289358014535164 0.09553602619490897 
vt 0.7131908506453393 0.8586300116379629 
vt 0.7051465959789613 0.833258184106246 
vt 0.6886385637219387 0.8334034771224774 
vt 0.6968212420776021 0.8081854528303924 
vt 0.6804258638929696 0.8082166230201161 
vt 0.6886070920772724 0.7830000678063582 
vt 0.6722379098517423 0.7830047005009185 
vt 0.6804156003584022 0.757791729088118 
vt 0.6640498615662754 0.7577928734547158 
vt 0.6722278693124016 0.7325795806663531 
vt 0.6558630902459274 0.7325797527946615 
vt 0.664040977872734 0.7073665816917182 
vt 0.6476763276315464 0.7073666233151124 
vt 0.6558542278184485 0.6821534394883244 
vt 0.6394896109982542 0.6821534472550106 
vt 0.6476675089919057 0.6569402656500665 
vt 0.6313028983090752 0.6569402671993841 
vt 0.6394807960273426 0.6317270858733893 
vt 0.6231161866173343 0.6317270861332759 
vt 0.6312940842060148 0.6065139049385881 
vt 0.6149294749899866 0.606513905001953 
vt 0.6231073725859585 0.5813007237998659 
vt 0.606742763423808 0.581300723808676 
vt 0.6149206610096409 0.5560875426168416 
vt 0.5985560518543183 0.5560875426187541 
vt 0.6067339494400633 0.5308743614270135 
vt 0.5903693402863265 0.5308743614272957 
vt 0.5985472378718584 0.5056611802357747 
vt 0.5821826287183294 0.5056611802358373 
vt 0.574004731132794 0.5308743614273583 
vt 0.5658180195648655 0.5056611802358373 
vt 0.5576401219793196 0.5308743614273896 
vt 0.5494534104114035 0.5056611802358686 
vt 0.5412755128258576 0.5308743614273896 
vt 0.5330888012579417 0.5056611802358686 
vt 0.5249109036723958 0.5308743614273896 
vt 0.5167241921044811 0.5056611802358686 
vt 0.541266698843491 0.48044799904431623 
vt 0.508546294518935 0.5308743614273896 
vt 0.5003595829510192 0.5056611802358686 
vt 0.49218168536547335 0.5308743614273896 
vt 0.48399497379755907 0.5056611802358686 
vt 0.4758170762120148 0.5308743614273896 
vt 0.5167330060868486 0.5560875426189107 
vt 0.4676303646440988 0.5056611802358686 
vt 0.4758082622296446 0.48044799904434765 
vt 0.5903605263038822 0.48044799904431623 
vt 0.4594436530761826 0.48044799904434765 
vt 0.4676215506617286 0.4552348178527953 
vt 0.4594524670585528 0.5308743614273896 
vt 0.4676391786264671 0.5560875426189107 
vt 0.4512569415082683 0.4552348178527953 
vt 0.45943483909381255 0.43002163666127413 
vt 0.606751577414345 0.631727086183441 
vt 0.451274569473007 0.5560875426189107 
vt 0.459461281040923 0.581300723810463 
vt 0.44309667188746094 0.581300723810463 
vt 0.45128338345537705 0.6065139050019842 
vt 0.6067251354573425 0.48044799904431623 
vt 0.5985384238894176 0.4552348178527953 
vt 0.4430702299403523 0.43002163666127413 
vt 0.4512481275258981 0.4048084554697531 
vt 0.46761273667935843 0.4048084554697531 
vt 0.45942602511144404 0.37959527427823214 
vt 0.47579063426490437 0.37959527427823214 
vt 0.4676039226969899 0.3543820930866797 
vt 0.4839685318504502 0.3543820930866797 
vt 0.45123931354352803 0.3543820930866797 
vt 0.4349187743019168 0.6065139050019842 
vt 0.6149030330428762 0.4552348178527953 
vt 0.6067163214749566 0.43002163666127413 
vt 0.4757818202825342 0.3291689118951586 
vt 0.4921464294359962 0.3291689118951586 
vt 0.43489233235480806 0.4552348178527953 
vt 0.4431054858698311 0.6317270861935051 
vt 0.4594700950232931 0.6317270861935051 
vt 0.6230809306284167 0.4300216366612428 
vt 0.6148942190605007 0.40480845546972166 
vt 0.4267320627340007 0.581300723810463 
vt 0.4267408767163709 0.6317270861935051 
vt 0.42670562078689195 0.43002163666127413 
vt 0.4839597178680801 0.30395573070363757 
vt 0.5003243270215403 0.30395573070363757 
vt 0.6312676421963329 0.4552348178527953 
vt 0.6312588282139608 0.40480845546972166 
vt 0.6230721166460448 0.3795952742782007 
vt 0.4185277232013478 0.4552348178527953 
vt 0.6067075074925845 0.3795952742782007 
vt 0.6148854050781287 0.3543820930866797 
vt 0.6312500142315889 0.3543820930866797 
vt 0.623063302663671 0.3291689118951272 
vt 0.45129219743774723 0.6569402673850264 
vt 0.46765680659120745 0.6569402673850264 
vt 0.6066986935102127 0.3291689118951586 
vt 0.614876591095755 0.30395573070360626 
vt 0.6312412002492154 0.30395573070360626 
vt 0.6313117133872574 0.7073666284723354 
vt 0.5985119819422947 0.30395573070360626 
vt 0.6394719817411543 0.5813007237981102 
vt 0.41034101163343173 0.43002163666127413 
vt 0.508511038589456 0.3291689118951586 
vt 0.6066898795278372 0.2787425495120852 
vt 0.5903252703743769 0.2787425495120852 
vt 0.492137615453626 0.2787425495120852 
vt 0.475773006300164 0.27874254951211663 
vt 0.4594789090056615 0.6821534485765787 
vt 0.47584351815912357 0.6821534485765475 
vt 0.40216311404788757 0.4552348178528266 
vt 0.5985031679599211 0.25352936832056416 
vt 0.5821385588064609 0.25352936832056416 
vt 0.39397640247997145 0.43002163666127413 
vt 0.48395090388570994 0.25352936832056416 
vt 0.46758629473224966 0.25352936832056416 
vt 0.5003155130391701 0.25352936832056416 
vt 0.46766562057357774 0.7073666297680997 
vt 0.48403022972703785 0.7073666297680997 
vt 0.45130101142011564 0.7073666297680997 
vt 0.4922081273125838 0.6821534485765475 
vt 0.5003948388804982 0.7073666297680997 
vt 0.5085727364660441 0.6821534485765475 
vt 0.5167594480339588 0.7073666297680997 
vt 0.5249373456195049 0.6821534485765787 
vt 0.5331240571874194 0.7073666297680997 
vt 0.4021543000655156 0.4048084554697531 
vt 0.6640321182133857 0.656940265581152 
vt 0.38579850489442735 0.4552348178528266 
vt 0.3857896909120554 0.4048084554697531 
vt 0.39396758849759955 0.37959527427823214 
vt 0.5821473727888345 0.30395573070360626 
vt 0.4757641923177938 0.2283161871290431 
vt 0.4593995831643336 0.2283161871290431 
vt 0.45122168557878767 0.25352936832056416 
vt 0.44303497401087333 0.2283161871290431 
vt 0.43485707642532734 0.25352936832056416 
vt 0.426670364857413 0.2283161871290431 
vt 0.4184924672718672 0.2535293683205956 
vt 0.4103057557039528 0.2283161871290431 
vt 0.40212785811840684 0.2535293683205956 
vt 0.3939411465504908 0.2283161871290431 
vt 0.3857632489649466 0.2535293683205956 
vt 0.5903164563920049 0.2283161871290431 
vt 0.6066810655454653 0.2283161871290431 
vt 0.5739518472385446 0.2283161871290431 
vt 0.37757653739703056 0.2283161871290431 
vt 0.3776029793441375 0.37959527427823214 
vt 0.49215524341836636 0.37959527427823214 
vt 0.541301954772965 0.6821534485765787 
vt 0.5494886663408807 0.7073666297680997 
vt 0.5658268335472356 0.5560875426189107 
vt 0.5903517123214945 0.43002163666127413 
vt 0.6476851643415465 0.7577929626742549 
vt 0.39398521646234336 0.48044799904434765 
vt 0.3776206073088814 0.48044799904434765 
vt 0.38580731887679925 0.5056611802358686 
vt 0.4922169412949523 0.732579810959621 
vt 0.5249461596018741 0.732579810959621 
vt 0.4594877229880335 0.732579810959621 
vt 0.4431231138345715 0.732579810959621 
vt 0.5657739496530005 0.25352936832056416 
vt 0.5575872380850828 0.2283161871290431 
vt 0.38575443498257644 0.20310300593752217 
vt 0.43484826244295727 0.20310300593752217 
vt 0.4675774807498777 0.20310300593752217 
vt 0.48394208990333976 0.20310300593752217 
vt 0.5657651356706268 0.20310300593752217 
vt 0.5494005265171684 0.20310300593752217 
vt 0.5984943539775491 0.20310300593749075 
vt 0.6148589631310094 0.20310300593749075 
vt 0.36966383775937617 0.5058882694952357 
vt 0.3776662759639259 0.5309122096372842 
vt 0.36939863981148463 0.2535293683205956 
vt 0.3693898258291145 0.20310300593752217 
vt 0.6804055853664089 0.707366583373127 
vt 0.3694250817585934 0.4048084554697531 
vt 0.5331152432050505 0.6569402673850264 
vt 0.5494798523585105 0.6569402673850264 
vt 0.4103145696863212 0.27874254951211663 
vt 0.5085374805365669 0.48044799904431623 
vt 0.500386024898128 0.6569402673850264 
vt 0.4513098254024893 0.7577929921511419 
vt 0.4349452162490273 0.7577929921511419 
vt 0.4267585046811112 0.732579810959621 
vt 0.4185806070955671 0.7577929921511731 
vt 0.410393895527651 0.732579810959621 
vt 0.40221599794210505 0.7577929921511731 
vt 0.3940292863741907 0.732579810959621 
vt 0.38585138878864483 0.7577929921511731 
vt 0.3776646772207287 0.732579810959621 
vt 0.38584257480627465 0.7073666297680997 
vt 0.3694779656528143 0.7073666297680997 
vt 0.3776558632383603 0.6821534485765787 
vt 0.36948677963518456 0.7577929921511731 
vt 0.3612912540848983 0.6821534485765787 
vt 0.3694691516704442 0.6569402673850576 
vt 0.36125599815542114 0.48044799904434765 
vt 0.37756772341466216 0.1778898247460009 
vt 0.37758535137940247 0.27874254951211663 
vt 0.516688936175001 0.30395573070363757 
vt 0.524875647742917 0.3291689118951586 
vt 0.36122074222594047 0.27874254951211663 
vt 0.6967801749987256 0.7577917640512173 
vt 0.3612383701906773 0.37959527427823214 
vt 0.3612031142612019 0.1778898247460009 
vt 0.3615289372919498 0.5311456069316547 
vt 0.3695016870101792 0.5561390582379635 
vt 0.3530252166756542 0.20310300593752217 
vt 0.6230985585935571 0.5308743614269822 
vt 0.5412931407905951 0.6317270861935051 
vt 0.4758258901943832 0.581300723810463 
vt 0.5576577499440565 0.6317270861935051 
vt 0.5658444615119708 0.6569402673850264 
vt 0.6230456746989272 0.2283161871290117 
vt 0.6312235722844697 0.20310300593749075 
vt 0.6394102838523874 0.2283161871290117 
vt 0.64758818143793 0.20310300593749075 
vt 0.6557748930058478 0.2283161871290117 
vt 0.6639527905913902 0.20310300593749075 
vt 0.6721395021593081 0.2283161871290117 
vt 0.6803173997448522 0.20310300593745922 
vt 0.6721306881769326 0.17788982474593829 
vt 0.68850411131277 0.22831618712898027 
vt 0.6803262137272259 0.25352936832053274 
vt 0.6884952973303945 0.17788982474593829 
vt 0.4267144347692657 0.48044799904434765 
vt 0.39393233256812243 0.1778898247460009 
vt 0.3776734912031007 0.7830061733426944 
vt 0.3613088820496404 0.7830061733426944 
vt 0.35312217048172256 0.7577929921511731 
vt 0.3531045425169822 0.6569402673850576 
vt 0.47575537833542364 0.17788982474596948 
vt 0.4921199874888839 0.17788982474596948 
vt 0.6066722515630916 0.17788982474596948 
vt 0.6393563989929836 0.17787321470568085 
vt 0.5575784241027109 0.17788982474596948 
vt 0.5412138149492545 0.1778898247460009 
vt 0.3531392959620189 0.5561413361394795 
vt 0.3530604726051331 0.4048084554697531 
vt 0.696690822880688 0.25352936832053274 
vt 0.6885129252951454 0.2787425495120538 
vt 0.7048687204662373 0.22831618712898027 
vt 0.6721483161416835 0.2787425495120538 
vt 0.6803350277096013 0.30395573070357473 
vt 0.6966996368630615 0.30395573070357473 
vt 0.6885217392775174 0.3291689118950958 
vt 0.6721571301240572 0.3291689118951272 
vt 0.6803438416919733 0.35438209308664825 
vt 0.6967084508454335 0.35438209308664825 
vt 0.6885305532598893 0.3795952742781694 
vt 0.6721659441064274 0.3795952742781694 
vt 0.6803526556743434 0.40480845546969035 
vt 0.6967172648278036 0.40480845546969035 
vt 0.6885393672422577 0.4300216366612428 
vt 0.41033219765105977 0.37959527427823214 
vt 0.6721747580887992 0.4300216366612428 
vt 0.6803614696567135 0.4552348178527639 
vt 0.6965269004483883 0.4553544175636982 
vt 0.6879114089650622 0.47984808511863686 
vt 0.6720774433612398 0.48034801339001554 
vt 0.680246466810834 0.5055445303058144 
vt 0.6972704401222861 0.5055208452618007 
vt 0.6880382593889796 0.5314349389313451 
vt 0.6720852939458241 0.5309483493563523 
vt 0.6802747929671618 0.5561933035243816 
vt 0.6960525091279275 0.5568020073417909 
vt 0.6884332254724883 0.5814374280818079 
vt 0.41857179311319337 0.7073666297680997 
vt 0.40214548608314377 0.3543820930867111 
vt 0.3858337608239045 0.6569402673850576 
vt 0.4430437879932435 0.27874254951211663 
vt 0.36941626777622144 0.3543820930867111 
vt 0.35305165862276117 0.3543820930867111 
vt 0.36129071690586845 0.5813182753337283 
vt 0.3776494442886521 0.5813122350008286 
vt 0.3940001728901622 0.5308806694623931 
vt 0.5330535453284606 0.30395573070363757 
vt 0.5412402568963772 0.3291689118951586 
vt 0.5330623593108329 0.3543820930866797 
vt 0.549426968464293 0.3543820930866797 
vt 0.5412490708787489 0.3795952742782007 
vt 0.5576136800322091 0.3795952742782007 
vt 0.5494357824466649 0.40480845546972166 
vt 0.5330711732932045 0.4048084554697531 
vt 0.42676731866348494 0.7830061733426944 
vt 0.5412226289316269 0.2283161871290431 
vt 0.34594676141410785 0.5309246483499608 
vt 0.38574559528312347 0.152529511534638 
vt 0.4020990418252569 0.1526882157069792 
vt 0.6803083725201781 0.15145664640790935 
vt 0.6966729461332573 0.15125331355012117 
vt 0.34492059566593797 0.5813126146510864 
vt 0.7047931214488539 0.5814425853094536 
vt 0.6967075406554768 0.6065603326303524 
vt 0.3449442728961784 0.7830061733426944 
vt 0.34492664493144154 0.6821534485765787 
vt 0.336739933363522 0.6569402673850576 
vt 0.34483850510773995 0.1778898247460009 
vt 0.3366606075221887 0.20310300593752217 
vt 0.3367575613282588 0.7577929921511731 
vt 0.6803583176340422 0.6065444269852227 
vt 0.5740223590975184 0.6317270861935051 
vt 0.418510095236604 0.3543820930866797 
vt 0.3448473190901083 0.2283161871290743 
vt 0.5494710383761403 0.6065139050019842 
vt 0.5331064292226793 0.6065139050019842 
vt 0.7048598650200713 0.17765260307854502 
vt 0.45939076918196164 0.1778898247460009 
vt 0.4675686370403431 0.15250656915375926 
vt 0.45120405265951813 0.15264829782102107 
vt 0.68856219415981 0.6317399111287574 
vt 0.7049296641395743 0.6317369616207441 
vt 0.69675766854007 0.6569440507787435 
vt 0.6475969954203036 0.25352936832053274 
vt 0.5903076424096313 0.17788982474596948 
vt 0.5979094274759496 0.15176629053742974 
vt 0.48398615981519055 0.4552348178527953 
vt 0.664059250087518 0.8082186538082257 
vt 0.5903781542689275 0.5813007238101182 
vt 0.582209070665431 0.6569402673850264 
vt 0.5740311730798868 0.6821534485765475 
vt 0.5903957822333471 0.6821534485765475 
vt 0.5822178846478029 0.7073666297680685 
vt 0.5985824938012632 0.7073666297680685 
vt 0.5904045962157191 0.732579810959621 
vt 0.606769205369181 0.732579810959621 
vt 0.5985913077836351 0.7577929921511419 
vt 0.5822266986301748 0.7577929921511419 
vt 0.5904134101980892 0.783006173342663 
vt 0.6067780193515495 0.783006173342663 
vt 0.574048801044629 0.783006173342663 
vt 0.44308785790509253 0.5308743614273896 
vt 0.6638611865011214 0.15238569460620865 
vt 0.5003066990567999 0.20310300593752217 
vt 0.6147132104763727 0.15256695619157645 
vt 0.4758347041767516 0.6317270861935051 
vt 0.581778077063572 0.15253719696563672 
vt 0.5658620894767146 0.7577929921511419 
vt 0.5576841918911687 0.783006173342663 
vt 0.4676744345559496 0.7577929921511419 
vt 0.45949653697040543 0.7830061733426944 
vt 0.47586114612386743 0.783006173342663 
vt 0.5822355126125432 0.808219354534184 
vt 0.5657915776177533 0.3543820930866797 
vt 0.5739782891856675 0.3795952742782007 
vt 0.5494181544819192 0.30395573070360626 
vt 0.5248668337605462 0.2787425495120852 
vt 0.5084845966423436 0.17788982474596948 
vt 0.5002978850744297 0.15267664355444865 
vt 0.5166624942278877 0.15267664355444865 
vt 0.36949559361755646 0.8082193545342155 
vt 0.38586020277101674 0.8082193545342155 
vt 0.7127369679545699 0.6565453470022206 
vt 0.7048826059512283 0.6820882590783555 
vt 0.7125544315572283 0.5524949969329482 
vt 0.3530164026932875 0.15267664355447985 
vt 0.5493917125347948 0.15267664355444865 
vt 0.6721054566491153 0.12675296084187926 
vt 0.7135655420091422 0.1513198203133792 
vt 0.3361236296584382 0.15159657892537937 
vt 0.7131523858402271 0.808219354534184 
vt 0.5412843268082249 0.5813007238104317 
vt 0.6067603913868073 0.6821534485765475 
vt 0.5412578848611213 0.43002163666127413 
vt 0.5248932757076609 0.43002163666127413 
vt 0.5576224940145811 0.43002163666127413 
vt 0.5167065641397441 0.4048084554697531 
vt 0.5085286665541994 0.43002163666127413 
vt 0.42669680680452 0.37959527427823214 
vt 0.34491783094907313 0.6317270861935367 
vt 0.6640053170827155 0.5560953409682882 
vt 0.6558083996512468 0.5308879924737484 
vt 0.5494974803232526 0.7577929921511419 
vt 0.5413195827377082 0.783006173342663 
vt 0.5495062943056246 0.808219354534184 
vt 0.5331416851521639 0.8082193545342155 
vt 0.5249549735842474 0.7830061733426944 
vt 0.5167770759987029 0.8082193545342155 
vt 0.5085903644307856 0.7830061733426944 
vt 0.5004124668452421 0.8082193545342155 
vt 0.3612295562083053 0.32916891189519004 
vt 0.3448649470548451 0.32916891189519004 
vt 0.3775941653617656 0.3291689118951586 
vt 0.3370626669868903 0.3547678365926388 
vt 0.34493545891380994 0.7325798109596522 
vt 0.3287418051881869 0.7327587890284616 
vt 0.36124718417304924 0.43002163666130555 
vt 0.3448825750195819 0.43002163666130555 
vt 0.33669586345167996 0.4048084554697531 
vt 0.4103233836686896 0.3291689118951586 
vt 0.4266879928221516 0.3291689118951586 
vt 0.3694650543215309 0.6065187487875842 
vt 0.3858276011162842 0.6065166308313117 
vt 0.3940051549753799 0.5813030966470787 
vt 0.410295077000182 0.1778917534380685 
vt 0.4184258630812427 0.15260529671539402 
vt 0.40218977139235923 0.6065141262060885 
vt 0.5166713082102568 0.20310300593752217 
vt 0.58215618677121 0.3543820930866797 
vt 0.4676832485383233 0.8082193545342155 
vt 0.4513186393848613 0.8082193545342155 
vt 0.37768230518547086 0.8334325357257364 
vt 0.712599400986686 0.2530610434772509 
vt 0.7207012933976528 0.22776980814516712 
vt 0.32893857726789844 0.22784786228579257 
vt 0.33720126672434697 0.2529829893367823 
vt 0.3286438445807851 0.6318802236152847 
vt 0.3213173077559429 0.6582825724282917 
vt 0.32047002531713303 0.2014242820885741 
vt 0.6556577803071885 0.12609011848922713 
vt 0.34475596428918565 0.12632752955664694 
vt 0.3613177983708039 0.12607734579823004 
vt 0.32791863379834335 0.1234759401580956 
vt 0.3698558105332664 0.09927654035932254 
vt 0.3939143735966292 0.12521646027920297 
vt 0.605968318062006 0.12543834014966138 
vt 0.6228482555885558 0.1260348620399453 
vt 0.5084756175257292 0.1265186998966884 
vt 0.5254159934363476 0.12545088646860847 
vt 0.49211091751919056 0.1259989132499677 
vt 0.4593672850451238 0.12630439590511633 
vt 0.44284310496495116 0.12610620678488926 
vt 0.43463596092032486 0.09832629178075558 
vt 0.7048730954984948 0.12671148496867113 
vt 0.7214894392272931 0.1255371945662922 
vt 0.3261752995147038 0.3297211691940567 
vt 0.33667823548692544 0.30395573070366877 
vt 0.7236286057471039 0.6814086483600019 
vt 0.7131347578755078 0.7073666297680371 
vt 0.722208826914501 0.1755126569883072 
vt 0.7193342205885256 0.629146122862638 
vt 0.7202816560512679 0.580400356671409 
vt 0.32816777558490884 0.7828955566726997 
vt 0.33669772728433034 0.8082009184225653 
vt 0.320401766157174 0.8082193545342466 
vt 0.32826494794795885 0.43026690485727115 
vt 0.33666242328119433 0.45479225733812 
vt 0.32033125429820913 0.4048084554697846 
vt 0.4675421181628299 0.0973540983986807 
vt 0.6311751616239623 0.09733509030606957 
vt 0.5338693850496042 0.09613453361074409 
vt 0.5444270579209525 0.12392387387816417 
vt 0.560847486592608 0.11450284887179507 
vt 0.3366293655477386 0.096687241988888 
vt 0.5002882105485067 0.09732695818100723 
vt 0.5977838947223694 0.09605062451864532 
vt 0.5868421533119076 0.12200134426075193 
vt 0.6638858822501856 0.09843548307258909 
vt 0.7130070818144058 0.09828036639602145 
vt 0.6884596610094306 0.12227235723062313 
vt 0.7396422074771443 0.11763021250388339 
vt 0.30999627310374483 0.11731804200877682 
vt 0.3204702171960927 0.7568472135469151 
vt 0.6802806896912819 0.09663841638843029 
vt 0.31211810078318425 0.2283161871290743 
vt 0.4264569791307033 0.1265887999004387 
vt 0.3112133941977358 0.727854791237907 
vt 0.3204150101316858 0.45761063174678496 
vt 0.3294109643164691 0.4815063383781507 
vt 0.32301150606412826 0.5095252567388149 
vt 0.33799702296401046 0.5065385462633791 
vt 0.47574094752854074 0.12521831728484167 
vt 0.6392171391415096 0.12518295026441517 
vt 0.6474713037923376 0.15205844586761752 
vt 0.37768002312130916 0.12492199169207774 
vt 0.6967592496289546 0.707355757119192 
vt 0.7049552458235044 0.7325777941681069 
vt 0.7210275215815541 0.732881178988299 
vt 0.7130945135188903 0.7578426793406662 
vt 0.7292401275343586 0.7572499936322379 
vt 0.7381904000793602 0.7293086977896439 
vt 0.7213302834258312 0.7830061733426001 
vt 0.7298128455266049 0.8086431706989459 
vt 0.7215148409295797 0.8337729522633313 
vt 0.6476474517106247 0.556089364845368 
vt 0.6885701105122526 0.6821413943851601 
vt 0.6721683841161169 0.5813341506567831 
vt 0.6640205948159743 0.6065166794027916 
vt 0.6722025592123712 0.6317347727793987 
vt 0.5494445964290369 0.4552348178527953 
vt 0.5658092055824954 0.4552348178527953 
vt 0.6722506153957724 0.8334271205851733 
vt 0.5903869682526297 0.6317270861918123 
vt 0.6149471031679045 0.7073666295521077 
vt 0.39395877451522937 0.3291689118951586 
vt 0.5494622243937737 0.5560875426189107 
vt 0.5003419549862842 0.4048084554697531 
vt 0.5085198525718277 0.3795952742782007 
vt 0.48397734583282037 0.4048084554697531 
vt 0.3372420561003792 0.6060340096552553 
vt 0.3531864490075524 0.6064396368024598 
vt 0.32917494845958445 0.58061899501171 
vt 0.7048863484309742 0.3291689118950958 
vt 0.7130642460165253 0.30395573070357473 
vt 0.712697577328877 0.35476783659254485 
vt 0.3531226715279864 0.2534383051566109 
vt 0.5167682620163303 0.7577929921511419 
vt 0.5004036528628701 0.7577929921511419 
vt 0.3298094502480188 0.6819074354879843 
vt 0.5167153781221141 0.4552348178527953 
vt 0.557648935961688 0.5813007238104317 
vt 0.5658532754943427 0.7073666297680685 
vt 0.6803923357196927 0.6569417243992429 
vt 0.7239587694245995 0.3304560957769538 
vt 0.7283542359886435 0.30367746006919405 
vt 0.7235702998111824 0.27643188973314947 
vt 0.5494093404995422 0.25352936832056416 
vt 0.5821914427007628 0.5560875426188481 
vt 0.6394279118171331 0.3291689118951272 
vt 0.6476058094026773 0.30395573070360626 
vt 0.6476146233850509 0.35438209308664825 
vt 0.6557925209705934 0.3291689118951272 
vt 0.6394190978347577 0.2787425495120852 
vt 0.6394367257995051 0.3795952742782007 
vt 0.6476234373674211 0.40480845546972166 
vt 0.524919717654764 0.581300723810463 
vt 0.5167418200692186 0.6065139050019842 
vt 0.5085551085013036 0.581300723810463 
vt 0.5003772109157578 0.6065139050019842 
vt 0.5003683969333894 0.5560875426189107 
vt 0.34495954742077595 0.27863630915414506 
vt 0.3264033517539617 0.2764985839349159 
vt 0.6885906209147326 0.732577201411019 
vt 0.7048325819683458 0.37965956486248553 
vt 0.7140824038133562 0.4063571438053253 
vt 0.7210901374177316 0.3783028235997169 
vt 0.4431319278169452 0.7830061733426944 
vt 0.4349540302314027 0.8082193545342155 
vt 0.4185894210779407 0.8082193545342155 
vt 0.41040270951002117 0.7830061733426944 
vt 0.402224811924477 0.8082193545342155 
vt 0.43492758828428696 0.6569402673850264 
vt 0.41856297913082674 0.6569402673850264 
vt 0.5986001217660053 0.808219354534184 
vt 0.6149647309194638 0.808219354534184 
vt 0.6231426285050115 0.783006173342663 
vt 0.6313293400729258 0.8082193545342155 
vt 0.6231514424873816 0.8334325357257364 
vt 0.6395072425080607 0.7830061684298381 
vt 0.6476940653192667 0.8082192369277202 
vt 0.6149559169370971 0.7577929921511419 
vt 0.43493640226665536 0.7073666297680997 
vt 0.3117943610309079 0.5790738292861768 
vt 0.36122670172189697 0.2283010099350561 
vt 0.4430614159579821 0.37959527427823214 
vt 0.39402047239182053 0.6821534485765787 
vt 0.5166977501573731 0.3543820930866797 
vt 0.5003331410039122 0.3543820930866797 
vt 0.7130466180517708 0.20310300593745922 
vt 0.7293879977617632 0.2010150784388387 
vt 0.7375979387731436 0.22831618712898027 
vt 0.48393229216446915 0.15203001545584682 
vt 0.7398464417639734 0.5490516483034663 
vt 0.7256717301365313 0.5344948113554324 
vt 0.7256666413814206 0.5053811374593018 
vt 0.7123421053170408 0.5205351504793639 
vt 0.7123922060368404 0.49102402319304517 
vt 0.7256615526263276 0.4762674635632028 
vt 0.5576048660498371 0.3291689118951586 
vt 0.6148677771133813 0.25352936832056416 
vt 0.3275177731351394 0.17531853306007417 
vt 0.4348835183724379 0.4048084554697531 
vt 0.49217287138310495 0.48044799904431623 
vt 0.5003507689686508 0.4552348178527953 
vt 0.4185982350603109 0.8586457169172576 
vt 0.5085815504484131 0.732579810959621 
vt 0.3858339128568224 0.5561058019340763 
vt 0.40218511417786174 0.5560920326500415 
vt 0.41036039203328956 0.5308761611050734 
vt 0.4021732438436869 0.5056625315213059 
vt 0.41853704855847756 0.5056617053963941 
vt 0.5740135451152134 0.5813007238103691 
vt 0.5495151082879965 0.8586457169172576 
vt 0.4840214157446677 0.6569402673850264 
vt 0.353060080365107 0.30393802397733005 
vt 0.7377126134108651 0.3760016489302791 
vt 0.7399718216416508 0.6664381205550833 
vt 0.5739606612209167 0.2787425495120852 
vt 0.4594083971467037 0.27874254951211663 
vt 0.45123049956115785 0.30395573070363757 
vt 0.4348658904076975 0.30395573070363757 
vt 0.582244326594917 0.8586457169172576 
vt 0.6231338147713502 0.7325798107076666 
vt 0.7398362642537875 0.490824300511268 
vt 0.7267292715607979 0.4474557512648545 
vt 0.7401669012612115 0.4332021858070294 
vt 0.30994609868121253 0.3452559310306784 
vt 0.5985296099070387 0.40480845546972166 
vt 0.5821650007535802 0.40480845546972166 
vt 0.680437653193801 0.858639971293282 
vt 0.5167506340515893 0.6569402673850264 
vt 0.6149118470253855 0.5056611802357118 
vt 0.6312764561787947 0.5056611802357431 
vt 0.45126575549063846 0.5056611802358686 
vt 0.6394984394113654 0.7325797950191901 
vt 0.6313205344124055 0.757792983720803 
vt 0.3100864946986776 0.28782543609156397 
vt 0.48405667167415023 0.8586457169172576 
vt 0.5330976152403106 0.5560875426189107 
vt 0.6394455397818769 0.4300216366612428 
vt 0.6476322513497931 0.4552348178527639 
vt 0.6394543537642631 0.48044799904428515 
vt 0.36130006806726844 0.732579810959621 
vt 0.36129834628692764 0.6317155154578564 
vt 0.7041273439560751 0.4318497664471228 
vt 0.4348747043900659 0.3543820930866797 
vt 0.6722158925838204 0.6821516648197926 
vt 0.6639880465208832 0.40480845546972166 
vt 0.45132745336723146 0.8586457169172576 
vt 0.3368806921411521 0.8587540639368292 
vt 0.41851890921897594 0.4048084554697531 
vt 0.5576313079969512 0.48044799904431623 
vt 0.5167858899810728 0.8586457169172576 
vt 0.5821297448240872 0.20310300593749075 
vt 0.6640692085499087 0.8586438567898134 
vt 0.4921288014712541 0.2283161871290431 
vt 0.6966820019876825 0.20306346899291472 
vt 0.40219836997736647 0.6569402673850576 
vt 0.38578087692968344 0.3543820930867111 
vt 0.4430790439227241 0.48044799904434765 
vt 0.39403810035656084 0.7830061733426944 
vt 0.6230897446108328 0.4804479990442536 
vt 0.508493410624715 0.2283161871290431 
vt 0.7051895553088782 0.27827938540835095 
vt 0.4512128715964174 0.20310300593752217 
vt 0.5085022246070856 0.2787425495120852 
vt 0.6149735449018392 0.8586457169172576 
vt 0.6639616045737655 0.25352936832053274 
vt 0.6557837069882214 0.2787425495120538 
vt 0.5657157893737781 0.15428263461877123 
vt 0.44302615920274685 0.17788510045708594 
vt 0.39394996053286097 0.27874254951211663 
vt 0.48404785769178177 0.8082193545342155 
vt 0.4349099603195484 0.5560875426189107 
vt 0.4103501301471673 0.4804483117853361 
vt 0.6557267582487831 0.17773553196673253 
vt 0.6231250007212774 0.6821534483931939 
vt 0.7407876039418574 0.6094334659653577 
vt 0.3776117933265112 0.43002163666127413 
vt 0.4430526019756137 0.3291689118951586 
vt 0.5248844617252882 0.3795952742782007 
vt 0.45941721112907563 0.3291689118951586 
vt 0.4266791788397815 0.27874254951211663 
vt 0.5166801221926297 0.25352936832056416 
vt 0.6149382889911682 0.6569402673659637 
vt 0.35306215972886973 0.4546776192196589 
vt 0.46759510871461807 0.30395573070363757 
vt 0.6558722489457347 0.7830057659659351 
vt 0.5331328711697909 0.7577929921511419 
vt 0.7049642819897605 0.7830075819842417 
vt 0.6229656058726135 0.1779108133187457 
vt 0.5738791355740686 0.1781342488252161 
vt 0.6639704185561394 0.30395573070360626 
vt 0.6476582420896259 0.6065143673361151 
vt 0.6558436365584345 0.6317289061038083 
vt 0.47579944824727444 0.43002163666127413 
vt 0.34493636395682464 0.37965956486254804 
vt 0.3694327079311928 0.4551419514139756 
vt 0.5330799872755756 0.4552348178527953 
vt 0.41855420104801616 0.6065139418693506 
vt 0.6639462720031701 0.5056396774676859 
vt 0.6639791723849313 0.45521815357704176 
vt 0.5740399870622588 0.732579810959621 
vt 0.46764799260883727 0.6065139050019842 
vt 0.4840126017622993 0.6065139050019842 
vt 0.48400378777992914 0.5560875426189107 
vt 0.32850915188376034 0.37959527427823214 
vt 0.3531133564993524 0.7073666297680997 
vt 0.40220718395973665 0.7073666297680997 
vt 0.402136672100777 0.30395573070363757 
vt 0.5658356475296147 0.606513905001953 
vt 0.5249285316371352 0.6317270861935051 
vt 0.47585233214149375 0.732579810959621 
vt 0.5985648658387941 0.6065139049996642 
vt 0.4431142998522013 0.6821534485765787 
vt 0.426749690698741 0.6821534485765787 
vt 0.4103850815452826 0.6821534485765787 
vt 0.5658709034590848 0.808219354534184 
vt 0.6313381540552994 0.8586457169172576 
vt 0.41850128125423736 0.30395573070363757 
vt 0.5904222241804611 0.8334325357257364 
vt 0.3776509287714233 0.6317264193400569 
vt 0.6230544886812974 0.2787425495120852 
vt 0.7120939098100849 0.6054593106255872 
vt 0.4021187333491378 0.20310332738619996 
vt 0.36942177619073074 0.15199752367858155 
vt 0.6312323862668433 0.25352936832053274 
vt 0.35311954312638066 0.808216281848935 
vt 0.5249020896900284 0.48044799904431623 
vt 0.33723360813017933 0.556412480143256 
vt 0.5576665639264249 0.6821534485765475 
vt 0.5576753779087985 0.732579810959621 
vt 0.4921640574007382 0.43002163666127413 
vt 0.41848329070478096 0.20310338096099012 
vt 0.3940127832740414 0.6317274662235128 
vt 0.4103764969231632 0.6317271925437673 
vt 0.3372789265822451 0.7076571614254831 
vt 0.6639792325385112 0.35438209308664825 
vt 0.36941032641463784 0.3039527795825966 
vt 0.38577254171744524 0.30395523885013587 
vt 0.4840390437094098 0.7577929921511419 
vt 0.5576930058735406 0.8334325357257364 
vt 0.5740576150270008 0.8334325357257364 
vt 0.43476961831903393 0.15228725440415414 
vt 0.5085639224836721 0.6317270861935051 
vt 0.6558013349529671 0.3795952742781694 
vt 0.5985736798239553 0.6569402673798845 
vt 0.6558819923670127 0.8334311867923212 
vt 0.541310768755336 0.732579810959621 
vt 0.5903428983391261 0.3795952742782007 
vt 0.6558072009156181 0.4300188592819454 
vt 0.4266413784584908 0.17781263198553587 
vt 0.6312848655645931 0.5560878463190824 
vt 0.5821738147359556 0.4552348178527953 
vt 0.5413283967200794 0.8334325357257364 
vt 0.5739959171504132 0.48044799904431623 
vt 0.5985207959246702 0.3543820930866797 
vt 0.5658003916001217 0.40480845546972166 
vt 0.5903340843567524 0.3291689118951586 
vt 0.41854637193281163 0.556088590903729 
vt 0.49219049934784354 0.581300723810463 
vt 0.6558286619260358 0.5813084378345654 
vt 0.606786833333923 0.8334325357257364 
vt 0.5739694752032938 0.3291689118951586 
vt 0.47586996010623583 0.8334325357257364 
vt 0.434901231566306 0.5056612677626178 
vt 0.49219931333021183 0.6317270861935051 
vt 0.5822002566835789 0.6065139050014513 
vt 0.565782763635376 0.30395573070360626 
vt 0.6557884263659283 0.4804249735946102 
vt 0.55759605206746 0.2787425495120852 
vt 0.5412314429140019 0.2787425495120852 
vt 0.4922257552773276 0.7830061733426944 
vt 0.5739871031680377 0.43002163666127413 
vt 0.4595053509527756 0.8334325357257364 
vt 0.5330447313460861 0.25352936832056416 
vt 0.4103687793767373 0.581302085347797 
vt 0.4267238103859213 0.5308749382023474 
vt 0.4431407417993153 0.8334325357257364 
vt 0.5249637875666189 0.8334325357257364 
vt 0.3940469143389311 0.8334325357257364 
vt 0.5248580197781697 0.2283161871290431 
vt 0.5330359173637123 0.20310300593752217 
vt 0.5085991784131558 0.8334325357257364 
vt 0.6476228459516709 0.5056560307072488 
vt 0.5248492057957985 0.1778898247460009 
vt 0.5330271033813424 0.15267664355447985 
vt 0.6395162929184409 0.8334322913024023 
vt 0.38586901675338686 0.8586457169172576 
vt 0.4267761326458551 0.8334325357257364 
vt 0.639456429608415 0.5308761293347007 
vt 0.4922345692596961 0.8334325357257364 
vt 0.36950440759992664 0.8586457169172576 
vt 0.3613157891423931 0.8334320236115231 
vt 0.34495700464429824 0.8334469234104743 
vt 0.3287007760045157 0.8335582658440793 
vt 0.4104115234923931 0.8334325357257364 
vt 0.31093266492515836 0.8364387309903704 
vt 0.4183717590188559 0.09800201087990923 
vt 0.7392437469649475 0.8365325630616449 
vt 0.3858413200692164 0.0956516430884855 
vt 0.4102107155685314 0.12552761195788187 
vt 0.6310953189773946 0.1519378737313406 
vt 0.3103267766992742 0.635089958772553 
vt 0.7119293679463011 0.4587895223398435 
vt 0.308891633939892 0.5197483264028984 
vt 0.7276614811513187 0.42051299145812604 
vt 0.7308964748952975 0.14690861462912597 
vt 0.31941329594173284 0.14681175979888472 
vt 0.7400966902530498 0.28782665207037794 
vt 0.35440486878611077 0.5070237157921028 
vt 0.3454655728720132 0.4808310793392827 
vt 0.5658918783894615 0.09082717785950623 
vt 0.3221429189814643 0.7053584227231497 
vt 0.7273325370673176 0.7091341260220131 
vt 0.33088967177275735 0.5326084483371163 
vt 0.32215799304544407 0.3020609628795199 
vt 0.7404439975744522 0.31803981057522934 
vt 0.7271357892620463 0.35675392812886275 
vt 0.3226136674299318 0.35725600517848377 
vt 0.5728470814401581 0.13196022034872557 
vt 0.7280480947291847 0.6487704090912738 
vt 0.3072118779124259 0.6655063438879254 
vt 0.3227216977124791 0.556088397229761 
vt 0.30693205460139994 0.46123815444350924 
vt 0.7271741552310315 0.5589920649508866 
vt 0.7266901353519917 0.24907221425965753 
vt 0.323102355724008 0.24915034313148254 
vt 0.7429727313404848 0.1996875615501199 
vt 0.30673330026808443 0.1996875615501199 
vt 0.3068175610306104 0.8110747133684836 
vt 0.3067331449568784 0.40368675401497967 
vt 0.7265172559768266 0.6034695046590821 
vt 0.32264217041078175 0.6042615624132692 
vt 0.7428334404741086 0.7547003368021798 
vt 0.30662742885325367 0.7534500156978787 
vt 0.74351388879031 0.8102940524630999 
vt 0.7013974589508548 0.5344948113554011 
vt 0.7012602599351372 0.47723127106952723 
vt 0.3078440735196008 0.8625462096218041 
vt 0.7419586444357714 0.08998871750457005 
vt 0.3077090388315466 0.08998871750457005 
vt 0.7420936791238255 0.8625462096218355 
vt 0.5737078510337624 0.11063616030998524 
vt 0.7439356792616972 0.14315441900681802 
vt 0.3061563718888 0.14375029604130074 
vt 0.5578509081518396 0.13612861321550318 
vt 0.727927579030132 0.3979662372890469 
vt 0.3185707457847847 0.5334030042947979 
vt 0.7169059736855663 0.4329930350630672 
vt 0.3172995805698737 0.6788888237577982 
vt 0.7313402804005891 0.6238478226855871 
vn 0.0 0.0 1.0
usemtl surface_texture
s off
f 1/1/1 956/956/1 5/5/1
f 112/112/1 956/956/1 1/1/1
f 31/31/1 954/954/1 2/2/1
f 2/2/1 954/954/1 32/32/1
f 58/58/1 957/957/1 3/3/1
f 3/3/1 957/957/1 59/59/1
f 85/85/1 955/955/1 4/4/1
f 4/4/1 955/955/1 86/86/1
f 5/5/1 606/606/1 6/6/1
f 5/5/1 956/956/1 606/606/1
f 6/6/1 960/960/1 7/7/1
f 606/606/1 960/960/1 6/6/1
f 7/7/1 140/140/1 8/8/1
f 7/7/1 960/960/1 140/140/1
f 8/8/1 944/944/1 9/9/1
f 140/140/1 944/944/1 8/8/1
f 9/9/1 609/609/1 10/10/1
f 9/9/1 944/944/1 609/609/1
f 10/10/1 127/127/1 11/11/1
f 10/10/1 609/609/1 127/127/1
f 11/11/1 751/751/1 12/12/1
f 127/127/1 751/751/1 11/11/1
f 12/12/1 145/145/1 13/13/1
f 12/12/1 751/751/1 145/145/1
f 13/13/1 741/741/1 14/14/1
f 145/145/1 741/741/1 13/13/1
f 14/14/1 118/118/1 15/15/1
f 14/14/1 741/741/1 118/118/1
f 15/15/1 946/946/1 16/16/1
f 118/118/1 946/946/1 15/15/1
f 16/16/1 146/146/1 17/17/1
f 16/16/1 946/946/1 146/146/1
f 17/17/1 939/939/1 18/18/1
f 146/146/1 939/939/1 17/17/1
f 18/18/1 113/113/1 19/19/1
f 18/18/1 939/939/1 113/113/1
f 19/19/1 920/920/1 20/20/1
f 113/113/1 920/920/1 19/19/1
f 20/20/1 147/147/1 21/21/1
f 20/20/1 920/920/1 147/147/1
f 21/21/1 697/697/1 22/22/1
f 147/147/1 697/697/1 21/21/1
f 22/22/1 121/121/1 23/23/1
f 22/22/1 697/697/1 121/121/1
f 23/23/1 918/918/1 24/24/1
f 121/121/1 918/918/1 23/23/1
f 24/24/1 937/937/1 25/25/1
f 918/918/1 937/937/1 24/24/1
f 25/25/1 130/130/1 26/26/1
f 25/25/1 937/937/1 130/130/1
f 26/26/1 611/611/1 27/27/1
f 130/130/1 611/611/1 26/26/1
f 27/27/1 950/950/1 28/28/1
f 611/611/1 950/950/1 27/27/1
f 28/28/1 134/134/1 29/29/1
f 28/28/1 950/950/1 134/134/1
f 29/29/1 945/945/1 30/30/1
f 134/134/1 945/945/1 29/29/1
f 30/30/1 912/912/1 31/31/1
f 30/30/1 945/945/1 912/912/1
f 912/912/1 954/954/1 31/31/1
f 32/32/1 153/153/1 33/33/1
f 32/32/1 954/954/1 153/153/1
f 33/33/1 764/764/1 34/34/1
f 153/153/1 764/764/1 33/33/1
f 34/34/1 138/138/1 35/35/1
f 34/34/1 764/764/1 138/138/1
f 35/35/1 907/907/1 36/36/1
f 138/138/1 907/907/1 35/35/1
f 36/36/1 903/903/1 37/37/1
f 36/36/1 907/907/1 903/903/1
f 37/37/1 125/125/1 38/38/1
f 37/37/1 903/903/1 125/125/1
f 38/38/1 719/719/1 39/39/1
f 125/125/1 719/719/1 38/38/1
f 39/39/1 152/152/1 40/40/1
f 39/39/1 719/719/1 152/152/1
f 40/40/1 763/763/1 41/41/1
f 152/152/1 763/763/1 40/40/1
f 41/41/1 120/120/1 42/42/1
f 41/41/1 763/763/1 120/120/1
f 42/42/1 752/752/1 43/43/1
f 120/120/1 752/752/1 42/42/1
f 43/43/1 151/151/1 44/44/1
f 43/43/1 752/752/1 151/151/1
f 44/44/1 767/767/1 45/45/1
f 151/151/1 767/767/1 44/44/1
f 45/45/1 114/114/1 46/46/1
f 45/45/1 767/767/1 114/114/1
f 46/46/1 727/727/1 47/47/1
f 114/114/1 727/727/1 46/46/1
f 47/47/1 141/141/1 48/48/1
f 47/47/1 727/727/1 141/141/1
f 48/48/1 736/736/1 49/49/1
f 141/141/1 736/736/1 48/48/1
f 49/49/1 122/122/1 50/50/1
f 49/49/1 736/736/1 122/122/1
f 50/50/1 781/781/1 51/51/1
f 122/122/1 781/781/1 50/50/1
f 51/51/1 833/833/1 52/52/1
f 781/781/1 833/833/1 51/51/1
f 52/52/1 132/132/1 53/53/1
f 52/52/1 833/833/1 132/132/1
f 53/53/1 769/769/1 54/54/1
f 132/132/1 769/769/1 53/53/1
f 54/54/1 744/744/1 55/55/1
f 54/54/1 769/769/1 744/744/1
f 55/55/1 133/133/1 56/56/1
f 55/55/1 744/744/1 133/133/1
f 56/56/1 157/157/1 57/57/1
f 133/133/1 157/157/1 56/56/1
f 57/57/1 154/154/1 58/58/1
f 57/57/1 157/157/1 154/154/1
f 154/154/1 957/957/1 58/58/1
f 59/59/1 914/914/1 60/60/1
f 59/59/1 957/957/1 914/914/1
f 60/60/1 951/951/1 61/61/1
f 914/914/1 951/951/1 60/60/1
f 61/61/1 137/137/1 62/62/1
f 61/61/1 951/951/1 137/137/1
f 62/62/1 949/949/1 63/63/1
f 137/137/1 949/949/1 62/62/1
f 63/63/1 625/625/1 64/64/1
f 63/63/1 949/949/1 625/625/1
f 64/64/1 126/126/1 65/65/1
f 64/64/1 625/625/1 126/126/1
f 65/65/1 731/731/1 66/66/1
f 126/126/1 731/731/1 65/65/1
f 66/66/1 150/150/1 67/67/1
f 66/66/1 731/731/1 150/150/1
f 67/67/1 792/792/1 68/68/1
f 150/150/1 792/792/1 67/67/1
f 68/68/1 117/117/1 69/69/1
f 68/68/1 792/792/1 117/117/1
f 69/69/1 707/707/1 70/70/1
f 117/117/1 707/707/1 69/69/1
f 70/70/1 148/148/1 71/71/1
f 70/70/1 707/707/1 148/148/1
f 71/71/1 738/738/1 72/72/1
f 148/148/1 738/738/1 71/71/1
f 72/72/1 115/115/1 73/73/1
f 72/72/1 738/738/1 115/115/1
f 73/73/1 740/740/1 74/74/1
f 115/115/1 740/740/1 73/73/1
f 74/74/1 143/143/1 75/75/1
f 74/74/1 740/740/1 143/143/1
f 75/75/1 730/730/1 76/76/1
f 143/143/1 730/730/1 75/75/1
f 76/76/1 123/123/1 77/77/1
f 76/76/1 730/730/1 123/123/1
f 77/77/1 932/932/1 78/78/1
f 123/123/1 932/932/1 77/77/1
f 78/78/1 924/924/1 79/79/1
f 78/78/1 932/932/1 924/924/1
f 79/79/1 129/129/1 80/80/1
f 79/79/1 924/924/1 129/129/1
f 80/80/1 705/705/1 81/81/1
f 129/129/1 705/705/1 80/80/1
f 81/81/1 943/943/1 82/82/1
f 705/705/1 943/943/1 81/81/1
f 82/82/1 139/139/1 83/83/1
f 82/82/1 943/943/1 139/139/1
f 83/83/1 959/959/1 84/84/1
f 139/139/1 959/959/1 83/83/1
f 84/84/1 605/605/1 85/85/1
f 84/84/1 959/959/1 605/605/1
f 605/605/1 955/955/1 85/85/1
f 86/86/1 156/156/1 87/87/1
f 86/86/1 955/955/1 156/156/1
f 87/87/1 603/603/1 88/88/1
f 156/156/1 603/603/1 87/87/1
f 88/88/1 136/136/1 89/89/1
f 88/88/1 603/603/1 136/136/1
f 89/89/1 608/608/1 90/90/1
f 136/136/1 608/608/1 89/89/1
f 90/90/1 602/602/1 91/91/1
f 90/90/1 608/608/1 602/602/1
f 91/91/1 128/128/1 92/92/1
f 91/91/1 602/602/1 128/128/1
f 92/92/1 594/594/1 93/93/1
f 128/128/1 594/594/1 92/92/1
f 93/93/1 142/142/1 94/94/1
f 93/93/1 594/594/1 142/142/1
f 94/94/1 600/600/1 95/95/1
f 142/142/1 600/600/1 94/94/1
f 95/95/1 119/119/1 96/96/1
f 95/95/1 600/600/1 119/119/1
f 96/96/1 927/927/1 97/97/1
f 119/119/1 927/927/1 96/96/1
f 97/97/1 144/144/1 98/98/1
f 97/97/1 927/927/1 144/144/1
f 98/98/1 595/595/1 99/99/1
f 144/144/1 595/595/1 98/98/1
f 99/99/1 116/116/1 100/100/1
f 99/99/1 595/595/1 116/116/1
f 100/100/1 599/599/1 101/101/1
f 116/116/1 599/599/1 100/100/1
f 101/101/1 149/149/1 102/102/1
f 101/101/1 599/599/1 149/149/1
f 102/102/1 593/593/1 103/103/1
f 149/149/1 593/593/1 102/102/1
f 103/103/1 124/124/1 104/104/1
f 103/103/1 593/593/1 124/124/1
f 104/104/1 577/577/1 105/105/1
f 124/124/1 577/577/1 104/104/1
f 105/105/1 913/913/1 106/106/1
f 577/577/1 913/913/1 105/105/1
f 106/106/1 131/131/1 107/107/1
f 106/106/1 913/913/1 131/131/1
f 107/107/1 915/915/1 108/108/1
f 131/131/1 915/915/1 107/107/1
f 108/108/1 568/568/1 109/109/1
f 108/108/1 915/915/1 568/568/1
f 109/109/1 135/135/1 110/110/1
f 109/109/1 568/568/1 135/135/1
f 110/110/1 598/598/1 111/111/1
f 135/135/1 598/598/1 110/110/1
f 111/111/1 155/155/1 112/112/1
f 111/111/1 598/598/1 155/155/1
f 155/155/1 956/956/1 112/112/1
f 612/612/1 613/613/1 113/113/1
f 113/113/1 939/939/1 612/612/1
f 613/613/1 614/614/1 113/113/1
f 614/614/1 920/920/1 113/113/1
f 114/114/1 869/869/1 727/727/1
f 767/767/1 894/894/1 114/114/1
f 114/114/1 894/894/1 869/869/1
f 115/115/1 738/738/1 712/712/1
f 712/712/1 739/739/1 115/115/1
f 739/739/1 740/740/1 115/115/1
f 116/116/1 573/573/1 572/572/1
f 572/572/1 599/599/1 116/116/1
f 116/116/1 595/595/1 573/573/1
f 586/586/1 940/940/1 117/117/1
f 117/117/1 947/947/1 586/586/1
f 117/117/1 940/940/1 707/707/1
f 792/792/1 947/947/1 117/117/1
f 118/118/1 821/821/1 592/592/1
f 592/592/1 946/946/1 118/118/1
f 741/741/1 934/934/1 118/118/1
f 118/118/1 934/934/1 821/821/1
f 600/600/1 601/601/1 119/119/1
f 601/601/1 958/958/1 119/119/1
f 119/119/1 958/958/1 927/927/1
f 120/120/1 879/879/1 752/752/1
f 763/763/1 889/889/1 120/120/1
f 120/120/1 889/889/1 879/879/1
f 697/697/1 948/948/1 121/121/1
f 121/121/1 948/948/1 918/918/1
f 736/736/1 835/835/1 122/122/1
f 122/122/1 877/877/1 781/781/1
f 835/835/1 877/877/1 122/122/1
f 658/658/1 932/932/1 123/123/1
f 123/123/1 933/933/1 658/658/1
f 730/730/1 933/933/1 123/123/1
f 575/575/1 576/576/1 124/124/1
f 124/124/1 593/593/1 575/575/1
f 576/576/1 577/577/1 124/124/1
f 125/125/1 911/911/1 719/719/1
f 125/125/1 903/903/1 895/895/1
f 895/895/1 911/911/1 125/125/1
f 582/582/1 731/731/1 126/126/1
f 126/126/1 929/929/1 582/582/1
f 625/625/1 929/929/1 126/126/1
f 609/609/1 942/942/1 127/127/1
f 676/676/1 751/751/1 127/127/1
f 127/127/1 942/942/1 676/676/1
f 128/128/1 602/602/1 564/564/1
f 564/564/1 617/617/1 128/128/1
f 128/128/1 617/617/1 594/594/1
f 129/129/1 924/924/1 660/660/1
f 660/660/1 941/941/1 129/129/1
f 129/129/1 941/941/1 705/705/1
f 130/130/1 928/928/1 611/611/1
f 130/130/1 965/965/1 928/928/1
f 937/937/1 965/965/1 130/130/1
f 569/569/1 915/915/1 131/131/1
f 131/131/1 916/916/1 569/569/1
f 913/913/1 916/916/1 131/131/1
f 132/132/1 862/862/1 769/769/1
f 833/833/1 902/902/1 132/132/1
f 132/132/1 902/902/1 862/862/1
f 133/133/1 158/158/1 157/157/1
f 133/133/1 159/159/1 158/158/1
f 133/133/1 744/744/1 159/159/1
f 587/587/1 589/589/1 134/134/1
f 134/134/1 607/607/1 587/587/1
f 589/589/1 945/945/1 134/134/1
f 134/134/1 950/950/1 607/607/1
f 135/135/1 566/566/1 565/565/1
f 565/565/1 598/598/1 135/135/1
f 135/135/1 568/568/1 566/566/1
f 136/136/1 603/603/1 578/578/1
f 578/578/1 604/604/1 136/136/1
f 604/604/1 608/608/1 136/136/1
f 137/137/1 626/626/1 624/624/1
f 624/624/1 949/949/1 137/137/1
f 137/137/1 627/627/1 626/626/1
f 137/137/1 951/951/1 627/627/1
f 764/764/1 909/909/1 138/138/1
f 138/138/1 908/908/1 907/907/1
f 138/138/1 909/909/1 908/908/1
f 139/139/1 704/704/1 584/584/1
f 584/584/1 922/922/1 139/139/1
f 139/139/1 943/943/1 704/704/1
f 922/922/1 959/959/1 139/139/1
f 140/140/1 715/715/1 563/563/1
f 563/563/1 944/944/1 140/140/1
f 140/140/1 923/923/1 715/715/1
f 140/140/1 960/960/1 923/923/1
f 727/727/1 856/856/1 141/141/1
f 141/141/1 857/857/1 736/736/1
f 856/856/1 857/857/1 141/141/1
f 142/142/1 571/571/1 570/570/1
f 570/570/1 600/600/1 142/142/1
f 142/142/1 594/594/1 571/571/1
f 143/143/1 962/962/1 730/730/1
f 740/740/1 921/921/1 143/143/1
f 921/921/1 962/962/1 143/143/1
f 144/144/1 596/596/1 595/595/1
f 144/144/1 597/597/1 596/596/1
f 144/144/1 927/927/1 597/597/1
f 580/580/1 741/741/1 145/145/1
f 145/145/1 931/931/1 580/580/1
f 751/751/1 931/931/1 145/145/1
f 146/146/1 592/592/1 590/590/1
f 590/590/1 612/612/1 146/146/1
f 146/146/1 946/946/1 592/592/1
f 612/612/1 939/939/1 146/146/1
f 147/147/1 938/938/1 697/697/1
f 920/920/1 963/963/1 147/147/1
f 147/147/1 963/963/1 938/938/1
f 707/707/1 708/708/1 148/148/1
f 708/708/1 709/709/1 148/148/1
f 709/709/1 738/738/1 148/148/1
f 149/149/1 599/599/1 574/574/1
f 574/574/1 616/616/1 149/149/1
f 149/149/1 616/616/1 593/593/1
f 731/731/1 936/936/1 150/150/1
f 150/150/1 966/966/1 792/792/1
f 936/936/1 966/966/1 150/150/1
f 752/752/1 906/906/1 151/151/1
f 151/151/1 898/898/1 767/767/1
f 151/151/1 906/906/1 898/898/1
f 719/719/1 904/904/1 152/152/1
f 152/152/1 893/893/1 763/763/1
f 152/152/1 904/904/1 893/893/1
f 153/153/1 910/910/1 764/764/1
f 153/153/1 912/912/1 910/910/1
f 153/153/1 954/954/1 912/912/1
f 157/157/1 628/628/1 154/154/1
f 628/628/1 914/914/1 154/154/1
f 914/914/1 957/957/1 154/154/1
f 155/155/1 598/598/1 567/567/1
f 567/567/1 606/606/1 155/155/1
f 606/606/1 956/956/1 155/155/1
f 579/579/1 603/603/1 156/156/1
f 156/156/1 605/605/1 579/579/1
f 156/156/1 955/955/1 605/605/1
f 158/158/1 628/628/1 157/157/1
f 159/159/1 160/160/1 158/158/1
f 160/160/1 515/515/1 158/158/1
f 515/515/1 628/628/1 158/158/1
f 159/159/1 161/161/1 160/160/1
f 159/159/1 636/636/1 161/161/1
f 159/159/1 744/744/1 636/636/1
f 161/161/1 162/162/1 160/160/1
f 162/162/1 804/804/1 160/160/1
f 160/160/1 804/804/1 515/515/1
f 161/161/1 163/163/1 162/162/1
f 161/161/1 472/472/1 163/163/1
f 161/161/1 636/636/1 472/472/1
f 163/163/1 164/164/1 162/162/1
f 164/164/1 357/357/1 162/162/1
f 357/357/1 804/804/1 162/162/1
f 163/163/1 165/165/1 164/164/1
f 163/163/1 802/802/1 165/165/1
f 472/472/1 802/802/1 163/163/1
f 165/165/1 166/166/1 164/164/1
f 166/166/1 677/677/1 164/164/1
f 164/164/1 677/677/1 357/357/1
f 165/165/1 167/167/1 166/166/1
f 165/165/1 307/307/1 167/167/1
f 165/165/1 802/802/1 307/307/1
f 167/167/1 168/168/1 166/166/1
f 168/168/1 329/329/1 166/166/1
f 329/329/1 677/677/1 166/166/1
f 167/167/1 169/169/1 168/168/1
f 167/167/1 749/749/1 169/169/1
f 307/307/1 749/749/1 167/167/1
f 169/169/1 170/170/1 168/168/1
f 170/170/1 761/761/1 168/168/1
f 168/168/1 761/761/1 329/329/1
f 169/169/1 171/171/1 170/170/1
f 169/169/1 253/253/1 171/171/1
f 169/169/1 749/749/1 253/253/1
f 171/171/1 172/172/1 170/170/1
f 172/172/1 281/281/1 170/170/1
f 281/281/1 761/761/1 170/170/1
f 171/171/1 173/173/1 172/172/1
f 171/171/1 791/791/1 173/173/1
f 253/253/1 791/791/1 171/171/1
f 173/173/1 174/174/1 172/172/1
f 174/174/1 809/809/1 172/172/1
f 172/172/1 809/809/1 281/281/1
f 173/173/1 175/175/1 174/174/1
f 173/173/1 799/799/1 175/175/1
f 791/791/1 799/799/1 173/173/1
f 175/175/1 176/176/1 174/174/1
f 176/176/1 808/808/1 174/174/1
f 808/808/1 809/809/1 174/174/1
f 175/175/1 177/177/1 176/176/1
f 175/175/1 210/210/1 177/177/1
f 175/175/1 799/799/1 210/210/1
f 177/177/1 178/178/1 176/176/1
f 178/178/1 255/255/1 176/176/1
f 255/255/1 808/808/1 176/176/1
f 177/177/1 179/179/1 178/178/1
f 177/177/1 828/828/1 179/179/1
f 210/210/1 828/828/1 177/177/1
f 179/179/1 180/180/1 178/178/1
f 180/180/1 867/867/1 178/178/1
f 178/178/1 867/867/1 255/255/1
f 179/179/1 181/181/1 180/180/1
f 179/179/1 473/473/1 181/181/1
f 179/179/1 828/828/1 473/473/1
f 181/181/1 182/182/1 180/180/1
f 182/182/1 363/363/1 180/180/1
f 363/363/1 867/867/1 180/180/1
f 181/181/1 183/183/1 182/182/1
f 181/181/1 662/662/1 183/183/1
f 473/473/1 662/662/1 181/181/1
f 183/183/1 184/184/1 182/182/1
f 184/184/1 746/746/1 182/182/1
f 182/182/1 746/746/1 363/363/1
f 183/183/1 185/185/1 184/184/1
f 183/183/1 186/186/1 185/185/1
f 183/183/1 662/662/1 186/186/1
f 185/185/1 203/203/1 184/184/1
f 203/203/1 215/215/1 184/184/1
f 215/215/1 746/746/1 184/184/1
f 186/186/1 187/187/1 185/185/1
f 187/187/1 870/870/1 185/185/1
f 185/185/1 870/870/1 203/203/1
f 186/186/1 188/188/1 187/187/1
f 186/186/1 305/305/1 188/188/1
f 186/186/1 662/662/1 305/305/1
f 188/188/1 189/189/1 187/187/1
f 189/189/1 766/766/1 187/187/1
f 766/766/1 870/870/1 187/187/1
f 188/188/1 190/190/1 189/189/1
f 188/188/1 640/640/1 190/190/1
f 305/305/1 640/640/1 188/188/1
f 190/190/1 191/191/1 189/189/1
f 191/191/1 194/194/1 189/189/1
f 194/194/1 766/766/1 189/189/1
f 190/190/1 192/192/1 191/191/1
f 190/190/1 753/753/1 192/192/1
f 640/640/1 753/753/1 190/190/1
f 192/192/1 193/193/1 191/191/1
f 193/193/1 843/843/1 191/191/1
f 191/191/1 843/843/1 194/194/1
f 192/192/1 195/195/1 193/193/1
f 192/192/1 200/200/1 195/195/1
f 192/192/1 753/753/1 200/200/1
f 195/195/1 196/196/1 193/193/1
f 196/196/1 334/334/1 193/193/1
f 334/334/1 843/843/1 193/193/1
f 634/634/1 766/766/1 194/194/1
f 194/194/1 813/813/1 634/634/1
f 194/194/1 843/843/1 813/813/1
f 195/195/1 197/197/1 196/196/1
f 195/195/1 674/674/1 197/197/1
f 200/200/1 674/674/1 195/195/1
f 197/197/1 198/198/1 196/196/1
f 198/198/1 717/717/1 196/196/1
f 196/196/1 717/717/1 334/334/1
f 197/197/1 199/199/1 198/198/1
f 197/197/1 820/820/1 199/199/1
f 674/674/1 820/820/1 197/197/1
f 199/199/1 201/201/1 198/198/1
f 201/201/1 202/202/1 198/198/1
f 202/202/1 717/717/1 198/198/1
f 199/199/1 206/206/1 201/201/1
f 199/199/1 207/207/1 206/206/1
f 199/199/1 820/820/1 207/207/1
f 670/670/1 672/672/1 200/200/1
f 200/200/1 753/753/1 670/670/1
f 672/672/1 674/674/1 200/200/1
f 201/201/1 204/204/1 202/202/1
f 201/201/1 748/748/1 204/204/1
f 206/206/1 748/748/1 201/201/1
f 204/204/1 205/205/1 202/202/1
f 205/205/1 471/471/1 202/202/1
f 471/471/1 717/717/1 202/202/1
f 203/203/1 216/216/1 215/215/1
f 203/203/1 868/868/1 216/216/1
f 203/203/1 870/870/1 868/868/1
f 204/204/1 208/208/1 205/205/1
f 204/204/1 774/774/1 208/208/1
f 748/748/1 774/774/1 204/204/1
f 208/208/1 209/209/1 205/205/1
f 209/209/1 810/810/1 205/205/1
f 205/205/1 810/810/1 471/471/1
f 207/207/1 211/211/1 206/206/1
f 211/211/1 486/486/1 206/206/1
f 486/486/1 748/748/1 206/206/1
f 207/207/1 212/212/1 211/211/1
f 207/207/1 365/365/1 212/212/1
f 207/207/1 820/820/1 365/365/1
f 208/208/1 217/217/1 209/209/1
f 208/208/1 230/230/1 217/217/1
f 208/208/1 774/774/1 230/230/1
f 217/217/1 218/218/1 209/209/1
f 218/218/1 219/219/1 209/209/1
f 219/219/1 810/810/1 209/209/1
f 637/637/1 828/828/1 210/210/1
f 210/210/1 861/861/1 637/637/1
f 799/799/1 861/861/1 210/210/1
f 212/212/1 213/213/1 211/211/1
f 213/213/1 788/788/1 211/211/1
f 211/211/1 788/788/1 486/486/1
f 212/212/1 214/214/1 213/213/1
f 212/212/1 818/818/1 214/214/1
f 365/365/1 818/818/1 212/212/1
f 214/214/1 225/225/1 213/213/1
f 225/225/1 235/235/1 213/213/1
f 235/235/1 788/788/1 213/213/1
f 214/214/1 231/231/1 225/225/1
f 214/214/1 232/232/1 231/231/1
f 214/214/1 818/818/1 232/232/1
f 216/216/1 226/226/1 215/215/1
f 226/226/1 776/776/1 215/215/1
f 215/215/1 776/776/1 746/746/1
f 216/216/1 227/227/1 226/226/1
f 216/216/1 306/306/1 227/227/1
f 216/216/1 868/868/1 306/306/1
f 217/217/1 716/716/1 218/218/1
f 230/230/1 237/237/1 217/217/1
f 237/237/1 716/716/1 217/217/1
f 218/218/1 220/220/1 219/219/1
f 218/218/1 699/699/1 220/220/1
f 218/218/1 716/716/1 699/699/1
f 220/220/1 221/221/1 219/219/1
f 221/221/1 643/643/1 219/219/1
f 643/643/1 810/810/1 219/219/1
f 220/220/1 222/222/1 221/221/1
f 220/220/1 224/224/1 222/222/1
f 220/220/1 699/699/1 224/224/1
f 222/222/1 223/223/1 221/221/1
f 223/223/1 302/302/1 221/221/1
f 302/302/1 643/643/1 221/221/1
f 222/222/1 228/228/1 223/223/1
f 224/224/1 796/796/1 222/222/1
f 222/222/1 796/796/1 228/228/1
f 228/228/1 229/229/1 223/223/1
f 229/229/1 702/702/1 223/223/1
f 223/223/1 702/702/1 302/302/1
f 699/699/1 760/760/1 224/224/1
f 760/760/1 794/794/1 224/224/1
f 794/794/1 796/796/1 224/224/1
f 231/231/1 236/236/1 225/225/1
f 225/225/1 814/814/1 235/235/1
f 236/236/1 814/814/1 225/225/1
f 227/227/1 233/233/1 226/226/1
f 233/233/1 240/240/1 226/226/1
f 240/240/1 776/776/1 226/226/1
f 227/227/1 234/234/1 233/233/1
f 227/227/1 742/742/1 234/234/1
f 306/306/1 742/742/1 227/227/1
f 228/228/1 238/238/1 229/229/1
f 228/228/1 801/801/1 238/238/1
f 796/796/1 801/801/1 228/228/1
f 238/238/1 239/239/1 229/229/1
f 239/239/1 257/257/1 229/229/1
f 257/257/1 702/702/1 229/229/1
f 230/230/1 243/243/1 237/237/1
f 230/230/1 380/380/1 243/243/1
f 230/230/1 774/774/1 380/380/1
f 232/232/1 248/248/1 231/231/1
f 231/231/1 686/686/1 236/236/1
f 248/248/1 686/686/1 231/231/1
f 232/232/1 249/249/1 248/248/1
f 232/232/1 490/490/1 249/249/1
f 232/232/1 818/818/1 490/490/1
f 234/234/1 241/241/1 233/233/1
f 233/233/1 754/754/1 240/240/1
f 241/241/1 754/754/1 233/233/1
f 234/234/1 242/242/1 241/241/1
f 234/234/1 244/244/1 242/242/1
f 234/234/1 742/742/1 244/244/1
f 235/235/1 874/874/1 788/788/1
f 814/814/1 891/891/1 235/235/1
f 235/235/1 891/891/1 874/874/1
f 686/686/1 687/687/1 236/236/1
f 687/687/1 850/850/1 236/236/1
f 236/236/1 850/850/1 814/814/1
f 243/243/1 256/256/1 237/237/1
f 256/256/1 765/765/1 237/237/1
f 237/237/1 765/765/1 716/716/1
f 238/238/1 260/260/1 239/239/1
f 238/238/1 261/261/1 260/260/1
f 238/238/1 801/801/1 261/261/1
f 239/239/1 354/354/1 257/257/1
f 260/260/1 780/780/1 239/239/1
f 239/239/1 780/780/1 354/354/1
f 754/754/1 755/755/1 240/240/1
f 755/755/1 756/756/1 240/240/1
f 756/756/1 776/776/1 240/240/1
f 242/242/1 668/668/1 241/241/1
f 668/668/1 669/669/1 241/241/1
f 669/669/1 754/754/1 241/241/1
f 244/244/1 245/245/1 242/242/1
f 245/245/1 246/246/1 242/242/1
f 246/246/1 668/668/1 242/242/1
f 243/243/1 264/264/1 256/256/1
f 243/243/1 789/789/1 264/264/1
f 380/380/1 789/789/1 243/243/1
f 244/244/1 871/871/1 245/245/1
f 742/742/1 864/864/1 244/244/1
f 864/864/1 871/871/1 244/244/1
f 245/245/1 247/247/1 246/246/1
f 245/245/1 250/250/1 247/247/1
f 245/245/1 871/871/1 250/250/1
f 247/247/1 663/663/1 246/246/1
f 663/663/1 665/665/1 246/246/1
f 665/665/1 668/668/1 246/246/1
f 250/250/1 251/251/1 247/247/1
f 251/251/1 252/252/1 247/247/1
f 252/252/1 663/663/1 247/247/1
f 249/249/1 262/262/1 248/248/1
f 262/262/1 829/829/1 248/248/1
f 248/248/1 829/829/1 686/686/1
f 249/249/1 263/263/1 262/262/1
f 249/249/1 728/728/1 263/263/1
f 490/490/1 728/728/1 249/249/1
f 250/250/1 254/254/1 251/251/1
f 250/250/1 873/873/1 254/254/1
f 871/871/1 873/873/1 250/250/1
f 251/251/1 837/837/1 252/252/1
f 254/254/1 258/258/1 251/251/1
f 258/258/1 837/837/1 251/251/1
f 252/252/1 664/664/1 663/663/1
f 252/252/1 667/667/1 664/664/1
f 252/252/1 837/837/1 667/667/1
f 253/253/1 737/737/1 638/638/1
f 638/638/1 791/791/1 253/253/1
f 253/253/1 749/749/1 737/737/1
f 254/254/1 259/259/1 258/258/1
f 254/254/1 285/285/1 259/259/1
f 254/254/1 873/873/1 285/285/1
f 255/255/1 867/867/1 629/629/1
f 629/629/1 876/876/1 255/255/1
f 255/255/1 876/876/1 808/808/1
f 264/264/1 267/267/1 256/256/1
f 267/267/1 280/280/1 256/256/1
f 280/280/1 765/765/1 256/256/1
f 354/354/1 355/355/1 257/257/1
f 355/355/1 701/701/1 257/257/1
f 701/701/1 702/702/1 257/257/1
f 259/259/1 265/265/1 258/258/1
f 265/265/1 714/714/1 258/258/1
f 714/714/1 837/837/1 258/258/1
f 259/259/1 266/266/1 265/265/1
f 259/259/1 732/732/1 266/266/1
f 285/285/1 732/732/1 259/259/1
f 261/261/1 268/268/1 260/260/1
f 268/268/1 270/270/1 260/260/1
f 270/270/1 780/780/1 260/260/1
f 261/261/1 269/269/1 268/268/1
f 261/261/1 733/733/1 269/269/1
f 261/261/1 801/801/1 733/733/1
f 263/263/1 271/271/1 262/262/1
f 271/271/1 273/273/1 262/262/1
f 273/273/1 829/829/1 262/262/1
f 263/263/1 272/272/1 271/271/1
f 263/263/1 274/274/1 272/272/1
f 263/263/1 728/728/1 274/274/1
f 264/264/1 282/282/1 267/267/1
f 264/264/1 308/308/1 282/282/1
f 264/264/1 789/789/1 308/308/1
f 266/266/1 297/297/1 265/265/1
f 297/297/1 298/298/1 265/265/1
f 298/298/1 714/714/1 265/265/1
f 266/266/1 299/299/1 297/297/1
f 266/266/1 315/315/1 299/299/1
f 266/266/1 732/732/1 315/315/1
f 267/267/1 283/283/1 280/280/1
f 282/282/1 793/793/1 267/267/1
f 267/267/1 793/793/1 283/283/1
f 269/269/1 286/286/1 268/268/1
f 268/268/1 770/770/1 270/270/1
f 286/286/1 770/770/1 268/268/1
f 269/269/1 287/287/1 286/286/1
f 269/269/1 288/288/1 287/287/1
f 269/269/1 733/733/1 288/288/1
f 770/770/1 777/777/1 270/270/1
f 777/777/1 798/798/1 270/270/1
f 270/270/1 798/798/1 780/780/1
f 272/272/1 827/827/1 271/271/1
f 271/271/1 313/313/1 273/273/1
f 271/271/1 827/827/1 313/313/1
f 274/274/1 275/275/1 272/272/1
f 275/275/1 311/311/1 272/272/1
f 311/311/1 827/827/1 272/272/1
f 313/313/1 314/314/1 273/273/1
f 314/314/1 696/696/1 273/273/1
f 696/696/1 829/829/1 273/273/1
f 274/274/1 276/276/1 275/275/1
f 274/274/1 335/335/1 276/276/1
f 274/274/1 728/728/1 335/335/1
f 276/276/1 277/277/1 275/275/1
f 277/277/1 720/720/1 275/275/1
f 275/275/1 720/720/1 311/311/1
f 276/276/1 278/278/1 277/277/1
f 276/276/1 745/745/1 278/278/1
f 335/335/1 745/745/1 276/276/1
f 278/278/1 279/279/1 277/277/1
f 279/279/1 312/312/1 277/277/1
f 312/312/1 720/720/1 277/277/1
f 278/278/1 303/303/1 279/279/1
f 278/278/1 331/331/1 303/303/1
f 278/278/1 745/745/1 331/331/1
f 303/303/1 304/304/1 279/279/1
f 304/304/1 863/863/1 279/279/1
f 279/279/1 863/863/1 312/312/1
f 283/283/1 284/284/1 280/280/1
f 284/284/1 409/409/1 280/280/1
f 409/409/1 765/765/1 280/280/1
f 633/633/1 657/657/1 281/281/1
f 281/281/1 809/809/1 633/633/1
f 657/657/1 761/761/1 281/281/1
f 308/308/1 309/309/1 282/282/1
f 309/309/1 812/812/1 282/282/1
f 282/282/1 812/812/1 793/793/1
f 283/283/1 301/301/1 284/284/1
f 283/283/1 330/330/1 301/301/1
f 283/283/1 793/793/1 330/330/1
f 301/301/1 773/773/1 284/284/1
f 284/284/1 423/423/1 409/409/1
f 284/284/1 773/773/1 423/423/1
f 285/285/1 883/883/1 732/732/1
f 873/873/1 878/878/1 285/285/1
f 878/878/1 883/883/1 285/285/1
f 287/287/1 319/319/1 286/286/1
f 319/319/1 320/320/1 286/286/1
f 320/320/1 770/770/1 286/286/1
f 288/288/1 289/289/1 287/287/1
f 289/289/1 779/779/1 287/287/1
f 287/287/1 779/779/1 319/319/1
f 288/288/1 290/290/1 289/289/1
f 288/288/1 425/425/1 290/290/1
f 288/288/1 733/733/1 425/425/1
f 290/290/1 291/291/1 289/289/1
f 291/291/1 318/318/1 289/289/1
f 318/318/1 779/779/1 289/289/1
f 290/290/1 292/292/1 291/291/1
f 290/290/1 797/797/1 292/292/1
f 425/425/1 797/797/1 290/290/1
f 292/292/1 293/293/1 291/291/1
f 293/293/1 848/848/1 291/291/1
f 291/291/1 848/848/1 318/318/1
f 292/292/1 294/294/1 293/293/1
f 292/292/1 333/333/1 294/294/1
f 292/292/1 797/797/1 333/333/1
f 294/294/1 295/295/1 293/293/1
f 295/295/1 839/839/1 293/293/1
f 839/839/1 848/848/1 293/293/1
f 294/294/1 296/296/1 295/295/1
f 294/294/1 786/786/1 296/296/1
f 333/333/1 786/786/1 294/294/1
f 296/296/1 300/300/1 295/295/1
f 300/300/1 317/317/1 295/295/1
f 317/317/1 839/839/1 295/295/1
f 296/296/1 327/327/1 300/300/1
f 296/296/1 353/353/1 327/327/1
f 296/296/1 786/786/1 353/353/1
f 297/297/1 323/323/1 298/298/1
f 299/299/1 768/768/1 297/297/1
f 297/297/1 768/768/1 323/323/1
f 323/323/1 324/324/1 298/298/1
f 324/324/1 368/368/1 298/298/1
f 368/368/1 714/714/1 298/298/1
f 315/315/1 316/316/1 299/299/1
f 316/316/1 321/321/1 299/299/1
f 321/321/1 768/768/1 299/299/1
f 300/300/1 328/328/1 317/317/1
f 327/327/1 698/698/1 300/300/1
f 300/300/1 698/698/1 328/328/1
f 330/330/1 358/358/1 301/301/1
f 358/358/1 426/426/1 301/301/1
f 426/426/1 773/773/1 301/301/1
f 302/302/1 642/642/1 641/641/1
f 641/641/1 643/643/1 302/302/1
f 302/302/1 702/702/1 642/642/1
f 303/303/1 845/845/1 304/304/1
f 331/331/1 332/332/1 303/303/1
f 332/332/1 845/845/1 303/303/1
f 304/304/1 845/845/1 656/656/1
f 656/656/1 846/846/1 304/304/1
f 846/846/1 863/863/1 304/304/1
f 305/305/1 655/655/1 640/640/1
f 305/305/1 726/726/1 655/655/1
f 662/662/1 726/726/1 305/305/1
f 306/306/1 743/743/1 742/742/1
f 306/306/1 888/888/1 743/743/1
f 868/868/1 888/888/1 306/306/1
f 693/693/1 750/750/1 307/307/1
f 307/307/1 802/802/1 693/693/1
f 307/307/1 750/750/1 749/749/1
f 308/308/1 310/310/1 309/309/1
f 308/308/1 724/724/1 310/310/1
f 308/308/1 789/789/1 724/724/1
f 310/310/1 325/325/1 309/309/1
f 325/325/1 351/351/1 309/309/1
f 351/351/1 812/812/1 309/309/1
f 310/310/1 326/326/1 325/325/1
f 310/310/1 430/430/1 326/326/1
f 310/310/1 724/724/1 430/430/1
f 311/311/1 720/720/1 652/652/1
f 652/652/1 855/855/1 311/311/1
f 311/311/1 855/855/1 827/827/1
f 651/651/1 720/720/1 312/312/1
f 312/312/1 803/803/1 651/651/1
f 312/312/1 863/863/1 803/803/1
f 313/313/1 336/336/1 314/314/1
f 313/313/1 494/494/1 336/336/1
f 313/313/1 827/827/1 494/494/1
f 336/336/1 337/337/1 314/314/1
f 337/337/1 338/338/1 314/314/1
f 338/338/1 696/696/1 314/314/1
f 315/315/1 661/661/1 316/316/1
f 315/315/1 885/885/1 661/661/1
f 732/732/1 885/885/1 315/315/1
f 316/316/1 322/322/1 321/321/1
f 316/316/1 440/440/1 322/322/1
f 316/316/1 661/661/1 440/440/1
f 328/328/1 352/352/1 317/317/1
f 352/352/1 381/381/1 317/317/1
f 381/381/1 839/839/1 317/317/1
f 318/318/1 785/785/1 779/779/1
f 318/318/1 866/866/1 785/785/1
f 848/848/1 866/866/1 318/318/1
f 319/319/1 386/386/1 320/320/1
f 319/319/1 462/462/1 386/386/1
f 319/319/1 779/779/1 462/462/1
f 386/386/1 387/387/1 320/320/1
f 387/387/1 488/488/1 320/320/1
f 488/488/1 770/770/1 320/320/1
f 322/322/1 390/390/1 321/321/1
f 390/390/1 806/806/1 321/321/1
f 321/321/1 806/806/1 768/768/1
f 322/322/1 391/391/1 390/390/1
f 322/322/1 897/897/1 391/391/1
f 440/440/1 897/897/1 322/322/1
f 323/323/1 388/388/1 324/324/1
f 323/323/1 469/469/1 388/388/1
f 323/323/1 768/768/1 469/469/1
f 324/324/1 369/369/1 368/368/1
f 324/324/1 805/805/1 369/369/1
f 388/388/1 805/805/1 324/324/1
f 326/326/1 360/360/1 325/325/1
f 325/325/1 925/925/1 351/351/1
f 360/360/1 925/925/1 325/325/1
f 326/326/1 361/361/1 360/360/1
f 326/326/1 721/721/1 361/361/1
f 430/430/1 721/721/1 326/326/1
f 353/353/1 356/356/1 327/327/1
f 356/356/1 650/650/1 327/327/1
f 650/650/1 698/698/1 327/327/1
f 328/328/1 359/359/1 352/352/1
f 328/328/1 362/362/1 359/359/1
f 328/328/1 698/698/1 362/362/1
f 329/329/1 630/630/1 620/620/1
f 620/620/1 677/677/1 329/329/1
f 329/329/1 761/761/1 630/630/1
f 330/330/1 393/393/1 358/358/1
f 330/330/1 541/541/1 393/393/1
f 330/330/1 793/793/1 541/541/1
f 331/331/1 364/364/1 332/332/1
f 331/331/1 826/826/1 364/364/1
f 745/745/1 826/826/1 331/331/1
f 364/364/1 366/366/1 332/332/1
f 366/366/1 367/367/1 332/332/1
f 367/367/1 845/845/1 332/332/1
f 333/333/1 824/824/1 786/786/1
f 797/797/1 834/834/1 333/333/1
f 333/333/1 834/834/1 824/824/1
f 334/334/1 718/718/1 654/654/1
f 654/654/1 843/843/1 334/334/1
f 717/717/1 718/718/1 334/334/1
f 728/728/1 881/881/1 335/335/1
f 335/335/1 859/859/1 745/745/1
f 335/335/1 881/881/1 859/859/1
f 336/336/1 681/681/1 337/337/1
f 494/494/1 495/495/1 336/336/1
f 495/495/1 681/681/1 336/336/1
f 337/337/1 339/339/1 338/338/1
f 337/337/1 439/439/1 339/339/1
f 337/337/1 681/681/1 439/439/1
f 339/339/1 340/340/1 338/338/1
f 340/340/1 422/422/1 338/338/1
f 422/422/1 696/696/1 338/338/1
f 339/339/1 341/341/1 340/340/1
f 339/339/1 684/684/1 341/341/1
f 439/439/1 684/684/1 339/339/1
f 341/341/1 342/342/1 340/340/1
f 342/342/1 823/823/1 340/340/1
f 340/340/1 823/823/1 422/422/1
f 341/341/1 343/343/1 342/342/1
f 341/341/1 775/775/1 343/343/1
f 684/684/1 775/775/1 341/341/1
f 343/343/1 344/344/1 342/342/1
f 344/344/1 345/345/1 342/342/1
f 345/345/1 823/823/1 342/342/1
f 343/343/1 348/348/1 344/344/1
f 343/343/1 382/382/1 348/348/1
f 343/343/1 775/775/1 382/382/1
f 344/344/1 346/346/1 345/345/1
f 344/344/1 757/757/1 346/346/1
f 348/348/1 757/757/1 344/344/1
f 346/346/1 347/347/1 345/345/1
f 347/347/1 700/700/1 345/345/1
f 700/700/1 823/823/1 345/345/1
f 346/346/1 349/349/1 347/347/1
f 346/346/1 822/822/1 349/349/1
f 757/757/1 822/822/1 346/346/1
f 349/349/1 350/350/1 347/347/1
f 350/350/1 424/424/1 347/347/1
f 424/424/1 700/700/1 347/347/1
f 382/382/1 383/383/1 348/348/1
f 383/383/1 384/384/1 348/348/1
f 384/384/1 757/757/1 348/348/1
f 349/349/1 385/385/1 350/350/1
f 349/349/1 450/450/1 385/385/1
f 349/349/1 822/822/1 450/450/1
f 385/385/1 758/758/1 350/350/1
f 350/350/1 836/836/1 424/424/1
f 758/758/1 836/836/1 350/350/1
f 800/800/1 812/812/1 351/351/1
f 351/351/1 926/926/1 800/800/1
f 925/925/1 926/926/1 351/351/1
f 359/359/1 840/840/1 352/352/1
f 352/352/1 442/442/1 381/381/1
f 352/352/1 840/840/1 442/442/1
f 353/353/1 853/853/1 356/356/1
f 786/786/1 854/854/1 353/353/1
f 353/353/1 854/854/1 853/853/1
f 354/354/1 431/431/1 355/355/1
f 354/354/1 501/501/1 431/431/1
f 354/354/1 780/780/1 501/501/1
f 431/431/1 432/432/1 355/355/1
f 432/432/1 433/433/1 355/355/1
f 433/433/1 701/701/1 355/355/1
f 356/356/1 675/675/1 650/650/1
f 356/356/1 729/729/1 675/675/1
f 356/356/1 853/853/1 729/729/1
f 621/621/1 623/623/1 357/357/1
f 357/357/1 677/677/1 621/621/1
f 623/623/1 804/804/1 357/357/1
f 393/393/1 811/811/1 358/358/1
f 358/358/1 427/427/1 426/426/1
f 358/358/1 811/811/1 427/427/1
f 362/362/1 452/452/1 359/359/1
f 452/452/1 510/510/1 359/359/1
f 510/510/1 840/840/1 359/359/1
f 361/361/1 392/392/1 360/360/1
f 392/392/1 441/441/1 360/360/1
f 441/441/1 925/925/1 360/360/1
f 361/361/1 428/428/1 392/392/1
f 361/361/1 429/429/1 428/428/1
f 361/361/1 721/721/1 429/429/1
f 362/362/1 453/453/1 452/452/1
f 362/362/1 458/458/1 453/453/1
f 362/362/1 698/698/1 458/458/1
f 746/746/1 747/747/1 363/363/1
f 747/747/1 905/905/1 363/363/1
f 363/363/1 905/905/1 867/867/1
f 364/364/1 459/459/1 366/366/1
f 364/364/1 460/460/1 459/459/1
f 364/364/1 826/826/1 460/460/1
f 365/365/1 819/819/1 818/818/1
f 365/365/1 875/875/1 819/819/1
f 820/820/1 875/875/1 365/365/1
f 366/366/1 456/456/1 367/367/1
f 366/366/1 825/825/1 456/456/1
f 459/459/1 825/825/1 366/366/1
f 456/456/1 474/474/1 367/367/1
f 474/474/1 475/475/1 367/367/1
f 475/475/1 845/845/1 367/367/1
f 369/369/1 370/370/1 368/368/1
f 370/370/1 841/841/1 368/368/1
f 368/368/1 841/841/1 714/714/1
f 369/369/1 371/371/1 370/370/1
f 369/369/1 389/389/1 371/371/1
f 369/369/1 805/805/1 389/389/1
f 371/371/1 372/372/1 370/370/1
f 372/372/1 468/468/1 370/370/1
f 468/468/1 841/841/1 370/370/1
f 371/371/1 373/373/1 372/372/1
f 371/371/1 790/790/1 373/373/1
f 389/389/1 790/790/1 371/371/1
f 373/373/1 374/374/1 372/372/1
f 374/374/1 782/782/1 372/372/1
f 372/372/1 782/782/1 468/468/1
f 373/373/1 375/375/1 374/374/1
f 373/373/1 376/376/1 375/375/1
f 373/373/1 790/790/1 376/376/1
f 375/375/1 377/377/1 374/374/1
f 377/377/1 378/378/1 374/374/1
f 378/378/1 782/782/1 374/374/1
f 376/376/1 379/379/1 375/375/1
f 375/375/1 771/771/1 377/377/1
f 379/379/1 771/771/1 375/375/1
f 376/376/1 444/444/1 379/379/1
f 376/376/1 487/487/1 444/444/1
f 376/376/1 790/790/1 487/487/1
f 377/377/1 394/394/1 378/378/1
f 377/377/1 396/396/1 394/394/1
f 377/377/1 771/771/1 396/396/1
f 394/394/1 395/395/1 378/378/1
f 395/395/1 397/397/1 378/378/1
f 397/397/1 782/782/1 378/378/1
f 444/444/1 445/445/1 379/379/1
f 445/445/1 461/461/1 379/379/1
f 461/461/1 771/771/1 379/379/1
f 725/725/1 789/789/1 380/380/1
f 380/380/1 880/880/1 725/725/1
f 774/774/1 880/880/1 380/380/1
f 442/442/1 443/443/1 381/381/1
f 443/443/1 549/549/1 381/381/1
f 549/549/1 839/839/1 381/381/1
f 382/382/1 505/505/1 383/383/1
f 382/382/1 506/506/1 505/505/1
f 382/382/1 775/775/1 506/506/1
f 383/383/1 449/449/1 384/384/1
f 383/383/1 842/842/1 449/449/1
f 505/505/1 842/842/1 383/383/1
f 449/449/1 454/454/1 384/384/1
f 454/454/1 539/539/1 384/384/1
f 539/539/1 757/757/1 384/384/1
f 450/450/1 451/451/1 385/385/1
f 451/451/1 524/524/1 385/385/1
f 524/524/1 758/758/1 385/385/1
f 386/386/1 706/706/1 387/387/1
f 462/462/1 463/463/1 386/386/1
f 463/463/1 706/706/1 386/386/1
f 387/387/1 502/502/1 488/488/1
f 387/387/1 503/503/1 502/502/1
f 387/387/1 706/706/1 503/503/1
f 469/469/1 470/470/1 388/388/1
f 470/470/1 489/489/1 388/388/1
f 489/489/1 805/805/1 388/388/1
f 618/618/1 790/790/1 389/389/1
f 389/389/1 917/917/1 618/618/1
f 805/805/1 917/917/1 389/389/1
f 391/391/1 511/511/1 390/390/1
f 511/511/1 784/784/1 390/390/1
f 784/784/1 806/806/1 390/390/1
f 391/391/1 901/901/1 511/511/1
f 897/897/1 900/900/1 391/391/1
f 900/900/1 901/901/1 391/391/1
f 428/428/1 446/446/1 392/392/1
f 392/392/1 844/844/1 441/441/1
f 446/446/1 844/844/1 392/392/1
f 541/541/1 542/542/1 393/393/1
f 542/542/1 543/543/1 393/393/1
f 543/543/1 811/811/1 393/393/1
f 394/394/1 778/778/1 395/395/1
f 396/396/1 557/557/1 394/394/1
f 557/557/1 778/778/1 394/394/1
f 395/395/1 398/398/1 397/397/1
f 395/395/1 399/399/1 398/398/1
f 395/395/1 778/778/1 399/399/1
f 396/396/1 558/558/1 557/557/1
f 396/396/1 703/703/1 558/558/1
f 396/396/1 771/771/1 703/703/1
f 398/398/1 807/807/1 397/397/1
f 397/397/1 783/783/1 782/782/1
f 397/397/1 807/807/1 783/783/1
f 399/399/1 400/400/1 398/398/1
f 400/400/1 401/401/1 398/398/1
f 401/401/1 807/807/1 398/398/1
f 399/399/1 647/647/1 400/400/1
f 399/399/1 648/648/1 647/647/1
f 399/399/1 778/778/1 648/648/1
f 400/400/1 402/402/1 401/401/1
f 400/400/1 403/403/1 402/402/1
f 400/400/1 647/647/1 403/403/1
f 402/402/1 852/852/1 401/401/1
f 666/666/1 807/807/1 401/401/1
f 401/401/1 852/852/1 666/666/1
f 403/403/1 404/404/1 402/402/1
f 404/404/1 405/405/1 402/402/1
f 405/405/1 852/852/1 402/402/1
f 403/403/1 678/678/1 404/404/1
f 647/647/1 649/649/1 403/403/1
f 649/649/1 678/678/1 403/403/1
f 404/404/1 406/406/1 405/405/1
f 404/404/1 407/407/1 406/406/1
f 404/404/1 678/678/1 407/407/1
f 406/406/1 762/762/1 405/405/1
f 762/762/1 860/860/1 405/405/1
f 405/405/1 860/860/1 852/852/1
f 407/407/1 408/408/1 406/406/1
f 408/408/1 410/410/1 406/406/1
f 410/410/1 762/762/1 406/406/1
f 407/407/1 759/759/1 408/408/1
f 678/678/1 679/679/1 407/407/1
f 679/679/1 759/759/1 407/407/1
f 408/408/1 411/411/1 410/410/1
f 408/408/1 412/412/1 411/411/1
f 408/408/1 759/759/1 412/412/1
f 423/423/1 457/457/1 409/409/1
f 457/457/1 523/523/1 409/409/1
f 523/523/1 765/765/1 409/409/1
f 411/411/1 816/816/1 410/410/1
f 410/410/1 865/865/1 762/762/1
f 816/816/1 865/865/1 410/410/1
f 412/412/1 413/413/1 411/411/1
f 413/413/1 414/414/1 411/411/1
f 414/414/1 816/816/1 411/411/1
f 412/412/1 953/953/1 413/413/1
f 759/759/1 919/919/1 412/412/1
f 919/919/1 953/953/1 412/412/1
f 413/413/1 415/415/1 414/414/1
f 413/413/1 416/416/1 415/415/1
f 413/413/1 953/953/1 416/416/1
f 415/415/1 815/815/1 414/414/1
f 815/815/1 884/884/1 414/414/1
f 414/414/1 884/884/1 816/816/1
f 416/416/1 417/417/1 415/415/1
f 417/417/1 418/418/1 415/415/1
f 418/418/1 815/815/1 415/415/1
f 416/416/1 952/952/1 417/417/1
f 416/416/1 711/711/1 710/710/1
f 710/710/1 952/952/1 416/416/1
f 416/416/1 953/953/1 711/711/1
f 417/417/1 419/419/1 418/418/1
f 417/417/1 420/420/1 419/419/1
f 417/417/1 952/952/1 420/420/1
f 419/419/1 525/525/1 418/418/1
f 525/525/1 526/526/1 418/418/1
f 526/526/1 815/815/1 418/418/1
f 420/420/1 421/421/1 419/419/1
f 421/421/1 631/631/1 419/419/1
f 419/419/1 631/631/1 525/525/1
f 420/420/1 447/447/1 421/421/1
f 420/420/1 509/509/1 447/447/1
f 420/420/1 952/952/1 509/509/1
f 447/447/1 448/448/1 421/421/1
f 448/448/1 455/455/1 421/421/1
f 455/455/1 631/631/1 421/421/1
f 422/422/1 830/830/1 696/696/1
f 823/823/1 831/831/1 422/422/1
f 422/422/1 831/831/1 830/830/1
f 423/423/1 544/544/1 457/457/1
f 423/423/1 639/639/1 544/544/1
f 423/423/1 773/773/1 639/639/1
f 424/424/1 772/772/1 700/700/1
f 424/424/1 849/849/1 772/772/1
f 836/836/1 849/849/1 424/424/1
f 733/733/1 734/734/1 425/425/1
f 734/734/1 735/735/1 425/425/1
f 735/735/1 797/797/1 425/425/1
f 427/427/1 535/535/1 426/426/1
f 535/535/1 537/537/1 426/426/1
f 537/537/1 773/773/1 426/426/1
f 427/427/1 536/536/1 535/535/1
f 427/427/1 538/538/1 536/536/1
f 427/427/1 811/811/1 538/538/1
f 429/429/1 546/546/1 428/428/1
f 428/428/1 645/645/1 446/446/1
f 546/546/1 645/645/1 428/428/1
f 429/429/1 547/547/1 546/546/1
f 429/429/1 548/548/1 547/547/1
f 429/429/1 721/721/1 548/548/1
f 430/430/1 722/722/1 721/721/1
f 430/430/1 723/723/1 722/722/1
f 430/430/1 724/724/1 723/723/1
f 431/431/1 500/500/1 432/432/1
f 431/431/1 886/886/1 500/500/1
f 501/501/1 886/886/1 431/431/1
f 432/432/1 434/434/1 433/433/1
f 432/432/1 713/713/1 434/434/1
f 500/500/1 713/713/1 432/432/1
f 434/434/1 435/435/1 433/433/1
f 435/435/1 795/795/1 433/433/1
f 433/433/1 795/795/1 701/701/1
f 434/434/1 436/436/1 435/435/1
f 434/434/1 498/498/1 436/436/1
f 434/434/1 713/713/1 498/498/1
f 436/436/1 437/437/1 435/435/1
f 437/437/1 438/438/1 435/435/1
f 438/438/1 795/795/1 435/435/1
f 436/436/1 872/872/1 437/437/1
f 498/498/1 499/499/1 436/436/1
f 499/499/1 872/872/1 436/436/1
f 437/437/1 518/518/1 438/438/1
f 437/437/1 520/520/1 518/518/1
f 437/437/1 872/872/1 520/520/1
f 518/518/1 519/519/1 438/438/1
f 519/519/1 521/521/1 438/438/1
f 521/521/1 795/795/1 438/438/1
f 681/681/1 682/682/1 439/439/1
f 682/682/1 683/683/1 439/439/1
f 683/683/1 684/684/1 439/439/1
f 661/661/1 890/890/1 440/440/1
f 890/890/1 896/896/1 440/440/1
f 896/896/1 897/897/1 440/440/1
f 615/615/1 925/925/1 441/441/1
f 441/441/1 930/930/1 615/615/1
f 844/844/1 930/930/1 441/441/1
f 442/442/1 569/569/1 443/443/1
f 442/442/1 619/619/1 569/569/1
f 442/442/1 840/840/1 619/619/1
f 443/443/1 550/550/1 549/549/1
f 443/443/1 916/916/1 550/550/1
f 569/569/1 916/916/1 443/443/1
f 444/444/1 604/604/1 445/445/1
f 487/487/1 512/512/1 444/444/1
f 512/512/1 604/604/1 444/444/1
f 445/445/1 513/513/1 461/461/1
f 445/445/1 578/578/1 513/513/1
f 445/445/1 604/604/1 578/578/1
f 446/446/1 645/645/1 644/644/1
f 644/644/1 646/646/1 446/446/1
f 646/646/1 844/844/1 446/446/1
f 447/447/1 838/838/1 448/448/1
f 509/509/1 586/586/1 447/447/1
f 586/586/1 838/838/1 447/447/1
f 448/448/1 465/465/1 455/455/1
f 448/448/1 466/466/1 465/465/1
f 448/448/1 838/838/1 466/466/1
f 449/449/1 587/587/1 454/454/1
f 449/449/1 588/588/1 587/587/1
f 449/449/1 842/842/1 588/588/1
f 450/450/1 653/653/1 451/451/1
f 450/450/1 851/851/1 653/653/1
f 822/822/1 851/851/1 450/450/1
f 451/451/1 561/561/1 524/524/1
f 451/451/1 562/562/1 561/561/1
f 451/451/1 653/653/1 562/562/1
f 453/453/1 715/715/1 452/452/1
f 452/452/1 514/514/1 510/510/1
f 452/452/1 715/715/1 514/514/1
f 458/458/1 559/559/1 453/453/1
f 559/559/1 563/563/1 453/453/1
f 563/563/1 715/715/1 453/453/1
f 454/454/1 540/540/1 539/539/1
f 454/454/1 607/607/1 540/540/1
f 587/587/1 607/607/1 454/454/1
f 465/465/1 633/633/1 455/455/1
f 455/455/1 632/632/1 631/631/1
f 455/455/1 633/633/1 632/632/1
f 456/456/1 637/637/1 474/474/1
f 456/456/1 882/882/1 637/637/1
f 825/825/1 882/882/1 456/456/1
f 457/457/1 760/760/1 523/523/1
f 544/544/1 545/545/1 457/457/1
f 545/545/1 760/760/1 457/457/1
f 458/458/1 560/560/1 559/559/1
f 458/458/1 650/650/1 560/560/1
f 458/458/1 698/698/1 650/650/1
f 460/460/1 516/516/1 459/459/1
f 516/516/1 655/655/1 459/459/1
f 655/655/1 825/825/1 459/459/1
f 460/460/1 670/670/1 516/516/1
f 460/460/1 671/671/1 670/670/1
f 460/460/1 826/826/1 671/671/1
f 513/513/1 584/584/1 461/461/1
f 584/584/1 703/703/1 461/461/1
f 703/703/1 771/771/1 461/461/1
f 462/462/1 464/464/1 463/463/1
f 462/462/1 785/785/1 464/464/1
f 779/779/1 785/785/1 462/462/1
f 464/464/1 575/575/1 463/463/1
f 575/575/1 616/616/1 463/463/1
f 616/616/1 706/706/1 463/463/1
f 464/464/1 576/576/1 575/575/1
f 464/464/1 858/858/1 576/576/1
f 785/785/1 858/858/1 464/464/1
f 466/466/1 467/467/1 465/465/1
f 467/467/1 657/657/1 465/465/1
f 465/465/1 657/657/1 633/633/1
f 466/466/1 507/507/1 467/467/1
f 466/466/1 585/585/1 507/507/1
f 466/466/1 838/838/1 585/585/1
f 507/507/1 508/508/1 467/467/1
f 508/508/1 630/630/1 467/467/1
f 630/630/1 657/657/1 467/467/1
f 468/468/1 783/783/1 667/667/1
f 667/667/1 841/841/1 468/468/1
f 782/782/1 783/783/1 468/468/1
f 469/469/1 491/491/1 470/470/1
f 469/469/1 806/806/1 491/491/1
f 768/768/1 806/806/1 469/469/1
f 470/470/1 570/570/1 489/489/1
f 491/491/1 601/601/1 470/470/1
f 470/470/1 601/601/1 570/570/1
f 471/471/1 718/718/1 717/717/1
f 471/471/1 847/847/1 718/718/1
f 810/810/1 847/847/1 471/471/1
f 636/636/1 862/862/1 472/472/1
f 694/694/1 802/802/1 472/472/1
f 472/472/1 862/862/1 694/694/1
f 473/473/1 726/726/1 662/662/1
f 473/473/1 882/882/1 726/726/1
f 828/828/1 882/882/1 473/473/1
f 474/474/1 476/476/1 475/475/1
f 474/474/1 861/861/1 476/476/1
f 637/637/1 861/861/1 474/474/1
f 476/476/1 477/477/1 475/475/1
f 477/477/1 656/656/1 475/475/1
f 656/656/1 845/845/1 475/475/1
f 476/476/1 478/478/1 477/477/1
f 476/476/1 517/517/1 478/478/1
f 476/476/1 861/861/1 517/517/1
f 478/478/1 479/479/1 477/477/1
f 479/479/1 817/817/1 477/477/1
f 477/477/1 817/817/1 656/656/1
f 478/478/1 480/480/1 479/479/1
f 478/478/1 638/638/1 480/480/1
f 517/517/1 638/638/1 478/478/1
f 480/480/1 481/481/1 479/479/1
f 481/481/1 482/482/1 479/479/1
f 482/482/1 817/817/1 479/479/1
f 480/480/1 695/695/1 481/481/1
f 638/638/1 737/737/1 480/480/1
f 480/480/1 737/737/1 695/695/1
f 481/481/1 483/483/1 482/482/1
f 481/481/1 484/484/1 483/483/1
f 481/481/1 695/695/1 484/484/1
f 483/483/1 485/485/1 482/482/1
f 485/485/1 492/492/1 482/482/1
f 492/492/1 817/817/1 482/482/1
f 484/484/1 688/688/1 483/483/1
f 483/483/1 497/497/1 485/485/1
f 483/483/1 688/688/1 497/497/1
f 484/484/1 689/689/1 688/688/1
f 484/484/1 690/690/1 689/689/1
f 484/484/1 695/695/1 690/690/1
f 485/485/1 493/493/1 492/492/1
f 485/485/1 832/832/1 493/493/1
f 497/497/1 832/832/1 485/485/1
f 486/486/1 880/880/1 748/748/1
f 788/788/1 892/892/1 486/486/1
f 486/486/1 892/892/1 880/880/1
f 487/487/1 564/564/1 512/512/1
f 487/487/1 618/618/1 564/564/1
f 487/487/1 790/790/1 618/618/1
f 502/502/1 552/552/1 488/488/1
f 552/552/1 777/777/1 488/488/1
f 488/488/1 777/777/1 770/770/1
f 570/570/1 571/571/1 489/489/1
f 571/571/1 917/917/1 489/489/1
f 489/489/1 917/917/1 805/805/1
f 490/490/1 881/881/1 728/728/1
f 818/818/1 819/819/1 490/490/1
f 819/819/1 881/881/1 490/490/1
f 491/491/1 935/935/1 601/601/1
f 491/491/1 806/806/1 784/784/1
f 784/784/1 935/935/1 491/491/1
f 493/493/1 527/527/1 492/492/1
f 527/527/1 846/846/1 492/492/1
f 492/492/1 846/846/1 817/817/1
f 493/493/1 528/528/1 527/527/1
f 493/493/1 529/529/1 528/528/1
f 493/493/1 832/832/1 529/529/1
f 494/494/1 496/496/1 495/495/1
f 494/494/1 855/855/1 496/496/1
f 827/827/1 855/855/1 494/494/1
f 496/496/1 554/554/1 495/495/1
f 554/554/1 555/555/1 495/495/1
f 555/555/1 681/681/1 495/495/1
f 496/496/1 787/787/1 554/554/1
f 496/496/1 887/887/1 787/787/1
f 855/855/1 887/887/1 496/496/1
f 688/688/1 835/835/1 497/497/1
f 497/497/1 857/857/1 832/832/1
f 835/835/1 857/857/1 497/497/1
f 498/498/1 553/553/1 499/499/1
f 498/498/1 878/878/1 553/553/1
f 713/713/1 878/878/1 498/498/1
f 553/553/1 864/864/1 499/499/1
f 499/499/1 864/864/1 743/743/1
f 743/743/1 872/872/1 499/499/1
f 500/500/1 883/883/1 713/713/1
f 500/500/1 885/885/1 883/883/1
f 500/500/1 886/886/1 885/885/1
f 780/780/1 798/798/1 501/501/1
f 798/798/1 890/890/1 501/501/1
f 501/501/1 890/890/1 886/886/1
f 503/503/1 504/504/1 502/502/1
f 504/504/1 900/900/1 502/502/1
f 502/502/1 900/900/1 552/552/1
f 503/503/1 572/572/1 504/504/1
f 503/503/1 574/574/1 572/572/1
f 503/503/1 706/706/1 574/574/1
f 572/572/1 573/573/1 504/504/1
f 573/573/1 901/901/1 504/504/1
f 504/504/1 901/901/1 900/900/1
f 506/506/1 556/556/1 505/505/1
f 556/556/1 908/908/1 505/505/1
f 505/505/1 908/908/1 842/842/1
f 506/506/1 895/895/1 556/556/1
f 506/506/1 775/775/1 685/685/1
f 685/685/1 895/895/1 506/506/1
f 507/507/1 582/582/1 508/508/1
f 507/507/1 936/936/1 582/582/1
f 585/585/1 936/936/1 507/507/1
f 582/582/1 583/583/1 508/508/1
f 583/583/1 620/620/1 508/508/1
f 620/620/1 630/630/1 508/508/1
f 509/509/1 940/940/1 586/586/1
f 509/509/1 710/710/1 708/708/1
f 708/708/1 940/940/1 509/509/1
f 509/509/1 952/952/1 710/710/1
f 514/514/1 565/565/1 510/510/1
f 565/565/1 566/566/1 510/510/1
f 566/566/1 840/840/1 510/510/1
f 511/511/1 901/901/1 596/596/1
f 596/596/1 961/961/1 511/511/1
f 511/511/1 961/961/1 784/784/1
f 564/564/1 602/602/1 512/512/1
f 602/602/1 608/608/1 512/512/1
f 512/512/1 608/608/1 604/604/1
f 578/578/1 579/579/1 513/513/1
f 579/579/1 922/922/1 513/513/1
f 513/513/1 922/922/1 584/584/1
f 514/514/1 567/567/1 565/565/1
f 514/514/1 923/923/1 567/567/1
f 715/715/1 923/923/1 514/514/1
f 626/626/1 627/627/1 515/515/1
f 515/515/1 804/804/1 626/626/1
f 627/627/1 628/628/1 515/515/1
f 640/640/1 655/655/1 516/516/1
f 516/516/1 753/753/1 640/640/1
f 670/670/1 753/753/1 516/516/1
f 517/517/1 791/791/1 638/638/1
f 517/517/1 799/799/1 791/791/1
f 517/517/1 861/861/1 799/799/1
f 518/518/1 813/813/1 519/519/1
f 520/520/1 634/634/1 518/518/1
f 634/634/1 813/813/1 518/518/1
f 519/519/1 522/522/1 521/521/1
f 519/519/1 654/654/1 522/522/1
f 519/519/1 813/813/1 654/654/1
f 520/520/1 635/635/1 634/634/1
f 520/520/1 888/888/1 635/635/1
f 872/872/1 888/888/1 520/520/1
f 522/522/1 641/641/1 521/521/1
f 641/641/1 642/642/1 521/521/1
f 642/642/1 795/795/1 521/521/1
f 522/522/1 847/847/1 641/641/1
f 654/654/1 718/718/1 522/522/1
f 718/718/1 847/847/1 522/522/1
f 699/699/1 716/716/1 523/523/1
f 523/523/1 760/760/1 699/699/1
f 716/716/1 765/765/1 523/523/1
f 561/561/1 644/644/1 524/524/1
f 644/644/1 645/645/1 524/524/1
f 645/645/1 758/758/1 524/524/1
f 525/525/1 629/629/1 526/526/1
f 525/525/1 876/876/1 629/629/1
f 631/631/1 876/876/1 525/525/1
f 629/629/1 905/905/1 526/526/1
f 526/526/1 899/899/1 815/815/1
f 526/526/1 905/905/1 899/899/1
f 528/528/1 803/803/1 527/527/1
f 803/803/1 863/863/1 527/527/1
f 527/527/1 863/863/1 846/846/1
f 529/529/1 530/530/1 528/528/1
f 530/530/1 531/531/1 528/528/1
f 531/531/1 803/803/1 528/528/1
f 529/529/1 869/869/1 530/530/1
f 832/832/1 856/856/1 529/529/1
f 856/856/1 869/869/1 529/529/1
f 530/530/1 532/532/1 531/531/1
f 530/530/1 894/894/1 532/532/1
f 869/869/1 894/894/1 530/530/1
f 532/532/1 533/533/1 531/531/1
f 533/533/1 651/651/1 531/531/1
f 651/651/1 803/803/1 531/531/1
f 532/532/1 534/534/1 533/533/1
f 532/532/1 898/898/1 534/534/1
f 894/894/1 898/898/1 532/532/1
f 534/534/1 887/887/1 533/533/1
f 533/533/1 652/652/1 651/651/1
f 533/533/1 887/887/1 652/652/1
f 787/787/1 887/887/1 534/534/1
f 534/534/1 906/906/1 787/787/1
f 898/898/1 906/906/1 534/534/1
f 536/536/1 729/729/1 535/535/1
f 535/535/1 853/853/1 537/537/1
f 729/729/1 853/853/1 535/535/1
f 538/538/1 580/580/1 536/536/1
f 580/580/1 581/581/1 536/536/1
f 581/581/1 729/729/1 536/536/1
f 639/639/1 773/773/1 537/537/1
f 537/537/1 854/854/1 639/639/1
f 853/853/1 854/854/1 537/537/1
f 538/538/1 934/934/1 580/580/1
f 811/811/1 821/821/1 538/538/1
f 821/821/1 934/934/1 538/538/1
f 540/540/1 851/851/1 539/539/1
f 539/539/1 822/822/1 757/757/1
f 539/539/1 851/851/1 822/822/1
f 607/607/1 611/611/1 540/540/1
f 611/611/1 928/928/1 540/540/1
f 540/540/1 928/928/1 851/851/1
f 541/541/1 800/800/1 542/542/1
f 793/793/1 812/812/1 541/541/1
f 541/541/1 812/812/1 800/800/1
f 542/542/1 590/590/1 543/543/1
f 542/542/1 591/591/1 590/590/1
f 542/542/1 800/800/1 591/591/1
f 590/590/1 592/592/1 543/543/1
f 592/592/1 821/821/1 543/543/1
f 543/543/1 821/821/1 811/811/1
f 544/544/1 834/834/1 545/545/1
f 639/639/1 824/824/1 544/544/1
f 824/824/1 834/834/1 544/544/1
f 735/735/1 794/794/1 545/545/1
f 545/545/1 834/834/1 735/735/1
f 545/545/1 794/794/1 760/760/1
f 547/547/1 836/836/1 546/546/1
f 546/546/1 758/758/1 645/645/1
f 546/546/1 836/836/1 758/758/1
f 548/548/1 551/551/1 547/547/1
f 551/551/1 849/849/1 547/547/1
f 547/547/1 849/849/1 836/836/1
f 548/548/1 891/891/1 551/551/1
f 721/721/1 722/722/1 548/548/1
f 722/722/1 891/891/1 548/548/1
f 550/550/1 866/866/1 549/549/1
f 549/549/1 848/848/1 839/839/1
f 549/549/1 866/866/1 848/848/1
f 610/610/1 858/858/1 550/550/1
f 550/550/1 916/916/1 610/610/1
f 858/858/1 866/866/1 550/550/1
f 814/814/1 850/850/1 551/551/1
f 551/551/1 891/891/1 814/814/1
f 551/551/1 850/850/1 849/849/1
f 552/552/1 896/896/1 777/777/1
f 552/552/1 897/897/1 896/896/1
f 552/552/1 900/900/1 897/897/1
f 553/553/1 871/871/1 864/864/1
f 553/553/1 873/873/1 871/871/1
f 553/553/1 878/878/1 873/873/1
f 554/554/1 889/889/1 555/555/1
f 787/787/1 879/879/1 554/554/1
f 879/879/1 889/889/1 554/554/1
f 555/555/1 682/682/1 681/681/1
f 555/555/1 893/893/1 682/682/1
f 889/889/1 893/893/1 555/555/1
f 895/895/1 903/903/1 556/556/1
f 903/903/1 907/907/1 556/556/1
f 907/907/1 908/908/1 556/556/1
f 558/558/1 941/941/1 557/557/1
f 660/660/1 778/778/1 557/557/1
f 557/557/1 941/941/1 660/660/1
f 703/703/1 704/704/1 558/558/1
f 704/704/1 705/705/1 558/558/1
f 705/705/1 941/941/1 558/558/1
f 560/560/1 942/942/1 559/559/1
f 559/559/1 609/609/1 563/563/1
f 559/559/1 942/942/1 609/609/1
f 650/650/1 675/675/1 560/560/1
f 675/675/1 676/676/1 560/560/1
f 676/676/1 942/942/1 560/560/1
f 562/562/1 918/918/1 561/561/1
f 561/561/1 948/948/1 644/644/1
f 918/918/1 948/948/1 561/561/1
f 653/653/1 965/965/1 562/562/1
f 562/562/1 937/937/1 918/918/1
f 562/562/1 965/965/1 937/937/1
f 609/609/1 944/944/1 563/563/1
f 564/564/1 618/618/1 617/617/1
f 567/567/1 598/598/1 565/565/1
f 568/568/1 619/619/1 566/566/1
f 619/619/1 840/840/1 566/566/1
f 567/567/1 923/923/1 606/606/1
f 568/568/1 915/915/1 619/619/1
f 619/619/1 915/915/1 569/569/1
f 570/570/1 601/601/1 600/600/1
f 594/594/1 617/617/1 571/571/1
f 617/617/1 917/917/1 571/571/1
f 574/574/1 599/599/1 572/572/1
f 595/595/1 596/596/1 573/573/1
f 596/596/1 901/901/1 573/573/1
f 574/574/1 706/706/1 616/616/1
f 593/593/1 616/616/1 575/575/1
f 576/576/1 610/610/1 577/577/1
f 576/576/1 858/858/1 610/610/1
f 610/610/1 913/913/1 577/577/1
f 578/578/1 603/603/1 579/579/1
f 605/605/1 922/922/1 579/579/1
f 580/580/1 931/931/1 581/581/1
f 580/580/1 934/934/1 741/741/1
f 581/581/1 676/676/1 675/675/1
f 675/675/1 729/729/1 581/581/1
f 581/581/1 931/931/1 676/676/1
f 582/582/1 929/929/1 583/583/1
f 582/582/1 936/936/1 731/731/1
f 583/583/1 621/621/1 620/620/1
f 583/583/1 622/622/1 621/621/1
f 583/583/1 929/929/1 622/622/1
f 584/584/1 704/704/1 703/703/1
f 838/838/1 947/947/1 585/585/1
f 585/585/1 966/966/1 936/936/1
f 947/947/1 966/966/1 585/585/1
f 586/586/1 947/947/1 838/838/1
f 588/588/1 589/589/1 587/587/1
f 588/588/1 910/910/1 589/589/1
f 842/842/1 909/909/1 588/588/1
f 909/909/1 910/910/1 588/588/1
f 910/910/1 912/912/1 589/589/1
f 912/912/1 945/945/1 589/589/1
f 591/591/1 612/612/1 590/590/1
f 591/591/1 613/613/1 612/612/1
f 591/591/1 926/926/1 613/613/1
f 800/800/1 926/926/1 591/591/1
f 597/597/1 961/961/1 596/596/1
f 927/927/1 958/958/1 597/597/1
f 597/597/1 958/958/1 935/935/1
f 935/935/1 961/961/1 597/597/1
f 935/935/1 958/958/1 601/601/1
f 605/605/1 959/959/1 922/922/1
f 923/923/1 960/960/1 606/606/1
f 607/607/1 950/950/1 611/611/1
f 610/610/1 916/916/1 913/913/1
f 613/613/1 615/615/1 614/614/1
f 613/613/1 926/926/1 615/615/1
f 615/615/1 930/930/1 614/614/1
f 614/614/1 963/963/1 920/920/1
f 930/930/1 963/963/1 614/614/1
f 615/615/1 926/926/1 925/925/1
f 618/618/1 917/917/1 617/617/1
f 621/621/1 677/677/1 620/620/1
f 622/622/1 623/623/1 621/621/1
f 622/622/1 624/624/1 623/623/1
f 622/622/1 625/625/1 624/624/1
f 622/622/1 929/929/1 625/625/1
f 624/624/1 626/626/1 623/623/1
f 626/626/1 804/804/1 623/623/1
f 625/625/1 949/949/1 624/624/1
f 627/627/1 914/914/1 628/628/1
f 627/627/1 951/951/1 914/914/1
f 867/867/1 905/905/1 629/629/1
f 630/630/1 761/761/1 657/657/1
f 632/632/1 876/876/1 631/631/1
f 633/633/1 809/809/1 632/632/1
f 632/632/1 809/809/1 808/808/1
f 808/808/1 876/876/1 632/632/1
f 635/635/1 766/766/1 634/634/1
f 635/635/1 870/870/1 766/766/1
f 868/868/1 870/870/1 635/635/1
f 635/635/1 888/888/1 868/868/1
f 744/744/1 769/769/1 636/636/1
f 769/769/1 862/862/1 636/636/1
f 637/637/1 882/882/1 828/828/1
f 639/639/1 854/854/1 824/824/1
f 641/641/1 847/847/1 643/643/1
f 642/642/1 702/702/1 701/701/1
f 701/701/1 795/795/1 642/642/1
f 643/643/1 847/847/1 810/810/1
f 644/644/1 948/948/1 646/646/1
f 697/697/1 938/938/1 646/646/1
f 646/646/1 948/948/1 697/697/1
f 646/646/1 938/938/1 844/844/1
f 648/648/1 658/658/1 647/647/1
f 647/647/1 658/658/1 649/649/1
f 648/648/1 659/659/1 658/658/1
f 648/648/1 660/660/1 659/659/1
f 648/648/1 778/778/1 660/660/1
f 658/658/1 933/933/1 649/649/1
f 649/649/1 680/680/1 678/678/1
f 649/649/1 933/933/1 680/680/1
f 652/652/1 720/720/1 651/651/1
f 652/652/1 887/887/1 855/855/1
f 851/851/1 928/928/1 653/653/1
f 928/928/1 965/965/1 653/653/1
f 813/813/1 843/843/1 654/654/1
f 726/726/1 825/825/1 655/655/1
f 817/817/1 846/846/1 656/656/1
f 659/659/1 932/932/1 658/658/1
f 660/660/1 924/924/1 659/659/1
f 924/924/1 932/932/1 659/659/1
f 885/885/1 886/886/1 661/661/1
f 886/886/1 890/890/1 661/661/1
f 664/664/1 666/666/1 663/663/1
f 663/663/1 666/666/1 665/665/1
f 664/664/1 807/807/1 666/666/1
f 667/667/1 783/783/1 664/664/1
f 783/783/1 807/807/1 664/664/1
f 666/666/1 852/852/1 665/665/1
f 665/665/1 860/860/1 668/668/1
f 852/852/1 860/860/1 665/665/1
f 837/837/1 841/841/1 667/667/1
f 668/668/1 860/860/1 669/669/1
f 669/669/1 865/865/1 754/754/1
f 669/669/1 860/860/1 762/762/1
f 762/762/1 865/865/1 669/669/1
f 671/671/1 672/672/1 670/670/1
f 671/671/1 673/673/1 672/672/1
f 671/671/1 859/859/1 673/673/1
f 826/826/1 859/859/1 671/671/1
f 673/673/1 875/875/1 672/672/1
f 672/672/1 875/875/1 674/674/1
f 819/819/1 875/875/1 673/673/1
f 673/673/1 881/881/1 819/819/1
f 859/859/1 881/881/1 673/673/1
f 674/674/1 875/875/1 820/820/1
f 676/676/1 931/931/1 751/751/1
f 678/678/1 680/680/1 679/679/1
f 680/680/1 962/962/1 679/679/1
f 679/679/1 964/964/1 759/759/1
f 679/679/1 962/962/1 921/921/1
f 921/921/1 964/964/1 679/679/1
f 680/680/1 933/933/1 730/730/1
f 730/730/1 962/962/1 680/680/1
f 682/682/1 904/904/1 683/683/1
f 893/893/1 904/904/1 682/682/1
f 683/683/1 685/685/1 684/684/1
f 683/683/1 911/911/1 685/685/1
f 904/904/1 911/911/1 683/683/1
f 685/685/1 775/775/1 684/684/1
f 685/685/1 911/911/1 895/895/1
f 686/686/1 830/830/1 687/687/1
f 829/829/1 830/830/1 686/686/1
f 687/687/1 831/831/1 772/772/1
f 772/772/1 850/850/1 687/687/1
f 830/830/1 831/831/1 687/687/1
f 689/689/1 877/877/1 688/688/1
f 688/688/1 877/877/1 835/835/1
f 690/690/1 691/691/1 689/689/1
f 691/691/1 692/692/1 689/689/1
f 692/692/1 877/877/1 689/689/1
f 690/690/1 693/693/1 691/691/1
f 690/690/1 750/750/1 693/693/1
f 695/695/1 750/750/1 690/690/1
f 691/691/1 902/902/1 692/692/1
f 693/693/1 694/694/1 691/691/1
f 694/694/1 902/902/1 691/691/1
f 692/692/1 833/833/1 781/781/1
f 781/781/1 877/877/1 692/692/1
f 692/692/1 902/902/1 833/833/1
f 693/693/1 802/802/1 694/694/1
f 862/862/1 902/902/1 694/694/1
f 737/737/1 750/750/1 695/695/1
f 696/696/1 830/830/1 829/829/1
f 772/772/1 831/831/1 700/700/1
f 700/700/1 831/831/1 823/823/1
f 704/704/1 943/943/1 705/705/1
f 707/707/1 940/940/1 708/708/1
f 708/708/1 710/710/1 709/709/1
f 710/710/1 711/711/1 709/709/1
f 711/711/1 712/712/1 709/709/1
f 712/712/1 738/738/1 709/709/1
f 711/711/1 919/919/1 712/712/1
f 711/711/1 953/953/1 919/919/1
f 712/712/1 919/919/1 739/739/1
f 713/713/1 883/883/1 878/878/1
f 714/714/1 841/841/1 837/837/1
f 719/719/1 911/911/1 904/904/1
f 723/723/1 874/874/1 722/722/1
f 874/874/1 891/891/1 722/722/1
f 724/724/1 725/725/1 723/723/1
f 725/725/1 892/892/1 723/723/1
f 723/723/1 892/892/1 874/874/1
f 724/724/1 789/789/1 725/725/1
f 880/880/1 892/892/1 725/725/1
f 726/726/1 882/882/1 825/825/1
f 727/727/1 869/869/1 856/856/1
f 883/883/1 885/885/1 732/732/1
f 733/733/1 801/801/1 734/734/1
f 734/734/1 794/794/1 735/735/1
f 734/734/1 796/796/1 794/794/1
f 734/734/1 801/801/1 796/796/1
f 735/735/1 834/834/1 797/797/1
f 736/736/1 857/857/1 835/835/1
f 749/749/1 750/750/1 737/737/1
f 739/739/1 921/921/1 740/740/1
f 919/919/1 964/964/1 739/739/1
f 739/739/1 964/964/1 921/921/1
f 743/743/1 864/864/1 742/742/1
f 743/743/1 888/888/1 872/872/1
f 745/745/1 859/859/1 826/826/1
f 746/746/1 776/776/1 747/747/1
f 747/747/1 776/776/1 756/756/1
f 756/756/1 899/899/1 747/747/1
f 899/899/1 905/905/1 747/747/1
f 748/748/1 880/880/1 774/774/1
f 879/879/1 906/906/1 752/752/1
f 754/754/1 865/865/1 755/755/1
f 755/755/1 884/884/1 756/756/1
f 755/755/1 865/865/1 816/816/1
f 816/816/1 884/884/1 755/755/1
f 884/884/1 899/899/1 756/756/1
f 759/759/1 964/964/1 919/919/1
f 763/763/1 893/893/1 889/889/1
f 764/764/1 910/910/1 909/909/1
f 767/767/1 898/898/1 894/894/1
f 849/849/1 850/850/1 772/772/1
f 777/777/1 896/896/1 798/798/1
f 784/784/1 961/961/1 935/935/1
f 785/785/1 866/866/1 858/858/1
f 824/824/1 854/854/1 786/786/1
f 787/787/1 906/906/1 879/879/1
f 874/874/1 892/892/1 788/788/1
f 792/792/1 966/966/1 947/947/1
f 798/798/1 896/896/1 890/890/1
f 815/815/1 899/899/1 884/884/1
f 832/832/1 857/857/1 856/856/1
f 908/908/1 909/909/1 842/842/1
f 844/844/1 938/938/1 930/930/1
f 938/938/1 963/963/1 930/930/1
